added_fixed_cost,added_sites,algorithm,budget,budget_index,case_id,central_sites,compute_ratio,compute_used,correction_cost,detection_fraction,environment_id,experiment,final_coverage,final_sites,fixed_cost,fixed_cost_multiplier,information,initial_coverage,initial_sites,local_sites,max_revenue,method,multi_operator_sites,nonrefundable_initial_commitment,operator_0_coverage,operator_1_coverage,operator_2_coverage,planning_error,planning_profit,profile,profit,profit_difference,qualifying_coverage,qualifying_demand,realized_profit,reference_coverage,reference_profit,refund_fraction,regional_sites,removed_sites,revenue,revenue_normalized_profit,revenue_normalized_profit_difference,seed,selected_sites,selected_sites_final,selected_sites_initial,sites,stranded_expenditure,throughput_ratio,throughput_used,topology,total_expenditure,unrecovered_expenditure,unserved_demand,variable_cost,variable_cost_multiplier,no_deployment,individually_affordable_sites,selected_compute_capacity,selected_interface_capacity,compute_utilization,interface_utilization
,,greedy_local_search,3178.14460467704,2,exp3:asymmetric:f0.5:v0.5:r000,1.0,3.0,8100.652643288581,,,hardening:asymmetric:r000,3,,,1517.6073664314033,0.5,catalog/geography,,,3.0,9999.999999999996,Catalog + geography,6.0,,0.4112715602584871,0.6070213489475983,0.7125691765229673,4306.50801173985,7822.1933268879075,moderate,3515.6853151480573,,0.5400435095525722,5400.435095525721,3515.6853151480573,,,,7.0,,5400.4350955257205,0.3515685315148059,,40000,"[""L000"", ""L002"", ""L017"", ""R001"", ""R002"", ""R003"", ""R004"", ""R005"", ""R007"", ""R008"", ""C000""]",,,11.0,216.90748906054068,3.0,5400.4350955257205,asymmetric,1884.7497803776637,,4599.564904474279,367.14241394626015,0.5,0.0,48.0,15226.248407489597,10150.832271659725,0.5320189469195823,0.5320189469195825
,,greedy_local_search,3178.14460467704,2,exp3:asymmetric:f0.5:v0.5:r000,1.0,3.0,14571.085166251089,,,hardening:asymmetric:r000,3,,,1696.6384307524363,0.5,truthful resolved feasibility,,,9.0,9999.999999999996,Current feasibility,14.0,,0.9998416057204644,0.936557714764006,0.9684087750423076,0.0,7298.791477693104,moderate,7298.791477693104,,0.9714056777500726,9714.056777500726,7298.791477693104,,,,5.0,,9714.056777500726,0.7298791477693106,,40000,"[""L001"", ""L002"", ""L003"", ""L009"", ""L014"", ""L015"", ""L022"", ""L024"", ""L032"", ""R000"", ""R001"", ""R002"", ""R004"", ""R007"", ""C001""]",,,15.0,0.0,3.0,9714.056777500726,asymmetric,2415.265299807622,,285.9432224992746,718.6268690551856,0.5,0.0,48.0,15571.65380567129,10381.10253711419,0.9357442278188981,0.9357442278188985
,,greedy_local_search,3160.754947153236,2,exp3:asymmetric:f0.5:v0.5:r001,1.0,3.0,12048.547701899512,,,hardening:asymmetric:r001,3,,,1608.9620473628152,0.5,catalog/geography,,,8.0,10000.0,Catalog + geography,11.0,,0.8154602919787064,0.7741620481318406,0.8266133261170275,1796.6038854548233,7625.101323504658,moderate,5828.497438049835,,0.8032365134599675,8032.365134599675,5828.497438049835,,,,5.0,,8032.365134599675,0.5828497438049836,,40001,"[""L011"", ""L012"", ""L013"", ""L015"", ""L017"", ""L018"", ""L021"", ""L023"", ""R000"", ""R001"", ""R002"", ""R004"", ""R007"", ""C001""]",,,14.0,82.26587088726254,3.0,8032.365134599675,asymmetric,2203.86769654984,,1967.634865400324,594.9056491870249,0.5,0.0,48.0,15410.1652731362,10273.443515424133,0.7818571370485666,0.7818571370485667
,,greedy_local_search,3160.754947153236,2,exp3:asymmetric:f0.5:v0.5:r001,1.0,3.0,14653.939761405967,,,hardening:asymmetric:r001,3,,,1756.0715178445994,0.5,truthful resolved feasibility,,,10.0,10000.0,Current feasibility,14.0,,1.0,0.9340837640773274,1.0,0.0,7242.831495927305,moderate,7242.831495927305,,0.9769293174270646,9769.293174270646,7242.831495927305,,,,5.0,,9769.293174270646,0.7242831495927304,,40001,"[""L008"", ""L009"", ""L010"", ""L011"", ""L012"", ""L013"", ""L015"", ""L017"", ""L021"", ""L026"", ""R000"", ""R001"", ""R002"", ""R004"", ""R005"", ""C001""]",,,16.0,0.0,3.0,9769.293174270644,asymmetric,2526.461678343341,,230.70682572935448,770.3901604987417,0.5,0.0,48.0,16603.475455756612,11068.983637171075,0.8825826737573356,0.8825826737573355
,,greedy_local_search,3133.056593146416,2,exp3:asymmetric:f0.5:v0.5:r002,1.0,3.0,12121.294307635391,,,hardening:asymmetric:r002,3,,,1616.3298979717815,0.5,catalog/geography,,,10.0,10000.000000000002,Catalog + geography,13.0,,0.8090306453534106,0.9057076905731628,0.6351240253302548,1796.690784339019,7617.308278284879,moderate,5820.61749394586,,0.8080862871756926,8080.862871756928,5820.61749394586,,,,4.0,,8080.862871756928,0.5820617493945859,,40002,"[""L004"", ""L007"", ""L015"", ""L017"", ""L019"", ""L022"", ""L026"", ""L027"", ""L030"", ""L032"", ""R004"", ""R006"", ""R007"", ""R008"", ""C001""]",,,15.0,68.81969743990474,3.0,8080.862871756928,asymmetric,2260.2453778110685,,1919.1371282430737,643.9154798392867,0.5,0.0,48.0,15308.65001299139,10205.766675327593,0.7917938092091,0.7917938092091
,,greedy_local_search,3133.056593146416,2,exp3:asymmetric:f0.5:v0.5:r002,0.0,3.0,14644.309088531603,,,hardening:asymmetric:r002,3,,,1646.6506931752874,0.5,truthful resolved feasibility,,,10.0,10000.000000000002,Current feasibility,16.0,,0.9473050501528296,1.0000000000000002,1.0,0.0,7312.83911037267,moderate,7312.83911037267,,0.9762872725687732,9762.872725687736,7312.83911037267,,,,6.0,,9762.872725687736,0.7312839110372669,,40002,"[""L007"", ""L008"", ""L009"", ""L015"", ""L020"", ""L022"", ""L025"", ""L027"", ""L030"", ""L032"", ""R002"", ""R003"", ""R004"", ""R005"", ""R006"", ""R007""]",,,16.0,0.0,3.0,9762.872725687736,asymmetric,2450.033615315065,,237.127274312266,803.3829221397779,0.5,0.0,48.0,15323.695103914126,10215.796735942753,0.9556643478759254,0.9556643478759251
,,greedy_local_search,3160.085619378712,2,exp3:asymmetric:f0.5:v0.5:r003,1.0,3.0,8812.646829088499,,,hardening:asymmetric:r003,3,,,1468.3043673550942,0.5,catalog/geography,,,5.0,10000.000000000002,Catalog + geography,8.0,,0.6273492518674885,0.3811156842369811,0.8590606789129334,3861.669672801863,7832.889444550827,moderate,3971.219771748964,,0.5875097886058999,5875.097886058999,3971.219771748964,,,,6.0,,5875.097886058999,0.3971219771748963,,40003,"[""L005"", ""L006"", ""L020"", ""L031"", ""L034"", ""R000"", ""R001"", ""R002"", ""R005"", ""R006"", ""R008"", ""C000""]",,,12.0,67.79334480602877,3.0,5875.097886058999,asymmetric,1903.8781143100343,,4124.9021139410015,435.5737469549405,0.5,0.0,48.0,15266.109616303549,10177.406410869035,0.5772686722802626,0.5772686722802625
,,greedy_local_search,3160.085619378712,2,exp3:asymmetric:f0.5:v0.5:r003,1.0,3.0,14480.759432933315,,,hardening:asymmetric:r003,3,,,1821.2356739109048,0.5,truthful resolved feasibility,,,8.0,10000.000000000002,Current feasibility,14.0,,0.9785620378646273,0.9486098999884164,0.965087900802632,0.0,7108.782253353721,moderate,7108.782253353721,,0.9653839621955544,9653.839621955543,7108.782253353721,,,,6.0,,9653.839621955543,0.7108782253353719,,40003,"[""L002"", ""L006"", ""L011"", ""L014"", ""L016"", ""L020"", ""L024"", ""L027"", ""R000"", ""R001"", ""R003"", ""R004"", ""R006"", ""R007"", ""C001""]",,,15.0,0.0,3.0,9653.839621955543,asymmetric,2545.057368601824,,346.1603780444558,723.8216946909197,0.5,0.0,48.0,17134.222151330996,11422.814767553999,0.8451366688862757,0.8451366688862757
,,greedy_local_search,3189.1083616392616,2,exp3:asymmetric:f0.5:v0.5:r004,2.0,3.0,10100.006764810883,,,hardening:asymmetric:r004,3,,,1413.1760753191152,0.5,catalog/geography,,,2.0,9999.999999999998,Catalog + geography,8.0,,0.5054252952615993,0.7657657027162263,0.8893720275116336,3068.282740560452,7926.06667271755,moderate,4857.783932157098,,0.6733337843207255,6733.337843207256,4857.783932157098,,,,5.0,,6733.337843207257,0.4857783932157099,,40004,"[""L008"", ""L009"", ""R000"", ""R002"", ""R003"", ""R005"", ""R006"", ""C000"", ""C001""]",,,9.0,0.0,3.0,6733.337843207257,asymmetric,1875.5539110501584,,3266.662156792743,462.3778357310432,0.5,0.0,48.0,15194.36819264581,10129.578795097208,0.6647204172463955,0.6647204172463955
,,greedy_local_search,3189.1083616392616,2,exp3:asymmetric:f0.5:v0.5:r004,1.0,3.0,14056.268695874409,,,hardening:asymmetric:r004,3,,,1695.3664584146331,0.5,truthful resolved feasibility,,,11.0,9999.999999999998,Current feasibility,13.0,,0.9774915609433992,0.8591163191850989,0.9826133279282314,0.0,6913.237558738628,moderate,6913.237558738628,,0.9370845797249608,9370.845797249607,6913.237558738628,,,,4.0,,9370.845797249603,0.6913237558738629,,40004,"[""L006"", ""L007"", ""L009"", ""L013"", ""L015"", ""L020"", ""L022"", ""L024"", ""L025"", ""L030"", ""L032"", ""R000"", ""R003"", ""R006"", ""R007"", ""C001""]",,,16.0,0.0,3.0,9370.845797249607,asymmetric,2457.6082385109776,,629.1542027503941,762.2417800963442,0.5,0.0,48.0,15892.080563979023,10594.720375986017,0.8844825974349977,0.8844825974349977
,,greedy_local_search,3216.051041216963,2,exp3:asymmetric:f0.5:v0.5:r005,1.0,3.0,10191.35753159289,,,hardening:asymmetric:r005,3,,,1455.3096193727006,0.5,catalog/geography,,,4.0,10000.0,Catalog + geography,6.0,,0.7757420016965726,0.5968899081521312,0.6071423341141117,2976.074794926377,7860.142663639478,moderate,4884.067868713101,,0.6794238354395259,6794.238354395259,4884.067868713101,,,,6.0,,6794.23835439526,0.4884067868713101,,40005,"[""L003"", ""L012"", ""L025"", ""L034"", ""R002"", ""R003"", ""R004"", ""R005"", ""R006"", ""R007"", ""C001""]",,,11.0,69.80064594316667,3.0,6794.23835439526,asymmetric,1910.1704856821589,,3205.761645604741,454.8608663094582,0.5,0.0,48.0,15042.761556792015,10028.50770452801,0.6774924599526974,0.6774924599526974
,,greedy_local_search,3216.051041216963,2,exp3:asymmetric:f0.5:v0.5:r005,1.0,3.0,14043.462218913506,,,hardening:asymmetric:r005,3,,,2022.074725522457,0.5,truthful resolved feasibility,,,10.0,10000.0,Current feasibility,15.0,,0.9609264454868092,0.9710232090003348,0.8197789548752616,0.0,6625.653918473436,moderate,6625.653918473436,,0.9362308145942336,9362.308145942336,6625.653918473436,,,,6.0,,9362.308145942336,0.6625653918473435,,40005,"[""L000"", ""L003"", ""L008"", ""L014"", ""L020"", ""L022"", ""L024"", ""L027"", ""L031"", ""L033"", ""R000"", ""R001"", ""R002"", ""R004"", ""R005"", ""R006"", ""C001""]",,,17.0,0.0,3.0,9362.308145942336,asymmetric,2736.654227468902,,637.6918540576638,714.5795019464452,0.5,0.0,48.0,18245.433734687333,12163.622489791558,0.7696973622619208,0.7696973622619204
,,greedy_local_search,3105.939528570514,2,exp3:asymmetric:f0.5:v0.5:r006,1.0,3.0,9383.102745876084,,,hardening:asymmetric:r006,3,,,1462.61349679437,0.5,catalog/geography,,,5.0,9999.999999999998,Catalog + geography,8.0,,0.5437771321358768,0.7855991518660917,0.5294038522206446,3511.7505155389545,7845.245115107059,moderate,4333.494599568105,,0.6255401830584055,6255.401830584056,4333.494599568105,,,,6.0,,6255.401830584055,0.4333494599568105,,40006,"[""L017"", ""L019"", ""L024"", ""L033"", ""L035"", ""R002"", ""R003"", ""R004"", ""R005"", ""R007"", ""R008"", ""C002""]",,,12.0,73.68990950799146,3.0,6255.401830584056,asymmetric,1921.9072310159495,,3744.598169415945,459.2937342215796,0.5,0.0,48.0,15170.175863603872,10113.450575735911,0.6185230039678001,0.6185230039678005
,,greedy_local_search,3105.939528570514,2,exp3:asymmetric:f0.5:v0.5:r006,0.0,3.0,14876.381836427852,,,hardening:asymmetric:r006,3,,,1911.9205108525437,0.5,truthful resolved feasibility,,,13.0,9999.999999999998,Current feasibility,18.0,,1.0,0.9986414914003194,0.961171335525392,0.0,7183.756042655204,moderate,7183.756042655204,,0.99175878909519,9917.5878909519,7183.756042655204,,,,6.0,,9917.5878909519,0.7183756042655205,,40006,"[""L001"", ""L009"", ""L010"", ""L013"", ""L014"", ""L016"", ""L017"", ""L021"", ""L026"", ""L028"", ""L030"", ""L032"", ""L033"", ""R001"", ""R002"", ""R003"", ""R004"", ""R007"", ""R008""]",,,19.0,0.0,3.0,9917.5878909519,asymmetric,2733.831848296698,,82.41210904809728,821.9113374441545,0.5,0.0,48.0,16820.21848098272,11213.47898732181,0.8844345186863888,0.8844345186863888
,,greedy_local_search,3145.357852427541,2,exp3:asymmetric:f0.5:v0.5:r007,0.0,3.0,12193.509562137007,,,hardening:asymmetric:r007,3,,,1573.6570133859277,0.5,catalog/geography,,,7.0,9999.999999999998,Catalog + geography,11.0,,0.715379442143627,1.0,0.7048994425558418,1718.387056699191,7671.234390206014,moderate,5952.847333506823,,0.8129006374758007,8129.006374758006,5952.847333506823,,,,7.0,,8129.006374758006,0.5952847333506824,,40007,"[""L005"", ""L007"", ""L008"", ""L017"", ""L028"", ""L029"", ""L030"", ""R000"", ""R001"", ""R003"", ""R004"", ""R005"", ""R006"", ""R007""]",,,14.0,69.80051474461769,3.0,8129.006374758005,asymmetric,2176.1590412511828,,1870.9936252419943,602.5020278652552,0.5,0.0,48.0,15000.329859800093,10000.219906533393,0.8128827616527833,0.8128827616527835
,,greedy_local_search,3145.357852427541,2,exp3:asymmetric:f0.5:v0.5:r007,1.0,3.0,14886.849026750197,,,hardening:asymmetric:r007,3,,,1796.0351178295432,0.5,truthful resolved feasibility,,,7.0,9999.999999999998,Current feasibility,12.0,,1.0,1.0,0.9622830089167324,0.0,7405.979282990192,moderate,7405.979282990192,,0.9924566017833466,9924.566017833466,7405.979282990192,,,,6.0,,9924.566017833466,0.7405979282990193,,40007,"[""L001"", ""L005"", ""L007"", ""L010"", ""L017"", ""L029"", ""L034"", ""R000"", ""R001"", ""R002"", ""R004"", ""R007"", ""R008"", ""C001""]",,,14.0,0.0,3.0,9924.566017833466,asymmetric,2518.586734843274,,75.43398216653492,722.551617013731,0.5,0.0,48.0,16281.196956042815,10854.13130402854,0.9143583894318592,0.9143583894318595
,,greedy_local_search,3186.473778113356,2,exp3:asymmetric:f0.5:v0.5:r008,2.0,3.0,9097.256170032735,,,hardening:asymmetric:r008,3,,,1543.9990486256922,0.5,catalog/geography,,,3.0,9999.999999999998,Catalog + geography,4.0,,0.7356218413386727,0.3608729239808783,0.7457419633656942,3682.296229295576,7820.167476711134,moderate,4137.871247415559,,0.6064837446688491,6064.837446688491,4137.871247415559,,,,5.0,,6064.837446688489,0.413787124741556,,40008,"[""L002"", ""L013"", ""L030"", ""R001"", ""R004"", ""R005"", ""R006"", ""R007"", ""C001"", ""C002""]",,,10.0,362.5366293271692,3.0,6064.837446688489,asymmetric,1926.966199272929,,3935.162553311509,382.9671506472373,0.5,0.0,48.0,15696.079073184072,10464.052715456048,0.5795878147412573,0.5795878147412572
,,greedy_local_search,3186.473778113356,2,exp3:asymmetric:f0.5:v0.5:r008,1.0,3.0,14833.858190052746,,,hardening:asymmetric:r008,3,,,2202.211131969754,0.5,truthful resolved feasibility,,,13.0,9999.999999999998,Current feasibility,12.0,,1.0,1.0,0.9446193966842488,0.0,6939.146466222396,moderate,6939.146466222396,,0.98892387933685,9889.238793368497,6939.146466222396,,,,6.0,,9889.2387933685,0.6939146466222398,,40008,"[""L007"", ""L008"", ""L011"", ""L013"", ""L017"", ""L018"", ""L019"", ""L021"", ""L022"", ""L023"", ""L030"", ""L031"", ""L032"", ""R001"", ""R002"", ""R004"", ""R005"", ""R006"", ""R008"", ""C001""]",,,20.0,0.0,3.0,9889.2387933685,asymmetric,2950.0923271461024,,110.76120663150238,747.8811951763482,0.5,0.0,48.0,20363.648296010368,13575.765530673576,0.7284479664166555,0.728447966416656
,,greedy_local_search,3182.8115459264554,2,exp3:asymmetric:f0.5:v0.5:r009,0.0,3.0,12905.54222468518,,,hardening:asymmetric:r009,3,,,1620.8963451428322,0.5,catalog/geography,,,10.0,10000.0,Catalog + geography,14.0,,0.9013770384637552,0.8313387515313182,0.8189062565051368,1285.8834563577348,7586.742155223546,moderate,6300.858698865812,,0.8603694816456786,8603.694816456786,6300.858698865812,,,,6.0,,8603.694816456788,0.6300858698865812,,40009,"[""L002"", ""L004"", ""L006"", ""L007"", ""L010"", ""L014"", ""L015"", ""L016"", ""L018"", ""L029"", ""R000"", ""R001"", ""R003"", ""R004"", ""R005"", ""R007""]",,,16.0,0.0,3.0,8603.694816456788,asymmetric,2302.8361175909754,,1396.305183543214,681.9397724481433,0.5,0.0,48.0,15077.665696421416,10051.777130947608,0.8559376819017963,0.8559376819017965
,,greedy_local_search,3182.8115459264554,2,exp3:asymmetric:f0.5:v0.5:r009,1.0,3.0,14773.913164599711,,,hardening:asymmetric:r009,3,,,1563.7052400672317,0.5,truthful resolved feasibility,,,5.0,10000.0,Current feasibility,11.0,,1.0,0.9751853269895552,0.9680633993015167,0.0,7594.857518098657,moderate,7594.857518098657,,0.9849275443066476,9849.275443066475,7594.857518098657,,,,6.0,,9849.275443066475,0.7594857518098658,,40009,"[""L007"", ""L010"", ""L013"", ""L014"", ""L024"", ""R001"", ""R002"", ""R003"", ""R005"", ""R007"", ""R008"", ""C001""]",,,12.0,0.0,3.0,9849.275443066475,asymmetric,2254.4179249678177,,150.72455693352433,690.712684900586,0.5,0.0,48.0,15224.303554578468,10149.53570305231,0.9704163551150877,0.9704163551150881
,,greedy_local_search,3145.9474472763204,2,exp3:asymmetric:f0.5:v0.5:r010,1.0,3.0,8114.891608357921,,,hardening:asymmetric:r010,3,,,1356.1769677821037,0.5,catalog/geography,,,2.0,10000.0,Catalog + geography,6.0,,0.6190224442196005,0.223746772760086,0.9206065176283884,4320.861042175655,7975.1787073166815,moderate,3654.317665141026,,0.5409927738905279,5409.92773890528,3654.317665141026,,,,7.0,,5409.92773890528,0.3654317665141026,,40010,"[""L000"", ""L009"", ""R001"", ""R002"", ""R004"", ""R005"", ""R006"", ""R007"", ""R008"", ""C002""]",,,10.0,0.0,3.0,5409.92773890528,asymmetric,1755.610073764254,,4590.0722610947205,399.4331059821506,0.5,0.0,48.0,15432.37181677764,10288.247877851762,0.5258356722286615,0.5258356722286615
,,greedy_local_search,3145.9474472763204,2,exp3:asymmetric:f0.5:v0.5:r010,1.0,3.0,13394.88843862474,,,hardening:asymmetric:r010,3,,,1638.138742289282,0.5,truthful resolved feasibility,,,10.0,10000.0,Current feasibility,11.0,,0.991071705003786,0.7057437009236538,1.0,0.0,6620.523740048374,moderate,6620.523740048374,,0.8929925625749824,8929.925625749825,6620.523740048374,,,,4.0,,8929.925625749825,0.6620523740048374,,40010,"[""L001"", ""L002"", ""L004"", ""L009"", ""L014"", ""L015"", ""L020"", ""L021"", ""L026"", ""L035"", ""R001"", ""R004"", ""R005"", ""R007"", ""C001""]",,,15.0,0.0,3.0,8929.925625749824,asymmetric,2309.401885701452,,1070.0743742501747,671.2631434121697,0.5,0.0,48.0,16126.802275192202,10751.201516794801,0.8305979207812354,0.8305979207812352
,,greedy_local_search,3167.666805407142,2,exp3:asymmetric:f0.5:v0.5:r011,1.0,3.0,8591.001618161574,,,hardening:asymmetric:r011,3,,,1491.6193139506208,0.5,catalog/geography,,,5.0,10000.000000000002,Catalog + geography,6.0,,0.566576121938142,0.4912748071445613,0.7291400191900559,4005.146296063004,7818.467933891401,moderate,3813.321637828397,,0.5727334412107715,5727.334412107715,3813.321637828397,,,,6.0,,5727.334412107715,0.3813321637828396,,40011,"[""L003"", ""L006"", ""L023"", ""L024"", ""L030"", ""R002"", ""R003"", ""R004"", ""R005"", ""R006"", ""R008"", ""C002""]",,,12.0,422.1479713073751,3.0,5727.334412107715,asymmetric,1914.0127742793184,,4272.665587892284,422.3934603286975,0.5,0.0,48.0,16004.344144359507,10669.562762906344,0.5367918573026527,0.5367918573026523
,,greedy_local_search,3167.666805407142,2,exp3:asymmetric:f0.5:v0.5:r011,1.0,3.0,14736.954902649755,,,hardening:asymmetric:r011,3,,,1736.60938185482,0.5,truthful resolved feasibility,,,11.0,10000.000000000002,Current feasibility,14.0,,0.9946979743242716,0.9567130620877944,1.0,0.0,7344.096272065834,moderate,7344.096272065834,,0.9824636601766502,9824.636601766502,7344.096272065834,,,,4.0,,9824.636601766504,0.7344096272065833,,40011,"[""L001"", ""L004"", ""L006"", ""L007"", ""L012"", ""L014"", ""L019"", ""L022"", ""L028"", ""L030"", ""L033"", ""R001"", ""R002"", ""R003"", ""R008"", ""C001""]",,,16.0,0.0,3.0,9824.636601766504,asymmetric,2480.5403297006696,,175.36339823349593,743.9309478458495,0.5,0.0,48.0,15977.766741831369,10651.844494554252,0.922341347246418,0.9223413472464175
,,greedy_local_search,3192.8536656157503,2,exp3:asymmetric:f0.5:v0.5:r012,1.0,3.0,9287.987900739045,,,hardening:asymmetric:r012,3,,,1512.6774147696249,0.5,catalog/geography,,,3.0,10000.000000000004,Catalog + geography,8.0,,0.5684530773340013,0.5144045020656626,0.916768664296602,3551.4710301976747,7779.283137728536,moderate,4227.812107530862,,0.619199193382603,6191.99193382603,4227.812107530862,,,,7.0,,6191.991933826029,0.422781210753086,,40012,"[""L015"", ""L017"", ""L031"", ""R000"", ""R001"", ""R003"", ""R004"", ""R005"", ""R006"", ""R007"", ""C000""]",,,11.0,0.0,3.0,6191.99193382603,asymmetric,1964.1798262951672,,3808.008066173971,451.5024115255423,0.5,0.0,48.0,15053.7598878046,10035.839925203069,0.6169879133161583,0.6169879133161581
,,greedy_local_search,3192.8536656157503,2,exp3:asymmetric:f0.5:v0.5:r012,1.0,3.0,14738.67424208694,,,hardening:asymmetric:r012,3,,,1618.173428673333,0.5,truthful resolved feasibility,,,5.0,10000.000000000004,Current feasibility,12.0,,1.0,0.950223665159417,1.0,0.0,7501.459539224314,moderate,7501.459539224314,,0.982578282805796,9825.78282805796,7501.459539224314,,,,6.0,,9825.782828057962,0.7501459539224312,,40012,"[""L000"", ""L005"", ""L006"", ""L014"", ""L024"", ""R000"", ""R001"", ""R004"", ""R005"", ""R007"", ""R008"", ""C001""]",,,12.0,0.0,3.0,9825.78282805796,asymmetric,2324.323288833647,,174.21717194204012,706.1498601603139,0.5,0.0,48.0,15442.335585336268,10294.89039022418,0.9544329716602253,0.9544329716602252
,,greedy_local_search,3215.031053233879,2,exp3:asymmetric:f0.5:v0.5:r013,1.0,3.0,11866.677288354937,,,hardening:asymmetric:r013,3,,,1521.9157194428594,0.5,catalog/geography,,,5.0,9999.999999999998,Catalog + geography,8.0,,0.7493578931152527,0.7550996159177492,0.9480795087529326,1927.4047379188287,7818.9681468571425,moderate,5891.563408938314,,0.7911118192236625,7911.118192236623,5891.563408938314,,,,6.0,,7911.118192236624,0.5891563408938315,,40013,"[""L016"", ""L023"", ""L031"", ""L033"", ""L035"", ""R000"", ""R001"", ""R002"", ""R004"", ""R005"", ""R006"", ""C001""]",,,12.0,70.70363349325424,3.0,7911.118192236623,asymmetric,2019.5547832983104,,2088.8818077633755,497.63906385545096,0.5,0.0,48.0,15266.261850077113,10177.507900051405,0.7773138837059181,0.7773138837059184
,,greedy_local_search,3215.031053233879,2,exp3:asymmetric:f0.5:v0.5:r013,1.0,3.0,14300.563526246402,,,hardening:asymmetric:r013,3,,,1583.8116508936257,0.5,truthful resolved feasibility,,,9.0,9999.999999999998,Current feasibility,14.0,,1.0,0.8785253351038659,0.9794351723170356,0.0,7255.455073306254,moderate,7255.455073306254,,0.95337090174976,9533.7090174976,7255.455073306254,,,,4.0,,9533.7090174976,0.7255455073306255,,40013,"[""L001"", ""L009"", ""L015"", ""L016"", ""L020"", ""L023"", ""L026"", ""L032"", ""L033"", ""R001"", ""R004"", ""R005"", ""R007"", ""C001""]",,,14.0,0.0,3.0,9533.7090174976,asymmetric,2278.253944191346,,466.2909825023987,694.44229329772,0.5,0.0,48.0,14696.759966427691,9797.839977618458,0.9730419193695526,0.9730419193695528
,,greedy_local_search,3226.2524599151698,2,exp3:asymmetric:f0.5:v0.5:r014,2.0,3.0,10438.448867991556,,,hardening:asymmetric:r014,3,,,1432.7964722532274,0.5,catalog/geography,,,2.0,10000.0,Catalog + geography,6.0,,0.7781925663878018,0.5929063821543231,0.6909635128545669,2898.948334914957,7983.293127606963,moderate,5084.344792692006,,0.6958965911994373,6958.965911994372,5084.344792692006,,,,5.0,,6958.965911994371,0.5084344792692006,,40014,"[""L010"", ""L019"", ""R000"", ""R003"", ""R006"", ""R007"", ""R008"", ""C001"", ""C002""]",,,9.0,0.0,3.0,6958.965911994372,asymmetric,1874.6211193023648,,3041.034088005628,441.8246470491373,0.5,0.0,48.0,15435.478091339257,10290.318727559508,0.6762633982713175,0.6762633982713174
,,greedy_local_search,3226.2524599151698,2,exp3:asymmetric:f0.5:v0.5:r014,1.0,3.0,14442.36325551051,,,hardening:asymmetric:r014,3,,,1618.8385942535665,0.5,truthful resolved feasibility,,,7.0,10000.0,Current feasibility,13.0,,1.0,0.9888405705467378,0.8336500867133801,0.0,7304.202520906324,moderate,7304.202520906324,,0.9628242170340344,9628.242170340342,7304.202520906324,,,,5.0,,9628.242170340342,0.7304202520906324,,40014,"[""L002"", ""L007"", ""L010"", ""L013"", ""L014"", ""L021"", ""L027"", ""R000"", ""R001"", ""R004"", ""R007"", ""R008"", ""C001""]",,,13.0,0.0,3.0,9628.242170340342,asymmetric,2324.039649434017,,371.75782965965743,705.2010551804512,0.5,0.0,48.0,14802.680675482645,9868.453783655099,0.9756586372515,0.9756586372514998
,,greedy_local_search,3183.9642388539933,2,exp3:asymmetric:f0.5:v0.5:r015,2.0,3.0,11758.276126615314,,,hardening:asymmetric:r015,3,,,1374.7528227027549,0.5,catalog/geography,,,2.0,10000.000000000002,Catalog + geography,7.0,,0.7638395609792004,0.8074731497803272,0.7877083512196636,2027.184459559263,7996.995427496158,moderate,5969.810967936895,,0.7838850751076876,7838.850751076876,5969.810967936895,,,,5.0,,7838.850751076876,0.5969810967936894,,40015,"[""L008"", ""L033"", ""R000"", ""R002"", ""R003"", ""R005"", ""R006"", ""C001"", ""C002""]",,,9.0,0.0,3.0,7838.850751076876,asymmetric,1869.03978313998,,2161.149248923125,494.2869604372252,0.5,0.0,48.0,15971.967275023846,10647.978183349232,0.7361820822787629,0.7361820822787628
,,greedy_local_search,3183.9642388539933,2,exp3:asymmetric:f0.5:v0.5:r015,1.0,3.0,14830.997859888856,,,hardening:asymmetric:r015,3,,,1575.0109205231506,0.5,truthful resolved feasibility,,,5.0,10000.000000000002,Current feasibility,12.0,,1.0,0.9678091161693054,1.0,0.0,7614.676148784283,moderate,7614.676148784283,,0.9887331906592568,9887.331906592568,7614.676148784283,,,,6.0,,9887.33190659257,0.7614676148784282,,40015,"[""L000"", ""L008"", ""L009"", ""L033"", ""L034"", ""R001"", ""R002"", ""R004"", ""R005"", ""R006"", ""R007"", ""C001""]",,,12.0,0.0,3.0,9887.331906592568,asymmetric,2272.655757808287,,112.66809340743112,697.6448372851364,0.5,0.0,48.0,14997.418830313873,9998.27922020925,0.9889033591508003,0.9889033591508
,,greedy_local_search,3191.431769562457,2,exp3:asymmetric:f0.5:v0.5:r016,2.0,3.0,13072.501391610094,,,hardening:asymmetric:r016,3,,,1487.1179032395592,0.5,catalog/geography,,,5.0,10000.000000000004,Catalog + geography,8.0,,0.7778201915512771,0.9646490092328148,0.9192692667222324,1188.632425389961,7871.22508764998,moderate,6682.592662260019,,0.8715000927740064,8715.000927740064,6682.592662260019,,,,4.0,,8715.000927740064,0.6682592662260016,,40016,"[""L008"", ""L016"", ""L017"", ""L025"", ""L030"", ""R000"", ""R002"", ""R004"", ""R007"", ""C000"", ""C001""]",,,11.0,0.0,3.0,8715.000927740064,asymmetric,2032.408265480045,,1284.9990722599364,545.2903622404858,0.5,0.0,48.0,16144.0829214375,10762.721947625003,0.8097394850624375,0.8097394850624374
,,greedy_local_search,3191.431769562457,2,exp3:asymmetric:f0.5:v0.5:r016,2.0,3.0,14762.83608435547,,,hardening:asymmetric:r016,3,,,1530.6686374308742,0.5,truthful resolved feasibility,,,9.0,10000.000000000004,Current feasibility,12.0,,0.9853865770894574,0.9853865770894574,0.979399053093994,0.0,7614.721031584704,moderate,7614.721031584704,,0.9841890722903648,9841.890722903649,7614.721031584704,,,,2.0,,9841.890722903649,0.7614721031584701,,40016,"[""L001"", ""L004"", ""L008"", ""L014"", ""L015"", ""L016"", ""L025"", ""L030"", ""L032"", ""R001"", ""R004"", ""C000"", ""C001""]",,,13.0,0.0,3.0,9841.890722903649,asymmetric,2227.1696913189444,,158.1092770963523,696.5010538880699,0.5,0.0,48.0,15908.880209424176,10605.920139616122,0.9279619866400272,0.9279619866400269
,,greedy_local_search,3139.619133310156,2,exp3:asymmetric:f0.5:v0.5:r017,2.0,3.0,6467.832782183215,,,hardening:asymmetric:r017,3,,,1389.0721984272277,0.5,catalog/geography,,,2.0,9999.999999999998,Catalog + geography,8.0,,0.3768262255698583,0.4516605804203655,0.5176792374599178,5393.534444720843,7991.866020358437,moderate,2598.331575637594,,0.4311888521455477,4311.8885214554775,2598.331575637594,,,,5.0,,4311.8885214554775,0.2598331575637594,,40017,"[""L004"", ""L031"", ""R001"", ""R003"", ""R004"", ""R005"", ""R007"", ""C000"", ""C002""]",,,9.0,286.0901975189432,3.0,4311.8885214554775,asymmetric,1713.5569458178834,,5688.1114785445225,324.4847473906558,0.5,0.0,48.0,15325.683186854721,10217.12212456981,0.4220257396245057,0.4220257396245059
,,greedy_local_search,3139.619133310156,2,exp3:asymmetric:f0.5:v0.5:r017,1.0,3.0,14685.61371274678,,,hardening:asymmetric:r017,3,,,1800.9219418621433,0.5,truthful resolved feasibility,,,12.0,9999.999999999998,Current feasibility,16.0,,0.9907053576624189,1.0,0.9161175161751516,0.0,7203.591244660472,moderate,7203.591244660472,,0.9790409141831188,9790.409141831187,7203.591244660472,,,,4.0,,9790.409141831187,0.7203591244660473,,40017,"[""L003"", ""L006"", ""L007"", ""L009"", ""L015"", ""L016"", ""L026"", ""L027"", ""L030"", ""L032"", ""L033"", ""L034"", ""R001"", ""R002"", ""R004"", ""R008"", ""C001""]",,,17.0,0.0,3.0,9790.409141831187,asymmetric,2586.817897170716,,209.5908581688124,785.8959553085724,0.5,0.0,48.0,16372.925058567807,10915.283372378535,0.8969450272455701,0.8969450272455705
,,greedy_local_search,3122.2820399652,2,exp3:asymmetric:f0.5:v0.5:r018,2.0,3.0,7709.458984882036,,,hardening:asymmetric:r018,3,,,1385.9055860317478,0.5,catalog/geography,,,2.0,10000.000000000002,Catalog + geography,5.0,,0.5910838782918256,0.4792980432454752,0.4011093597911555,4592.089291056303,8014.007313512548,moderate,3421.918022456245,,0.5139639323254691,5139.639323254691,3421.918022456245,,,,5.0,,5139.639323254691,0.3421918022456244,,40018,"[""L007"", ""L028"", ""R001"", ""R004"", ""R006"", ""R007"", ""R008"", ""C000"", ""C002""]",,,9.0,0.0,3.0,5139.63932325469,asymmetric,1717.7213007984456,,4860.360676745311,331.81571476669785,0.5,0.0,48.0,16023.655600664402,10682.4370671096,0.48112984808300374,0.48112984808300374
,,greedy_local_search,3122.2820399652,2,exp3:asymmetric:f0.5:v0.5:r018,1.0,3.0,14256.14252654941,,,hardening:asymmetric:r018,3,,,2028.8511311992077,0.5,truthful resolved feasibility,,,17.0,10000.000000000002,Current feasibility,18.0,,1.0,0.8583128621998873,1.0,0.0,6674.388738782273,moderate,6674.388738782273,,0.9504095017699608,9504.095017699608,6674.388738782273,,,,3.0,,9504.095017699608,0.6674388738782272,,40018,"[""L001"", ""L002"", ""L006"", ""L007"", ""L008"", ""L009"", ""L011"", ""L013"", ""L014"", ""L019"", ""L020"", ""L021"", ""L024"", ""L025"", ""L029"", ""L031"", ""L032"", ""R001"", ""R003"", ""R008"", ""C001""]",,,21.0,0.0,3.0,9504.095017699608,asymmetric,2829.706278917335,,495.9049823003942,800.8551477181275,0.5,0.0,48.0,17840.424888920475,11893.61659261365,0.799092096478205,0.7990920964782052
,,greedy_local_search,3154.233279599062,2,exp3:asymmetric:f0.5:v0.5:r019,0.0,3.0,12209.170586669752,,,hardening:asymmetric:r019,3,,,1616.3915862194654,0.5,catalog/geography,,,8.0,9999.999999999998,Catalog + geography,10.0,,0.8827093379863289,0.6283282666830493,0.9840530517253414,1725.7147423971735,7669.189646014925,moderate,5943.474903617751,,0.8139447057779836,8139.4470577798365,5943.474903617751,,,,7.0,,8139.447057779835,0.5943474903617751,,40019,"[""L000"", ""L002"", ""L018"", ""L019"", ""L025"", ""L031"", ""L034"", ""L035"", ""R000"", ""R001"", ""R003"", ""R004"", ""R005"", ""R007"", ""R008""]",,,15.0,0.0,3.0,8139.447057779836,asymmetric,2195.972154162084,,1860.5529422201648,579.5805679426186,0.5,0.0,48.0,15102.912779700271,10068.60851980018,0.8083984039873434,0.8083984039873436
,,greedy_local_search,3154.233279599062,2,exp3:asymmetric:f0.5:v0.5:r019,0.0,3.0,13221.62606308793,,,hardening:asymmetric:r019,3,,,1661.737857853171,0.5,truthful resolved feasibility,,,8.0,9999.999999999998,Current feasibility,12.0,,0.944907195125235,0.7320957135223987,1.0,0.0,6490.763226701456,moderate,6490.763226701456,,0.8814417375391953,8814.417375391953,6490.763226701456,,,,7.0,,8814.417375391953,0.6490763226701457,,40019,"[""L000"", ""L014"", ""L019"", ""L020"", ""L025"", ""L026"", ""L027"", ""L033"", ""R000"", ""R001"", ""R002"", ""R003"", ""R004"", ""R007"", ""R008""]",,,15.0,0.0,3.0,8814.417375391953,asymmetric,2323.654148690497,,1185.5826246080474,661.9162908373266,0.5,0.0,48.0,15002.352669768337,10001.568446512225,0.88130350979758,0.88130350979758
,,greedy_local_search,3178.14460467704,2,exp3:asymmetric:f0.5:v1.0:r000,1.0,3.0,8100.652643288581,,,hardening:asymmetric:r000,3,,,1517.6073664314033,0.5,catalog/geography,,,3.0,9999.999999999996,Catalog + geography,6.0,,0.4112715602584871,0.6070213489475983,0.7125691765229673,4013.45111900542,7161.9940202072175,moderate,3148.5429012017976,,0.5400435095525722,5400.435095525721,3148.5429012017976,,,,7.0,,5400.435095525721,0.3148542901201798,,40000,"[""L000"", ""L002"", ""L017"", ""R001"", ""R002"", ""R003"", ""R004"", ""R005"", ""R007"", ""R008"", ""C000""]",,,11.0,216.90748906054068,3.0,5400.4350955257205,asymmetric,2251.892194323924,,4599.564904474279,734.2848278925203,1.0,0.0,48.0,15226.248407489597,10150.832271659725,0.5320189469195823,0.5320189469195825
,,greedy_local_search,3178.14460467704,2,exp3:asymmetric:f0.5:v1.0:r000,1.0,3.0,14572.154327637954,,,hardening:asymmetric:r000,3,,,1697.0962947337248,0.5,truthful resolved feasibility,,,7.0,9999.999999999996,Current feasibility,13.0,,1.0,0.936557714764006,0.9684087750423076,0.0,6644.127958881918,moderate,6644.127958881918,,0.9714769551758636,9714.769551758636,6644.127958881918,,,,6.0,,9714.769551758636,0.664412795888192,,40000,"[""L002"", ""L003"", ""L009"", ""L014"", ""L015"", ""L022"", ""L024"", ""R000"", ""R001"", ""R002"", ""R004"", ""R006"", ""R007"", ""C001""]",,,14.0,0.0,3.0,9714.769551758636,asymmetric,3070.641592876718,,285.2304482413637,1373.545298142993,1.0,0.0,48.0,15570.726810065533,10380.484540043684,0.9358686017288504,0.9358686017288509
,,greedy_local_search,3160.754947153236,2,exp3:asymmetric:f0.5:v1.0:r001,1.0,3.0,12266.560678222497,,,hardening:asymmetric:r001,3,,,1631.2873786216508,0.5,catalog/geography,,,6.0,10000.0,Catalog + geography,11.0,,0.872592726184873,0.7741620481318406,0.7707363412608131,1525.355734608307,6857.4726988896255,moderate,5332.116964281318,,0.8177707118814996,8177.707118814997,5332.116964281318,,,,6.0,,8177.707118814997,0.5332116964281318,,40001,"[""L009"", ""L011"", ""L012"", ""L013"", ""L017"", ""L018"", ""R000"", ""R001"", ""R002"", ""R004"", ""R007"", ""R008"", ""C001""]",,,13.0,0.0,3.0,8177.707118814997,asymmetric,2845.5901545336783,,1822.292881185003,1214.3027759120278,1.0,0.0,48.0,15400.362291988557,10266.908194659038,0.7965111758834207,0.7965111758834206
,,greedy_local_search,3160.754947153236,2,exp3:asymmetric:f0.5:v1.0:r001,1.0,3.0,14352.972302353648,,,hardening:asymmetric:r001,3,,,1646.35809861114,0.5,truthful resolved feasibility,,,10.0,10000.0,Current feasibility,15.0,,1.0,0.8767566290197428,1.0,0.0,6411.995230316826,moderate,6411.995230316826,,0.9568648201569098,9568.648201569098,6411.995230316826,,,,4.0,,9568.648201569098,0.6411995230316826,,40001,"[""L008"", ""L009"", ""L010"", ""L011"", ""L013"", ""L015"", ""L016"", ""L019"", ""L022"", ""L030"", ""R000"", ""R002"", ""R004"", ""R005"", ""C001""]",,,15.0,0.0,3.0,9568.648201569098,asymmetric,3156.6529712522724,,431.3517984309007,1510.2948726411323,1.0,0.0,48.0,15115.454894886572,10076.969929924382,0.9495560935588604,0.9495560935588603
,,greedy_local_search,3133.056593146416,2,exp3:asymmetric:f0.5:v1.0:r002,1.0,3.0,13681.498792121787,,,hardening:asymmetric:r002,3,,,1680.6497803339787,0.5,catalog/geography,,,7.0,10000.000000000002,Catalog + geography,13.0,,0.8772290484274967,0.9834623911072224,0.8656750539744219,852.7238258943671,6958.30572483031,moderate,6105.581898935943,,0.9120999194747856,9120.99919474786,6105.581898935943,,,,6.0,,9120.99919474786,0.6105581898935942,,40002,"[""L007"", ""L015"", ""L021"", ""L022"", ""L027"", ""L030"", ""L032"", ""R002"", ""R003"", ""R004"", ""R006"", ""R007"", ""R008"", ""C001""]",,,14.0,0.0,3.0,9120.999194747856,asymmetric,3015.417295811916,,879.000805252143,1334.767515477937,1.0,0.0,48.0,16226.412367314753,10817.608244876505,0.8431622765658756,0.8431622765658753
,,greedy_local_search,3133.056593146416,2,exp3:asymmetric:f0.5:v1.0:r002,0.0,3.0,14345.091329234268,,,hardening:asymmetric:r002,3,,,1635.9792694057774,0.5,truthful resolved feasibility,,,8.0,10000.000000000002,Current feasibility,15.0,,0.9158390779142738,0.9834623911072224,1.0000000000000002,0.0,6432.13445766887,moderate,6432.13445766887,,0.9563394219489508,9563.39421948951,6432.13445766887,,,,7.0,,9563.39421948951,0.6432134457668869,,40002,"[""L007"", ""L009"", ""L014"", ""L015"", ""L022"", ""L025"", ""L030"", ""L032"", ""R000"", ""R001"", ""R002"", ""R003"", ""R004"", ""R006"", ""R007""]",,,15.0,0.0,3.0,9563.39421948951,asymmetric,3131.25976182064,,436.6057805104906,1495.2804924148622,1.0,0.0,48.0,15024.47734461679,10016.31822974453,0.9547813877448494,0.9547813877448489
,,greedy_local_search,3160.085619378712,2,exp3:asymmetric:f0.5:v1.0:r003,1.0,3.0,8846.25281952191,,,hardening:asymmetric:r003,3,,,1485.607074476946,0.5,catalog/geography,,,5.0,10000.000000000002,Catalog + geography,7.0,,0.6686474727605375,0.3444162683336508,0.841565656545538,3568.440054815638,7151.397934582664,moderate,3582.957879767025,,0.5897501879681273,5897.501879681273,3582.957879767025,,,,6.0,,5897.501879681273,0.3582957879767025,,40003,"[""L005"", ""L006"", ""L015"", ""L022"", ""L031"", ""R000"", ""R001"", ""R002"", ""R005"", ""R006"", ""R007"", ""C000""]",,,12.0,67.79334480602877,3.0,5897.501879681273,asymmetric,2314.543999914248,,4102.498120318727,828.9369254373017,1.0,0.0,48.0,15094.917532570194,10063.278355046798,0.5860418117842918,0.5860418117842918
,,greedy_local_search,3160.085619378712,2,exp3:asymmetric:f0.5:v1.0:r003,1.0,3.0,14237.736864345194,,,hardening:asymmetric:r003,3,,,1717.1881211923962,0.5,truthful resolved feasibility,,,7.0,10000.000000000002,Current feasibility,14.0,,0.9524380216159758,0.9359079078151352,0.965087900802632,0.0,6361.83025731822,moderate,6361.83025731822,,0.9491824576230128,9491.824576230129,6361.83025731822,,,,6.0,,9491.824576230129,0.6361830257318218,,40003,"[""L002"", ""L006"", ""L020"", ""L021"", ""L024"", ""L027"", ""L033"", ""R000"", ""R001"", ""R003"", ""R004"", ""R006"", ""R007"", ""C001""]",,,14.0,0.0,3.0,9491.824576230129,asymmetric,3129.9943189119085,,508.1754237698714,1412.8061977195125,1.0,0.0,48.0,16390.176992385328,10926.784661590224,0.8686749917929422,0.8686749917929417
,,greedy_local_search,3189.1083616392616,2,exp3:asymmetric:f0.5:v1.0:r004,2.0,3.0,9185.02971953062,,,hardening:asymmetric:r004,3,,,1434.130632018379,0.5,catalog/geography,,,2.0,9999.999999999998,Catalog + geography,7.0,,0.537513598880902,0.7029948867449807,0.6220299238911278,3405.257702015675,7289.929436656093,moderate,3884.6717346404175,,0.6123353146353747,6123.353146353747,3884.6717346404175,,,,5.0,,6123.3531463537465,0.3884671734640418,,40004,"[""L001"", ""L008"", ""R000"", ""R002"", ""R003"", ""R007"", ""R008"", ""C000"", ""C001""]",,,9.0,0.0,3.0,6123.353146353747,asymmetric,2238.681411713329,,3876.646853646253,804.5507796949498,1.0,0.0,48.0,15276.929473049964,10184.619648699976,0.6012353291107309,0.601235329110731
,,greedy_local_search,3189.1083616392616,2,exp3:asymmetric:f0.5:v1.0:r004,1.0,3.0,13811.84962025609,,,hardening:asymmetric:r004,3,,,1549.5986568867806,0.5,truthful resolved feasibility,,,7.0,9999.999999999998,Current feasibility,12.0,,0.9483424522598016,0.8437441624663535,0.9936270715180242,0.0,6191.137215524047,moderate,6191.137215524047,,0.9207899746837392,9207.899746837393,6191.137215524047,,,,5.0,,9207.899746837393,0.6191137215524048,,40004,"[""L006"", ""L009"", ""L013"", ""L020"", ""L024"", ""L025"", ""L030"", ""R001"", ""R003"", ""R005"", ""R006"", ""R007"", ""C001""]",,,13.0,0.0,3.0,9207.899746837396,asymmetric,3016.762531313346,,792.1002531626061,1467.1638744265651,1.0,0.0,48.0,14713.400318745144,9808.933545830098,0.9387258771624353,0.9387258771624354
,,greedy_local_search,3216.051041216963,2,exp3:asymmetric:f0.5:v1.0:r005,1.0,3.0,10192.555341994184,,,hardening:asymmetric:r005,3,,,1459.3511270891638,0.5,catalog/geography,,,4.0,10000.0,Catalog + geography,6.0,,0.7759194550893568,0.5968899081521312,0.6071423341141117,2747.223166478546,7178.249181798832,moderate,4431.026015320286,,0.6795036894662788,6795.036894662788,4431.026015320286,,,,6.0,,6795.036894662788,0.4431026015320286,,40005,"[""L002"", ""L003"", ""L025"", ""L034"", ""R002"", ""R003"", ""R004"", ""R005"", ""R006"", ""R007"", ""C001""]",,,11.0,69.80064594316667,3.0,6795.036894662788,asymmetric,2364.010879342501,,3204.9631053372123,904.6597522533376,1.0,0.0,48.0,15011.95018183778,10007.966787891855,0.6789627742254072,0.6789627742254069
,,greedy_local_search,3216.051041216963,2,exp3:asymmetric:f0.5:v1.0:r005,1.0,3.0,13589.7249930518,,,hardening:asymmetric:r005,3,,,1789.7467640590785,0.5,truthful resolved feasibility,,,9.0,10000.0,Current feasibility,14.0,,0.9609264454868092,0.9286126678714144,0.7427516598969711,0.0,5882.389924727134,moderate,5882.389924727134,,0.9059816662034534,9059.816662034536,5882.389924727134,,,,5.0,,9059.816662034533,0.5882389924727134,,40005,"[""L003"", ""L008"", ""L014"", ""L020"", ""L022"", ""L024"", ""L027"", ""L031"", ""L033"", ""R000"", ""R001"", ""R002"", ""R004"", ""R005"", ""C001""]",,,15.0,0.0,3.0,9059.816662034533,asymmetric,3177.426737307399,,940.1833379654668,1387.6799732483207,1.0,0.0,48.0,16288.81170780388,10859.207805202586,0.8342981205032309,0.8342981205032309
,,greedy_local_search,3105.939528570514,2,exp3:asymmetric:f0.5:v1.0:r006,2.0,3.0,9761.110580065157,,,hardening:asymmetric:r006,3,,,1506.036735068338,0.5,catalog/geography,,,2.0,9999.999999999998,Catalog + geography,6.0,,0.550337802879257,0.7676895534999553,0.6719867515851352,3051.361008046661,7259.315111097221,moderate,4207.954103050561,,0.650740705337677,6507.40705337677,4207.954103050561,,,,6.0,,6507.40705337677,0.4207954103050561,,40006,"[""L019"", ""L035"", ""R000"", ""R002"", ""R003"", ""R004"", ""R007"", ""R008"", ""C001"", ""C002""]",,,10.0,0.0,3.0,6507.40705337677,asymmetric,2299.452950326209,,3492.592946623229,793.4162152578708,1.0,0.0,48.0,16395.040866470805,10930.02724431387,0.5953697010922018,0.5953697010922018
,,greedy_local_search,3105.939528570514,2,exp3:asymmetric:f0.5:v1.0:r006,1.0,3.0,13930.919046966876,,,hardening:asymmetric:r006,3,,,1707.9869000336034,0.5,truthful resolved feasibility,,,11.0,9999.999999999998,Current feasibility,14.0,,0.9533103504619508,0.982461832382898,0.7793831871128325,0.0,6181.33983607407,moderate,6181.33983607407,,0.9287279364644586,9287.279364644586,6181.33983607407,,,,4.0,,9287.279364644584,0.6181339836074071,,40006,"[""L001"", ""L009"", ""L010"", ""L014"", ""L016"", ""L017"", ""L019"", ""L021"", ""L028"", ""L032"", ""L033"", ""R002"", ""R004"", ""R006"", ""R008"", ""C001""]",,,16.0,0.0,3.0,9287.279364644584,asymmetric,3105.9395285705145,,712.7206353554142,1397.952628536911,1.0,0.0,48.0,15719.764755291773,10479.843170194512,0.8862040408255655,0.8862040408255658
,,greedy_local_search,3145.357852427541,2,exp3:asymmetric:f0.5:v1.0:r007,0.0,3.0,12193.50956213701,,,hardening:asymmetric:r007,3,,,1593.9455416347623,0.5,catalog/geography,,,7.0,9999.999999999998,Catalog + geography,12.0,,0.715379442143627,1.0,0.7048994425558418,1579.6220171709056,6916.2798878512685,moderate,5336.657870680363,,0.8129006374758007,8129.006374758006,5336.657870680363,,,,7.0,,8129.006374758006,0.5336657870680364,,40007,"[""L005"", ""L007"", ""L008"", ""L017"", ""L019"", ""L028"", ""L029"", ""R000"", ""R001"", ""R003"", ""R004"", ""R005"", ""R006"", ""R007""]",,,14.0,0.0,3.0,8129.006374758005,asymmetric,2792.348504077644,,1870.9936252419943,1198.402962442881,1.0,0.0,48.0,15002.04049704594,10001.360331363958,0.8127900710931982,0.8127900710931983
,,greedy_local_search,3145.357852427541,2,exp3:asymmetric:f0.5:v1.0:r007,1.0,3.0,14700.9451652715,,,hardening:asymmetric:r007,3,,,1712.281465509728,0.5,truthful resolved feasibility,,,8.0,9999.999999999998,Current feasibility,13.0,,0.9875360970783654,0.9806147587128262,0.9622830089167324,0.0,6663.727604083445,moderate,6663.727604083445,,0.9800630110181002,9800.630110181002,6663.727604083445,,,,5.0,,9800.630110181002,0.6663727604083446,,40007,"[""L001"", ""L006"", ""L007"", ""L014"", ""L017"", ""L028"", ""L029"", ""L034"", ""R001"", ""R002"", ""R003"", ""R004"", ""R007"", ""C001""]",,,14.0,0.0,3.0,9800.630110181002,asymmetric,3136.9025060975573,,199.36988981899844,1424.6210405878296,1.0,0.0,48.0,15616.579843481082,10411.053228987386,0.9413677842788476,0.941367784278848
,,greedy_local_search,3186.473778113356,2,exp3:asymmetric:f0.5:v1.0:r008,2.0,3.0,9097.256170032735,,,hardening:asymmetric:r008,3,,,1543.9990486256922,0.5,catalog/geography,,,3.0,9999.999999999998,Catalog + geography,4.0,,0.7356218413386727,0.3608729239808783,0.7457419633656942,3429.42990527964,7184.334002047962,moderate,3754.904096768322,,0.6064837446688491,6064.837446688491,3754.904096768322,,,,5.0,,6064.837446688489,0.3754904096768323,,40008,"[""L002"", ""L013"", ""L030"", ""R001"", ""R004"", ""R005"", ""R006"", ""R007"", ""C001"", ""C002""]",,,10.0,362.5366293271692,3.0,6064.837446688489,asymmetric,2309.9333499201666,,3935.162553311509,765.9343012944746,1.0,0.0,48.0,15696.079073184072,10464.052715456048,0.5795878147412573,0.5795878147412572
,,greedy_local_search,3186.473778113356,2,exp3:asymmetric:f0.5:v1.0:r008,2.0,3.0,13749.542546164466,,,hardening:asymmetric:r008,3,,,1862.2505049419551,0.5,truthful resolved feasibility,,,9.0,9999.999999999998,Current feasibility,12.0,,0.9959146303476804,0.7987163050028343,0.9446193966842488,0.0,5979.887919329623,moderate,5979.887919329623,,0.916636169744298,9166.36169744298,5979.887919329623,,,,4.0,,9166.36169744298,0.5979887919329624,,40008,"[""L007"", ""L008"", ""L017"", ""L019"", ""L021"", ""L022"", ""L023"", ""L030"", ""L031"", ""R002"", ""R004"", ""R006"", ""R008"", ""C000"", ""C001""]",,,15.0,0.0,3.0,9166.36169744298,asymmetric,3186.473778113356,,833.6383025570209,1324.2232731714007,1.0,0.0,48.0,18890.698417763615,12593.798945175742,0.7278472315896626,0.7278472315896629
,,greedy_local_search,3182.8115459264554,2,exp3:asymmetric:f0.5:v1.0:r009,1.0,3.0,13849.460182231023,,,hardening:asymmetric:r009,3,,,1658.3349938195363,0.5,catalog/geography,,,7.0,10000.0,Catalog + geography,9.0,,0.9488716907394632,0.9181279532712197,0.8748015050219156,609.8903036074425,6912.132158707167,moderate,6302.2418550997245,,0.9232973454820684,9232.973454820683,6302.2418550997245,,,,6.0,,9232.973454820683,0.6302241855099725,,40009,"[""L001"", ""L002"", ""L004"", ""L007"", ""L010"", ""L015"", ""L018"", ""R000"", ""R001"", ""R003"", ""R004"", ""R005"", ""R007"", ""C001""]",,,14.0,67.5316497229165,3.0,9232.973454820683,asymmetric,2930.7315997209603,,767.0265451793159,1272.3966059014238,1.0,0.0,48.0,16320.822772613077,10880.548515075385,0.8485761027606348,0.8485761027606349
,,greedy_local_search,3182.8115459264554,2,exp3:asymmetric:f0.5:v1.0:r009,1.0,3.0,14773.913164599711,,,hardening:asymmetric:r009,3,,,1563.7052400672317,0.5,truthful resolved feasibility,,,5.0,10000.0,Current feasibility,11.0,,1.0,0.9751853269895552,0.9680633993015167,0.0,6904.144833198072,moderate,6904.144833198072,,0.9849275443066476,9849.275443066475,6904.144833198072,,,,6.0,,9849.275443066475,0.6904144833198071,,40009,"[""L007"", ""L010"", ""L013"", ""L014"", ""L024"", ""R001"", ""R002"", ""R003"", ""R005"", ""R007"", ""R008"", ""C001""]",,,12.0,0.0,3.0,9849.275443066475,asymmetric,2945.130609868404,,150.7245569335243,1381.425369801172,1.0,0.0,48.0,15224.303554578468,10149.53570305231,0.9704163551150877,0.9704163551150881
,,greedy_local_search,3145.9474472763204,2,exp3:asymmetric:f0.5:v1.0:r010,1.0,3.0,8114.89160835792,,,hardening:asymmetric:r010,3,,,1356.1769677821037,0.5,catalog/geography,,,2.0,10000.0,Catalog + geography,6.0,,0.5837364520544397,0.223746772760086,1.0,4051.6498232565914,7306.534382415466,moderate,3254.884559158876,,0.5409927738905279,5409.92773890528,3254.884559158876,,,,7.0,,5409.92773890528,0.3254884559158875,,40010,"[""L000"", ""L009"", ""R001"", ""R002"", ""R004"", ""R005"", ""R006"", ""R007"", ""R008"", ""C002""]",,,10.0,0.0,3.0,5409.92773890528,asymmetric,2155.043179746405,,4590.0722610947205,798.8662119643012,1.0,0.0,48.0,15432.37181677764,10288.247877851762,0.5258356722286615,0.5258356722286615
,,greedy_local_search,3145.9474472763204,2,exp3:asymmetric:f0.5:v1.0:r010,1.0,3.0,13394.88843862474,,,hardening:asymmetric:r010,3,,,1638.138742289282,0.5,truthful resolved feasibility,,,10.0,10000.0,Current feasibility,11.0,,0.991071705003786,0.7057437009236538,1.0,0.0,5949.260596636204,moderate,5949.260596636204,,0.8929925625749824,8929.925625749825,5949.260596636204,,,,4.0,,8929.925625749825,0.5949260596636204,,40010,"[""L001"", ""L002"", ""L004"", ""L009"", ""L014"", ""L015"", ""L020"", ""L021"", ""L026"", ""L035"", ""R001"", ""R004"", ""R005"", ""R007"", ""C001""]",,,15.0,0.0,3.0,8929.925625749824,asymmetric,2980.665029113621,,1070.0743742501747,1342.5262868243394,1.0,0.0,48.0,16126.802275192202,10751.201516794801,0.8305979207812354,0.8305979207812352
,,greedy_local_search,3167.666805407142,2,exp3:asymmetric:f0.5:v1.0:r011,1.0,3.0,9950.37309809787,,,hardening:asymmetric:r011,3,,,1503.9823598985683,0.5,catalog/geography,,,5.0,10000.000000000002,Catalog + geography,7.0,,0.5600649337497529,0.6228651462402627,0.9666309258418868,2994.340756871776,7135.158088357597,moderate,4140.817331485821,,0.6633582065398579,6633.582065398579,4140.817331485821,,,,6.0,,6633.582065398581,0.414081733148582,,40011,"[""L003"", ""L006"", ""L007"", ""L024"", ""L030"", ""R002"", ""R003"", ""R005"", ""R006"", ""R007"", ""R008"", ""C002""]",,,12.0,351.2902513237076,3.0,6633.58206539858,asymmetric,2492.7647339127598,,3366.417934601419,988.7823740141912,1.0,0.0,48.0,15856.969610293905,10571.313073529278,0.6275078620090414,0.6275078620090409
,,greedy_local_search,3167.666805407142,2,exp3:asymmetric:f0.5:v1.0:r011,1.0,3.0,14736.41308418848,,,hardening:asymmetric:r011,3,,,1736.7738310513469,0.5,truthful resolved feasibility,,,9.0,10000.000000000002,Current feasibility,13.0,,0.9946177049226014,0.9567130620877946,1.0,0.0,6656.608584051844,moderate,6656.608584051844,,0.9824275389458986,9824.275389458986,6656.608584051844,,,,5.0,,9824.275389458986,0.6656608584051843,,40011,"[""L001"", ""L004"", ""L006"", ""L007"", ""L012"", ""L014"", ""L015"", ""L028"", ""L030"", ""R001"", ""R002"", ""R003"", ""R007"", ""R008"", ""C001""]",,,15.0,0.0,3.0,9824.275389458986,asymmetric,3167.666805407142,,175.7246105410132,1430.892974355795,1.0,0.0,48.0,16193.982381490594,10795.988254327069,0.9099931528289121,0.9099931528289115
,,greedy_local_search,3192.8536656157503,2,exp3:asymmetric:f0.5:v1.0:r012,1.0,3.0,9451.285340501525,,,hardening:asymmetric:r012,3,,,1545.2844774560265,0.5,catalog/geography,,,3.0,10000.000000000004,Catalog + geography,8.0,,0.6352374988433455,0.5179347224397756,0.8147583101667073,3214.628409517633,7079.489585425315,moderate,3864.8611759076825,,0.6300856893667683,6300.856893667684,3864.8611759076825,,,,7.0,,6300.856893667684,0.3864861175907681,,40012,"[""L015"", ""L025"", ""L031"", ""R000"", ""R001"", ""R003"", ""R004"", ""R005"", ""R006"", ""R008"", ""C000""]",,,11.0,0.0,3.0,6300.856893667684,asymmetric,2435.9957177600013,,3699.1431063323166,890.7112403039748,1.0,0.0,48.0,15101.953322152598,10067.968881435068,0.6258319794061157,0.6258319794061156
,,greedy_local_search,3192.8536656157503,2,exp3:asymmetric:f0.5:v1.0:r012,1.0,3.0,14738.67424208694,,,hardening:asymmetric:r012,3,,,1618.173428673333,0.5,truthful resolved feasibility,,,5.0,10000.000000000004,Current feasibility,12.0,,1.0,0.950223665159417,1.0,0.0,6795.309679064001,moderate,6795.309679064001,,0.982578282805796,9825.78282805796,6795.309679064001,,,,6.0,,9825.782828057962,0.6795309679063999,,40012,"[""L000"", ""L005"", ""L006"", ""L014"", ""L024"", ""R000"", ""R001"", ""R004"", ""R005"", ""R007"", ""R008"", ""C001""]",,,12.0,0.0,3.0,9825.78282805796,asymmetric,3030.4731489939604,,174.21717194204012,1412.2997203206276,1.0,0.0,48.0,15442.335585336268,10294.89039022418,0.9544329716602253,0.9544329716602252
,,greedy_local_search,3215.031053233879,2,exp3:asymmetric:f0.5:v1.0:r013,1.0,3.0,11913.898035381122,,,hardening:asymmetric:r013,3,,,1536.0434770881004,0.5,catalog/geography,,,5.0,9999.999999999998,Catalog + geography,8.0,,0.8030423679183226,0.8162385252816324,0.7360365980679588,1766.7182475048894,7192.244429927506,moderate,5425.526182422616,,0.7942598690254083,7942.598690254082,5425.526182422616,,,,6.0,,7942.598690254082,0.5425526182422618,,40013,"[""L016"", ""L026"", ""L032"", ""L033"", ""L035"", ""R000"", ""R001"", ""R002"", ""R004"", ""R006"", ""R008"", ""C001""]",,,12.0,70.70363349325424,3.0,7942.598690254081,asymmetric,2517.072507831465,,2057.401309745917,981.0290307433644,1.0,0.0,48.0,15145.531751714521,10097.021167809677,0.7866279131488686,0.7866279131488688
,,greedy_local_search,3215.031053233879,2,exp3:asymmetric:f0.5:v1.0:r013,1.0,3.0,14345.648423764767,,,hardening:asymmetric:r013,3,,,1594.808994092076,0.5,truthful resolved feasibility,,,7.0,9999.999999999998,Current feasibility,13.0,,1.0,0.8785253351038659,0.9944634714898244,0.0,6627.533461197305,moderate,6627.533461197305,,0.9563765615843178,9563.765615843176,6627.533461197305,,,,5.0,,9563.765615843178,0.6627533461197306,,40013,"[""L009"", ""L015"", ""L016"", ""L020"", ""L023"", ""L026"", ""L032"", ""R000"", ""R001"", ""R004"", ""R005"", ""R007"", ""C001""]",,,13.0,0.0,3.0,9563.765615843178,asymmetric,2936.232154645874,,436.2343841568211,1341.4231605537975,1.0,0.0,48.0,15062.46905706614,10041.646038044091,0.9524101506475728,0.9524101506475731
,,greedy_local_search,3226.2524599151698,2,exp3:asymmetric:f0.5:v1.0:r014,2.0,3.0,10047.211812632886,,,hardening:asymmetric:r014,3,,,1468.3695344264602,0.5,catalog/geography,,,2.0,10000.0,Catalog + geography,5.0,,0.755215411420179,0.6179666678807735,0.5683942597242064,2972.4899397643103,7415.823722857061,moderate,4443.33378309275,,0.6698141208421926,6698.141208421925,4443.33378309275,,,,5.0,,6698.141208421924,0.444333378309275,,40014,"[""L019"", ""L025"", ""R000"", ""R001"", ""R003"", ""R006"", ""R008"", ""C001"", ""C002""]",,,9.0,0.0,3.0,6698.141208421925,asymmetric,2254.8074253291734,,3301.8587915780745,786.4378909027131,1.0,0.0,48.0,15537.697109118611,10358.464739412411,0.6466345522166523,0.6466345522166521
,,greedy_local_search,3226.2524599151698,2,exp3:asymmetric:f0.5:v1.0:r014,1.0,3.0,14442.36325551051,,,hardening:asymmetric:r014,3,,,1618.8385942535665,0.5,truthful resolved feasibility,,,7.0,10000.0,Current feasibility,13.0,,1.0,0.9888405705467378,0.8336500867133801,0.0,6599.001465725873,moderate,6599.001465725873,,0.9628242170340344,9628.242170340342,6599.001465725873,,,,5.0,,9628.242170340342,0.6599001465725872,,40014,"[""L002"", ""L007"", ""L010"", ""L013"", ""L014"", ""L021"", ""L027"", ""R000"", ""R001"", ""R004"", ""R007"", ""R008"", ""C001""]",,,13.0,0.0,3.0,9628.242170340342,asymmetric,3029.240704614469,,371.75782965965743,1410.4021103609025,1.0,0.0,48.0,14802.680675482645,9868.453783655099,0.9756586372515,0.9756586372514998
,,greedy_local_search,3183.9642388539933,2,exp3:asymmetric:f0.5:v1.0:r015,3.0,3.0,9937.291574162382,,,hardening:asymmetric:r015,3,,,1366.479605433061,0.5,catalog/geography,,,2.0,10000.000000000002,Catalog + geography,6.0,,0.5977723429695285,0.6941704073868358,0.752644540112392,3048.407616824108,7493.018090276219,moderate,4444.61047345211,,0.6624861049441588,6624.861049441588,4444.61047345211,,,,3.0,,6624.861049441588,0.4444610473452109,,40015,"[""L008"", ""L033"", ""R000"", ""R002"", ""R005"", ""C000"", ""C001"", ""C002""]",,,8.0,290.82405811081185,3.0,6624.861049441589,asymmetric,2180.250575989477,,3375.138950558413,813.7709705564164,1.0,0.0,48.0,15854.068995095502,10569.379330063668,0.6267975481396296,0.6267975481396297
,,greedy_local_search,3183.9642388539933,2,exp3:asymmetric:f0.5:v1.0:r015,1.0,3.0,14830.997859888856,,,hardening:asymmetric:r015,3,,,1575.0109205231506,0.5,truthful resolved feasibility,,,5.0,10000.000000000002,Current feasibility,12.0,,1.0,0.9678091161693054,1.0,0.0,6917.031311499146,moderate,6917.031311499146,,0.9887331906592568,9887.331906592568,6917.031311499146,,,,6.0,,9887.33190659257,0.6917031311499144,,40015,"[""L000"", ""L008"", ""L009"", ""L033"", ""L034"", ""R001"", ""R002"", ""R004"", ""R005"", ""R006"", ""R007"", ""C001""]",,,12.0,0.0,3.0,9887.33190659257,asymmetric,2970.3005950934235,,112.66809340743109,1395.2896745702728,1.0,0.0,48.0,14997.418830313873,9998.27922020925,0.9889033591508003,0.9889033591508002
,,greedy_local_search,3191.431769562457,2,exp3:asymmetric:f0.5:v1.0:r016,2.0,3.0,12639.392558112158,,,hardening:asymmetric:r016,3,,,1503.5104230588854,0.5,catalog/geography,,,3.0,10000.000000000004,Catalog + geography,6.0,,0.7136559199219529,0.9646490092328148,0.9192692667222324,1351.61236348888,7264.762049644706,moderate,5913.149686155826,,0.8426261705408106,8426.261705408106,5913.149686155826,,,,5.0,,8426.261705408106,0.5913149686155824,,40016,"[""L008"", ""L025"", ""L030"", ""R000"", ""R002"", ""R004"", ""R007"", ""R008"", ""C000"", ""C001""]",,,10.0,0.0,3.0,8426.261705408106,asymmetric,2513.1120192522794,,1573.738294591895,1009.6015961933942,1.0,0.0,48.0,16395.514118688086,10930.342745792059,0.7709055334657307,0.7709055334657305
,,greedy_local_search,3191.431769562457,2,exp3:asymmetric:f0.5:v1.0:r016,2.0,3.0,14776.830116983409,,,hardening:asymmetric:r016,3,,,1516.181679398637,0.5,truthful resolved feasibility,,,7.0,10000.000000000004,Current feasibility,11.0,,0.9853865770894574,0.9853865770894574,0.9840637306366392,0.0,6987.206727423517,moderate,6987.206727423517,,0.985122007798894,9851.22007798894,6987.206727423517,,,,3.0,,9851.22007798894,0.6987206727423514,,40016,"[""L001"", ""L004"", ""L008"", ""L014"", ""L015"", ""L025"", ""L032"", ""R004"", ""R006"", ""R007"", ""C000"", ""C001""]",,,12.0,0.0,3.0,9851.22007798894,asymmetric,2864.013350565422,,148.77992201106144,1347.831671166785,1.0,0.0,48.0,15901.25141052754,10600.834273685032,0.9292872451032564,0.9292872451032562
,,greedy_local_search,3139.619133310156,2,exp3:asymmetric:f0.5:v1.0:r017,2.0,3.0,6526.440337884121,,,hardening:asymmetric:r017,3,,,1410.851113612301,0.5,catalog/geography,,,2.0,9999.999999999998,Catalog + geography,7.0,,0.364192318492302,0.5137890143826133,0.4569166208507877,5065.759984294925,7394.574418045322,moderate,2328.8144337503973,,0.4350960225256081,4350.960225256081,2328.8144337503973,,,,5.0,,4350.960225256081,0.2328814433750397,,40017,"[""L004"", ""L031"", ""R001"", ""R002"", ""R003"", ""R005"", ""R007"", ""C000"", ""C002""]",,,9.0,286.0901975189432,3.0,4350.960225256081,asymmetric,2022.145791505684,,5649.039774743919,611.2946778933824,1.0,0.0,48.0,15453.194137898286,10302.12942526552,0.42233600896000584,0.42233600896000606
,,greedy_local_search,3139.619133310156,2,exp3:asymmetric:f0.5:v1.0:r017,1.0,3.0,14114.975934228893,,,hardening:asymmetric:r017,3,,,1654.941188817527,0.5,truthful resolved feasibility,,,11.0,9999.999999999998,Current feasibility,15.0,,0.9300286099582232,1.0,0.8624276056702957,0.0,6283.633487868345,moderate,6283.633487868345,,0.9409983956152596,9409.983956152597,6283.633487868345,,,,4.0,,9409.983956152597,0.6283633487868345,,40017,"[""L004"", ""L006"", ""L007"", ""L008"", ""L009"", ""L015"", ""L016"", ""L027"", ""L032"", ""L033"", ""L034"", ""R001"", ""R002"", ""R004"", ""R005"", ""C001""]",,,16.0,0.0,3.0,9409.983956152597,asymmetric,3126.3504682842504,,590.0160438474036,1471.4092794667235,1.0,0.0,48.0,16210.374972777696,10806.91664851846,0.8707371641885129,0.8707371641885134
,,greedy_local_search,3122.2820399652,2,exp3:asymmetric:f0.5:v1.0:r018,2.0,3.0,6844.800302385141,,,hardening:asymmetric:r018,3,,,1413.3905098850175,0.5,catalog/geography,,,2.0,10000.000000000002,Catalog + geography,4.0,,0.5028609667047025,0.4501743539198987,0.362357806349643,4841.014503997336,7421.106001994544,moderate,2580.0914979972085,,0.4563200201590093,4563.2002015900935,2580.0914979972085,,,,5.0,,4563.2002015900935,0.2580091497997208,,40018,"[""L007"", ""L028"", ""R000"", ""R004"", ""R006"", ""R007"", ""R008"", ""C000"", ""C002""]",,,9.0,0.0,3.0,4563.200201590094,asymmetric,1983.1087035928847,,5436.799798409907,569.7181937078676,1.0,0.0,48.0,15829.780512052457,10553.18700803497,0.432400202717508,0.4324002027175081
,,greedy_local_search,3122.2820399652,2,exp3:asymmetric:f0.5:v1.0:r018,1.0,3.0,13291.660256082338,,,hardening:asymmetric:r018,3,,,1711.9865224066723,0.5,truthful resolved feasibility,,,11.0,10000.000000000002,Current feasibility,14.0,,0.9721569251050324,0.7584549171761963,0.9159042321494456,0.0,5741.492747302238,moderate,5741.492747302238,,0.8861106837388226,8861.106837388226,5741.492747302238,,,,4.0,,8861.106837388226,0.5741492747302237,,40018,"[""L007"", ""L008"", ""L009"", ""L011"", ""L013"", ""L014"", ""L024"", ""L025"", ""L028"", ""L031"", ""L032"", ""R001"", ""R003"", ""R007"", ""R008"", ""C001""]",,,16.0,0.0,3.0,8861.106837388224,asymmetric,3119.614090085988,,1138.8931626117765,1407.6275676793152,1.0,0.0,48.0,15818.749645409678,10545.833096939785,0.8402472100529983,0.8402472100529983
,,greedy_local_search,3154.233279599062,2,exp3:asymmetric:f0.5:v1.0:r019,0.0,3.0,12209.170586669752,,,hardening:asymmetric:r019,3,,,1616.3915862194654,0.5,catalog/geography,,,8.0,9999.999999999998,Catalog + geography,10.0,,0.8827093379863289,0.6283282666830493,0.9840530517253414,1590.8765425741822,6954.770878249315,moderate,5363.894335675132,,0.8139447057779836,8139.4470577798365,5363.894335675132,,,,7.0,,8139.447057779835,0.5363894335675133,,40019,"[""L000"", ""L002"", ""L018"", ""L019"", ""L025"", ""L031"", ""L034"", ""L035"", ""R000"", ""R001"", ""R003"", ""R004"", ""R005"", ""R007"", ""R008""]",,,15.0,0.0,3.0,8139.447057779836,asymmetric,2775.5527221047023,,1860.5529422201648,1159.1611358852372,1.0,0.0,48.0,15102.912779700271,10068.60851980018,0.8083984039873434,0.8083984039873436
,,greedy_local_search,3154.233279599062,2,exp3:asymmetric:f0.5:v1.0:r019,0.0,3.0,13221.62606308793,,,hardening:asymmetric:r019,3,,,1661.737857853171,0.5,truthful resolved feasibility,,,8.0,9999.999999999998,Current feasibility,12.0,,0.944907195125235,0.7320957135223987,1.0,0.0,5828.846935864129,moderate,5828.846935864129,,0.8814417375391953,8814.417375391953,5828.846935864129,,,,7.0,,8814.417375391953,0.5828846935864129,,40019,"[""L000"", ""L014"", ""L019"", ""L020"", ""L025"", ""L026"", ""L027"", ""L033"", ""R000"", ""R001"", ""R002"", ""R003"", ""R004"", ""R007"", ""R008""]",,,15.0,0.0,3.0,8814.417375391953,asymmetric,2985.570439527824,,1185.5826246080474,1323.8325816746533,1.0,0.0,48.0,15002.352669768337,10001.568446512225,0.88130350979758,0.88130350979758
,,greedy_local_search,3178.14460467704,2,exp3:asymmetric:f0.5:v2.0:r000,1.0,3.0,6229.430422322836,,,hardening:asymmetric:r000,3,,,1156.2218238799055,0.5,catalog/geography,,,0.0,9999.999999999996,Catalog + geography,5.0,,0.3015595760815098,0.4935517991638171,0.5342521127208679,3007.3904597869337,4909.203125268799,moderate,1901.8126654818657,,0.4152953614881889,4152.95361488189,1901.8126654818657,,,,6.0,,4152.953614881891,0.1901812665481866,,40000,"[""R001"", ""R003"", ""R004"", ""R005"", ""R007"", ""R008"", ""C000""]",,,7.0,146.42036792756912,3.0,4152.95361488189,asymmetric,2251.140949400025,,5847.046385118109,1094.9191255201192,2.0,0.0,48.0,12140.202220278747,8093.468146852494,0.5131241069376359,0.513124106937636
,,greedy_local_search,3178.14460467704,2,exp3:asymmetric:f0.5:v2.0:r000,1.0,3.0,11583.458332539689,,,hardening:asymmetric:r000,3,,,1217.1756142209192,0.5,truthful resolved feasibility,,,1.0,9999.999999999996,Current feasibility,8.0,,0.6552985408324175,0.8194889553007839,0.952625388863918,0.0,4544.160950349418,moderate,4544.160950349418,,0.7722305555026459,7722.305555026458,4544.160950349418,,,,6.0,,7722.305555026458,0.454416095034942,,40000,"[""L014"", ""R000"", ""R001"", ""R002"", ""R003"", ""R004"", ""R007"", ""C001""]",,,8.0,0.0,3.0,7722.305555026458,asymmetric,3178.14460467704,,2277.694444973541,1960.9689904561203,2.0,0.0,48.0,12352.947931993565,8235.298621329039,0.9377080188720837,0.9377080188720841
,,greedy_local_search,3160.754947153236,2,exp3:asymmetric:f0.5:v2.0:r001,1.0,3.0,9371.538449602322,,,hardening:asymmetric:r001,3,,,1145.8486736211282,0.5,catalog/geography,,,2.0,10000.0,Catalog + geography,7.0,,0.6056874751778051,0.6625970501766241,0.6015044929082871,705.5259118672802,4065.278164786047,moderate,3359.7522529187663,,0.6247692299734882,6247.692299734881,3359.7522529187663,,,,5.0,,6247.692299734881,0.3359752252918766,,40001,"[""L011"", ""L021"", ""R001"", ""R002"", ""R004"", ""R007"", ""R008"", ""C001""]",,,8.0,0.0,3.0,6247.692299734881,asymmetric,2887.940046816115,,3752.307700265118,1742.0913731949868,2.0,0.0,48.0,11205.907565320764,7470.605043547176,0.8363033868496903,0.8363033868496903
,,greedy_local_search,3160.754947153236,2,exp3:asymmetric:f0.5:v2.0:r001,1.0,3.0,10679.425895820325,,,hardening:asymmetric:r001,3,,,1089.2057200998993,0.5,truthful resolved feasibility,,,3.0,10000.0,Current feasibility,8.0,,0.6033749909262998,0.7895399927411976,0.8205199150588375,0.0,3960.7435374773872,moderate,3960.7435374773872,,0.7119617263880215,7119.617263880215,3960.7435374773872,,,,4.0,,7119.617263880215,0.3960743537477387,,40001,"[""L011"", ""L015"", ""L021"", ""R000"", ""R002"", ""R004"", ""R005"", ""C001""]",,,8.0,0.0,3.0,7119.617263880215,asymmetric,3158.8737264028277,,2880.382736119784,2069.668006302928,2.0,0.0,48.0,10977.476025482401,7318.3173503216,0.9728489382285871,0.9728489382285871
,,greedy_local_search,3133.056593146416,2,exp3:asymmetric:f0.5:v2.0:r002,1.0,3.0,9808.60091087402,,,hardening:asymmetric:r002,3,,,1164.730981807739,0.5,catalog/geography,,,0.0,10000.000000000002,Catalog + geography,7.0,,0.5388363651207125,0.7654801856845594,0.7175614904884238,1065.762963111043,4826.078765411717,moderate,3760.3158023006736,,0.6539067273916013,6539.067273916014,3760.3158023006736,,,,6.0,,6539.067273916013,0.3760315802300673,,40002,"[""R000"", ""R003"", ""R004"", ""R006"", ""R007"", ""R008"", ""C001""]",,,7.0,0.0,3.0,6539.067273916013,asymmetric,2778.751471615339,,3460.9327260839887,1614.0204898076,2.0,0.0,48.0,11869.750629908604,7913.167086605737,0.8263527361862989,0.8263527361862988
,,greedy_local_search,3133.056593146416,2,exp3:asymmetric:f0.5:v2.0:r002,1.0,3.0,10990.447108989028,,,hardening:asymmetric:r002,3,,,1250.7825948691452,0.5,truthful resolved feasibility,,,1.0,10000.000000000002,Current feasibility,8.0,,0.5469501397891761,0.9422210914650055,0.7839576450736031,0.0,4193.908146179601,moderate,4193.908146179601,,0.7326964739326018,7326.964739326019,4193.908146179601,,,,6.0,,7326.964739326018,0.4193908146179601,,40002,"[""L032"", ""R000"", ""R001"", ""R002"", ""R003"", ""R004"", ""R007"", ""C001""]",,,8.0,0.0,3.0,7326.964739326018,asymmetric,3133.0565931464166,,2673.0352606739825,1882.2739982772716,2.0,0.0,48.0,11946.805689184654,7964.537126123103,0.9199485950406469,0.9199485950406466
,,greedy_local_search,3160.085619378712,2,exp3:asymmetric:f0.5:v2.0:r003,2.0,3.0,7740.557328526198,,,hardening:asymmetric:r003,3,,,1285.82867980008,0.5,catalog/geography,,,0.0,10000.000000000002,Catalog + geography,4.0,,0.5354960079521819,0.5048745946554416,0.4917892176359678,2571.5403950492546,5320.370875173086,moderate,2748.830480123831,,0.51603715523508,5160.3715523508,2748.830480123831,,,,5.0,,5160.3715523508,0.274883048012383,,40003,"[""R001"", ""R002"", ""R005"", ""R006"", ""R007"", ""C000"", ""C001""]",,,7.0,157.34657673809875,3.0,5160.3715523508,asymmetric,2411.541072226969,,4839.628447649201,1125.7123924268888,2.0,0.0,48.0,13634.21368646573,9089.475790977154,0.5677303808293701,0.5677303808293701
,,greedy_local_search,3160.085619378712,2,exp3:asymmetric:f0.5:v2.0:r003,2.0,3.0,10865.553170062116,,,hardening:asymmetric:r003,3,,,1294.0099199513863,0.5,truthful resolved feasibility,,,2.0,10000.000000000002,Current feasibility,7.0,,0.670376555309768,0.7760630571566544,0.7553934572162487,0.0,4107.819081006276,moderate,4107.819081006276,,0.7243702113374744,7243.702113374744,4107.819081006276,,,,4.0,,7243.702113374744,0.4107819081006275,,40003,"[""L002"", ""L006"", ""R001"", ""R003"", ""R004"", ""R006"", ""C000"", ""C001""]",,,8.0,0.0,3.0,7243.702113374746,asymmetric,3135.883032368468,,2756.297886625256,1841.8731124170815,2.0,0.0,48.0,13401.164185410607,8934.109456940405,0.8107917356830143,0.8107917356830145
,,greedy_local_search,3189.1083616392616,2,exp3:asymmetric:f0.5:v2.0:r004,2.0,3.0,7135.509837978787,,,hardening:asymmetric:r004,3,,,1142.602471345148,0.5,catalog/geography,,,0.0,9999.999999999998,Catalog + geography,5.0,,0.43310061096727,0.520388421514343,0.4933471669998047,2707.9415677398324,5128.626422976312,moderate,2420.6848552364795,,0.4757006558652525,4757.006558652525,2420.6848552364795,,,,4.0,,4757.006558652525,0.2420684855236479,,40004,"[""R000"", ""R002"", ""R003"", ""R008"", ""C000"", ""C001""]",,,6.0,0.0,3.0,4757.006558652525,asymmetric,2336.3217034160457,,5242.993441347475,1193.7192320708978,2.0,0.0,48.0,12638.828884624985,8425.885923083324,0.5645704917058467,0.5645704917058468
,,greedy_local_search,3189.1083616392616,2,exp3:asymmetric:f0.5:v2.0:r004,1.0,3.0,10997.231430577194,,,hardening:asymmetric:r004,3,,,1130.2211510972948,0.5,truthful resolved feasibility,,,2.0,9999.999999999998,Current feasibility,8.0,,0.62281012031089,0.7665175652247719,0.9230153003495452,0.0,4142.379258745535,moderate,4142.379258745535,,0.7331487620384797,7331.487620384797,4142.379258745535,,,,5.0,,7331.487620384796,0.4142379258745535,,40004,"[""L008"", ""L009"", ""R000"", ""R003"", ""R005"", ""R006"", ""R007"", ""C001""]",,,8.0,0.0,3.0,7331.487620384797,asymmetric,3189.1083616392616,,2668.512379615203,2058.887210541967,2.0,0.0,48.0,11575.093401598395,7716.7289343989305,0.9500771224065109,0.9500771224065109
,,greedy_local_search,3216.051041216963,2,exp3:asymmetric:f0.5:v2.0:r005,1.0,3.0,7986.799667490209,,,hardening:asymmetric:r005,3,,,1174.4241424126542,0.5,catalog/geography,,,0.0,10000.0,Catalog + geography,5.0,,0.4851777625990996,0.5504062079202129,0.6074057261217226,2112.775387931388,4976.992849807499,moderate,2864.217461876111,,0.5324533111660139,5324.533111660139,2864.217461876111,,,,6.0,,5324.533111660139,0.286421746187611,,40005,"[""R002"", ""R003"", ""R005"", ""R006"", ""R007"", ""R008"", ""C001""]",,,7.0,0.0,3.0,5324.533111660139,asymmetric,2460.315649784028,,4675.466888339861,1285.891507371374,2.0,0.0,48.0,12465.937483533004,8310.624989022002,0.6406898540956464,0.6406898540956464
,,greedy_local_search,3216.051041216963,2,exp3:asymmetric:f0.5:v2.0:r005,1.0,3.0,10725.278197962878,,,hardening:asymmetric:r005,3,,,1186.5731031669527,0.5,truthful resolved feasibility,,,0.0,10000.0,Current feasibility,7.0,,0.8843560728108316,0.5118593135279452,0.6895377701560175,0.0,4040.910635532992,moderate,4040.910635532992,,0.7150185465308586,7150.185465308586,4040.910635532992,,,,6.0,,7150.185465308587,0.4040910635532991,,40005,"[""R000"", ""R001"", ""R003"", ""R004"", ""R005"", ""R007"", ""C001""]",,,7.0,0.0,3.0,7150.185465308586,asymmetric,3109.274829775595,,2849.8145346914143,1922.7017266086425,2.0,0.0,48.0,12217.620270192443,8145.080180128298,0.8778532939126894,0.8778532939126892
,,greedy_local_search,3105.939528570514,2,exp3:asymmetric:f0.5:v2.0:r006,2.0,3.0,8385.268907611031,,,hardening:asymmetric:r006,3,,,1223.2110445520184,0.5,catalog/geography,,,0.0,9999.999999999998,Catalog + geography,4.0,,0.4414249831486851,0.7399019106334157,0.507055080177325,2015.7042806502395,5102.932217741477,moderate,3087.227937091237,,0.5590179271740688,5590.179271740688,3087.227937091237,,,,5.0,,5590.179271740688,0.3087227937091238,,40006,"[""R000"", ""R002"", ""R004"", ""R007"", ""R008"", ""C001"", ""C002""]",,,7.0,0.0,3.0,5590.179271740688,asymmetric,2502.9513346494505,,4409.820728259311,1279.7402900974323,2.0,0.0,48.0,13615.358046601481,9076.905364400985,0.6158684096966566,0.6158684096966568
,,greedy_local_search,3105.939528570514,2,exp3:asymmetric:f0.5:v2.0:r006,1.0,3.0,10922.67156959512,,,hardening:asymmetric:r006,3,,,1166.211841798752,0.5,truthful resolved feasibility,,,2.0,9999.999999999998,Current feasibility,8.0,,0.6870251244192154,0.8542763015780751,0.6001004654935079,0.0,4225.698188177883,moderate,4225.698188177883,,0.7281781046396748,7281.781046396748,4225.698188177883,,,,5.0,,7281.781046396748,0.4225698188177884,,40006,"[""L014"", ""L016"", ""R001"", ""R002"", ""R004"", ""R006"", ""R008"", ""C001""]",,,8.0,0.0,3.0,7281.781046396747,asymmetric,3056.082858218865,,2718.2189536032515,1889.871016420113,2.0,0.0,48.0,11427.096779645526,7618.064519763683,0.9558570982833617,0.9558570982833619
,,greedy_local_search,3145.357852427541,2,exp3:asymmetric:f0.5:v2.0:r007,2.0,3.0,10746.376114473802,,,hardening:asymmetric:r007,3,,,1405.5480499700973,0.5,catalog/geography,,,1.0,9999.999999999998,Catalog + geography,8.0,,0.5033249096490026,0.8882274980114035,0.8952462032610555,153.5472570900847,4268.61585087339,moderate,4115.068593783305,,0.7164250742982534,7164.250742982535,4115.068593783305,,,,5.0,,7164.250742982535,0.4115068593783306,,40007,"[""L017"", ""R000"", ""R003"", ""R004"", ""R006"", ""R007"", ""C001"", ""C002""]",,,8.0,0.0,3.0,7164.250742982535,asymmetric,3049.1821491992296,,2835.7492570174654,1643.6340992291323,2.0,0.0,48.0,14475.722633808302,9650.481755872199,0.742372342046362,0.7423723420463623
,,greedy_local_search,3145.357852427541,2,exp3:asymmetric:f0.5:v2.0:r007,1.0,3.0,11399.063887705017,,,hardening:asymmetric:r007,3,,,1222.7745165693943,0.5,truthful resolved feasibility,,,2.0,9999.999999999998,Current feasibility,8.0,,0.5581694925640691,0.9340169426982274,0.9092769545772856,0.0,4454.0180727091365,moderate,4454.0180727091365,,0.7599375925136678,7599.375925136678,4454.0180727091365,,,,5.0,,7599.375925136677,0.4454018072709137,,40007,"[""L007"", ""L017"", ""R002"", ""R003"", ""R004"", ""R005"", ""R007"", ""C001""]",,,8.0,0.0,3.0,7599.375925136678,asymmetric,3145.357852427541,,2400.6240748633218,1922.5833358581465,2.0,0.0,48.0,11589.240081217682,7726.16005414512,0.9835902792435133,0.9835902792435136
,,greedy_local_search,3186.473778113356,2,exp3:asymmetric:f0.5:v2.0:r008,2.0,3.0,7445.681574260639,,,hardening:asymmetric:r008,3,,,1240.1180620094478,0.5,catalog/geography,,,0.0,9999.999999999998,Catalog + geography,4.0,,0.4440264123903003,0.4211956953388631,0.7457419633656942,2523.6122941395734,5109.039134810249,moderate,2585.426840670676,,0.496378771617376,4963.78771617376,2585.426840670676,,,,4.0,,4963.7877161737615,0.2585426840670676,,40008,"[""R001"", ""R002"", ""R003"", ""R007"", ""C001"", ""C002""]",,,6.0,294.7833224129599,3.0,4963.787716173761,asymmetric,2378.360875503085,,5036.212283826239,1138.2428134936376,2.0,0.0,48.0,12637.459826467439,8424.97321764496,0.5891754891015892,0.5891754891015895
,,greedy_local_search,3186.473778113356,2,exp3:asymmetric:f0.5:v2.0:r008,1.0,3.0,10423.767620613802,,,hardening:asymmetric:r008,3,,,1294.5253082604622,0.5,truthful resolved feasibility,,,5.0,9999.999999999998,Current feasibility,7.0,,0.7536987651104133,0.5154140425901683,0.8767924108400429,0.0,3762.704635629179,moderate,3762.704635629179,,0.6949178413742536,6949.178413742535,3762.704635629179,,,,4.0,,6949.178413742535,0.376270463562918,,40008,"[""L008"", ""L021"", ""L022"", ""L023"", ""L030"", ""R001"", ""R004"", ""R006"", ""R008"", ""C001""]",,,10.0,0.0,3.0,6949.178413742534,asymmetric,3186.473778113356,,3050.821586257465,1891.9484698528936,2.0,0.0,48.0,12406.706627285068,8271.137751523378,0.8401720080726058,0.8401720080726057
,,greedy_local_search,3182.8115459264554,2,exp3:asymmetric:f0.5:v2.0:r009,1.0,3.0,11504.432124556952,,,hardening:asymmetric:r009,3,,,1209.6314542464206,0.5,catalog/geography,,,1.0,10000.0,Catalog + geography,7.0,,0.712176441112552,0.8429005765551827,0.757337706710839,-153.81947734960795,4332.990393095238,moderate,4486.809870444846,,0.7669621416371302,7669.621416371302,4486.809870444846,,,,6.0,,7669.621416371302,0.4486809870444845,,40009,"[""L010"", ""R000"", ""R001"", ""R003"", ""R004"", ""R005"", ""R007"", ""C001""]",,,8.0,0.0,3.0,7669.621416371302,asymmetric,3182.811545926456,,2330.378583628699,1973.1800916800355,2.0,0.0,48.0,12549.530437993097,8366.35362532873,0.9167221181222717,0.916722118122272
,,greedy_local_search,3182.8115459264554,2,exp3:asymmetric:f0.5:v2.0:r009,1.0,3.0,11542.35999574355,,,hardening:asymmetric:r009,3,,,1149.167119882071,0.5,truthful resolved feasibility,,,2.0,10000.0,Current feasibility,7.0,,0.7319729331850066,0.8943441239820277,0.635412015279704,0.0,4512.09511790258,moderate,4512.09511790258,,0.7694906663829034,7694.906663829034,4512.09511790258,,,,5.0,,7694.906663829035,0.451209511790258,,40009,"[""L007"", ""L010"", ""R001"", ""R003"", ""R004"", ""R005"", ""R007"", ""C001""]",,,8.0,0.0,3.0,7694.906663829035,asymmetric,3182.8115459264554,,2305.093336170966,2033.6444260443848,2.0,0.0,48.0,11932.510654705995,7955.007103137329,0.9673035566233855,0.9673035566233857
,,greedy_local_search,3145.9474472763204,2,exp3:asymmetric:f0.5:v2.0:r010,1.0,3.0,6417.211868980641,,,hardening:asymmetric:r010,3,,,1098.6136024154623,0.5,catalog/geography,,,0.0,10000.0,Catalog + geography,5.0,,0.5316623770137099,0.1109302441413014,0.7487023474654224,3118.884670998036,5138.0738883564845,moderate,2019.1892173584488,,0.4278141245987094,4278.141245987094,2019.1892173584488,,,,6.0,,4278.1412459870935,0.2019189217358449,,40010,"[""R000"", ""R001"", ""R002"", ""R004"", ""R005"", ""R006"", ""C002""]",,,7.0,0.0,3.0,4278.1412459870935,asymmetric,2258.9520286286447,,5721.8587540129065,1160.3384262131822,2.0,0.0,48.0,12608.7514744509,8405.834316300601,0.5089490328986046,0.5089490328986045
,,greedy_local_search,3145.9474472763204,2,exp3:asymmetric:f0.5:v2.0:r010,1.0,3.0,11073.074364760156,,,hardening:asymmetric:r010,3,,,1112.4353463206714,0.5,truthful resolved feasibility,,,4.0,10000.0,Current feasibility,8.0,,0.7917684226830337,0.5289046391081679,0.9839627187772652,0.0,4249.558121646577,moderate,4249.558121646577,,0.738204957650677,7382.049576506771,4249.558121646577,,,,4.0,,7382.04957650677,0.4249558121646577,,40010,"[""L002"", ""L009"", ""L014"", ""L026"", ""R001"", ""R004"", ""R005"", ""R007"", ""C001""]",,,9.0,0.0,3.0,7382.04957650677,asymmetric,3132.491454860193,,2617.9504234932306,2020.0561085395216,2.0,0.0,48.0,12512.262953077603,8341.508635385067,0.884977753927122,0.8849777539271221
,,greedy_local_search,3167.666805407142,2,exp3:asymmetric:f0.5:v2.0:r011,2.0,3.0,9256.804192888776,,,hardening:asymmetric:r011,3,,,1284.4712907688686,0.5,catalog/geography,,,2.0,10000.000000000002,Catalog + geography,6.0,,0.5424597037970379,0.6228651462402627,0.7750530581657963,1464.976026759752,4834.9906406299215,moderate,3370.0146138701693,,0.6171202795259183,6171.202795259183,3370.0146138701693,,,,4.0,,6171.202795259183,0.3370014613870168,,40011,"[""L006"", ""L030"", ""R003"", ""R005"", ""R006"", ""R008"", ""C001"", ""C002""]",,,8.0,282.230899033218,3.0,6171.202795259183,asymmetric,2801.188181389013,,3828.7972047408166,1516.7168906201443,2.0,0.0,48.0,14245.035149520601,9496.690099680407,0.649826700722483,0.6498267007224826
,,greedy_local_search,3167.666805407142,2,exp3:asymmetric:f0.5:v2.0:r011,1.0,3.0,11356.96587870532,,,hardening:asymmetric:r011,3,,,1169.4413695478684,0.5,truthful resolved feasibility,,,2.0,10000.000000000002,Current feasibility,7.0,,0.7637045543773094,0.7135418152077877,0.8186218689391987,0.0,4434.999716286204,moderate,4434.999716286204,,0.7571310585803547,7571.310585803547,4434.999716286204,,,,5.0,,7571.310585803548,0.4434999716286203,,40011,"[""L014"", ""L030"", ""R002"", ""R003"", ""R006"", ""R007"", ""R008"", ""C001""]",,,8.0,0.0,3.0,7571.310585803547,asymmetric,3136.310869517344,,2428.689414196452,1966.869499969476,2.0,0.0,48.0,11944.257722871585,7962.838481914395,0.9508306118477597,0.9508306118477593
,,greedy_local_search,3192.8536656157503,2,exp3:asymmetric:f0.5:v2.0:r012,1.0,3.0,8115.777966275285,,,hardening:asymmetric:r012,3,,,1181.477779364128,0.5,catalog/geography,,,2.0,10000.000000000004,Catalog + geography,8.0,,0.5183795242363191,0.4017943228397367,0.8357653275905046,1708.4384166644195,4439.97695541083,moderate,2731.5385387464103,,0.5410518644183524,5410.518644183524,2731.5385387464103,,,,5.0,,5410.518644183524,0.2731538538746409,,40012,"[""L015"", ""L031"", ""R000"", ""R003"", ""R004"", ""R005"", ""R008"", ""C000""]",,,8.0,0.0,3.0,5410.518644183525,asymmetric,2678.9801054371137,,4589.481355816477,1497.502326072986,2.0,0.0,48.0,11858.87274569663,7905.915163797756,0.6843633573199741,0.6843633573199741
,,greedy_local_search,3192.8536656157503,2,exp3:asymmetric:f0.5:v2.0:r012,1.0,3.0,11650.60794831617,,,hardening:asymmetric:r012,3,,,1162.689885273669,0.5,truthful resolved feasibility,,,1.0,10000.000000000004,Current feasibility,7.0,,0.7996233964539416,0.6407884098178409,0.9630036235694664,0.0,4574.218299928364,moderate,4574.218299928364,,0.7767071965544114,7767.071965544114,4574.218299928364,,,,5.0,,7767.071965544114,0.4574218299928362,,40012,"[""L024"", ""R000"", ""R001"", ""R004"", ""R005"", ""R008"", ""C001""]",,,7.0,0.0,3.0,7767.071965544114,asymmetric,3192.8536656157503,,2232.9280344558865,2030.163780342081,2.0,0.0,48.0,11815.68065693586,7877.120437957242,0.9860293525686317,0.9860293525686316
,,greedy_local_search,3215.031053233879,2,exp3:asymmetric:f0.5:v2.0:r013,1.0,3.0,10161.796590487163,,,hardening:asymmetric:r013,3,,,1238.8885819020263,0.5,catalog/geography,,,1.0,9999.999999999998,Catalog + geography,6.0,,0.655592088396426,0.672083847544269,0.7360365980679588,1249.0289285590338,5257.587965336028,moderate,4008.559036776994,,0.6774531060324777,6774.531060324775,4008.559036776994,,,,6.0,,6774.531060324775,0.4008559036776994,,40013,"[""L035"", ""R000"", ""R001"", ""R002"", ""R004"", ""R006"", ""R008"", ""C001""]",,,8.0,70.70363349325424,3.0,6774.531060324774,asymmetric,2765.972023547781,,3225.468939675223,1527.0834416457546,2.0,0.0,48.0,12728.722814236417,8485.815209490942,0.7983359162414725,0.7983359162414726
,,greedy_local_search,3215.031053233879,2,exp3:asymmetric:f0.5:v2.0:r013,1.0,3.0,11935.828943594935,,,hardening:asymmetric:r013,3,,,1256.8757476872456,0.5,truthful resolved feasibility,,,1.0,9999.999999999998,Current feasibility,8.0,,0.8313947368952538,0.6903914997054764,0.8997863653660744,0.0,4742.188242496079,moderate,4742.188242496079,,0.795721929572996,7957.2192957299585,4742.188242496079,,,,6.0,,7957.219295729958,0.4742188242496079,,40013,"[""L016"", ""R000"", ""R001"", ""R002"", ""R004"", ""R005"", ""R007"", ""C001""]",,,8.0,0.0,3.0,7957.219295729958,asymmetric,3215.031053233879,,2042.7807042700404,1958.1553055466331,2.0,0.0,48.0,12731.344759305208,8487.563172870136,0.9375151776383372,0.9375151776383376
,,greedy_local_search,3226.2524599151698,2,exp3:asymmetric:f0.5:v2.0:r014,2.0,3.0,8888.297412829428,,,hardening:asymmetric:r014,3,,,1318.073543415324,0.5,catalog/geography,,,0.0,10000.0,Catalog + geography,4.0,,0.640230746256238,0.5239320094221344,0.6053656087112059,2518.0244938070728,5816.655617545622,moderate,3298.631123738549,,0.5925531608552953,5925.531608552952,3298.631123738549,,,,5.0,,5925.531608552952,0.3298631123738549,,40014,"[""R000"", ""R001"", ""R002"", ""R003"", ""R006"", ""C001"", ""C002""]",,,7.0,0.0,3.0,5925.531608552951,asymmetric,2626.900484814403,,4074.468391447047,1308.826941399079,2.0,0.0,48.0,14076.897196783255,9384.59813118884,0.631410266664483,0.6314102666644826
,,greedy_local_search,3226.2524599151698,2,exp3:asymmetric:f0.5:v2.0:r014,2.0,3.0,11628.011039910887,,,hardening:asymmetric:r014,3,,,1329.088004826659,0.5,truthful resolved feasibility,,,2.0,10000.0,Current feasibility,8.0,,0.817060300079463,0.7380770723014298,0.7459831282640033,0.0,4525.754900025422,moderate,4525.754900025422,,0.7752007359940593,7752.007359940591,4525.754900025422,,,,4.0,,7752.007359940591,0.4525754900025422,,40014,"[""L002"", ""L019"", ""R000"", ""R001"", ""R004"", ""R007"", ""C000"", ""C001""]",,,8.0,0.0,3.0,7752.007359940592,asymmetric,3226.2524599151698,,2247.9926400594068,1897.1644550885107,2.0,0.0,48.0,13114.2991256417,8742.866083761139,0.8866666017381933,0.886666601738193
,,greedy_local_search,3183.9642388539933,2,exp3:asymmetric:f0.5:v2.0:r015,3.0,3.0,8549.068000060626,,,hardening:asymmetric:r015,3,,,1219.8125166051518,0.5,catalog/geography,,,0.0,10000.000000000002,Catalog + geography,4.0,,0.5348665380540177,0.6012163653412431,0.5941109833848267,2740.04475987851,5932.630927550818,moderate,3192.5861676723084,,0.5699378666707086,5699.378666707085,3192.5861676723084,,,,3.0,,5699.378666707084,0.3192586167672308,,40015,"[""R000"", ""R002"", ""R005"", ""C000"", ""C001"", ""C002""]",,,6.0,290.82405811081185,3.0,5699.378666707085,asymmetric,2506.792499034776,,4300.6213332929165,1286.9799824296242,2.0,0.0,48.0,14465.845420993744,9643.896947329165,0.590982949925186,0.5909829499251859
,,greedy_local_search,3183.9642388539933,2,exp3:asymmetric:f0.5:v2.0:r015,2.0,3.0,11988.266961341267,,,hardening:asymmetric:r015,3,,,1260.4908662981543,0.5,truthful resolved feasibility,,,2.0,10000.000000000002,Current feasibility,8.0,,0.7615807604943579,0.8526059629622836,0.7904718408174541,0.0,4808.21373537352,moderate,4808.21373537352,,0.7992177974227512,7992.177974227512,4808.21373537352,,,,4.0,,7992.177974227512,0.4808213735373519,,40015,"[""L027"", ""L033"", ""R002"", ""R004"", ""R005"", ""R006"", ""C001"", ""C002""]",,,8.0,0.0,3.0,7992.177974227512,asymmetric,3183.964238853993,,2007.822025772489,1923.4733725558383,2.0,0.0,48.0,14037.352313493964,9358.234875662645,0.8540262218692815,0.8540262218692812
,,greedy_local_search,3191.431769562457,2,exp3:asymmetric:f0.5:v2.0:r016,2.0,3.0,11300.573927062862,,,hardening:asymmetric:r016,3,,,1286.089757431164,0.5,catalog/geography,,,0.0,10000.000000000004,Catalog + geography,5.0,,0.5249463823511251,0.9347274488290384,0.949955579946772,709.9394313722796,5293.071388566262,moderate,4583.131957193982,,0.7533715951375242,7533.715951375241,4583.131957193982,,,,5.0,,7533.715951375242,0.458313195719398,,40016,"[""R000"", ""R001"", ""R002"", ""R004"", ""R007"", ""C000"", ""C001""]",,,7.0,139.45076051732454,3.0,7533.715951375243,asymmetric,2950.58399418126,,2466.2840486247587,1664.4942367500958,2.0,0.0,48.0,14419.852766003629,9613.235177335757,0.7836816443580613,0.7836816443580611
,,greedy_local_search,3191.431769562457,2,exp3:asymmetric:f0.5:v2.0:r016,2.0,3.0,12391.12745481421,,,hardening:asymmetric:r016,3,,,1213.4304184451162,0.5,truthful resolved feasibility,,,3.0,10000.000000000004,Current feasibility,7.0,,0.6964291416579893,0.926616293451302,0.9418317360011496,0.0,5075.298742451059,moderate,5075.298742451059,,0.8260751636542807,8260.751636542807,5075.298742451059,,,,3.0,,8260.751636542807,0.5075298742451058,,40016,"[""L004"", ""L025"", ""L030"", ""R001"", ""R004"", ""R007"", ""C000"", ""C001""]",,,8.0,0.0,3.0,8260.75163654281,asymmetric,3185.452894091748,,1739.248363457193,1972.022475646632,2.0,0.0,48.0,13617.913783998458,9078.609189332308,0.9099137835175777,0.9099137835175777
,,greedy_local_search,3139.619133310156,2,exp3:asymmetric:f0.5:v2.0:r017,2.0,3.0,5010.286036532496,,,hardening:asymmetric:r017,3,,,1206.641876602489,0.5,catalog/geography,,,1.0,9999.999999999998,Catalog + geography,6.0,,0.2370944601251634,0.3884092510733866,0.4569166208507877,4235.039665065287,5472.857003063997,moderate,1237.8173379987095,,0.3340190691021664,3340.190691021664,1237.8173379987095,,,,4.0,,3340.190691021664,0.123781733799871,,40017,"[""L031"", ""R002"", ""R003"", ""R005"", ""R007"", ""C000"", ""C002""]",,,7.0,286.0901975189432,3.0,3340.190691021664,asymmetric,2102.3733530229542,,6659.809308978336,895.7314764204651,2.0,0.0,48.0,13168.651913095095,8779.101275396726,0.380470686718524,0.3804706867185242
,,greedy_local_search,3139.619133310156,2,exp3:asymmetric:f0.5:v2.0:r017,1.0,3.0,10869.846152698405,,,hardening:asymmetric:r017,3,,,1141.7416417575737,0.5,truthful resolved feasibility,,,2.0,9999.999999999998,Current feasibility,7.0,,0.5007796764012676,1.0,0.746527778996616,0.0,4106.94496848878,moderate,4106.94496848878,,0.7246564101798937,7246.564101798936,4106.94496848878,,,,5.0,,7246.564101798936,0.4106944968488781,,40017,"[""L004"", ""L015"", ""R000"", ""R001"", ""R002"", ""R004"", ""R005"", ""C001""]",,,8.0,0.0,3.0,7246.564101798936,asymmetric,3139.619133310156,,2753.4358982010635,1997.8774915525823,2.0,0.0,48.0,12019.335194438143,8012.890129625426,0.9043633426354849,0.904363342635485
,,greedy_local_search,3122.2820399652,2,exp3:asymmetric:f0.5:v2.0:r018,2.0,3.0,6475.333099977245,,,hardening:asymmetric:r018,3,,,1177.8838395381822,0.5,catalog/geography,,,1.0,10000.000000000002,Catalog + geography,4.0,,0.4603931069458972,0.4344011826749542,0.362357806349643,3428.612537239518,5509.517639553271,moderate,2080.9051023137526,,0.4316888733318164,4316.888733318164,2080.9051023137526,,,,4.0,,4316.888733318164,0.2080905102313752,,40018,"[""L028"", ""R004"", ""R006"", ""R007"", ""R008"", ""C000"", ""C002""]",,,7.0,0.0,3.0,4316.888733318164,asymmetric,2235.983631004411,,5683.111266681838,1058.099791466229,2.0,0.0,48.0,13849.581836450488,9233.054557633657,0.467547192142287,0.4675471921422872
,,greedy_local_search,3122.2820399652,2,exp3:asymmetric:f0.5:v2.0:r018,1.0,3.0,10398.23777651434,,,hardening:asymmetric:r018,3,,,1219.627119163909,0.5,truthful resolved feasibility,,,3.0,10000.000000000002,Current feasibility,7.0,,0.8508080673588243,0.5680095136657098,0.5577444583657659,0.0,3809.8764777110273,moderate,3809.8764777110273,,0.6932158517676227,6932.158517676226,3809.8764777110273,,,,5.0,,6932.158517676227,0.3809876477711026,,40018,"[""L014"", ""L019"", ""L032"", ""R001"", ""R004"", ""R006"", ""R007"", ""R008"", ""C001""]",,,9.0,0.0,3.0,6932.158517676227,asymmetric,3122.2820399652,,3067.8414823237745,1902.6549208012916,2.0,0.0,48.0,12754.759493798632,8503.172995865752,0.8152437356086538,0.8152437356086542
,,greedy_local_search,3154.233279599062,2,exp3:asymmetric:f0.5:v2.0:r019,1.0,3.0,9166.159110190636,,,hardening:asymmetric:r019,3,,,1320.0638228739504,0.5,catalog/geography,,,0.0,9999.999999999998,Catalog + geography,6.0,,0.6658933273593706,0.543954402097029,0.6052061798351611,1357.7869237160244,4665.678534051,moderate,3307.891610334975,,0.6110772740127092,6110.772740127091,3307.891610334975,,,,7.0,,6110.772740127091,0.3307891610334976,,40019,"[""R000"", ""R001"", ""R003"", ""R004"", ""R005"", ""R006"", ""R008"", ""C001""]",,,8.0,0.0,3.0,6110.772740127091,asymmetric,2802.881129792116,,3889.2272598729087,1482.8173069181655,2.0,0.0,48.0,13551.57422839116,9034.382818927439,0.6763907244803425,0.6763907244803427
,,greedy_local_search,3154.233279599062,2,exp3:asymmetric:f0.5:v2.0:r019,0.0,3.0,10637.522704466555,,,hardening:asymmetric:r019,3,,,1196.6013583289036,0.5,truthful resolved feasibility,,,4.0,9999.999999999998,Current feasibility,8.0,,0.6776723264229852,0.5925857801781677,0.9840530517253414,0.0,3937.448523378641,moderate,3937.448523378641,,0.7091681802977703,7091.681802977703,3937.448523378641,,,,6.0,,7091.681802977703,0.3937448523378641,,40019,"[""L000"", ""L002"", ""L025"", ""L031"", ""R000"", ""R001"", ""R003"", ""R004"", ""R007"", ""R008""]",,,10.0,0.0,3.0,7091.681802977703,asymmetric,3154.2332795990624,,2908.3181970222968,1957.6319212701587,2.0,0.0,48.0,11373.574973311675,7582.383315541115,0.9352840008025373,0.9352840008025375
,,greedy_local_search,3178.14460467704,2,exp3:asymmetric:f1.0:v0.5:r000,1.0,3.0,7609.453935489526,,,hardening:asymmetric:r000,3,,,2606.4224636773024,1.0,catalog/geography,,,0.0,9999.999999999996,Catalog + geography,6.0,,0.3665045710088618,0.6070213489475983,0.649561999734939,3726.5906395372513,5854.4885586162645,moderate,2127.8979190790133,,0.5072969290326351,5072.969290326351,2127.8979190790133,,,,7.0,,5072.969290326351,0.2127897919079014,,40000,"[""R001"", ""R002"", ""R003"", ""R004"", ""R005"", ""R007"", ""R008"", ""C000""]",,,8.0,292.84073585513823,3.0,5072.969290326351,asymmetric,2945.071371247338,,4927.030709673649,338.6489075700354,0.5,0.0,48.0,13548.049886655863,9032.03325777057,0.5616641508667937,0.5616641508667941
,,greedy_local_search,3178.14460467704,2,exp3:asymmetric:f1.0:v0.5:r000,1.0,3.0,12297.01831962808,,,hardening:asymmetric:r000,3,,,2620.975972962208,1.0,truthful resolved feasibility,,,2.0,9999.999999999996,Current feasibility,9.0,,0.8032641921554322,0.8505586492105647,0.8031840380744828,0.0,5036.477528515027,moderate,5036.477528515027,,0.8198012213085387,8198.012213085387,5036.477528515027,,,,6.0,,8198.012213085387,0.5036477528515029,,40000,"[""L009"", ""L014"", ""R001"", ""R002"", ""R003"", ""R004"", ""R006"", ""R007"", ""C001""]",,,9.0,0.0,3.0,8198.012213085389,asymmetric,3161.53468457036,,1801.987786914613,540.5587116081522,0.5,0.0,48.0,12878.674116272252,8585.782744181497,0.9548357391923405,0.9548357391923413
,,greedy_local_search,3160.754947153236,2,exp3:asymmetric:f1.0:v0.5:r001,1.0,3.0,10713.58731861598,,,hardening:asymmetric:r001,3,,,2554.393847607585,1.0,catalog/geography,,,4.0,10000.0,Catalog + geography,9.0,,0.704950873196125,0.716834913074256,0.7305952103007639,954.0850216503112,5026.685502472433,moderate,4072.6004808221214,,0.7142391545743986,7142.391545743986,4072.6004808221214,,,,5.0,,7142.391545743985,0.4072600480822121,,40001,"[""L011"", ""L021"", ""L026"", ""L033"", ""R000"", ""R001"", ""R002"", ""R004"", ""R007"", ""C001""]",,,10.0,0.0,3.0,7142.391545743986,asymmetric,3069.791064921864,,2857.6084542560134,515.3972173142788,0.5,0.0,48.0,12738.507940613801,8492.338627075867,0.841039419103251,0.8410394191032509
,,greedy_local_search,3160.754947153236,2,exp3:asymmetric:f1.0:v0.5:r001,1.0,3.0,12080.42422997881,,,hardening:asymmetric:r001,3,,,2485.3582904564078,1.0,truthful resolved feasibility,,,5.0,10000.0,Current feasibility,10.0,,0.7608330149472536,0.7799657774460639,0.9499936824976714,0.0,4949.827463083336,moderate,4949.827463083336,,0.8053616153319206,8053.616153319206,4949.827463083336,,,,4.0,,8053.616153319206,0.4949827463083335,,40001,"[""L008"", ""L009"", ""L011"", ""L015"", ""L021"", ""R000"", ""R001"", ""R004"", ""R005"", ""C001""]",,,10.0,0.0,3.0,8053.616153319208,asymmetric,3103.7886902358705,,1946.383846680792,618.430399779463,0.5,0.0,48.0,12146.451439165743,8097.634292777162,0.9945640741645719,0.9945640741645722
,,greedy_local_search,3133.056593146416,2,exp3:asymmetric:f1.0:v0.5:r002,1.0,3.0,9883.169500544936,,,hardening:asymmetric:r002,3,,,2442.8035528535,1.0,catalog/geography,,,3.0,10000.000000000002,Catalog + geography,8.0,,0.531792272320468,0.8529872441701541,0.6051295434961561,1709.621195153858,5406.215121415211,moderate,3696.593926261353,,0.6588779667029957,6588.779667029958,3696.593926261353,,,,5.0,,6588.779667029959,0.3696593926261352,,40002,"[""L015"", ""L019"", ""L027"", ""R000"", ""R003"", ""R006"", ""R007"", ""R008"", ""C001""]",,,9.0,137.6393948798095,3.0,6588.779667029958,asymmetric,2892.1857407686057,,3411.2203329700437,449.38218791510616,0.5,0.0,48.0,12632.52854032545,8421.6856935503,0.7823587707715021,0.7823587707715021
,,greedy_local_search,3133.056593146416,2,exp3:asymmetric:f1.0:v0.5:r002,0.0,3.0,11862.91325707093,,,hardening:asymmetric:r002,3,,,2509.2182959072734,1.0,truthful resolved feasibility,,,7.0,10000.000000000002,Current feasibility,12.0,,0.5794387117256969,0.9558804242659094,0.9777765751754832,0.0,4775.55224490087,moderate,4775.55224490087,,0.7908608838047283,7908.608838047285,4775.55224490087,,,,5.0,,7908.608838047287,0.4775552244900869,,40002,"[""L007"", ""L015"", ""L020"", ""L021"", ""L022"", ""L027"", ""L032"", ""R000"", ""R003"", ""R004"", ""R005"", ""R007""]",,,12.0,0.0,3.0,7908.608838047287,asymmetric,3133.056593146416,,2091.391161952716,623.8382972391429,0.5,0.0,48.0,11953.018277942894,7968.678851961931,0.9924617348709124,0.9924617348709122
,,greedy_local_search,3160.085619378712,2,exp3:asymmetric:f1.0:v0.5:r003,1.0,3.0,8625.550069630468,,,hardening:asymmetric:r003,3,,,2552.376962269569,1.0,catalog/geography,,,2.0,10000.000000000002,Catalog + geography,7.0,,0.6042881235862235,0.4395475250502139,0.7463269096366113,2992.5008640136675,5782.360391332108,moderate,2789.85952731844,,0.5750366713086978,5750.366713086978,2789.85952731844,,,,6.0,,5750.366713086978,0.2789859527318439,,40003,"[""L006"", ""L020"", ""R000"", ""R001"", ""R002"", ""R004"", ""R005"", ""R006"", ""C000""]",,,9.0,0.0,3.0,5750.366713086977,asymmetric,2960.507185768538,,4249.633286913022,408.1302234989688,0.5,0.0,48.0,13381.749669265919,8921.16644617728,0.6445756558606763,0.6445756558606761
,,greedy_local_search,3160.085619378712,2,exp3:asymmetric:f1.0:v0.5:r003,1.0,3.0,11669.428651475531,,,hardening:asymmetric:r003,3,,,2590.6837627638724,1.0,truthful resolved feasibility,,,5.0,10000.000000000002,Current feasibility,10.0,,0.6765418946555626,0.8731461063676369,0.8395846013734644,0.0,4630.835157614652,moderate,4630.835157614652,,0.7779619100983688,7779.619100983688,4630.835157614652,,,,4.0,,7779.619100983689,0.463083515761465,,40003,"[""L002"", ""L006"", ""L014"", ""L024"", ""L027"", ""R001"", ""R003"", ""R004"", ""R006"", ""C001""]",,,10.0,0.0,3.0,7779.61910098369,asymmetric,3148.783943369038,,2220.380899016311,558.1001806051654,0.5,0.0,48.0,12427.178886164796,8284.785924109867,0.9390247584242253,0.9390247584242254
,,greedy_local_search,3189.1083616392616,2,exp3:asymmetric:f1.0:v0.5:r004,2.0,3.0,8270.167188838124,,,hardening:asymmetric:r004,3,,,2575.459454652104,1.0,catalog/geography,,,2.0,9999.999999999998,Catalog + geography,6.0,,0.5270186006901507,0.5726409068451424,0.5688089577475368,3487.7189399810018,6048.339822342007,moderate,2560.620882361005,,0.551344479255875,5513.44479255875,2560.620882361005,,,,4.0,,5513.44479255875,0.2560620882361006,,40004,"[""L009"", ""L024"", ""R000"", ""R002"", ""R003"", ""R008"", ""C000"", ""C001""]",,,8.0,0.0,3.0,5513.44479255875,asymmetric,2952.8239101977447,,4486.55520744125,377.36445554564096,0.5,0.0,48.0,14035.622968589536,9357.08197905969,0.5892269411444021,0.5892269411444021
,,greedy_local_search,3189.1083616392616,2,exp3:asymmetric:f1.0:v0.5:r004,1.0,3.0,12301.080763585793,,,hardening:asymmetric:r004,3,,,2574.8171684197505,1.0,truthful resolved feasibility,,,4.0,9999.999999999998,Current feasibility,10.0,,0.7886571883766379,0.7991948664721069,0.9272905643549756,0.0,5019.24313951898,moderate,5019.24313951898,,0.8200720509057196,8200.720509057195,5019.24313951898,,,,5.0,,8200.720509057195,0.5019243139518981,,40004,"[""L008"", ""L009"", ""L013"", ""L030"", ""R000"", ""R003"", ""R005"", ""R006"", ""R007"", ""C001""]",,,10.0,0.0,3.0,8200.720509057197,asymmetric,3181.4773695382155,,1799.279490942804,606.660201118465,0.5,0.0,48.0,12961.096313886495,8640.730875924333,0.9490771818743787,0.9490771818743786
,,greedy_local_search,3216.051041216963,2,exp3:asymmetric:f1.0:v0.5:r005,1.0,3.0,9056.28073768333,,,hardening:asymmetric:r005,3,,,2543.2767972290867,1.0,catalog/geography,,,3.0,10000.0,Catalog + geography,5.0,,0.639574082936606,0.5772216799229437,0.569580619421928,2806.638676753544,5898.446718117864,moderate,3091.8080413643206,,0.6037520491788886,6037.520491788886,3091.8080413643206,,,,5.0,,6037.520491788887,0.309180804136432,,40005,"[""L003"", ""L020"", ""L025"", ""R002"", ""R004"", ""R005"", ""R007"", ""R008"", ""C001""]",,,9.0,0.0,3.0,6037.520491788886,asymmetric,2945.712450424566,,3962.4795082111145,402.4356531954794,0.5,0.0,48.0,13596.464460982037,9064.30964065469,0.6660761526404356,0.6660761526404356
,,greedy_local_search,3216.051041216963,2,exp3:asymmetric:f1.0:v0.5:r005,1.0,3.0,11403.453108755712,,,hardening:asymmetric:r005,3,,,2521.407865174007,1.0,truthful resolved feasibility,,,5.0,10000.0,Current feasibility,10.0,,0.9209192335652696,0.5578367260462409,0.752868490149125,0.0,4518.707023756722,moderate,4518.707023756722,,0.7602302072503806,7602.302072503806,4518.707023756722,,,,4.0,,7602.302072503807,0.4518707023756722,,40005,"[""L010"", ""L014"", ""L022"", ""L025"", ""L033"", ""R000"", ""R003"", ""R004"", ""R005"", ""C001""]",,,10.0,0.0,3.0,7602.302072503807,asymmetric,3083.5950487470845,,2397.6979274961936,562.1871835730778,0.5,0.0,48.0,12327.075760992771,8218.050507328517,0.9250736614145157,0.9250736614145154
,,greedy_local_search,3105.939528570514,2,exp3:asymmetric:f1.0:v0.5:r006,1.0,3.0,8221.470007910051,,,hardening:asymmetric:r006,3,,,2516.09426958224,1.0,catalog/geography,,,2.0,9999.999999999998,Catalog + geography,5.0,,0.4879632693849078,0.6730110064020729,0.4648033853170132,3200.105974253475,5783.3168693029465,moderate,2583.210895049472,,0.5480980005273367,5480.980005273367,2583.210895049472,,,,6.0,,5480.980005273366,0.2583210895049472,,40006,"[""L007"", ""L035"", ""R002"", ""R003"", ""R004"", ""R005"", ""R007"", ""R008"", ""C002""]",,,9.0,0.0,3.0,5480.980005273366,asymmetric,2897.7691102238946,,4519.019994726633,381.6748406416546,0.5,0.0,48.0,13332.525177419977,8888.350118279985,0.6166476266501989,0.6166476266501988
,,greedy_local_search,3105.939528570514,2,exp3:asymmetric:f1.0:v0.5:r006,1.0,3.0,11579.276293533208,,,hardening:asymmetric:r006,3,,,2556.0942238005364,1.0,truthful resolved feasibility,,,6.0,9999.999999999998,Current feasibility,10.0,,0.7130206466758159,0.8865478558755172,0.7040035617083292,0.0,4622.285362354879,moderate,4622.285362354879,,0.771951752902214,7719.51752902214,4622.285362354879,,,,4.0,,7719.51752902214,0.462228536235488,,40006,"[""L010"", ""L013"", ""L014"", ""L016"", ""L021"", ""L033"", ""R002"", ""R003"", ""R004"", ""R008"", ""C001""]",,,11.0,0.0,3.0,7719.51752902214,asymmetric,3097.232166667261,,2280.4824709778604,541.137942866724,0.5,0.0,48.0,12820.952012210659,8547.30134147377,0.9031526116395351,0.9031526116395353
,,greedy_local_search,3145.357852427541,2,exp3:asymmetric:f1.0:v0.5:r007,0.0,3.0,11088.87379427506,,,hardening:asymmetric:r007,3,,,2520.867620511038,1.0,catalog/geography,,,5.0,9999.999999999998,Catalog + geography,11.0,,0.491204213062211,1.0,0.841081785368379,782.1404222767151,5079.619142739544,moderate,4297.478720462829,,0.7392582529516707,7392.582529516707,4297.478720462829,,,,6.0,,7392.582529516707,0.429747872046283,,40007,"[""L004"", ""L009"", ""L013"", ""L017"", ""L029"", ""R000"", ""R001"", ""R003"", ""R004"", ""R005"", ""R006""]",,,11.0,0.0,3.0,7392.582529516707,asymmetric,3095.1038090538777,,2607.417470483292,574.23618854284,0.5,0.0,48.0,12331.447950994057,8220.965300662703,0.8992353402733348,0.8992353402733352
,,greedy_local_search,3145.357852427541,2,exp3:asymmetric:f1.0:v0.5:r007,1.0,3.0,12241.189612037177,,,hardening:asymmetric:r007,3,,,2559.161589445383,1.0,truthful resolved feasibility,,,5.0,9999.999999999998,Current feasibility,10.0,,0.6823007534998783,0.9312258941062708,0.9155745272850256,0.0,5015.624655886608,moderate,5015.624655886608,,0.816079307469145,8160.793074691451,5015.624655886608,,,,4.0,,8160.793074691452,0.5015624655886609,,40007,"[""L007"", ""L009"", ""L013"", ""L017"", ""L029"", ""R001"", ""R002"", ""R003"", ""R007"", ""C001""]",,,10.0,0.0,3.0,8160.793074691451,asymmetric,3145.1684188048444,,1839.2069253085488,586.0068293594614,0.5,0.0,48.0,12537.103736188948,8358.069157459297,0.9763969310313991,0.9763969310313994
,,greedy_local_search,3186.473778113356,2,exp3:asymmetric:f1.0:v0.5:r008,2.0,3.0,7998.746745323357,,,hardening:asymmetric:r008,3,,,2584.2327968903423,1.0,catalog/geography,,,1.0,9999.999999999998,Catalog + geography,4.0,,0.5952274764649073,0.3496048540159335,0.7151785985338609,3227.2375118442333,5645.653837619069,moderate,2418.416325774836,,0.5332497830215573,5332.497830215572,2418.416325774836,,,,4.0,,5332.497830215571,0.2418416325774836,,40008,"[""L018"", ""R002"", ""R004"", ""R006"", ""R007"", ""C001"", ""C002""]",,,7.0,589.5666448259198,3.0,5332.497830215571,asymmetric,2914.0815044407354,,4667.502169784428,329.8487075503931,0.5,0.0,48.0,13379.476846797465,8919.65123119831,0.5978370333095611,0.5978370333095611
,,greedy_local_search,3186.473778113356,2,exp3:asymmetric:f1.0:v0.5:r008,1.0,3.0,10907.443534083472,,,hardening:asymmetric:r008,3,,,2645.617895504617,1.0,truthful resolved feasibility,,,7.0,9999.999999999998,Current feasibility,9.0,,0.7443407712267938,0.5808162168094991,0.9446193966842488,0.0,4099.811168907638,moderate,4099.811168907638,,0.7271629022722318,7271.629022722316,4099.811168907638,,,,3.0,,7271.629022722316,0.4099811168907638,,40008,"[""L007"", ""L008"", ""L017"", ""L019"", ""L021"", ""L022"", ""L030"", ""R001"", ""R004"", ""R008"", ""C001""]",,,11.0,0.0,3.0,7271.629022722316,asymmetric,3171.8178538146785,,2728.370977277683,526.1999583100617,0.5,0.0,48.0,12294.396608962228,8196.264405974818,0.8871881948344085,0.8871881948344087
,,greedy_local_search,3182.8115459264554,2,exp3:asymmetric:f1.0:v0.5:r009,0.0,3.0,11200.745033634355,,,hardening:asymmetric:r009,3,,,2534.425082823844,1.0,catalog/geography,,,7.0,10000.0,Catalog + geography,11.0,,0.6749363546954944,0.8338253358014659,0.7557805421606917,559.7901710872957,4893.284389706228,moderate,4333.494218618932,,0.7467163355756239,7467.163355756239,4333.494218618932,,,,5.0,,7467.16335575624,0.4333494218618932,,40009,"[""L002"", ""L010"", ""L014"", ""L015"", ""L018"", ""L029"", ""L032"", ""R001"", ""R003"", ""R004"", ""R005"", ""R007""]",,,12.0,0.0,3.0,7467.163355756239,asymmetric,3133.669137137308,,2532.836644243761,599.2440543134645,0.5,0.0,48.0,12102.372611064819,8068.2484073765445,0.9254999324177035,0.9254999324177039
,,greedy_local_search,3182.8115459264554,2,exp3:asymmetric:f1.0:v0.5:r009,1.0,3.0,12818.577874502982,,,hardening:asymmetric:r009,3,,,2579.1413479039297,1.0,truthful resolved feasibility,,,4.0,10000.0,Current feasibility,10.0,,0.7915493298109834,0.9472418180113884,0.8342001179063516,0.0,5362.907037075533,moderate,5362.907037075533,,0.8545718583001988,8545.718583001988,5362.907037075533,,,,5.0,,8545.718583001988,0.5362907037075533,,40009,"[""L002"", ""L010"", ""L014"", ""L015"", ""R001"", ""R003"", ""R005"", ""R006"", ""R007"", ""C001""]",,,10.0,0.0,3.0,8545.718583001988,asymmetric,3182.8115459264554,,1454.281416998013,603.6701980225257,0.5,0.0,48.0,13189.758120602111,8793.172080401406,0.9718584493585706,0.9718584493585708
,,greedy_local_search,3145.9474472763204,2,exp3:asymmetric:f1.0:v0.5:r010,1.0,3.0,8214.67261455721,,,hardening:asymmetric:r010,3,,,2483.346855640262,1.0,catalog/geography,,,0.0,10000.0,Catalog + geography,6.0,,0.6514613355525435,0.1650358163507213,0.9836235212454184,3889.0341497326544,6482.041065432341,moderate,2593.006915699687,,0.5476448409704805,5476.448409704806,2593.006915699687,,,,7.0,,5476.448409704807,0.2593006915699687,,40010,"[""R001"", ""R002"", ""R003"", ""R004"", ""R005"", ""R006"", ""R007"", ""C002""]",,,8.0,0.0,3.0,5476.448409704806,asymmetric,2883.44149400512,,4523.551590295194,400.0946383648578,0.5,0.0,48.0,14392.405004409333,9594.936669606222,0.5707644144283405,0.5707644144283404
,,greedy_local_search,3145.9474472763204,2,exp3:asymmetric:f1.0:v0.5:r010,1.0,3.0,11954.687359578504,,,hardening:asymmetric:r010,3,,,2453.905970545215,1.0,truthful resolved feasibility,,,7.0,10000.0,Current feasibility,11.0,,0.904517971651032,0.6021457976885879,0.8959752043563172,0.0,4922.92870757125,moderate,4922.92870757125,,0.7969791573052336,7969.791573052337,4922.92870757125,,,,3.0,,7969.791573052336,0.492292870757125,,40010,"[""L002"", ""L009"", ""L014"", ""L015"", ""L021"", ""L022"", ""L026"", ""R001"", ""R004"", ""R007"", ""C001""]",,,11.0,0.0,3.0,7969.791573052335,asymmetric,3046.8628654810864,,2030.2084269476643,592.9568949358714,0.5,0.0,48.0,12944.922621218651,8629.948414145767,0.9235039644024596,0.9235039644024595
,,greedy_local_search,3167.666805407142,2,exp3:asymmetric:f1.0:v0.5:r011,1.0,3.0,8019.996274260383,,,hardening:asymmetric:r011,3,,,2552.186734608978,1.0,catalog/geography,,,2.0,10000.000000000002,Catalog + geography,5.0,,0.566576121938142,0.4153131808935161,0.6717377504956549,3406.4567777277384,5809.498018573655,moderate,2403.0412408459165,,0.5346664182840255,5346.664182840255,2403.0412408459165,,,,6.0,,5346.664182840255,0.2403041240845916,,40011,"[""L006"", ""L035"", ""R002"", ""R003"", ""R004"", ""R005"", ""R006"", ""R008"", ""C002""]",,,9.0,699.8640840858648,3.0,5346.664182840255,asymmetric,2943.622941994339,,4653.335817159745,391.4362073853609,0.5,0.0,48.0,14237.712398399963,9491.80826559998,0.5632924763364142,0.563292476336414
,,greedy_local_search,3167.666805407142,2,exp3:asymmetric:f1.0:v0.5:r011,1.0,3.0,12196.220281957354,,,hardening:asymmetric:r011,3,,,2594.997619874467,1.0,truthful resolved feasibility,,,6.0,10000.000000000002,Current feasibility,10.0,,0.7794358274402345,0.7818400282664498,0.943456099445636,0.0,4963.2539952830175,moderate,4963.2539952830175,,0.8130813521304903,8130.813521304903,4963.2539952830175,,,,4.0,,8130.813521304902,0.4963253995283017,,40011,"[""L001"", ""L006"", ""L013"", ""L014"", ""L030"", ""L033"", ""R002"", ""R003"", ""R006"", ""R008"", ""C001""]",,,11.0,0.0,3.0,8130.813521304901,asymmetric,3167.5595260218847,,1869.186478695097,572.5619061474177,0.5,0.0,48.0,13022.324965883938,8681.549977255961,0.9365624275165284,0.9365624275165279
,,greedy_local_search,3192.8536656157503,2,exp3:asymmetric:f1.0:v0.5:r012,1.0,3.0,8974.545160418198,,,hardening:asymmetric:r012,3,,,2570.338958119512,1.0,catalog/geography,,,2.0,10000.000000000004,Catalog + geography,8.0,,0.4452344638892113,0.5894116234792622,0.9582671686332986,2597.854459751908,5577.450688895622,moderate,2979.596229143714,,0.5983030106945467,5983.030106945467,2979.596229143714,,,,6.0,,5983.030106945465,0.2979596229143713,,40012,"[""L015"", ""L031"", ""R000"", ""R001"", ""R003"", ""R004"", ""R005"", ""R007"", ""C000""]",,,9.0,0.0,3.0,5983.030106945467,asymmetric,3003.433877801752,,4016.969893054534,433.09491968223927,0.5,0.0,48.0,13135.383757049007,8756.92250469934,0.6832343330359172,0.6832343330359172
,,greedy_local_search,3192.8536656157503,2,exp3:asymmetric:f1.0:v0.5:r012,1.0,3.0,12758.749301246346,,,hardening:asymmetric:r012,3,,,2558.2570004778245,1.0,truthful resolved feasibility,,,1.0,10000.000000000004,Current feasibility,8.0,,0.8739405197152045,0.7590189118607273,0.9582671686332986,0.0,5369.716942320254,moderate,5369.716942320254,,0.8505832867497564,8505.832867497564,5369.716942320254,,,,6.0,,8505.832867497564,0.5369716942320252,,40012,"[""L000"", ""R000"", ""R001"", ""R004"", ""R005"", ""R007"", ""R008"", ""C001""]",,,8.0,0.0,3.0,8505.832867497564,asymmetric,3136.1159251773097,,1494.1671325024372,577.8589246994853,0.5,0.0,48.0,13153.92992479952,8769.286616533016,0.9699572199477717,0.9699572199477715
,,greedy_local_search,3215.031053233879,2,exp3:asymmetric:f1.0:v0.5:r013,1.0,3.0,10652.99664589609,,,hardening:asymmetric:r013,3,,,2605.284827064356,1.0,catalog/geography,,,4.0,9999.999999999998,Catalog + geography,8.0,,0.6065266665570539,0.7075624991194625,0.9480795087529326,1754.760387601461,5813.338233548948,moderate,4058.577845947487,,0.7101997763930726,7101.997763930725,4058.577845947487,,,,5.0,,7101.997763930725,0.4058577845947487,,40013,"[""L012"", ""L016"", ""L022"", ""L023"", ""R000"", ""R002"", ""R004"", ""R005"", ""R006"", ""C001""]",,,10.0,149.08869204011228,3.0,7101.997763930725,asymmetric,3043.4199179832385,,2898.0022360692724,438.135090918883,0.5,0.0,48.0,13509.683024168844,9006.455349445892,0.7885452698511033,0.7885452698511034
,,greedy_local_search,3215.031053233879,2,exp3:asymmetric:f1.0:v0.5:r013,1.0,3.0,12642.524390870589,,,hardening:asymmetric:r013,3,,,2639.3381969594934,1.0,truthful resolved feasibility,,,6.0,9999.999999999998,Current feasibility,10.0,,0.8184242481984544,0.863460965844546,0.8616635482823848,0.0,5213.318540679846,moderate,5213.318540679846,,0.8428349593913727,8428.349593913725,5213.318540679846,,,,4.0,,8428.349593913725,0.5213318540679847,,40013,"[""L007"", ""L015"", ""L016"", ""L026"", ""L032"", ""L033"", ""R001"", ""R002"", ""R004"", ""R005"", ""C001""]",,,11.0,0.0,3.0,8428.349593913725,asymmetric,3215.031053233879,,1571.650406086274,575.6928562743856,0.5,0.0,48.0,12904.971154056195,8603.314102704127,0.9796631267088795,0.9796631267088797
,,greedy_local_search,3226.2524599151698,2,exp3:asymmetric:f1.0:v0.5:r014,2.0,3.0,9463.77266877712,,,hardening:asymmetric:r014,3,,,2620.907698944365,1.0,catalog/geography,,,2.0,10000.0,Catalog + geography,5.0,,0.740815529777197,0.4883102521973338,0.6332130062483462,2925.320355153569,6239.022429476417,moderate,3313.702074322848,,0.6309181779184747,6309.181779184746,3313.702074322848,,,,4.0,,6309.181779184747,0.3313702074322848,,40014,"[""L003"", ""L010"", ""R000"", ""R001"", ""R003"", ""R008"", ""C001"", ""C002""]",,,8.0,146.5108831299727,3.0,6309.181779184746,asymmetric,2995.4797048619,,3690.818220815253,374.5720059175341,0.5,0.0,48.0,14289.733358151867,9526.48890543458,0.6622777648526464,0.6622777648526462
,,greedy_local_search,3226.2524599151698,2,exp3:asymmetric:f1.0:v0.5:r014,1.0,3.0,12252.030216922612,,,hardening:asymmetric:r014,3,,,2593.227871672246,1.0,truthful resolved feasibility,,,3.0,10000.0,Current feasibility,9.0,,0.9108135931652376,0.7354164009483904,0.7477007860260704,0.0,5010.735212173648,moderate,5010.735212173648,,0.8168020144615077,8168.020144615075,5010.735212173648,,,,5.0,,8168.020144615075,0.5010735212173648,,40014,"[""L007"", ""L010"", ""L016"", ""R000"", ""R001"", ""R004"", ""R007"", ""R008"", ""C001""]",,,9.0,0.0,3.0,8168.020144615076,asymmetric,3157.284932441428,,1831.9798553849232,564.057060769182,0.5,0.0,48.0,12606.902340013212,8404.60156000881,0.9718509659613792,0.9718509659613791
,,greedy_local_search,3183.9642388539933,2,exp3:asymmetric:f1.0:v0.5:r015,2.0,3.0,7484.45457047854,,,hardening:asymmetric:r015,3,,,2498.361067630243,1.0,catalog/geography,,,0.0,10000.000000000002,Catalog + geography,4.0,,0.4575950516153638,0.5736371936045285,0.4613642352170193,4175.9486292158535,6349.95376544823,moderate,2174.005136232377,,0.4989636380319027,4989.636380319027,2174.005136232377,,,,5.0,,4989.636380319026,0.2174005136232376,,40015,"[""R000"", ""R002"", ""R003"", ""R005"", ""R006"", ""C000"", ""C002""]",,,7.0,581.6481162216237,3.0,4989.636380319026,asymmetric,2815.631244086649,,5010.363619680975,317.2701764564067,0.5,0.0,48.0,14799.790436875386,9866.526957916925,0.5057135506344844,0.5057135506344844
,,greedy_local_search,3183.9642388539933,2,exp3:asymmetric:f1.0:v0.5:r015,1.0,3.0,12638.085693868074,,,hardening:asymmetric:r015,3,,,2509.703473851077,1.0,truthful resolved feasibility,,,3.0,10000.000000000002,Current feasibility,9.0,,0.8551319308279114,0.8363293127681741,0.8250720895822522,0.0,5334.925999394164,moderate,5334.925999394164,,0.8425390462578717,8425.390462578716,5334.925999394164,,,,5.0,,8425.390462578716,0.5334925999394163,,40015,"[""L008"", ""L027"", ""L033"", ""R001"", ""R002"", ""R005"", ""R006"", ""R007"", ""C001""]",,,9.0,0.0,3.0,8425.390462578715,asymmetric,3090.464463184552,,1574.6095374212855,580.7609893334746,0.5,0.0,48.0,12638.085693868074,8425.390462578716,1.0,0.9999999999999998
,,greedy_local_search,3191.431769562457,2,exp3:asymmetric:f1.0:v0.5:r016,2.0,3.0,12014.132104465796,,,hardening:asymmetric:r016,3,,,2557.63732903884,1.0,catalog/geography,,,2.0,10000.000000000004,Catalog + geography,6.0,,0.7372713352422334,0.8903906427408572,0.7876665723970732,848.4042862538081,5804.655823542942,moderate,4956.251537289134,,0.8009421402977197,8009.421402977197,4956.251537289134,,,,4.0,,8009.421402977197,0.4956251537289132,,40016,"[""L008"", ""L016"", ""R002"", ""R003"", ""R004"", ""R007"", ""C000"", ""C001""]",,,8.0,0.0,3.0,8009.421402977198,asymmetric,3053.169865688064,,1990.578597022803,495.5325366492239,0.5,0.0,48.0,14514.983285959328,9676.655523972888,0.8277055417685074,0.8277055417685073
,,greedy_local_search,3191.431769562457,2,exp3:asymmetric:f1.0:v0.5:r016,2.0,3.0,13392.328227584396,,,hardening:asymmetric:r016,3,,,2591.5035018482085,1.0,truthful resolved feasibility,,,4.0,10000.000000000004,Current feasibility,8.0,,0.8645154858547881,0.9149467405855288,0.9177927699968494,0.0,5747.586698147019,moderate,5747.586698147019,,0.8928218818389596,8928.218818389596,5747.586698147019,,,,3.0,,8928.218818389598,0.5747586698147017,,40016,"[""L008"", ""L015"", ""L016"", ""L025"", ""R003"", ""R004"", ""R007"", ""C000"", ""C001""]",,,9.0,0.0,3.0,8928.218818389598,asymmetric,3180.6321202425784,,1071.781181610404,589.1286183943697,0.5,0.0,48.0,14571.848071839238,9714.565381226163,0.9190548900565112,0.9190548900565109
,,greedy_local_search,3139.619133310156,2,exp3:asymmetric:f1.0:v0.5:r017,2.0,3.0,5843.38104082687,,,hardening:asymmetric:r017,3,,,2545.5029683507605,1.0,catalog/geography,,,0.0,9999.999999999998,Catalog + geography,6.0,,0.2956093043223369,0.4718606426854728,0.4569166208507877,5213.161651263061,6298.731032906702,moderate,1085.5693816436417,,0.3895587360551247,3895.587360551247,1085.5693816436417,,,,5.0,,3895.587360551247,0.1085569381643641,,40017,"[""R001"", ""R002"", ""R003"", ""R005"", ""R007"", ""C000"", ""C002""]",,,7.0,572.1803950378863,3.0,3895.587360551247,asymmetric,2810.017978907605,,6104.412639448752,264.5150105568444,0.5,0.0,48.0,14204.79577961455,9469.86385307636,0.4113667758048847,0.41136677580488495
,,greedy_local_search,3139.619133310156,2,exp3:asymmetric:f1.0:v0.5:r017,1.0,3.0,11948.440642748545,,,hardening:asymmetric:r017,3,,,2430.561379025761,1.0,truthful resolved feasibility,,,5.0,9999.999999999998,Current feasibility,10.0,,0.6436506296092361,0.967641915596508,0.8412262786681773,0.0,4935.663802343235,moderate,4935.663802343235,,0.7965627095165696,7965.627095165696,4935.663802343235,,,,4.0,,7965.627095165695,0.4935663802343236,,40017,"[""L006"", ""L015"", ""L026"", ""L027"", ""L033"", ""R001"", ""R002"", ""R004"", ""R005"", ""C001""]",,,10.0,0.0,3.0,7965.627095165696,asymmetric,3029.96329282246,,2034.372904834304,599.4019137966986,0.5,0.0,48.0,12534.378150489516,8356.252100326341,0.9532535638620343,0.9532535638620345
,,greedy_local_search,3122.2820399652,2,exp3:asymmetric:f1.0:v0.5:r018,2.0,3.0,6978.545282061714,,,hardening:asymmetric:r018,3,,,2493.6629532779853,1.0,catalog/geography,,,0.0,10000.000000000002,Catalog + geography,4.0,,0.4828003667628891,0.4792980432454752,0.4011093597911555,4415.929138296038,6271.156438404155,moderate,1855.227300108117,,0.4652363521374476,4652.363521374476,1855.227300108117,,,,5.0,,4652.3635213744765,0.1855227300108116,,40018,"[""R001"", ""R004"", ""R005"", ""R006"", ""R007"", ""C000"", ""C002""]",,,7.0,0.0,3.0,4652.363521374476,asymmetric,2797.13622126636,,5347.636478625526,303.47326798837406,0.5,0.0,48.0,14786.698900442349,9857.799266961563,0.47194747989714925,0.4719474798971493
,,greedy_local_search,3122.2820399652,2,exp3:asymmetric:f1.0:v0.5:r018,1.0,3.0,10978.522876665957,,,hardening:asymmetric:r018,3,,,2486.132026409806,1.0,truthful resolved feasibility,,,5.0,10000.000000000002,Current feasibility,9.0,,0.8004620326002144,0.6372503291629776,0.7432799761696243,0.0,4295.467615547972,moderate,4295.467615547972,,0.7319015251110637,7319.015251110636,4295.467615547972,,,,4.0,,7319.015251110636,0.4295467615547971,,40018,"[""L008"", ""L013"", ""L014"", ""L019"", ""L032"", ""R001"", ""R006"", ""R007"", ""R008"", ""C001""]",,,10.0,0.0,3.0,7319.015251110637,asymmetric,3023.5476355626643,,2680.9847488893647,537.4156091528586,0.5,0.0,48.0,12364.606080901794,8243.070720601196,0.8878991214789476,0.8878991214789476
,,greedy_local_search,3154.233279599062,2,exp3:asymmetric:f1.0:v0.5:r019,0.0,3.0,10200.850739510448,,,hardening:asymmetric:r019,3,,,2541.776324104405,1.0,catalog/geography,,,3.0,9999.999999999998,Catalog + geography,6.0,,0.7031643025203884,0.5132592258164297,0.9199602539871904,1249.0122497565694,5055.134545953537,moderate,3806.122296196968,,0.6800567159673632,6800.567159673632,3806.122296196968,,,,7.0,,6800.567159673632,0.3806122296196968,,40019,"[""L000"", ""L010"", ""L014"", ""R000"", ""R001"", ""R003"", ""R004"", ""R005"", ""R007"", ""R008""]",,,10.0,0.0,3.0,6800.567159673632,asymmetric,2994.4448634766645,,3199.432840326368,452.6685393722595,0.5,0.0,48.0,12219.866615412617,8146.577743608409,0.8347759480978595,0.8347759480978597
,,greedy_local_search,3154.233279599062,2,exp3:asymmetric:f1.0:v0.5:r019,0.0,3.0,11483.625922231173,,,hardening:asymmetric:r019,3,,,2583.548557151368,1.0,truthful resolved feasibility,,,5.0,9999.999999999998,Current feasibility,10.0,,0.7505312633137999,0.6600725218451426,0.9840530517253414,0.0,4521.915545198524,moderate,4521.915545198524,,0.7655750614820781,7655.750614820781,4521.915545198524,,,,6.0,,7655.750614820781,0.4521915545198525,,40019,"[""L000"", ""L008"", ""L020"", ""L025"", ""L035"", ""R000"", ""R001"", ""R003"", ""R004"", ""R007"", ""R008""]",,,11.0,0.0,3.0,7655.750614820781,asymmetric,3133.835069622257,,2344.2493851792183,550.286512470889,0.5,0.0,48.0,12062.849180737287,8041.899453824855,0.9519828815043917,0.9519828815043919
,,greedy_local_search,3178.14460467704,2,exp3:asymmetric:f1.0:v1.0:r000,1.0,3.0,5172.777156356651,,,hardening:asymmetric:r000,3,,,2174.2907608632395,1.0,catalog/geography,,,1.0,9999.999999999996,Catalog + geography,5.0,,0.2886708383618498,0.354504366513033,0.4543670244069139,3703.1315134576703,4508.134819468932,moderate,805.0033060112614,,0.3448518104237768,3448.518104237768,805.0033060112614,,,,5.0,,3448.518104237768,0.0805003306011261,,40000,"[""L034"", ""R003"", ""R004"", ""R005"", ""R007"", ""R008"", ""C000""]",,,7.0,292.84073585513823,3.0,3448.518104237768,asymmetric,2643.514798226506,,6551.481895762232,469.2240373632672,1.0,0.0,48.0,11504.882356807577,7669.921571205046,0.44961582360691044,0.44961582360691077
,,greedy_local_search,3178.14460467704,2,exp3:asymmetric:f1.0:v1.0:r000,1.0,3.0,10997.494394956517,,,hardening:asymmetric:r000,3,,,2271.046118195515,1.0,truthful resolved feasibility,,,0.0,9999.999999999996,Current feasibility,7.0,,0.5944647980226283,0.7953206643022851,0.9364745069055932,0.0,4153.518325293971,moderate,4153.518325293971,,0.7331662929971011,7331.662929971011,4153.518325293971,,,,6.0,,7331.662929971011,0.4153518325293973,,40000,"[""R000"", ""R001"", ""R002"", ""R003"", ""R004"", ""R007"", ""C001""]",,,7.0,0.0,3.0,7331.662929971012,asymmetric,3178.14460467704,,2668.3370700289884,907.0984864815246,1.0,0.0,48.0,11658.256080344394,7772.170720229592,0.9433224248263075,0.9433224248263081
,,greedy_local_search,3160.754947153236,2,exp3:asymmetric:f1.0:v1.0:r001,1.0,3.0,9938.544969478782,,,hardening:asymmetric:r001,3,,,2143.416965055161,1.0,catalog/geography,,,1.0,10000.0,Catalog + geography,7.0,,0.6119959030927409,0.7083369671867242,0.6962678486241597,379.985079468292,3936.940444628008,moderate,3556.955365159716,,0.6625696646319188,6625.696646319188,3556.955365159716,,,,5.0,,6625.696646319188,0.3556955365159716,,40001,"[""L011"", ""R000"", ""R001"", ""R002"", ""R004"", ""R007"", ""C001""]",,,7.0,0.0,3.0,6625.696646319188,asymmetric,3068.741281159472,,3374.303353680811,925.3243161043106,1.0,0.0,48.0,10886.02000967563,7257.3466731170865,0.9129640548745344,0.9129640548745346
,,greedy_local_search,3160.754947153236,2,exp3:asymmetric:f1.0:v1.0:r001,1.0,3.0,10538.628970762094,,,hardening:asymmetric:r001,3,,,2165.52113239564,1.0,truthful resolved feasibility,,,1.0,10000.0,Current feasibility,7.0,,0.6053168675693755,0.8013009113760875,0.7486367766481167,0.0,3864.997700021494,moderate,3864.997700021494,,0.702575264717473,7025.75264717473,3864.997700021494,,,,5.0,,7025.75264717473,0.3864997700021494,,40001,"[""L011"", ""R000"", ""R001"", ""R002"", ""R004"", ""R005"", ""C001""]",,,7.0,0.0,3.0,7025.75264717473,asymmetric,3160.754947153236,,2974.24735282527,995.2338147575958,1.0,0.0,48.0,10917.364745316107,7278.243163544072,0.965308864969772,0.9653088649697719
,,greedy_local_search,3133.056593146416,2,exp3:asymmetric:f1.0:v1.0:r002,1.0,3.0,8556.141982121122,,,hardening:asymmetric:r002,3,,,2169.472168943132,1.0,catalog/geography,,,1.0,10000.000000000002,Catalog + geography,6.0,,0.4568909918758582,0.7086426629927103,0.5839179354157831,1584.0534053511465,4409.993027851029,moderate,2825.9396224998827,,0.5704094654747414,5704.094654747415,2825.9396224998827,,,,5.0,,5704.094654747414,0.2825939622499882,,40002,"[""L019"", ""R000"", ""R003"", ""R006"", ""R007"", ""R008"", ""C001""]",,,7.0,137.6393948798095,3.0,5704.094654747414,asymmetric,2878.1550322475314,,4295.905345252588,708.6828633043995,1.0,0.0,48.0,11305.501021901633,7537.000681267756,0.7568122779827003,0.7568122779827002
,,greedy_local_search,3133.056593146416,2,exp3:asymmetric:f1.0:v1.0:r002,0.0,3.0,10068.542879483275,,,hardening:asymmetric:r002,3,,,2061.8694942355783,1.0,truthful resolved feasibility,,,4.0,10000.000000000002,Current feasibility,9.0,,0.4502413531544603,0.8617393154200376,0.835094113245157,0.0,3638.5224714329615,moderate,3638.5224714329615,,0.6712361919655517,6712.361919655518,3638.5224714329615,,,,5.0,,6712.361919655518,0.3638522471432961,,40002,"[""L015"", ""L020"", ""L027"", ""L032"", ""R000"", ""R003"", ""R004"", ""R005"", ""R007""]",,,9.0,0.0,3.0,6712.361919655517,asymmetric,3073.8394482225567,,3287.638080344484,1011.9699539869786,1.0,0.0,48.0,10068.542879483277,6712.361919655518,0.9999999999999998,0.9999999999999999
,,greedy_local_search,3160.085619378712,2,exp3:asymmetric:f1.0:v1.0:r003,1.0,3.0,6739.400596931315,,,hardening:asymmetric:r003,3,,,2088.4483428009967,1.0,catalog/geography,,,1.0,10000.000000000002,Catalog + geography,5.0,,0.4818405305430539,0.2415019683901649,0.7396972272391116,2689.892489259972,4483.348386380935,moderate,1793.4558971209635,,0.4492933731287543,4492.933731287543,1793.4558971209635,,,,5.0,,4492.933731287543,0.1793455897120963,,40003,"[""L006"", ""R000"", ""R001"", ""R002"", ""R005"", ""R006"", ""C000""]",,,7.0,0.0,3.0,4492.933731287543,asymmetric,2699.47783416658,,5507.066268712457,611.0294913655832,1.0,0.0,48.0,11277.63987048175,7518.4265803211665,0.5975896264049995,0.5975896264049995
,,greedy_local_search,3160.085619378712,2,exp3:asymmetric:f1.0:v1.0:r003,1.0,3.0,10226.63726042018,,,hardening:asymmetric:r003,3,,,2246.029614048444,1.0,truthful resolved feasibility,,,3.0,10000.000000000002,Current feasibility,8.0,,0.5388648362336005,0.7895093234762054,0.8147918891977666,0.0,3657.672554234742,moderate,3657.672554234742,,0.6817758173613454,6817.758173613454,3657.672554234742,,,,4.0,,6817.758173613454,0.3657672554234741,,40003,"[""L002"", ""L006"", ""L033"", ""R001"", ""R003"", ""R004"", ""R006"", ""C001""]",,,8.0,0.0,3.0,6817.758173613454,asymmetric,3160.085619378712,,3182.2418263865457,914.0560053302686,1.0,0.0,48.0,10934.071321950476,7289.380881300318,0.9353000322843971,0.9353000322843971
,,greedy_local_search,3189.1083616392616,2,exp3:asymmetric:f1.0:v1.0:r004,2.0,3.0,7444.228120068567,,,hardening:asymmetric:r004,3,,,2094.837802538344,1.0,catalog/geography,,,1.0,9999.999999999998,Catalog + geography,6.0,,0.4593242794529802,0.5023547353368265,0.5688089577475368,2469.097075696935,4678.9986010655375,moderate,2209.9015253686025,,0.4962818746712377,4962.818746712377,2209.9015253686025,,,,3.0,,4962.818746712378,0.2209901525368603,,40004,"[""L009"", ""R000"", ""R003"", ""R008"", ""C000"", ""C001""]",,,6.0,0.0,3.0,4962.818746712378,asymmetric,2752.9172213437755,,5037.181253287621,658.0794188054319,1.0,0.0,48.0,11835.882219849194,7890.588146566131,0.6289542242642743,0.6289542242642742
,,greedy_local_search,3189.1083616392616,2,exp3:asymmetric:f1.0:v1.0:r004,1.0,3.0,10391.572537573262,,,hardening:asymmetric:r004,3,,,2117.1375911946925,1.0,truthful resolved feasibility,,,1.0,9999.999999999998,Current feasibility,7.0,,0.5871578080644235,0.7659660607419289,0.8023118380810922,0.0,3851.953969751556,moderate,3851.953969751556,,0.6927715025048842,6927.715025048841,3851.953969751556,,,,5.0,,6927.715025048841,0.3851953969751557,,40004,"[""L009"", ""R000"", ""R003"", ""R005"", ""R006"", ""R007"", ""C001""]",,,7.0,0.0,3.0,6927.715025048841,asymmetric,3075.761055297285,,3072.284974951159,958.6234641025926,1.0,0.0,48.0,10964.326817516816,7309.551211677877,0.9477620204618025,0.9477620204618025
,,greedy_local_search,3216.051041216963,2,exp3:asymmetric:f1.0:v1.0:r005,1.0,3.0,8856.462329472453,,,hardening:asymmetric:r005,3,,,2172.0228448809976,1.0,catalog/geography,,,1.0,10000.0,Catalog + geography,4.0,,0.6520645129156134,0.5079956667912923,0.5960165388792592,1770.715407757647,4735.318709469071,moderate,2964.603301711424,,0.5904308219648302,5904.308219648302,2964.603301711424,,,,5.0,,5904.308219648303,0.2964603301711424,,40005,"[""L034"", ""R002"", ""R003"", ""R004"", ""R007"", ""R008"", ""C001""]",,,7.0,139.60129188633334,3.0,5904.308219648303,asymmetric,2939.7049179368787,,4095.691780351699,767.6820730558812,1.0,0.0,48.0,11923.559656322763,7949.039770881842,0.7427699935879547,0.7427699935879547
,,greedy_local_search,3216.051041216963,2,exp3:asymmetric:f1.0:v1.0:r005,1.0,3.0,10366.538389072031,,,hardening:asymmetric:r005,3,,,2184.1046412451665,1.0,truthful resolved feasibility,,,3.0,10000.0,Current feasibility,8.0,,0.8759982927760069,0.4349061169523495,0.723430932944716,0.0,3720.5743493452464,moderate,3720.5743493452464,,0.6911025592714688,6911.025592714688,3720.5743493452464,,,,4.0,,6911.025592714688,0.3720574349345246,,40005,"[""L019"", ""L022"", ""L025"", ""R000"", ""R003"", ""R004"", ""R005"", ""C001""]",,,8.0,0.0,3.0,6911.025592714687,asymmetric,3190.4512433694417,,3088.974407285313,1006.346602124275,1.0,0.0,48.0,11226.113465484264,7484.075643656178,0.9234307510738176,0.9234307510738173
,,greedy_local_search,3105.939528570514,2,exp3:asymmetric:f1.0:v1.0:r006,1.0,3.0,6713.27436061383,,,hardening:asymmetric:r006,3,,,2080.5534542492114,1.0,catalog/geography,,,1.0,9999.999999999998,Catalog + geography,4.0,,0.3702483093477305,0.5483223624415992,0.4451352898994177,2687.5323623829463,4463.230484101387,moderate,1775.6981217184411,,0.4475516240409219,4475.51624040922,1775.6981217184411,,,,5.0,,4475.516240409219,0.1775698121718441,,40006,"[""L035"", ""R002"", ""R003"", ""R004"", ""R005"", ""R007"", ""C002""]",,,7.0,0.0,3.0,4475.51624040922,asymmetric,2699.8181186907777,,5524.483759590779,619.2646644415661,1.0,0.0,48.0,11252.669808194252,7501.7798721295,0.5965939172697655,0.5965939172697656
,,greedy_local_search,3105.939528570514,2,exp3:asymmetric:f1.0:v1.0:r006,1.0,3.0,10298.893468524184,,,hardening:asymmetric:r006,3,,,2122.407584483948,1.0,truthful resolved feasibility,,,5.0,9999.999999999998,Current feasibility,9.0,,0.619960730620771,0.8328300899398393,0.5806001882166087,0.0,3801.502329381234,moderate,3801.502329381234,,0.6865928979016124,6865.928979016124,3801.502329381234,,,,3.0,,6865.928979016124,0.3801502329381235,,40006,"[""L013"", ""L014"", ""L016"", ""L021"", ""L033"", ""R002"", ""R004"", ""R008"", ""C001""]",,,9.0,0.0,3.0,6865.928979016124,asymmetric,3064.4266496348896,,3134.0710209838758,942.0190651509416,1.0,0.0,48.0,10772.789797945768,7181.859865297178,0.9560098787491472,0.9560098787491476
,,greedy_local_search,3145.357852427541,2,exp3:asymmetric:f1.0:v1.0:r007,0.0,3.0,9339.67772816294,,,hardening:asymmetric:r007,3,,,2147.9652626082698,1.0,catalog/geography,,,2.0,9999.999999999998,Catalog + geography,8.0,,0.4685032332576047,0.9004001036939955,0.4833934530935437,679.3058854549472,3874.1682354020186,moderate,3194.8623499470714,,0.6226451818775294,6226.451818775294,3194.8623499470714,,,,6.0,,6226.451818775294,0.3194862349947072,,40007,"[""L013"", ""L017"", ""R000"", ""R001"", ""R003"", ""R004"", ""R006"", ""R007""]",,,8.0,0.0,3.0,6226.451818775294,asymmetric,3031.5894688282224,,3773.548181224706,883.6242062199526,1.0,0.0,48.0,10487.742757752412,6991.828505168273,0.8905326860023491,0.8905326860023494
,,greedy_local_search,3145.357852427541,2,exp3:asymmetric:f1.0:v1.0:r007,1.0,3.0,10536.420204283171,,,hardening:asymmetric:r007,3,,,2216.453816728647,1.0,truthful resolved feasibility,,,3.0,9999.999999999998,Current feasibility,7.0,,0.610385404539123,0.7495772784631687,0.8270126705708188,0.0,3878.9222837612415,moderate,3878.9222837612415,,0.7024280136188782,7024.280136188782,3878.9222837612415,,,,4.0,,7024.280136188782,0.3878922283761242,,40007,"[""L005"", ""L007"", ""L029"", ""R001"", ""R003"", ""R004"", ""R007"", ""C001""]",,,8.0,0.0,3.0,7024.280136188781,asymmetric,3145.357852427541,,2975.7198638112177,928.904035698894,1.0,0.0,48.0,11018.340440203358,7345.560293468903,0.9562619943960189,0.9562619943960192
,,greedy_local_search,3186.473778113356,2,exp3:asymmetric:f1.0:v1.0:r008,2.0,3.0,6850.406411512868,,,hardening:asymmetric:r008,3,,,2265.27416526577,1.0,catalog/geography,,,1.0,9999.999999999998,Catalog + geography,3.0,,0.425102982567057,0.3496048540159335,0.7151785985338609,2757.136876601859,4520.929838231186,moderate,1763.7929616293272,,0.4566937607675246,4566.937607675245,1763.7929616293272,,,,3.0,,4566.937607675245,0.1763792961629327,,40008,"[""L018"", ""R002"", ""R006"", ""R007"", ""C001"", ""C002""]",,,6.0,589.5666448259198,3.0,4566.937607675245,asymmetric,2803.144646045918,,5433.062392324754,537.8704807801477,1.0,0.0,48.0,11768.429683557606,7845.619789038405,0.5821002967867489,0.5821002967867488
,,greedy_local_search,3186.473778113356,2,exp3:asymmetric:f1.0:v1.0:r008,1.0,3.0,9561.852735021988,,,hardening:asymmetric:r008,3,,,2183.3163299713306,1.0,truthful resolved feasibility,,,4.0,9999.999999999998,Current feasibility,6.0,,0.6975049913631356,0.480730243327907,0.7766200886164377,0.0,3321.8037107200275,moderate,3321.8037107200275,,0.637456849001466,6374.56849001466,3321.8037107200275,,,,3.0,,6374.568490014659,0.3321803710720028,,40008,"[""L008"", ""L019"", ""L021"", ""L030"", ""R001"", ""R004"", ""R008"", ""C001""]",,,8.0,0.0,3.0,6374.56849001466,asymmetric,3052.764779294632,,3625.43150998534,869.4484493233008,1.0,0.0,48.0,10464.175263191824,6976.1168421278835,0.9137703158180279,0.9137703158180279
,,greedy_local_search,3182.8115459264554,2,exp3:asymmetric:f1.0:v1.0:r009,0.0,3.0,9337.958563227396,,,hardening:asymmetric:r009,3,,,2174.1838911869368,1.0,catalog/geography,,,5.0,10000.0,Catalog + geography,10.0,,0.6490101858556991,0.5703239900451155,0.6543129536548572,481.3482740163304,3588.502958741286,moderate,3107.154684724956,,0.6225305708818265,6225.305708818265,3107.154684724956,,,,5.0,,6225.305708818265,0.3107154684724955,,40009,"[""L004"", ""L006"", ""L007"", ""L010"", ""L018"", ""R000"", ""R001"", ""R003"", ""R005"", ""R007""]",,,10.0,0.0,3.0,6225.305708818265,asymmetric,3118.1510240933094,,3774.694291181735,943.9671329063726,1.0,0.0,48.0,10200.68181803695,6800.454545357968,0.9154249421559176,0.9154249421559176
,,greedy_local_search,3182.8115459264554,2,exp3:asymmetric:f1.0:v1.0:r009,1.0,3.0,11105.061159351888,,,hardening:asymmetric:r009,3,,,2154.333331688701,1.0,truthful resolved feasibility,,,1.0,10000.0,Current feasibility,7.0,,0.6236401729604041,0.9192597128141592,0.6897921665316082,0.0,4270.035273199587,moderate,4270.035273199587,,0.7403374106234593,7403.374106234593,4270.035273199587,,,,5.0,,7403.374106234593,0.4270035273199587,,40009,"[""L014"", ""R001"", ""R003"", ""R004"", ""R005"", ""R007"", ""C001""]",,,7.0,0.0,3.0,7403.374106234593,asymmetric,3133.3388330350053,,2596.625893765408,979.0055013463044,1.0,0.0,48.0,11311.693077194626,7541.128718129749,0.9817328921114977,0.9817328921114981
,,greedy_local_search,3145.9474472763204,2,exp3:asymmetric:f1.0:v1.0:r010,1.0,3.0,7722.427258145599,,,hardening:asymmetric:r010,3,,,2041.100807223624,1.0,catalog/geography,,,1.0,10000.0,Catalog + geography,6.0,,0.578536097565638,0.1650358163507213,0.9836235212454184,2698.303723825576,5057.999789575913,moderate,2359.6960657503378,,0.5148284838763731,5148.284838763732,2359.6960657503378,,,,5.0,,5148.284838763731,0.2359696065750337,,40010,"[""L034"", ""R001"", ""R004"", ""R005"", ""R006"", ""R007"", ""C002""]",,,7.0,0.0,3.0,5148.284838763732,asymmetric,2788.5887730133936,,4851.715161236269,747.4879657897694,1.0,0.0,48.0,12191.740827431106,8127.827218287404,0.6334146507421101,0.6334146507421101
,,greedy_local_search,3145.9474472763204,2,exp3:asymmetric:f1.0:v1.0:r010,1.0,3.0,10847.580530429104,,,hardening:asymmetric:r010,3,,,2070.1653555522826,1.0,truthful resolved feasibility,,,3.0,10000.0,Current feasibility,7.0,,0.8110781102980829,0.4943016626430104,0.925906519013746,0.0,4161.320733373571,moderate,4161.320733373571,,0.72317203536194,7231.720353619401,4161.320733373571,,,,4.0,,7231.720353619402,0.4161320733373571,,40010,"[""L009"", ""L014"", ""L015"", ""R001"", ""R004"", ""R005"", ""R007"", ""C001""]",,,8.0,0.0,3.0,7231.720353619402,asymmetric,3070.399620245831,,2768.279646380599,1000.2342646935488,1.0,0.0,48.0,11981.506069794304,7987.670713196203,0.9053603501296171,0.905360350129617
,,greedy_local_search,3167.666805407142,2,exp3:asymmetric:f1.0:v1.0:r011,1.0,3.0,7411.411935064933,,,hardening:asymmetric:r011,3,,,2140.5570008648974,1.0,catalog/geography,,,1.0,10000.000000000002,Catalog + geography,5.0,,0.5306188242063471,0.3652657890994947,0.6373631596332473,2401.682685430716,4466.926626008854,moderate,2065.2439405781383,,0.4940941290043287,4940.941290043287,2065.2439405781383,,,,5.0,,4940.941290043288,0.2065243940578138,,40011,"[""L006"", ""R002"", ""R003"", ""R004"", ""R006"", ""R008"", ""C002""]",,,7.0,564.461798066436,3.0,4940.941290043287,asymmetric,2875.6973494651497,,5059.058709956711,735.1403486002523,1.0,0.0,48.0,12168.307374468543,8112.204916312367,0.6090750099406188,0.6090750099406183
,,greedy_local_search,3167.666805407142,2,exp3:asymmetric:f1.0:v1.0:r011,1.0,3.0,10805.395881633196,,,hardening:asymmetric:r011,3,,,2162.877545952941,1.0,truthful resolved feasibility,,,3.0,10000.000000000002,Current feasibility,7.0,,0.7239677437969267,0.6116606385632997,0.9024650861822052,0.0,4092.931641860543,moderate,4092.931641860543,,0.7203597254422129,7203.5972544221295,4092.931641860543,,,,4.0,,7203.597254422131,0.4092931641860542,,40011,"[""L006"", ""L015"", ""L030"", ""R002"", ""R003"", ""R006"", ""R008"", ""C001""]",,,8.0,0.0,3.0,7203.59725442213,asymmetric,3110.665612561588,,2796.402745577869,947.7880666086472,1.0,0.0,48.0,11162.37778173627,7441.585187824184,0.9680191884665325,0.9680191884665319
,,greedy_local_search,3192.8536656157503,2,exp3:asymmetric:f1.0:v1.0:r012,1.0,3.0,7232.702074367342,,,hardening:asymmetric:r012,3,,,2158.788176370684,1.0,catalog/geography,,,1.0,10000.000000000004,Catalog + geography,6.0,,0.3575849670910042,0.3805566751697984,0.9403603339538736,2260.02944381968,4252.464184227476,moderate,1992.434740407796,,0.4821801382911561,4821.801382911561,1992.434740407796,,,,5.0,,4821.801382911561,0.1992434740407795,,40012,"[""L015"", ""R000"", ""R001"", ""R003"", ""R004"", ""R005"", ""C000""]",,,7.0,0.0,3.0,4821.801382911562,asymmetric,2829.366642503765,,5178.198617088439,670.5784661330808,1.0,0.0,48.0,11097.971847412407,7398.647898274942,0.6517138603170733,0.651713860317073
,,greedy_local_search,3192.8536656157503,2,exp3:asymmetric:f1.0:v1.0:r012,1.0,3.0,11093.126235010855,,,hardening:asymmetric:r012,3,,,2134.336376379076,1.0,truthful resolved feasibility,,,0.0,10000.000000000004,Current feasibility,6.0,,0.7627640374778427,0.6864043886475281,0.7802819805452986,0.0,4305.554019179846,moderate,4305.554019179846,,0.7395417490007237,7395.417490007237,4305.554019179846,,,,5.0,,7395.417490007237,0.4305554019179844,,40012,"[""R000"", ""R004"", ""R005"", ""R007"", ""R008"", ""C001""]",,,6.0,0.0,3.0,7395.417490007238,asymmetric,3089.86347082739,,2604.582509992764,955.5270944483142,1.0,0.0,48.0,11131.194464532828,7420.796309688552,0.9965800409252332,0.9965800409252332
,,greedy_local_search,3215.031053233879,2,exp3:asymmetric:f1.0:v1.0:r013,1.0,3.0,9998.280596497583,,,hardening:asymmetric:r013,3,,,2290.8270834788004,1.0,catalog/geography,,,0.0,9999.999999999998,Catalog + geography,6.0,,0.5965879704558281,0.672083847544269,0.8142905321044449,1083.2821490072192,4695.443764852921,moderate,3612.161615845702,,0.6665520397665059,6665.520397665057,3612.161615845702,,,,6.0,,6665.520397665056,0.3612161615845702,,40013,"[""R001"", ""R002"", ""R004"", ""R005"", ""R006"", ""R008"", ""C001""]",,,7.0,0.0,3.0,6665.520397665057,asymmetric,3053.3587818193546,,3334.479602334941,762.5316983405539,1.0,0.0,48.0,11855.389291933676,7903.592861289115,0.8433532084265123,0.8433532084265127
,,greedy_local_search,3215.031053233879,2,exp3:asymmetric:f1.0:v1.0:r013,1.0,3.0,11144.492598983215,,,hardening:asymmetric:r013,3,,,2173.1787127856146,1.0,truthful resolved feasibility,,,3.0,9999.999999999998,Current feasibility,8.0,,0.6596473782334015,0.8093335618275094,0.8142905321044449,0.0,4304.583354686445,moderate,4304.583354686445,,0.7429661732655479,7429.661732655478,4304.583354686445,,,,4.0,,7429.661732655478,0.4304583354686446,,40013,"[""L015"", ""L016"", ""L032"", ""R001"", ""R002"", ""R004"", ""R005"", ""C001""]",,,8.0,0.0,3.0,7429.661732655479,asymmetric,3125.0783779690323,,2570.3382673445203,951.8996651834176,1.0,0.0,48.0,11144.49259898322,7429.661732655479,0.9999999999999996,1.0
,,greedy_local_search,3226.2524599151698,2,exp3:asymmetric:f1.0:v1.0:r014,2.0,3.0,7845.565897245131,,,hardening:asymmetric:r014,3,,,2327.4899184834694,1.0,catalog/geography,,,0.0,10000.0,Catalog + geography,3.0,,0.5560820837126176,0.4734275217549368,0.5355057809905153,2895.430523062577,5223.42056378581,moderate,2327.990040723233,,0.5230377264830088,5230.377264830087,2327.990040723233,,,,4.0,,5230.377264830087,0.2327990040723233,,40014,"[""R000"", ""R003"", ""R006"", ""R008"", ""C001"", ""C002""]",,,6.0,0.0,3.0,5230.377264830087,asymmetric,2902.387224106854,,4769.622735169912,574.8973056233847,1.0,0.0,48.0,12842.595120592832,8561.730080395226,0.6109019106788574,0.610901910678857
,,greedy_local_search,3226.2524599151698,2,exp3:asymmetric:f1.0:v1.0:r014,1.0,3.0,10942.351292608151,,,hardening:asymmetric:r014,3,,,2274.637663991773,1.0,truthful resolved feasibility,,,1.0,10000.0,Current feasibility,7.0,,0.8009708537714125,0.6552581151967247,0.6985643082894393,0.0,4077.1058173742767,moderate,4077.1058173742767,,0.7294900861738771,7294.90086173877,4077.1058173742767,,,,5.0,,7294.90086173877,0.4077105817374277,,40014,"[""L010"", ""R000"", ""R001"", ""R004"", ""R007"", ""R008"", ""C001""]",,,7.0,0.0,3.0,7294.90086173877,asymmetric,3217.795044364493,,2705.099138261229,943.1573803727196,1.0,0.0,48.0,11269.70021185366,7513.133474569108,0.9709531830402021,0.9709531830402022
,,greedy_local_search,3183.9642388539933,2,exp3:asymmetric:f1.0:v1.0:r015,3.0,3.0,7098.958638572491,,,hardening:asymmetric:r015,3,,,2173.0990605445263,1.0,catalog/geography,,,0.0,10000.000000000002,Catalog + geography,3.0,,0.4374843179275484,0.52577163667623,0.4618794666704434,3141.094394246206,5172.884739008763,moderate,2031.7903447625567,,0.4732639092381659,4732.63909238166,2031.7903447625567,,,,2.0,,4732.639092381661,0.2031790344762556,,40015,"[""R000"", ""R002"", ""C000"", ""C001"", ""C002""]",,,5.0,581.6481162216237,3.0,4732.639092381661,asymmetric,2700.8487476191035,,5267.36090761834,527.7496870745772,1.0,0.0,48.0,13015.736059505607,8677.15737300374,0.5454135368232212,0.5454135368232212
,,greedy_local_search,3183.9642388539933,2,exp3:asymmetric:f1.0:v1.0:r015,1.0,3.0,11138.784995425724,,,hardening:asymmetric:r015,3,,,2179.870987632576,1.0,truthful resolved feasibility,,,3.0,10000.000000000002,Current feasibility,8.0,,0.7973220338159592,0.6893378946631866,0.7126124400620905,0.0,4255.675587277546,moderate,4255.675587277546,,0.7425856663617152,7425.856663617152,4255.675587277546,,,,4.0,,7425.856663617153,0.4255675587277545,,40015,"[""L008"", ""L027"", ""L033"", ""R002"", ""R005"", ""R006"", ""R007"", ""C001""]",,,8.0,0.0,3.0,7425.856663617152,asymmetric,3170.181076339607,,2574.143336382849,990.3100887070312,1.0,0.0,48.0,11138.784995425729,7425.856663617153,0.9999999999999996,0.9999999999999999
,,greedy_local_search,3191.431769562457,2,exp3:asymmetric:f1.0:v1.0:r016,2.0,3.0,10113.728062877144,,,hardening:asymmetric:r016,3,,,2256.7519678464755,1.0,catalog/geography,,,0.0,10000.000000000004,Catalog + geography,4.0,,0.5249463823511251,0.8172904352725948,0.759855065608642,1064.5568370768742,4801.046822882618,moderate,3736.4899858057433,,0.674248537525143,6742.48537525143,3736.4899858057433,,,,4.0,,6742.48537525143,0.3736489985805742,,40016,"[""R002"", ""R004"", ""R007"", ""R008"", ""C000"", ""C001""]",,,6.0,0.0,3.0,6742.48537525143,asymmetric,3005.9953894456867,,3257.514624748572,749.2434215992114,1.0,0.0,48.0,13109.057756708538,8739.371837805695,0.7715068657548221,0.771506865754822
,,greedy_local_search,3191.431769562457,2,exp3:asymmetric:f1.0:v1.0:r016,2.0,3.0,11813.964429839998,,,hardening:asymmetric:r016,3,,,2262.9038306797256,1.0,truthful resolved feasibility,,,2.0,10000.000000000004,Current feasibility,6.0,,0.6486817379886003,0.9271743870833568,0.8558990554097742,0.0,4684.746044583156,moderate,4684.746044583156,,0.7875976286559998,7875.976286559998,4684.746044583156,,,,3.0,,7875.97628656,0.4684746044583154,,40016,"[""L008"", ""L030"", ""R001"", ""R004"", ""R007"", ""C000"", ""C001""]",,,7.0,0.0,3.0,7875.976286559999,asymmetric,3191.230241976844,,2124.0237134400013,928.3264112971182,1.0,0.0,48.0,12925.998742032276,8617.332494688188,0.9139691768206502,0.9139691768206497
,,greedy_local_search,3139.619133310156,2,exp3:asymmetric:f1.0:v1.0:r017,2.0,3.0,4327.398568983868,,,hardening:asymmetric:r017,3,,,2221.99914510786,1.0,catalog/geography,,,0.0,9999.999999999998,Catalog + geography,5.0,,0.2380493557997995,0.3646373534151543,0.2687397706352206,4753.722319475218,5016.151786005245,moderate,262.42946653002764,,0.2884932379322579,2884.932379322579,262.42946653002764,,,,4.0,,2884.9323793225785,0.0262429466530027,,40017,"[""R001"", ""R003"", ""R005"", ""R007"", ""C000"", ""C002""]",,,6.0,572.1803950378863,3.0,2884.932379322579,asymmetric,2622.502912792551,,7115.067620677421,400.5037676846909,1.0,0.0,48.0,12687.830649185129,8458.553766123416,0.34106686072940245,0.3410668607294026
,,greedy_local_search,3139.619133310156,2,exp3:asymmetric:f1.0:v1.0:r017,1.0,3.0,10632.063532210985,,,hardening:asymmetric:r017,3,,,2118.5012983161887,1.0,truthful resolved feasibility,,,3.0,9999.999999999998,Current feasibility,8.0,,0.5470295543785172,0.920389969464476,0.7025222334891655,0.0,3960.8367907007873,moderate,3960.8367907007873,,0.7088042354807323,7088.042354807323,3960.8367907007873,,,,4.0,,7088.042354807323,0.3960836790700788,,40017,"[""L006"", ""L015"", ""L027"", ""R001"", ""R002"", ""R004"", ""R005"", ""C001""]",,,8.0,0.0,3.0,7088.042354807323,asymmetric,3127.205564106536,,2911.957645192676,1008.704265790347,1.0,0.0,48.0,11218.001039951958,7478.667359967969,0.9477681000693255,0.9477681000693259
,,greedy_local_search,3122.2820399652,2,exp3:asymmetric:f1.0:v1.0:r018,2.0,3.0,6333.688687853467,,,hardening:asymmetric:r018,3,,,2160.8569018343205,1.0,catalog/geography,,,2.0,10000.000000000002,Catalog + geography,4.0,,0.4815137569480061,0.4379168515797946,0.2614691192201673,3513.2413969658023,5009.697578632569,moderate,1496.456181666767,,0.4222459125235644,4222.459125235644,1496.456181666767,,,,3.0,,4222.459125235645,0.1496456181666766,,40018,"[""L007"", ""L028"", ""R001"", ""R004"", ""R007"", ""C000"", ""C002""]",,,7.0,0.0,3.0,4222.459125235644,asymmetric,2726.002943568878,,5777.540874764357,565.1460417345575,1.0,0.0,48.0,12991.239853057648,8660.826568705097,0.48753535147476745,0.4875353514747675
,,greedy_local_search,3122.2820399652,2,exp3:asymmetric:f1.0:v1.0:r018,1.0,3.0,9904.820967726231,,,hardening:asymmetric:r018,3,,,2161.183220815245,1.0,truthful resolved feasibility,,,3.0,10000.000000000002,Current feasibility,7.0,,0.7656375793970644,0.5553092395026132,0.607131266469108,0.0,3513.9684671786035,moderate,3513.9684671786035,,0.6603213978484154,6603.213978484154,3513.9684671786035,,,,4.0,,6603.213978484154,0.3513968467178603,,40018,"[""L008"", ""L014"", ""L019"", ""R001"", ""R006"", ""R007"", ""R008"", ""C001""]",,,8.0,0.0,3.0,6603.213978484153,asymmetric,3089.2455113055503,,3396.786021515848,928.0622904903056,1.0,0.0,48.0,11290.90417196207,7527.269447974713,0.877238954194846,0.877238954194846
,,greedy_local_search,3154.233279599062,2,exp3:asymmetric:f1.0:v1.0:r019,0.0,3.0,9361.74181775207,,,hardening:asymmetric:r019,3,,,2240.2951142889506,1.0,catalog/geography,,,1.0,9999.999999999998,Catalog + geography,6.0,,0.6325072002513441,0.530683289436862,0.7687436488373242,834.5589935969506,4035.1436586185832,moderate,3200.5846650216326,,0.6241161211834713,6241.161211834713,3200.5846650216326,,,,7.0,,6241.161211834714,0.3200584665021633,,40019,"[""L018"", ""R000"", ""R001"", ""R003"", ""R004"", ""R005"", ""R007"", ""R008""]",,,8.0,0.0,3.0,6241.161211834714,asymmetric,3040.576546813081,,3758.838788165286,800.2814325241305,1.0,0.0,48.0,10805.844771298554,7203.896514199035,0.8663590876872328,0.866359087687233
,,greedy_local_search,3154.233279599062,2,exp3:asymmetric:f1.0:v1.0:r019,0.0,3.0,9863.19482121784,,,hardening:asymmetric:r019,3,,,2151.19188330956,1.0,truthful resolved feasibility,,,2.0,9999.999999999998,Current feasibility,8.0,,0.6425105442595274,0.5636881852062272,0.8556285583777786,0.0,3545.227994372911,moderate,3545.227994372911,,0.6575463214145225,6575.463214145226,3545.227994372911,,,,6.0,,6575.463214145226,0.3545227994372911,,40019,"[""L015"", ""L025"", ""R000"", ""R001"", ""R003"", ""R004"", ""R007"", ""R008""]",,,8.0,0.0,3.0,6575.463214145227,asymmetric,3030.235219772315,,3424.5367858547743,879.0433364627554,1.0,0.0,48.0,10200.455543672759,6800.303695781838,0.9669366999335516,0.9669366999335519
,,greedy_local_search,3178.14460467704,2,exp3:asymmetric:f1.0:v2.0:r000,1.0,3.0,4781.314489687798,,,hardening:asymmetric:r000,3,,,1690.388191439706,1.0,catalog/geography,,,0.0,9999.999999999996,Catalog + geography,4.0,,0.2784251685267276,0.4688591556789556,0.14681134493929,2254.89559272221,2896.335116571816,moderate,641.4395238496058,,0.3187542993125199,3187.5429931251992,641.4395238496058,,,,4.0,,3187.5429931251992,0.0641439523849606,,40000,"[""R002"", ""R004"", ""R005"", ""R007"", ""C000""]",,,5.0,0.0,3.0,3187.5429931251992,asymmetric,2546.1034692755934,,6812.4570068748,855.7152778358873,2.0,0.0,48.0,9088.787985337374,6059.191990224914,0.5260673367451554,0.5260673367451556
,,greedy_local_search,3178.14460467704,2,exp3:asymmetric:f1.0:v2.0:r000,1.0,3.0,8755.72310718035,,,hardening:asymmetric:r000,3,,,1727.361369572374,1.0,truthful resolved feasibility,,,0.0,9999.999999999996,Current feasibility,5.0,,0.4174870684410381,0.5981003112936012,0.9325529203039794,0.0,2714.7467545200216,moderate,2714.7467545200216,,0.5837148738120235,5837.148738120235,2714.7467545200216,,,,4.0,,5837.148738120235,0.2714746754520022,,40000,"[""R000"", ""R001"", ""R002"", ""R003"", ""C001""]",,,5.0,0.0,3.0,5837.148738120234,asymmetric,3122.401983600213,,4162.851261879765,1395.0406140278396,2.0,0.0,48.0,8755.723107180356,5837.148738120234,0.9999999999999993,1.0
,,greedy_local_search,3160.754947153236,2,exp3:asymmetric:f1.0:v2.0:r001,1.0,3.0,7351.393819677252,,,hardening:asymmetric:r001,3,,,1596.23857609475,1.0,catalog/geography,,,1.0,10000.0,Catalog + geography,5.0,,0.3783402686242338,0.576273077917696,0.5907211157985901,311.19652415566134,2310.604122832344,moderate,1999.4075986766825,,0.4900929213118167,4900.929213118167,1999.4075986766825,,,,3.0,,4900.929213118167,0.1999407598676682,,40001,"[""L011"", ""R000"", ""R002"", ""R007"", ""C001""]",,,5.0,0.0,3.0,4900.929213118168,asymmetric,2901.521614441485,,5099.070786881832,1305.2830383467349,2.0,0.0,48.0,8298.868859874101,5532.579239916067,0.8858308215017122,0.8858308215017122
,,greedy_local_search,3160.754947153236,2,exp3:asymmetric:f1.0:v2.0:r001,1.0,3.0,8248.235328243285,,,hardening:asymmetric:r001,3,,,1613.5885982101036,1.0,truthful resolved feasibility,,,1.0,10000.0,Current feasibility,5.0,,0.487723743529085,0.575316430228005,0.6452296002416447,0.0,2345.632148763805,moderate,2345.632148763805,,0.5498823552162189,5498.823552162189,2345.632148763805,,,,3.0,,5498.823552162188,0.2345632148763805,,40001,"[""L015"", ""R000"", ""R004"", ""R005"", ""C001""]",,,5.0,0.0,3.0,5498.82355216219,asymmetric,3153.191403398383,,4501.17644783781,1539.6028051882793,2.0,0.0,48.0,8248.235328243285,5498.82355216219,1.0,1.0
,,greedy_local_search,3133.056593146416,2,exp3:asymmetric:f1.0:v2.0:r002,1.0,3.0,7609.926722910895,,,hardening:asymmetric:r002,3,,,1745.6362266953447,1.0,catalog/geography,,,0.0,10000.000000000002,Catalog + geography,5.0,,0.3482986008373926,0.6680299735259324,0.5839179354157831,747.8106378113034,2858.503069621949,moderate,2110.6924318106458,,0.5073284481940595,5073.284481940596,2110.6924318106458,,,,4.0,,5073.284481940596,0.2110692431810645,,40002,"[""R000"", ""R003"", ""R007"", ""R008"", ""C001""]",,,5.0,0.0,3.0,5073.284481940596,asymmetric,2962.5920501299506,,4926.7155180594045,1216.955823434606,2.0,0.0,48.0,9093.979966903687,6062.653311269126,0.8368092683958174,0.8368092683958173
,,greedy_local_search,3133.056593146416,2,exp3:asymmetric:f1.0:v2.0:r002,0.0,3.0,8074.561642731893,,,hardening:asymmetric:r002,3,,,1646.6406747216872,1.0,truthful resolved feasibility,,,1.0,10000.000000000002,Current feasibility,6.0,,0.3115688499009438,0.7645525973904416,0.652523589866901,0.0,2261.183799139965,moderate,2261.183799139965,,0.5383041095154594,5383.041095154595,2261.183799139965,,,,5.0,,5383.041095154595,0.2261183799139964,,40002,"[""L032"", ""R000"", ""R003"", ""R004"", ""R005"", ""R007""]",,,6.0,0.0,3.0,5383.041095154595,asymmetric,3121.8572960146294,,4616.958904845407,1475.2166212929424,2.0,0.0,48.0,8074.561642731893,5383.0410951545955,1.0,0.9999999999999998
,,greedy_local_search,3160.085619378712,2,exp3:asymmetric:f1.0:v2.0:r003,2.0,3.0,6234.678163166134,,,hardening:asymmetric:r003,3,,,1831.399137908552,1.0,catalog/geography,,,1.0,10000.000000000002,Catalog + geography,3.0,,0.4039405458459824,0.3805801328092939,0.5033445938189869,1710.2764435338331,3137.701537302619,moderate,1427.4250937687857,,0.4156452108777423,4156.452108777423,1427.4250937687857,,,,2.0,,4156.452108777424,0.1427425093768785,,40003,"[""L006"", ""R001"", ""R005"", ""C000"", ""C001""]",,,5.0,0.0,3.0,4156.452108777424,asymmetric,2729.027015008638,,5843.547891222577,897.6278771000862,2.0,0.0,48.0,10117.001857685402,6744.6679051236015,0.6162574892115837,0.6162574892115839
,,greedy_local_search,3160.085619378712,2,exp3:asymmetric:f1.0:v2.0:r003,1.0,3.0,8215.006260248443,,,hardening:asymmetric:r003,3,,,1757.2246437780263,1.0,truthful resolved feasibility,,,2.0,10000.000000000002,Current feasibility,6.0,,0.4258096837556571,0.5715558653481266,0.7800408672733645,0.0,2316.585220786917,moderate,2316.585220786917,,0.5476670840165629,5476.67084016563,2316.585220786917,,,,3.0,,5476.67084016563,0.2316585220786917,,40003,"[""L006"", ""L033"", ""R001"", ""R003"", ""R006"", ""C001""]",,,6.0,0.0,3.0,5476.67084016563,asymmetric,3160.085619378712,,4523.329159834371,1402.8609756006856,2.0,0.0,48.0,8848.133602746864,5898.755735164576,0.9284450969070054,0.9284450969070055
,,greedy_local_search,3189.1083616392616,2,exp3:asymmetric:f1.0:v2.0:r004,2.0,3.0,5737.009885891254,,,hardening:asymmetric:r004,3,,,1682.007187931342,1.0,catalog/geography,,,0.0,9999.999999999998,Catalog + geography,4.0,,0.3786962117596803,0.4224829240104741,0.320925035152808,1888.8757203648456,3125.77690409528,moderate,1236.9011837304342,,0.3824673257260837,3824.673257260837,1236.9011837304342,,,,2.0,,3824.673257260837,0.1236901183730434,,40004,"[""R000"", ""R008"", ""C000"", ""C001""]",,,4.0,0.0,3.0,3824.673257260837,asymmetric,2587.772073530403,,6175.326742739164,905.764885599061,2.0,0.0,48.0,9568.054869870115,6378.703246580078,0.5996004374888303,0.5996004374888304
,,greedy_local_search,3189.1083616392616,2,exp3:asymmetric:f1.0:v2.0:r004,1.0,3.0,8383.898197824568,,,hardening:asymmetric:r004,3,,,1671.7388879988032,1.0,truthful resolved feasibility,,,0.0,9999.999999999998,Current feasibility,5.0,,0.5171292021517407,0.650139920438267,0.4933471669998047,0.0,2450.048138274861,moderate,2450.048138274861,,0.5589265465216379,5589.265465216378,2450.048138274861,,,,4.0,,5589.265465216378,0.2450048138274861,,40004,"[""R000"", ""R003"", ""R006"", ""R007"", ""C001""]",,,5.0,0.0,3.0,5589.265465216378,asymmetric,3139.217326941517,,4410.734534783622,1467.478438942714,2.0,0.0,48.0,8805.882095862931,5870.588063908622,0.9520793154570382,0.952079315457038
,,greedy_local_search,3216.051041216963,2,exp3:asymmetric:f1.0:v2.0:r005,1.0,3.0,7613.575248040554,,,hardening:asymmetric:r005,3,,,1726.2062886391068,1.0,catalog/geography,,,0.0,10000.0,Catalog + geography,4.0,,0.4851777625990996,0.5079956667912923,0.5572160332807825,979.3932527301296,3111.984477508189,moderate,2132.59122477806,,0.5075716832027035,5075.716832027036,2132.59122477806,,,,4.0,,5075.716832027037,0.2132591224778059,,40005,"[""R002"", ""R003"", ""R005"", ""R007"", ""C001""]",,,5.0,0.0,3.0,5075.716832027037,asymmetric,2943.125607248977,,4924.283167972964,1216.91931860987,2.0,0.0,48.0,9478.46884562517,6318.97923041678,0.8032494880810452,0.8032494880810453
,,greedy_local_search,3216.051041216963,2,exp3:asymmetric:f1.0:v2.0:r005,1.0,3.0,8216.937517841148,,,hardening:asymmetric:r005,3,,,1719.2900109889592,1.0,truthful resolved feasibility,,,2.0,10000.0,Current feasibility,6.0,,0.6949001685154527,0.3528700748228943,0.5579311625138821,0.0,2261.907304010469,moderate,2261.907304010469,,0.5477958345227433,5477.958345227433,2261.907304010469,,,,3.0,,5477.958345227432,0.2261907304010469,,40005,"[""L002"", ""L025"", ""R003"", ""R004"", ""R005"", ""C001""]",,,6.0,0.0,3.0,5477.958345227432,asymmetric,3216.0510412169624,,4522.041654772568,1496.7610302280034,2.0,0.0,48.0,9212.20456008474,6141.469706723161,0.891962120928583,0.8919621209285827
,,greedy_local_search,3105.939528570514,2,exp3:asymmetric:f1.0:v2.0:r006,1.0,3.0,5365.007857051068,,,hardening:asymmetric:r006,3,,,1636.9116646386017,1.0,catalog/geography,,,0.0,9999.999999999998,Catalog + geography,3.0,,0.3063940707843066,0.4310834416949025,0.3445532701195868,1987.037050029995,2974.365917077059,moderate,987.3288670470638,,0.3576671904700712,3576.671904700712,987.3288670470638,,,,4.0,,3576.671904700712,0.0987328867047064,,40006,"[""R002"", ""R003"", ""R004"", ""R007"", ""C002""]",,,5.0,0.0,3.0,3576.671904700712,asymmetric,2589.343037653648,,6423.328095299287,952.4313730150466,2.0,0.0,48.0,9100.061265207936,6066.707510138624,0.5895573338130133,0.5895573338130133
,,greedy_local_search,3105.939528570514,2,exp3:asymmetric:f1.0:v2.0:r006,1.0,3.0,8597.509981298976,,,hardening:asymmetric:r006,3,,,1705.0867926823191,1.0,truthful resolved feasibility,,,0.0,9999.999999999998,Current feasibility,5.0,,0.5131246207676207,0.8104779585779998,0.2929698361943459,0.0,2701.241739794592,moderate,2701.241739794592,,0.5731673320865983,5731.673320865983,2701.241739794592,,,,4.0,,5731.673320865984,0.2701241739794592,,40006,"[""R001"", ""R002"", ""R004"", ""R008"", ""C001""]",,,5.0,0.0,3.0,5731.673320865984,asymmetric,3030.4315810713924,,4268.326679134016,1325.3447883890733,2.0,0.0,48.0,8983.417642402168,5988.945094934777,0.9570422219621973,0.9570422219621977
,,greedy_local_search,3145.357852427541,2,exp3:asymmetric:f1.0:v2.0:r007,0.0,3.0,7095.895247882876,,,hardening:asymmetric:r007,3,,,1660.1833247053264,1.0,catalog/geography,,,1.0,9999.999999999998,Catalog + geography,6.0,,0.2863577431817989,0.7534615664868406,0.4024357524499399,586.2710678547401,2363.226151871022,moderate,1776.955084016282,,0.4730596831921917,4730.596831921917,1776.955084016282,,,,5.0,,4730.596831921916,0.1776955084016282,,40007,"[""L017"", ""R000"", ""R001"", ""R003"", ""R004"", ""R006""]",,,6.0,0.0,3.0,4730.596831921916,asymmetric,2953.6417479056345,,5269.403168078083,1293.4584232003083,2.0,0.0,48.0,8243.960277472346,5495.973518314897,0.8607386509701288,0.8607386509701287
,,greedy_local_search,3145.357852427541,2,exp3:asymmetric:f1.0:v2.0:r007,1.0,3.0,8630.12057378891,,,hardening:asymmetric:r007,3,,,1746.8103436439746,1.0,truthful resolved feasibility,,,0.0,9999.999999999998,Current feasibility,5.0,,0.3324710669567451,0.7756971033422733,0.7711770264279826,0.0,2618.9152771430604,moderate,2618.9152771430604,,0.5753413715859275,5753.413715859275,2618.9152771430604,,,,4.0,,5753.413715859275,0.261891527714306,,40007,"[""R001"", ""R003"", ""R004"", ""R005"", ""C001""]",,,5.0,0.0,3.0,5753.413715859276,asymmetric,3134.4984387162144,,4246.586284140725,1387.6880950722398,2.0,0.0,48.0,8770.085828244355,5846.723885496234,0.9840406060788275,0.9840406060788282
,,greedy_local_search,3186.473778113356,2,exp3:asymmetric:f1.0:v2.0:r008,2.0,3.0,4995.016361268865,,,hardening:asymmetric:r008,3,,,1767.764074619104,1.0,catalog/geography,,,0.0,9999.999999999998,Catalog + geography,2.0,,0.3726221443938929,0.2231741503699685,0.4360508657225843,2161.649861854936,3023.7180231117227,moderate,862.0681612567873,,0.3330010907512577,3330.0109075125765,862.0681612567873,,,,2.0,,3330.0109075125765,0.0862068161256787,,40008,"[""R006"", ""R007"", ""C001"", ""C002""]",,,4.0,589.5666448259198,3.0,3330.0109075125765,asymmetric,2467.942746255789,,6669.989092487423,700.1786716366851,2.0,0.0,48.0,9420.323308313964,6280.215538875975,0.530238315372943,0.5302383153729431
,,greedy_local_search,3186.473778113356,2,exp3:asymmetric:f1.0:v2.0:r008,1.0,3.0,8108.546718423444,,,hardening:asymmetric:r008,3,,,1728.0530676713367,1.0,truthful resolved feasibility,,,1.0,9999.999999999998,Current feasibility,5.0,,0.5581471222406155,0.4007290958480395,0.7457419633656942,0.0,2315.217878529568,moderate,2315.217878529568,,0.5405697812282297,5405.697812282297,2315.217878529568,,,,3.0,,5405.697812282297,0.2315217878529568,,40008,"[""L019"", ""R001"", ""R004"", ""R008"", ""C001""]",,,5.0,0.0,3.0,5405.697812282297,asymmetric,3090.4799337527284,,4594.302187717703,1362.4268660813914,2.0,0.0,48.0,8653.948397590348,5769.298931726898,0.9369765505744443,0.9369765505744444
,,greedy_local_search,3182.8115459264554,2,exp3:asymmetric:f1.0:v2.0:r009,1.0,3.0,8526.696834485592,,,hardening:asymmetric:r009,3,,,1799.1522295916136,1.0,catalog/geography,,,1.0,10000.0,Catalog + geography,5.0,,0.5093470758567727,0.7237527523193253,0.4296340409253063,-176.48016807788554,2325.172842319388,moderate,2501.6530103972736,,0.568446455632373,5684.464556323729,2501.6530103972736,,,,4.0,,5684.464556323729,0.2501653010397273,,40009,"[""L010"", ""R000"", ""R001"", ""R003"", ""R005"", ""C001""]",,,6.0,0.0,3.0,5684.46455632373,asymmetric,3182.8115459264554,,4315.535443676271,1383.6593163348418,2.0,0.0,48.0,9616.605800066112,6411.070533377407,0.8866638616326534,0.886663861632654
,,greedy_local_search,3182.8115459264554,2,exp3:asymmetric:f1.0:v2.0:r009,1.0,3.0,8986.100940586955,,,hardening:asymmetric:r009,3,,,1670.0342245722563,1.0,truthful resolved feasibility,,,0.0,10000.0,Current feasibility,5.0,,0.52915363399429,0.7781999060598863,0.4429214681036989,0.0,2823.0078413863844,moderate,2823.0078413863844,,0.5990733960391305,5990.733960391305,2823.0078413863844,,,,4.0,,5990.733960391305,0.2823007841386384,,40009,"[""R001"", ""R003"", ""R005"", ""R007"", ""C001""]",,,5.0,0.0,3.0,5990.733960391304,asymmetric,3167.7261190049207,,4009.2660396086953,1497.6918944326644,2.0,0.0,48.0,9154.99102311986,6103.327348746571,0.9815521301870869,0.9815521301870872
,,greedy_local_search,3145.9474472763204,2,exp3:asymmetric:f1.0:v2.0:r010,1.0,3.0,6102.41581056685,,,hardening:asymmetric:r010,3,,,1591.704997794126,1.0,catalog/geography,,,0.0,10000.0,Catalog + geography,4.0,,0.501950419431078,0.1255286732170257,0.6850749816725628,2044.3775589105271,3407.817963844817,moderate,1363.4404049342895,,0.4068277207044566,4068.277207044567,1363.4404049342895,,,,4.0,,4068.277207044567,0.1363440404934289,,40010,"[""R001"", ""R004"", ""R005"", ""R007"", ""C002""]",,,5.0,0.0,3.0,4068.277207044567,asymmetric,2704.836802110277,,5931.722792955434,1113.1318043161511,2.0,0.0,48.0,9926.00711366121,6617.33807577414,0.6147905941119131,0.6147905941119131
,,greedy_local_search,3145.9474472763204,2,exp3:asymmetric:f1.0:v2.0:r010,1.0,3.0,9062.942487568787,,,hardening:asymmetric:r010,3,,,1623.4101615530578,1.0,truthful resolved feasibility,,,0.0,10000.0,Current feasibility,4.0,,0.6567201440932912,0.3743815699020681,0.8881927576510713,0.0,2917.119795954024,moderate,2917.119795954024,,0.604196165837919,6041.961658379191,2917.119795954024,,,,4.0,,6041.961658379191,0.2917119795954024,,40010,"[""R001"", ""R004"", ""R005"", ""R007"", ""C001""]",,,5.0,0.0,3.0,6041.961658379191,asymmetric,3124.841862425167,,3958.0383416208097,1501.4317008721096,2.0,0.0,48.0,10149.476098258683,6766.317398839123,0.8929468279770313,0.8929468279770312
,,greedy_local_search,3167.666805407142,2,exp3:asymmetric:f1.0:v2.0:r011,1.0,3.0,5742.692167332585,,,hardening:asymmetric:r011,3,,,1711.5523788023738,1.0,catalog/geography,,,0.0,10000.000000000002,Catalog + geography,3.0,,0.3925550625282001,0.3418403400000313,0.4327612367556898,1888.3347991851963,2928.9027310691563,moderate,1040.5679318839598,,0.3828461444888389,3828.4614448883895,1040.5679318839598,,,,4.0,,3828.4614448883895,0.1040567931883959,,40011,"[""R002"", ""R003"", ""R006"", ""R008"", ""C002""]",,,5.0,564.461798066436,3.0,3828.4614448883895,asymmetric,2787.8935130044297,,6171.538555111611,1076.341134202056,2.0,0.0,48.0,9920.7744079806,6613.8496053204035,0.5788552315747623,0.5788552315747618
,,greedy_local_search,3167.666805407142,2,exp3:asymmetric:f1.0:v2.0:r011,1.0,3.0,8814.231468969774,,,hardening:asymmetric:r011,3,,,1733.7486918439738,1.0,truthful resolved feasibility,,,2.0,10000.000000000002,Current feasibility,6.0,,0.5160532084042152,0.5884905553778551,0.7470989655025269,0.0,2708.487507239374,moderate,2708.487507239374,,0.5876154312646515,5876.154312646516,2708.487507239374,,,,3.0,,5876.154312646516,0.2708487507239373,,40011,"[""L007"", ""L030"", ""R003"", ""R006"", ""R008"", ""C001""]",,,6.0,0.0,3.0,5876.154312646515,asymmetric,3167.666805407142,,4123.845687353484,1433.9181135631682,2.0,0.0,48.0,8966.824446112909,5977.882964075276,0.9829824953014126,0.9829824953014119
,,greedy_local_search,3192.8536656157503,2,exp3:asymmetric:f1.0:v2.0:r012,1.0,3.0,5257.280280229561,,,hardening:asymmetric:r012,3,,,1718.7610653931056,1.0,catalog/geography,,,2.0,10000.000000000004,Catalog + geography,6.0,,0.3397691781691647,0.1801839861187815,0.6726241334880317,1676.3031059085456,2499.06175049738,moderate,822.7586445888342,,0.350485352015304,3504.8535201530403,822.7586445888342,,,,3.0,,3504.8535201530403,0.0822758644588833,,40012,"[""L015"", ""L031"", ""R000"", ""R003"", ""R004"", ""C000""]",,,6.0,0.0,3.0,3504.8535201530403,asymmetric,2682.094875564206,,6495.146479846961,963.3338101711006,2.0,0.0,48.0,8903.988018759548,5935.992012506367,0.5904410775433607,0.5904410775433605
,,greedy_local_search,3192.8536656157503,2,exp3:asymmetric:f1.0:v2.0:r012,1.0,3.0,8908.841490112107,,,hardening:asymmetric:r012,3,,,1666.885374921646,1.0,truthful resolved feasibility,,,1.0,10000.000000000004,Current feasibility,5.0,,0.5803888679419712,0.5048325123557915,0.7802819805452986,0.0,2788.549731342629,moderate,2788.549731342629,,0.593922766007474,5939.227660074739,2788.549731342629,,,,3.0,,5939.227660074738,0.2788549731342628,,40012,"[""L031"", ""R000"", ""R004"", ""R005"", ""C001""]",,,5.0,0.0,3.0,5939.227660074739,asymmetric,3150.677928732109,,4060.772339925262,1483.7925538104632,2.0,0.0,48.0,8981.718748885713,5987.812499257143,0.9918860453315077,0.9918860453315077
,,greedy_local_search,3215.031053233879,2,exp3:asymmetric:f1.0:v2.0:r013,1.0,3.0,8091.583642849217,,,hardening:asymmetric:r013,3,,,1729.8985530188213,1.0,catalog/geography,,,0.0,9999.999999999998,Catalog + geography,5.0,,0.4728997899295774,0.5126476698325131,0.7360365980679588,697.0545988591543,3201.5235869569487,moderate,2504.4689880977944,,0.5394389095232812,5394.389095232811,2504.4689880977944,,,,4.0,,5394.389095232811,0.2504468988097795,,40013,"[""R000"", ""R002"", ""R004"", ""R006"", ""C001""]",,,5.0,0.0,3.0,5394.389095232811,asymmetric,2889.9201071350167,,4605.610904767187,1160.0215541161954,2.0,0.0,48.0,9460.164403580575,6306.776269053715,0.8553322434636162,0.8553322434636166
,,greedy_local_search,3215.031053233879,2,exp3:asymmetric:f1.0:v2.0:r013,1.0,3.0,9165.40938652884,,,hardening:asymmetric:r013,3,,,1728.2536674475898,1.0,truthful resolved feasibility,,,0.0,9999.999999999998,Current feasibility,5.0,,0.5545087082641351,0.6510817796428127,0.6680987542070543,0.0,3025.86639677162,moderate,3025.86639677162,,0.6110272924352562,6110.272924352561,3025.86639677162,,,,4.0,,6110.272924352561,0.3025866396771621,,40013,"[""R001"", ""R002"", ""R004"", ""R008"", ""C001""]",,,5.0,0.0,3.0,6110.27292435256,asymmetric,3084.4065275809407,,3889.7270756474377,1356.1528601333512,2.0,0.0,48.0,9165.409386528843,6110.27292435256,0.9999999999999996,1.0
,,greedy_local_search,3226.2524599151698,2,exp3:asymmetric:f1.0:v2.0:r014,2.0,3.0,6595.473002578399,,,hardening:asymmetric:r014,3,,,1806.6474796069024,1.0,catalog/geography,,,1.0,10000.0,Catalog + geography,3.0,,0.5944220116884232,0.2371135563040284,0.4460927510284648,1965.6599494135796,3567.6237312635017,moderate,1601.9637818499225,,0.4396982001718933,4396.982001718933,1601.9637818499225,,,,2.0,,4396.982001718933,0.1601963781849922,,40014,"[""L010"", ""R000"", ""R003"", ""C001"", ""C002""]",,,5.0,0.0,3.0,4396.982001718933,asymmetric,2795.018219869011,,5603.017998281066,988.3707402621084,2.0,0.0,48.0,10393.27286693622,6928.848577957484,0.634590574790003,0.6345905747900028
,,greedy_local_search,3226.2524599151698,2,exp3:asymmetric:f1.0:v2.0:r014,1.0,3.0,8781.431958435855,,,hardening:asymmetric:r014,3,,,1800.6447533892451,1.0,truthful resolved feasibility,,,0.0,10000.0,Current feasibility,5.0,,0.6100339085825478,0.55863535413361,0.5769558221007359,0.0,2646.487243146884,moderate,2646.487243146884,,0.585428797229057,5854.28797229057,2646.487243146884,,,,4.0,,5854.287972290571,0.2646487243146884,,40014,"[""R000"", ""R001"", ""R007"", ""R008"", ""C001""]",,,5.0,0.0,3.0,5854.28797229057,asymmetric,3207.800729143687,,4145.712027709429,1407.155975754442,2.0,0.0,48.0,9108.78087768136,6072.520585120908,0.9640622687447026,0.9640622687447022
,,greedy_local_search,3183.9642388539933,2,exp3:asymmetric:f1.0:v2.0:r015,3.0,3.0,6446.228149084914,,,hardening:asymmetric:r015,3,,,1894.8126838404253,1.0,catalog/geography,,,0.0,10000.000000000002,Catalog + geography,3.0,,0.4265272240807333,0.4851377290642036,0.3400654363176311,2012.6148894688567,3519.533422072855,moderate,1506.9185326039983,,0.4297485432723275,4297.485432723275,1506.9185326039983,,,,1.0,,4297.485432723275,0.1506918532603998,,40015,"[""R005"", ""C000"", ""C001"", ""C002""]",,,4.0,581.6481162216237,3.0,4297.485432723275,asymmetric,2790.566900119277,,5702.514567276726,895.7542162788512,2.0,0.0,48.0,11275.933111519522,7517.288741013017,0.5716802401478801,0.5716802401478799
,,greedy_local_search,3183.9642388539933,2,exp3:asymmetric:f1.0:v2.0:r015,1.0,3.0,8861.797302622686,,,hardening:asymmetric:r015,3,,,1709.1641054575252,1.0,truthful resolved feasibility,,,0.0,10000.000000000002,Current feasibility,5.0,,0.6479460701144765,0.5512166795209623,0.5314245872883059,0.0,2825.9116082747496,moderate,2825.9116082747496,,0.5907864868415125,5907.864868415125,2825.9116082747496,,,,4.0,,5907.864868415125,0.2825911608274749,,40015,"[""R002"", ""R004"", ""R005"", ""R006"", ""C001""]",,,5.0,0.0,3.0,5907.864868415125,asymmetric,3081.9532601403757,,4092.135131584876,1372.7891546828498,2.0,0.0,48.0,8861.797302622686,5907.864868415125,1.0,1.0
,,greedy_local_search,3191.431769562457,2,exp3:asymmetric:f1.0:v2.0:r016,2.0,3.0,9590.736606187678,,,hardening:asymmetric:r016,3,,,1783.176435070288,1.0,catalog/geography,,,1.0,10000.000000000004,Catalog + geography,4.0,,0.5829726673239123,0.6725579155118511,0.7082473484380182,-43.01191630451922,3159.3807182581454,moderate,3202.3926345626646,,0.6393824404125121,6393.824404125122,3202.3926345626646,,,,2.0,,6393.824404125122,0.3202392634562663,,40016,"[""L030"", ""R004"", ""R007"", ""C000"", ""C001""]",,,5.0,0.0,3.0,6393.824404125122,asymmetric,3191.431769562457,,3606.17559587488,1408.2553344921694,2.0,0.0,48.0,10767.845896945175,7178.563931296786,0.8906829367709059,0.890682936770906
,,greedy_local_search,3191.431769562457,2,exp3:asymmetric:f1.0:v2.0:r016,2.0,3.0,9590.736606187678,,,hardening:asymmetric:r016,3,,,1783.176435070288,1.0,truthful resolved feasibility,,,1.0,10000.000000000004,Current feasibility,4.0,,0.5829726673239123,0.6725579155118511,0.7082473484380182,0.0,3202.3926345626646,moderate,3202.3926345626646,,0.6393824404125121,6393.824404125122,3202.3926345626646,,,,2.0,,6393.824404125122,0.3202392634562663,,40016,"[""L030"", ""R004"", ""R007"", ""C000"", ""C001""]",,,5.0,0.0,3.0,6393.824404125122,asymmetric,3191.431769562457,,3606.17559587488,1408.2553344921694,2.0,0.0,48.0,10767.845896945175,7178.563931296786,0.8906829367709059,0.890682936770906
,,greedy_local_search,3139.619133310156,2,exp3:asymmetric:f1.0:v2.0:r017,2.0,3.0,2334.13037874787,,,hardening:asymmetric:r017,3,,,1686.1560661145695,1.0,catalog/geography,,,0.0,9999.999999999998,Catalog + geography,3.0,,0.1465730613492458,0.1982706235823128,0.1012804802777727,3818.871475732359,3296.573192135219,moderate,-522.29828359714,,0.1556086919165246,1556.0869191652469,-522.29828359714,,,,2.0,,1556.0869191652466,-0.052229828359714,,40017,"[""R005"", ""R007"", ""C000"", ""C002""]",,,4.0,572.1803950378863,3.0,1556.0869191652466,asymmetric,2078.3852027623866,,8443.913080834753,392.229136647817,2.0,0.0,48.0,9502.274023778384,6334.849349185587,0.24563913573813684,0.2456391357381369
,,greedy_local_search,3139.619133310156,2,exp3:asymmetric:f1.0:v2.0:r017,1.0,3.0,8580.376663527397,,,hardening:asymmetric:r017,3,,,1666.720126812844,1.0,truthful resolved feasibility,,,0.0,9999.999999999998,Current feasibility,5.0,,0.3888407543152739,0.7958713107642774,0.5924590634622808,0.0,2584.447713847999,moderate,2584.447713847999,,0.5720251109018265,5720.251109018265,2584.447713847999,,,,4.0,,5720.251109018265,0.2584447713847999,,40017,"[""R001"", ""R002"", ""R004"", ""R005"", ""C001""]",,,5.0,0.0,3.0,5720.251109018265,asymmetric,3135.8033951702664,,4279.748890981735,1469.0832683574222,2.0,0.0,48.0,9166.31417126837,6110.87611417891,0.9360770865155831,0.9360770865155836
,,greedy_local_search,3122.2820399652,2,exp3:asymmetric:f1.0:v2.0:r018,2.0,3.0,4319.311872290553,,,hardening:asymmetric:r018,3,,,1749.19863009154,1.0,catalog/geography,,,1.0,10000.000000000002,Catalog + geography,2.0,,0.348383491338608,0.346781907326649,0.0490394307633468,2999.732803318636,3470.21237271116,moderate,470.4795693925234,,0.2879541248193702,2879.541248193702,470.4795693925234,,,,2.0,,2879.541248193702,0.0470479569392523,,40018,"[""L028"", ""R004"", ""R008"", ""C000"", ""C002""]",,,5.0,0.0,3.0,2879.541248193701,asymmetric,2409.0616788011785,,7120.4587518063,659.8630487096382,2.0,0.0,48.0,10794.356553177693,7196.23770211846,0.4001453769858115,0.4001453769858115
,,greedy_local_search,3122.2820399652,2,exp3:asymmetric:f1.0:v2.0:r018,1.0,3.0,8054.665792370472,,,hardening:asymmetric:r018,3,,,1706.0161728866008,1.0,truthful resolved feasibility,,,0.0,10000.000000000002,Current feasibility,4.0,,0.6712518128219239,0.4419786621807654,0.4011093597911555,0.0,2296.427827039264,moderate,2296.427827039264,,0.5369777194913649,5369.777194913649,2296.427827039264,,,,4.0,,5369.777194913648,0.2296427827039263,,40018,"[""R001"", ""R006"", ""R007"", ""R008"", ""C001""]",,,5.0,0.0,3.0,5369.777194913648,asymmetric,3073.3493678743844,,4630.222805086354,1367.3331949877838,2.0,0.0,48.0,9440.748996606311,6293.832664404208,0.8531808011489239,0.8531808011489238
,,greedy_local_search,3154.233279599062,2,exp3:asymmetric:f1.0:v2.0:r019,0.0,3.0,7723.533872806185,,,hardening:asymmetric:r019,3,,,1788.1406875653397,1.0,catalog/geography,,,0.0,9999.999999999998,Catalog + geography,5.0,,0.5282424190856699,0.4461483818042724,0.6052061798351611,410.0930497196405,2510.9625516356346,moderate,2100.869501915994,,0.514902258187079,5149.02258187079,2100.869501915994,,,,6.0,,5149.0225818707895,0.2100869501915994,,40019,"[""R000"", ""R001"", ""R003"", ""R004"", ""R005"", ""R008""]",,,6.0,0.0,3.0,5149.02258187079,asymmetric,3048.1530799547954,,4850.97741812921,1260.0123923894562,2.0,0.0,48.0,8710.059648898628,5806.706432599085,0.8867371963156202,0.8867371963156203
,,greedy_local_search,3154.233279599062,2,exp3:asymmetric:f1.0:v2.0:r019,0.0,3.0,8000.218402795734,,,hardening:asymmetric:r019,3,,,1695.1747418460116,1.0,truthful resolved feasibility,,,1.0,9999.999999999998,Current feasibility,6.0,,0.5058180386931906,0.4510983724300594,0.7392267287862951,0.0,2252.161729639128,moderate,2252.161729639128,,0.5333478935197156,5333.478935197156,2252.161729639128,,,,5.0,,5333.478935197156,0.2252161729639128,,40019,"[""L025"", ""R000"", ""R001"", ""R003"", ""R004"", ""R007""]",,,6.0,0.0,3.0,5333.478935197156,asymmetric,3081.317205558028,,4666.521064802844,1386.1424637120167,2.0,0.0,48.0,8267.346939717185,5511.564626478122,0.9676887230124409,0.9676887230124411
,,greedy_local_search,3178.14460467704,2,exp3:asymmetric:f2.0:v0.5:r000,1.0,3.0,3373.466823310685,,,hardening:asymmetric:r000,3,,,2792.818751044429,2.0,catalog/geography,,,0.0,9999.999999999996,Catalog + geography,3.0,,0.2093580768274612,0.2894982418871336,0.14681134493929,2712.2586062215746,2020.337819543705,moderate,-691.9207866778693,,0.2248977882207123,2248.9778822071235,-691.9207866778693,,,,3.0,,2248.977882207124,-0.0691920786677869,,40000,"[""R004"", ""R005"", ""R007"", ""C000""]",,,4.0,0.0,3.0,2248.9778822071235,asymmetric,2940.898668884993,,7751.022117792876,148.07991784056358,0.5,0.0,48.0,7680.94031896026,5120.6268793068375,0.4391997181625463,0.4391997181625466
,,greedy_local_search,3178.14460467704,2,exp3:asymmetric:f2.0:v0.5:r000,1.0,3.0,7393.310143240586,,,hardening:asymmetric:r000,3,,,2865.1840260074,2.0,truthful resolved feasibility,,,0.0,9999.999999999996,Current feasibility,4.0,,0.4053627606704126,0.4947563956515254,0.6865468105149306,0.0,1779.2526143869968,moderate,1779.2526143869968,,0.4928873428827057,4928.873428827057,1779.2526143869968,,,,3.0,,4928.873428827057,0.1779252614386997,,40000,"[""R001"", ""R002"", ""R003"", ""C001""]",,,4.0,0.0,3.0,4928.873428827057,asymmetric,3149.6208144400603,,5071.126571172943,284.4367884326608,0.5,0.0,48.0,7393.310143240589,4928.873428827057,0.9999999999999996,1.0
,,greedy_local_search,3160.754947153236,2,exp3:asymmetric:f2.0:v0.5:r001,1.0,3.0,7335.66502544132,,,hardening:asymmetric:r001,3,,,2812.63618921306,2.0,catalog/geography,,,2.0,10000.0,Catalog + geography,5.0,,0.4469308536415986,0.4922068690179806,0.5782652336720442,-137.5544447632842,1601.3975115824928,moderate,1738.951956345777,,0.4890443350294214,4890.443350294214,1738.951956345777,,,,2.0,,4890.443350294214,0.1738951956345777,,40001,"[""L011"", ""L015"", ""R000"", ""R004"", ""C001""]",,,5.0,0.0,3.0,4890.443350294215,asymmetric,3151.491393948437,,5109.556649705784,338.8552047353769,0.5,0.0,48.0,7401.692234628252,4934.461489752168,0.9910794441198151,0.9910794441198154
,,greedy_local_search,3160.754947153236,2,exp3:asymmetric:f2.0:v0.5:r001,1.0,3.0,7276.77454928728,,,hardening:asymmetric:r001,3,,,2790.6482964174475,2.0,truthful resolved feasibility,,,0.0,10000.0,Current feasibility,4.0,,0.4571575526722041,0.4569468349187487,0.5973300618088235,0.0,1735.1163484628132,moderate,1735.1163484628132,,0.4851183032858186,4851.183032858186,1735.1163484628132,,,,3.0,,4851.183032858186,0.1735116348462813,,40001,"[""R000"", ""R001"", ""R004"", ""C001""]",,,4.0,0.0,3.0,4851.183032858186,asymmetric,3116.066684395373,,5148.816967141813,325.41838797792576,0.5,0.0,48.0,7276.77454928728,4851.183032858187,1.0,0.9999999999999998
,,greedy_local_search,3133.056593146416,2,exp3:asymmetric:f2.0:v0.5:r002,0.0,3.0,5017.949673903785,,,hardening:asymmetric:r002,3,,,2560.3577249411533,2.0,catalog/geography,,,1.0,10000.000000000002,Catalog + geography,4.0,,0.3034168381564498,0.4032485665529261,0.2842770139816285,1236.271331520989,1797.7161042720836,moderate,561.4447727510947,,0.3345299782602522,3345.2997826025235,561.4447727510947,,,,4.0,,3345.2997826025235,0.0561444772751094,,40002,"[""L019"", ""R003"", ""R006"", ""R007"", ""R008""]",,,5.0,275.278789759619,3.0,3345.299782602523,asymmetric,2783.855009851429,,6654.700217397478,223.49728491027568,0.5,0.0,48.0,7023.665777398755,4682.4438515991715,0.7144345748983238,0.7144345748983236
,,greedy_local_search,3133.056593146416,2,exp3:asymmetric:f2.0:v0.5:r002,0.0,3.0,6668.072429451698,,,hardening:asymmetric:r002,3,,,2552.0003684895964,2.0,truthful resolved feasibility,,,3.0,10000.000000000002,Current feasibility,6.0,,0.2240697208354962,0.625102836686879,0.6246039737353276,0.0,1552.1998507370445,moderate,1552.1998507370445,,0.4445381619634464,4445.381619634465,1552.1998507370445,,,,3.0,,4445.381619634465,0.1552199850737044,,40002,"[""L015"", ""L020"", ""L027"", ""R000"", ""R003"", ""R007""]",,,6.0,0.0,3.0,4445.381619634465,asymmetric,2893.1817688974206,,5554.618380365536,341.18140040782407,0.5,0.0,48.0,6668.072429451699,4445.381619634466,0.9999999999999999,0.9999999999999998
,,greedy_local_search,3160.085619378712,2,exp3:asymmetric:f2.0:v0.5:r003,1.0,3.0,4694.109576795681,,,hardening:asymmetric:r003,3,,,2736.2665337196527,2.0,catalog/geography,,,0.0,10000.000000000002,Catalog + geography,3.0,,0.3732618997427641,0.1480960542061706,0.4656958229832094,1896.9005447619147,2089.666192803683,moderate,192.76564804176812,,0.3129406384530454,3129.4063845304545,192.76564804176812,,,,3.0,,3129.4063845304545,0.0192765648041768,,40003,"[""R000"", ""R001"", ""R005"", ""C000""]",,,4.0,0.0,3.0,3129.406384530455,asymmetric,2936.6407364886863,,6870.5936154695455,200.37420276903356,0.5,0.0,48.0,7691.623121250834,5127.748747500557,0.6102885571481708,0.6102885571481708
,,greedy_local_search,3160.085619378712,2,exp3:asymmetric:f2.0:v0.5:r003,1.0,3.0,6955.674577241051,,,hardening:asymmetric:r003,3,,,2853.82773257146,2.0,truthful resolved feasibility,,,2.0,10000.000000000002,Current feasibility,5.0,,0.3846436846838763,0.394044794615098,0.7635315112985405,0.0,1496.8863937863655,moderate,1496.8863937863655,,0.4637116384827367,4637.116384827367,1496.8863937863655,,,,2.0,,4637.116384827367,0.1496886393786365,,40003,"[""L006"", ""L027"", ""R001"", ""R006"", ""C001""]",,,5.0,0.0,3.0,4637.116384827368,asymmetric,3140.229991041001,,5362.883615172632,286.4022584695416,0.5,0.0,48.0,7426.03773922206,4950.6918261480405,0.9366602785363325,0.9366602785363325
,,greedy_local_search,3189.1083616392616,2,exp3:asymmetric:f2.0:v0.5:r004,2.0,3.0,4614.569570003037,,,hardening:asymmetric:r004,3,,,2668.396416636092,2.0,catalog/geography,,,0.0,9999.999999999998,Catalog + geography,3.0,,0.3874948944098296,0.2822309785134661,0.1724221318469967,2020.2376837680577,2236.7438995320404,moderate,216.5062157639827,,0.3076379713335358,3076.3797133353582,216.5062157639827,,,,1.0,,3076.3797133353582,0.0216506215763982,,40004,"[""R003"", ""C000"", ""C001""]",,,3.0,0.0,3.0,3076.3797133353582,asymmetric,2859.8734975713755,,6923.620286664641,191.47708093528348,0.5,0.0,48.0,8023.733497420379,5349.15566494692,0.5751150099248207,0.5751150099248206
,,greedy_local_search,3189.1083616392616,2,exp3:asymmetric:f2.0:v0.5:r004,1.0,3.0,7060.442218668461,,,hardening:asymmetric:r004,3,,,2793.132597347283,2.0,truthful resolved feasibility,,,2.0,9999.999999999998,Current feasibility,5.0,,0.388304034172057,0.5844786602507672,0.4569590072301827,0.0,1592.2085823841317,moderate,1592.2085823841317,,0.4706961479112307,4706.961479112308,1592.2085823841317,,,,2.0,,4706.961479112308,0.1592208582384132,,40004,"[""L009"", ""L030"", ""R000"", ""R006"", ""C001""]",,,5.0,0.0,3.0,4706.961479112308,asymmetric,3114.752896728176,,5293.038520887692,321.620299380893,0.5,0.0,48.0,7253.885287152465,4835.923524768311,0.9733324886145337,0.9733324886145337
,,greedy_local_search,3216.051041216963,2,exp3:asymmetric:f2.0:v0.5:r005,1.0,3.0,6515.548713633816,,,hardening:asymmetric:r005,3,,,2873.905789891954,2.0,catalog/geography,,,0.0,10000.0,Catalog + geography,3.0,,0.4903954428005182,0.3236583651759795,0.5020576858521417,1182.2350008343185,2380.7642613839816,moderate,1198.5292605496634,,0.4343699142422544,4343.699142422544,1198.5292605496634,,,,3.0,,4343.699142422544,0.1198529260549663,,40005,"[""R002"", ""R004"", ""R007"", ""C001""]",,,4.0,0.0,3.0,4343.699142422544,asymmetric,3145.169881872881,,5656.300857577457,271.2640919809267,0.5,0.0,48.0,8394.347802049617,5596.231868033079,0.7761828396058285,0.7761828396058283
,,greedy_local_search,3216.051041216963,2,exp3:asymmetric:f2.0:v0.5:r005,1.0,3.0,6985.230242954902,,,hardening:asymmetric:r005,3,,,2740.498231166121,2.0,truthful resolved feasibility,,,2.0,10000.0,Current feasibility,5.0,,0.6793959286077498,0.1188256664656854,0.5918243253025806,0.0,1582.3692154809703,moderate,1582.3692154809703,,0.4656820161969934,4656.820161969934,1582.3692154809703,,,,2.0,,4656.820161969934,0.158236921548097,,40005,"[""L022"", ""L025"", ""R003"", ""R004"", ""C001""]",,,5.0,0.0,3.0,4656.820161969934,asymmetric,3074.4509464889634,,5343.179838030066,333.95271532284164,0.5,0.0,48.0,7797.4702500030235,5198.313500002016,0.895832881562093,0.8958328815620928
,,greedy_local_search,3105.939528570514,2,exp3:asymmetric:f2.0:v0.5:r006,1.0,3.0,3833.198107811375,,,hardening:asymmetric:r006,3,,,2644.445693975414,2.0,catalog/geography,,,0.0,9999.999999999998,Catalog + geography,2.0,,0.2021670803757597,0.2947545951345772,0.3070362302728224,2364.2859665859314,2103.17248665964,moderate,-261.1134799262918,,0.2555465405207583,2555.4654052075834,-261.1134799262918,,,,3.0,,2555.4654052075834,-0.0261113479926291,,40006,"[""R003"", ""R004"", ""R007"", ""C002""]",,,4.0,0.0,3.0,2555.4654052075834,asymmetric,2816.5788851338752,,7444.534594792415,172.13319115846102,0.5,0.0,48.0,7568.2515159682425,5045.501010645494,0.5064839744984315,0.5064839744984316
,,greedy_local_search,3105.939528570514,2,exp3:asymmetric:f2.0:v0.5:r006,1.0,3.0,7273.115116460842,,,hardening:asymmetric:r006,3,,,2724.4975941257585,2.0,truthful resolved feasibility,,,0.0,9999.999999999998,Current feasibility,4.0,,0.450375545127728,0.6679550569525649,0.2421053792825709,0.0,1851.8868872658877,moderate,1851.8868872658877,,0.4848743410973894,4848.743410973894,1851.8868872658877,,,,3.0,,4848.743410973894,0.1851886887265887,,40006,"[""R002"", ""R004"", ""R008"", ""C001""]",,,4.0,0.0,3.0,4848.743410973894,asymmetric,2996.856523708007,,5151.256589026105,272.3589295822484,0.5,0.0,48.0,7642.532929752715,5095.021953168476,0.9516629085294859,0.951662908529486
,,greedy_local_search,3145.357852427541,2,exp3:asymmetric:f2.0:v0.5:r007,0.0,3.0,6053.506673286514,,,hardening:asymmetric:r007,3,,,2639.9037269601145,2.0,catalog/geography,,,3.0,9999.999999999998,Catalog + geography,6.0,,0.254909833081746,0.5936748631574396,0.4053574228027241,471.90864577283673,1543.4158188106362,moderate,1071.5071730377997,,0.4035671115524343,4035.671115524343,1071.5071730377997,,,,3.0,,4035.671115524342,0.1071507173037799,,40007,"[""L004"", ""L007"", ""L029"", ""R000"", ""R001"", ""R003""]",,,6.0,0.0,3.0,4035.671115524343,asymmetric,2964.1639424865425,,5964.328884475657,324.2602155264283,0.5,0.0,48.0,6804.734027458406,4536.489351638936,0.8896022458569953,0.8896022458569955
,,greedy_local_search,3145.357852427541,2,exp3:asymmetric:f2.0:v0.5:r007,1.0,3.0,6607.012002981974,,,hardening:asymmetric:r007,3,,,2575.404313528611,2.0,truthful resolved feasibility,,,1.0,9999.999999999998,Current feasibility,4.0,,0.2521298113732353,0.5370898832708606,0.6951379630135393,0.0,1561.514743407202,moderate,1561.514743407202,,0.4404674668654649,4404.674668654649,1561.514743407202,,,,2.0,,4404.674668654649,0.1561514743407202,,40007,"[""L007"", ""R001"", ""R003"", ""C001""]",,,4.0,0.0,3.0,4404.674668654649,asymmetric,2843.1599252474475,,5595.325331345352,267.7556117188363,0.5,0.0,48.0,6746.977257437415,4497.984838291609,0.9792551169042177,0.979255116904218
,,greedy_local_search,3186.473778113356,2,exp3:asymmetric:f2.0:v0.5:r008,1.0,3.0,6398.753134320723,,,hardening:asymmetric:r008,3,,,2800.458336454816,2.0,catalog/geography,,,1.0,9999.999999999998,Catalog + geography,3.0,,0.3525828524481803,0.3802266873588499,0.6742095905538479,584.6502204077046,1791.023178776809,moderate,1206.3729583691045,,0.4265835422880483,4265.835422880482,1206.3729583691045,,,,2.0,,4265.835422880482,0.1206372958369104,,40008,"[""L002"", ""R002"", ""R004"", ""C001""]",,,4.0,0.0,3.0,4265.835422880482,asymmetric,3059.4624645113777,,5734.164577119518,259.0041280565618,0.5,0.0,48.0,7500.320862631055,5000.213908420703,0.8531305862128262,0.8531305862128263
,,greedy_local_search,3186.473778113356,2,exp3:asymmetric:f2.0:v0.5:r008,1.0,3.0,6915.054469713747,,,hardening:asymmetric:r008,3,,,2732.081008891934,2.0,truthful resolved feasibility,,,1.0,9999.999999999998,Current feasibility,3.0,,0.4956147652035582,0.253795983712885,0.7457419633656942,0.0,1595.3641302016497,moderate,1595.3641302016497,,0.4610036313142498,4610.036313142497,1595.3641302016497,,,,2.0,,4610.036313142498,0.1595364130201649,,40008,"[""L021"", ""R001"", ""R004"", ""C001""]",,,4.0,0.0,3.0,4610.036313142498,asymmetric,3014.672182940849,,5389.963686857502,282.59117404891526,0.5,0.0,48.0,7302.551328149069,4868.367552099379,0.9469367840056608,0.946936784005661
,,greedy_local_search,3182.8115459264554,2,exp3:asymmetric:f2.0:v0.5:r009,0.0,3.0,6163.964778740052,,,hardening:asymmetric:r009,3,,,2647.372284725197,2.0,catalog/geography,,,1.0,10000.0,Catalog + geography,4.0,,0.383870237684275,0.5103592757456197,0.2978181589022309,237.0440033094951,1404.2181228818708,moderate,1167.1741195723755,,0.4109309852493368,4109.309852493368,1167.1741195723755,,,,4.0,,4109.309852493368,0.1167174119572375,,40009,"[""L029"", ""R001"", ""R003"", ""R005"", ""R007""]",,,5.0,0.0,3.0,4109.309852493368,asymmetric,2942.1357329209927,,5890.690147506632,294.7634481957954,0.5,0.0,48.0,6551.882304862144,4367.921536574761,0.9407929648195573,0.9407929648195579
,,greedy_local_search,3182.8115459264554,2,exp3:asymmetric:f2.0:v0.5:r009,1.0,3.0,7597.361415702582,,,hardening:asymmetric:r009,3,,,2759.779727087377,2.0,truthful resolved feasibility,,,0.0,10000.0,Current feasibility,4.0,,0.4583575596222465,0.6283199562094316,0.4015893727176347,0.0,1992.7683773964395,moderate,1992.7683773964395,,0.5064907610468389,5064.907610468389,1992.7683773964395,,,,3.0,,5064.907610468389,0.1992768377396439,,40009,"[""R001"", ""R003"", ""R007"", ""C001""]",,,4.0,0.0,3.0,5064.90761046839,asymmetric,3072.139233071949,,4935.092389531612,312.3595059845724,0.5,0.0,48.0,7766.251498235484,5177.500998823655,0.9782533333396074,0.9782533333396078
,,greedy_local_search,3145.9474472763204,2,exp3:asymmetric:f2.0:v0.5:r010,1.0,3.0,4554.082368808565,,,hardening:asymmetric:r010,3,,,2598.9122346962586,2.0,catalog/geography,,,0.0,10000.0,Catalog + geography,3.0,,0.3910315891308699,0.1091201117760643,0.4472461851169516,2430.0425689051654,2651.9875382317587,moderate,221.9449693265933,,0.3036054912539042,3036.054912539043,221.9449693265933,,,,3.0,,3036.0549125390426,0.0221944969326593,,40010,"[""R001"", ""R004"", ""R007"", ""C002""]",,,4.0,0.0,3.0,3036.0549125390435,asymmetric,2814.1099432124493,,6963.945087460958,215.1977085161908,0.5,0.0,48.0,8377.673671902925,5585.115781268616,0.5435974886539284,0.5435974886539285
,,greedy_local_search,3145.9474472763204,2,exp3:asymmetric:f2.0:v0.5:r010,1.0,3.0,8339.401578112363,,,hardening:asymmetric:r010,3,,,2722.0798326287863,2.0,truthful resolved feasibility,,,2.0,10000.0,Current feasibility,5.0,,0.5123440788810281,0.4596933411033103,0.8225630016243488,0.0,2461.727039964234,moderate,2461.727039964234,,0.5559601052074908,5559.60105207491,2461.727039964234,,,,2.0,,5559.60105207491,0.2461727039964233,,40010,"[""L009"", ""L032"", ""R001"", ""R007"", ""C001""]",,,5.0,0.0,3.0,5559.60105207491,asymmetric,3097.874012110676,,4440.398947925091,375.7941794818893,0.5,0.0,48.0,8339.401578112365,5559.60105207491,0.9999999999999998,1.0
,,greedy_local_search,3167.666805407142,2,exp3:asymmetric:f2.0:v0.5:r011,1.0,3.0,3828.269077916504,,,hardening:asymmetric:r011,3,,,2821.3962889677687,2.0,catalog/geography,,,0.0,10000.000000000002,Catalog + geography,2.0,,0.3477658705133416,0.097062372584549,0.3237573319608549,2484.186488452764,2019.090108885901,moderate,-465.09637956686265,,0.2552179385277669,2552.179385277669,-465.09637956686265,,,,3.0,,2552.179385277669,-0.0465096379566862,,40011,"[""R002"", ""R003"", ""R004"", ""C002""]",,,4.0,1128.923596132872,3.0,2552.179385277669,asymmetric,3017.275764844532,,7447.82061472233,195.87947587676325,0.5,0.0,48.0,8522.516667567646,5681.677778378434,0.44919467186083006,0.44919467186082984
,,greedy_local_search,3167.666805407142,2,exp3:asymmetric:f2.0:v0.5:r011,1.0,3.0,7473.966774009306,,,hardening:asymmetric:r011,3,,,2857.90515651449,2.0,truthful resolved feasibility,,,2.0,10000.000000000002,Current feasibility,5.0,,0.3896830437739366,0.4903316702651084,0.7564549865478052,0.0,1814.977710599062,moderate,1814.977710599062,,0.4982644516006204,4982.644516006204,1814.977710599062,,,,2.0,,4982.644516006204,0.1814977710599061,,40011,"[""L006"", ""L033"", ""R003"", ""R008"", ""C001""]",,,5.0,0.0,3.0,4982.644516006204,asymmetric,3167.666805407142,,5017.355483993795,309.7616488926519,0.5,0.0,48.0,7558.207055676274,5038.804703784186,0.9888544623021802,0.9888544623021794
,,greedy_local_search,3192.8536656157503,2,exp3:asymmetric:f2.0:v0.5:r012,1.0,3.0,4188.94308235876,,,hardening:asymmetric:r012,3,,,2863.714713442514,2.0,catalog/geography,,,0.0,10000.000000000004,Catalog + geography,4.0,,0.2554162708120427,0.1272992994690251,0.5988539773883629,2086.589436766788,1835.149368658408,moderate,-251.44006810838027,,0.2792628721572506,2792.6287215725065,-251.44006810838027,,,,3.0,,2792.6287215725065,-0.025144006810838,,40012,"[""R000"", ""R003"", ""R004"", ""C000""]",,,4.0,0.0,3.0,2792.628721572506,asymmetric,3044.0687896808868,,7207.371278427494,180.35407623837276,0.5,0.0,48.0,7515.634620821413,5010.42308054761,0.5573638546442449,0.5573638546442445
,,greedy_local_search,3192.8536656157503,2,exp3:asymmetric:f2.0:v0.5:r012,1.0,3.0,7513.54375514448,,,hardening:asymmetric:r012,3,,,2715.9851444964493,2.0,truthful resolved feasibility,,,1.0,10000.000000000004,Current feasibility,4.0,,0.559774431069871,0.3399382378340995,0.6501301989312762,0.0,1979.5185883507,moderate,1979.5185883507,,0.5009029170096321,5009.029170096321,1979.5185883507,,,,2.0,,5009.029170096321,0.1979518588350699,,40012,"[""L008"", ""R000"", ""R004"", ""C001""]",,,4.0,0.0,3.0,5009.029170096321,asymmetric,3029.510581745621,,4990.97082990368,313.5254372491718,0.5,0.0,48.0,7513.543755144481,5009.029170096323,0.9999999999999999,0.9999999999999997
,,greedy_local_search,3215.031053233879,2,exp3:asymmetric:f2.0:v0.5:r013,1.0,3.0,7016.672906231139,,,hardening:asymmetric:r013,3,,,2882.4178654728416,2.0,catalog/geography,,,0.0,9999.999999999998,Catalog + geography,4.0,,0.4301283454812413,0.3894468660110033,0.6895701758916645,680.9715373805084,2231.4227190085094,moderate,1550.451181628001,,0.4677781937487427,4677.781937487426,1550.451181628001,,,,3.0,,4677.781937487426,0.1550451181628001,,40013,"[""R000"", ""R004"", ""R006"", ""C001""]",,,4.0,0.0,3.0,4677.781937487427,asymmetric,3127.330755859425,,5322.218062512572,244.9128903865837,0.5,0.0,48.0,8105.832450042741,5403.888300028491,0.8656326107744975,0.865632610774498
,,greedy_local_search,3215.031053233879,2,exp3:asymmetric:f2.0:v0.5:r013,1.0,3.0,7890.642424175056,,,hardening:asymmetric:r013,3,,,2811.9677461339475,2.0,truthful resolved feasibility,,,0.0,9999.999999999998,Current feasibility,4.0,,0.4136427999192358,0.5058441768394056,0.8142905321044449,0.0,2159.652519842283,moderate,2159.652519842283,,0.526042828278337,5260.4282827833695,2159.652519842283,,,,3.0,,5260.4282827833695,0.2159652519842283,,40013,"[""R002"", ""R004"", ""R005"", ""C001""]",,,4.0,0.0,3.0,5260.4282827833695,asymmetric,3100.7757629410867,,4739.57171721663,288.8080168071392,0.5,0.0,48.0,7890.642424175057,5260.4282827833695,0.9999999999999998,1.0
,,greedy_local_search,3226.2524599151698,2,exp3:asymmetric:f2.0:v0.5:r014,1.0,3.0,4370.560673621967,,,hardening:asymmetric:r014,3,,,2842.0096127716806,2.0,catalog/geography,,,0.0,10000.0,Catalog + geography,2.0,,0.3705977375238112,0.260683143815476,0.166813146768331,2519.8335909656234,2404.8947614136705,moderate,-114.93882955195296,,0.2913707115747979,2913.7071157479786,-114.93882955195296,,,,3.0,,2913.707115747978,-0.0114938829551952,,40014,"[""R000"", ""R003"", ""R008"", ""C002""]",,,4.0,0.0,3.0,2913.7071157479786,asymmetric,3028.645945299931,,7086.2928842520205,186.6363325282506,0.5,0.0,48.0,8505.075709572327,5670.050473048221,0.5138767511149808,0.5138767511149807
,,greedy_local_search,3226.2524599151698,2,exp3:asymmetric:f2.0:v0.5:r014,1.0,3.0,7068.839074700849,,,hardening:asymmetric:r014,3,,,2919.98408346428,2.0,truthful resolved feasibility,,,0.0,10000.0,Current feasibility,4.0,,0.5742269375775026,0.3317243309229927,0.4837515029023314,0.0,1522.0192665503437,moderate,1522.0192665503437,,0.4712559383133899,4712.559383133898,1522.0192665503437,,,,3.0,,4712.559383133898,0.1522019266550343,,40014,"[""R000"", ""R001"", ""R007"", ""C001""]",,,4.0,0.0,3.0,4712.559383133898,asymmetric,3190.5401165835547,,5287.440616866101,270.5560331192745,0.5,0.0,48.0,7396.187993946352,4930.791995964237,0.9557408600871918,0.9557408600871913
,,greedy_local_search,3183.9642388539933,2,exp3:asymmetric:f2.0:v0.5:r015,1.0,3.0,4399.472522329624,,,hardening:asymmetric:r015,3,,,2664.732649872497,2.0,catalog/geography,,,0.0,10000.000000000002,Catalog + geography,2.0,,0.2352564709251023,0.3905260561059267,0.2537431830096889,2197.36455804827,2281.8160138877347,moderate,84.45145583946487,,0.2932981681553082,2932.981681553082,84.45145583946487,,,,3.0,,2932.981681553082,0.0084451455839464,,40015,"[""R000"", ""R002"", ""R003"", ""C002""]",,,4.0,0.0,3.0,2932.981681553082,asymmetric,2848.5302257136173,,7067.018318446919,183.79757584112008,0.5,0.0,48.0,8613.163670738155,5742.109113825438,0.5107847349140859,0.5107847349140857
,,greedy_local_search,3183.9642388539933,2,exp3:asymmetric:f2.0:v0.5:r015,1.0,3.0,7550.975286827179,,,hardening:asymmetric:r015,3,,,2794.686446498305,2.0,truthful resolved feasibility,,,0.0,10000.000000000002,Current feasibility,4.0,,0.5752440869034561,0.4721440051839434,0.3964405576710489,0.0,1947.7653212798425,moderate,1947.7653212798425,,0.5033983524551453,5033.983524551453,1947.7653212798425,,,,3.0,,5033.983524551453,0.1947765321279841,,40015,"[""R002"", ""R005"", ""R006"", ""C001""]",,,4.0,0.0,3.0,5033.983524551453,asymmetric,3086.218203271611,,4966.016475448549,291.53175677330546,0.5,0.0,48.0,7550.975286827179,5033.983524551453,1.0,1.0
,,greedy_local_search,3191.431769562457,2,exp3:asymmetric:f2.0:v0.5:r016,1.0,3.0,7056.458770513887,,,hardening:asymmetric:r016,3,,,2841.7001328386004,2.0,catalog/geography,,,0.0,10000.000000000004,Catalog + geography,3.0,,0.514554829736869,0.4327373853151982,0.4371141322950767,481.88842333683215,2038.117628092762,moderate,1556.22920475593,,0.4704305847009258,4704.305847009258,1556.22920475593,,,,3.0,,4704.305847009258,0.1556229204755929,,40016,"[""R003"", ""R004"", ""R007"", ""C000""]",,,4.0,0.0,3.0,4704.305847009258,asymmetric,3148.0766422533284,,5295.694152990743,306.3765094147279,0.5,0.0,48.0,8235.97861476873,5490.652409845823,0.8567844940563916,0.8567844940563911
,,greedy_local_search,3191.431769562457,2,exp3:asymmetric:f2.0:v0.5:r016,1.0,3.0,8076.458884734633,,,hardening:asymmetric:r016,3,,,2803.921491263148,2.0,truthful resolved feasibility,,,2.0,10000.000000000004,Current feasibility,5.0,,0.2995023143767467,0.7332490038216295,0.7350869975426791,0.0,2261.700785291798,moderate,2261.700785291798,,0.5384305923156422,5384.305923156422,2261.700785291798,,,,2.0,,5384.305923156422,0.2261700785291797,,40016,"[""L008"", ""L016"", ""R004"", ""R007"", ""C001""]",,,5.0,0.0,3.0,5384.305923156422,asymmetric,3122.605137864624,,4615.694076843579,318.683646601476,0.5,0.0,48.0,8076.458884734634,5384.305923156425,0.9999999999999999,0.9999999999999994
,,greedy_local_search,3139.619133310156,2,exp3:asymmetric:f2.0:v0.5:r017,1.0,3.0,3609.839123662546,,,hardening:asymmetric:r017,3,,,2768.642580020185,2.0,catalog/geography,,,0.0,9999.999999999998,Catalog + geography,4.0,,0.2380493557997995,0.3236503868915393,0.1012804802777727,2842.9765318749937,2316.301674301004,moderate,-526.6748575739898,,0.2406559415775031,2406.559415775031,-526.6748575739898,,,,3.0,,2406.559415775031,-0.0526674857573989,,40017,"[""R001"", ""R005"", ""R007"", ""C002""]",,,4.0,0.0,3.0,2406.559415775031,asymmetric,2933.234273349021,,7593.440584224968,164.5916933288358,0.5,0.0,48.0,8117.404352739351,5411.6029018262325,0.44470362283287596,0.4447036228328762
,,greedy_local_search,3139.619133310156,2,exp3:asymmetric:f2.0:v0.5:r017,1.0,3.0,7304.667918612722,,,hardening:asymmetric:r017,3,,,2792.749015758869,2.0,truthful resolved feasibility,,,0.0,9999.999999999998,Current feasibility,4.0,,0.3193436215228075,0.7307544007445875,0.4375459564748952,0.0,1778.186653279988,moderate,1778.186653279988,,0.4869778612408481,4869.778612408481,1778.186653279988,,,,3.0,,4869.778612408481,0.1778186653279988,,40017,"[""R002"", ""R004"", ""R005"", ""C001""]",,,4.0,0.0,3.0,4869.778612408481,asymmetric,3091.5919591284933,,5130.221387591519,298.8429433696241,0.5,0.0,48.0,7530.694218642135,5020.462812428087,0.9699859941902982,0.9699859941902987
,,greedy_local_search,3122.2820399652,2,exp3:asymmetric:f2.0:v0.5:r018,2.0,3.0,2546.568403484047,,,hardening:asymmetric:r018,3,,,2622.3528690754224,2.0,catalog/geography,,,0.0,10000.000000000002,Catalog + geography,1.0,,0.1875652437780254,0.2158828029890161,0.0490394307633468,3355.7712335004016,2344.7142001130323,moderate,-1011.0570333873692,,0.1697712268989364,1697.7122689893647,-1011.0570333873692,,,,1.0,,1697.7122689893647,-0.1011057033387368,,40018,"[""R004"", ""C000"", ""C002""]",,,3.0,0.0,3.0,1697.7122689893647,asymmetric,2708.769302376734,,8302.287731010638,86.41643330131137,0.5,0.0,48.0,8633.497351726597,5755.664901151064,0.2949637093448304,0.2949637093448304
,,greedy_local_search,3122.2820399652,2,exp3:asymmetric:f2.0:v0.5:r018,0.0,3.0,6480.712261781968,,,hardening:asymmetric:r018,3,,,2647.954292167725,2.0,truthful resolved feasibility,,,1.0,10000.000000000002,Current feasibility,5.0,,0.395138228122163,0.4749430610224011,0.4400260505299203,0.0,1364.2362947286492,moderate,1364.2362947286492,,0.4320474841187979,4320.474841187979,1364.2362947286492,,,,4.0,,4320.474841187979,0.1364236294728649,,40018,"[""L019"", ""R001"", ""R006"", ""R007"", ""R008""]",,,5.0,0.0,3.0,4320.474841187979,asymmetric,2956.23854645933,,5679.525158812023,308.28425429160524,0.5,0.0,48.0,6702.35481197475,4468.236541316499,0.9669306450627195,0.96693064506272
,,greedy_local_search,3154.233279599062,2,exp3:asymmetric:f2.0:v0.5:r019,0.0,3.0,6572.170424663083,,,hardening:asymmetric:r019,3,,,2718.9894397446583,2.0,catalog/geography,,,1.0,9999.999999999998,Catalog + geography,4.0,,0.3276896919161353,0.3625051961995592,0.8190375747271614,144.5534618216202,1519.504459882006,moderate,1374.9509980603857,,0.4381446949775389,4381.446949775389,1374.9509980603857,,,,4.0,,4381.446949775389,0.1374950998060386,,40019,"[""L000"", ""R000"", ""R003"", ""R004"", ""R007""]",,,5.0,0.0,3.0,4381.446949775389,asymmetric,3006.4959517150032,,5618.553050224611,287.50651197034495,0.5,0.0,48.0,6799.1722974923905,4532.781531661592,0.9666133077826211,0.9666133077826214
,,greedy_local_search,3154.233279599062,2,exp3:asymmetric:f2.0:v0.5:r019,0.0,3.0,6642.565036585149,,,hardening:asymmetric:r019,3,,,2720.7239804381293,2.0,truthful resolved feasibility,,,1.0,9999.999999999998,Current feasibility,5.0,,0.3758347666260394,0.3786537355709229,0.7059160833706792,0.0,1418.4824886256893,moderate,1418.4824886256893,,0.4428376691056765,4428.376691056766,1418.4824886256893,,,,4.0,,4428.376691056766,0.1418482488625689,,40019,"[""L031"", ""R000"", ""R003"", ""R004"", ""R007""]",,,5.0,0.0,3.0,4428.376691056766,asymmetric,3009.8942024310763,,5571.623308943234,289.170221992947,0.5,0.0,48.0,6753.92651204014,4502.617674693425,0.9835115950319465,0.9835115950319467
,,greedy_local_search,3178.14460467704,2,exp3:asymmetric:f2.0:v1.0:r000,1.0,3.0,2354.2889681442557,,,hardening:asymmetric:r000,3,,,2541.441548991168,2.0,catalog/geography,,,1.0,9999.999999999996,Catalog + geography,3.0,,0.1067415169029126,0.2529888548003865,0.1018640804491884,2688.500467803985,1515.1076977827702,moderate,-1173.3927700212153,,0.1569525978762836,1569.5259787628368,-1173.3927700212153,,,,2.0,,1569.5259787628363,-0.1173392770021215,,40000,"[""L004"", ""R004"", ""R005"", ""C000""]",,,4.0,279.74399158357016,3.0,1569.5259787628368,asymmetric,2742.918748784052,,8430.474021237162,201.47719979288365,1.0,0.0,48.0,6955.548919617746,4637.032613078494,0.338476372656098,0.3384763726560981
,,greedy_local_search,3178.14460467704,2,exp3:asymmetric:f2.0:v1.0:r000,1.0,3.0,6780.557687769023,,,hardening:asymmetric:r000,3,,,2604.5977934129105,2.0,truthful resolved feasibility,,,1.0,9999.999999999996,Current feasibility,4.0,,0.3747508264988738,0.4448793345470619,0.6384577008431834,0.0,1363.0835682319494,moderate,1363.0835682319494,,0.4520371791846015,4520.371791846015,1363.0835682319494,,,,2.0,,4520.371791846015,0.1363083568231949,,40000,"[""L031"", ""R002"", ""R003"", ""C001""]",,,4.0,0.0,3.0,4520.371791846015,asymmetric,3157.288223614066,,5479.628208153984,552.6904302011556,1.0,0.0,48.0,6780.5576877690255,4520.371791846015,0.9999999999999996,1.0
,,greedy_local_search,3160.754947153236,2,exp3:asymmetric:f2.0:v1.0:r001,1.0,3.0,6485.113459348797,,,hardening:asymmetric:r001,3,,,2548.014383630704,2.0,catalog/geography,,,1.0,10000.0,Catalog + geography,4.0,,0.3045259624269244,0.568659098632152,0.4813676483827531,3.530454959884992,1212.0985112625967,moderate,1208.5680563027115,,0.4323408972899197,4323.408972899198,1208.5680563027115,,,,2.0,,4323.408972899198,0.1208568056302711,,40001,"[""L011"", ""R000"", ""R002"", ""C001""]",,,4.0,0.0,3.0,4323.408972899198,asymmetric,3114.840916596486,,5676.5910271008015,566.8265329657822,1.0,0.0,48.0,6783.1635890108755,4522.1090593405825,0.9560603064114601,0.9560603064114602
,,greedy_local_search,3160.754947153236,2,exp3:asymmetric:f2.0:v1.0:r001,1.0,3.0,6701.185321739583,,,hardening:asymmetric:r001,3,,,2538.5060931804533,2.0,truthful resolved feasibility,,,1.0,10000.0,Current feasibility,4.0,,0.4205884728551409,0.4192126043043876,0.5537823191231155,0.0,1324.7104512789738,moderate,1324.7104512789738,,0.4467456881159722,4467.456881159722,1324.7104512789738,,,,2.0,,4467.456881159721,0.1324710451278973,,40001,"[""L015"", ""R000"", ""R004"", ""C001""]",,,4.0,0.0,3.0,4467.456881159722,asymmetric,3142.746429880747,,5532.543118840277,604.2403367002937,1.0,0.0,48.0,6701.185321739584,4467.456881159722,0.9999999999999999,1.0
,,greedy_local_search,3133.056593146416,2,exp3:asymmetric:f2.0:v1.0:r002,0.0,3.0,5017.949673903785,,,hardening:asymmetric:r002,3,,,2285.0789351815347,2.0,catalog/geography,,,0.0,10000.000000000002,Catalog + geography,4.0,,0.3034168381564498,0.4032485665529261,0.2842770139816285,770.7194772970288,1383.945754897466,moderate,613.2262776004372,,0.3345299782602522,3345.2997826025235,613.2262776004372,,,,4.0,,3345.2997826025235,0.0613226277600437,,40002,"[""R003"", ""R006"", ""R007"", ""R008""]",,,4.0,0.0,3.0,3345.299782602523,asymmetric,2732.073505002086,,6654.700217397478,446.99456982055136,1.0,0.0,48.0,6335.45645665283,4223.637637768554,0.7920423269004496,0.7920423269004495
,,greedy_local_search,3133.056593146416,2,exp3:asymmetric:f2.0:v1.0:r002,0.0,3.0,6004.917897284247,,,hardening:asymmetric:r002,3,,,2278.689640407844,2.0,truthful resolved feasibility,,,2.0,10000.000000000002,Current feasibility,5.0,,0.210582693794139,0.5393354021653636,0.5839912842685497,0.0,1137.350586143184,moderate,1137.350586143184,,0.4003278598189497,4003.278598189498,1137.350586143184,,,,3.0,,4003.2785981894986,0.1137350586143183,,40002,"[""L015"", ""L020"", ""R000"", ""R003"", ""R007""]",,,5.0,0.0,3.0,4003.278598189498,asymmetric,2865.9280120463145,,5996.721401810503,587.2383716384705,1.0,0.0,48.0,6004.917897284247,4003.2785981894986,1.0,0.9999999999999999
,,greedy_local_search,3160.085619378712,2,exp3:asymmetric:f2.0:v1.0:r003,1.0,3.0,4242.887271852962,,,hardening:asymmetric:r003,3,,,2341.3733674445302,2.0,catalog/geography,,,1.0,10000.000000000002,Catalog + geography,3.0,,0.4368119797327477,0.0,0.4314688028856379,1517.3014168708569,1613.0208231246052,moderate,95.71940625374828,,0.282859151456864,2828.5915145686404,95.71940625374828,,,,2.0,,2828.591514568641,0.0095719406253748,,40003,"[""L006"", ""R000"", ""R001"", ""C000""]",,,4.0,0.0,3.0,2828.591514568641,asymmetric,2732.872108314893,,7171.408485431359,391.4987408703625,1.0,0.0,48.0,6761.539529928442,4507.693019952295,0.6275031378686423,0.6275031378686422
,,greedy_local_search,3160.085619378712,2,exp3:asymmetric:f2.0:v1.0:r003,1.0,3.0,6378.179084714948,,,hardening:asymmetric:r003,3,,,2550.771536427091,2.0,truthful resolved feasibility,,,1.0,10000.000000000002,Current feasibility,4.0,,0.2833332323579805,0.4579414669451652,0.6871623549454874,0.0,1206.5709170551097,moderate,1206.5709170551097,,0.4252119389809966,4252.1193898099655,1206.5709170551097,,,,2.0,,4252.119389809966,0.1206570917055109,,40003,"[""L006"", ""R001"", ""R006"", ""C001""]",,,4.0,0.0,3.0,4252.119389809966,asymmetric,3045.548472754857,,5747.8806101900345,494.7769363277658,1.0,0.0,48.0,6832.307988623642,4554.871992415762,0.9335321380908389,0.933532138090839
,,greedy_local_search,3189.1083616392616,2,exp3:asymmetric:f2.0:v1.0:r004,2.0,3.0,4297.852943284046,,,hardening:asymmetric:r004,3,,,2397.9860151011294,2.0,catalog/geography,,,1.0,9999.999999999998,Catalog + geography,3.0,,0.3501431970684358,0.3253335220626491,0.075461790747732,1583.688826815177,1685.7374676366671,moderate,102.04864082149015,,0.2865235295522697,2865.235295522697,102.04864082149015,,,,0.0,,2865.235295522698,0.010204864082149,,40004,"[""L009"", ""C000"", ""C001""]",,,3.0,0.0,3.0,2865.235295522697,asymmetric,2763.186654701208,,7134.764704477302,365.2006396000783,1.0,0.0,48.0,7146.407754899619,4764.271836599747,0.6014004644973431,0.601400464497343
,,greedy_local_search,3189.1083616392616,2,exp3:asymmetric:f2.0:v1.0:r004,1.0,3.0,6386.143084697364,,,hardening:asymmetric:r004,3,,,2493.1967575916187,2.0,truthful resolved feasibility,,,1.0,9999.999999999998,Current feasibility,4.0,,0.3407445144041073,0.5518013590034321,0.3963868259005401,0.0,1211.7144909604126,moderate,1211.7144909604126,,0.4257428723131575,4257.428723131576,1211.7144909604126,,,,2.0,,4257.428723131576,0.1211714490960412,,40004,"[""L009"", ""R000"", ""R006"", ""C001""]",,,4.0,0.0,3.0,4257.428723131576,asymmetric,3045.714232171163,,5742.571276868424,552.5174745795445,1.0,0.0,48.0,6579.586153181368,4386.390768787579,0.970599508239516,0.9705995082395158
,,greedy_local_search,3216.051041216963,2,exp3:asymmetric:f2.0:v1.0:r005,1.0,3.0,5502.568901160478,,,hardening:asymmetric:r005,3,,,2514.551166683522,2.0,catalog/geography,,,1.0,10000.0,Catalog + geography,3.0,,0.3172279457073525,0.3561579501921444,0.4971503430423634,1130.5118151939837,1839.638691583914,moderate,709.1268763899302,,0.3668379267440319,3668.37926744032,709.1268763899302,,,,2.0,,3668.379267440319,0.070912687638993,,40005,"[""L025"", ""R002"", ""R007"", ""C001""]",,,4.0,0.0,3.0,3668.379267440319,asymmetric,2959.2523910503887,,6331.620732559682,444.7012243668671,1.0,0.0,48.0,7418.115682324424,4945.410454882949,0.741774479774125,0.7417744797741251
,,greedy_local_search,3216.051041216963,2,exp3:asymmetric:f2.0:v1.0:r005,1.0,3.0,6397.295735703704,,,hardening:asymmetric:r005,3,,,2467.4145750494445,2.0,truthful resolved feasibility,,,1.0,10000.0,Current feasibility,4.0,,0.6364355736316527,0.0814404049806479,0.557931162513882,0.0,1212.7010810526283,moderate,1212.7010810526283,,0.4264863823802469,4264.86382380247,1212.7010810526283,,,,2.0,,4264.86382380247,0.1212701081052628,,40005,"[""L025"", ""R003"", ""R004"", ""C001""]",,,4.0,0.0,3.0,4264.863823802469,asymmetric,3052.162742749841,,5735.136176197531,584.7481677003965,1.0,0.0,48.0,7209.535742751826,4806.357161834551,0.8873380983144837,0.8873380983144834
,,greedy_local_search,3105.939528570514,2,exp3:asymmetric:f2.0:v1.0:r006,1.0,3.0,3611.821753152665,,,hardening:asymmetric:r006,3,,,2396.5372193301364,2.0,catalog/geography,,,1.0,9999.999999999998,Catalog + geography,2.0,,0.1781329843325386,0.2937632622426515,0.2890556607113697,1938.422483063848,1620.5964720699994,moderate,-317.8260109938483,,0.2407881168768443,2407.881168768444,-317.8260109938483,,,,2.0,,2407.881168768444,-0.0317826010993848,,40006,"[""L035"", ""R003"", ""R004"", ""C002""]",,,4.0,0.0,3.0,2407.881168768444,asymmetric,2725.707179762292,,7592.118831231555,329.1699604321556,1.0,0.0,48.0,6851.531311423416,4567.687540948943,0.5271554035126059,0.5271554035126061
,,greedy_local_search,3105.939528570514,2,exp3:asymmetric:f2.0:v1.0:r006,1.0,3.0,6582.737724888416,,,hardening:asymmetric:r006,3,,,2485.5075097847644,2.0,truthful resolved feasibility,,,1.0,9999.999999999998,Current feasibility,4.0,,0.3913545368275823,0.6113075106059045,0.2439100568737457,0.0,1404.0416519091982,moderate,1404.0416519091982,,0.4388491816592277,4388.491816592277,1404.0416519091982,,,,2.0,,4388.491816592277,0.1404041651909198,,40006,"[""L001"", ""R002"", ""R004"", ""C001""]",,,4.0,0.0,3.0,4388.491816592277,asymmetric,2984.450164683079,,5611.508183407723,498.9426548983147,1.0,0.0,48.0,6952.155538180289,4634.770358786858,0.946862838257418,0.9468628382574182
,,greedy_local_search,3145.357852427541,2,exp3:asymmetric:f2.0:v1.0:r007,0.0,3.0,5139.668037601178,,,hardening:asymmetric:r007,3,,,2390.6128710400662,2.0,catalog/geography,,,0.0,9999.999999999998,Catalog + geography,4.0,,0.1655956112742832,0.6103950906331624,0.2724411452252211,588.1146470688541,1151.8675211879408,moderate,563.7528741190868,,0.3426445358400785,3426.445358400785,563.7528741190868,,,,4.0,,3426.445358400785,0.0563752874119086,,40007,"[""R000"", ""R001"", ""R003"", ""R006""]",,,4.0,0.0,3.0,3426.445358400785,asymmetric,2862.6924842816984,,6573.554641599216,472.07961324163216,1.0,0.0,48.0,6131.78419749432,4087.856131662879,0.8382010638439366,0.8382010638439368
,,greedy_local_search,3145.357852427541,2,exp3:asymmetric:f2.0:v1.0:r007,1.0,3.0,6607.012002981974,,,hardening:asymmetric:r007,3,,,2575.404313528611,2.0,truthful resolved feasibility,,,1.0,9999.999999999998,Current feasibility,4.0,,0.2521298113732353,0.5370898832708606,0.6951379630135393,0.0,1293.759131688366,moderate,1293.759131688366,,0.4404674668654649,4404.674668654649,1293.759131688366,,,,2.0,,4404.674668654649,0.1293759131688366,,40007,"[""L007"", ""R001"", ""R003"", ""C001""]",,,4.0,0.0,3.0,4404.674668654649,asymmetric,3110.9155369662835,,5595.325331345352,535.5112234376726,1.0,0.0,48.0,6746.977257437415,4497.984838291609,0.9792551169042177,0.979255116904218
,,greedy_local_search,3186.473778113356,2,exp3:asymmetric:f2.0:v1.0:r008,1.0,3.0,5155.780986319176,,,hardening:asymmetric:r008,3,,,2627.408087243205,2.0,catalog/geography,,,1.0,9999.999999999998,Catalog + geography,2.0,,0.3726221443938929,0.253795983712885,0.4360508657225843,1045.2421479493428,1482.4684297537478,moderate,437.22628180440506,,0.3437187324212785,3437.187324212784,437.22628180440506,,,,2.0,,3437.187324212784,0.0437226281804405,,40008,"[""L002"", ""R006"", ""R007"", ""C001""]",,,4.0,0.0,3.0,3437.187324212784,asymmetric,2999.961042408379,,6562.812675787215,372.5529551651736,1.0,0.0,48.0,7127.766371128235,4751.844247418823,0.7233375391206995,0.7233375391206995
,,greedy_local_search,3186.473778113356,2,exp3:asymmetric:f2.0:v1.0:r008,1.0,3.0,6430.549362556814,,,hardening:asymmetric:r008,3,,,2451.0485263270666,2.0,truthful resolved feasibility,,,0.0,9999.999999999998,Current feasibility,3.0,,0.4238362308099389,0.253795983712885,0.7457419633656942,0.0,1335.863124246338,moderate,1335.863124246338,,0.4287032908371212,4287.032908371211,1335.863124246338,,,,2.0,,4287.032908371211,0.1335863124246338,,40008,"[""R001"", ""R004"", ""C001""]",,,3.0,0.0,3.0,4287.03290837121,asymmetric,2951.1697841248733,,5712.967091628789,500.1212577978065,1.0,0.0,48.0,6641.77361121281,4427.849074141873,0.9681976139175534,0.9681976139175537
,,greedy_local_search,3182.8115459264554,2,exp3:asymmetric:f2.0:v1.0:r009,0.0,3.0,5856.4225684872345,,,hardening:asymmetric:r009,3,,,2374.3895286829475,2.0,catalog/geography,,,0.0,10000.0,Catalog + geography,4.0,,0.383870237684275,0.4517798071260355,0.2978181589022309,9.997712036588382,997.9770348936344,moderate,987.979322857046,,0.3904281712324823,3904.281712324824,987.979322857046,,,,4.0,,3904.281712324824,0.0987979322857046,,40009,"[""R001"", ""R003"", ""R005"", ""R007""]",,,4.0,0.0,3.0,3904.2817123248233,asymmetric,2916.3023894677776,,6095.718287675177,541.9128607848301,1.0,0.0,48.0,5856.422568487237,3904.281712324824,0.9999999999999996,0.9999999999999998
,,greedy_local_search,3182.8115459264554,2,exp3:asymmetric:f2.0:v1.0:r009,1.0,3.0,6900.43468470408,,,hardening:asymmetric:r009,3,,,2480.438629768408,2.0,truthful resolved feasibility,,,1.0,10000.0,Current feasibility,4.0,,0.3905141521486665,0.6019471689284484,0.3680805069420754,0.0,1528.48113484149,moderate,1528.48113484149,,0.460028978980272,4600.28978980272,1528.48113484149,,,,2.0,,4600.28978980272,0.152848113484149,,40009,"[""L002"", ""R003"", ""R007"", ""C001""]",,,4.0,0.0,3.0,4600.28978980272,asymmetric,3071.8086549612303,,5399.71021019728,591.3700251928221,1.0,0.0,48.0,7069.324767236982,4712.883178157987,0.9761094463624548,0.9761094463624551
,,greedy_local_search,3145.9474472763204,2,exp3:asymmetric:f2.0:v1.0:r010,1.0,3.0,4019.5080369455,,,hardening:asymmetric:r010,3,,,2329.6379593349425,2.0,catalog/geography,,,1.0,10000.0,Catalog + geography,3.0,,0.2961708884665835,0.1184087503985928,0.4662362000678162,2071.867123556692,2026.7869001101217,moderate,-45.08022344657047,,0.2679672024630332,2679.672024630333,-45.08022344657047,,,,2.0,,2679.672024630333,-0.004508022344657,,40010,"[""L009"", ""R001"", ""R007"", ""C002""]",,,4.0,0.0,3.0,2679.672024630333,asymmetric,2724.7522480769035,,7320.327975369667,395.114288741961,1.0,0.0,48.0,7428.276044682447,4952.184029788297,0.5411091365974312,0.5411091365974312
,,greedy_local_search,3145.9474472763204,2,exp3:asymmetric:f2.0:v1.0:r010,1.0,3.0,7651.7450292799185,,,hardening:asymmetric:r010,3,,,2393.048286852806,2.0,truthful resolved feasibility,,,1.0,10000.0,Current feasibility,4.0,,0.4731249678582059,0.4068985798641504,0.7739779839834132,0.0,2062.312365538467,moderate,2062.312365538467,,0.5101163352853278,5101.163352853279,2062.312365538467,,,,2.0,,5101.163352853279,0.2062312365538467,,40010,"[""L009"", ""R001"", ""R007"", ""C001""]",,,4.0,0.0,3.0,5101.16335285328,asymmetric,3038.8509873148123,,4898.836647146722,645.8027004620064,1.0,0.0,48.0,7651.74502927992,5101.16335285328,0.9999999999999998,1.0
,,greedy_local_search,3167.666805407142,2,exp3:asymmetric:f2.0:v1.0:r011,1.0,3.0,3819.952156891709,,,hardening:asymmetric:r011,3,,,2557.990335706563,2.0,catalog/geography,,,1.0,10000.000000000002,Catalog + geography,3.0,,0.1539619304362706,0.2575821373842197,0.4761343017265764,1916.434378291131,1531.3454090423056,moderate,-385.0889692488254,,0.254663477126114,2546.63477126114,-385.0889692488254,,,,2.0,,2546.63477126114,-0.0385088969248825,,40011,"[""L006"", ""R003"", ""R008"", ""C002""]",,,4.0,1128.923596132872,3.0,2546.634771261139,asymmetric,2931.723740509965,,7453.3652287388595,373.7334048034017,1.0,0.0,48.0,7703.700347189117,5135.800231459414,0.49585939025854137,0.49585939025854103
,,greedy_local_search,3167.666805407142,2,exp3:asymmetric:f2.0:v1.0:r011,1.0,3.0,6920.566034676057,,,hardening:asymmetric:r011,3,,,2587.0335809031003,2.0,truthful resolved feasibility,,,1.0,10000.000000000002,Current feasibility,4.0,,0.3704928982917926,0.4903316702651084,0.6151659007715456,0.0,1484.9163576403812,moderate,1484.9163576403812,,0.4613710689784037,4613.710689784038,1484.9163576403812,,,,2.0,,4613.710689784038,0.1484916357640381,,40011,"[""L006"", ""R003"", ""R008"", ""C001""]",,,4.0,0.0,3.0,4613.710689784038,asymmetric,3128.7943321436564,,5386.289310215962,541.7607512405561,1.0,0.0,48.0,6983.213884428524,4655.4759229523515,0.9910287940783024,0.9910287940783017
,,greedy_local_search,3192.8536656157503,2,exp3:asymmetric:f2.0:v1.0:r012,1.0,3.0,3397.686786772185,,,hardening:asymmetric:r012,3,,,2554.177933771073,2.0,catalog/geography,,,1.0,10000.000000000004,Catalog + geography,4.0,,0.1562859457793475,0.0978215822718496,0.609731115278126,1956.0138266078911,1347.5179185714187,moderate,-608.4959080364724,,0.226512452451479,2265.12452451479,-608.4959080364724,,,,2.0,,2265.12452451479,-0.0608495908036472,,40012,"[""L031"", ""R003"", ""R004"", ""C000""]",,,4.0,0.0,3.0,2265.12452451479,asymmetric,2873.620432551262,,7734.875475485211,319.4424987801896,1.0,0.0,48.0,6724.3783252348385,4482.918883489894,0.5052789451214474,0.5052789451214473
,,greedy_local_search,3192.8536656157503,2,exp3:asymmetric:f2.0:v1.0:r012,1.0,3.0,6828.4498193196805,,,hardening:asymmetric:r012,3,,,2441.134055810075,2.0,truthful resolved feasibility,,,0.0,10000.000000000004,Current feasibility,3.0,,0.5152373887114265,0.2857905308252363,0.6167323862283535,0.0,1582.618215021921,moderate,1582.618215021921,,0.4552299879546453,4552.299879546454,1582.618215021921,,,,2.0,,4552.299879546454,0.158261821502192,,40012,"[""R000"", ""R004"", ""C001""]",,,3.0,0.0,3.0,4552.299879546454,asymmetric,2969.6816645245326,,5447.700120453546,528.5476087144575,1.0,0.0,48.0,6828.449819319681,4552.2998795464555,0.9999999999999999,0.9999999999999996
,,greedy_local_search,3215.031053233879,2,exp3:asymmetric:f2.0:v1.0:r013,1.0,3.0,7200.501035298272,,,hardening:asymmetric:r013,3,,,2615.52161514523,2.0,catalog/geography,,,1.0,9999.999999999998,Catalog + geography,4.0,,0.4508358299985128,0.3978378390730126,0.6895701758916645,142.76856645106,1803.046298759737,moderate,1660.277732308677,,0.4800334023532182,4800.334023532181,1660.277732308677,,,,2.0,,4800.334023532181,0.1660277732308677,,40013,"[""L016"", ""R000"", ""R004"", ""C001""]",,,4.0,0.0,3.0,4800.334023532181,asymmetric,3140.056291223504,,5199.665976467818,524.5346760782741,1.0,0.0,48.0,7434.739876390406,4956.4932509269365,0.9684940098797569,0.968494009879757
,,greedy_local_search,3215.031053233879,2,exp3:asymmetric:f2.0:v1.0:r013,1.0,3.0,7236.360341945528,,,hardening:asymmetric:r013,3,,,2533.412130196328,2.0,truthful resolved feasibility,,,1.0,9999.999999999998,Current feasibility,4.0,,0.426496207384901,0.4570134101403407,0.652730179620219,0.0,1763.8304370527349,moderate,1763.8304370527349,,0.4824240227963685,4824.240227963684,1763.8304370527349,,,,2.0,,4824.240227963686,0.1763830437052735,,40013,"[""L016"", ""R002"", ""R004"", ""C001""]",,,4.0,0.0,3.0,4824.240227963684,asymmetric,3060.4097909109514,,5175.759772036314,526.9976607146231,1.0,0.0,48.0,7236.3603419455285,4824.240227963684,0.9999999999999999,1.0
,,greedy_local_search,3226.2524599151698,2,exp3:asymmetric:f2.0:v1.0:r014,1.0,3.0,3685.166178163524,,,hardening:asymmetric:r014,3,,,2431.405695712552,2.0,catalog/geography,,,1.0,10000.0,Catalog + geography,2.0,,0.4122241406155333,0.0939329967988141,0.1365016652716332,2198.180774439312,1885.1830883077469,moderate,-312.9976861315645,,0.2456777452109016,2456.777452109016,-312.9976861315645,,,,2.0,,2456.777452109016,-0.0312997686131564,,40014,"[""L010"", ""R000"", ""R003"", ""C002""]",,,4.0,0.0,3.0,2456.777452109016,asymmetric,2769.7751382405804,,7543.222547890982,338.36944252802823,1.0,0.0,48.0,7482.966042521344,4988.644028347566,0.4924739945661744,0.4924739945661741
,,greedy_local_search,3226.2524599151698,2,exp3:asymmetric:f2.0:v1.0:r014,1.0,3.0,6671.436917233687,,,hardening:asymmetric:r014,3,,,2682.6789422876154,2.0,truthful resolved feasibility,,,1.0,10000.0,Current feasibility,4.0,,0.4338985902648682,0.4038637033206902,0.540778996837401,0.0,1229.8040799295486,moderate,1229.8040799295486,,0.4447624611489124,4447.624611489124,1229.8040799295486,,,,2.0,,4447.624611489124,0.1229804079929548,,40014,"[""L010"", ""R000"", ""R008"", ""C001""]",,,4.0,0.0,3.0,4447.624611489125,asymmetric,3217.820531559575,,5552.3753885108745,535.1415892719599,1.0,0.0,48.0,6998.785836479192,4665.857224319463,0.9532277559431394,0.9532277559431389
,,greedy_local_search,3183.9642388539933,2,exp3:asymmetric:f2.0:v1.0:r015,1.0,3.0,4909.655664813854,,,hardening:asymmetric:r015,3,,,2386.5060620012387,2.0,catalog/geography,,,1.0,10000.000000000002,Catalog + geography,3.0,,0.2577467700487671,0.3908021716421156,0.3727178552878556,1251.3254768248148,1701.7559554812003,moderate,450.4304786563857,,0.3273103776542568,3273.103776542568,450.4304786563857,,,,2.0,,3273.1037765425685,0.0450430478656385,,40015,"[""L008"", ""R000"", ""R002"", ""C002""]",,,4.0,0.0,3.0,3273.1037765425685,asymmetric,2822.673297886183,,6726.896223457433,436.167235884944,1.0,0.0,48.0,7724.788367758656,5149.858911839105,0.63557154333257,0.6355715433325698
,,greedy_local_search,3183.9642388539933,2,exp3:asymmetric:f2.0:v1.0:r015,1.0,3.0,6612.39760844278,,,hardening:asymmetric:r015,3,,,2441.5663449226995,2.0,truthful resolved feasibility,,,1.0,10000.000000000002,Current feasibility,4.0,,0.4833942230883049,0.4401134643538549,0.3462969715796612,0.0,1446.9455794323694,moderate,1446.9455794323694,,0.4408265072295187,4408.265072295188,1446.9455794323694,,,,2.0,,4408.265072295188,0.1446945579432369,,40015,"[""L008"", ""R002"", ""R005"", ""C001""]",,,4.0,0.0,3.0,4408.265072295188,asymmetric,2961.319492862818,,5591.734927704814,519.7531479401189,1.0,0.0,48.0,6612.397608442781,4408.265072295188,0.9999999999999999,1.0
,,greedy_local_search,3191.431769562457,2,exp3:asymmetric:f2.0:v1.0:r016,1.0,3.0,6172.340709684441,,,hardening:asymmetric:r016,3,,,2436.8569628503137,2.0,catalog/geography,,,1.0,10000.000000000004,Catalog + geography,3.0,,0.4638408936775676,0.3348333754141551,0.4278464854788487,397.144715527279,1536.431774136835,moderate,1139.287058609556,,0.4114893806456294,4114.893806456294,1139.287058609556,,,,2.0,,4114.893806456294,0.1139287058609555,,40016,"[""L008"", ""R004"", ""R007"", ""C000""]",,,4.0,0.0,3.0,4114.893806456294,asymmetric,2975.6067478467385,,5885.1061935437065,538.749784996425,1.0,0.0,48.0,7246.3119733991,4830.874648932735,0.8517906394787913,0.8517906394787911
,,greedy_local_search,3191.431769562457,2,exp3:asymmetric:f2.0:v1.0:r016,1.0,3.0,7397.027440387728,,,hardening:asymmetric:r016,3,,,2507.7715911187856,2.0,truthful resolved feasibility,,,1.0,10000.000000000004,Current feasibility,4.0,,0.2353380427474225,0.70166735362449,0.7082473484380182,0.0,1884.795938734561,moderate,1884.795938734561,,0.4931351626925154,4931.351626925154,1884.795938734561,,,,2.0,,4931.351626925153,0.188479593873456,,40016,"[""L008"", ""R004"", ""R007"", ""C001""]",,,4.0,0.0,3.0,4931.351626925153,asymmetric,3046.555688190592,,5068.648373074848,538.7840970718062,1.0,0.0,48.0,7397.027440387731,4931.351626925156,0.9999999999999997,0.9999999999999994
,,greedy_local_search,3139.619133310156,2,exp3:asymmetric:f2.0:v1.0:r017,1.0,3.0,3037.2699293569967,,,hardening:asymmetric:r017,3,,,2520.42546359863,2.0,catalog/geography,,,1.0,9999.999999999998,Catalog + geography,4.0,,0.1644521700512052,0.2808971062957939,0.1508359911528144,2477.354834805021,1705.5345118257396,moderate,-771.8203229792812,,0.2024846619571331,2024.846619571331,-771.8203229792812,,,,2.0,,2024.8466195713315,-0.0771820322979281,,40017,"[""L015"", ""R005"", ""R007"", ""C002""]",,,4.0,0.0,3.0,2024.8466195713315,asymmetric,2796.6669425506125,,7975.153380428668,276.2414789519824,1.0,0.0,48.0,7184.923950722245,4789.949300481494,0.4227281945067329,0.42272819450673316
,,greedy_local_search,3139.619133310156,2,exp3:asymmetric:f2.0:v1.0:r017,1.0,3.0,6618.3532898359945,,,hardening:asymmetric:r017,3,,,2525.3311514586253,2.0,truthful resolved feasibility,,,1.0,9999.999999999998,Current feasibility,4.0,,0.2657311240830673,0.7101096362175418,0.3655308707110652,0.0,1364.8150353715178,moderate,1364.8150353715178,,0.441223552655733,4412.235526557331,1364.8150353715178,,,,2.0,,4412.23552655733,0.1364815035371518,,40017,"[""L015"", ""R002"", ""R005"", ""C001""]",,,4.0,0.0,3.0,4412.23552655733,asymmetric,3047.420491185812,,5587.76447344267,522.0893397271867,1.0,0.0,48.0,6844.379589865408,4562.919726576936,0.9669763640280714,0.9669763640280719
,,greedy_local_search,3122.2820399652,2,exp3:asymmetric:f2.0:v1.0:r018,2.0,3.0,2546.568403484047,,,hardening:asymmetric:r018,3,,,2622.3528690754224,2.0,catalog/geography,,,0.0,10000.000000000002,Catalog + geography,1.0,,0.1875652437780254,0.2158828029890161,0.0490394307633468,3177.913373809859,2080.4399071211783,moderate,-1097.4734666886804,,0.1697712268989364,1697.7122689893647,-1097.4734666886804,,,,1.0,,1697.7122689893647,-0.109747346668868,,40018,"[""R004"", ""C000"", ""C002""]",,,3.0,0.0,3.0,1697.7122689893647,asymmetric,2795.185735678045,,8302.287731010638,172.83286660262274,1.0,0.0,48.0,8633.497351726597,5755.664901151064,0.2949637093448304,0.2949637093448304
,,greedy_local_search,3122.2820399652,2,exp3:asymmetric:f2.0:v1.0:r018,0.0,3.0,5689.384932773201,,,hardening:asymmetric:r018,3,,,2311.242966014839,2.0,truthful resolved feasibility,,,2.0,10000.000000000002,Current feasibility,5.0,,0.3767058480596881,0.4419786621807654,0.2754108273070957,0.0,921.8926395033365,moderate,921.8926395033365,,0.3792923288515468,3792.923288515468,921.8926395033365,,,,3.0,,3792.923288515469,0.0921892639503336,,40018,"[""L014"", ""L019"", ""R001"", ""R007"", ""R008""]",,,5.0,0.0,3.0,3792.923288515468,asymmetric,2871.030649012132,,6207.076711484534,559.7876829972929,1.0,0.0,48.0,5737.861713291521,3825.241142194347,0.9915514205568906,0.9915514205568907
,,greedy_local_search,3154.233279599062,2,exp3:asymmetric:f2.0:v1.0:r019,0.0,3.0,6029.969849060397,,,hardening:asymmetric:r019,3,,,2439.903182168781,2.0,catalog/geography,,,0.0,9999.999999999998,Catalog + geography,4.0,,0.3276896919161353,0.3498800332459602,0.6603980846950644,73.92621698628227,1147.601826265955,moderate,1073.6756092796727,,0.4019979899373597,4019.9798993735976,1073.6756092796727,,,,4.0,,4019.979899373599,0.1073675609279672,,40019,"[""R000"", ""R003"", ""R004"", ""R007""]",,,4.0,0.0,3.0,4019.979899373599,asymmetric,2946.304290093926,,5980.0201006264015,506.40110792514497,1.0,0.0,48.0,6141.331324515388,4094.2208830102572,0.9818668836494051,0.9818668836494057
,,greedy_local_search,3154.233279599062,2,exp3:asymmetric:f2.0:v1.0:r019,0.0,3.0,6029.969849060397,,,hardening:asymmetric:r019,3,,,2439.903182168781,2.0,truthful resolved feasibility,,,0.0,9999.999999999998,Current feasibility,4.0,,0.3276896919161353,0.3498800332459602,0.6603980846950644,0.0,1073.6756092796727,moderate,1073.6756092796727,,0.4019979899373597,4019.9798993735976,1073.6756092796727,,,,4.0,,4019.979899373599,0.1073675609279672,,40019,"[""R000"", ""R003"", ""R004"", ""R007""]",,,4.0,0.0,3.0,4019.979899373599,asymmetric,2946.304290093926,,5980.0201006264015,506.40110792514497,1.0,0.0,48.0,6141.331324515388,4094.2208830102572,0.9818668836494051,0.9818668836494057
,,greedy_local_search,3178.14460467704,2,exp3:asymmetric:f2.0:v2.0:r000,1.0,3.0,2739.8532496315247,,,hardening:asymmetric:r000,3,,,2207.1372793341534,2.0,catalog/geography,,,0.0,9999.999999999996,Catalog + geography,3.0,,0.2093580768274612,0.1688099421387221,0.14681134493929,1747.615177983899,897.635281394018,moderate,-849.979896589881,,0.1826568833087683,1826.568833087683,-849.979896589881,,,,2.0,,1826.568833087683,-0.0849979896589881,,40000,"[""R004"", ""R007"", ""C000""]",,,3.0,0.0,3.0,1826.568833087683,asymmetric,2676.548729677564,,8173.431166912316,469.4114503434108,2.0,0.0,48.0,6027.124849227067,4018.0832328180422,0.45458710714825995,0.45458710714826017
,,greedy_local_search,3178.14460467704,2,exp3:asymmetric:f2.0:v2.0:r000,1.0,3.0,5985.462476863473,,,hardening:asymmetric:r000,3,,,2277.226394172417,2.0,truthful resolved feasibility,,,0.0,9999.999999999996,Current feasibility,3.0,,0.3227412136497773,0.3539568162900302,0.649561999734939,0.0,834.0638895064058,moderate,834.0638895064058,,0.3990308317908981,3990.308317908981,834.0638895064058,,,,2.0,,3990.3083179089817,0.0834063889506406,,40000,"[""R001"", ""R003"", ""C001""]",,,3.0,0.0,3.0,3990.3083179089817,asymmetric,3156.244428402576,,6009.691682091017,879.0180342301592,2.0,0.0,48.0,5985.462476863475,3990.3083179089817,0.9999999999999997,1.0
,,greedy_local_search,3160.754947153236,2,exp3:asymmetric:f2.0:v2.0:r001,1.0,3.0,5324.103103187489,,,hardening:asymmetric:r001,3,,,1970.4216145292316,2.0,catalog/geography,,,1.0,10000.0,Catalog + geography,3.0,,0.2498442989901548,0.4254332440199599,0.4680431846330512,-115.44461329586784,554.113220432575,moderate,669.5578337284428,,0.3549402068791659,3549.4020687916586,669.5578337284428,,,,1.0,,3549.4020687916586,0.0669557833728442,,40001,"[""L011"", ""R000"", ""C001""]",,,3.0,0.0,3.0,3549.4020687916586,asymmetric,2879.844235063216,,6450.59793120834,909.4226205339846,2.0,0.0,48.0,5390.130312374419,3593.4202082496126,0.9877503501102102,0.98775035011021
,,greedy_local_search,3160.754947153236,2,exp3:asymmetric:f2.0:v2.0:r001,1.0,3.0,5324.103103187489,,,hardening:asymmetric:r001,3,,,1970.4216145292316,2.0,truthful resolved feasibility,,,1.0,10000.0,Current feasibility,3.0,,0.2498442989901548,0.4254332440199599,0.4680431846330512,0.0,669.5578337284428,moderate,669.5578337284428,,0.3549402068791659,3549.4020687916586,669.5578337284428,,,,1.0,,3549.4020687916586,0.0669557833728442,,40001,"[""L011"", ""R000"", ""C001""]",,,3.0,0.0,3.0,3549.4020687916586,asymmetric,2879.844235063216,,6450.59793120834,909.4226205339846,2.0,0.0,48.0,5390.130312374419,3593.4202082496126,0.9877503501102102,0.98775035011021
,,greedy_local_search,3133.056593146416,2,exp3:asymmetric:f2.0:v2.0:r002,0.0,3.0,4071.734414693559,,,hardening:asymmetric:r002,3,,,1987.9646302051988,2.0,catalog/geography,,,1.0,10000.000000000002,Catalog + geography,3.0,,0.1948244471179843,0.3626358770861483,0.2842770139816285,667.4154783243207,698.9267520239096,moderate,31.511273699588852,,0.2714489609795705,2714.489609795706,31.511273699588852,,,,3.0,,2714.489609795706,0.0031511273699588,,40002,"[""L019"", ""R003"", ""R007"", ""R008""]",,,4.0,275.278789759619,3.0,2714.4896097957057,asymmetric,2682.9783360961173,,7285.510390204296,695.0137058909183,2.0,0.0,48.0,5500.354043146738,3666.9026954311594,0.7402676959980071,0.7402676959980069
,,greedy_local_search,3133.056593146416,2,exp3:asymmetric:f2.0:v2.0:r002,0.0,3.0,4674.091192700313,,,hardening:asymmetric:r002,3,,,1721.5427294618144,2.0,truthful resolved feasibility,,,0.0,10000.000000000002,Current feasibility,3.0,,0.1405216247101836,0.3921781064262456,0.5555450557229279,0.0,570.5903206531584,moderate,570.5903206531584,,0.3116060795133542,3116.0607951335423,570.5903206531584,,,,3.0,,3116.0607951335423,0.0570590320653158,,40002,"[""R000"", ""R003"", ""R007""]",,,3.0,0.0,3.0,3116.060795133542,asymmetric,2545.470474480384,,6883.93920486646,823.9277450185695,2.0,0.0,48.0,4674.091192700313,3116.0607951335423,1.0,0.9999999999999999
,,greedy_local_search,3160.085619378712,2,exp3:asymmetric:f2.0:v2.0:r003,1.0,3.0,3543.3733025323663,,,hardening:asymmetric:r003,3,,,2062.536984146516,2.0,catalog/geography,,,0.0,10000.000000000002,Catalog + geography,2.0,,0.3732618997427641,0.0,0.3412851597562361,1351.5826054048116,1045.2127070743777,moderate,-306.3698983304339,,0.236224886835491,2362.2488683549104,-306.3698983304339,,,,2.0,,2362.248868354911,-0.0306369898330433,,40003,"[""R000"", ""R001"", ""C000""]",,,3.0,0.0,3.0,2362.248868354911,asymmetric,2668.618766685345,,7637.751131645089,606.0817825388289,2.0,0.0,48.0,6062.025560607846,4041.3503737385654,0.5845196901771341,0.584519690177134
,,greedy_local_search,3160.085619378712,2,exp3:asymmetric:f2.0:v2.0:r003,1.0,3.0,5678.665115394352,,,hardening:asymmetric:r003,3,,,2271.9351531290768,2.0,truthful resolved feasibility,,,0.0,10000.000000000002,Current feasibility,3.0,,0.2665340386702714,0.394044794615098,0.6036083942135854,0.0,698.3932773897081,moderate,698.3932773897081,,0.3785776743596235,3785.776743596235,698.3932773897081,,,,2.0,,3785.776743596236,0.0698393277389708,,40003,"[""R001"", ""R006"", ""C001""]",,,3.0,0.0,3.0,3785.776743596236,asymmetric,3087.3834662065274,,6214.223256403765,815.4483130774504,2.0,0.0,48.0,6132.794019303047,4088.529346202032,0.9259507326547544,0.9259507326547546
,,greedy_local_search,3189.1083616392616,2,exp3:asymmetric:f2.0:v2.0:r004,2.0,3.0,3602.602139554885,,,hardening:asymmetric:r004,3,,,2120.360601261609,2.0,catalog/geography,,,0.0,9999.999999999998,Catalog + geography,2.0,,0.3330904952022399,0.2579507232266221,0.0,1394.955130869464,1133.0734626830158,moderate,-261.8816681864482,,0.2401734759703257,2401.734759703257,-261.8816681864482,,,,0.0,,2401.7347597032576,-0.0261881668186448,,40004,"[""C000"", ""C001""]",,,2.0,0.0,3.0,2401.7347597032576,asymmetric,2663.616427889706,,7598.265240296742,543.2558266280969,2.0,0.0,48.0,6451.15695117046,4300.771300780307,0.5584427982179615,0.5584427982179617
,,greedy_local_search,3189.1083616392616,2,exp3:asymmetric:f2.0:v2.0:r004,1.0,3.0,5690.892280968204,,,hardening:asymmetric:r004,3,,,2215.5713437520985,2.0,truthful resolved feasibility,,,0.0,9999.999999999998,Current feasibility,3.0,,0.3236918125379115,0.484418560167405,0.320925035152808,0.0,660.4962250166773,moderate,660.4962250166773,,0.3793928187312136,3793.928187312136,660.4962250166773,,,,2.0,,3793.928187312136,0.0660496225016677,,40004,"[""R000"", ""R006"", ""C001""]",,,3.0,0.0,3.0,3793.928187312136,asymmetric,3133.431962295458,,6206.071812687864,917.8606185433594,2.0,0.0,48.0,5884.335349452207,3922.8902329681387,0.9671257572867578,0.9671257572867575
,,greedy_local_search,3216.051041216963,2,exp3:asymmetric:f2.0:v2.0:r005,1.0,3.0,5055.106759923405,,,hardening:asymmetric:r005,3,,,2235.550239046724,2.0,catalog/geography,,,0.0,10000.0,Catalog + geography,2.0,,0.2762147131292476,0.3236583651759795,0.4971503430423634,815.9285718744804,1181.703921850563,moderate,365.77534997608245,,0.337007117328227,3370.07117328227,365.77534997608245,,,,2.0,,3370.07117328227,0.0365775349976082,,40005,"[""R002"", ""R007"", ""C001""]",,,3.0,0.0,3.0,3370.07117328227,asymmetric,3004.295823306188,,6629.928826717731,768.745584259464,2.0,0.0,48.0,6724.108206816032,4482.738804544022,0.7517884311854456,0.7517884311854456
,,greedy_local_search,3216.051041216963,2,exp3:asymmetric:f2.0:v2.0:r005,1.0,3.0,5703.288260195312,,,hardening:asymmetric:r005,3,,,2188.4136474126462,2.0,truthful resolved feasibility,,,0.0,10000.0,Current feasibility,3.0,,0.5969621885412839,0.0,0.5579311625138819,0.0,629.9698639383778,moderate,629.9698639383778,,0.3802192173463541,3802.1921734635416,629.9698639383778,,,,2.0,,3802.1921734635416,0.0629969863938377,,40005,"[""R003"", ""R004"", ""C001""]",,,3.0,0.0,3.0,3802.1921734635416,asymmetric,3172.222309525164,,6197.807826536459,983.8086621125176,2.0,0.0,48.0,6515.528267243433,4343.685511495623,0.8753378124178164,0.8753378124178162
,,greedy_local_search,3105.939528570514,2,exp3:asymmetric:f2.0:v2.0:r006,1.0,3.0,2319.769506779661,,,hardening:asymmetric:r006,3,,,2070.651632256256,2.0,catalog/geography,,,0.0,9999.999999999998,Catalog + geography,1.0,,0.0999435703044971,0.1657353166098079,0.2583466650076045,1978.5773439488191,1071.1608427191463,moderate,-907.4165012296728,,0.1546513004519774,1546.513004519774,-907.4165012296728,,,,2.0,,1546.513004519774,-0.0907416501229673,,40006,"[""R004"", ""R007"", ""C002""]",,,3.0,0.0,3.0,1546.5130045197743,asymmetric,2453.929505749447,,8453.486995480225,383.2778734931906,2.0,0.0,48.0,6054.822914936529,4036.5486099576856,0.38312755622580885,0.383127556225809
,,greedy_local_search,3105.939528570514,2,exp3:asymmetric:f2.0:v2.0:r006,1.0,3.0,5892.965879336895,,,hardening:asymmetric:r006,3,,,2147.9620780207542,2.0,truthful resolved feasibility,,,0.0,9999.999999999998,Current feasibility,3.0,,0.3252992661172272,0.5648506023665475,0.2439100568737457,0.0,942.4848829500525,moderate,942.4848829500525,,0.392864391955793,3928.6439195579296,942.4848829500525,,,,2.0,,3928.6439195579296,0.0942484882950052,,40006,"[""R002"", ""R004"", ""C001""]",,,3.0,0.0,3.0,3928.6439195579305,asymmetric,2986.159036607877,,6071.3560804420695,838.1969585871227,2.0,0.0,48.0,6262.383692628768,4174.9224617525115,0.9410100320542957,0.9410100320542958
,,greedy_local_search,3145.357852427541,2,exp3:asymmetric:f2.0:v2.0:r007,0.0,3.0,4897.97072631282,,,hardening:asymmetric:r007,3,,,1982.8319306822027,2.0,catalog/geography,,,1.0,9999.999999999998,Catalog + geography,4.0,,0.2137675757179293,0.5383103963138907,0.2096366698562903,177.39190804094142,514.3127523167936,moderate,336.92084427585223,,0.326531381754188,3265.31381754188,336.92084427585223,,,,3.0,,3265.31381754188,0.0336920844275852,,40007,"[""L007"", ""R001"", ""R003"", ""R006""]",,,4.0,0.0,3.0,3265.31381754188,asymmetric,2928.392973266028,,6734.686182458119,945.5610425838248,2.0,0.0,48.0,5207.938619601959,3471.9590797346386,0.9404816538884575,0.9404816538884575
,,greedy_local_search,3145.357852427541,2,exp3:asymmetric:f2.0:v2.0:r007,1.0,3.0,5190.082076461815,,,hardening:asymmetric:r007,3,,,2023.4331037469344,2.0,truthful resolved feasibility,,,1.0,9999.999999999998,Current feasibility,3.0,,0.1457189073254693,0.4040124881855771,0.6951379630135393,0.0,682.5227170314251,moderate,682.5227170314251,,0.346005471764121,3460.05471764121,682.5227170314251,,,,1.0,,3460.0547176412106,0.0682522717031425,,40007,"[""L007"", ""R003"", ""C001""]",,,3.0,0.0,3.0,3460.05471764121,asymmetric,2777.532000609785,,6539.945282358789,754.0988968628509,2.0,0.0,48.0,5190.0820764618165,3460.05471764121,0.9999999999999997,1.0
,,greedy_local_search,3186.473778113356,2,exp3:asymmetric:f2.0:v2.0:r008,1.0,3.0,4666.415714610901,,,hardening:asymmetric:r008,3,,,2038.2277148465616,2.0,catalog/geography,,,1.0,9999.999999999998,Catalog + geography,2.0,,0.3239405671112316,0.2231741503699685,0.4360508657225843,405.0664174197832,814.0925238571008,moderate,409.0261064373176,,0.31109438097406,3110.9438097406,409.0261064373176,,,,1.0,,3110.9438097406005,0.0409026106437317,,40008,"[""L013"", ""R006"", ""C001""]",,,3.0,0.0,3.0,3110.9438097406005,asymmetric,2701.917703303283,,6889.056190259398,663.689988456721,2.0,0.0,48.0,5636.607178402657,3757.7381189351045,0.827876693712281,0.827876693712281
,,greedy_local_search,3186.473778113356,2,exp3:asymmetric:f2.0:v2.0:r008,1.0,3.0,4989.141739007491,,,hardening:asymmetric:r008,3,,,1813.131263077923,2.0,truthful resolved feasibility,,,0.0,9999.999999999998,Current feasibility,2.0,,0.2537117369120886,0.253795983712885,0.6480528667860824,0.0,817.2991433387583,moderate,817.2991433387583,,0.3326094492671662,3326.094492671661,817.2991433387583,,,,1.0,,3326.0944926716606,0.0817299143338758,,40008,"[""R001"", ""C001""]",,,2.0,0.0,3.0,3326.0944926716616,asymmetric,2508.7953493329023,,6673.905507328338,695.6640862549791,2.0,0.0,48.0,5030.726447972952,3353.817631981968,0.9917338560552788,0.9917338560552789
,,greedy_local_search,3182.8115459264554,2,exp3:asymmetric:f2.0:v2.0:r009,0.0,3.0,5071.806036000991,,,hardening:asymmetric:r009,3,,,2080.4799404241867,2.0,catalog/geography,,,1.0,10000.0,Catalog + geography,4.0,,0.3092829562666019,0.3982269722847116,0.2978181589022309,51.11350111991624,379.2200687679952,moderate,328.1065676480789,,0.3381204024000661,3381.204024000661,328.1065676480789,,,,3.0,,3381.2040240006613,0.0328106567648078,,40009,"[""L010"", ""R003"", ""R005"", ""R007""]",,,4.0,0.0,3.0,3381.204024000661,asymmetric,3053.0974563525824,,6618.795975999339,972.6175159283956,2.0,0.0,48.0,5128.142772950092,3418.7618486333936,0.989014202715598,0.9890142027155984
,,greedy_local_search,3182.8115459264554,2,exp3:asymmetric:f2.0:v2.0:r009,1.0,3.0,6200.162843504472,,,hardening:asymmetric:r009,3,,,2188.009571595981,2.0,truthful resolved feasibility,,,0.0,10000.0,Current feasibility,3.0,,0.3047318567020048,0.5726418853048146,0.3789509709718876,0.0,950.6303497431928,moderate,950.6303497431928,,0.4133441895669648,4133.441895669648,950.6303497431928,,,,2.0,,4133.441895669648,0.0950630349743192,,40009,"[""R003"", ""R007"", ""C001""]",,,3.0,0.0,3.0,4133.441895669648,asymmetric,3182.8115459264554,,5866.558104330352,994.8019743304744,2.0,0.0,48.0,6376.44368680278,4250.962457868519,0.9723543636614947,0.972354363661495
,,greedy_local_search,3145.9474472763204,2,exp3:asymmetric:f2.0:v2.0:r010,1.0,3.0,3305.070231593697,,,hardening:asymmetric:r010,3,,,2086.625045667301,2.0,catalog/geography,,,0.0,10000.0,Catalog + geography,2.0,,0.2535864227028098,0.0633902359734818,0.4201877131629838,1871.3193711453232,1458.3319487223048,moderate,-412.9874224230184,,0.2203380154395797,2203.380154395798,-412.9874224230184,,,,2.0,,2203.380154395798,-0.0412987422423018,,40010,"[""R001"", ""R005"", ""C002""]",,,3.0,0.0,3.0,2203.380154395798,asymmetric,2616.3675768188164,,7796.619845604203,529.7425311515153,2.0,0.0,48.0,6713.838239330643,4475.892159553761,0.49227731050058876,0.4922773105005888
,,greedy_local_search,3145.9474472763204,2,exp3:asymmetric:f2.0:v2.0:r010,1.0,3.0,5388.973782169829,,,hardening:asymmetric:r010,3,,,1565.537612293171,2.0,truthful resolved feasibility,,,0.0,10000.0,Current feasibility,2.0,,0.4021083634495929,0.2643602931179912,0.4289502633385411,0.0,1251.98898241281,moderate,1251.98898241281,,0.3592649188113219,3592.64918811322,1251.98898241281,,,,1.0,,3592.64918811322,0.125198898241281,,40010,"[""R001"", ""C001""]",,,2.0,0.0,3.0,3592.6491881132206,asymmetric,2340.66020570041,,6407.35081188678,775.122593407239,2.0,0.0,48.0,5388.973782169831,3592.6491881132206,0.9999999999999997,1.0
,,greedy_local_search,3167.666805407142,2,exp3:asymmetric:f2.0:v2.0:r011,1.0,3.0,3115.503121058552,,,hardening:asymmetric:r011,3,,,2280.552866188721,2.0,catalog/geography,,,0.0,10000.000000000002,Catalog + geography,2.0,,0.1198829908483311,0.2385509941279807,0.3513000712201391,1757.0772817881907,984.1493957358002,moderate,-772.9278860523905,,0.2077002080705701,2077.002080705701,-772.9278860523905,,,,2.0,,2077.002080705701,-0.077292788605239,,40011,"[""R003"", ""R008"", ""C002""]",,,3.0,1128.923596132872,3.0,2077.002080705701,asymmetric,2849.929966758092,,7922.997919294298,569.3771005693707,2.0,0.0,48.0,6999.25131135596,4666.167540903976,0.4451194824228976,0.4451194824228972
,,greedy_local_search,3167.666805407142,2,exp3:asymmetric:f2.0:v2.0:r011,1.0,3.0,6048.945263599897,,,hardening:asymmetric:r011,3,,,2262.780948225718,2.0,truthful resolved feasibility,,,0.0,10000.000000000002,Current feasibility,3.0,,0.3533656482998418,0.4903316702651084,0.3631619562280483,0.0,881.7637894945792,moderate,881.7637894945792,,0.4032630175733264,4032.630175733264,881.7637894945792,,,,2.0,,4032.630175733264,0.0881763789494579,,40011,"[""R003"", ""R005"", ""C001""]",,,3.0,0.0,3.0,4032.630175733264,asymmetric,3150.8663862386848,,5967.369824266736,888.0854380129666,2.0,0.0,48.0,6114.417810805991,4076.2785405373293,0.9892921044599888,0.9892921044599883
,,greedy_local_search,3192.8536656157503,2,exp3:asymmetric:f2.0:v2.0:r012,1.0,3.0,2788.224918030841,,,hardening:asymmetric:r012,3,,,2006.0993032366664,2.0,catalog/geography,,,1.0,10000.000000000004,Catalog + geography,3.0,,0.1562859457793475,0.0875243662856565,0.4245972870068495,1288.0552588604828,624.5128962400345,moderate,-663.5423626204483,,0.1858816612020561,1858.816612020561,-663.5423626204483,,,,1.0,,1858.816612020561,-0.0663542362620448,,40012,"[""L031"", ""R004"", ""C000""]",,,3.0,0.0,3.0,1858.816612020561,asymmetric,2522.3589746410094,,8141.183387979439,516.2596714043428,2.0,0.0,48.0,5248.848604113857,3499.232402742572,0.5312069614363675,0.5312069614363675
,,greedy_local_search,3192.8536656157503,2,exp3:asymmetric:f2.0:v2.0:r012,1.0,3.0,5347.641532372572,,,hardening:asymmetric:r012,3,,,1847.6454229187525,2.0,truthful resolved feasibility,,,0.0,10000.000000000004,Current feasibility,2.0,,0.3771719016556902,0.2216602255500835,0.5460050040195749,0.0,898.6699163369276,moderate,898.6699163369276,,0.3565094354915049,3565.094354915049,898.6699163369276,,,,1.0,,3565.094354915049,0.0898669916336927,,40012,"[""R004"", ""C001""]",,,2.0,0.0,3.0,3565.094354915049,asymmetric,2666.424438578121,,6434.905645084951,818.7790156593685,2.0,0.0,48.0,5347.641532372572,3565.0943549150497,1.0,0.9999999999999998
,,greedy_local_search,3215.031053233879,2,exp3:asymmetric:f2.0:v2.0:r013,1.0,3.0,6554.057717184042,,,hardening:asymmetric:r013,3,,,2243.564647297733,2.0,catalog/geography,,,0.0,9999.999999999998,Catalog + geography,3.0,,0.3715635377275427,0.3976787235547566,0.652730179620219,24.71112753521311,1266.079286740976,moderate,1241.3681592057628,,0.4369371811456028,4369.371811456028,1241.3681592057628,,,,2.0,,4369.371811456029,0.1241368159205763,,40013,"[""R002"", ""R004"", ""C001""]",,,3.0,0.0,3.0,4369.371811456028,asymmetric,3128.003652250266,,5630.628188543971,884.4390049525334,2.0,0.0,48.0,6554.057717184043,4369.371811456028,0.9999999999999999,1.0
,,greedy_local_search,3215.031053233879,2,exp3:asymmetric:f2.0:v2.0:r013,1.0,3.0,6554.057717184042,,,hardening:asymmetric:r013,3,,,2243.564647297733,2.0,truthful resolved feasibility,,,0.0,9999.999999999998,Current feasibility,3.0,,0.3715635377275427,0.3976787235547566,0.652730179620219,0.0,1241.3681592057628,moderate,1241.3681592057628,,0.4369371811456028,4369.371811456028,1241.3681592057628,,,,2.0,,4369.371811456029,0.1241368159205763,,40013,"[""R002"", ""R004"", ""C001""]",,,3.0,0.0,3.0,4369.371811456028,asymmetric,3128.003652250266,,5630.628188543971,884.4390049525334,2.0,0.0,48.0,6554.057717184043,4369.371811456028,0.9999999999999999,1.0
,,greedy_local_search,3226.2524599151698,2,exp3:asymmetric:f2.0:v2.0:r014,1.0,3.0,2994.6829614795,,,hardening:asymmetric:r014,3,,,2160.704189457471,2.0,catalog/geography,,,0.0,10000.0,Catalog + geography,1.0,,0.3705977375238112,0.0939329967988141,0.0,1972.0946595844132,1316.0080063466326,moderate,-656.0866532377809,,0.1996455307653,1996.455307653,-656.0866532377809,,,,2.0,,1996.455307653,-0.065608665323778,,40014,"[""R000"", ""R003"", ""C002""]",,,3.0,0.0,3.0,1996.455307653,asymmetric,2652.5419608907805,,8003.544692346999,491.83777143330974,2.0,0.0,48.0,6792.48282583732,4528.321883891549,0.4408819334939343,0.44088193349393406
,,greedy_local_search,3226.2524599151698,2,exp3:asymmetric:f2.0:v2.0:r014,1.0,3.0,5313.382924833907,,,hardening:asymmetric:r014,3,,,2133.896193070544,2.0,truthful resolved feasibility,,,1.0,10000.0,Current feasibility,3.0,,0.3057644037158304,0.3099307065218761,0.5407789968374009,0.0,598.6692227486437,moderate,598.6692227486437,,0.3542255283222605,3542.2552832226047,598.6692227486437,,,,1.0,,3542.2552832226047,0.0598669222748643,,40014,"[""L010"", ""R008"", ""C001""]",,,3.0,0.0,3.0,3542.2552832226047,asymmetric,2943.586060473961,,6457.7447167773935,809.6898674034171,2.0,0.0,48.0,5313.382924833907,3542.255283222606,1.0,0.9999999999999997
,,greedy_local_search,3183.9642388539933,2,exp3:asymmetric:f2.0:v2.0:r015,2.0,3.0,2110.5208055617577,,,hardening:asymmetric:r015,3,,,2177.6563896671505,2.0,catalog/geography,,,0.0,10000.000000000002,Catalog + geography,1.0,,0.0930564245054907,0.2646208832782502,0.0310434343129603,2281.2694916886667,1202.8579425046228,moderate,-1078.4115491840437,,0.1407013870374505,1407.013870374505,-1078.4115491840437,,,,0.0,,1407.013870374505,-0.1078411549184043,,40015,"[""C000"", ""C002""]",,,2.0,1163.2962324432474,3.0,1407.013870374505,asymmetric,2485.4254195585486,,8592.986129625497,307.76902989139813,2.0,0.0,48.0,6940.225767996367,4626.817178664245,0.3040997333680489,0.30409973336804885
,,greedy_local_search,3183.9642388539933,2,exp3:asymmetric:f2.0:v2.0:r015,1.0,3.0,5916.102600166399,,,hardening:asymmetric:r015,3,,,2159.04513888512,2.0,truthful resolved feasibility,,,0.0,10000.000000000002,Current feasibility,3.0,,0.4552280697536651,0.3569275797581531,0.3231477785329516,0.0,919.9341439217706,moderate,919.9341439217706,,0.3944068400110933,3944.068400110933,919.9341439217706,,,,2.0,,3944.068400110933,0.091993414392177,,40015,"[""R002"", ""R005"", ""C001""]",,,3.0,0.0,3.0,3944.068400110933,asymmetric,3024.134256189162,,6055.931599889068,865.0891173040422,2.0,0.0,48.0,5916.1026001663995,3944.068400110933,0.9999999999999999,1.0
,,greedy_local_search,3191.431769562457,2,exp3:asymmetric:f2.0:v2.0:r016,1.0,3.0,5517.17807009436,,,hardening:asymmetric:r016,3,,,2153.3480991657025,2.0,catalog/geography,,,0.0,10000.000000000004,Catalog + geography,2.0,,0.4321032191397728,0.2890250007242656,0.3610333623661665,357.3853515966239,968.5629989573654,moderate,611.1776473607415,,0.367811871339624,3678.11871339624,611.1776473607415,,,,2.0,,3678.11871339624,0.0611177647360741,,40016,"[""R004"", ""R007"", ""C000""]",,,3.0,0.0,3.0,3678.11871339624,asymmetric,3066.941066035499,,6321.881286603761,913.5929668697964,2.0,0.0,48.0,6591.149333809019,4394.099555872681,0.8370585751705292,0.8370585751705288
,,greedy_local_search,3191.431769562457,2,exp3:asymmetric:f2.0:v2.0:r016,1.0,3.0,6741.864800797647,,,hardening:asymmetric:r016,3,,,2224.262727434175,2.0,truthful resolved feasibility,,,0.0,10000.000000000004,Current feasibility,3.0,,0.1696289720827345,0.6712892761755704,0.6908668464391483,0.0,1357.1893336771082,moderate,1357.1893336771082,,0.4494576533865099,4494.576533865099,1357.1893336771082,,,,2.0,,4494.5765338651,0.1357189333677107,,40016,"[""R004"", ""R007"", ""C001""]",,,3.0,0.0,3.0,4494.576533865099,asymmetric,3137.387200187992,,5505.423466134902,913.1244727538168,2.0,0.0,48.0,6741.86480079765,4494.576533865102,0.9999999999999996,0.9999999999999994
,,greedy_local_search,3139.619133310156,2,exp3:asymmetric:f2.0:v2.0:r017,1.0,3.0,2354.750937144139,,,hardening:asymmetric:r017,3,,,2180.569839662429,2.0,catalog/geography,,,0.0,9999.999999999998,Catalog + geography,3.0,,0.0597855440783545,0.2392575901059278,0.231698722186375,2024.397207699628,992.7375232336208,moderate,-1031.659684466007,,0.1569833958096093,1569.8339580960928,-1031.659684466007,,,,2.0,,1569.8339580960928,-0.1031659684466007,,40017,"[""R003"", ""R005"", ""C002""]",,,3.0,0.0,3.0,1569.8339580960926,asymmetric,2601.4936425621,,8430.166041903907,420.9238028996711,2.0,0.0,48.0,6383.606123939451,4255.737415959632,0.36887472244151787,0.3688747224415181
,,greedy_local_search,3139.619133310156,2,exp3:asymmetric:f2.0:v2.0:r017,1.0,3.0,5915.213739226867,,,hardening:asymmetric:r017,3,,,2232.857030013361,2.0,truthful resolved feasibility,,,0.0,9999.999999999998,Current feasibility,3.0,,0.2286900756342217,0.6299353724905262,0.3547983410402027,0.0,829.7749428988241,moderate,829.7749428988241,,0.3943475826151245,3943.475826151245,829.7749428988241,,,,2.0,,3943.475826151245,0.0829774942898824,,40017,"[""R002"", ""R005"", ""C001""]",,,3.0,0.0,3.0,3943.4758261512457,asymmetric,3113.700883252421,,6056.524173848755,880.8438532390596,2.0,0.0,48.0,6141.240039256281,4094.160026170852,0.9631953321178459,0.9631953321178467
,,greedy_local_search,3122.2820399652,2,exp3:asymmetric:f2.0:v2.0:r018,2.0,3.0,1840.6040847520735,,,hardening:asymmetric:r018,3,,,2040.6366347010085,2.0,catalog/geography,,,0.0,10000.000000000002,Catalog + geography,1.0,,0.0829779372992146,0.2158828029890161,0.0490394307633468,2435.6472146940373,1394.8517797874129,moderate,-1040.7954349066245,,0.1227069389834715,1227.0693898347158,-1040.7954349066245,,,,0.0,,1227.0693898347158,-0.1040795434906624,,40018,"[""C000"", ""C002""]",,,2.0,0.0,3.0,1227.0693898347158,asymmetric,2267.8648247413403,,8772.930610165286,227.2281900403316,2.0,0.0,48.0,7080.447385794542,4720.29825719636,0.25995590171955324,0.2599559017195533
,,greedy_local_search,3122.2820399652,2,exp3:asymmetric:f2.0:v2.0:r018,1.0,3.0,5243.8925949565,,,hardening:asymmetric:r018,3,,,2190.123805314852,2.0,truthful resolved feasibility,,,0.0,10000.000000000002,Current feasibility,2.0,,0.4887559654880812,0.2539464253899401,0.2038570315382549,0.0,429.591519365229,moderate,429.591519365229,,0.3495928396637667,3495.928396637667,429.591519365229,,,,2.0,,3495.928396637667,0.0429591519365228,,40018,"[""R001"", ""R007"", ""C001""]",,,3.0,0.0,3.0,3495.928396637667,asymmetric,3066.336877272438,,6504.071603362334,876.2130719575864,2.0,0.0,48.0,6408.333248999558,4272.222165999705,0.8182927434017503,0.8182927434017504
,,greedy_local_search,3154.233279599062,2,exp3:asymmetric:f2.0:v2.0:r019,0.0,3.0,4519.838637345694,,,hardening:asymmetric:r019,3,,,1811.3021034116048,2.0,catalog/geography,,,0.0,9999.999999999998,Catalog + geography,3.0,,0.2234249107504612,0.3148997447382327,0.4528322766347866,69.20909107509851,554.2714908758112,moderate,485.0623998007127,,0.3013225758230463,3013.225758230463,485.0623998007127,,,,3.0,,3013.2257582304637,0.0485062399800712,,40019,"[""R000"", ""R003"", ""R004""]",,,3.0,0.0,3.0,3013.225758230463,asymmetric,2528.1633584297506,,6986.774241769536,716.8612550181456,2.0,0.0,48.0,4631.200112800685,3087.4667418671224,0.9759540782642524,0.9759540782642526
,,greedy_local_search,3154.233279599062,2,exp3:asymmetric:f2.0:v2.0:r019,0.0,3.0,4499.49244034269,,,hardening:asymmetric:r019,3,,,1786.5999604614046,2.0,truthful resolved feasibility,,,0.0,9999.999999999998,Current feasibility,3.0,,0.1853557063363116,0.3452079743356313,0.4786665191035075,0.0,495.5838544403687,moderate,495.5838544403687,,0.2999661626895126,2999.6616268951266,495.5838544403687,,,,3.0,,2999.6616268951266,0.0495583854440368,,40019,"[""R001"", ""R003"", ""R004""]",,,3.0,0.0,3.0,2999.661626895127,asymmetric,2504.077772454758,,7000.338373104873,717.4778119933534,2.0,0.0,48.0,4499.492440342691,2999.6616268951266,0.9999999999999998,1.0000000000000002
,,greedy_local_search,3178.14460467704,2,exp3:asymmetric:f4.0:v0.5:r000,0.0,3.0,0.0,,,hardening:asymmetric:r000,3,,,0.0,4.0,catalog/geography,,,0.0,9999.999999999996,Catalog + geography,0.0,,0.0,0.0,0.0,0.0,0.0,moderate,0.0,,0.0,0.0,0.0,,,,0.0,,0.0,0.0,,40000,[],,,0.0,0.0,3.0,0.0,asymmetric,0.0,,10000.0,0.0,0.5,1.0,48.0,0.0,0.0,0.0,0.0
,,greedy_local_search,3178.14460467704,2,exp3:asymmetric:f4.0:v0.5:r000,0.0,3.0,0.0,,,hardening:asymmetric:r000,3,,,0.0,4.0,truthful resolved feasibility,,,0.0,9999.999999999996,Current feasibility,0.0,,0.0,0.0,0.0,0.0,0.0,moderate,0.0,,0.0,0.0,0.0,,,,0.0,,0.0,0.0,,40000,[],,,0.0,0.0,3.0,0.0,asymmetric,0.0,,10000.0,0.0,0.5,1.0,48.0,0.0,0.0,0.0,0.0
,,greedy_local_search,3160.754947153236,2,exp3:asymmetric:f4.0:v0.5:r001,0.0,3.0,0.0,,,hardening:asymmetric:r001,3,,,0.0,4.0,catalog/geography,,,0.0,10000.0,Catalog + geography,0.0,,0.0,0.0,0.0,0.0,0.0,moderate,0.0,,0.0,0.0,0.0,,,,0.0,,0.0,0.0,,40001,[],,,0.0,0.0,3.0,0.0,asymmetric,0.0,,10000.0,0.0,0.5,1.0,48.0,0.0,0.0,0.0,0.0
,,greedy_local_search,3160.754947153236,2,exp3:asymmetric:f4.0:v0.5:r001,0.0,3.0,0.0,,,hardening:asymmetric:r001,3,,,0.0,4.0,truthful resolved feasibility,,,0.0,10000.0,Current feasibility,0.0,,0.0,0.0,0.0,0.0,0.0,moderate,0.0,,0.0,0.0,0.0,,,,0.0,,0.0,0.0,,40001,[],,,0.0,0.0,3.0,0.0,asymmetric,0.0,,10000.0,0.0,0.5,1.0,48.0,0.0,0.0,0.0,0.0
,,greedy_local_search,3133.056593146416,2,exp3:asymmetric:f4.0:v0.5:r002,0.0,3.0,0.0,,,hardening:asymmetric:r002,3,,,0.0,4.0,catalog/geography,,,0.0,10000.000000000002,Catalog + geography,0.0,,0.0,0.0,0.0,0.0,0.0,moderate,0.0,,0.0,0.0,0.0,,,,0.0,,0.0,0.0,,40002,[],,,0.0,0.0,3.0,0.0,asymmetric,0.0,,10000.000000000002,0.0,0.5,1.0,48.0,0.0,0.0,0.0,0.0
,,greedy_local_search,3133.056593146416,2,exp3:asymmetric:f4.0:v0.5:r002,0.0,3.0,0.0,,,hardening:asymmetric:r002,3,,,0.0,4.0,truthful resolved feasibility,,,0.0,10000.000000000002,Current feasibility,0.0,,0.0,0.0,0.0,0.0,0.0,moderate,0.0,,0.0,0.0,0.0,,,,0.0,,0.0,0.0,,40002,[],,,0.0,0.0,3.0,0.0,asymmetric,0.0,,10000.000000000002,0.0,0.5,1.0,48.0,0.0,0.0,0.0,0.0
,,greedy_local_search,3160.085619378712,2,exp3:asymmetric:f4.0:v0.5:r003,0.0,3.0,0.0,,,hardening:asymmetric:r003,3,,,0.0,4.0,catalog/geography,,,0.0,10000.000000000002,Catalog + geography,0.0,,0.0,0.0,0.0,0.0,0.0,moderate,0.0,,0.0,0.0,0.0,,,,0.0,,0.0,0.0,,40003,[],,,0.0,0.0,3.0,0.0,asymmetric,0.0,,10000.0,0.0,0.5,1.0,48.0,0.0,0.0,0.0,0.0
,,greedy_local_search,3160.085619378712,2,exp3:asymmetric:f4.0:v0.5:r003,0.0,3.0,0.0,,,hardening:asymmetric:r003,3,,,0.0,4.0,truthful resolved feasibility,,,0.0,10000.000000000002,Current feasibility,0.0,,0.0,0.0,0.0,0.0,0.0,moderate,0.0,,0.0,0.0,0.0,,,,0.0,,0.0,0.0,,40003,[],,,0.0,0.0,3.0,0.0,asymmetric,0.0,,10000.0,0.0,0.5,1.0,48.0,0.0,0.0,0.0,0.0
,,greedy_local_search,3189.1083616392616,2,exp3:asymmetric:f4.0:v0.5:r004,0.0,3.0,0.0,,,hardening:asymmetric:r004,3,,,0.0,4.0,catalog/geography,,,0.0,9999.999999999998,Catalog + geography,0.0,,0.0,0.0,0.0,0.0,0.0,moderate,0.0,,0.0,0.0,0.0,,,,0.0,,0.0,0.0,,40004,[],,,0.0,0.0,3.0,0.0,asymmetric,0.0,,10000.0,0.0,0.5,1.0,48.0,0.0,0.0,0.0,0.0
,,greedy_local_search,3189.1083616392616,2,exp3:asymmetric:f4.0:v0.5:r004,0.0,3.0,0.0,,,hardening:asymmetric:r004,3,,,0.0,4.0,truthful resolved feasibility,,,0.0,9999.999999999998,Current feasibility,0.0,,0.0,0.0,0.0,0.0,0.0,moderate,0.0,,0.0,0.0,0.0,,,,0.0,,0.0,0.0,,40004,[],,,0.0,0.0,3.0,0.0,asymmetric,0.0,,10000.0,0.0,0.5,1.0,48.0,0.0,0.0,0.0,0.0
,,greedy_local_search,3216.051041216963,2,exp3:asymmetric:f4.0:v0.5:r005,1.0,3.0,2761.585370969578,,,hardening:asymmetric:r005,3,,,2015.904898680037,4.0,catalog/geography,,,0.0,10000.0,Catalog + geography,1.0,,0.221112388754918,0.0,0.4230255822912937,514.2377358373776,242.4604533240904,moderate,-271.7772825132872,,0.1841056913979719,1841.056913979719,-271.7772825132872,,,,0.0,,1841.0569139797187,-0.0271777282513287,,40005,"[""C001""]",,,1.0,0.0,3.0,1841.0569139797187,asymmetric,2112.834196493006,,8158.943086020282,96.92929781296888,0.5,0.0,48.0,3573.8253780176997,2382.5502520118002,0.7727253233904091,0.772725323390409
,,greedy_local_search,3216.051041216963,2,exp3:asymmetric:f4.0:v0.5:r005,0.0,3.0,0.0,,,hardening:asymmetric:r005,3,,,0.0,4.0,truthful resolved feasibility,,,0.0,10000.0,Current feasibility,0.0,,0.0,0.0,0.0,0.0,0.0,moderate,0.0,,0.0,0.0,0.0,,,,0.0,,0.0,0.0,,40005,[],,,0.0,0.0,3.0,0.0,asymmetric,0.0,,10000.0,0.0,0.5,1.0,48.0,0.0,0.0,0.0,0.0
,,greedy_local_search,3105.939528570514,2,exp3:asymmetric:f4.0:v0.5:r006,1.0,3.0,377.38734895780686,,,hardening:asymmetric:r006,3,,,1976.053179654742,4.0,catalog/geography,,,0.0,9999.999999999998,Catalog + geography,0.0,,0.0,0.0718833045633918,0.0,1738.318505909086,1.1021887080946726,moderate,-1737.2163172009914,,0.0251591565971871,251.5915659718713,-1737.2163172009914,,,,0.0,,251.5915659718713,-0.1737216317200991,,40006,"[""C002""]",,,1.0,0.0,3.0,251.5915659718713,asymmetric,1988.8078831728624,,9748.408434028128,12.754703518120609,0.5,0.0,48.0,3110.5602024981613,2073.7068016654407,0.12132456033312537,0.12132456033312541
,,greedy_local_search,3105.939528570514,2,exp3:asymmetric:f4.0:v0.5:r006,0.0,3.0,0.0,,,hardening:asymmetric:r006,3,,,0.0,4.0,truthful resolved feasibility,,,0.0,9999.999999999998,Current feasibility,0.0,,0.0,0.0,0.0,0.0,0.0,moderate,0.0,,0.0,0.0,0.0,,,,0.0,,0.0,0.0,,40006,[],,,0.0,0.0,3.0,0.0,asymmetric,0.0,,10000.0,0.0,0.5,1.0,48.0,0.0,0.0,0.0,0.0
,,greedy_local_search,3145.357852427541,2,exp3:asymmetric:f4.0:v0.5:r007,0.0,3.0,0.0,,,hardening:asymmetric:r007,3,,,0.0,4.0,catalog/geography,,,0.0,9999.999999999998,Catalog + geography,0.0,,0.0,0.0,0.0,0.0,0.0,moderate,0.0,,0.0,0.0,0.0,,,,0.0,,0.0,0.0,,40007,[],,,0.0,0.0,3.0,0.0,asymmetric,0.0,,10000.0,0.0,0.5,1.0,48.0,0.0,0.0,0.0,0.0
,,greedy_local_search,3145.357852427541,2,exp3:asymmetric:f4.0:v0.5:r007,0.0,3.0,0.0,,,hardening:asymmetric:r007,3,,,0.0,4.0,truthful resolved feasibility,,,0.0,9999.999999999998,Current feasibility,0.0,,0.0,0.0,0.0,0.0,0.0,moderate,0.0,,0.0,0.0,0.0,,,,0.0,,0.0,0.0,,40007,[],,,0.0,0.0,3.0,0.0,asymmetric,0.0,,10000.0,0.0,0.5,1.0,48.0,0.0,0.0,0.0,0.0
,,greedy_local_search,3186.473778113356,2,exp3:asymmetric:f4.0:v0.5:r008,0.0,3.0,0.0,,,hardening:asymmetric:r008,3,,,0.0,4.0,catalog/geography,,,0.0,9999.999999999998,Catalog + geography,0.0,,0.0,0.0,0.0,0.0,0.0,moderate,0.0,,0.0,0.0,0.0,,,,0.0,,0.0,0.0,,40008,[],,,0.0,0.0,3.0,0.0,asymmetric,0.0,,9999.999999999998,0.0,0.5,1.0,48.0,0.0,0.0,0.0,0.0
,,greedy_local_search,3186.473778113356,2,exp3:asymmetric:f4.0:v0.5:r008,0.0,3.0,0.0,,,hardening:asymmetric:r008,3,,,0.0,4.0,truthful resolved feasibility,,,0.0,9999.999999999998,Current feasibility,0.0,,0.0,0.0,0.0,0.0,0.0,moderate,0.0,,0.0,0.0,0.0,,,,0.0,,0.0,0.0,,40008,[],,,0.0,0.0,3.0,0.0,asymmetric,0.0,,9999.999999999998,0.0,0.5,1.0,48.0,0.0,0.0,0.0,0.0
,,greedy_local_search,3182.8115459264554,2,exp3:asymmetric:f4.0:v0.5:r009,0.0,3.0,0.0,,,hardening:asymmetric:r009,3,,,0.0,4.0,catalog/geography,,,0.0,10000.0,Catalog + geography,0.0,,0.0,0.0,0.0,0.0,0.0,moderate,0.0,,0.0,0.0,0.0,,,,0.0,,0.0,0.0,,40009,[],,,0.0,0.0,3.0,0.0,asymmetric,0.0,,10000.0,0.0,0.5,1.0,48.0,0.0,0.0,0.0,0.0
,,greedy_local_search,3182.8115459264554,2,exp3:asymmetric:f4.0:v0.5:r009,1.0,3.0,3129.678372099721,,,hardening:asymmetric:r009,3,,,1931.3578409231309,4.0,truthful resolved feasibility,,,0.0,10000.0,Current feasibility,1.0,,0.1188817067113202,0.44328130510444,0.0,0.0,54.5327206692441,moderate,54.5327206692441,,0.2086452248066481,2086.452248066481,54.5327206692441,,,,0.0,,2086.452248066481,0.0054532720669244,,40009,"[""C001""]",,,1.0,0.0,3.0,2086.4522480664814,asymmetric,2031.9195273972368,,7913.547751933519,100.5616864741062,0.5,0.0,48.0,3298.5684546326215,2199.045636421747,0.948798976023764,0.9487989760237646
,,greedy_local_search,3145.9474472763204,2,exp3:asymmetric:f4.0:v0.5:r010,1.0,3.0,121.20585089641466,,,hardening:asymmetric:r010,3,,,1920.657307417083,4.0,catalog/geography,,,0.0,10000.0,Catalog + geography,0.0,,0.0179564223550243,0.0,0.0,2171.1346643888205,327.0160957457572,moderate,-1844.1185686430636,,0.0080803900597609,80.80390059760977,-1844.1185686430636,,,,0.0,,80.80390059760977,-0.1844118568643063,,40010,"[""C002""]",,,1.0,0.0,3.0,80.80390059760977,asymmetric,1924.922469240673,,9919.196099402392,4.265161823590006,0.5,0.0,48.0,3529.9738586333606,2353.3159057555736,0.03433618937431447,0.03433618937431447
,,greedy_local_search,3145.9474472763204,2,exp3:asymmetric:f4.0:v0.5:r010,1.0,3.0,3753.4428432308337,,,hardening:asymmetric:r010,3,,,2047.4779624528096,4.0,truthful resolved feasibility,,,0.0,10000.0,Current feasibility,1.0,,0.2486095628357165,0.2093457535513468,0.3254210293150589,0.0,330.7135255301364,moderate,330.7135255301364,,0.2502295228820555,2502.295228820556,330.7135255301364,,,,0.0,,2502.295228820556,0.0330713525530136,,40010,"[""C001""]",,,1.0,0.0,3.0,2502.295228820556,asymmetric,2171.58170329042,,7497.704771179444,124.10374083760983,0.5,0.0,48.0,3753.4428432308337,2502.295228820556,1.0,1.0
,,greedy_local_search,3167.666805407142,2,exp3:asymmetric:f4.0:v0.5:r011,0.0,3.0,0.0,,,hardening:asymmetric:r011,3,,,0.0,4.0,catalog/geography,,,0.0,10000.000000000002,Catalog + geography,0.0,,0.0,0.0,0.0,0.0,0.0,moderate,0.0,,0.0,0.0,0.0,,,,0.0,,0.0,0.0,,40011,[],,,0.0,0.0,3.0,0.0,asymmetric,0.0,,10000.0,0.0,0.5,1.0,48.0,0.0,0.0,0.0,0.0
,,greedy_local_search,3167.666805407142,2,exp3:asymmetric:f4.0:v0.5:r011,0.0,3.0,0.0,,,hardening:asymmetric:r011,3,,,0.0,4.0,truthful resolved feasibility,,,0.0,10000.000000000002,Current feasibility,0.0,,0.0,0.0,0.0,0.0,0.0,moderate,0.0,,0.0,0.0,0.0,,,,0.0,,0.0,0.0,,40011,[],,,0.0,0.0,3.0,0.0,asymmetric,0.0,,10000.0,0.0,0.5,1.0,48.0,0.0,0.0,0.0,0.0
,,greedy_local_search,3192.8536656157503,2,exp3:asymmetric:f4.0:v0.5:r012,0.0,3.0,0.0,,,hardening:asymmetric:r012,3,,,0.0,4.0,catalog/geography,,,0.0,10000.000000000004,Catalog + geography,0.0,,0.0,0.0,0.0,0.0,0.0,moderate,0.0,,0.0,0.0,0.0,,,,0.0,,0.0,0.0,,40012,[],,,0.0,0.0,3.0,0.0,asymmetric,0.0,,10000.0,0.0,0.5,1.0,48.0,0.0,0.0,0.0,0.0
,,greedy_local_search,3192.8536656157503,2,exp3:asymmetric:f4.0:v0.5:r012,0.0,3.0,0.0,,,hardening:asymmetric:r012,3,,,0.0,4.0,truthful resolved feasibility,,,0.0,10000.000000000004,Current feasibility,0.0,,0.0,0.0,0.0,0.0,0.0,moderate,0.0,,0.0,0.0,0.0,,,,0.0,,0.0,0.0,,40012,[],,,0.0,0.0,3.0,0.0,asymmetric,0.0,,10000.0,0.0,0.5,1.0,48.0,0.0,0.0,0.0,0.0
,,greedy_local_search,3215.031053233879,2,exp3:asymmetric:f4.0:v0.5:r013,1.0,3.0,3689.1611213661145,,,hardening:asymmetric:r013,3,,,2022.263884385922,4.0,catalog/geography,,,0.0,9999.999999999998,Catalog + geography,1.0,,0.2254608292784645,0.1985718364936877,0.3749327940482061,0.6265552588088212,336.60371812131325,moderate,335.97716286250443,,0.245944074757741,2459.4407475774096,335.97716286250443,,,,0.0,,2459.4407475774096,0.0335977162862504,,40013,"[""C001""]",,,1.0,0.0,3.0,2459.440747577409,asymmetric,2123.463584714905,,7540.5592524225885,101.19970032898335,0.5,0.0,48.0,3689.161121366116,2459.4407475774096,0.9999999999999997,0.9999999999999998
,,greedy_local_search,3215.031053233879,2,exp3:asymmetric:f4.0:v0.5:r013,1.0,3.0,3689.1611213661145,,,hardening:asymmetric:r013,3,,,2022.263884385922,4.0,truthful resolved feasibility,,,0.0,9999.999999999998,Current feasibility,1.0,,0.2254608292784645,0.1985718364936877,0.3749327940482061,0.0,335.97716286250443,moderate,335.97716286250443,,0.245944074757741,2459.4407475774096,335.97716286250443,,,,0.0,,2459.4407475774096,0.0335977162862504,,40013,"[""C001""]",,,1.0,0.0,3.0,2459.440747577409,asymmetric,2123.463584714905,,7540.5592524225885,101.19970032898335,0.5,0.0,48.0,3689.161121366116,2459.4407475774096,0.9999999999999997,0.9999999999999998
,,greedy_local_search,3226.2524599151698,2,exp3:asymmetric:f4.0:v0.5:r014,1.0,3.0,1156.154938372766,,,hardening:asymmetric:r014,3,,,2023.338866610684,4.0,catalog/geography,,,0.0,10000.0,Catalog + geography,0.0,,0.1712822130922616,0.0,0.0,1423.24644728646,135.33395658100198,moderate,-1287.912490705458,,0.0770769958915177,770.7699589151773,-1287.912490705458,,,,0.0,,770.7699589151773,-0.1287912490705458,,40014,"[""C002""]",,,1.0,0.0,3.0,770.7699589151773,asymmetric,2058.6824496206355,,9229.23004108482,35.34358300995184,0.5,0.0,48.0,3532.054729983236,2354.7031533221584,0.3273321131063712,0.32733211310637106
,,greedy_local_search,3226.2524599151698,2,exp3:asymmetric:f4.0:v0.5:r014,0.0,3.0,0.0,,,hardening:asymmetric:r014,3,,,0.0,4.0,truthful resolved feasibility,,,0.0,10000.0,Current feasibility,0.0,,0.0,0.0,0.0,0.0,0.0,moderate,0.0,,0.0,0.0,0.0,,,,0.0,,0.0,0.0,,40014,[],,,0.0,0.0,3.0,0.0,asymmetric,0.0,,9999.999999999998,0.0,0.5,1.0,48.0,0.0,0.0,0.0,0.0
,,greedy_local_search,3183.9642388539933,2,exp3:asymmetric:f4.0:v0.5:r015,0.0,3.0,0.0,,,hardening:asymmetric:r015,3,,,0.0,4.0,catalog/geography,,,0.0,10000.000000000002,Catalog + geography,0.0,,0.0,0.0,0.0,0.0,0.0,moderate,0.0,,0.0,0.0,0.0,,,,0.0,,0.0,0.0,,40015,[],,,0.0,0.0,3.0,0.0,asymmetric,0.0,,10000.0,0.0,0.5,1.0,48.0,0.0,0.0,0.0,0.0
,,greedy_local_search,3183.9642388539933,2,exp3:asymmetric:f4.0:v0.5:r015,0.0,3.0,0.0,,,hardening:asymmetric:r015,3,,,0.0,4.0,truthful resolved feasibility,,,0.0,10000.000000000002,Current feasibility,0.0,,0.0,0.0,0.0,0.0,0.0,moderate,0.0,,0.0,0.0,0.0,,,,0.0,,0.0,0.0,,40015,[],,,0.0,0.0,3.0,0.0,asymmetric,0.0,,10000.0,0.0,0.5,1.0,48.0,0.0,0.0,0.0,0.0
,,greedy_local_search,3191.431769562457,2,exp3:asymmetric:f4.0:v0.5:r016,0.0,3.0,0.0,,,hardening:asymmetric:r016,3,,,0.0,4.0,catalog/geography,,,0.0,10000.000000000004,Catalog + geography,0.0,,0.0,0.0,0.0,0.0,0.0,moderate,0.0,,0.0,0.0,0.0,,,,0.0,,0.0,0.0,,40016,[],,,0.0,0.0,3.0,0.0,asymmetric,0.0,,10000.0,0.0,0.5,1.0,48.0,0.0,0.0,0.0,0.0
,,greedy_local_search,3191.431769562457,2,exp3:asymmetric:f4.0:v0.5:r016,1.0,3.0,3623.079250014925,,,hardening:asymmetric:r016,3,,,2272.2254386816185,4.0,truthful resolved feasibility,,,0.0,10000.000000000004,Current feasibility,1.0,,0.0928431632113523,0.3242273062374084,0.4313981801973007,0.0,48.58892835060442,moderate,48.58892835060442,,0.2415386166676617,2415.386166676617,48.58892835060442,,,,0.0,,2415.386166676617,0.0048588928350604,,40016,"[""C001""]",,,1.0,0.0,3.0,2415.3861666766165,asymmetric,2366.7972383260126,,7584.613833323384,94.571799644394,0.5,0.0,48.0,3623.0792500149255,2415.386166676618,0.9999999999999999,0.9999999999999994
,,greedy_local_search,3139.619133310156,2,exp3:asymmetric:f4.0:v0.5:r017,0.0,3.0,0.0,,,hardening:asymmetric:r017,3,,,0.0,4.0,catalog/geography,,,0.0,9999.999999999998,Catalog + geography,0.0,,0.0,0.0,0.0,0.0,0.0,moderate,0.0,,0.0,0.0,0.0,,,,0.0,,0.0,0.0,,40017,[],,,0.0,0.0,3.0,0.0,asymmetric,0.0,,10000.0,0.0,0.5,1.0,48.0,0.0,0.0,0.0,0.0
,,greedy_local_search,3139.619133310156,2,exp3:asymmetric:f4.0:v0.5:r017,0.0,3.0,0.0,,,hardening:asymmetric:r017,3,,,0.0,4.0,truthful resolved feasibility,,,0.0,9999.999999999998,Current feasibility,0.0,,0.0,0.0,0.0,0.0,0.0,moderate,0.0,,0.0,0.0,0.0,,,,0.0,,0.0,0.0,,40017,[],,,0.0,0.0,3.0,0.0,asymmetric,0.0,,10000.0,0.0,0.5,1.0,48.0,0.0,0.0,0.0,0.0
,,greedy_local_search,3122.2820399652,2,exp3:asymmetric:f4.0:v0.5:r018,1.0,3.0,1455.3828280281575,,,hardening:asymmetric:r018,3,,,2135.3414790448546,4.0,catalog/geography,,,0.0,10000.000000000002,Catalog + geography,1.0,,0.025908121488264,0.2158828029890161,0.0490394307633468,1336.9480058829197,129.11177817445923,moderate,-1207.8362277084602,,0.0970255218685438,970.2552186854384,-1207.8362277084602,,,,0.0,,970.2552186854384,-0.120783622770846,,40018,"[""C000""]",,,1.0,0.0,3.0,970.2552186854384,asymmetric,2178.0914463938984,,9029.744781314565,42.7499673490437,0.5,0.0,48.0,3643.78631528347,2429.1908768556464,0.39941497719658003,0.3994149771965801
,,greedy_local_search,3122.2820399652,2,exp3:asymmetric:f4.0:v0.5:r018,0.0,3.0,0.0,,,hardening:asymmetric:r018,3,,,0.0,4.0,truthful resolved feasibility,,,0.0,10000.000000000002,Current feasibility,0.0,,0.0,0.0,0.0,0.0,0.0,moderate,0.0,,0.0,0.0,0.0,,,,0.0,,0.0,0.0,,40018,[],,,0.0,0.0,3.0,0.0,asymmetric,0.0,,10000.0,0.0,0.5,1.0,48.0,0.0,0.0,0.0,0.0
,,greedy_local_search,3154.233279599062,2,exp3:asymmetric:f4.0:v0.5:r019,0.0,3.0,0.0,,,hardening:asymmetric:r019,3,,,0.0,4.0,catalog/geography,,,0.0,9999.999999999998,Catalog + geography,0.0,,0.0,0.0,0.0,0.0,0.0,moderate,0.0,,0.0,0.0,0.0,,,,0.0,,0.0,0.0,,40019,[],,,0.0,0.0,3.0,0.0,asymmetric,0.0,,10000.0,0.0,0.5,1.0,48.0,0.0,0.0,0.0,0.0
,,greedy_local_search,3154.233279599062,2,exp3:asymmetric:f4.0:v0.5:r019,0.0,3.0,0.0,,,hardening:asymmetric:r019,3,,,0.0,4.0,truthful resolved feasibility,,,0.0,9999.999999999998,Current feasibility,0.0,,0.0,0.0,0.0,0.0,0.0,moderate,0.0,,0.0,0.0,0.0,,,,0.0,,0.0,0.0,,40019,[],,,0.0,0.0,3.0,0.0,asymmetric,0.0,,10000.0,0.0,0.5,1.0,48.0,0.0,0.0,0.0,0.0
,,greedy_local_search,3178.14460467704,2,exp3:asymmetric:f4.0:v1.0:r000,0.0,3.0,0.0,,,hardening:asymmetric:r000,3,,,0.0,4.0,catalog/geography,,,0.0,9999.999999999996,Catalog + geography,0.0,,0.0,0.0,0.0,0.0,0.0,moderate,0.0,,0.0,0.0,0.0,,,,0.0,,0.0,0.0,,40000,[],,,0.0,0.0,3.0,0.0,asymmetric,0.0,,10000.0,0.0,1.0,1.0,48.0,0.0,0.0,0.0,0.0
,,greedy_local_search,3178.14460467704,2,exp3:asymmetric:f4.0:v1.0:r000,0.0,3.0,0.0,,,hardening:asymmetric:r000,3,,,0.0,4.0,truthful resolved feasibility,,,0.0,9999.999999999996,Current feasibility,0.0,,0.0,0.0,0.0,0.0,0.0,moderate,0.0,,0.0,0.0,0.0,,,,0.0,,0.0,0.0,,40000,[],,,0.0,0.0,3.0,0.0,asymmetric,0.0,,10000.0,0.0,1.0,1.0,48.0,0.0,0.0,0.0,0.0
,,greedy_local_search,3160.754947153236,2,exp3:asymmetric:f4.0:v1.0:r001,0.0,3.0,0.0,,,hardening:asymmetric:r001,3,,,0.0,4.0,catalog/geography,,,0.0,10000.0,Catalog + geography,0.0,,0.0,0.0,0.0,0.0,0.0,moderate,0.0,,0.0,0.0,0.0,,,,0.0,,0.0,0.0,,40001,[],,,0.0,0.0,3.0,0.0,asymmetric,0.0,,10000.0,0.0,1.0,1.0,48.0,0.0,0.0,0.0,0.0
,,greedy_local_search,3160.754947153236,2,exp3:asymmetric:f4.0:v1.0:r001,0.0,3.0,0.0,,,hardening:asymmetric:r001,3,,,0.0,4.0,truthful resolved feasibility,,,0.0,10000.0,Current feasibility,0.0,,0.0,0.0,0.0,0.0,0.0,moderate,0.0,,0.0,0.0,0.0,,,,0.0,,0.0,0.0,,40001,[],,,0.0,0.0,3.0,0.0,asymmetric,0.0,,10000.0,0.0,1.0,1.0,48.0,0.0,0.0,0.0,0.0
,,greedy_local_search,3133.056593146416,2,exp3:asymmetric:f4.0:v1.0:r002,0.0,3.0,0.0,,,hardening:asymmetric:r002,3,,,0.0,4.0,catalog/geography,,,0.0,10000.000000000002,Catalog + geography,0.0,,0.0,0.0,0.0,0.0,0.0,moderate,0.0,,0.0,0.0,0.0,,,,0.0,,0.0,0.0,,40002,[],,,0.0,0.0,3.0,0.0,asymmetric,0.0,,10000.000000000002,0.0,1.0,1.0,48.0,0.0,0.0,0.0,0.0
,,greedy_local_search,3133.056593146416,2,exp3:asymmetric:f4.0:v1.0:r002,0.0,3.0,0.0,,,hardening:asymmetric:r002,3,,,0.0,4.0,truthful resolved feasibility,,,0.0,10000.000000000002,Current feasibility,0.0,,0.0,0.0,0.0,0.0,0.0,moderate,0.0,,0.0,0.0,0.0,,,,0.0,,0.0,0.0,,40002,[],,,0.0,0.0,3.0,0.0,asymmetric,0.0,,10000.000000000002,0.0,1.0,1.0,48.0,0.0,0.0,0.0,0.0
,,greedy_local_search,3160.085619378712,2,exp3:asymmetric:f4.0:v1.0:r003,0.0,3.0,0.0,,,hardening:asymmetric:r003,3,,,0.0,4.0,catalog/geography,,,0.0,10000.000000000002,Catalog + geography,0.0,,0.0,0.0,0.0,0.0,0.0,moderate,0.0,,0.0,0.0,0.0,,,,0.0,,0.0,0.0,,40003,[],,,0.0,0.0,3.0,0.0,asymmetric,0.0,,10000.0,0.0,1.0,1.0,48.0,0.0,0.0,0.0,0.0
,,greedy_local_search,3160.085619378712,2,exp3:asymmetric:f4.0:v1.0:r003,0.0,3.0,0.0,,,hardening:asymmetric:r003,3,,,0.0,4.0,truthful resolved feasibility,,,0.0,10000.000000000002,Current feasibility,0.0,,0.0,0.0,0.0,0.0,0.0,moderate,0.0,,0.0,0.0,0.0,,,,0.0,,0.0,0.0,,40003,[],,,0.0,0.0,3.0,0.0,asymmetric,0.0,,10000.0,0.0,1.0,1.0,48.0,0.0,0.0,0.0,0.0
,,greedy_local_search,3189.1083616392616,2,exp3:asymmetric:f4.0:v1.0:r004,0.0,3.0,0.0,,,hardening:asymmetric:r004,3,,,0.0,4.0,catalog/geography,,,0.0,9999.999999999998,Catalog + geography,0.0,,0.0,0.0,0.0,0.0,0.0,moderate,0.0,,0.0,0.0,0.0,,,,0.0,,0.0,0.0,,40004,[],,,0.0,0.0,3.0,0.0,asymmetric,0.0,,10000.0,0.0,1.0,1.0,48.0,0.0,0.0,0.0,0.0
,,greedy_local_search,3189.1083616392616,2,exp3:asymmetric:f4.0:v1.0:r004,0.0,3.0,0.0,,,hardening:asymmetric:r004,3,,,0.0,4.0,truthful resolved feasibility,,,0.0,9999.999999999998,Current feasibility,0.0,,0.0,0.0,0.0,0.0,0.0,moderate,0.0,,0.0,0.0,0.0,,,,0.0,,0.0,0.0,,40004,[],,,0.0,0.0,3.0,0.0,asymmetric,0.0,,10000.0,0.0,1.0,1.0,48.0,0.0,0.0,0.0,0.0
,,greedy_local_search,3216.051041216963,2,exp3:asymmetric:f4.0:v1.0:r005,1.0,3.0,2761.585370969578,,,hardening:asymmetric:r005,3,,,2015.904898680037,4.0,catalog/geography,,,0.0,10000.0,Catalog + geography,1.0,,0.221112388754918,0.0,0.4230255822912937,486.9821336426737,118.2755533164177,moderate,-368.706580326256,,0.1841056913979719,1841.056913979719,-368.706580326256,,,,0.0,,1841.0569139797187,-0.0368706580326256,,40005,"[""C001""]",,,1.0,0.0,3.0,1841.0569139797187,asymmetric,2209.7634943059747,,8158.943086020282,193.85859562593777,1.0,0.0,48.0,3573.8253780176997,2382.5502520118002,0.7727253233904091,0.772725323390409
,,greedy_local_search,3216.051041216963,2,exp3:asymmetric:f4.0:v1.0:r005,0.0,3.0,0.0,,,hardening:asymmetric:r005,3,,,0.0,4.0,truthful resolved feasibility,,,0.0,10000.0,Current feasibility,0.0,,0.0,0.0,0.0,0.0,0.0,moderate,0.0,,0.0,0.0,0.0,,,,0.0,,0.0,0.0,,40005,[],,,0.0,0.0,3.0,0.0,asymmetric,0.0,,10000.0,0.0,1.0,1.0,48.0,0.0,0.0,0.0,0.0
,,greedy_local_search,3105.939528570514,2,exp3:asymmetric:f4.0:v1.0:r006,0.0,3.0,0.0,,,hardening:asymmetric:r006,3,,,0.0,4.0,catalog/geography,,,0.0,9999.999999999998,Catalog + geography,0.0,,0.0,0.0,0.0,0.0,0.0,moderate,0.0,,0.0,0.0,0.0,,,,0.0,,0.0,0.0,,40006,[],,,0.0,0.0,3.0,0.0,asymmetric,0.0,,10000.0,0.0,1.0,1.0,48.0,0.0,0.0,0.0,0.0
,,greedy_local_search,3105.939528570514,2,exp3:asymmetric:f4.0:v1.0:r006,0.0,3.0,0.0,,,hardening:asymmetric:r006,3,,,0.0,4.0,truthful resolved feasibility,,,0.0,9999.999999999998,Current feasibility,0.0,,0.0,0.0,0.0,0.0,0.0,moderate,0.0,,0.0,0.0,0.0,,,,0.0,,0.0,0.0,,40006,[],,,0.0,0.0,3.0,0.0,asymmetric,0.0,,10000.0,0.0,1.0,1.0,48.0,0.0,0.0,0.0,0.0
,,greedy_local_search,3145.357852427541,2,exp3:asymmetric:f4.0:v1.0:r007,0.0,3.0,0.0,,,hardening:asymmetric:r007,3,,,0.0,4.0,catalog/geography,,,0.0,9999.999999999998,Catalog + geography,0.0,,0.0,0.0,0.0,0.0,0.0,moderate,0.0,,0.0,0.0,0.0,,,,0.0,,0.0,0.0,,40007,[],,,0.0,0.0,3.0,0.0,asymmetric,0.0,,10000.0,0.0,1.0,1.0,48.0,0.0,0.0,0.0,0.0
,,greedy_local_search,3145.357852427541,2,exp3:asymmetric:f4.0:v1.0:r007,0.0,3.0,0.0,,,hardening:asymmetric:r007,3,,,0.0,4.0,truthful resolved feasibility,,,0.0,9999.999999999998,Current feasibility,0.0,,0.0,0.0,0.0,0.0,0.0,moderate,0.0,,0.0,0.0,0.0,,,,0.0,,0.0,0.0,,40007,[],,,0.0,0.0,3.0,0.0,asymmetric,0.0,,10000.0,0.0,1.0,1.0,48.0,0.0,0.0,0.0,0.0
,,greedy_local_search,3186.473778113356,2,exp3:asymmetric:f4.0:v1.0:r008,0.0,3.0,0.0,,,hardening:asymmetric:r008,3,,,0.0,4.0,catalog/geography,,,0.0,9999.999999999998,Catalog + geography,0.0,,0.0,0.0,0.0,0.0,0.0,moderate,0.0,,0.0,0.0,0.0,,,,0.0,,0.0,0.0,,40008,[],,,0.0,0.0,3.0,0.0,asymmetric,0.0,,9999.999999999998,0.0,1.0,1.0,48.0,0.0,0.0,0.0,0.0
,,greedy_local_search,3186.473778113356,2,exp3:asymmetric:f4.0:v1.0:r008,0.0,3.0,0.0,,,hardening:asymmetric:r008,3,,,0.0,4.0,truthful resolved feasibility,,,0.0,9999.999999999998,Current feasibility,0.0,,0.0,0.0,0.0,0.0,0.0,moderate,0.0,,0.0,0.0,0.0,,,,0.0,,0.0,0.0,,40008,[],,,0.0,0.0,3.0,0.0,asymmetric,0.0,,9999.999999999998,0.0,1.0,1.0,48.0,0.0,0.0,0.0,0.0
,,greedy_local_search,3182.8115459264554,2,exp3:asymmetric:f4.0:v1.0:r009,0.0,3.0,0.0,,,hardening:asymmetric:r009,3,,,0.0,4.0,catalog/geography,,,0.0,10000.0,Catalog + geography,0.0,,0.0,0.0,0.0,0.0,0.0,moderate,0.0,,0.0,0.0,0.0,,,,0.0,,0.0,0.0,,40009,[],,,0.0,0.0,3.0,0.0,asymmetric,0.0,,10000.0,0.0,1.0,1.0,48.0,0.0,0.0,0.0,0.0
,,greedy_local_search,3182.8115459264554,2,exp3:asymmetric:f4.0:v1.0:r009,0.0,3.0,0.0,,,hardening:asymmetric:r009,3,,,0.0,4.0,truthful resolved feasibility,,,0.0,10000.0,Current feasibility,0.0,,0.0,0.0,0.0,0.0,0.0,moderate,0.0,,0.0,0.0,0.0,,,,0.0,,0.0,0.0,,40009,[],,,0.0,0.0,3.0,0.0,asymmetric,0.0,,10000.0,0.0,1.0,1.0,48.0,0.0,0.0,0.0,0.0
,,greedy_local_search,3145.9474472763204,2,exp3:asymmetric:f4.0:v1.0:r010,1.0,3.0,121.20585089641466,,,hardening:asymmetric:r010,3,,,1920.657307417083,4.0,catalog/geography,,,0.0,10000.0,Catalog + geography,0.0,,0.0179564223550243,0.0,0.0,2069.7573236196777,221.37359315302456,moderate,-1848.383730466653,,0.0080803900597609,80.80390059760977,-1848.383730466653,,,,0.0,,80.80390059760977,-0.1848383730466653,,40010,"[""C002""]",,,1.0,0.0,3.0,80.80390059760977,asymmetric,1929.187631064263,,9919.196099402392,8.530323647180012,1.0,0.0,48.0,3529.9738586333606,2353.3159057555736,0.03433618937431447,0.03433618937431447
,,greedy_local_search,3145.9474472763204,2,exp3:asymmetric:f4.0:v1.0:r010,1.0,3.0,3753.4428432308337,,,hardening:asymmetric:r010,3,,,2047.4779624528096,4.0,truthful resolved feasibility,,,0.0,10000.0,Current feasibility,1.0,,0.2486095628357165,0.2093457535513468,0.3254210293150589,0.0,206.6097846925268,moderate,206.6097846925268,,0.2502295228820555,2502.295228820556,206.6097846925268,,,,0.0,,2502.295228820556,0.0206609784692526,,40010,"[""C001""]",,,1.0,0.0,3.0,2502.295228820556,asymmetric,2295.6854441280293,,7497.704771179444,248.2074816752197,1.0,0.0,48.0,3753.4428432308337,2502.295228820556,1.0,1.0
,,greedy_local_search,3167.666805407142,2,exp3:asymmetric:f4.0:v1.0:r011,0.0,3.0,0.0,,,hardening:asymmetric:r011,3,,,0.0,4.0,catalog/geography,,,0.0,10000.000000000002,Catalog + geography,0.0,,0.0,0.0,0.0,0.0,0.0,moderate,0.0,,0.0,0.0,0.0,,,,0.0,,0.0,0.0,,40011,[],,,0.0,0.0,3.0,0.0,asymmetric,0.0,,10000.0,0.0,1.0,1.0,48.0,0.0,0.0,0.0,0.0
,,greedy_local_search,3167.666805407142,2,exp3:asymmetric:f4.0:v1.0:r011,0.0,3.0,0.0,,,hardening:asymmetric:r011,3,,,0.0,4.0,truthful resolved feasibility,,,0.0,10000.000000000002,Current feasibility,0.0,,0.0,0.0,0.0,0.0,0.0,moderate,0.0,,0.0,0.0,0.0,,,,0.0,,0.0,0.0,,40011,[],,,0.0,0.0,3.0,0.0,asymmetric,0.0,,10000.0,0.0,1.0,1.0,48.0,0.0,0.0,0.0,0.0
,,greedy_local_search,3192.8536656157503,2,exp3:asymmetric:f4.0:v1.0:r012,0.0,3.0,0.0,,,hardening:asymmetric:r012,3,,,0.0,4.0,catalog/geography,,,0.0,10000.000000000004,Catalog + geography,0.0,,0.0,0.0,0.0,0.0,0.0,moderate,0.0,,0.0,0.0,0.0,,,,0.0,,0.0,0.0,,40012,[],,,0.0,0.0,3.0,0.0,asymmetric,0.0,,10000.0,0.0,1.0,1.0,48.0,0.0,0.0,0.0,0.0
,,greedy_local_search,3192.8536656157503,2,exp3:asymmetric:f4.0:v1.0:r012,0.0,3.0,0.0,,,hardening:asymmetric:r012,3,,,0.0,4.0,truthful resolved feasibility,,,0.0,10000.000000000004,Current feasibility,0.0,,0.0,0.0,0.0,0.0,0.0,moderate,0.0,,0.0,0.0,0.0,,,,0.0,,0.0,0.0,,40012,[],,,0.0,0.0,3.0,0.0,asymmetric,0.0,,10000.0,0.0,1.0,1.0,48.0,0.0,0.0,0.0,0.0
,,greedy_local_search,3215.031053233879,2,exp3:asymmetric:f4.0:v1.0:r013,1.0,3.0,3689.1611213661145,,,hardening:asymmetric:r013,3,,,2022.263884385922,4.0,catalog/geography,,,0.0,9999.999999999998,Catalog + geography,1.0,,0.2254608292784645,0.1985718364936877,0.3749327940482061,1.2531105176176425,236.03057305113865,moderate,234.77746253352095,,0.245944074757741,2459.4407475774096,234.77746253352095,,,,0.0,,2459.4407475774096,0.0234777462533521,,40013,"[""C001""]",,,1.0,0.0,3.0,2459.440747577409,asymmetric,2224.6632850438887,,7540.5592524225885,202.39940065796677,1.0,0.0,48.0,3689.161121366116,2459.4407475774096,0.9999999999999997,0.9999999999999998
,,greedy_local_search,3215.031053233879,2,exp3:asymmetric:f4.0:v1.0:r013,1.0,3.0,3689.1611213661145,,,hardening:asymmetric:r013,3,,,2022.263884385922,4.0,truthful resolved feasibility,,,0.0,9999.999999999998,Current feasibility,1.0,,0.2254608292784645,0.1985718364936877,0.3749327940482061,0.0,234.77746253352095,moderate,234.77746253352095,,0.245944074757741,2459.4407475774096,234.77746253352095,,,,0.0,,2459.4407475774096,0.0234777462533521,,40013,"[""C001""]",,,1.0,0.0,3.0,2459.440747577409,asymmetric,2224.6632850438887,,7540.5592524225885,202.39940065796677,1.0,0.0,48.0,3689.161121366116,2459.4407475774096,0.9999999999999997,0.9999999999999998
,,greedy_local_search,3226.2524599151698,2,exp3:asymmetric:f4.0:v1.0:r014,1.0,3.0,1156.154938372766,,,hardening:asymmetric:r014,3,,,2023.338866610684,4.0,catalog/geography,,,0.0,10000.0,Catalog + geography,0.0,,0.1712822130922616,0.0,0.0,1371.7805681526618,48.52449443725163,moderate,-1323.25607371541,,0.0770769958915177,770.7699589151773,-1323.25607371541,,,,0.0,,770.7699589151773,-0.132325607371541,,40014,"[""C002""]",,,1.0,0.0,3.0,770.7699589151773,asymmetric,2094.0260326305875,,9229.23004108482,70.68716601990369,1.0,0.0,48.0,3532.054729983236,2354.7031533221584,0.3273321131063712,0.32733211310637106
,,greedy_local_search,3226.2524599151698,2,exp3:asymmetric:f4.0:v1.0:r014,0.0,3.0,0.0,,,hardening:asymmetric:r014,3,,,0.0,4.0,truthful resolved feasibility,,,0.0,10000.0,Current feasibility,0.0,,0.0,0.0,0.0,0.0,0.0,moderate,0.0,,0.0,0.0,0.0,,,,0.0,,0.0,0.0,,40014,[],,,0.0,0.0,3.0,0.0,asymmetric,0.0,,9999.999999999998,0.0,1.0,1.0,48.0,0.0,0.0,0.0,0.0
,,greedy_local_search,3183.9642388539933,2,exp3:asymmetric:f4.0:v1.0:r015,0.0,3.0,0.0,,,hardening:asymmetric:r015,3,,,0.0,4.0,catalog/geography,,,0.0,10000.000000000002,Catalog + geography,0.0,,0.0,0.0,0.0,0.0,0.0,moderate,0.0,,0.0,0.0,0.0,,,,0.0,,0.0,0.0,,40015,[],,,0.0,0.0,3.0,0.0,asymmetric,0.0,,10000.0,0.0,1.0,1.0,48.0,0.0,0.0,0.0,0.0
,,greedy_local_search,3183.9642388539933,2,exp3:asymmetric:f4.0:v1.0:r015,0.0,3.0,0.0,,,hardening:asymmetric:r015,3,,,0.0,4.0,truthful resolved feasibility,,,0.0,10000.000000000002,Current feasibility,0.0,,0.0,0.0,0.0,0.0,0.0,moderate,0.0,,0.0,0.0,0.0,,,,0.0,,0.0,0.0,,40015,[],,,0.0,0.0,3.0,0.0,asymmetric,0.0,,10000.0,0.0,1.0,1.0,48.0,0.0,0.0,0.0,0.0
,,greedy_local_search,3191.431769562457,2,exp3:asymmetric:f4.0:v1.0:r016,0.0,3.0,0.0,,,hardening:asymmetric:r016,3,,,0.0,4.0,catalog/geography,,,0.0,10000.000000000004,Catalog + geography,0.0,,0.0,0.0,0.0,0.0,0.0,moderate,0.0,,0.0,0.0,0.0,,,,0.0,,0.0,0.0,,40016,[],,,0.0,0.0,3.0,0.0,asymmetric,0.0,,10000.0,0.0,1.0,1.0,48.0,0.0,0.0,0.0,0.0
,,greedy_local_search,3191.431769562457,2,exp3:asymmetric:f4.0:v1.0:r016,0.0,3.0,0.0,,,hardening:asymmetric:r016,3,,,0.0,4.0,truthful resolved feasibility,,,0.0,10000.000000000004,Current feasibility,0.0,,0.0,0.0,0.0,0.0,0.0,moderate,0.0,,0.0,0.0,0.0,,,,0.0,,0.0,0.0,,40016,[],,,0.0,0.0,3.0,0.0,asymmetric,0.0,,10000.0,0.0,1.0,1.0,48.0,0.0,0.0,0.0,0.0
,,greedy_local_search,3139.619133310156,2,exp3:asymmetric:f4.0:v1.0:r017,0.0,3.0,0.0,,,hardening:asymmetric:r017,3,,,0.0,4.0,catalog/geography,,,0.0,9999.999999999998,Catalog + geography,0.0,,0.0,0.0,0.0,0.0,0.0,moderate,0.0,,0.0,0.0,0.0,,,,0.0,,0.0,0.0,,40017,[],,,0.0,0.0,3.0,0.0,asymmetric,0.0,,10000.0,0.0,1.0,1.0,48.0,0.0,0.0,0.0,0.0
,,greedy_local_search,3139.619133310156,2,exp3:asymmetric:f4.0:v1.0:r017,0.0,3.0,0.0,,,hardening:asymmetric:r017,3,,,0.0,4.0,truthful resolved feasibility,,,0.0,9999.999999999998,Current feasibility,0.0,,0.0,0.0,0.0,0.0,0.0,moderate,0.0,,0.0,0.0,0.0,,,,0.0,,0.0,0.0,,40017,[],,,0.0,0.0,3.0,0.0,asymmetric,0.0,,10000.0,0.0,1.0,1.0,48.0,0.0,0.0,0.0,0.0
,,greedy_local_search,3122.2820399652,2,exp3:asymmetric:f4.0:v1.0:r018,1.0,3.0,1455.3828280281575,,,hardening:asymmetric:r018,3,,,2135.3414790448546,4.0,catalog/geography,,,0.0,10000.000000000002,Catalog + geography,1.0,,0.025908121488264,0.2158828029890161,0.0490394307633468,1280.6115726737353,30.025377616231253,moderate,-1250.586195057504,,0.0970255218685438,970.2552186854384,-1250.586195057504,,,,0.0,,970.2552186854384,-0.1250586195057503,,40018,"[""C000""]",,,1.0,0.0,3.0,970.2552186854384,asymmetric,2220.841413742942,,9029.744781314565,85.4999346980874,1.0,0.0,48.0,3643.78631528347,2429.1908768556464,0.39941497719658003,0.3994149771965801
,,greedy_local_search,3122.2820399652,2,exp3:asymmetric:f4.0:v1.0:r018,0.0,3.0,0.0,,,hardening:asymmetric:r018,3,,,0.0,4.0,truthful resolved feasibility,,,0.0,10000.000000000002,Current feasibility,0.0,,0.0,0.0,0.0,0.0,0.0,moderate,0.0,,0.0,0.0,0.0,,,,0.0,,0.0,0.0,,40018,[],,,0.0,0.0,3.0,0.0,asymmetric,0.0,,10000.0,0.0,1.0,1.0,48.0,0.0,0.0,0.0,0.0
,,greedy_local_search,3154.233279599062,2,exp3:asymmetric:f4.0:v1.0:r019,0.0,3.0,0.0,,,hardening:asymmetric:r019,3,,,0.0,4.0,catalog/geography,,,0.0,9999.999999999998,Catalog + geography,0.0,,0.0,0.0,0.0,0.0,0.0,moderate,0.0,,0.0,0.0,0.0,,,,0.0,,0.0,0.0,,40019,[],,,0.0,0.0,3.0,0.0,asymmetric,0.0,,10000.0,0.0,1.0,1.0,48.0,0.0,0.0,0.0,0.0
,,greedy_local_search,3154.233279599062,2,exp3:asymmetric:f4.0:v1.0:r019,0.0,3.0,0.0,,,hardening:asymmetric:r019,3,,,0.0,4.0,truthful resolved feasibility,,,0.0,9999.999999999998,Current feasibility,0.0,,0.0,0.0,0.0,0.0,0.0,moderate,0.0,,0.0,0.0,0.0,,,,0.0,,0.0,0.0,,40019,[],,,0.0,0.0,3.0,0.0,asymmetric,0.0,,10000.0,0.0,1.0,1.0,48.0,0.0,0.0,0.0,0.0
,,greedy_local_search,3178.14460467704,2,exp3:asymmetric:f4.0:v2.0:r000,0.0,3.0,0.0,,,hardening:asymmetric:r000,3,,,0.0,4.0,catalog/geography,,,0.0,9999.999999999996,Catalog + geography,0.0,,0.0,0.0,0.0,0.0,0.0,moderate,0.0,,0.0,0.0,0.0,,,,0.0,,0.0,0.0,,40000,[],,,0.0,0.0,3.0,0.0,asymmetric,0.0,,10000.0,0.0,2.0,1.0,48.0,0.0,0.0,0.0,0.0
,,greedy_local_search,3178.14460467704,2,exp3:asymmetric:f4.0:v2.0:r000,0.0,3.0,0.0,,,hardening:asymmetric:r000,3,,,0.0,4.0,truthful resolved feasibility,,,0.0,9999.999999999996,Current feasibility,0.0,,0.0,0.0,0.0,0.0,0.0,moderate,0.0,,0.0,0.0,0.0,,,,0.0,,0.0,0.0,,40000,[],,,0.0,0.0,3.0,0.0,asymmetric,0.0,,10000.0,0.0,2.0,1.0,48.0,0.0,0.0,0.0,0.0
,,greedy_local_search,3160.754947153236,2,exp3:asymmetric:f4.0:v2.0:r001,0.0,3.0,0.0,,,hardening:asymmetric:r001,3,,,0.0,4.0,catalog/geography,,,0.0,10000.0,Catalog + geography,0.0,,0.0,0.0,0.0,0.0,0.0,moderate,0.0,,0.0,0.0,0.0,,,,0.0,,0.0,0.0,,40001,[],,,0.0,0.0,3.0,0.0,asymmetric,0.0,,10000.0,0.0,2.0,1.0,48.0,0.0,0.0,0.0,0.0
,,greedy_local_search,3160.754947153236,2,exp3:asymmetric:f4.0:v2.0:r001,0.0,3.0,0.0,,,hardening:asymmetric:r001,3,,,0.0,4.0,truthful resolved feasibility,,,0.0,10000.0,Current feasibility,0.0,,0.0,0.0,0.0,0.0,0.0,moderate,0.0,,0.0,0.0,0.0,,,,0.0,,0.0,0.0,,40001,[],,,0.0,0.0,3.0,0.0,asymmetric,0.0,,10000.0,0.0,2.0,1.0,48.0,0.0,0.0,0.0,0.0
,,greedy_local_search,3133.056593146416,2,exp3:asymmetric:f4.0:v2.0:r002,0.0,3.0,0.0,,,hardening:asymmetric:r002,3,,,0.0,4.0,catalog/geography,,,0.0,10000.000000000002,Catalog + geography,0.0,,0.0,0.0,0.0,0.0,0.0,moderate,0.0,,0.0,0.0,0.0,,,,0.0,,0.0,0.0,,40002,[],,,0.0,0.0,3.0,0.0,asymmetric,0.0,,10000.000000000002,0.0,2.0,1.0,48.0,0.0,0.0,0.0,0.0
,,greedy_local_search,3133.056593146416,2,exp3:asymmetric:f4.0:v2.0:r002,0.0,3.0,0.0,,,hardening:asymmetric:r002,3,,,0.0,4.0,truthful resolved feasibility,,,0.0,10000.000000000002,Current feasibility,0.0,,0.0,0.0,0.0,0.0,0.0,moderate,0.0,,0.0,0.0,0.0,,,,0.0,,0.0,0.0,,40002,[],,,0.0,0.0,3.0,0.0,asymmetric,0.0,,10000.000000000002,0.0,2.0,1.0,48.0,0.0,0.0,0.0,0.0
,,greedy_local_search,3160.085619378712,2,exp3:asymmetric:f4.0:v2.0:r003,0.0,3.0,0.0,,,hardening:asymmetric:r003,3,,,0.0,4.0,catalog/geography,,,0.0,10000.000000000002,Catalog + geography,0.0,,0.0,0.0,0.0,0.0,0.0,moderate,0.0,,0.0,0.0,0.0,,,,0.0,,0.0,0.0,,40003,[],,,0.0,0.0,3.0,0.0,asymmetric,0.0,,10000.0,0.0,2.0,1.0,48.0,0.0,0.0,0.0,0.0
,,greedy_local_search,3160.085619378712,2,exp3:asymmetric:f4.0:v2.0:r003,0.0,3.0,0.0,,,hardening:asymmetric:r003,3,,,0.0,4.0,truthful resolved feasibility,,,0.0,10000.000000000002,Current feasibility,0.0,,0.0,0.0,0.0,0.0,0.0,moderate,0.0,,0.0,0.0,0.0,,,,0.0,,0.0,0.0,,40003,[],,,0.0,0.0,3.0,0.0,asymmetric,0.0,,10000.0,0.0,2.0,1.0,48.0,0.0,0.0,0.0,0.0
,,greedy_local_search,3189.1083616392616,2,exp3:asymmetric:f4.0:v2.0:r004,0.0,3.0,0.0,,,hardening:asymmetric:r004,3,,,0.0,4.0,catalog/geography,,,0.0,9999.999999999998,Catalog + geography,0.0,,0.0,0.0,0.0,0.0,0.0,moderate,0.0,,0.0,0.0,0.0,,,,0.0,,0.0,0.0,,40004,[],,,0.0,0.0,3.0,0.0,asymmetric,0.0,,10000.0,0.0,2.0,1.0,48.0,0.0,0.0,0.0,0.0
,,greedy_local_search,3189.1083616392616,2,exp3:asymmetric:f4.0:v2.0:r004,0.0,3.0,0.0,,,hardening:asymmetric:r004,3,,,0.0,4.0,truthful resolved feasibility,,,0.0,9999.999999999998,Current feasibility,0.0,,0.0,0.0,0.0,0.0,0.0,moderate,0.0,,0.0,0.0,0.0,,,,0.0,,0.0,0.0,,40004,[],,,0.0,0.0,3.0,0.0,asymmetric,0.0,,10000.0,0.0,2.0,1.0,48.0,0.0,0.0,0.0,0.0
,,greedy_local_search,3216.051041216963,2,exp3:asymmetric:f4.0:v2.0:r005,0.0,3.0,0.0,,,hardening:asymmetric:r005,3,,,0.0,4.0,catalog/geography,,,0.0,10000.0,Catalog + geography,0.0,,0.0,0.0,0.0,0.0,0.0,moderate,0.0,,0.0,0.0,0.0,,,,0.0,,0.0,0.0,,40005,[],,,0.0,0.0,3.0,0.0,asymmetric,0.0,,10000.0,0.0,2.0,1.0,48.0,0.0,0.0,0.0,0.0
,,greedy_local_search,3216.051041216963,2,exp3:asymmetric:f4.0:v2.0:r005,0.0,3.0,0.0,,,hardening:asymmetric:r005,3,,,0.0,4.0,truthful resolved feasibility,,,0.0,10000.0,Current feasibility,0.0,,0.0,0.0,0.0,0.0,0.0,moderate,0.0,,0.0,0.0,0.0,,,,0.0,,0.0,0.0,,40005,[],,,0.0,0.0,3.0,0.0,asymmetric,0.0,,10000.0,0.0,2.0,1.0,48.0,0.0,0.0,0.0,0.0
,,greedy_local_search,3105.939528570514,2,exp3:asymmetric:f4.0:v2.0:r006,0.0,3.0,0.0,,,hardening:asymmetric:r006,3,,,0.0,4.0,catalog/geography,,,0.0,9999.999999999998,Catalog + geography,0.0,,0.0,0.0,0.0,0.0,0.0,moderate,0.0,,0.0,0.0,0.0,,,,0.0,,0.0,0.0,,40006,[],,,0.0,0.0,3.0,0.0,asymmetric,0.0,,10000.0,0.0,2.0,1.0,48.0,0.0,0.0,0.0,0.0
,,greedy_local_search,3105.939528570514,2,exp3:asymmetric:f4.0:v2.0:r006,0.0,3.0,0.0,,,hardening:asymmetric:r006,3,,,0.0,4.0,truthful resolved feasibility,,,0.0,9999.999999999998,Current feasibility,0.0,,0.0,0.0,0.0,0.0,0.0,moderate,0.0,,0.0,0.0,0.0,,,,0.0,,0.0,0.0,,40006,[],,,0.0,0.0,3.0,0.0,asymmetric,0.0,,10000.0,0.0,2.0,1.0,48.0,0.0,0.0,0.0,0.0
,,greedy_local_search,3145.357852427541,2,exp3:asymmetric:f4.0:v2.0:r007,0.0,3.0,0.0,,,hardening:asymmetric:r007,3,,,0.0,4.0,catalog/geography,,,0.0,9999.999999999998,Catalog + geography,0.0,,0.0,0.0,0.0,0.0,0.0,moderate,0.0,,0.0,0.0,0.0,,,,0.0,,0.0,0.0,,40007,[],,,0.0,0.0,3.0,0.0,asymmetric,0.0,,10000.0,0.0,2.0,1.0,48.0,0.0,0.0,0.0,0.0
,,greedy_local_search,3145.357852427541,2,exp3:asymmetric:f4.0:v2.0:r007,0.0,3.0,0.0,,,hardening:asymmetric:r007,3,,,0.0,4.0,truthful resolved feasibility,,,0.0,9999.999999999998,Current feasibility,0.0,,0.0,0.0,0.0,0.0,0.0,moderate,0.0,,0.0,0.0,0.0,,,,0.0,,0.0,0.0,,40007,[],,,0.0,0.0,3.0,0.0,asymmetric,0.0,,10000.0,0.0,2.0,1.0,48.0,0.0,0.0,0.0,0.0
,,greedy_local_search,3186.473778113356,2,exp3:asymmetric:f4.0:v2.0:r008,0.0,3.0,0.0,,,hardening:asymmetric:r008,3,,,0.0,4.0,catalog/geography,,,0.0,9999.999999999998,Catalog + geography,0.0,,0.0,0.0,0.0,0.0,0.0,moderate,0.0,,0.0,0.0,0.0,,,,0.0,,0.0,0.0,,40008,[],,,0.0,0.0,3.0,0.0,asymmetric,0.0,,9999.999999999998,0.0,2.0,1.0,48.0,0.0,0.0,0.0,0.0
,,greedy_local_search,3186.473778113356,2,exp3:asymmetric:f4.0:v2.0:r008,0.0,3.0,0.0,,,hardening:asymmetric:r008,3,,,0.0,4.0,truthful resolved feasibility,,,0.0,9999.999999999998,Current feasibility,0.0,,0.0,0.0,0.0,0.0,0.0,moderate,0.0,,0.0,0.0,0.0,,,,0.0,,0.0,0.0,,40008,[],,,0.0,0.0,3.0,0.0,asymmetric,0.0,,9999.999999999998,0.0,2.0,1.0,48.0,0.0,0.0,0.0,0.0
,,greedy_local_search,3182.8115459264554,2,exp3:asymmetric:f4.0:v2.0:r009,0.0,3.0,0.0,,,hardening:asymmetric:r009,3,,,0.0,4.0,catalog/geography,,,0.0,10000.0,Catalog + geography,0.0,,0.0,0.0,0.0,0.0,0.0,moderate,0.0,,0.0,0.0,0.0,,,,0.0,,0.0,0.0,,40009,[],,,0.0,0.0,3.0,0.0,asymmetric,0.0,,10000.0,0.0,2.0,1.0,48.0,0.0,0.0,0.0,0.0
,,greedy_local_search,3182.8115459264554,2,exp3:asymmetric:f4.0:v2.0:r009,0.0,3.0,0.0,,,hardening:asymmetric:r009,3,,,0.0,4.0,truthful resolved feasibility,,,0.0,10000.0,Current feasibility,0.0,,0.0,0.0,0.0,0.0,0.0,moderate,0.0,,0.0,0.0,0.0,,,,0.0,,0.0,0.0,,40009,[],,,0.0,0.0,3.0,0.0,asymmetric,0.0,,10000.0,0.0,2.0,1.0,48.0,0.0,0.0,0.0,0.0
,,greedy_local_search,3145.9474472763204,2,exp3:asymmetric:f4.0:v2.0:r010,1.0,3.0,121.20585089641466,,,hardening:asymmetric:r010,3,,,1920.657307417083,4.0,catalog/geography,,,0.0,10000.0,Catalog + geography,0.0,,0.0179564223550243,0.0,0.0,1867.002642081392,10.088587967558851,moderate,-1856.9140541138331,,0.0080803900597609,80.80390059760977,-1856.9140541138331,,,,0.0,,80.80390059760977,-0.1856914054113833,,40010,"[""C002""]",,,1.0,0.0,3.0,80.80390059760977,asymmetric,1937.717954711443,,9919.196099402392,17.060647294360024,2.0,0.0,48.0,3529.9738586333606,2353.3159057555736,0.03433618937431447,0.03433618937431447
,,greedy_local_search,3145.9474472763204,2,exp3:asymmetric:f4.0:v2.0:r010,0.0,3.0,0.0,,,hardening:asymmetric:r010,3,,,0.0,4.0,truthful resolved feasibility,,,0.0,10000.0,Current feasibility,0.0,,0.0,0.0,0.0,0.0,0.0,moderate,0.0,,0.0,0.0,0.0,,,,0.0,,0.0,0.0,,40010,[],,,0.0,0.0,3.0,0.0,asymmetric,0.0,,10000.000000000002,0.0,2.0,1.0,48.0,0.0,0.0,0.0,0.0
,,greedy_local_search,3167.666805407142,2,exp3:asymmetric:f4.0:v2.0:r011,0.0,3.0,0.0,,,hardening:asymmetric:r011,3,,,0.0,4.0,catalog/geography,,,0.0,10000.000000000002,Catalog + geography,0.0,,0.0,0.0,0.0,0.0,0.0,moderate,0.0,,0.0,0.0,0.0,,,,0.0,,0.0,0.0,,40011,[],,,0.0,0.0,3.0,0.0,asymmetric,0.0,,10000.0,0.0,2.0,1.0,48.0,0.0,0.0,0.0,0.0
,,greedy_local_search,3167.666805407142,2,exp3:asymmetric:f4.0:v2.0:r011,0.0,3.0,0.0,,,hardening:asymmetric:r011,3,,,0.0,4.0,truthful resolved feasibility,,,0.0,10000.000000000002,Current feasibility,0.0,,0.0,0.0,0.0,0.0,0.0,moderate,0.0,,0.0,0.0,0.0,,,,0.0,,0.0,0.0,,40011,[],,,0.0,0.0,3.0,0.0,asymmetric,0.0,,10000.0,0.0,2.0,1.0,48.0,0.0,0.0,0.0,0.0
,,greedy_local_search,3192.8536656157503,2,exp3:asymmetric:f4.0:v2.0:r012,0.0,3.0,0.0,,,hardening:asymmetric:r012,3,,,0.0,4.0,catalog/geography,,,0.0,10000.000000000004,Catalog + geography,0.0,,0.0,0.0,0.0,0.0,0.0,moderate,0.0,,0.0,0.0,0.0,,,,0.0,,0.0,0.0,,40012,[],,,0.0,0.0,3.0,0.0,asymmetric,0.0,,10000.0,0.0,2.0,1.0,48.0,0.0,0.0,0.0,0.0
,,greedy_local_search,3192.8536656157503,2,exp3:asymmetric:f4.0:v2.0:r012,0.0,3.0,0.0,,,hardening:asymmetric:r012,3,,,0.0,4.0,truthful resolved feasibility,,,0.0,10000.000000000004,Current feasibility,0.0,,0.0,0.0,0.0,0.0,0.0,moderate,0.0,,0.0,0.0,0.0,,,,0.0,,0.0,0.0,,40012,[],,,0.0,0.0,3.0,0.0,asymmetric,0.0,,10000.0,0.0,2.0,1.0,48.0,0.0,0.0,0.0,0.0
,,greedy_local_search,3215.031053233879,2,exp3:asymmetric:f4.0:v2.0:r013,1.0,3.0,3689.1611213661145,,,hardening:asymmetric:r013,3,,,2022.263884385922,4.0,catalog/geography,,,0.0,9999.999999999998,Catalog + geography,1.0,,0.2254608292784645,0.1985718364936877,0.3749327940482061,2.506221035235285,34.88428291078935,moderate,32.37806187555407,,0.245944074757741,2459.4407475774096,32.37806187555407,,,,0.0,,2459.4407475774096,0.0032378061875554,,40013,"[""C001""]",,,1.0,0.0,3.0,2459.440747577409,asymmetric,2427.062685701856,,7540.5592524225885,404.7988013159335,2.0,0.0,48.0,3689.161121366116,2459.4407475774096,0.9999999999999997,0.9999999999999998
,,greedy_local_search,3215.031053233879,2,exp3:asymmetric:f4.0:v2.0:r013,1.0,3.0,3689.1611213661145,,,hardening:asymmetric:r013,3,,,2022.263884385922,4.0,truthful resolved feasibility,,,0.0,9999.999999999998,Current feasibility,1.0,,0.2254608292784645,0.1985718364936877,0.3749327940482061,0.0,32.37806187555407,moderate,32.37806187555407,,0.245944074757741,2459.4407475774096,32.37806187555407,,,,0.0,,2459.4407475774096,0.0032378061875554,,40013,"[""C001""]",,,1.0,0.0,3.0,2459.440747577409,asymmetric,2427.062685701856,,7540.5592524225885,404.7988013159335,2.0,0.0,48.0,3689.161121366116,2459.4407475774096,0.9999999999999997,0.9999999999999998
,,greedy_local_search,3226.2524599151698,2,exp3:asymmetric:f4.0:v2.0:r014,0.0,3.0,0.0,,,hardening:asymmetric:r014,3,,,0.0,4.0,catalog/geography,,,0.0,10000.0,Catalog + geography,0.0,,0.0,0.0,0.0,0.0,0.0,moderate,0.0,,0.0,0.0,0.0,,,,0.0,,0.0,0.0,,40014,[],,,0.0,0.0,3.0,0.0,asymmetric,0.0,,9999.999999999998,0.0,2.0,1.0,48.0,0.0,0.0,0.0,0.0
,,greedy_local_search,3226.2524599151698,2,exp3:asymmetric:f4.0:v2.0:r014,0.0,3.0,0.0,,,hardening:asymmetric:r014,3,,,0.0,4.0,truthful resolved feasibility,,,0.0,10000.0,Current feasibility,0.0,,0.0,0.0,0.0,0.0,0.0,moderate,0.0,,0.0,0.0,0.0,,,,0.0,,0.0,0.0,,40014,[],,,0.0,0.0,3.0,0.0,asymmetric,0.0,,9999.999999999998,0.0,2.0,1.0,48.0,0.0,0.0,0.0,0.0
,,greedy_local_search,3183.9642388539933,2,exp3:asymmetric:f4.0:v2.0:r015,0.0,3.0,0.0,,,hardening:asymmetric:r015,3,,,0.0,4.0,catalog/geography,,,0.0,10000.000000000002,Catalog + geography,0.0,,0.0,0.0,0.0,0.0,0.0,moderate,0.0,,0.0,0.0,0.0,,,,0.0,,0.0,0.0,,40015,[],,,0.0,0.0,3.0,0.0,asymmetric,0.0,,10000.0,0.0,2.0,1.0,48.0,0.0,0.0,0.0,0.0
,,greedy_local_search,3183.9642388539933,2,exp3:asymmetric:f4.0:v2.0:r015,0.0,3.0,0.0,,,hardening:asymmetric:r015,3,,,0.0,4.0,truthful resolved feasibility,,,0.0,10000.000000000002,Current feasibility,0.0,,0.0,0.0,0.0,0.0,0.0,moderate,0.0,,0.0,0.0,0.0,,,,0.0,,0.0,0.0,,40015,[],,,0.0,0.0,3.0,0.0,asymmetric,0.0,,10000.0,0.0,2.0,1.0,48.0,0.0,0.0,0.0,0.0
,,greedy_local_search,3191.431769562457,2,exp3:asymmetric:f4.0:v2.0:r016,0.0,3.0,0.0,,,hardening:asymmetric:r016,3,,,0.0,4.0,catalog/geography,,,0.0,10000.000000000004,Catalog + geography,0.0,,0.0,0.0,0.0,0.0,0.0,moderate,0.0,,0.0,0.0,0.0,,,,0.0,,0.0,0.0,,40016,[],,,0.0,0.0,3.0,0.0,asymmetric,0.0,,10000.0,0.0,2.0,1.0,48.0,0.0,0.0,0.0,0.0
,,greedy_local_search,3191.431769562457,2,exp3:asymmetric:f4.0:v2.0:r016,0.0,3.0,0.0,,,hardening:asymmetric:r016,3,,,0.0,4.0,truthful resolved feasibility,,,0.0,10000.000000000004,Current feasibility,0.0,,0.0,0.0,0.0,0.0,0.0,moderate,0.0,,0.0,0.0,0.0,,,,0.0,,0.0,0.0,,40016,[],,,0.0,0.0,3.0,0.0,asymmetric,0.0,,10000.0,0.0,2.0,1.0,48.0,0.0,0.0,0.0,0.0
,,greedy_local_search,3139.619133310156,2,exp3:asymmetric:f4.0:v2.0:r017,0.0,3.0,0.0,,,hardening:asymmetric:r017,3,,,0.0,4.0,catalog/geography,,,0.0,9999.999999999998,Catalog + geography,0.0,,0.0,0.0,0.0,0.0,0.0,moderate,0.0,,0.0,0.0,0.0,,,,0.0,,0.0,0.0,,40017,[],,,0.0,0.0,3.0,0.0,asymmetric,0.0,,10000.0,0.0,2.0,1.0,48.0,0.0,0.0,0.0,0.0
,,greedy_local_search,3139.619133310156,2,exp3:asymmetric:f4.0:v2.0:r017,0.0,3.0,0.0,,,hardening:asymmetric:r017,3,,,0.0,4.0,truthful resolved feasibility,,,0.0,9999.999999999998,Current feasibility,0.0,,0.0,0.0,0.0,0.0,0.0,moderate,0.0,,0.0,0.0,0.0,,,,0.0,,0.0,0.0,,40017,[],,,0.0,0.0,3.0,0.0,asymmetric,0.0,,10000.0,0.0,2.0,1.0,48.0,0.0,0.0,0.0,0.0
,,greedy_local_search,3122.2820399652,2,exp3:asymmetric:f4.0:v2.0:r018,0.0,3.0,0.0,,,hardening:asymmetric:r018,3,,,0.0,4.0,catalog/geography,,,0.0,10000.000000000002,Catalog + geography,0.0,,0.0,0.0,0.0,0.0,0.0,moderate,0.0,,0.0,0.0,0.0,,,,0.0,,0.0,0.0,,40018,[],,,0.0,0.0,3.0,0.0,asymmetric,0.0,,10000.0,0.0,2.0,1.0,48.0,0.0,0.0,0.0,0.0
,,greedy_local_search,3122.2820399652,2,exp3:asymmetric:f4.0:v2.0:r018,0.0,3.0,0.0,,,hardening:asymmetric:r018,3,,,0.0,4.0,truthful resolved feasibility,,,0.0,10000.000000000002,Current feasibility,0.0,,0.0,0.0,0.0,0.0,0.0,moderate,0.0,,0.0,0.0,0.0,,,,0.0,,0.0,0.0,,40018,[],,,0.0,0.0,3.0,0.0,asymmetric,0.0,,10000.0,0.0,2.0,1.0,48.0,0.0,0.0,0.0,0.0
,,greedy_local_search,3154.233279599062,2,exp3:asymmetric:f4.0:v2.0:r019,0.0,3.0,0.0,,,hardening:asymmetric:r019,3,,,0.0,4.0,catalog/geography,,,0.0,9999.999999999998,Catalog + geography,0.0,,0.0,0.0,0.0,0.0,0.0,moderate,0.0,,0.0,0.0,0.0,,,,0.0,,0.0,0.0,,40019,[],,,0.0,0.0,3.0,0.0,asymmetric,0.0,,10000.0,0.0,2.0,1.0,48.0,0.0,0.0,0.0,0.0
,,greedy_local_search,3154.233279599062,2,exp3:asymmetric:f4.0:v2.0:r019,0.0,3.0,0.0,,,hardening:asymmetric:r019,3,,,0.0,4.0,truthful resolved feasibility,,,0.0,9999.999999999998,Current feasibility,0.0,,0.0,0.0,0.0,0.0,0.0,moderate,0.0,,0.0,0.0,0.0,,,,0.0,,0.0,0.0,,40019,[],,,0.0,0.0,3.0,0.0,asymmetric,0.0,,10000.0,0.0,2.0,1.0,48.0,0.0,0.0,0.0,0.0
,,greedy_local_search,3167.1915373627367,2,exp3:multi_hotspot:f0.5:v0.5:r000,1.0,3.0,13574.96632366299,,,hardening:multi_hotspot:r000,3,,,1473.3165881835405,0.5,catalog/geography,,,4.0,10000.0,Catalog + geography,9.0,,0.9244005260567036,0.8887287101240232,0.8898123482097062,873.2803859650603,7823.922577581242,moderate,6950.642191616182,,0.904997754910866,9049.97754910866,6950.642191616182,,,,6.0,,9049.977549108658,0.6950642191616182,,40000,"[""L014"", ""L018"", ""L022"", ""L027"", ""R000"", ""R002"", ""R004"", ""R005"", ""R007"", ""R008"", ""C001""]",,,11.0,0.0,3.0,9049.977549108658,multi_hotspot,2099.3353574924763,,950.0224508913406,626.0187693089362,0.5,0.0,48.0,15012.271023189018,10008.180682126016,0.9042580101767503,0.9042580101767499
,,greedy_local_search,3167.1915373627367,2,exp3:multi_hotspot:f0.5:v0.5:r000,1.0,3.0,15000.0,,,hardening:multi_hotspot:r000,3,,,1487.162333790588,0.5,truthful resolved feasibility,,,4.0,10000.0,Current feasibility,11.0,,1.0,1.0,1.0,0.0,7806.3189429769245,moderate,7806.3189429769245,,1.0,10000.0,7806.3189429769245,,,,6.0,,10000.0,0.7806318942976924,,40000,"[""L014"", ""L018"", ""L030"", ""L033"", ""R000"", ""R002"", ""R004"", ""R005"", ""R006"", ""R007"", ""C001""]",,,11.0,0.0,3.0,10000.0,multi_hotspot,2193.681057023076,,1.5631940186722204e-13,706.5187232324879,0.5,0.0,48.0,15003.168994393487,10002.112662928996,0.9997887783311198,0.9997887783311195
,,greedy_local_search,3142.794055820548,2,exp3:multi_hotspot:f0.5:v0.5:r001,2.0,3.0,10780.640143772083,,,hardening:multi_hotspot:r001,3,,,1436.6367508016156,0.5,catalog/geography,,,2.0,10000.0,Catalog + geography,6.0,,0.7091096356382116,0.7777666620519784,0.636958375813757,2665.686057655372,7953.727313024612,moderate,5288.04125536924,,0.718709342918139,7187.09342918139,5288.04125536924,,,,5.0,,7187.093429181391,0.528804125536924,,40001,"[""L000"", ""L009"", ""R001"", ""R002"", ""R004"", ""R005"", ""R007"", ""C001"", ""C002""]",,,9.0,300.83687437077646,3.0,7187.093429181391,multi_hotspot,1899.0521738121504,,2812.90657081861,462.415423010535,0.5,0.0,48.0,15145.030193472456,10096.6867956483,0.7118269165563345,0.7118269165563349
,,greedy_local_search,3142.794055820548,2,exp3:multi_hotspot:f0.5:v0.5:r001,2.0,3.0,14934.632359397316,,,hardening:multi_hotspot:r001,3,,,1520.2307815523093,0.5,truthful resolved feasibility,,,1.0,10000.0,Current feasibility,9.0,,1.0,1.0,0.978210786465772,0.0,7781.16638535445,moderate,7781.16638535445,,0.9956421572931544,9956.421572931544,7781.16638535445,,,,6.0,,9956.421572931544,0.7781166385354451,,40001,"[""L015"", ""R000"", ""R001"", ""R002"", ""R004"", ""R006"", ""R008"", ""C000"", ""C001""]",,,9.0,0.0,3.0,9956.421572931544,multi_hotspot,2175.2551875770937,,43.578427068456286,655.0244060247843,0.5,0.0,48.0,15405.416973611798,10270.277982407864,0.9694403199198763,0.9694403199198764
,,greedy_local_search,3131.918120974454,2,exp3:multi_hotspot:f0.5:v0.5:r002,1.0,3.0,12592.77695804917,,,hardening:multi_hotspot:r002,3,,,1477.375468774344,0.5,catalog/geography,,,4.0,10000.000000000002,Catalog + geography,8.0,,0.7277821655751023,0.9431056996007944,0.9096474725043516,1494.3518963345389,7825.196279582909,moderate,6330.844383248371,,0.8395184638699446,8395.184638699446,6330.844383248371,,,,6.0,,8395.184638699444,0.633084438324837,,40002,"[""L006"", ""L016"", ""L020"", ""L031"", ""R000"", ""R001"", ""R003"", ""R004"", ""R005"", ""R006"", ""C001""]",,,11.0,0.0,3.0,8395.184638699446,multi_hotspot,2064.340255451073,,1604.8153613005566,586.9647866767289,0.5,0.0,48.0,15006.765974761907,10004.51064984127,0.8391399572184615,0.8391399572184616
,,greedy_local_search,3131.918120974454,2,exp3:multi_hotspot:f0.5:v0.5:r002,1.0,3.0,14996.17227904692,,,hardening:multi_hotspot:r002,3,,,1655.7211521711995,0.5,truthful resolved feasibility,,,6.0,10000.000000000002,Current feasibility,11.0,,0.9994329302291728,1.0,1.0,0.0,7612.299943519187,moderate,7612.299943519187,,0.999744818603128,9997.44818603128,7612.299943519187,,,,6.0,,9997.44818603128,0.7612299943519185,,40002,"[""L001"", ""L012"", ""L016"", ""L024"", ""L026"", ""L031"", ""R000"", ""R001"", ""R003"", ""R004"", ""R005"", ""R008"", ""C001""]",,,13.0,0.0,3.0,9997.44818603128,multi_hotspot,2385.148242512092,,2.55181396872176,729.4270903408926,0.5,0.0,48.0,16077.80795320327,10718.538635468845,0.9327249288395157,0.932724928839516
,,greedy_local_search,3097.6906149428264,2,exp3:multi_hotspot:f0.5:v0.5:r003,2.0,3.0,9619.185133477024,,,hardening:multi_hotspot:r003,3,,,1414.0757126966523,0.5,catalog/geography,,,4.0,10000.000000000002,Catalog + geography,6.0,,0.7192687375849666,0.5799076590963689,0.5732019815075213,3338.433090196492,7906.490154764935,moderate,4568.057064568443,,0.6412790088984683,6412.790088984683,4568.057064568443,,,,4.0,,6412.790088984684,0.4568057064568442,,40003,"[""L018"", ""L023"", ""L029"", ""L031"", ""R000"", ""R005"", ""R006"", ""R007"", ""C001"", ""C002""]",,,10.0,0.0,3.0,6412.790088984682,multi_hotspot,1844.733024416241,,3587.2099110153163,430.65731171958856,0.5,0.0,48.0,15086.358438639045,10057.572292426034,0.6376081525970146,0.6376081525970144
,,greedy_local_search,3097.6906149428264,2,exp3:multi_hotspot:f0.5:v0.5:r003,1.0,3.0,15000.0,,,hardening:multi_hotspot:r003,3,,,1620.650865139195,0.5,truthful resolved feasibility,,,10.0,10000.000000000002,Current feasibility,15.0,,1.0,1.0,1.0,0.0,7601.414948998217,moderate,7601.414948998217,,1.0,10000.0,7601.414948998217,,,,4.0,,10000.0,0.7601414948998216,,40003,"[""L002"", ""L006"", ""L009"", ""L012"", ""L015"", ""L018"", ""L019"", ""L023"", ""L025"", ""L029"", ""R001"", ""R004"", ""R005"", ""R007"", ""C001""]",,,15.0,0.0,3.0,10000.0,multi_hotspot,2398.585051001782,,-1.4210854715202004e-14,777.9341858625871,0.5,0.0,48.0,15797.420941059847,10531.61396070657,0.9495220805956224,0.9495220805956218
,,greedy_local_search,3168.841656308462,2,exp3:multi_hotspot:f0.5:v0.5:r004,2.0,3.0,8692.59810780191,,,hardening:multi_hotspot:r004,3,,,1349.2462999455784,0.5,catalog/geography,,,1.0,10000.0,Catalog + geography,7.0,,0.5621744092945535,0.5397629319845804,0.6880551507148754,3958.117197333251,8052.696942885832,moderate,4094.579745552581,,0.5795065405201273,5795.065405201273,4094.579745552581,,,,5.0,,5795.065405201273,0.409457974555258,,40004,"[""L023"", ""R002"", ""R003"", ""R004"", ""R007"", ""R008"", ""C001"", ""C002""]",,,8.0,0.0,3.0,5795.065405201274,multi_hotspot,1700.4856596486925,,4204.934594798727,351.2393597031142,0.5,0.0,48.0,14957.335024473621,9971.556682982417,0.5811595510549729,0.5811595510549727
,,greedy_local_search,3168.841656308462,2,exp3:multi_hotspot:f0.5:v0.5:r004,1.0,3.0,14865.27557383854,,,hardening:multi_hotspot:r004,3,,,1661.9463544821156,0.5,truthful resolved feasibility,,,8.0,10000.0,Current feasibility,14.0,,0.9800408257538576,1.0,1.0,0.0,7530.940350168702,moderate,7530.940350168702,,0.991018371589236,9910.18371589236,7530.940350168702,,,,5.0,,9910.18371589236,0.7530940350168702,,40004,"[""L005"", ""L012"", ""L015"", ""L019"", ""L023"", ""L024"", ""L025"", ""L033"", ""R000"", ""R001"", ""R006"", ""R007"", ""R008"", ""C001""]",,,14.0,0.0,3.0,9910.18371589236,multi_hotspot,2379.243365723657,,89.81628410764156,717.2970112415417,0.5,0.0,48.0,15565.131627697727,10376.754418465152,0.9550369331529576,0.9550369331529576
,,greedy_local_search,3121.037067074452,2,exp3:multi_hotspot:f0.5:v0.5:r005,2.0,3.0,10670.177687762569,,,hardening:multi_hotspot:r005,3,,,1432.9859059551773,0.5,catalog/geography,,,8.0,10000.0,Catalog + geography,10.0,,0.7592303493751177,0.6297830228658481,0.7463373198116069,2675.7149717009243,7793.145680237415,moderate,5117.430708536491,,0.7113451791841712,7113.451791841711,5117.430708536491,,,,2.0,,7113.451791841711,0.5117430708536491,,40005,"[""L006"", ""L010"", ""L011"", ""L012"", ""L020"", ""L028"", ""L031"", ""L032"", ""R002"", ""R006"", ""C001"", ""C002""]",,,12.0,0.0,3.0,7113.451791841711,multi_hotspot,1996.021083305221,,2886.548208158288,563.0351773500439,0.5,0.0,48.0,14985.47124549135,9990.314163660902,0.7120348444813095,0.7120348444813093
,,greedy_local_search,3121.037067074452,2,exp3:multi_hotspot:f0.5:v0.5:r005,1.0,3.0,15000.0,,,hardening:multi_hotspot:r005,3,,,1685.667023840742,0.5,truthful resolved feasibility,,,13.0,10000.0,Current feasibility,17.0,,1.0,1.0,1.0,0.0,7507.734081860332,moderate,7507.734081860332,,1.0,10000.0,7507.734081860332,,,,3.0,,10000.0,0.7507734081860331,,40005,"[""L010"", ""L011"", ""L012"", ""L013"", ""L018"", ""L020"", ""L022"", ""L027"", ""L028"", ""L031"", ""L032"", ""L033"", ""L034"", ""R002"", ""R004"", ""R008"", ""C001""]",,,17.0,0.0,3.0,9999.999999999998,multi_hotspot,2492.265918139669,,1.0658141036401505e-13,806.5988942989267,0.5,0.0,48.0,15553.500315512289,10369.000210341528,0.9644131350317167,0.9644131350317162
,,greedy_local_search,3057.222876742177,2,exp3:multi_hotspot:f0.5:v0.5:r006,2.0,3.0,8616.65962143641,,,hardening:multi_hotspot:r006,3,,,1336.4423386468295,0.5,catalog/geography,,,1.0,10000.0,Catalog + geography,6.0,,0.7380423812386676,0.3227099750189704,0.6468820597419368,4026.5194482615098,8063.500911033918,moderate,4036.981462772408,,0.5744439747624274,5744.439747624274,4036.981462772408,,,,5.0,,5744.439747624274,0.4036981462772408,,40006,"[""L006"", ""R000"", ""R004"", ""R005"", ""R006"", ""R007"", ""C001"", ""C002""]",,,8.0,0.0,3.0,5744.439747624274,multi_hotspot,1707.4582848518655,,4255.560252375726,371.015946205036,0.5,0.0,48.0,14977.009464530052,9984.672976353366,0.5753257779427319,0.575325777942732
,,greedy_local_search,3057.222876742177,2,exp3:multi_hotspot:f0.5:v0.5:r006,1.0,3.0,13319.729427140655,,,hardening:multi_hotspot:r006,3,,,1675.4225855597265,0.5,truthful resolved feasibility,,,11.0,10000.0,Current feasibility,15.0,,0.9982186175684736,0.8840204913005048,0.6468820597419368,0.0,6501.917995056564,moderate,6501.917995056564,,0.887981961809377,8879.81961809377,6501.917995056564,,,,4.0,,8879.81961809377,0.6501917995056564,,40006,"[""L002"", ""L007"", ""L010"", ""L012"", ""L014"", ""L016"", ""L019"", ""L028"", ""L029"", ""L030"", ""L032"", ""R000"", ""R005"", ""R006"", ""R007"", ""C001""]",,,16.0,0.0,3.0,8879.81961809377,multi_hotspot,2377.9016230372063,,1120.1803819062288,702.4790374774798,0.5,0.0,48.0,15773.70602753182,10515.804018354545,0.8444261230615093,0.8444261230615094
,,greedy_local_search,3160.0896040703738,2,exp3:multi_hotspot:f0.5:v0.5:r007,1.0,3.0,9114.409319942648,,,hardening:multi_hotspot:r007,3,,,1453.2262390508772,0.5,catalog/geography,,,6.0,9999.999999999998,Catalog + geography,8.0,,0.8688915483165238,0.3534794397461276,0.4645414367129806,3631.864721375242,7797.669345695703,moderate,4165.804624320461,,0.6076272879961765,6076.272879961765,4165.804624320461,,,,5.0,,6076.272879961765,0.4165804624320461,,40007,"[""L006"", ""L016"", ""L017"", ""L023"", ""L027"", ""L033"", ""R001"", ""R002"", ""R003"", ""R006"", ""R007"", ""C001""]",,,12.0,135.3564918647537,3.0,6076.272879961765,multi_hotspot,1910.468255641304,,3923.727120038235,457.2420165904268,0.5,0.0,48.0,15030.96915367264,10020.646102448422,0.6063753592173163,0.6063753592173167
,,greedy_local_search,3160.0896040703738,2,exp3:multi_hotspot:f0.5:v0.5:r007,0.0,3.0,14349.592337222184,,,hardening:multi_hotspot:r007,3,,,1812.370298183144,0.5,truthful resolved feasibility,,,15.0,9999.999999999998,Current feasibility,18.0,,1.0,0.8761128261375589,1.0,0.0,6934.501698412561,moderate,6934.501698412561,,0.9566394891481458,9566.394891481455,6934.501698412561,,,,4.0,,9566.394891481455,0.6934501698412563,,40007,"[""L007"", ""L009"", ""L012"", ""L015"", ""L016"", ""L017"", ""L018"", ""L021"", ""L022"", ""L027"", ""L028"", ""L030"", ""L031"", ""L033"", ""L035"", ""R000"", ""R002"", ""R004"", ""R007""]",,,19.0,0.0,3.0,9566.394891481455,multi_hotspot,2631.893193068896,,433.6051085185436,819.5228948857525,0.5,0.0,48.0,15459.91974629598,10306.613164197315,0.9281802604868102,0.9281802604868106
,,greedy_local_search,3111.814402771996,2,exp3:multi_hotspot:f0.5:v0.5:r008,2.0,3.0,11237.931815139767,,,hardening:multi_hotspot:r008,3,,,1299.056377464275,0.5,catalog/geography,,,1.0,10000.0,Catalog + geography,7.0,,0.5881080897786126,0.8129908969779301,1.0,2405.74347953618,8115.018240048985,moderate,5709.274760512805,,0.7491954543426511,7491.954543426511,5709.274760512805,,,,5.0,,7491.954543426512,0.5709274760512805,,40008,"[""L030"", ""R001"", ""R003"", ""R004"", ""R005"", ""R007"", ""C001"", ""C002""]",,,8.0,247.1673115409853,3.0,7491.954543426513,multi_hotspot,1782.6797829137065,,2508.045456573487,483.6234054494314,0.5,0.0,48.0,15251.321587765953,10167.547725177305,0.7368497051530551,0.736849705153055
,,greedy_local_search,3111.814402771996,2,exp3:multi_hotspot:f0.5:v0.5:r008,1.0,3.0,14656.427208047791,,,hardening:multi_hotspot:r008,3,,,1625.6988426654711,0.5,truthful resolved feasibility,,,6.0,10000.0,Current feasibility,10.0,,0.9494384069249848,0.9995653259626948,1.0,0.0,7460.776640324349,moderate,7460.776640324349,,0.9770951472031862,9770.951472031862,7460.776640324349,,,,6.0,,9770.951472031862,0.7460776640324349,,40008,"[""L001"", ""L006"", ""L018"", ""L019"", ""L020"", ""L022"", ""R001"", ""R002"", ""R003"", ""R005"", ""R006"", ""R007"", ""C001""]",,,13.0,0.0,3.0,9770.951472031862,multi_hotspot,2310.174831707512,,229.04852796813623,684.475989042041,0.5,0.0,48.0,16383.232573239959,10922.155048826642,0.8945992277486986,0.8945992277486985
,,greedy_local_search,3134.181575541887,2,exp3:multi_hotspot:f0.5:v0.5:r009,1.0,3.0,13637.949119850466,,,hardening:multi_hotspot:r009,3,,,1489.5411290106076,0.5,catalog/geography,,,5.0,9999.999999999998,Catalog + geography,11.0,,0.8144869794878749,1.0,0.9633873361024364,841.3515307042953,7818.723625135563,moderate,6977.372094431268,,0.9091966079900308,9091.96607990031,6977.372094431268,,,,6.0,,9091.96607990031,0.6977372094431269,,40009,"[""L002"", ""L006"", ""L024"", ""L029"", ""L033"", ""R001"", ""R002"", ""R003"", ""R004"", ""R006"", ""R007"", ""C001""]",,,12.0,0.0,3.0,9091.96607990031,multi_hotspot,2114.593985469042,,908.0339200996908,625.0528564584342,0.5,0.0,48.0,15068.848950333813,10045.899300222538,0.9050425261279396,0.90504252612794
,,greedy_local_search,3134.181575541887,2,exp3:multi_hotspot:f0.5:v0.5:r009,1.0,3.0,15000.000000000002,,,hardening:multi_hotspot:r009,3,,,1508.6715234270168,0.5,truthful resolved feasibility,,,3.0,9999.999999999998,Current feasibility,11.0,,1.0,1.0,1.0,0.0,7802.71311468765,moderate,7802.71311468765,,1.0,10000.000000000002,7802.71311468765,,,,7.0,,10000.0,0.7802713114687652,,40009,"[""L020"", ""L033"", ""L034"", ""R000"", ""R002"", ""R003"", ""R004"", ""R006"", ""R007"", ""R008"", ""C001""]",,,11.0,0.0,3.0,10000.000000000002,multi_hotspot,2197.28688531235,,0.0,688.6153618853334,0.5,0.0,48.0,15368.81191304419,10245.874608696122,0.976002574881461,0.9760025748814615
,,greedy_local_search,3131.0191729170765,2,exp3:multi_hotspot:f0.5:v0.5:r010,2.0,3.0,10431.751572126135,,,hardening:multi_hotspot:r010,3,,,1329.3980890757314,0.5,catalog/geography,,,1.0,10000.0,Catalog + geography,7.0,,0.8213165653169818,0.510622982808782,0.7356980321634682,2873.7203054455085,7993.507668768292,moderate,5119.787363322784,,0.6954501048084092,6954.501048084092,5119.787363322784,,,,5.0,,6954.501048084092,0.5119787363322784,,40010,"[""L033"", ""R000"", ""R003"", ""R004"", ""R005"", ""R007"", ""C001"", ""C002""]",,,8.0,0.0,3.0,6954.501048084092,multi_hotspot,1834.7136847613083,,3045.498951915908,505.31559568557714,0.5,0.0,48.0,15000.53949175652,10000.359661171013,0.6954250930680764,0.6954250930680768
,,greedy_local_search,3131.0191729170765,2,exp3:multi_hotspot:f0.5:v0.5:r010,1.0,3.0,15000.0,,,hardening:multi_hotspot:r010,3,,,1714.0776060927249,0.5,truthful resolved feasibility,,,9.0,10000.0,Current feasibility,15.0,,1.0,1.0,1.0,0.0,7476.60580697507,moderate,7476.60580697507,,1.0,10000.0,7476.60580697507,,,,5.0,,10000.0,0.747660580697507,,40010,"[""L002"", ""L015"", ""L017"", ""L024"", ""L025"", ""L029"", ""L030"", ""L031"", ""L033"", ""R003"", ""R004"", ""R005"", ""R006"", ""R007"", ""C001""]",,,15.0,0.0,3.0,10000.0,multi_hotspot,2523.3941930249302,,1.1368683772161605e-13,809.3165869322054,0.5,0.0,48.0,16426.552506172997,10951.03500411533,0.9131556968124074,0.9131556968124075
,,greedy_local_search,3086.135330375794,2,exp3:multi_hotspot:f0.5:v0.5:r011,2.0,3.0,11821.511169694691,,,hardening:multi_hotspot:r011,3,,,1428.4641941310429,0.5,catalog/geography,,,5.0,9999.999999999998,Catalog + geography,10.0,,0.7405230328039418,0.812102780186893,0.8531470340956326,1994.7698438528432,7952.469666702886,moderate,5957.699822850042,,0.7881007446463129,7881.007446463129,5957.699822850042,,,,4.0,,7881.007446463129,0.5957699822850043,,40011,"[""L011"", ""L012"", ""L018"", ""L021"", ""L023"", ""R000"", ""R002"", ""R003"", ""R007"", ""C001"", ""C002""]",,,11.0,147.8744121667436,3.0,7881.007446463128,multi_hotspot,1923.3076236130864,,2118.992553536871,494.84342948204346,0.5,0.0,48.0,15205.34090243916,10136.893934959438,0.7774578186404454,0.7774578186404456
,,greedy_local_search,3086.135330375794,2,exp3:multi_hotspot:f0.5:v0.5:r011,1.0,3.0,15000.000000000002,,,hardening:multi_hotspot:r011,3,,,1557.6886713457104,0.5,truthful resolved feasibility,,,10.0,9999.999999999998,Current feasibility,15.0,,1.0,1.0,1.0,0.0,7681.672964652481,moderate,7681.672964652481,,1.0,10000.0,7681.672964652481,,,,4.0,,10000.0,0.7681672964652483,,40011,"[""L003"", ""L012"", ""L018"", ""L021"", ""L023"", ""L026"", ""L029"", ""L030"", ""L032"", ""L035"", ""R001"", ""R002"", ""R003"", ""R007"", ""C001""]",,,15.0,0.0,3.0,10000.0,multi_hotspot,2318.327035347519,,0.0,760.6383640018089,0.5,0.0,48.0,15283.754036694394,10189.16935779626,0.9814342709249878,0.9814342709249879
,,greedy_local_search,3156.616877017109,2,exp3:multi_hotspot:f0.5:v0.5:r012,2.0,3.0,9376.91010635638,,,hardening:multi_hotspot:r012,3,,,1432.2281491165895,0.5,catalog/geography,,,4.0,10000.0,Catalog + geography,8.0,,0.5837750398426512,0.5195517270952267,0.9029273400561804,3557.54588910398,7966.923752307159,moderate,4409.377863203179,,0.6251273404237586,6251.273404237586,4409.377863203179,,,,4.0,,6251.273404237585,0.4409377863203179,,40012,"[""L001"", ""L003"", ""L019"", ""L021"", ""R001"", ""R006"", ""R007"", ""R008"", ""C001"", ""C002""]",,,10.0,144.06771165857424,3.0,6251.273404237585,multi_hotspot,1841.8955410344065,,3748.726595762416,409.6673919178167,0.5,0.0,48.0,15023.164035688278,10015.442690458849,0.6241634641065664,0.6241634641065664
,,greedy_local_search,3156.616877017109,2,exp3:multi_hotspot:f0.5:v0.5:r012,1.0,3.0,14997.953133243826,,,hardening:multi_hotspot:r012,3,,,1665.6328481162843,0.5,truthful resolved feasibility,,,7.0,10000.0,Current feasibility,14.0,,0.9996967604805664,1.0,1.0,0.0,7575.137653677559,moderate,7575.137653677559,,0.999863542216255,9998.63542216255,7575.137653677559,,,,6.0,,9998.635422162552,0.7575137653677558,,40012,"[""L001"", ""L002"", ""L003"", ""L014"", ""L015"", ""L022"", ""L027"", ""R001"", ""R002"", ""R004"", ""R005"", ""R007"", ""R008"", ""C001""]",,,14.0,0.0,3.0,9998.63542216255,multi_hotspot,2423.497768484993,,1.3645778374506534,757.8649203687082,0.5,0.0,48.0,16097.548726735691,10731.699151157125,0.9316917369123662,0.9316917369123664
,,greedy_local_search,3128.370898926705,2,exp3:multi_hotspot:f0.5:v0.5:r013,2.0,3.0,12006.902366026989,,,hardening:multi_hotspot:r013,3,,,1415.3890502042798,0.5,catalog/geography,,,4.0,9999.999999999998,Catalog + geography,9.0,,0.7613978240486221,0.736660391180722,1.0,1888.223274420974,7923.012490058583,moderate,6034.789215637609,,0.8004601577351327,8004.601577351326,6034.789215637609,,,,4.0,,8004.601577351326,0.603478921563761,,40013,"[""L001"", ""L002"", ""L004"", ""L009"", ""R001"", ""R004"", ""R005"", ""R006"", ""C001"", ""C002""]",,,10.0,288.3416232969939,3.0,8004.601577351326,multi_hotspot,1969.812361713717,,1995.3984226486737,554.4233115094376,0.5,0.0,48.0,15482.04332107329,10321.362214048859,0.7755373187519677,0.7755373187519679
,,greedy_local_search,3128.370898926705,2,exp3:multi_hotspot:f0.5:v0.5:r013,2.0,3.0,15000.0,,,hardening:multi_hotspot:r013,3,,,1507.767459098449,0.5,truthful resolved feasibility,,,7.0,9999.999999999998,Current feasibility,12.0,,1.0,1.0,1.0,0.0,7826.343035576193,moderate,7826.343035576193,,1.0,10000.0,7826.343035576193,,,,3.0,,10000.0,0.7826343035576194,,40013,"[""L001"", ""L008"", ""L013"", ""L015"", ""L023"", ""L026"", ""L032"", ""R001"", ""R005"", ""R006"", ""C000"", ""C001""]",,,12.0,0.0,3.0,10000.0,multi_hotspot,2173.656964423807,,9.947598300641405e-14,665.8895053253581,0.5,0.0,48.0,15264.467856915127,10176.311904610084,0.9826742825629969,0.982674282562997
,,greedy_local_search,3172.528396547715,2,exp3:multi_hotspot:f0.5:v0.5:r014,1.0,3.0,11724.321847560966,,,hardening:multi_hotspot:r014,3,,,1434.1998994546534,0.5,catalog/geography,,,2.0,10000.0,Catalog + geography,9.0,,0.663234443814618,0.8671923846368428,0.898243110822957,2039.192854511852,7896.00904843275,moderate,5856.8161939208985,,0.7816214565040644,7816.214565040645,5856.8161939208985,,,,7.0,,7816.214565040645,0.5856816193920898,,40014,"[""L007"", ""L031"", ""R000"", ""R001"", ""R002"", ""R003"", ""R004"", ""R005"", ""R006"", ""C002""]",,,10.0,0.0,3.0,7816.214565040645,multi_hotspot,1959.3983711197457,,2183.785434959355,525.1984716650923,0.5,0.0,48.0,15115.015214620438,10076.676809746963,0.7756738369816707,0.7756738369816705
,,greedy_local_search,3172.528396547715,2,exp3:multi_hotspot:f0.5:v0.5:r014,2.0,3.0,14997.642256267896,,,hardening:multi_hotspot:r014,3,,,1605.1656672187462,0.5,truthful resolved feasibility,,,4.0,10000.0,Current feasibility,11.0,,0.9996507046322812,1.0,1.0,0.0,7730.580707851203,moderate,7730.580707851203,,0.9998428170845264,9998.428170845264,7730.580707851203,,,,5.0,,9998.428170845264,0.7730580707851203,,40014,"[""L007"", ""L013"", ""L016"", ""L032"", ""R000"", ""R002"", ""R004"", ""R005"", ""R008"", ""C001"", ""C002""]",,,11.0,0.0,3.0,9998.428170845264,multi_hotspot,2267.847462994062,,1.5718291547348358,662.6817957753158,0.5,0.0,48.0,16422.030804107384,10948.020536071592,0.9132635564486198,0.9132635564486195
,,greedy_local_search,3173.152608497909,2,exp3:multi_hotspot:f0.5:v0.5:r015,1.0,3.0,14060.007397119907,,,hardening:multi_hotspot:r015,3,,,1524.6720190415992,0.5,catalog/geography,,,3.0,9999.999999999998,Catalog + geography,10.0,,0.956599027653883,0.9419915388749052,0.8858361271209821,587.7768424784435,7778.354780010709,moderate,7190.577937532265,,0.9373338264746606,9373.338264746606,7190.577937532265,,,,7.0,,9373.338264746606,0.7190577937532266,,40015,"[""L022"", ""L026"", ""L029"", ""R000"", ""R002"", ""R003"", ""R004"", ""R005"", ""R006"", ""R007"", ""C001""]",,,11.0,0.0,3.0,9373.338264746606,multi_hotspot,2182.76032721434,,626.6617352533937,658.0883081727409,0.5,0.0,48.0,15091.089993543079,10060.726662362053,0.9316760686693716,0.9316760686693717
,,greedy_local_search,3173.152608497909,2,exp3:multi_hotspot:f0.5:v0.5:r015,1.0,3.0,14999.999999999998,,,hardening:multi_hotspot:r015,3,,,1521.2202824031597,0.5,truthful resolved feasibility,,,3.0,9999.999999999998,Current feasibility,11.0,,1.0,1.0,1.0,0.0,7769.727127052203,moderate,7769.727127052203,,1.0,10000.0,7769.727127052203,,,,7.0,,10000.0,0.7769727127052205,,40015,"[""L021"", ""L026"", ""L029"", ""R000"", ""R002"", ""R003"", ""R004"", ""R005"", ""R007"", ""R008"", ""C001""]",,,11.0,0.0,3.0,10000.0,multi_hotspot,2230.2728729477967,,0.0,709.052590544637,0.5,0.0,48.0,15021.88169404679,10014.587796031194,0.9985433453349947,0.9985433453349948
,,greedy_local_search,3177.084552498707,2,exp3:multi_hotspot:f0.5:v0.5:r016,2.0,3.0,13068.1484004084,,,hardening:multi_hotspot:r016,3,,,1401.25301006645,0.5,catalog/geography,,,1.0,10000.0,Catalog + geography,8.0,,0.9099124484627592,0.7765676668542515,0.949753040766652,1243.3830213589008,7988.285794845927,moderate,6744.902773487026,,0.87120989336056,8712.0989336056,6744.902773487026,,,,5.0,,8712.0989336056,0.6744902773487026,,40016,"[""L025"", ""R001"", ""R002"", ""R004"", ""R006"", ""R008"", ""C001"", ""C002""]",,,8.0,0.0,3.0,8712.0989336056,multi_hotspot,1967.1961601185749,,1287.9010663943995,565.9431500521248,0.5,0.0,48.0,15173.59533174451,10115.730221163007,0.861242712402424,0.861242712402424
,,greedy_local_search,3177.084552498707,2,exp3:multi_hotspot:f0.5:v0.5:r016,1.0,3.0,15000.000000000002,,,hardening:multi_hotspot:r016,3,,,1564.7253596605524,0.5,truthful resolved feasibility,,,7.0,10000.0,Current feasibility,13.0,,1.0,1.0,1.0,0.0,7703.867275522877,moderate,7703.867275522877,,1.0,10000.000000000002,7703.867275522877,,,,5.0,,10000.0,0.7703867275522878,,40016,"[""L000"", ""L006"", ""L007"", ""L013"", ""L025"", ""L026"", ""L029"", ""R001"", ""R002"", ""R004"", ""R006"", ""R008"", ""C001""]",,,13.0,0.0,3.0,10000.0,multi_hotspot,2296.132724477123,,7.105427357601002e-15,731.4073648165706,0.5,0.0,48.0,15438.23829024765,10292.1588601651,0.9716134521304491,0.971613452130449
,,greedy_local_search,3078.847843759583,2,exp3:multi_hotspot:f0.5:v0.5:r017,2.0,3.0,11564.470468539805,,,hardening:multi_hotspot:r017,3,,,1336.23410949756,0.5,catalog/geography,,,5.0,10000.0,Catalog + geography,10.0,,0.8277434491035429,0.8574662362563358,0.4918348155817088,2164.5397964348413,7992.041583910202,moderate,5827.501787475361,,0.7709646979026537,7709.646979026535,5827.501787475361,,,,3.0,,7709.646979026535,0.5827501787475361,,40017,"[""L006"", ""L011"", ""L017"", ""L019"", ""L030"", ""R001"", ""R003"", ""R007"", ""C001"", ""C002""]",,,10.0,0.0,3.0,7709.646979026535,multi_hotspot,1882.1451915511736,,2290.353020973464,545.9110820536139,0.5,0.0,48.0,15018.991748395625,10012.661165597083,0.769989801064719,0.7699898010647189
,,greedy_local_search,3078.847843759583,2,exp3:multi_hotspot:f0.5:v0.5:r017,1.0,3.0,14999.999999999996,,,hardening:multi_hotspot:r017,3,,,1531.7992938534578,0.5,truthful resolved feasibility,,,11.0,10000.0,Current feasibility,15.0,,1.0,1.0,1.0,0.0,7695.621431189873,moderate,7695.621431189873,,1.0,9999.999999999998,7695.621431189873,,,,3.0,,10000.0,0.7695621431189873,,40017,"[""L003"", ""L006"", ""L008"", ""L010"", ""L013"", ""L017"", ""L019"", ""L020"", ""L021"", ""L022"", ""L031"", ""R003"", ""R004"", ""R006"", ""C001""]",,,15.0,0.0,3.0,9999.999999999998,multi_hotspot,2304.378568810127,,1.7763568394002505e-13,772.5792749566695,0.5,0.0,48.0,15011.537075657841,10007.691383771893,0.9992314527420011,0.9992314527420013
,,greedy_local_search,3144.247219381794,2,exp3:multi_hotspot:f0.5:v0.5:r018,1.0,3.0,10933.532250690934,,,hardening:multi_hotspot:r018,3,,,1516.2556491685978,0.5,catalog/geography,,,5.0,10000.000000000002,Catalog + geography,10.0,,0.6373370767845653,0.7023363677479416,0.9814136839061416,2551.349808062806,7803.890485766015,moderate,5252.540677703209,,0.7289021500460621,7289.021500460622,5252.540677703209,,,,6.0,,7289.021500460622,0.5252540677703208,,40018,"[""L000"", ""L009"", ""L012"", ""L032"", ""L034"", ""R000"", ""R001"", ""R002"", ""R003"", ""R004"", ""R007"", ""C001""]",,,12.0,70.10838485508685,3.0,7289.0215004606225,multi_hotspot,2036.480822757412,,2710.9784995393784,520.2251735888145,0.5,0.0,48.0,15093.570766521088,10062.380511014064,0.7243834093217029,0.7243834093217025
,,greedy_local_search,3144.247219381794,2,exp3:multi_hotspot:f0.5:v0.5:r018,0.0,3.0,15000.0,,,hardening:multi_hotspot:r018,3,,,1725.499072857331,0.5,truthful resolved feasibility,,,13.0,10000.000000000002,Current feasibility,18.0,,1.0,1.0,1.0,0.0,7425.941553356538,moderate,7425.941553356538,,1.0,10000.000000000002,7425.941553356538,,,,5.0,,10000.0,0.7425941553356536,,40018,"[""L000"", ""L002"", ""L005"", ""L007"", ""L010"", ""L016"", ""L017"", ""L020"", ""L024"", ""L026"", ""L027"", ""L028"", ""L029"", ""R000"", ""R002"", ""R003"", ""R004"", ""R007""]",,,18.0,0.0,3.0,10000.0,multi_hotspot,2574.058446643462,,-1.2789769243681806e-13,848.5593737861312,0.5,0.0,48.0,15958.319472288356,10638.87964819224,0.9399485970968009,0.9399485970968007
,,greedy_local_search,3139.3042522037977,2,exp3:multi_hotspot:f0.5:v0.5:r019,2.0,3.0,12010.88504142386,,,hardening:multi_hotspot:r019,3,,,1505.988705286615,0.5,catalog/geography,,,7.0,9999.999999999998,Catalog + geography,10.0,,0.9571500108694924,0.6720488933353769,0.6739552593480197,1883.5994259745585,7842.178691619844,moderate,5958.579265645286,,0.8007256694282574,8007.256694282574,5958.579265645286,,,,3.0,,8007.256694282572,0.5958579265645287,,40019,"[""L006"", ""L007"", ""L019"", ""L022"", ""L023"", ""L027"", ""L029"", ""R000"", ""R001"", ""R005"", ""C001"", ""C002""]",,,12.0,0.0,3.0,8007.256694282572,multi_hotspot,2048.6774286372865,,1992.7433057174264,542.6887233506714,0.5,0.0,48.0,15549.869917819598,10366.579945213063,0.7724106442626772,0.7724106442626774
,,greedy_local_search,3139.3042522037977,2,exp3:multi_hotspot:f0.5:v0.5:r019,1.0,3.0,14915.549926823684,,,hardening:multi_hotspot:r019,3,,,1682.3322162999375,0.5,truthful resolved feasibility,,,17.0,9999.999999999998,Current feasibility,19.0,,1.0,0.9888745691786028,0.9913194795453398,0.0,7455.727615166869,moderate,7455.727615166869,,0.9943699951215788,9943.699951215787,7455.727615166869,,,,1.0,,9943.69995121579,0.745572761516687,,40019,"[""L002"", ""L005"", ""L006"", ""L007"", ""L012"", ""L013"", ""L019"", ""L020"", ""L021"", ""L022"", ""L023"", ""L027"", ""L028"", ""L029"", ""L032"", ""L033"", ""L035"", ""R000"", ""C001""]",,,19.0,0.0,3.0,9943.69995121579,multi_hotspot,2487.972336048921,,56.30004878420982,805.6401197489839,0.5,0.0,48.0,15281.065376458191,10187.376917638792,0.9760804995836471,0.9760804995836474
,,greedy_local_search,3167.1915373627367,2,exp3:multi_hotspot:f0.5:v1.0:r000,1.0,3.0,13550.454593931328,,,hardening:multi_hotspot:r000,3,,,1526.4355029379162,0.5,catalog/geography,,,2.0,10000.0,Catalog + geography,9.0,,0.9685729304485476,0.9210075597242524,0.7257658749504358,837.061326877224,7169.396887193523,moderate,6332.335560316299,,0.9033636395954218,9033.636395954218,6332.335560316299,,,,7.0,,9033.63639595422,0.6332335560316299,,40000,"[""L018"", ""L027"", ""R000"", ""R001"", ""R002"", ""R005"", ""R006"", ""R007"", ""R008"", ""C001""]",,,10.0,0.0,3.0,9033.63639595422,multi_hotspot,2701.3008356379205,,966.3636040457804,1174.8653327000045,1.0,0.0,48.0,15024.9697358201,10016.646490546736,0.9018623552782625,0.9018623552782622
,,greedy_local_search,3167.1915373627367,2,exp3:multi_hotspot:f0.5:v1.0:r000,1.0,3.0,15000.0,,,hardening:multi_hotspot:r000,3,,,1493.742499532101,0.5,truthful resolved feasibility,,,4.0,10000.0,Current feasibility,11.0,,1.0,1.0,1.0,0.0,7102.424086665556,moderate,7102.424086665556,,1.0,10000.0,7102.424086665556,,,,6.0,,10000.0,0.7102424086665556,,40000,"[""L014"", ""L018"", ""L030"", ""L032"", ""R000"", ""R002"", ""R004"", ""R005"", ""R006"", ""R007"", ""C001""]",,,11.0,0.0,3.0,10000.0,multi_hotspot,2897.575913334444,,1.0658141036401505e-13,1403.8334138023424,1.0,0.0,48.0,15066.140658225868,10044.093772150583,0.9956099800389321,0.9956099800389316
,,greedy_local_search,3142.794055820548,2,exp3:multi_hotspot:f0.5:v1.0:r001,2.0,3.0,10780.640143772083,,,hardening:multi_hotspot:r001,3,,,1436.6367508016156,0.5,catalog/geography,,,2.0,10000.0,Catalog + geography,6.0,,0.7091096356382116,0.7777666620519784,0.636958375813757,2518.4655444921336,7344.091376850839,moderate,4825.625832358705,,0.718709342918139,7187.09342918139,4825.625832358705,,,,5.0,,7187.093429181391,0.4825625832358705,,40001,"[""L000"", ""L009"", ""R001"", ""R002"", ""R004"", ""R005"", ""R007"", ""C001"", ""C002""]",,,9.0,300.83687437077646,3.0,7187.093429181391,multi_hotspot,2361.4675968226857,,2812.90657081861,924.83084602107,1.0,0.0,48.0,15145.030193472456,10096.6867956483,0.7118269165563345,0.7118269165563349
,,greedy_local_search,3142.794055820548,2,exp3:multi_hotspot:f0.5:v1.0:r001,2.0,3.0,14934.632359397316,,,hardening:multi_hotspot:r001,3,,,1520.2307815523093,0.5,truthful resolved feasibility,,,1.0,10000.0,Current feasibility,9.0,,1.0,1.0,0.9782107864657716,0.0,7126.141979329666,moderate,7126.141979329666,,0.9956421572931544,9956.421572931544,7126.141979329666,,,,6.0,,9956.421572931544,0.7126141979329667,,40001,"[""L015"", ""R000"", ""R001"", ""R002"", ""R004"", ""R006"", ""R008"", ""C000"", ""C001""]",,,9.0,0.0,3.0,9956.421572931544,multi_hotspot,2830.279593601878,,43.57842706845647,1310.0488120495686,1.0,0.0,48.0,15405.416973611798,10270.277982407864,0.9694403199198763,0.9694403199198764
,,greedy_local_search,3131.918120974454,2,exp3:multi_hotspot:f0.5:v1.0:r002,1.0,3.0,13001.11985926843,,,hardening:multi_hotspot:r002,3,,,1489.8664947535683,0.5,catalog/geography,,,2.0,10000.000000000002,Catalog + geography,8.0,,0.8250660539024811,0.9065194187211728,0.8908990157135077,1152.5919762854628,7155.972191790957,moderate,6003.380215505495,,0.8667413239512287,8667.413239512287,6003.380215505495,,,,7.0,,8667.413239512287,0.6003380215505494,,40002,"[""L006"", ""L016"", ""R000"", ""R001"", ""R003"", ""R004"", ""R005"", ""R006"", ""R008"", ""C001""]",,,10.0,0.0,3.0,8667.413239512285,multi_hotspot,2664.033024006792,,1332.5867604877153,1174.1665292532234,1.0,0.0,48.0,14999.126935689885,9999.417957126589,0.8667917749487627,0.8667917749487626
,,greedy_local_search,3131.918120974454,2,exp3:multi_hotspot:f0.5:v1.0:r002,1.0,3.0,14984.56844490148,,,hardening:multi_hotspot:r002,3,,,1752.2787239820004,0.5,truthful resolved feasibility,,,5.0,10000.000000000002,Current feasibility,9.0,,0.9977138436891076,1.0,1.0,0.0,6857.794175626531,moderate,6857.794175626531,,0.9989712296600984,9989.712296600985,6857.794175626531,,,,7.0,,9989.712296600985,0.6857794175626529,,40002,"[""L012"", ""L016"", ""L017"", ""L031"", ""L032"", ""R000"", ""R001"", ""R002"", ""R003"", ""R004"", ""R005"", ""R008"", ""C001""]",,,13.0,0.0,3.0,9989.712296600985,multi_hotspot,3131.918120974454,,10.287703399015603,1379.6393969924534,1.0,0.0,48.0,16845.929989324923,11230.619992883283,0.8895067505561898,0.8895067505561894
,,greedy_local_search,3097.6906149428264,2,exp3:multi_hotspot:f0.5:v1.0:r003,2.0,3.0,11712.26509756242,,,hardening:multi_hotspot:r003,3,,,1444.356282134699,0.5,catalog/geography,,,2.0,10000.000000000002,Catalog + geography,8.0,,0.8887354664082157,0.7237696783063259,0.6378366293995843,1942.5237152644904,7264.648426499233,moderate,5322.124711234743,,0.780817673170828,7808.176731708279,5322.124711234743,,,,5.0,,7808.17673170828,0.5322124711234741,,40003,"[""L023"", ""L029"", ""R000"", ""R001"", ""R004"", ""R006"", ""R007"", ""C001"", ""C002""]",,,9.0,0.0,3.0,7808.17673170828,multi_hotspot,2486.052020473537,,2191.82326829172,1041.695738338838,1.0,0.0,48.0,15069.549604328602,10046.366402885738,0.7772140113728528,0.7772140113728526
,,greedy_local_search,3097.6906149428264,2,exp3:multi_hotspot:f0.5:v1.0:r003,1.0,3.0,14977.003188602315,,,hardening:multi_hotspot:r003,3,,,1585.8233235810294,0.5,truthful resolved feasibility,,,9.0,10000.000000000002,Current feasibility,14.0,,1.0,0.99561965497187,1.0,0.0,6901.094862405402,moderate,6901.094862405402,,0.9984668792401546,9984.668792401546,6901.094862405402,,,,4.0,,9984.668792401546,0.69010948624054,,40003,"[""L002"", ""L006"", ""L015"", ""L016"", ""L018"", ""L023"", ""L025"", ""L027"", ""L029"", ""R001"", ""R002"", ""R004"", ""R007"", ""C001""]",,,14.0,0.0,3.0,9984.668792401546,multi_hotspot,3083.573929996144,,15.33120759845447,1497.7506064151144,1.0,0.0,48.0,15212.973265795836,10141.98217719723,0.9844888916143654,0.9844888916143651
,,greedy_local_search,3168.841656308462,2,exp3:multi_hotspot:f0.5:v1.0:r004,2.0,3.0,8692.598107801909,,,hardening:multi_hotspot:r004,3,,,1349.2462999455784,0.5,catalog/geography,,,1.0,10000.0,Catalog + geography,7.0,,0.5621744092945535,0.5397629319845804,0.6880551507148754,3739.743116885361,7483.083502734828,moderate,3743.340385849466,,0.5795065405201273,5795.065405201272,3743.340385849466,,,,5.0,,5795.065405201273,0.3743340385849467,,40004,"[""L023"", ""R002"", ""R003"", ""R004"", ""R007"", ""R008"", ""C001"", ""C002""]",,,8.0,0.0,3.0,5795.065405201273,multi_hotspot,2051.7250193518066,,4204.934594798727,702.4787194062284,1.0,0.0,48.0,14957.335024473621,9971.556682982417,0.5811595510549726,0.5811595510549726
,,greedy_local_search,3168.841656308462,2,exp3:multi_hotspot:f0.5:v1.0:r004,1.0,3.0,14865.27557383854,,,hardening:multi_hotspot:r004,3,,,1650.136424176071,0.5,truthful resolved feasibility,,,6.0,10000.0,Current feasibility,12.0,,0.9800408257538576,1.0,1.0,0.0,6884.299652720952,moderate,6884.299652720952,,0.991018371589236,9910.18371589236,6884.299652720952,,,,6.0,,9910.18371589236,0.6884299652720952,,40004,"[""L005"", ""L012"", ""L014"", ""L015"", ""L019"", ""L025"", ""R000"", ""R001"", ""R004"", ""R006"", ""R007"", ""R008"", ""C001""]",,,13.0,0.0,3.0,9910.18371589236,multi_hotspot,3025.8840631714074,,89.81628410764145,1375.7476389953367,1.0,0.0,48.0,15844.822205215263,10563.21480347684,0.9381787552621254,0.9381787552621257
,,greedy_local_search,3121.037067074452,2,exp3:multi_hotspot:f0.5:v1.0:r005,2.0,3.0,11467.86250985178,,,hardening:multi_hotspot:r005,3,,,1494.1381997161725,0.5,catalog/geography,,,5.0,10000.0,Catalog + geography,9.0,,0.6964875983351881,0.8254303019145449,0.8110207120126334,2097.65679381697,7136.258262383137,moderate,5038.601468566167,,0.764524167323452,7645.24167323452,5038.601468566167,,,,4.0,,7645.241673234519,0.5038601468566166,,40005,"[""L010"", ""L020"", ""L028"", ""L031"", ""L032"", ""R002"", ""R003"", ""R004"", ""R008"", ""C001"", ""C002""]",,,11.0,0.0,3.0,7645.241673234519,multi_hotspot,2606.6402046683525,,2354.7583267654795,1112.50200495218,1.0,0.0,48.0,15647.579075052477,10431.71938336832,0.7328841384885809,0.7328841384885807
,,greedy_local_search,3121.037067074452,2,exp3:multi_hotspot:f0.5:v1.0:r005,1.0,3.0,14552.150214243822,,,hardening:multi_hotspot:r005,3,,,1608.8428491538034,0.5,truthful resolved feasibility,,,10.0,10000.0,Current feasibility,15.0,,0.9382260328129384,0.9941189510012364,1.0,0.0,6580.396409088098,moderate,6580.396409088098,,0.9701433476162552,9701.43347616255,6580.396409088098,,,,4.0,,9701.43347616255,0.6580396409088098,,40005,"[""L010"", ""L011"", ""L012"", ""L013"", ""L018"", ""L020"", ""L022"", ""L031"", ""L032"", ""L034"", ""R001"", ""R002"", ""R004"", ""R008"", ""C001""]",,,15.0,0.0,3.0,9701.433476162549,multi_hotspot,3121.037067074452,,298.5665238374502,1512.1942179206485,1.0,0.0,48.0,15233.68257469641,10155.788383130941,0.9552614834193386,0.9552614834193386
,,greedy_local_search,3057.222876742177,2,exp3:multi_hotspot:f0.5:v1.0:r006,2.0,3.0,7576.48169238846,,,hardening:multi_hotspot:r006,3,,,1397.0004364964582,0.5,catalog/geography,,,2.0,10000.0,Catalog + geography,5.0,,0.7545903717883581,0.2712378055659571,0.3529994011985893,4436.2717904517085,7464.393832977656,moderate,3028.122042525948,,0.5050987794925641,5050.987794925641,3028.122042525948,,,,5.0,,5050.987794925641,0.3028122042525948,,40006,"[""L007"", ""L031"", ""R000"", ""R001"", ""R002"", ""R004"", ""R007"", ""C001"", ""C002""]",,,9.0,0.0,3.0,5050.987794925641,multi_hotspot,2022.8657523996924,,4949.012205074359,625.8653159032342,1.0,0.0,48.0,15080.14551662239,10053.430344414926,0.5024143622511555,0.5024143622511555
,,greedy_local_search,3057.222876742177,2,exp3:multi_hotspot:f0.5:v1.0:r006,1.0,3.0,13128.626702700676,,,hardening:multi_hotspot:r006,3,,,1662.3573750750422,0.5,truthful resolved feasibility,,,9.0,10000.0,Current feasibility,14.0,,1.0,0.8453296235190219,0.6468820597419368,0.0,5778.1523966670975,moderate,5778.1523966670975,,0.875241780180045,8752.41780180045,5778.1523966670975,,,,5.0,,8752.41780180045,0.5778152396667098,,40006,"[""L002"", ""L007"", ""L010"", ""L016"", ""L019"", ""L028"", ""L029"", ""L032"", ""L033"", ""R000"", ""R004"", ""R005"", ""R006"", ""R007"", ""C001""]",,,15.0,0.0,3.0,8752.41780180045,multi_hotspot,2974.265405133352,,1247.582198199549,1311.9080300583096,1.0,0.0,48.0,15900.373556777588,10600.249037851725,0.8256803939744268,0.8256803939744267
,,greedy_local_search,3160.0896040703738,2,exp3:multi_hotspot:f0.5:v1.0:r007,1.0,3.0,9482.129453496746,,,hardening:multi_hotspot:r007,3,,,1465.2643422805595,0.5,catalog/geography,,,4.0,9999.999999999998,Catalog + geography,8.0,,0.8206921533958343,0.4552498008361011,0.5174653212284438,3149.3401577395284,7135.274721673712,moderate,3985.934563934183,,0.6321419635664497,6321.419635664497,3985.934563934183,,,,6.0,,6321.419635664497,0.3985934563934183,,40007,"[""L016"", ""L023"", ""L027"", ""L030"", ""R000"", ""R001"", ""R002"", ""R003"", ""R006"", ""R007"", ""C001""]",,,11.0,135.3564918647537,3.0,6321.419635664497,multi_hotspot,2335.485071730314,,3678.580364335504,870.2207294497542,1.0,0.0,48.0,15065.235654544238,10043.490436362821,0.6294046552558626,0.6294046552558629
,,greedy_local_search,3160.0896040703738,2,exp3:multi_hotspot:f0.5:v1.0:r007,0.0,3.0,13536.700298504882,,,hardening:multi_hotspot:r007,3,,,1627.5244135776488,0.5,truthful resolved feasibility,,,11.0,9999.999999999998,Current feasibility,16.0,,0.991788684155139,0.7318336534205131,1.0,0.0,5904.967653194901,moderate,5904.967653194901,,0.902446686566992,9024.46686566992,5904.967653194901,,,,5.0,,9024.46686566992,0.5904967653194901,,40007,"[""L007"", ""L009"", ""L012"", ""L016"", ""L017"", ""L018"", ""L021"", ""L023"", ""L027"", ""L030"", ""L033"", ""R000"", ""R002"", ""R003"", ""R004"", ""R007""]",,,16.0,0.0,3.0,9024.46686566992,multi_hotspot,3119.4992124750206,,975.533134330079,1491.9747988973716,1.0,0.0,48.0,14410.820362229733,9607.213574819816,0.9393427964714701,0.9393427964714706
,,greedy_local_search,3111.814402771996,2,exp3:multi_hotspot:f0.5:v1.0:r008,2.0,3.0,11237.931815139767,,,hardening:multi_hotspot:r008,3,,,1299.056377464275,0.5,catalog/geography,,,1.0,10000.0,Catalog + geography,7.0,,0.5881080897786126,0.8129908969779301,1.0,2303.441502498872,7529.092857562246,moderate,5225.651355063374,,0.7491954543426511,7491.954543426511,5225.651355063374,,,,5.0,,7491.954543426512,0.5225651355063373,,40008,"[""L030"", ""R001"", ""R003"", ""R004"", ""R005"", ""R007"", ""C001"", ""C002""]",,,8.0,247.1673115409853,3.0,7491.954543426513,multi_hotspot,2266.303188363138,,2508.045456573487,967.2468108988628,1.0,0.0,48.0,15251.321587765953,10167.547725177305,0.7368497051530551,0.736849705153055
,,greedy_local_search,3111.814402771996,2,exp3:multi_hotspot:f0.5:v1.0:r008,2.0,3.0,14489.215071852115,,,hardening:multi_hotspot:r008,3,,,1559.4735229017108,0.5,truthful resolved feasibility,,,6.0,10000.0,Current feasibility,11.0,,0.9253587084452056,0.9986750075899008,1.0,0.0,6821.383809050414,moderate,6821.383809050414,,0.9659476714568076,9659.476714568076,6821.383809050414,,,,4.0,,9659.476714568076,0.6821383809050414,,40008,"[""L001"", ""L006"", ""L019"", ""L020"", ""L022"", ""L029"", ""R001"", ""R002"", ""R003"", ""R005"", ""C000"", ""C001""]",,,12.0,0.0,3.0,9659.476714568078,multi_hotspot,2838.0929055176616,,340.52328543192243,1278.6193826159508,1.0,0.0,48.0,16535.159935598087,11023.439957065395,0.8762670048723681,0.876267004872368
,,greedy_local_search,3134.181575541887,2,exp3:multi_hotspot:f0.5:v1.0:r009,1.0,3.0,14345.650008992628,,,hardening:multi_hotspot:r009,3,,,1494.8129858117609,0.5,catalog/geography,,,3.0,9999.999999999998,Catalog + geography,11.0,,0.9030592605915002,1.0,1.0,394.8048176596658,7169.337802356307,moderate,6774.5329846966415,,0.9563766672661752,9563.766672661754,6774.5329846966415,,,,7.0,,9563.766672661754,0.6774532984696643,,40009,"[""L024"", ""L025"", ""L033"", ""R000"", ""R001"", ""R002"", ""R003"", ""R004"", ""R006"", ""R007"", ""C001""]",,,11.0,0.0,3.0,9563.766672661752,multi_hotspot,2789.233687965112,,436.2333273382493,1294.4207021533512,1.0,0.0,48.0,15214.920864753036,10143.28057650202,0.9428672115032708,0.9428672115032711
,,greedy_local_search,3134.181575541887,2,exp3:multi_hotspot:f0.5:v1.0:r009,1.0,3.0,14991.571270904944,,,hardening:multi_hotspot:r009,3,,,1516.0963310462412,0.5,truthful resolved feasibility,,,3.0,9999.999999999998,Current feasibility,11.0,,0.9987512993933244,1.0,1.0,0.0,7119.174549760745,moderate,7119.174549760745,,0.999438084726996,9994.380847269962,7119.174549760745,,,,7.0,,9994.38084726996,0.7119174549760746,,40009,"[""L015"", ""L025"", ""L033"", ""R000"", ""R002"", ""R003"", ""R004"", ""R006"", ""R007"", ""R008"", ""C001""]",,,11.0,0.0,3.0,9994.380847269962,multi_hotspot,2875.206297509215,,5.619152730040028,1359.1099664629735,1.0,0.0,48.0,15300.7679515324,10200.511967688264,0.9797920809199325,0.9797920809199328
,,greedy_local_search,3131.0191729170765,2,exp3:multi_hotspot:f0.5:v1.0:r010,2.0,3.0,10431.751572126135,,,hardening:multi_hotspot:r010,3,,,1329.3980890757314,0.5,catalog/geography,,,1.0,10000.0,Catalog + geography,7.0,,0.8213165653169818,0.510622982808782,0.7356980321634682,2713.2914892849576,7327.763256922164,moderate,4614.471767637207,,0.6954501048084092,6954.501048084092,4614.471767637207,,,,5.0,,6954.501048084092,0.4614471767637206,,40010,"[""L033"", ""R000"", ""R003"", ""R004"", ""R005"", ""R007"", ""C001"", ""C002""]",,,8.0,0.0,3.0,6954.501048084092,multi_hotspot,2340.0292804468854,,3045.498951915908,1010.6311913711544,1.0,0.0,48.0,15000.53949175652,10000.359661171013,0.6954250930680764,0.6954250930680768
,,greedy_local_search,3131.0191729170765,2,exp3:multi_hotspot:f0.5:v1.0:r010,1.0,3.0,14367.975882875491,,,hardening:multi_hotspot:r010,3,,,1624.2676945982582,0.5,truthful resolved feasibility,,,6.0,10000.0,Current feasibility,13.0,,1.0,0.9017957991268634,0.96118264581982,0.0,6453.059344190775,moderate,6453.059344190775,,0.9578650588583664,9578.650588583663,6453.059344190775,,,,6.0,,9578.650588583663,0.6453059344190775,,40010,"[""L001"", ""L002"", ""L017"", ""L029"", ""L031"", ""L033"", ""R000"", ""R003"", ""R004"", ""R005"", ""R006"", ""R007"", ""C001""]",,,13.0,0.0,3.0,9578.650588583663,multi_hotspot,3125.591244392888,,421.3494114163378,1501.3235497946296,1.0,0.0,48.0,16147.224546686033,10764.816364457352,0.8898108675787441,0.8898108675787445
,,greedy_local_search,3086.135330375794,2,exp3:multi_hotspot:f0.5:v1.0:r011,2.0,3.0,10797.85524644755,,,hardening:multi_hotspot:r011,3,,,1383.7771530269251,0.5,catalog/geography,,,2.0,9999.999999999998,Catalog + geography,7.0,,0.6515029198342124,0.7495017953300545,0.8217753706946099,2399.1997629413336,7376.205036948684,moderate,4977.005274007351,,0.7198570164298366,7198.570164298366,4977.005274007351,,,,5.0,,7198.570164298366,0.4977005274007351,,40011,"[""L011"", ""L012"", ""R000"", ""R002"", ""R003"", ""R007"", ""R008"", ""C001"", ""C002""]",,,9.0,147.8744121667436,3.0,7198.570164298365,multi_hotspot,2221.564890291015,,2801.429835701634,837.7877372640901,1.0,0.0,48.0,14932.140998147916,9954.760665431942,0.7231284011975808,0.7231284011975807
,,greedy_local_search,3086.135330375794,2,exp3:multi_hotspot:f0.5:v1.0:r011,1.0,3.0,15000.0,,,hardening:multi_hotspot:r011,3,,,1587.8750867605208,0.5,truthful resolved feasibility,,,8.0,9999.999999999998,Current feasibility,14.0,,1.0,1.0,1.0,0.0,6975.260402152432,moderate,6975.260402152432,,1.0,10000.0,6975.260402152432,,,,5.0,,10000.0,0.6975260402152433,,40011,"[""L003"", ""L012"", ""L019"", ""L021"", ""L023"", ""L029"", ""L030"", ""L032"", ""R001"", ""R002"", ""R003"", ""R004"", ""R007"", ""C001""]",,,14.0,0.0,3.0,10000.0,multi_hotspot,3024.739597847568,,0.0,1436.864511087047,1.0,0.0,48.0,15301.795953371975,10201.19730224798,0.9802770894154114,0.9802770894154118
,,greedy_local_search,3156.616877017109,2,exp3:multi_hotspot:f0.5:v1.0:r012,2.0,3.0,8756.141937852493,,,hardening:multi_hotspot:r012,3,,,1447.324258759617,0.5,catalog/geography,,,2.0,10000.0,Catalog + geography,6.0,,0.5906877882079582,0.4917416341110931,0.729118596121845,3730.092379273665,7394.354356562675,moderate,3664.26197728901,,0.583742795856833,5837.42795856833,3664.26197728901,,,,5.0,,5837.427958568329,0.366426197728901,,40012,"[""L003"", ""L019"", ""R000"", ""R001"", ""R006"", ""R007"", ""R008"", ""C001"", ""C002""]",,,9.0,144.06771165857424,3.0,5837.427958568329,multi_hotspot,2173.1659812793187,,4162.572041431671,725.8417225197015,1.0,0.0,48.0,15179.22023659337,10119.48015772891,0.5768505760752839,0.5768505760752841
,,greedy_local_search,3156.616877017109,2,exp3:multi_hotspot:f0.5:v1.0:r012,1.0,3.0,14977.040527898373,,,hardening:multi_hotspot:r012,3,,,1669.7998180964032,0.5,truthful resolved feasibility,,,5.0,10000.0,Current feasibility,13.0,,0.9999999999999998,0.9956267672187372,1.0,0.0,6828.076808248473,moderate,6828.076808248473,,0.9984693685265582,9984.693685265582,6828.076808248473,,,,7.0,,9984.693685265582,0.6828076808248473,,40012,"[""L001"", ""L014"", ""L015"", ""L019"", ""L022"", ""R001"", ""R002"", ""R003"", ""R004"", ""R005"", ""R007"", ""R008"", ""C001""]",,,13.0,0.0,3.0,9984.693685265582,multi_hotspot,3156.616877017109,,15.30631473441894,1486.8170589207057,1.0,0.0,48.0,16123.531417116537,10749.020944744358,0.9288933137810577,0.9288933137810577
,,greedy_local_search,3128.370898926705,2,exp3:multi_hotspot:f0.5:v1.0:r013,2.0,3.0,11436.032346693308,,,hardening:multi_hotspot:r013,3,,,1405.73924446353,0.5,catalog/geography,,,2.0,9999.999999999998,Catalog + geography,8.0,,0.6353107680492853,0.7900351737829779,1.0,2092.564521111989,7322.106543728111,moderate,5229.542022616122,,0.7624021564462206,7624.021564462206,5229.542022616122,,,,5.0,,7624.021564462206,0.5229542022616123,,40013,"[""L001"", ""L009"", ""R001"", ""R003"", ""R004"", ""R005"", ""R008"", ""C001"", ""C002""]",,,9.0,288.3416232969939,3.0,7624.021564462206,multi_hotspot,2394.4795418460835,,2375.9784355377933,988.7402973825536,1.0,0.0,48.0,15249.711534563143,10166.474356375427,0.7499179457115491,0.7499179457115493
,,greedy_local_search,3128.370898926705,2,exp3:multi_hotspot:f0.5:v1.0:r013,2.0,3.0,15000.0,,,hardening:multi_hotspot:r013,3,,,1502.5103454536074,0.5,truthful resolved feasibility,,,7.0,9999.999999999998,Current feasibility,12.0,,1.0,1.0,1.0,0.0,7164.313679693581,moderate,7164.313679693581,,1.0,10000.0,7164.313679693581,,,,3.0,,10000.0,0.7164313679693582,,40013,"[""L008"", ""L009"", ""L013"", ""L014"", ""L019"", ""L026"", ""L032"", ""R001"", ""R005"", ""R006"", ""C000"", ""C001""]",,,12.0,0.0,3.0,10000.0,multi_hotspot,2835.6863203064186,,0.0,1333.1759748528111,1.0,0.0,48.0,15347.252506314664,10231.501670876441,0.9773736369964731,0.9773736369964732
,,greedy_local_search,3172.528396547715,2,exp3:multi_hotspot:f0.5:v1.0:r014,2.0,3.0,12823.890971886816,,,hardening:multi_hotspot:r014,3,,,1422.8819249542391,0.5,catalog/geography,,,2.0,10000.0,Catalog + geography,8.0,,0.7435138015264358,0.9152710117301665,1.0,1258.1381199469288,7307.149574162508,moderate,6049.011454215579,,0.8549260647924543,8549.260647924542,6049.011454215579,,,,5.0,,8549.260647924544,0.6049011454215579,,40014,"[""L007"", ""L013"", ""R000"", ""R002"", ""R005"", ""R006"", ""R008"", ""C001"", ""C002""]",,,9.0,0.0,3.0,8549.260647924544,multi_hotspot,2500.2491937089653,,1450.7393520754558,1077.3672687547262,1.0,0.0,48.0,15494.117623563077,10329.411749042054,0.8276619090837773,0.8276619090837771
,,greedy_local_search,3172.528396547715,2,exp3:multi_hotspot:f0.5:v1.0:r014,2.0,3.0,14997.642256267896,,,hardening:multi_hotspot:r014,3,,,1605.1656672187462,0.5,truthful resolved feasibility,,,4.0,10000.0,Current feasibility,11.0,,0.9996507046322812,1.0,1.0,0.0,7067.898912075888,moderate,7067.898912075888,,0.9998428170845264,9998.428170845264,7067.898912075888,,,,5.0,,9998.428170845264,0.7067898912075888,,40014,"[""L007"", ""L013"", ""L016"", ""L032"", ""R000"", ""R002"", ""R004"", ""R005"", ""R008"", ""C001"", ""C002""]",,,11.0,0.0,3.0,9998.428170845264,multi_hotspot,2930.529258769377,,1.5718291547348358,1325.3635915506316,1.0,0.0,48.0,16422.030804107384,10948.020536071592,0.9132635564486198,0.9132635564486195
,,greedy_local_search,3173.152608497909,2,exp3:multi_hotspot:f0.5:v1.0:r015,1.0,3.0,14060.007397119907,,,hardening:multi_hotspot:r015,3,,,1524.6720190415992,0.5,catalog/geography,,,3.0,9999.999999999998,Catalog + geography,10.0,,0.956599027653883,0.9419915388749052,0.8858361271209821,548.891949703494,7081.381579063019,moderate,6532.489629359525,,0.9373338264746606,9373.338264746606,6532.489629359525,,,,7.0,,9373.338264746606,0.6532489629359526,,40015,"[""L022"", ""L026"", ""L029"", ""R000"", ""R002"", ""R003"", ""R004"", ""R005"", ""R006"", ""R007"", ""C001""]",,,11.0,0.0,3.0,9373.338264746606,multi_hotspot,2840.848635387081,,626.6617352533937,1316.1766163454818,1.0,0.0,48.0,15091.089993543079,10060.726662362053,0.9316760686693716,0.9316760686693717
,,greedy_local_search,3173.152608497909,2,exp3:multi_hotspot:f0.5:v1.0:r015,1.0,3.0,14999.999999999998,,,hardening:multi_hotspot:r015,3,,,1521.2202824031597,0.5,truthful resolved feasibility,,,3.0,9999.999999999998,Current feasibility,11.0,,1.0,1.0,1.0,0.0,7060.674536507566,moderate,7060.674536507566,,1.0,10000.0,7060.674536507566,,,,7.0,,10000.0,0.7060674536507567,,40015,"[""L021"", ""L026"", ""L029"", ""R000"", ""R002"", ""R003"", ""R004"", ""R005"", ""R007"", ""R008"", ""C001""]",,,11.0,0.0,3.0,10000.0,multi_hotspot,2939.3254634924338,,0.0,1418.105181089274,1.0,0.0,48.0,15021.88169404679,10014.587796031194,0.9985433453349947,0.9985433453349948
,,greedy_local_search,3177.084552498707,2,exp3:multi_hotspot:f0.5:v1.0:r016,2.0,3.0,12118.715006479117,,,hardening:multi_hotspot:r016,3,,,1417.8374886501606,0.5,catalog/geography,,,1.0,10000.0,Catalog + geography,6.0,,0.822752063974253,0.7013539435405673,0.9610101236883104,1748.0582339842067,7382.88269521472,moderate,5634.824461230513,,0.8079143337652744,8079.143337652746,5634.824461230513,,,,5.0,,8079.143337652747,0.5634824461230513,,40016,"[""L013"", ""R000"", ""R002"", ""R004"", ""R006"", ""R008"", ""C001"", ""C002""]",,,8.0,0.0,3.0,8079.143337652747,multi_hotspot,2444.318876422233,,1920.8566623472548,1026.4813877720726,1.0,0.0,48.0,15279.767034937064,10186.51135662471,0.7931217130974427,0.793121713097443
,,greedy_local_search,3177.084552498707,2,exp3:multi_hotspot:f0.5:v1.0:r016,1.0,3.0,15000.0,,,hardening:multi_hotspot:r016,3,,,1596.1455468964798,0.5,truthful resolved feasibility,,,7.0,10000.0,Current feasibility,13.0,,1.0,1.0,1.0,0.0,6979.75788153465,moderate,6979.75788153465,,0.9999999999999998,10000.0,6979.75788153465,,,,5.0,,10000.0,0.697975788153465,,40016,"[""L000"", ""L006"", ""L007"", ""L010"", ""L013"", ""L025"", ""L029"", ""R001"", ""R004"", ""R005"", ""R006"", ""R008"", ""C001""]",,,13.0,0.0,3.0,10000.000000000002,multi_hotspot,3020.2421184653504,,1.6342482922482304e-13,1424.0965715688706,1.0,0.0,48.0,15408.81340736795,10272.542271578634,0.9734688585966996,0.9734688585966997
,,greedy_local_search,3078.847843759583,2,exp3:multi_hotspot:f0.5:v1.0:r017,2.0,3.0,11993.496387504922,,,hardening:multi_hotspot:r017,3,,,1383.4205856910776,0.5,catalog/geography,,,4.0,10000.0,Catalog + geography,10.0,,0.8834789370028393,0.7887964865554903,0.6296106694398117,1812.126286209136,7329.857099340691,moderate,5517.730813131555,,0.7995664258336617,7995.664258336616,5517.730813131555,,,,4.0,,7995.664258336616,0.5517730813131555,,40017,"[""L006"", ""L012"", ""L019"", ""L031"", ""R002"", ""R003"", ""R006"", ""R007"", ""C001"", ""C002""]",,,10.0,0.0,3.0,7995.664258336616,multi_hotspot,2477.9334452050603,,2004.3357416633835,1094.512859513983,1.0,0.0,48.0,15510.667687704195,10340.445125136132,0.7732417861684028,0.7732417861684028
,,greedy_local_search,3078.847843759583,2,exp3:multi_hotspot:f0.5:v1.0:r017,1.0,3.0,14963.5169430019,,,hardening:multi_hotspot:r017,3,,,1533.070505036785,0.5,truthful resolved feasibility,,,11.0,10000.0,Current feasibility,15.0,,0.9945951026669482,1.0,1.0,0.0,6896.830118241683,moderate,6896.830118241683,,0.9975677962001268,9975.677962001266,6896.830118241683,,,,3.0,,9975.677962001266,0.6896830118241682,,40017,"[""L003"", ""L006"", ""L010"", ""L012"", ""L013"", ""L017"", ""L019"", ""L020"", ""L021"", ""L027"", ""L031"", ""R003"", ""R004"", ""R006"", ""C001""]",,,15.0,0.0,3.0,9975.677962001268,multi_hotspot,3078.847843759583,,24.32203799873272,1545.7773387227976,1.0,0.0,48.0,14986.667216247202,9991.111477498132,0.9984552754183929,0.9984552754183932
,,greedy_local_search,3144.247219381794,2,exp3:multi_hotspot:f0.5:v1.0:r018,1.0,3.0,10221.5845791771,,,hardening:multi_hotspot:r018,3,,,1477.444802787864,0.5,catalog/geography,,,2.0,10000.000000000002,Catalog + geography,8.0,,0.5931753019997197,0.6629994011585161,0.9123014781989264,2781.6166184491267,7166.16323267006,moderate,4384.546614220933,,0.6814389719451397,6814.389719451398,4384.546614220933,,,,7.0,,6814.389719451398,0.4384546614220933,,40018,"[""L006"", ""L020"", ""R000"", ""R001"", ""R002"", ""R003"", ""R004"", ""R006"", ""R007"", ""C001""]",,,10.0,76.92242696059797,3.0,6814.3897194513975,multi_hotspot,2429.8431052304654,,3185.6102805486025,952.3983024426016,1.0,0.0,48.0,14987.01993870496,9991.346625803311,0.682029157296254,0.6820291572962535
,,greedy_local_search,3144.247219381794,2,exp3:multi_hotspot:f0.5:v1.0:r018,0.0,3.0,14211.011092334478,,,hardening:multi_hotspot:r018,3,,,1570.5056334914768,0.5,truthful resolved feasibility,,,11.0,10000.000000000002,Current feasibility,16.0,,0.9178294065215512,0.9664908840309682,0.9805284857171416,0.0,6334.563665704844,moderate,6334.563665704844,,0.9474007394889652,9474.007394889652,6334.563665704844,,,,5.0,,9474.007394889652,0.6334563665704842,,40018,"[""L000"", ""L002"", ""L004"", ""L005"", ""L010"", ""L016"", ""L020"", ""L026"", ""L028"", ""L029"", ""L034"", ""R000"", ""R002"", ""R003"", ""R004"", ""R007""]",,,16.0,0.0,3.0,9474.007394889652,multi_hotspot,3139.443729184808,,525.9926051103483,1568.938095693331,1.0,0.0,48.0,14688.53659015352,9792.357726769018,0.9674899201232101,0.9674899201232096
,,greedy_local_search,3139.3042522037977,2,exp3:multi_hotspot:f0.5:v1.0:r019,2.0,3.0,12161.64135263312,,,hardening:multi_hotspot:r019,3,,,1512.8936147629263,0.5,catalog/geography,,,7.0,9999.999999999998,Catalog + geography,10.0,,0.9431673127839884,0.6941859193241781,0.7169286382964205,1690.9513187422544,7197.111581669431,moderate,5506.1602629271765,,0.8107760901755411,8107.760901755411,5506.1602629271765,,,,3.0,,8107.760901755412,0.5506160262927178,,40019,"[""L006"", ""L007"", ""L019"", ""L022"", ""L027"", ""L028"", ""L029"", ""R000"", ""R001"", ""R005"", ""C001"", ""C002""]",,,12.0,0.0,3.0,8107.760901755412,multi_hotspot,2601.600638828236,,1892.2390982445877,1088.7070240653093,1.0,0.0,48.0,15656.617835725152,10437.745223816766,0.7767732137449749,0.776773213744975
,,greedy_local_search,3139.3042522037977,2,exp3:multi_hotspot:f0.5:v1.0:r019,1.0,3.0,14677.368205274788,,,hardening:multi_hotspot:r019,3,,,1627.3988621097346,0.5,truthful resolved feasibility,,,14.0,9999.999999999998,Current feasibility,17.0,,0.9854881306238976,0.9621647399861823,0.9913194795453398,0.0,6645.60788464606,moderate,6645.60788464606,,0.9784912136849856,9784.912136849856,6645.60788464606,,,,2.0,,9784.912136849856,0.6645607884646061,,40019,"[""L002"", ""L005"", ""L006"", ""L007"", ""L012"", ""L019"", ""L021"", ""L022"", ""L027"", ""L028"", ""L029"", ""L030"", ""L032"", ""L035"", ""R000"", ""R004"", ""C001""]",,,17.0,0.0,3.0,9784.912136849856,multi_hotspot,3139.3042522037968,,215.08786315014237,1511.9053900940623,1.0,0.0,48.0,15005.557352164686,10003.704901443123,0.9781288265948647,0.9781288265948644
,,greedy_local_search,3167.1915373627367,2,exp3:multi_hotspot:f0.5:v2.0:r000,1.0,3.0,10812.777492972144,,,hardening:multi_hotspot:r000,3,,,1158.2665363600229,0.5,catalog/geography,,,1.0,10000.0,Catalog + geography,6.0,,0.803615303336379,0.7086047938511018,0.5560663425777675,503.1078960142204,4739.738576554801,moderate,4236.63068054058,,0.7208518328648095,7208.518328648095,4236.63068054058,,,,5.0,,7208.518328648097,0.423663068054058,,40000,"[""L027"", ""R002"", ""R005"", ""R006"", ""R007"", ""R008"", ""C001""]",,,7.0,0.0,3.0,7208.518328648096,multi_hotspot,2971.8876481075163,,2791.4816713519035,1813.6211117474936,2.0,0.0,48.0,11856.627081803821,7904.418054535883,0.9119606628740431,0.9119606628740429
,,greedy_local_search,3167.1915373627367,2,exp3:multi_hotspot:f0.5:v2.0:r000,1.0,3.0,11784.652030414938,,,hardening:multi_hotspot:r000,3,,,1138.6138269533226,0.5,truthful resolved feasibility,,,1.0,10000.0,Current feasibility,7.0,,0.8316946767241604,0.7808493105032595,0.6904180274615814,0.0,4697.209988439481,moderate,4697.209988439481,,0.7856434686943293,7856.434686943293,4697.209988439481,,,,5.0,,7856.434686943292,0.4697209988439481,,40000,"[""L030"", ""R000"", ""R002"", ""R005"", ""R006"", ""R007"", ""C001""]",,,7.0,0.0,3.0,7856.434686943293,multi_hotspot,3159.224698503811,,2143.5653130567066,2020.6108715504884,2.0,0.0,48.0,11786.090435574624,7857.39362371642,0.9998779573966831,0.9998779573966827
,,greedy_local_search,3142.794055820548,2,exp3:multi_hotspot:f0.5:v2.0:r001,2.0,3.0,8760.531542160272,,,hardening:multi_hotspot:r001,3,,,1213.0007317303669,0.5,catalog/geography,,,1.0,10000.0,Catalog + geography,5.0,,0.6226002037988393,0.5431469414764641,0.5688195745888894,2163.334224363781,5369.18426983987,moderate,3205.850045476089,,0.584035436144018,5840.35436144018,3205.850045476089,,,,4.0,,5840.354361440181,0.3205850045476088,,40001,"[""L018"", ""R001"", ""R004"", ""R005"", ""R007"", ""C001"", ""C002""]",,,7.0,300.83687437077646,3.0,5840.354361440181,multi_hotspot,2634.504315964092,,4159.645638559819,1421.5035842337247,2.0,0.0,48.0,12918.028878443016,8612.01925229534,0.6781631798934452,0.6781631798934454
,,greedy_local_search,3142.794055820548,2,exp3:multi_hotspot:f0.5:v2.0:r001,2.0,3.0,11760.32187285139,,,hardening:multi_hotspot:r001,3,,,1114.3497487432146,0.5,truthful resolved feasibility,,,0.0,10000.0,Current feasibility,6.0,,0.7989215075620563,0.7316189190055066,0.8422007906761999,0.0,4785.5447994790575,moderate,4785.5447994790575,,0.7840214581900926,7840.214581900926,4785.5447994790575,,,,4.0,,7840.2145819009265,0.4785544799479057,,40001,"[""R001"", ""R002"", ""R004"", ""R007"", ""C000"", ""C001""]",,,6.0,0.0,3.0,7840.214581900926,multi_hotspot,3054.669782421869,,2159.785418099074,1940.320033678655,2.0,0.0,48.0,12296.124248578606,8197.416165719067,0.956425100715036,0.9564251007150363
,,greedy_local_search,3131.918120974454,2,exp3:multi_hotspot:f0.5:v2.0:r002,1.0,3.0,10788.411070616272,,,hardening:multi_hotspot:r002,3,,,1177.5169981736956,0.5,catalog/geography,,,0.0,10000.000000000002,Catalog + geography,6.0,,0.4830808225708818,0.9376493030440496,0.8683188924271863,576.7122991077022,4820.224095261234,moderate,4243.511796153532,,0.7192274047077515,7192.274047077515,4243.511796153532,,,,6.0,,7192.274047077515,0.424351179615353,,40002,"[""R000"", ""R002"", ""R004"", ""R005"", ""R006"", ""R007"", ""C001""]",,,7.0,0.0,3.0,7192.274047077515,multi_hotspot,2948.762250923984,,2807.725952922486,1771.2452527502878,2.0,0.0,48.0,11970.7783556562,7980.518903770799,0.9012288716814091,0.9012288716814094
,,greedy_local_search,3131.918120974454,2,exp3:multi_hotspot:f0.5:v2.0:r002,1.0,3.0,11610.078139276,,,hardening:multi_hotspot:r002,3,,,1186.830812895813,0.5,truthful resolved feasibility,,,0.0,10000.000000000002,Current feasibility,7.0,,0.5442808705919951,0.9918552086222808,0.9096474725043516,0.0,4635.496704444178,moderate,4635.496704444178,,0.7740052092850664,7740.052092850665,4635.496704444178,,,,6.0,,7740.052092850665,0.4635496704444177,,40002,"[""R000"", ""R002"", ""R004"", ""R005"", ""R007"", ""R008"", ""C001""]",,,7.0,0.0,3.0,7740.052092850665,multi_hotspot,3104.5553884064866,,2259.947907149336,1917.7245755106733,2.0,0.0,48.0,11902.869287838052,7935.246191892033,0.9754016328767706,0.9754016328767706
,,greedy_local_search,3097.6906149428264,2,exp3:multi_hotspot:f0.5:v2.0:r003,2.0,3.0,8689.420982159952,,,hardening:multi_hotspot:r003,3,,,1103.9695913745811,0.5,catalog/geography,,,1.0,10000.000000000002,Catalog + geography,5.0,,0.614065119646741,0.5390079250790983,0.5715632726263946,1636.3382726685431,4865.630021044824,moderate,3229.291748376281,,0.5792947321439967,5792.947321439968,3229.291748376281,,,,3.0,,5792.947321439968,0.322929174837628,,40003,"[""L023"", ""R000"", ""R001"", ""R007"", ""C001"", ""C002""]",,,6.0,0.0,3.0,5792.947321439968,multi_hotspot,2563.6555730636865,,4207.052678560031,1459.6859816891056,2.0,0.0,48.0,11877.394897331755,7918.263264887841,0.7315931698214414,0.731593169821441
,,greedy_local_search,3097.6906149428264,2,exp3:multi_hotspot:f0.5:v2.0:r003,1.0,3.0,11151.836997532791,,,hardening:multi_hotspot:r003,3,,,1120.28218858449,0.5,truthful resolved feasibility,,,3.0,10000.000000000002,Current feasibility,8.0,,0.7273073576309574,0.7517237512992213,0.7653208797343056,0.0,4336.867383412367,moderate,4336.867383412367,,0.7434557998355196,7434.557998355195,4336.867383412367,,,,4.0,,7434.557998355194,0.4336867383412366,,40003,"[""L002"", ""L023"", ""L029"", ""R001"", ""R002"", ""R004"", ""R007"", ""C001""]",,,8.0,0.0,3.0,7434.557998355195,multi_hotspot,3097.690614942827,,2565.442001644805,1977.4084263583368,2.0,0.0,48.0,11260.685919957732,7507.123946638491,0.990333721835539,0.9903337218355387
,,greedy_local_search,3168.841656308462,2,exp3:multi_hotspot:f0.5:v2.0:r004,2.0,3.0,7091.576148130996,,,hardening:multi_hotspot:r004,3,,,1208.1233085300903,0.5,catalog/geography,,,1.0,10000.0,Catalog + geography,6.0,,0.4425513525230101,0.5222429872454711,0.4541929451873184,3309.391689517459,5743.571941688578,moderate,2434.180252171119,,0.4727717432087331,4727.717432087332,2434.180252171119,,,,4.0,,4727.717432087331,0.2434180252171119,,40004,"[""L023"", ""R002"", ""R003"", ""R004"", ""R008"", ""C001"", ""C002""]",,,7.0,0.0,3.0,4727.717432087331,multi_hotspot,2293.537179916212,,5272.282567912669,1085.4138713861214,2.0,0.0,48.0,13356.313064802709,8904.208709868473,0.5309531240937372,0.5309531240937372
,,greedy_local_search,3168.841656308462,2,exp3:multi_hotspot:f0.5:v2.0:r004,1.0,3.0,11740.868877075218,,,hardening:multi_hotspot:r004,3,,,1239.7047675853469,0.5,truthful resolved feasibility,,,1.0,10000.0,Current feasibility,8.0,,0.7946844894113456,0.7459288238212772,0.8202074161623096,0.0,4658.404261741683,moderate,4658.404261741683,,0.7827245918050144,7827.245918050145,4658.404261741683,,,,6.0,,7827.245918050145,0.4658404261741682,,40004,"[""L019"", ""R000"", ""R001"", ""R004"", ""R006"", ""R007"", ""R008"", ""C001""]",,,8.0,0.0,3.0,7827.245918050145,multi_hotspot,3168.841656308462,,2172.7540819498554,1929.136888723115,2.0,0.0,48.0,12717.780598548246,8478.520399032164,0.9231853613212556,0.9231853613212556
,,greedy_local_search,3121.037067074452,2,exp3:multi_hotspot:f0.5:v2.0:r005,2.0,3.0,7145.848870596308,,,hardening:multi_hotspot:r005,3,,,1025.8346115643244,0.5,catalog/geography,,,1.0,10000.0,Catalog + geography,4.0,,0.3882754666809139,0.3985599176848288,0.810849967551596,2486.513868458837,5014.789898200202,moderate,2528.2760297413647,,0.4763899247064205,4763.899247064205,2528.2760297413647,,,,3.0,,4763.899247064206,0.2528276029741365,,40005,"[""L031"", ""R002"", ""R005"", ""R007"", ""C001"", ""C002""]",,,6.0,143.8098151071477,3.0,4763.899247064205,multi_hotspot,2235.6232173228414,,5236.100752935794,1209.788605758517,2.0,0.0,48.0,12226.172595779271,8150.781730519516,0.584471453728962,0.5844714537289619
,,greedy_local_search,3121.037067074452,2,exp3:multi_hotspot:f0.5:v2.0:r005,1.0,3.0,10811.260943720936,,,hardening:multi_hotspot:r005,3,,,1081.9579068392295,0.5,truthful resolved feasibility,,,3.0,10000.0,Current feasibility,8.0,,0.5008386154028001,0.8575172579693245,0.97621156180436,0.0,4097.226578921433,moderate,4097.226578921433,,0.7207507295813956,7207.507295813956,4097.226578921433,,,,4.0,,7207.507295813956,0.4097226578921433,,40005,"[""L001"", ""L004"", ""L018"", ""R001"", ""R002"", ""R004"", ""R008"", ""C001""]",,,8.0,0.0,3.0,7207.507295813957,multi_hotspot,3110.280716892523,,2792.492704186043,2028.322810053293,2.0,0.0,48.0,11107.771569369674,7405.181046246449,0.9733060205823476,0.9733060205823476
,,greedy_local_search,3057.222876742177,2,exp3:multi_hotspot:f0.5:v2.0:r006,2.0,3.0,7356.777052689832,,,hardening:multi_hotspot:r006,3,,,1109.5905085312995,0.5,catalog/geography,,,0.0,10000.0,Catalog + geography,5.0,,0.582656463293876,0.282514237377211,0.6468820597419368,3030.964842851583,5571.719749652473,moderate,2540.7549068008902,,0.4904518035126554,4904.518035126554,2540.7549068008902,,,,4.0,,4904.518035126555,0.254075490680089,,40006,"[""R000"", ""R005"", ""R006"", ""R007"", ""C001"", ""C002""]",,,6.0,0.0,3.0,4904.518035126555,multi_hotspot,2363.763128325665,,5095.481964873446,1254.1726197943656,2.0,0.0,48.0,12943.074109070123,8628.716072713416,0.5683948798171851,0.5683948798171851
,,greedy_local_search,3057.222876742177,2,exp3:multi_hotspot:f0.5:v2.0:r006,1.0,3.0,10020.621026379056,,,hardening:multi_hotspot:r006,3,,,1199.105324988195,0.5,truthful resolved feasibility,,,3.0,10000.0,Current feasibility,9.0,,0.8295820099592992,0.4724373866529476,0.6468820597419368,0.0,3667.791953162133,moderate,3667.791953162133,,0.6680414017586037,6680.414017586037,3667.791953162133,,,,5.0,,6680.4140175860375,0.3667791953162133,,40006,"[""L007"", ""L010"", ""L028"", ""R000"", ""R004"", ""R005"", ""R006"", ""R007"", ""C001""]",,,9.0,0.0,3.0,6680.414017586037,multi_hotspot,3012.6220644239047,,3319.5859824139625,1813.5167394357095,2.0,0.0,48.0,12283.407496285174,8188.938330856782,0.8157851173959307,0.8157851173959306
,,greedy_local_search,3160.0896040703738,2,exp3:multi_hotspot:f0.5:v2.0:r007,1.0,3.0,7869.526293879734,,,hardening:multi_hotspot:r007,3,,,1099.6912100922,0.5,catalog/geography,,,1.0,9999.999999999998,Catalog + geography,6.0,,0.6837886842733805,0.3241060402569684,0.5174653212284438,1905.4473288280951,4698.906402197709,moderate,2793.459073369614,,0.5246350862586491,5246.350862586491,2793.459073369614,,,,5.0,,5246.35086258649,0.2793459073369614,,40007,"[""L027"", ""R000"", ""R002"", ""R003"", ""R006"", ""R007"", ""C001""]",,,7.0,0.0,3.0,5246.350862586491,multi_hotspot,2452.891789216876,,4753.649137413511,1353.2005791246756,2.0,0.0,48.0,11785.099990559116,7856.7333270394065,0.6677521870992953,0.6677521870992958
,,greedy_local_search,3160.0896040703738,2,exp3:multi_hotspot:f0.5:v2.0:r007,1.0,3.0,9993.50313013392,,,hardening:multi_hotspot:r007,3,,,1301.9563961575336,0.5,truthful resolved feasibility,,,5.0,9999.999999999998,Current feasibility,9.0,,0.7984397912860703,0.4853357350814815,0.6853406432583886,0.0,3502.245816018907,moderate,3502.245816018907,,0.666233542008928,6662.335420089281,3502.245816018907,,,,4.0,,6662.335420089281,0.3502245816018908,,40007,"[""L016"", ""L023"", ""L027"", ""L028"", ""L030"", ""R000"", ""R002"", ""R004"", ""R007"", ""C001""]",,,10.0,0.0,3.0,6662.33542008928,multi_hotspot,3160.0896040703738,,3337.664579910721,1858.13320791284,2.0,0.0,48.0,12929.803253694046,8619.868835796027,0.7729045008692437,0.772904500869244
,,greedy_local_search,3111.814402771996,2,exp3:multi_hotspot:f0.5:v2.0:r008,2.0,3.0,9654.835573217995,,,hardening:multi_hotspot:r008,3,,,1137.0873630874914,0.5,catalog/geography,,,1.0,10000.0,Catalog + geography,6.0,,0.5606341709587473,0.590673060066454,0.9231737846325224,1989.904603437248,5673.243037081368,moderate,3683.33843364412,,0.6436557048811996,6436.5570488119965,3683.33843364412,,,,4.0,,6436.557048811996,0.368333843364412,,40008,"[""L030"", ""R003"", ""R004"", ""R005"", ""R007"", ""C001"", ""C002""]",,,7.0,247.1673115409853,3.0,6436.5570488119965,multi_hotspot,2753.218615167875,,3563.442951188003,1616.1312520803835,2.0,0.0,48.0,13668.225345844181,9112.150230562791,0.7063708220287387,0.7063708220287384
,,greedy_local_search,3111.814402771996,2,exp3:multi_hotspot:f0.5:v2.0:r008,2.0,3.0,12215.746176461296,,,hardening:multi_hotspot:r008,3,,,1118.8009926367815,0.5,truthful resolved feasibility,,,0.0,10000.0,Current feasibility,6.0,,0.7329694766410612,0.8129908969779301,1.0,0.0,5076.7510927818685,moderate,5076.7510927818685,,0.8143830784307531,8143.830784307531,5076.7510927818685,,,,4.0,,8143.830784307531,0.5076751092781868,,40008,"[""R001"", ""R003"", ""R005"", ""R006"", ""C000"", ""C001""]",,,6.0,0.0,3.0,8143.830784307531,multi_hotspot,3067.0796915256624,,1856.169215692468,1948.278698888881,2.0,0.0,48.0,13113.431108853265,8742.28740590218,0.9315446182665409,0.9315446182665406
,,greedy_local_search,3134.181575541887,2,exp3:multi_hotspot:f0.5:v2.0:r009,1.0,3.0,11700.251532460605,,,hardening:multi_hotspot:r009,3,,,1138.442670881043,0.5,catalog/geography,,,0.0,9999.999999999998,Catalog + geography,7.0,,0.6499260198479876,0.9793669644036314,0.7238581117892063,167.71323610963643,4879.507939649916,moderate,4711.794703540279,,0.7800167688307067,7800.167688307069,4711.794703540279,,,,6.0,,7800.167688307069,0.471179470354028,,40009,"[""R000"", ""R002"", ""R003"", ""R004"", ""R006"", ""R007"", ""C001""]",,,7.0,0.0,3.0,7800.167688307069,multi_hotspot,3088.372984766789,,2199.832311692933,1949.9303138857465,2.0,0.0,48.0,12009.44821308806,8006.298808725372,0.9742538811824436,0.9742538811824437
,,greedy_local_search,3134.181575541887,2,exp3:multi_hotspot:f0.5:v2.0:r009,1.0,3.0,11700.251532460605,,,hardening:multi_hotspot:r009,3,,,1138.442670881043,0.5,truthful resolved feasibility,,,0.0,9999.999999999998,Current feasibility,7.0,,0.6499260198479876,0.9793669644036314,0.7238581117892063,0.0,4711.794703540279,moderate,4711.794703540279,,0.7800167688307067,7800.167688307069,4711.794703540279,,,,6.0,,7800.167688307069,0.471179470354028,,40009,"[""R000"", ""R002"", ""R003"", ""R004"", ""R006"", ""R007"", ""C001""]",,,7.0,0.0,3.0,7800.167688307069,multi_hotspot,3088.372984766789,,2199.832311692933,1949.9303138857465,2.0,0.0,48.0,12009.44821308806,8006.298808725372,0.9742538811824436,0.9742538811824437
,,greedy_local_search,3131.0191729170765,2,exp3:multi_hotspot:f0.5:v2.0:r010,2.0,3.0,7344.469523991957,,,hardening:multi_hotspot:r010,3,,,1099.7483255517693,0.5,catalog/geography,,,0.0,10000.0,Catalog + geography,4.0,,0.6103346504956692,0.2650536891961621,0.6110595882887798,2613.711818979816,5091.623056294291,moderate,2477.911237314476,,0.4896313015994639,4896.313015994639,2477.911237314476,,,,4.0,,4896.313015994638,0.2477911237314475,,40010,"[""R000"", ""R002"", ""R004"", ""R005"", ""C001"", ""C002""]",,,6.0,0.0,3.0,4896.313015994638,multi_hotspot,2418.4017786801624,,5103.686984005362,1318.6534531283933,2.0,0.0,48.0,12808.056511209688,8538.704340806456,0.573425758823287,0.5734257588232871
,,greedy_local_search,3131.0191729170765,2,exp3:multi_hotspot:f0.5:v2.0:r010,1.0,3.0,10511.408279676714,,,hardening:multi_hotspot:r010,3,,,1128.0330362455827,0.5,truthful resolved feasibility,,,1.0,10000.0,Current feasibility,7.0,,0.9042244023611996,0.415550874059889,0.7420838249747328,0.0,3892.779131238891,moderate,3892.779131238891,,0.7007605519784477,7007.605519784476,3892.779131238891,,,,5.0,,7007.605519784476,0.3892779131238891,,40010,"[""L025"", ""R000"", ""R001"", ""R004"", ""R006"", ""R007"", ""C001""]",,,7.0,0.0,3.0,7007.605519784476,multi_hotspot,3114.8263885455854,,2992.3944802155247,1986.7933523000029,2.0,0.0,48.0,11533.536917165971,7689.02461144398,0.9113776940386804,0.9113776940386806
,,greedy_local_search,3086.135330375794,2,exp3:multi_hotspot:f0.5:v2.0:r011,2.0,3.0,9687.719494907788,,,hardening:multi_hotspot:r011,3,,,1150.5717107460987,0.5,catalog/geography,,,1.0,9999.999999999998,Catalog + geography,6.0,,0.6420194907900463,0.5897964153848216,0.7525522504348869,1535.4693766711648,5399.219952626937,moderate,3863.750575955772,,0.6458479663271858,6458.479663271858,3863.750575955772,,,,4.0,,6458.479663271858,0.3863750575955773,,40011,"[""L012"", ""R000"", ""R002"", ""R003"", ""R007"", ""C001"", ""C002""]",,,7.0,147.8744121667436,3.0,6458.479663271858,multi_hotspot,2594.729087316086,,3541.520336728142,1444.1573765699873,2.0,0.0,48.0,12673.783299458204,8449.188866305467,0.7643904954033679,0.7643904954033681
,,greedy_local_search,3086.135330375794,2,exp3:multi_hotspot:f0.5:v2.0:r011,2.0,3.0,11655.447757096594,,,hardening:multi_hotspot:r011,3,,,1233.995498805784,0.5,truthful resolved feasibility,,,2.0,9999.999999999998,Current feasibility,8.0,,0.7314427565949503,0.8102559815530606,0.8214550823090367,0.0,4684.163174355268,moderate,4684.163174355268,,0.7770298504731061,7770.298504731061,4684.163174355268,,,,4.0,,7770.298504731062,0.4684163174355268,,40011,"[""L012"", ""L018"", ""R001"", ""R002"", ""R003"", ""R007"", ""C001"", ""C002""]",,,8.0,0.0,3.0,7770.298504731062,multi_hotspot,3086.135330375794,,2229.7014952689383,1852.1398315700108,2.0,0.0,48.0,13249.579130893177,8833.052753928781,0.8796843765339194,0.8796843765339196
,,greedy_local_search,3156.616877017109,2,exp3:multi_hotspot:f0.5:v2.0:r012,2.0,3.0,6795.968798588058,,,hardening:multi_hotspot:r012,3,,,1235.3438983510532,0.5,catalog/geography,,,1.0,10000.0,Catalog + geography,4.0,,0.4326449274426469,0.3463166487538652,0.685817710797466,3343.195521367166,5607.621801481914,moderate,2264.4262801147484,,0.4530645865725372,4530.6458657253725,2264.4262801147484,,,,4.0,,4530.645865725372,0.2264426280114748,,40012,"[""L019"", ""R000"", ""R006"", ""R007"", ""R008"", ""C001"", ""C002""]",,,7.0,144.06771165857424,3.0,4530.645865725372,multi_hotspot,2266.219585610623,,5469.354134274628,1030.87568725957,2.0,0.0,48.0,13207.701469235362,8805.134312823573,0.5145459120512283,0.5145459120512283
,,greedy_local_search,3156.616877017109,2,exp3:multi_hotspot:f0.5:v2.0:r012,1.0,3.0,10893.540278309649,,,hardening:multi_hotspot:r012,3,,,1212.7494174506285,0.5,truthful resolved feasibility,,,1.0,10000.0,Current feasibility,8.0,,0.7717823435790154,0.6038493846400155,0.8379333965970706,0.0,4105.743308522656,moderate,4105.743308522656,,0.7262360185539767,7262.3601855397665,4105.743308522656,,,,6.0,,7262.360185539765,0.4105743308522656,,40012,"[""L003"", ""R001"", ""R002"", ""R004"", ""R005"", ""R007"", ""R008"", ""C001""]",,,8.0,0.0,3.0,7262.360185539766,multi_hotspot,3156.616877017109,,2737.639814460236,1943.8674595664804,2.0,0.0,48.0,12196.132032150057,8130.754688100035,0.8931963223744492,0.8931963223744495
,,greedy_local_search,3128.370898926705,2,exp3:multi_hotspot:f0.5:v2.0:r013,2.0,3.0,9378.095447325595,,,hardening:multi_hotspot:r013,3,,,1172.4542109675288,0.5,catalog/geography,,,1.0,9999.999999999998,Catalog + geography,6.0,,0.6335773093507459,0.5084612149371396,0.8106757435960267,1651.5561339686446,5244.361427594398,moderate,3592.8052936257536,,0.6252063631550397,6252.063631550398,3592.8052936257536,,,,4.0,,6252.063631550398,0.3592805293625754,,40013,"[""L009"", ""R001"", ""R003"", ""R005"", ""R007"", ""C001"", ""C002""]",,,7.0,288.3416232969939,3.0,6252.063631550398,multi_hotspot,2659.2583379246444,,3747.9363684496016,1486.8041269571154,2.0,0.0,48.0,12800.37294348772,8533.581962325146,0.7326423604006606,0.7326423604006608
,,greedy_local_search,3128.370898926705,2,exp3:multi_hotspot:f0.5:v2.0:r013,2.0,3.0,12625.371832841316,,,hardening:multi_hotspot:r013,3,,,1173.5819452952253,0.5,truthful resolved feasibility,,,1.0,9999.999999999998,Current feasibility,7.0,,0.8857787999010827,0.7697030594348262,0.8684746238253904,0.0,5294.0826606942,moderate,5294.0826606942,,0.8416914555227544,8416.914555227544,5294.0826606942,,,,4.0,,8416.914555227544,0.5294082660694202,,40013,"[""L019"", ""R001"", ""R003"", ""R005"", ""R006"", ""C000"", ""C001""]",,,7.0,0.0,3.0,8416.914555227544,multi_hotspot,3122.831894533344,,1583.0854447724555,1949.249949238119,2.0,0.0,48.0,12747.073655953767,8498.049103969177,0.9904525676718273,0.9904525676718274
,,greedy_local_search,3172.528396547715,2,exp3:multi_hotspot:f0.5:v2.0:r014,2.0,3.0,11345.297871433257,,,hardening:multi_hotspot:r014,3,,,1149.6246723855772,0.5,catalog/geography,,,0.0,10000.0,Catalog + geography,6.0,,0.6127704299912776,0.8253242415632407,0.9587150669283726,527.6986874389931,5150.460533430058,moderate,4622.761845991065,,0.7563531914288837,7563.531914288837,4622.761845991065,,,,4.0,,7563.531914288837,0.4622761845991064,,40014,"[""R000"", ""R001"", ""R002"", ""R005"", ""C001"", ""C002""]",,,6.0,0.0,3.0,7563.531914288837,multi_hotspot,2940.770068297772,,2436.468085711163,1791.145395912195,2.0,0.0,48.0,12649.68106358856,8433.120709059043,0.8968841043818961,0.8968841043818956
,,greedy_local_search,3172.528396547715,2,exp3:multi_hotspot:f0.5:v2.0:r014,2.0,3.0,11945.26664465649,,,hardening:multi_hotspot:r014,3,,,1173.0127509822892,0.5,truthful resolved feasibility,,,0.0,10000.0,Current feasibility,6.0,,0.6600271028261235,0.8552540382057443,1.0,0.0,4861.354322681353,moderate,4861.354322681353,,0.796351109643766,7963.51109643766,4861.354322681353,,,,4.0,,7963.51109643766,0.4861354322681352,,40014,"[""R001"", ""R002"", ""R005"", ""R008"", ""C001"", ""C002""]",,,6.0,0.0,3.0,7963.51109643766,multi_hotspot,3102.1567737563078,,2036.4889035623391,1929.1440227740184,2.0,0.0,48.0,12551.299180034279,8367.532786689522,0.9517155533714133,0.951715553371413
,,greedy_local_search,3173.152608497909,2,exp3:multi_hotspot:f0.5:v2.0:r015,1.0,3.0,11401.971864931758,,,hardening:multi_hotspot:r015,3,,,1164.7735990198207,0.5,catalog/geography,,,0.0,9999.999999999998,Catalog + geography,7.0,,0.6862857723636152,0.8239213726850215,0.8146518982936647,55.6588557497289,4483.820823872993,moderate,4428.161968123264,,0.7601314576621173,7601.314576621173,4428.161968123264,,,,6.0,,7601.314576621174,0.4428161968123265,,40015,"[""R000"", ""R001"", ""R002"", ""R003"", ""R004"", ""R005"", ""C001""]",,,7.0,0.0,3.0,7601.314576621173,multi_hotspot,3173.1526084979096,,2398.6854233788263,2008.3790094780888,2.0,0.0,48.0,11712.617322851262,7808.4115485675065,0.9734777078976673,0.9734777078976675
,,greedy_local_search,3173.152608497909,2,exp3:multi_hotspot:f0.5:v2.0:r015,1.0,3.0,11467.389205379211,,,hardening:multi_hotspot:r015,3,,,1178.8064266650792,0.5,truthful resolved feasibility,,,0.0,9999.999999999998,Current feasibility,7.0,,0.7428918133190487,0.7958963837249865,0.7581378169731513,0.0,4471.773528421565,moderate,4471.773528421565,,0.7644926136919474,7644.926136919475,4471.773528421565,,,,6.0,,7644.926136919475,0.4471773528421566,,40015,"[""R001"", ""R002"", ""R003"", ""R004"", ""R005"", ""R007"", ""C001""]",,,7.0,0.0,3.0,7644.9261369194755,multi_hotspot,3173.1526084979096,,2355.0738630805245,1994.34618183283,2.0,0.0,48.0,11479.160755219942,7652.773836813294,0.9989745287053866,0.9989745287053868
,,greedy_local_search,3177.084552498707,2,exp3:multi_hotspot:f0.5:v2.0:r016,2.0,3.0,10889.22820862005,,,hardening:multi_hotspot:r016,3,,,1207.0837749272775,0.5,catalog/geography,,,0.0,10000.0,Catalog + geography,5.0,,0.7543477676785504,0.6707462851362614,0.7586542599414876,1224.0712115881606,5501.208035530544,moderate,4277.136823942384,,0.7259485472413366,7259.485472413367,4277.136823942384,,,,4.0,,7259.485472413367,0.4277136823942383,,40016,"[""R000"", ""R004"", ""R006"", ""R008"", ""C001"", ""C002""]",,,6.0,0.0,3.0,7259.485472413367,multi_hotspot,2982.348648470984,,2740.514527586633,1775.264873543706,2.0,0.0,48.0,13291.131745025,8860.754496683334,0.8192852510619342,0.8192852510619341
,,greedy_local_search,3177.084552498707,2,exp3:multi_hotspot:f0.5:v2.0:r016,2.0,3.0,11610.268117843749,,,hardening:multi_hotspot:r016,3,,,1274.250420979261,0.5,truthful resolved feasibility,,,1.0,10000.0,Current feasibility,7.0,,0.7709476847050925,0.7279674482875259,0.8615140475249544,0.0,4563.094192730459,moderate,4563.094192730459,,0.7740178745229165,7740.178745229166,4563.094192730459,,,,4.0,,7740.178745229166,0.4563094192730459,,40016,"[""L025"", ""R004"", ""R005"", ""R006"", ""R008"", ""C001"", ""C002""]",,,7.0,0.0,3.0,7740.178745229166,multi_hotspot,3177.084552498707,,2259.8212547708345,1902.834131519446,2.0,0.0,48.0,13621.74492175204,9081.163281168028,0.8523333966784064,0.8523333966784062
,,greedy_local_search,3078.847843759583,2,exp3:multi_hotspot:f0.5:v2.0:r017,2.0,3.0,9087.405219178338,,,hardening:multi_hotspot:r017,3,,,1001.6745301674042,0.5,catalog/geography,,,1.0,10000.0,Catalog + geography,6.0,,0.5634434657780648,0.7285562920941895,0.486413763893969,1788.5972443507026,5284.57610609067,moderate,3495.978861739967,,0.6058270146118893,6058.270146118892,3495.978861739967,,,,3.0,,6058.270146118892,0.3495978861739967,,40017,"[""L003"", ""R001"", ""R003"", ""R007"", ""C001"", ""C002""]",,,6.0,0.0,3.0,6058.270146118892,multi_hotspot,2562.2912843789245,,3941.7298538811065,1560.6167542115204,2.0,0.0,48.0,12541.926499034158,8361.28433268944,0.7245621491943961,0.724562149194396
,,greedy_local_search,3078.847843759583,2,exp3:multi_hotspot:f0.5:v2.0:r017,1.0,3.0,11054.261204840734,,,hardening:multi_hotspot:r017,3,,,1079.3190954735296,0.5,truthful resolved feasibility,,,3.0,10000.0,Current feasibility,8.0,,0.649097425848376,0.8521794629079689,0.7329704666991202,0.0,4290.659626134239,moderate,4290.659626134239,,0.7369507469893823,7369.507469893822,4290.659626134239,,,,4.0,,7369.507469893822,0.4290659626134239,,40017,"[""L003"", ""L019"", ""L031"", ""R002"", ""R003"", ""R004"", ""R006"", ""C001""]",,,8.0,0.0,3.0,7369.507469893822,multi_hotspot,3078.847843759583,,2630.492530106176,1999.528748286053,2.0,0.0,48.0,11455.005735372286,7636.670490248191,0.9650157721620269,0.9650157721620269
,,greedy_local_search,3144.247219381794,2,exp3:multi_hotspot:f0.5:v2.0:r018,1.0,3.0,9466.419523919609,,,hardening:multi_hotspot:r018,3,,,1156.3101422052744,0.5,catalog/geography,,,2.0,10000.000000000002,Catalog + geography,8.0,,0.4967650416675182,0.6041276258118926,0.9805284857171416,1241.3839941500364,4636.952780428255,moderate,3395.568786278219,,0.6310946349279738,6310.946349279739,3395.568786278219,,,,5.0,,6310.946349279739,0.3395568786278218,,40018,"[""L000"", ""L034"", ""R000"", ""R002"", ""R003"", ""R004"", ""R007"", ""C001""]",,,8.0,0.0,3.0,6310.94634927974,multi_hotspot,2915.37756300152,,3689.053650720261,1759.0674207962456,2.0,0.0,48.0,11777.500788076868,7851.667192051249,0.8037715041805035,0.8037715041805032
,,greedy_local_search,3144.247219381794,2,exp3:multi_hotspot:f0.5:v2.0:r018,0.0,3.0,10259.283859467469,,,hardening:multi_hotspot:r018,3,,,1117.7444109582543,0.5,truthful resolved feasibility,,,3.0,10000.000000000002,Current feasibility,9.0,,0.6619048081935806,0.5428268470494046,0.9805284857171416,0.0,3695.2753535965176,moderate,3695.2753535965176,,0.683952257297831,6839.522572978312,3695.2753535965176,,,,6.0,,6839.522572978312,0.3695275353596517,,40018,"[""L000"", ""L020"", ""L034"", ""R000"", ""R001"", ""R002"", ""R003"", ""R004"", ""R007""]",,,9.0,0.0,3.0,6839.522572978312,multi_hotspot,3144.247219381794,,3160.4774270216885,2026.50280842354,2.0,0.0,48.0,11029.745044474963,7353.163362983312,0.9301469633340768,0.9301469633340763
,,greedy_local_search,3139.3042522037977,2,exp3:multi_hotspot:f0.5:v2.0:r019,2.0,3.0,9347.160418972431,,,hardening:multi_hotspot:r019,3,,,1240.2492760010475,0.5,catalog/geography,,,1.0,9999.999999999998,Catalog + geography,5.0,,0.7588915679792403,0.5429289572186531,0.4580884365715432,1608.1406879176884,5144.9496800484885,moderate,3536.8089921308,,0.6231440279314953,6231.440279314953,3536.8089921308,,,,4.0,,6231.440279314953,0.3536808992130801,,40019,"[""L027"", ""R000"", ""R001"", ""R004"", ""R005"", ""C001"", ""C002""]",,,7.0,0.0,3.0,6231.440279314953,multi_hotspot,2694.631287184153,,3768.559720685046,1454.3820111831055,2.0,0.0,48.0,13055.2470436461,8703.498029097398,0.715969631805752,0.715969631805752
,,greedy_local_search,3139.3042522037977,2,exp3:multi_hotspot:f0.5:v2.0:r019,2.0,3.0,10877.91219090671,,,hardening:multi_hotspot:r019,3,,,1242.1010772936734,0.5,truthful resolved feasibility,,,5.0,9999.999999999998,Current feasibility,9.0,,0.7523578997729292,0.7353969268946658,0.6462208337474803,0.0,4112.637208400674,moderate,4112.637208400674,,0.7251941460604473,7251.941460604473,4112.637208400674,,,,2.0,,7251.941460604472,0.4112637208400675,,40019,"[""L006"", ""L019"", ""L028"", ""L029"", ""L032"", ""R000"", ""R004"", ""C001"", ""C002""]",,,9.0,0.0,3.0,7251.941460604474,multi_hotspot,3139.3042522037977,,2748.0585393955266,1897.2031749101243,2.0,0.0,48.0,12921.336655633448,8614.224437088964,0.8418565726452267,0.8418565726452268
,,greedy_local_search,3167.1915373627367,2,exp3:multi_hotspot:f1.0:v0.5:r000,1.0,3.0,12538.706418210655,,,hardening:multi_hotspot:r000,3,,,2587.198736456217,1.0,catalog/geography,,,1.0,10000.0,Catalog + geography,8.0,,0.8898123482097061,0.8201142766756138,0.7422910384160559,479.4956725403754,5705.3103733910175,moderate,5225.814700850642,,0.8359137612140437,8359.137612140437,5225.814700850642,,,,6.0,,8359.137612140437,0.5225814700850642,,40000,"[""L014"", ""R000"", ""R002"", ""R005"", ""R006"", ""R007"", ""R008"", ""C001""]",,,8.0,0.0,3.0,8359.137612140437,multi_hotspot,3133.3229112897952,,1640.8623878595622,546.1241748335784,0.5,0.0,48.0,13307.810666241361,8871.873777494244,0.9422065531799506,0.9422065531799504
,,greedy_local_search,3167.1915373627367,2,exp3:multi_hotspot:f1.0:v0.5:r000,1.0,3.0,13169.825647382217,,,hardening:multi_hotspot:r000,3,,,2525.2789835055983,1.0,truthful resolved feasibility,,,1.0,10000.0,Current feasibility,8.0,,0.8424562415154384,0.9169159947664548,0.8898123482097062,0.0,5664.191352134044,moderate,5664.191352134044,,0.8779883764921477,8779.883764921477,5664.191352134044,,,,6.0,,8779.883764921478,0.5664191352134044,,40000,"[""L014"", ""R000"", ""R002"", ""R004"", ""R005"", ""R006"", ""R007"", ""C001""]",,,8.0,0.0,3.0,8779.883764921477,multi_hotspot,3115.6924127874345,,1220.1162350785223,590.413429281836,0.5,0.0,48.0,13171.264052541901,8780.842701694604,0.9998907921704442,0.9998907921704436
,,greedy_local_search,3142.794055820548,2,exp3:multi_hotspot:f1.0:v0.5:r001,2.0,3.0,9736.95051412437,,,hardening:multi_hotspot:r001,3,,,2585.93313951972,1.0,catalog/geography,,,0.0,10000.0,Catalog + geography,5.0,,0.6989635744771245,0.6379445498197281,0.556579166616735,2600.833034506272,6103.910658264324,moderate,3503.077623758052,,0.6491300342749581,6491.3003427495805,3503.077623758052,,,,5.0,,6491.3003427495805,0.3503077623758052,,40001,"[""R001"", ""R002"", ""R004"", ""R005"", ""R007"", ""C001"", ""C002""]",,,7.0,601.6737487415529,3.0,6491.3003427495805,multi_hotspot,2988.222718991529,,3508.6996572504204,402.28957947180936,0.5,0.0,48.0,13894.447850407116,9262.96523360474,0.7007799531838951,0.7007799531838954
,,greedy_local_search,3142.794055820548,2,exp3:multi_hotspot:f1.0:v0.5:r001,2.0,3.0,13054.45686116863,,,hardening:multi_hotspot:r001,3,,,2500.363554137335,1.0,truthful resolved feasibility,,,2.0,10000.0,Current feasibility,8.0,,0.8431251293296409,0.922077511096842,0.8408184349783785,0.0,5627.26009699747,moderate,5627.26009699747,,0.8702971240779088,8702.971240779088,5627.26009699747,,,,4.0,,8702.971240779088,0.5627260096997471,,40001,"[""L000"", ""L014"", ""R001"", ""R002"", ""R004"", ""R008"", ""C000"", ""C001""]",,,8.0,0.0,3.0,8702.971240779088,multi_hotspot,3075.711143781618,,1297.028759220912,575.3475896442828,0.5,0.0,48.0,13417.705001246966,8945.136667497974,0.9729276996293644,0.972927699629365
,,greedy_local_search,3131.918120974454,2,exp3:multi_hotspot:f1.0:v0.5:r002,1.0,3.0,11431.523740470691,,,hardening:multi_hotspot:r002,3,,,2505.7076581479137,1.0,catalog/geography,,,1.0,10000.000000000002,Catalog + geography,7.0,,0.6481426658476563,0.8452967498542262,0.8729176030881076,1047.5462679990414,5643.387825316942,moderate,4595.841557317901,,0.7621015826980461,7621.015826980461,4595.841557317901,,,,6.0,,7621.015826980461,0.45958415573179,,40002,"[""L031"", ""R000"", ""R001"", ""R003"", ""R004"", ""R005"", ""R006"", ""C001""]",,,8.0,0.0,3.0,7621.015826980461,multi_hotspot,3025.174269662561,,2378.9841730195394,519.4666115146475,0.5,0.0,48.0,13110.36853943639,8740.245692957593,0.8719452627196801,0.8719452627196801
,,greedy_local_search,3131.918120974454,2,exp3:multi_hotspot:f1.0:v0.5:r002,1.0,3.0,12537.808173094272,,,hardening:multi_hotspot:r002,3,,,2544.497211964819,1.0,truthful resolved feasibility,,,3.0,10000.000000000002,Current feasibility,9.0,,0.6352308404584106,1.0,1.0,0.0,5237.357351845733,moderate,5237.357351845733,,0.835853878206285,8358.53878206285,5237.357351845733,,,,5.0,,8358.53878206285,0.5237357351845733,,40002,"[""L016"", ""L026"", ""L031"", ""R000"", ""R001"", ""R002"", ""R004"", ""R005"", ""C001""]",,,9.0,0.0,3.0,8358.538782062848,multi_hotspot,3121.181430217116,,1641.461217937152,576.6842182522967,0.5,0.0,48.0,12895.434091412335,8596.956060941557,0.9722672446865342,0.9722672446865341
,,greedy_local_search,3097.6906149428264,2,exp3:multi_hotspot:f1.0:v0.5:r003,2.0,3.0,9091.021941870727,,,hardening:multi_hotspot:r003,3,,,2484.778481904801,1.0,catalog/geography,,,1.0,10000.000000000002,Catalog + geography,4.0,,0.6103191485884163,0.5615751854398526,0.6743659884465638,2697.709161410839,5885.92218911311,moderate,3188.213027702271,,0.6060681294580484,6060.681294580485,3188.213027702271,,,,4.0,,6060.681294580485,0.3188213027702271,,40003,"[""L031"", ""R000"", ""R001"", ""R005"", ""R007"", ""C001"", ""C002""]",,,7.0,0.0,3.0,6060.681294580486,multi_hotspot,2872.468266878214,,3939.318705419515,387.6897849734128,0.5,0.0,48.0,13421.731955273006,8947.82130351534,0.6773359781111655,0.6773359781111654
,,greedy_local_search,3097.6906149428264,2,exp3:multi_hotspot:f1.0:v0.5:r003,1.0,3.0,12563.499345966024,,,hardening:multi_hotspot:r003,3,,,2487.616437173819,1.0,truthful resolved feasibility,,,5.0,10000.000000000002,Current feasibility,10.0,,0.907113195074886,0.7746772668368767,0.79114320943898,0.0,5281.670303492236,moderate,5281.670303492236,,0.8375666230644015,8375.666230644016,5281.670303492236,,,,4.0,,8375.666230644016,0.5281670303492235,,40003,"[""L017"", ""L018"", ""L023"", ""L029"", ""L035"", ""R001"", ""R004"", ""R005"", ""R007"", ""C001""]",,,10.0,0.0,3.0,8375.666230644016,multi_hotspot,3093.99592715178,,1624.333769355984,606.3794899779607,0.5,0.0,48.0,12793.15038675846,8528.766924505644,0.9820489063405261,0.9820489063405256
,,greedy_local_search,3168.841656308462,2,exp3:multi_hotspot:f1.0:v0.5:r004,2.0,3.0,8018.943381899661,,,hardening:multi_hotspot:r004,3,,,2536.321588156576,1.0,catalog/geography,,,0.0,10000.0,Catalog + geography,6.0,,0.5621744092945535,0.4916816310172923,0.5476458521068801,3945.62157334177,6443.0176833135165,moderate,2497.3961099717462,,0.5345962254599773,5345.962254599774,2497.3961099717462,,,,5.0,,5345.962254599775,0.2497396109971746,,40004,"[""R002"", ""R003"", ""R004"", ""R007"", ""R008"", ""C001"", ""C002""]",,,7.0,0.0,3.0,5345.962254599775,multi_hotspot,2848.5661446280283,,4654.037745400226,312.24455647145226,0.5,0.0,48.0,14263.093014661208,9508.728676440805,0.5622163000449405,0.5622163000449407
,,greedy_local_search,3168.841656308462,2,exp3:multi_hotspot:f1.0:v0.5:r004,1.0,3.0,12632.72113474302,,,hardening:multi_hotspot:r004,3,,,2632.5790833516085,1.0,truthful resolved feasibility,,,2.0,10000.0,Current feasibility,9.0,,0.8272301743160959,0.8362047670032988,0.8862808104473513,0.0,5253.318986825125,moderate,5253.318986825125,,0.842181408982868,8421.81408982868,5253.318986825125,,,,6.0,,8421.81408982868,0.5253318986825125,,40004,"[""L005"", ""L019"", ""R000"", ""R001"", ""R004"", ""R006"", ""R007"", ""R008"", ""C001""]",,,9.0,0.0,3.0,8421.81408982868,multi_hotspot,3168.4951030035554,,1578.1859101713203,535.916019651947,0.5,0.0,48.0,13359.3705497525,8906.247033168334,0.945607511049767,0.945607511049767
,,greedy_local_search,3121.037067074452,2,exp3:multi_hotspot:f1.0:v0.5:r005,2.0,3.0,8758.735863102129,,,hardening:multi_hotspot:r005,3,,,2391.4021491270278,1.0,catalog/geography,,,3.0,10000.0,Catalog + geography,6.0,,0.5134609150386689,0.4753066952832852,0.9325048454512896,2936.186544725648,5977.230633512156,moderate,3041.0440887865075,,0.5839157242068087,5839.157242068087,3041.0440887865075,,,,3.0,,5839.157242068087,0.3041044088786507,,40005,"[""L010"", ""L020"", ""L031"", ""R002"", ""R005"", ""R006"", ""C001"", ""C002""]",,,8.0,0.0,3.0,5839.157242068087,multi_hotspot,2798.11315328158,,4160.842757931912,406.711004154552,0.5,0.0,48.0,13557.222789197875,9038.148526131918,0.6460567919619139,0.6460567919619139
,,greedy_local_search,3121.037067074452,2,exp3:multi_hotspot:f1.0:v0.5:r005,1.0,3.0,12104.345681940957,,,hardening:multi_hotspot:r005,3,,,2444.0990434282585,1.0,truthful resolved feasibility,,,5.0,10000.0,Current feasibility,10.0,,0.6198188438784835,0.9603756179519024,0.9595321638379016,0.0,5015.042086022395,moderate,5015.042086022395,,0.8069563787960637,8069.563787960637,5015.042086022395,,,,4.0,,8069.563787960637,0.5015042086022394,,40005,"[""L001"", ""L006"", ""L010"", ""L020"", ""L033"", ""R001"", ""R002"", ""R004"", ""R008"", ""C001""]",,,10.0,0.0,3.0,8069.563787960638,multi_hotspot,3054.521701938241,,1930.436212039362,610.4226585099826,0.5,0.0,48.0,12400.856307589695,8267.23753839313,0.9760895039589109,0.9760895039589109
,,greedy_local_search,3057.222876742177,2,exp3:multi_hotspot:f1.0:v0.5:r006,2.0,3.0,8323.892904569191,,,hardening:multi_hotspot:r006,3,,,2514.2010520352223,1.0,catalog/geography,,,0.0,10000.0,Catalog + geography,6.0,,0.6946695342953759,0.3227099750189704,0.6468820597419368,3781.7157389946215,6464.63091538077,moderate,2682.915176386148,,0.5549261936379462,5549.261936379462,2682.915176386148,,,,5.0,,5549.261936379462,0.2682915176386148,,40006,"[""R000"", ""R004"", ""R005"", ""R006"", ""R007"", ""C001"", ""C002""]",,,7.0,0.0,3.0,5549.261936379462,multi_hotspot,2866.3467599933138,,4450.738063620538,352.1457079580914,0.5,0.0,48.0,14281.438036674426,9520.958691116284,0.5828469712359227,0.5828469712359228
,,greedy_local_search,3057.222876742177,2,exp3:multi_hotspot:f1.0:v0.5:r006,0.0,3.0,10492.650571211172,,,hardening:multi_hotspot:r006,3,,,2469.240437427511,1.0,truthful resolved feasibility,,,9.0,10000.0,Current feasibility,12.0,,0.6962574403669725,0.7337650799063424,0.6468820597419368,0.0,3951.62875611941,moderate,3951.62875611941,,0.6995100380807447,6995.100380807447,3951.62875611941,,,,4.0,,6995.100380807447,0.3951628756119409,,40006,"[""L007"", ""L010"", ""L012"", ""L014"", ""L019"", ""L028"", ""L029"", ""L031"", ""L032"", ""R000"", ""R005"", ""R006"", ""R007""]",,,13.0,0.0,3.0,6995.100380807447,multi_hotspot,3043.471624688037,,3004.899619192552,574.2311872605266,0.5,0.0,48.0,11541.41365391586,7694.275769277239,0.9091304484742339,0.9091304484742339
,,greedy_local_search,3160.0896040703738,2,exp3:multi_hotspot:f1.0:v0.5:r007,1.0,3.0,8182.559599857808,,,hardening:multi_hotspot:r007,3,,,2530.243581654509,1.0,catalog/geography,,,1.0,9999.999999999998,Catalog + geography,5.0,,0.6342796135517695,0.3967541424377602,0.6060709868617069,3319.115034081164,5880.677368603678,moderate,2561.562334522514,,0.5455039733238538,5455.039733238538,2561.562334522514,,,,6.0,,5455.039733238538,0.2561562334522514,,40007,"[""L006"", ""R000"", ""R001"", ""R002"", ""R004"", ""R006"", ""R007"", ""C001""]",,,8.0,270.7129837295074,3.0,5455.039733238538,multi_hotspot,2893.4773987160243,,4544.960266761463,363.2338170615151,0.5,0.0,48.0,13555.88121037495,9037.254140249961,0.6036169447689843,0.6036169447689846
,,greedy_local_search,3160.0896040703738,2,exp3:multi_hotspot:f1.0:v0.5:r007,0.0,3.0,11064.19632975065,,,hardening:multi_hotspot:r007,3,,,2569.1844227358188,1.0,truthful resolved feasibility,,,7.0,9999.999999999998,Current feasibility,12.0,,0.7879434149619658,0.5921189083570643,0.8789846699609309,0.0,4219.917155991939,moderate,4219.917155991939,,0.7376130886500434,7376.130886500434,4219.917155991939,,,,5.0,,7376.130886500434,0.4219917155991939,,40007,"[""L012"", ""L016"", ""L017"", ""L018"", ""L023"", ""L027"", ""L030"", ""R000"", ""R002"", ""R003"", ""R004"", ""R007""]",,,12.0,0.0,3.0,7376.130886500434,multi_hotspot,3156.2137305084952,,2623.869113499567,587.0293077726765,0.5,0.0,48.0,11923.39832185568,7948.932214570449,0.9279398398919454,0.927939839891946
,,greedy_local_search,3111.814402771996,2,exp3:multi_hotspot:f1.0:v0.5:r008,2.0,3.0,11172.552377405616,,,hardening:multi_hotspot:r008,3,,,2507.9874526460244,1.0,catalog/geography,,,0.0,10000.0,Catalog + geography,6.0,,0.6025788084085228,0.7875508524384909,0.990167815115337,2299.284667090051,6758.390323187596,moderate,4459.105656097545,,0.7448368251603745,7448.368251603745,4459.105656097545,,,,5.0,,7448.368251603745,0.4459105656097545,,40008,"[""R001"", ""R003"", ""R004"", ""R005"", ""R006"", ""C001"", ""C002""]",,,7.0,494.3346230819706,3.0,7448.368251603745,multi_hotspot,2989.262595506201,,2551.631748396254,481.2751428601764,0.5,0.0,48.0,14869.725295839624,9913.15019722642,0.7513623927223165,0.7513623927223164
,,greedy_local_search,3111.814402771996,2,exp3:multi_hotspot:f1.0:v0.5:r008,1.0,3.0,13024.08904900059,,,hardening:multi_hotspot:r008,3,,,2453.51369065484,1.0,truthful resolved feasibility,,,3.0,10000.0,Current feasibility,9.0,,0.7531420825105775,0.9410247603912744,1.0,0.0,5607.886561237486,moderate,5607.886561237486,,0.8682726032667059,8682.726032667058,5607.886561237486,,,,5.0,,8682.726032667058,0.5607886561237486,,40008,"[""L001"", ""L020"", ""L024"", ""R001"", ""R003"", ""R004"", ""R006"", ""R008"", ""C001""]",,,9.0,0.0,3.0,8682.726032667058,multi_hotspot,3074.8394714295728,,1317.2739673329406,621.3257807747331,0.5,0.0,48.0,13064.518919575276,8709.679279716853,0.9969053685923247,0.9969053685923243
,,greedy_local_search,3134.181575541887,2,exp3:multi_hotspot:f1.0:v0.5:r009,1.0,3.0,12409.24678728742,,,hardening:multi_hotspot:r009,3,,,2512.676832598173,1.0,catalog/geography,,,2.0,9999.999999999998,Catalog + geography,9.0,,0.7287909096540593,1.0,0.7466360490408392,602.6608584508986,5805.966433657205,moderate,5203.3055752063065,,0.8272831191524945,8272.831191524947,5203.3055752063065,,,,6.0,,8272.831191524947,0.5203305575206307,,40009,"[""L024"", ""L033"", ""R000"", ""R002"", ""R003"", ""R005"", ""R007"", ""R008"", ""C001""]",,,9.0,0.0,3.0,8272.831191524947,multi_hotspot,3069.52561631864,,1727.168808475055,556.848783720467,0.5,0.0,48.0,13388.558155783621,8925.705437189077,0.9268546054697342,0.9268546054697345
,,greedy_local_search,3134.181575541887,2,exp3:multi_hotspot:f1.0:v0.5:r009,1.0,3.0,13042.101311932394,,,hardening:multi_hotspot:r009,3,,,2554.611217042434,1.0,truthful resolved feasibility,,,2.0,9999.999999999998,Current feasibility,9.0,,0.7891604121217631,1.0,0.8217561767034968,0.0,5566.793343084251,moderate,5566.793343084251,,0.8694734207954925,8694.734207954927,5566.793343084251,,,,6.0,,8694.734207954929,0.5566793343084252,,40009,"[""L024"", ""L033"", ""R000"", ""R002"", ""R003"", ""R004"", ""R006"", ""R007"", ""C001""]",,,9.0,0.0,3.0,8694.734207954929,multi_hotspot,3127.940864870677,,1305.2657920450729,573.3296478282431,0.5,0.0,48.0,13351.297992559852,8900.865328373231,0.976841451610191,0.9768414516101913
,,greedy_local_search,3131.0191729170765,2,exp3:multi_hotspot:f1.0:v0.5:r010,2.0,3.0,8959.58175897053,,,hardening:multi_hotspot:r010,3,,,2512.086164130508,1.0,catalog/geography,,,2.0,10000.0,Catalog + geography,6.0,,0.7466815571196173,0.3720002294773793,0.6554933478856241,3295.191157621579,6332.895514581216,moderate,3037.704356959637,,0.5973054505980353,5973.0545059803535,3037.704356959637,,,,4.0,,5973.0545059803535,0.3037704356959637,,40010,"[""L025"", ""L033"", ""R000"", ""R002"", ""R004"", ""R007"", ""C001"", ""C002""]",,,8.0,0.0,3.0,5973.054505980353,multi_hotspot,2935.3501490207163,,4026.945494019648,423.2639848902084,0.5,0.0,48.0,14194.275225457819,9462.85015030521,0.6312109365683762,0.6312109365683763
,,greedy_local_search,3131.0191729170765,2,exp3:multi_hotspot:f1.0:v0.5:r010,1.0,3.0,11751.12085580184,,,hardening:multi_hotspot:r010,3,,,2474.2415185864825,1.0,truthful resolved feasibility,,,1.0,10000.0,Current feasibility,8.0,,0.970549664466,0.5519171872782492,0.767448462481844,0.0,4784.735720872187,moderate,4784.735720872187,,0.7834080570534561,7834.08057053456,4784.735720872187,,,,6.0,,7834.08057053456,0.4784735720872187,,40010,"[""L025"", ""R000"", ""R003"", ""R004"", ""R005"", ""R006"", ""R007"", ""C001""]",,,8.0,0.0,3.0,7834.08057053456,multi_hotspot,3049.344849662373,,2165.91942946544,575.1033310758905,0.5,0.0,48.0,13041.878696744221,8694.585797829477,0.9010297618191614,0.9010297618191617
,,greedy_local_search,3086.135330375794,2,exp3:multi_hotspot:f1.0:v0.5:r011,2.0,3.0,9678.440792678124,,,hardening:multi_hotspot:r011,3,,,2442.323997857434,1.0,catalog/geography,,,4.0,9999.999999999998,Catalog + geography,7.0,,0.6044271260345239,0.6101748814631829,0.7983798547544587,2299.3282444183096,5915.72495235531,moderate,3616.396707937,,0.6452293861785416,6452.293861785416,3616.396707937,,,,3.0,,6452.293861785416,0.3616396707937001,,40011,"[""L001"", ""L011"", ""L012"", ""L023"", ""R000"", ""R002"", ""R007"", ""C001"", ""C002""]",,,9.0,295.7488243334872,3.0,6452.293861785416,multi_hotspot,2835.897153848416,,3547.706138214584,393.573155990982,0.5,0.0,48.0,13371.395701793312,8914.26380119554,0.7238167958323225,0.7238167958323225
,,greedy_local_search,3086.135330375794,2,exp3:multi_hotspot:f1.0:v0.5:r011,1.0,3.0,12209.405244125372,,,hardening:multi_hotspot:r011,3,,,2408.5498472969016,1.0,truthful resolved feasibility,,,7.0,9999.999999999998,Current feasibility,11.0,,0.658474891361863,0.907561852844342,1.0,0.0,5111.253578938903,moderate,5111.253578938903,,0.8139603496083581,8139.6034960835805,5111.253578938903,,,,3.0,,8139.603496083582,0.5111253578938904,,40011,"[""L012"", ""L017"", ""L023"", ""L026"", ""L029"", ""L032"", ""L035"", ""R001"", ""R002"", ""R003"", ""C001""]",,,11.0,0.0,3.0,8139.6034960835805,multi_hotspot,3028.3499171446792,,1860.3965039164195,619.8000698477774,0.5,0.0,48.0,12209.405244125375,8139.603496083582,0.9999999999999997,0.9999999999999998
,,greedy_local_search,3156.616877017109,2,exp3:multi_hotspot:f1.0:v0.5:r012,2.0,3.0,9317.247491929753,,,hardening:multi_hotspot:r012,3,,,2567.930956462283,1.0,catalog/geography,,,2.0,10000.0,Catalog + geography,7.0,,0.6243115644939624,0.4407165013723181,0.9297942664636109,3004.7057762225286,6227.862281859141,moderate,3223.156505636613,,0.6211498327953168,6211.498327953168,3223.156505636613,,,,4.0,,6211.498327953167,0.3223156505636612,,40012,"[""L021"", ""L027"", ""R001"", ""R003"", ""R005"", ""R007"", ""C001"", ""C002""]",,,8.0,0.0,3.0,6211.498327953166,multi_hotspot,2988.3418223165545,,3788.501672046834,420.4108658542715,0.5,0.0,48.0,14065.003420019993,9376.668946679994,0.6624418930938666,0.6624418930938665
,,greedy_local_search,3156.616877017109,2,exp3:multi_hotspot:f1.0:v0.5:r012,1.0,3.0,12055.197357535577,,,hardening:multi_hotspot:r012,3,,,2564.8139565927427,1.0,truthful resolved feasibility,,,2.0,10000.0,Current feasibility,9.0,,0.7894517938219451,0.7451017499454089,0.9382045206746829,0.0,4901.600032168778,moderate,4901.600032168778,,0.803679823835705,8036.798238357051,4901.600032168778,,,,6.0,,8036.798238357051,0.4901600032168778,,40012,"[""L015"", ""L027"", ""R001"", ""R002"", ""R004"", ""R005"", ""R007"", ""R008"", ""C001""]",,,9.0,0.0,3.0,8036.798238357051,multi_hotspot,3135.1982061882727,,1963.2017616429496,570.3842495955298,0.5,0.0,48.0,12973.81901258217,8649.212675054778,0.9291941983963471,0.9291941983963473
,,greedy_local_search,3128.370898926705,2,exp3:multi_hotspot:f1.0:v0.5:r013,2.0,3.0,10695.631183762807,,,hardening:multi_hotspot:r013,3,,,2554.6415264497373,1.0,catalog/geography,,,0.0,9999.999999999998,Catalog + geography,6.0,,0.5880973572092874,0.7789384894581298,0.8788489843149796,2022.6724393379357,6150.614614705409,moderate,4127.942175367473,,0.7130420789175206,7130.420789175206,4127.942175367473,,,,5.0,,7130.420789175207,0.4127942175367474,,40013,"[""R001"", ""R003"", ""R004"", ""R005"", ""R006"", ""C001"", ""C002""]",,,7.0,576.6832465939877,3.0,7130.420789175207,multi_hotspot,3002.4786138077334,,2869.579210824793,447.837087357996,0.5,0.0,48.0,14166.537195212866,9444.35813014191,0.7549926306180919,0.7549926306180921
,,greedy_local_search,3128.370898926705,2,exp3:multi_hotspot:f1.0:v0.5:r013,2.0,3.0,13448.093281375262,,,hardening:multi_hotspot:r013,3,,,2504.630656461443,1.0,truthful resolved feasibility,,,4.0,9999.999999999998,Current feasibility,9.0,,0.9358937805663748,0.7868210023909018,1.0,0.0,5885.340303393233,moderate,5885.340303393233,,0.8965395520916841,8965.395520916842,5885.340303393233,,,,3.0,,8965.395520916842,0.5885340303393234,,40013,"[""L001"", ""L008"", ""L009"", ""L026"", ""R001"", ""R005"", ""R006"", ""C000"", ""C001""]",,,9.0,0.0,3.0,8965.395520916842,multi_hotspot,3080.055217523609,,1034.6044790831577,575.424561062166,0.5,0.0,48.0,13574.030048083958,9049.353365389303,0.9907222272042582,0.9907222272042584
,,greedy_local_search,3172.528396547715,2,exp3:multi_hotspot:f1.0:v0.5:r014,1.0,3.0,10786.765304687047,,,hardening:multi_hotspot:r014,3,,,2451.190365237504,1.0,catalog/geography,,,1.0,10000.0,Catalog + geography,7.0,,0.6224031677681764,0.7703454066718021,0.8470768457416326,1663.2346858485662,5932.926941958857,moderate,4269.692256110291,,0.7191176869791366,7191.176869791366,4269.692256110291,,,,6.0,,7191.176869791367,0.4269692256110291,,40014,"[""L007"", ""R000"", ""R001"", ""R002"", ""R005"", ""R006"", ""R008"", ""C002""]",,,8.0,0.0,3.0,7191.176869791365,multi_hotspot,2921.484613681076,,2808.8231302086333,470.2942484435724,0.5,0.0,48.0,13456.991956363312,8971.327970908877,0.8015732891618759,0.8015732891618758
,,greedy_local_search,3172.528396547715,2,exp3:multi_hotspot:f1.0:v0.5:r014,2.0,3.0,13090.192937182572,,,hardening:multi_hotspot:r014,3,,,2617.8179958015508,1.0,truthful resolved feasibility,,,2.0,10000.0,Current feasibility,8.0,,0.7780047576449767,0.921649680586472,1.0,0.0,5554.26689490733,moderate,5554.26689490733,,0.8726795291455044,8726.795291455044,5554.26689490733,,,,4.0,,8726.795291455046,0.555426689490733,,40014,"[""L007"", ""L031"", ""R001"", ""R002"", ""R005"", ""R008"", ""C001"", ""C002""]",,,8.0,0.0,3.0,8726.795291455044,multi_hotspot,3172.528396547715,,1273.2047085449535,554.7104007461644,0.5,0.0,48.0,13776.46454269817,9184.309695132115,0.950185215997283,0.9501852159972825
,,greedy_local_search,3173.152608497909,2,exp3:multi_hotspot:f1.0:v0.5:r015,1.0,3.0,11685.29294932945,,,hardening:multi_hotspot:r015,3,,,2546.989199634715,1.0,catalog/geography,,,1.0,9999.999999999998,Catalog + geography,7.0,,0.7076324702320378,0.8283642674521485,0.8532871237131381,729.5332989948674,5434.098597601394,moderate,4704.565298606527,,0.7790195299552967,7790.195299552966,4704.565298606527,,,,6.0,,7790.195299552966,0.4704565298606528,,40015,"[""L034"", ""R000"", ""R003"", ""R004"", ""R005"", ""R006"", ""R008"", ""C001""]",,,8.0,0.0,3.0,7790.195299552966,multi_hotspot,3085.6300009464394,,2209.8047004470327,538.6408013117243,0.5,0.0,48.0,12862.485039215662,8574.990026143774,0.9084786426342079,0.9084786426342079
,,greedy_local_search,3173.152608497909,2,exp3:multi_hotspot:f1.0:v0.5:r015,1.0,3.0,12978.001867273668,,,hardening:multi_hotspot:r015,3,,,2563.871146483742,1.0,truthful resolved feasibility,,,2.0,9999.999999999998,Current feasibility,9.0,,0.866611302618519,0.8679091766584932,0.857284132380525,0.0,5479.812929512562,moderate,5479.812929512562,,0.8652001244849112,8652.001244849112,5479.812929512562,,,,6.0,,8652.001244849112,0.5479812929512563,,40015,"[""L026"", ""L029"", ""R000"", ""R002"", ""R003"", ""R005"", ""R007"", ""R008"", ""C001""]",,,9.0,0.0,3.0,8652.001244849112,multi_hotspot,3172.18831533655,,1347.998755150887,608.3171688528082,0.5,0.0,48.0,12978.00186727367,8652.001244849112,0.9999999999999999,1.0
,,greedy_local_search,3177.084552498707,2,exp3:multi_hotspot:f1.0:v0.5:r016,2.0,3.0,10540.526332702808,,,hardening:multi_hotspot:r016,3,,,2551.4518163364696,1.0,catalog/geography,,,1.0,10000.0,Catalog + geography,4.0,,0.6536215615034998,0.7489718789783582,0.7321594759726014,2069.125504661555,6096.920466161442,moderate,4027.794961499887,,0.7027017555135205,7027.017555135207,4027.794961499887,,,,4.0,,7027.017555135208,0.4027794961499887,,40016,"[""L023"", ""R000"", ""R002"", ""R006"", ""R008"", ""C001"", ""C002""]",,,7.0,0.0,3.0,7027.017555135207,multi_hotspot,2999.2225936353207,,2972.9824448647937,447.77077729885127,0.5,0.0,48.0,13979.268364323185,9319.512242882123,0.7540113014500479,0.7540113014500481
,,greedy_local_search,3177.084552498707,2,exp3:multi_hotspot:f1.0:v0.5:r016,1.0,3.0,12942.698696391624,,,hardening:multi_hotspot:r016,3,,,2534.424392807608,1.0,truthful resolved feasibility,,,3.0,10000.0,Current feasibility,9.0,,0.8128670447164668,0.8614077964270823,0.977818404437764,0.0,5470.370146863495,moderate,5470.370146863495,,0.8628465797594416,8628.465797594417,5470.370146863495,,,,5.0,,8628.465797594417,0.5470370146863496,,40016,"[""L007"", ""L019"", ""L021"", ""R001"", ""R002"", ""R004"", ""R006"", ""R008"", ""C001""]",,,9.0,0.0,3.0,8628.465797594417,multi_hotspot,3158.095650730921,,1371.534202405583,623.6712579233134,0.5,0.0,48.0,13113.207052534377,8742.13803502292,0.9869972040051179,0.9869972040051179
,,greedy_local_search,3078.847843759583,2,exp3:multi_hotspot:f1.0:v0.5:r017,2.0,3.0,10698.407532530044,,,hardening:multi_hotspot:r017,3,,,2457.6606255642914,1.0,catalog/geography,,,2.0,10000.0,Catalog + geography,8.0,,0.7863599788044185,0.8115368900899655,0.3766363342093001,2300.973737254698,6491.434705168806,moderate,4190.460967914109,,0.7132271688353363,7132.271688353362,4190.460967914109,,,,4.0,,7132.271688353363,0.4190460967914108,,40017,"[""L006"", ""L011"", ""R001"", ""R002"", ""R003"", ""R007"", ""C001"", ""C002""]",,,8.0,0.0,3.0,7132.271688353363,multi_hotspot,2941.8107204392545,,2867.7283116466365,484.1500948749632,0.5,0.0,48.0,14543.053083599412,9695.36872239961,0.7356369718951877,0.7356369718951876
,,greedy_local_search,3078.847843759583,2,exp3:multi_hotspot:f1.0:v0.5:r017,1.0,3.0,12764.650211507951,,,hardening:multi_hotspot:r017,3,,,2437.957049606927,1.0,truthful resolved feasibility,,,7.0,10000.0,Current feasibility,11.0,,0.7405844099483092,0.9796898016380003,0.8741113285857884,0.0,5433.40959468746,moderate,5433.40959468746,,0.8509766807671971,8509.76680767197,5433.40959468746,,,,3.0,,8509.766807671967,0.543340959468746,,40017,"[""L003"", ""L006"", ""L008"", ""L019"", ""L020"", ""L021"", ""L027"", ""R003"", ""R004"", ""R006"", ""C001""]",,,11.0,0.0,3.0,8509.766807671967,multi_hotspot,3076.3572129845065,,1490.2331923280303,638.4001633775797,0.5,0.0,48.0,12764.650211507953,8509.766807671967,0.9999999999999999,1.0
,,greedy_local_search,3144.247219381794,2,exp3:multi_hotspot:f1.0:v0.5:r018,1.0,3.0,8824.879014153286,,,hardening:multi_hotspot:r018,3,,,2454.338200194696,1.0,catalog/geography,,,1.0,10000.000000000002,Catalog + geography,7.0,,0.4943139871999097,0.5240676506584981,0.9123014781989264,2559.17611587158,5566.102917225562,moderate,3006.9268013539822,,0.588325267610219,5883.252676102191,3006.9268013539822,,,,6.0,,5883.252676102191,0.3006926801353982,,40018,"[""L002"", ""R000"", ""R001"", ""R002"", ""R003"", ""R006"", ""R007"", ""C001""]",,,8.0,0.0,3.0,5883.25267610219,multi_hotspot,2876.3258747482087,,4116.74732389781,421.9876745535128,0.5,0.0,48.0,12898.854583792006,8599.236389194675,0.6841598962780886,0.6841598962780882
,,greedy_local_search,3144.247219381794,2,exp3:multi_hotspot:f1.0:v0.5:r018,0.0,3.0,11852.807212629805,,,hardening:multi_hotspot:r018,3,,,2475.611003545424,1.0,truthful resolved feasibility,,,9.0,10000.000000000002,Current feasibility,13.0,,0.7405355127919576,0.7447526570601264,0.9814136839061416,0.0,4757.624255704743,moderate,4757.624255704743,,0.7901871475086534,7901.871475086536,4757.624255704743,,,,4.0,,7901.871475086536,0.4757624255704741,,40018,"[""L000"", ""L002"", ""L005"", ""L007"", ""L010"", ""L020"", ""L026"", ""L028"", ""L034"", ""R000"", ""R002"", ""R003"", ""R007""]",,,13.0,0.0,3.0,7901.871475086536,multi_hotspot,3144.247219381794,,2098.1285249134653,668.63621583637,0.5,0.0,48.0,12119.096915152979,8079.397943435323,0.978027265200741,0.9780272652007405
,,greedy_local_search,3139.3042522037977,2,exp3:multi_hotspot:f1.0:v0.5:r019,2.0,3.0,10428.334814414316,,,hardening:multi_hotspot:r019,3,,,2579.513089900516,1.0,catalog/geography,,,2.0,9999.999999999998,Catalog + geography,6.0,,0.7556580550553529,0.5570455315857726,0.8010513006551261,1879.4578602435856,5811.704980457111,moderate,3932.247120213525,,0.6952223209609545,6952.223209609545,3932.247120213525,,,,4.0,,6952.223209609545,0.3932247120213525,,40019,"[""L006"", ""L019"", ""R000"", ""R001"", ""R005"", ""R007"", ""C001"", ""C002""]",,,8.0,0.0,3.0,6952.223209609546,multi_hotspot,3019.97608939602,,3047.776790390455,440.4629994955041,0.5,0.0,48.0,13914.786674782861,9276.524449855238,0.7494426654282179,0.7494426654282182
,,greedy_local_search,3139.3042522037977,2,exp3:multi_hotspot:f1.0:v0.5:r019,1.0,3.0,12137.506130947186,,,hardening:multi_hotspot:r019,3,,,2480.489958953435,1.0,truthful resolved feasibility,,,9.0,9999.999999999998,Current feasibility,12.0,,0.710097922668628,0.9411792858987748,0.8010513006551261,0.0,4986.185323887165,moderate,4986.185323887165,,0.809167075396479,8091.6707539647905,4986.185323887165,,,,2.0,,8091.67075396479,0.4986185323887166,,40019,"[""L004"", ""L006"", ""L019"", ""L022"", ""L028"", ""L029"", ""L030"", ""L032"", ""L035"", ""R000"", ""R007"", ""C001""]",,,12.0,0.0,3.0,8091.670753964789,multi_hotspot,3105.485430077624,,1908.3292460352093,624.9954711241896,0.5,0.0,48.0,12293.909237798694,8195.939491865796,0.9872780005264206,0.9872780005264203
,,greedy_local_search,3167.1915373627367,2,exp3:multi_hotspot:f1.0:v1.0:r000,1.0,3.0,11128.649695346334,,,hardening:multi_hotspot:r000,3,,,2119.496713434438,1.0,catalog/geography,,,3.0,10000.0,Catalog + geography,8.0,,0.6924170761257563,0.826039756303626,0.706041903634481,124.50653202627836,4397.412121125395,moderate,4272.905589099117,,0.7419099796897557,7419.099796897557,4272.905589099117,,,,4.0,,7419.099796897556,0.4272905589099117,,40000,"[""L014"", ""L018"", ""L027"", ""R000"", ""R004"", ""R005"", ""R007"", ""C001""]",,,8.0,0.0,3.0,7419.099796897557,multi_hotspot,3146.194207798439,,2580.900203102443,1026.6974943640012,1.0,0.0,48.0,11335.332434445181,7556.888289630123,0.9817665039561794,0.9817665039561793
,,greedy_local_search,3167.1915373627367,2,exp3:multi_hotspot:f1.0:v1.0:r000,1.0,3.0,11301.246555207475,,,hardening:multi_hotspot:r000,3,,,2121.366253115396,1.0,truthful resolved feasibility,,,3.0,10000.0,Current feasibility,8.0,,0.6807088157460142,0.8440192121812143,0.7584537283235022,0.0,4366.972832775582,moderate,4366.972832775582,,0.7534164370138319,7534.164370138318,4366.972832775582,,,,4.0,,7534.164370138318,0.4366972832775582,,40000,"[""L014"", ""L018"", ""L034"", ""R000"", ""R004"", ""R005"", ""R007"", ""C001""]",,,8.0,0.0,3.0,7534.164370138318,multi_hotspot,3167.1915373627367,,2465.835629861681,1045.8252842473407,1.0,0.0,48.0,11318.687086913687,7545.791391275794,0.9984591382752884,0.9984591382752883
,,greedy_local_search,3142.794055820548,2,exp3:multi_hotspot:f1.0:v1.0:r001,2.0,3.0,8101.412366652723,,,hardening:multi_hotspot:r001,3,,,2274.717871112294,1.0,catalog/geography,,,0.0,10000.0,Catalog + geography,4.0,,0.5992739632786788,0.522027737995064,0.4385558300158518,2255.6781416140257,4745.633684093228,moderate,2489.9555424792024,,0.5400941577768482,5400.941577768482,2489.9555424792024,,,,4.0,,5400.941577768483,0.2489955542479202,,40001,"[""R001"", ""R004"", ""R005"", ""R007"", ""C001"", ""C002""]",,,6.0,601.6737487415529,3.0,5400.941577768483,multi_hotspot,2910.98603528928,,4599.058422231517,636.2681641769864,1.0,0.0,48.0,12258.909702935467,8172.606468623643,0.6608591271956912,0.6608591271956914
,,greedy_local_search,3142.794055820548,2,exp3:multi_hotspot:f1.0:v1.0:r001,2.0,3.0,11133.722173535483,,,hardening:multi_hotspot:r001,3,,,2079.206985330571,1.0,truthful resolved feasibility,,,1.0,10000.0,Current feasibility,6.0,,0.7351946770443637,0.6959845313148604,0.8390797713610032,0.0,4389.169918844743,moderate,4389.169918844743,,0.7422481449023656,7422.481449023656,4389.169918844743,,,,3.0,,7422.481449023656,0.4389169918844743,,40001,"[""L014"", ""R001"", ""R002"", ""R004"", ""C000"", ""C001""]",,,6.0,0.0,3.0,7422.481449023655,multi_hotspot,3033.311530178913,,2577.5185509763446,954.1045448483418,1.0,0.0,48.0,11496.970313613812,7664.646875742541,0.9684048814453144,0.9684048814453144
,,greedy_local_search,3131.918120974454,2,exp3:multi_hotspot:f1.0:v1.0:r002,1.0,3.0,9726.93391954547,,,hardening:multi_hotspot:r002,3,,,2186.8760450100635,1.0,catalog/geography,,,1.0,10000.000000000002,Catalog + geography,5.0,,0.4322897910010981,0.8525805270170492,0.7776433544828496,908.0449772888642,4401.316803410467,moderate,3493.271826121603,,0.6484622613030314,6484.622613030314,3493.271826121603,,,,5.0,,6484.622613030313,0.3493271826121603,,40002,"[""L020"", ""R000"", ""R002"", ""R004"", ""R005"", ""R006"", ""C001""]",,,7.0,0.0,3.0,6484.622613030314,multi_hotspot,2991.35078690871,,3515.3773869696874,804.4747418986462,1.0,0.0,48.0,11319.121976068418,7546.081317378945,0.8593364344081414,0.8593364344081416
,,greedy_local_search,3131.918120974454,2,exp3:multi_hotspot:f1.0:v1.0:r002,1.0,3.0,10954.876397203643,,,hardening:multi_hotspot:r002,3,,,2195.4200360207205,1.0,truthful resolved feasibility,,,1.0,10000.000000000002,Current feasibility,7.0,,0.5058259667659403,0.9169398280276622,0.9088723414627728,0.0,4171.332810494641,moderate,4171.332810494641,,0.7303250931469095,7303.250931469095,4171.332810494641,,,,5.0,,7303.250931469095,0.417133281049464,,40002,"[""L031"", ""R000"", ""R002"", ""R004"", ""R005"", ""R008"", ""C001""]",,,7.0,0.0,3.0,7303.250931469096,multi_hotspot,3131.918120974454,,2696.7490685309053,936.4980849537332,1.0,0.0,48.0,11269.633054452157,7513.0887029681035,0.9720703721471955,0.9720703721471957
,,greedy_local_search,3097.6906149428264,2,exp3:multi_hotspot:f1.0:v1.0:r003,2.0,3.0,8253.199883579988,,,hardening:multi_hotspot:r003,3,,,2134.3121813279777,1.0,catalog/geography,,,1.0,10000.000000000002,Catalog + geography,5.0,,0.5966598553276413,0.5545022197609285,0.4382030687911777,1980.6219826266647,4646.363097389823,moderate,2665.7411147631583,,0.5502133255719991,5502.133255719991,2665.7411147631583,,,,3.0,,5502.13325571999,0.2665741114763157,,40003,"[""L023"", ""R000"", ""R006"", ""R007"", ""C001"", ""C002""]",,,6.0,0.0,3.0,5502.133255719991,multi_hotspot,2836.392140956832,,4497.866744280009,702.0799596288546,1.0,0.0,48.0,11610.484390346168,7740.322926897448,0.7108402721287254,0.710840272128725
,,greedy_local_search,3097.6906149428264,2,exp3:multi_hotspot:f1.0:v1.0:r003,1.0,3.0,10641.104600178123,,,hardening:multi_hotspot:r003,3,,,2065.225156108603,1.0,truthful resolved feasibility,,,2.0,10000.000000000002,Current feasibility,7.0,,0.7686620879611189,0.7119896549640741,0.5715632726263946,0.0,4071.870028858835,moderate,4071.870028858835,,0.7094069733452084,7094.069733452084,4071.870028858835,,,,4.0,,7094.069733452085,0.4071870028858834,,40003,"[""L023"", ""L029"", ""R001"", ""R003"", ""R004"", ""R007"", ""C001""]",,,7.0,0.0,3.0,7094.069733452085,multi_hotspot,3022.1997045932494,,2905.930266547916,956.974548484646,1.0,0.0,48.0,10641.104600178127,7094.069733452088,0.9999999999999997,0.9999999999999994
,,greedy_local_search,3168.841656308462,2,exp3:multi_hotspot:f1.0:v1.0:r004,2.0,3.0,6417.921422228748,,,hardening:multi_hotspot:r004,3,,,2254.0756053256005,1.0,catalog/geography,,,0.0,10000.0,Catalog + geography,5.0,,0.4425513525230101,0.4741616862781831,0.3137836465793229,3731.254762505779,5289.129079687948,moderate,1557.8743171821693,,0.4278614281485832,4278.614281485832,1557.8743171821693,,,,4.0,,4278.614281485832,0.1557874317182169,,40004,"[""R002"", ""R003"", ""R004"", ""R008"", ""C001"", ""C002""]",,,6.0,0.0,3.0,4278.614281485832,multi_hotspot,2720.739964303663,,5721.385718514168,466.6643589780624,1.0,0.0,48.0,12662.071054990296,8441.380703326864,0.5068619023188435,0.5068619023188435
,,greedy_local_search,3168.841656308462,2,exp3:multi_hotspot:f1.0:v1.0:r004,1.0,3.0,10872.80255268676,,,hardening:multi_hotspot:r004,3,,,2211.9913233048355,1.0,truthful resolved feasibility,,,1.0,10000.0,Current feasibility,7.0,,0.8029103775956904,0.5700067153197945,0.8202074161623095,0.0,4142.885460236508,moderate,4142.885460236508,,0.7248535035124507,7248.535035124507,4142.885460236508,,,,5.0,,7248.535035124507,0.4142885460236508,,40004,"[""L019"", ""R000"", ""R001"", ""R004"", ""R006"", ""R007"", ""C001""]",,,7.0,0.0,3.0,7248.535035124507,multi_hotspot,3105.6495748879997,,2751.464964875493,893.6582515831636,1.0,0.0,48.0,11275.750427191844,7517.16695146123,0.9642642077698561,0.964264207769856
,,greedy_local_search,3121.037067074452,2,exp3:multi_hotspot:f1.0:v1.0:r005,2.0,3.0,6516.721749218414,,,hardening:multi_hotspot:r005,3,,,2031.536909047671,1.0,catalog/geography,,,1.0,10000.0,Catalog + geography,3.0,,0.3314506738172179,0.4352636232788515,0.6647652262460743,3298.96376141526,5043.824187308347,moderate,1744.8604258930873,,0.4344481166145609,4344.48116614561,1744.8604258930873,,,,3.0,,4344.481166145609,0.1744860425893087,,40005,"[""L010"", ""R002"", ""R006"", ""R007"", ""C001"", ""C002""]",,,6.0,287.6196302142954,3.0,4344.481166145609,multi_hotspot,2599.620740252521,,5655.51883385439,568.0838312048505,1.0,0.0,48.0,12265.697746103304,8177.131830735537,0.5312964565174219,0.5312964565174217
,,greedy_local_search,3121.037067074452,2,exp3:multi_hotspot:f1.0:v1.0:r005,1.0,3.0,10692.961989701267,,,hardening:multi_hotspot:r005,3,,,2104.819444526568,1.0,truthful resolved feasibility,,,3.0,10000.0,Current feasibility,8.0,,0.549274648522783,0.7838969482003298,0.9566330447069178,0.0,4007.60425939306,moderate,4007.60425939306,,0.7128641326467512,7128.641326467512,4007.60425939306,,,,4.0,,7128.641326467512,0.400760425939306,,40005,"[""L010"", ""L027"", ""L031"", ""R001"", ""R002"", ""R004"", ""R008"", ""C001""]",,,8.0,0.0,3.0,7128.641326467512,multi_hotspot,3121.037067074452,,2871.358673532487,1016.2176225478844,1.0,0.0,48.0,11011.87393115717,7341.249287438112,0.9710392669358874,0.9710392669358876
,,greedy_local_search,3057.222876742177,2,exp3:multi_hotspot:f1.0:v1.0:r006,2.0,3.0,6259.8295405059225,,,hardening:multi_hotspot:r006,3,,,2098.864556549112,1.0,catalog/geography,,,1.0,10000.0,Catalog + geography,4.0,,0.570286808334257,0.1796346457783791,0.4891038979710654,3538.9048662944524,5100.993078662414,moderate,1562.0882123679612,,0.4173219693670615,4173.219693670615,1562.0882123679612,,,,3.0,,4173.219693670615,0.1562088212367961,,40006,"[""L006"", ""R000"", ""R006"", ""R007"", ""C001"", ""C002""]",,,6.0,0.0,3.0,4173.219693670615,multi_hotspot,2611.131481302654,,5826.780306329385,512.2669247535417,1.0,0.0,48.0,12147.577327731553,8098.384885154368,0.515315060083251,0.515315060083251
,,greedy_local_search,3057.222876742177,2,exp3:multi_hotspot:f1.0:v1.0:r006,1.0,3.0,9294.485900332073,,,hardening:multi_hotspot:r006,3,,,2147.4795767188184,1.0,truthful resolved feasibility,,,3.0,10000.0,Current feasibility,8.0,,0.7009707824344831,0.4994832266044762,0.6468820597419368,0.0,3157.575851128591,moderate,3157.575851128591,,0.6196323933554714,6196.323933554714,3157.575851128591,,,,4.0,,6196.323933554713,0.315757585112859,,40006,"[""L007"", ""L020"", ""L029"", ""R000"", ""R005"", ""R006"", ""R007"", ""C001""]",,,8.0,0.0,3.0,6196.323933554714,multi_hotspot,3038.7480824261224,,3803.676066445285,891.2685057073039,1.0,0.0,48.0,11175.092982332477,7450.0619882216515,0.8317144130278294,0.8317144130278293
,,greedy_local_search,3160.0896040703738,2,exp3:multi_hotspot:f1.0:v1.0:r007,1.0,3.0,7756.497789744015,,,hardening:multi_hotspot:r007,3,,,2117.336301765655,1.0,catalog/geography,,,0.0,9999.999999999998,Catalog + geography,5.0,,0.5683510853060125,0.3967541424377602,0.6123895720433958,2141.6475217239185,4531.547233732918,moderate,2389.899712009,,0.517099852649601,5170.99852649601,2389.899712009,,,,5.0,,5170.9985264960105,0.2389899712009,,40007,"[""R000"", ""R002"", ""R004"", ""R006"", ""R007"", ""C001""]",,,6.0,0.0,3.0,5170.9985264960105,multi_hotspot,2781.0988144870107,,4829.001473503991,663.7625127213553,1.0,0.0,48.0,11468.976229990509,7645.984153327001,0.6763025429821153,0.6763025429821158
,,greedy_local_search,3160.0896040703738,2,exp3:multi_hotspot:f1.0:v1.0:r007,0.0,3.0,9554.877777572165,,,hardening:multi_hotspot:r007,3,,,2150.5938896102944,1.0,truthful resolved feasibility,,,6.0,9999.999999999998,Current feasibility,10.0,,0.6441338054274872,0.5332991190450345,0.8023847386500642,0.0,3218.762094907309,moderate,3218.762094907309,,0.6369918518381442,6369.9185183814425,3218.762094907309,,,,4.0,,6369.9185183814425,0.3218762094907309,,40007,"[""L016"", ""L017"", ""L018"", ""L023"", ""L027"", ""L030"", ""R000"", ""R002"", ""R004"", ""R007""]",,,10.0,0.0,3.0,6369.9185183814425,multi_hotspot,3151.1564234741336,,3630.0814816185584,1000.5625338638396,1.0,0.0,48.0,10051.643490872233,6701.095660581486,0.9505786577338149,0.9505786577338151
,,greedy_local_search,3111.814402771996,2,exp3:multi_hotspot:f1.0:v1.0:r008,2.0,3.0,9398.33076440575,,,hardening:multi_hotspot:r008,3,,,2136.3142179960114,1.0,catalog/geography,,,0.0,10000.0,Catalog + geography,5.0,,0.5239472355449789,0.590673060066454,0.9202177863760864,2204.22358090184,5554.280411378519,moderate,3350.056830476679,,0.6265553842937166,6265.553842937166,3350.056830476679,,,,4.0,,6265.553842937166,0.3350056830476678,,40008,"[""R003"", ""R004"", ""R005"", ""R007"", ""C001"", ""C002""]",,,6.0,494.3346230819706,3.0,6265.553842937166,multi_hotspot,2915.4970124604874,,3734.4461570628328,779.182794464476,1.0,0.0,48.0,13095.50368283976,8730.335788559842,0.7176761575594258,0.7176761575594257
,,greedy_local_search,3111.814402771996,2,exp3:multi_hotspot:f1.0:v1.0:r008,2.0,3.0,11814.047802565256,,,hardening:multi_hotspot:r008,3,,,2171.1913928627964,1.0,truthful resolved feasibility,,,0.0,10000.0,Current feasibility,6.0,,0.6734586064342406,0.8129908969779301,1.0,0.0,4773.213537821268,moderate,4773.213537821268,,0.7876031868376837,7876.031868376837,4773.213537821268,,,,4.0,,7876.031868376838,0.4773213537821268,,40008,"[""R001"", ""R003"", ""R004"", ""R005"", ""C000"", ""C001""]",,,6.0,0.0,3.0,7876.031868376838,multi_hotspot,3102.8183305555704,,2123.9681316231613,931.626937692774,1.0,0.0,48.0,12978.98954255801,8652.659695038677,0.91024403431616,0.9102440343161597
,,greedy_local_search,3134.181575541887,2,exp3:multi_hotspot:f1.0:v1.0:r009,1.0,3.0,10811.648567713244,,,hardening:multi_hotspot:r009,3,,,2131.1733349841334,1.0,catalog/geography,,,1.0,9999.999999999998,Catalog + geography,7.0,,0.5768824978050848,0.8959184241245894,0.7380399936249414,412.2873048048032,4547.022348297821,moderate,4134.735043493018,,0.7207765711808827,7207.765711808828,4134.735043493018,,,,5.0,,7207.765711808828,0.4134735043493018,,40009,"[""L024"", ""R000"", ""R002"", ""R003"", ""R005"", ""R006"", ""C001""]",,,7.0,0.0,3.0,7207.765711808829,multi_hotspot,3073.03066831581,,2792.2342881911727,941.8573333316766,1.0,0.0,48.0,11506.282041637662,7670.854694425107,0.9396300671745439,0.939630067174544
,,greedy_local_search,3134.181575541887,2,exp3:multi_hotspot:f1.0:v1.0:r009,1.0,3.0,11113.552033941309,,,hardening:multi_hotspot:r009,3,,,2143.965211665842,1.0,truthful resolved feasibility,,,1.0,9999.999999999998,Current feasibility,7.0,,0.6366308888301007,0.871851293905214,0.7463580804452521,0.0,4278.516954777258,moderate,4278.516954777258,,0.7409034689294206,7409.034689294207,4278.516954777258,,,,5.0,,7409.034689294208,0.4278516954777259,,40009,"[""L024"", ""R000"", ""R003"", ""R004"", ""R006"", ""R008"", ""C001""]",,,7.0,0.0,3.0,7409.034689294207,multi_hotspot,3130.517734516949,,2590.9653107057943,986.5525228511074,1.0,0.0,48.0,11422.748714568768,7615.165809712511,0.9729314993830597,0.9729314993830599
,,greedy_local_search,3131.0191729170765,2,exp3:multi_hotspot:f1.0:v1.0:r010,2.0,3.0,7911.783290723691,,,hardening:multi_hotspot:r010,3,,,2095.807691361901,1.0,catalog/geography,,,1.0,10000.0,Catalog + geography,5.0,,0.6988195665275785,0.3231018162658612,0.4994888937555881,2572.7496592953403,5026.1115837719735,moderate,2453.361924476633,,0.5274522193815794,5274.522193815794,2453.361924476633,,,,3.0,,5274.522193815794,0.2453361924476633,,40010,"[""L025"", ""R000"", ""R004"", ""R007"", ""C001"", ""C002""]",,,6.0,0.0,3.0,5274.522193815794,multi_hotspot,2821.1602693391605,,4725.477806184206,725.3525779772597,1.0,0.0,48.0,12211.942006900954,8141.2946712673,0.647872655000552,0.6478726550005522
,,greedy_local_search,3131.0191729170765,2,exp3:multi_hotspot:f1.0:v1.0:r010,1.0,3.0,9878.437663433811,,,hardening:multi_hotspot:r010,3,,,2054.057173066039,1.0,truthful resolved feasibility,,,0.0,10000.0,Current feasibility,6.0,,0.8423522861898212,0.508992082041814,0.5067837669776655,0.0,3589.2911352557394,moderate,3589.2911352557394,,0.6585625108955876,6585.625108955876,3589.2911352557394,,,,5.0,,6585.625108955876,0.3589291135255739,,40010,"[""R000"", ""R003"", ""R004"", ""R006"", ""R007"", ""C001""]",,,6.0,0.0,3.0,6585.625108955876,multi_hotspot,2996.333973700136,,3414.3748910441245,942.2768006340972,1.0,0.0,48.0,10940.30198364575,7293.534655763831,0.902940127082481,0.9029401270824814
,,greedy_local_search,3086.135330375794,2,exp3:multi_hotspot:f1.0:v1.0:r011,2.0,3.0,9324.9322115479,,,hardening:multi_hotspot:r011,3,,,2164.53398233752,1.0,catalog/geography,,,2.0,9999.999999999998,Catalog + geography,6.0,,0.6015344495628392,0.5929057248171841,0.7172732072361732,1597.0283080520885,4940.987806796291,moderate,3343.9594987442024,,0.6216621474365267,6216.621474365267,3343.9594987442024,,,,3.0,,6216.621474365267,0.3343959498744203,,40011,"[""L011"", ""L012"", ""R003"", ""R007"", ""R008"", ""C001"", ""C002""]",,,7.0,0.0,3.0,6216.621474365267,multi_hotspot,2872.661975621065,,3783.378525634733,708.1279932835455,1.0,0.0,48.0,12030.664914290734,8020.443276193821,0.7750969940548503,0.7750969940548504
,,greedy_local_search,3086.135330375794,2,exp3:multi_hotspot:f1.0:v1.0:r011,1.0,3.0,10641.012715927518,,,hardening:multi_hotspot:r011,3,,,2100.8013428899985,1.0,truthful resolved feasibility,,,5.0,9999.999999999998,Current feasibility,9.0,,0.5438850010557996,0.7999685992860476,0.9233179375163736,0.0,4009.369514540878,moderate,4009.369514540878,,0.7094008477285011,7094.008477285011,4009.369514540878,,,,3.0,,7094.008477285011,0.4009369514540878,,40011,"[""L011"", ""L012"", ""L023"", ""L029"", ""L032"", ""R001"", ""R002"", ""R003"", ""C001""]",,,9.0,0.0,3.0,7094.008477285011,multi_hotspot,3084.6389627441336,,2905.9915227149886,983.837619854135,1.0,0.0,48.0,10814.24572421591,7209.497149477273,0.9839810364304485,0.9839810364304485
,,greedy_local_search,3156.616877017109,2,exp3:multi_hotspot:f1.0:v1.0:r012,2.0,3.0,7148.032142865743,,,hardening:multi_hotspot:r012,3,,,2183.162973463013,1.0,catalog/geography,,,1.0,10000.0,Catalog + geography,4.0,,0.5133994707327753,0.2761228954774928,0.7443135047208909,3029.5531001147438,5030.154480559071,moderate,2000.601380444328,,0.4765354761910494,4765.354761910495,2000.601380444328,,,,3.0,,4765.354761910496,0.2000601380444328,,40012,"[""L021"", ""R000"", ""R001"", ""R007"", ""C001"", ""C002""]",,,6.0,0.0,3.0,4765.354761910495,multi_hotspot,2764.753381466168,,5234.645238089505,581.5904080031551,1.0,0.0,48.0,12170.787804939711,8113.858536626472,0.5873105551938551,0.5873105551938552
,,greedy_local_search,3156.616877017109,2,exp3:multi_hotspot:f1.0:v1.0:r012,1.0,3.0,10290.437628710984,,,hardening:multi_hotspot:r012,3,,,2226.7775552567027,1.0,truthful resolved feasibility,,,2.0,10000.0,Current feasibility,8.0,,0.6833769607425095,0.5897605896517921,0.8604666826757114,0.0,3712.656580393887,moderate,3712.656580393887,,0.6860291752473989,6860.291752473989,3712.656580393887,,,,5.0,,6860.29175247399,0.3712656580393886,,40012,"[""L003"", ""L019"", ""R001"", ""R004"", ""R005"", ""R007"", ""R008"", ""C001""]",,,8.0,0.0,3.0,6860.291752473988,multi_hotspot,3147.635172080103,,3139.7082475260117,920.8576168234006,1.0,0.0,48.0,11307.42666012228,7538.284440081519,0.9100600815747145,0.9100600815747144
,,greedy_local_search,3128.370898926705,2,exp3:multi_hotspot:f1.0:v1.0:r013,2.0,3.0,8770.427513307375,,,hardening:multi_hotspot:r013,3,,,2115.817202907996,1.0,catalog/geography,,,1.0,9999.999999999998,Catalog + geography,5.0,,0.503153794175918,0.5463356150566281,0.8352924745242112,1900.30793559164,4876.232401943374,moderate,2975.9244663517334,,0.5846951675538251,5846.951675538251,2975.9244663517334,,,,3.0,,5846.951675538252,0.2975924466351733,,40013,"[""L001"", ""R004"", ""R005"", ""R006"", ""C001"", ""C002""]",,,6.0,576.6832465939877,3.0,5846.951675538251,multi_hotspot,2871.0272091865186,,4153.048324461748,755.210006278523,1.0,0.0,48.0,12241.333524757434,8160.889016504956,0.7164601385600401,0.7164601385600402
,,greedy_local_search,3128.370898926705,2,exp3:multi_hotspot:f1.0:v1.0:r013,2.0,3.0,11953.325754827589,,,hardening:multi_hotspot:r013,3,,,2181.641551602728,1.0,truthful resolved feasibility,,,2.0,9999.999999999998,Current feasibility,7.0,,0.8687147929735429,0.6742985610348634,0.8498111522743809,0.0,4840.512937625021,moderate,4840.512937625021,,0.7968883836551726,7968.883836551726,4840.512937625021,,,,3.0,,7968.883836551726,0.4840512937625021,,40013,"[""L001"", ""L004"", ""R001"", ""R005"", ""R006"", ""C000"", ""C001""]",,,7.0,0.0,3.0,7968.883836551725,multi_hotspot,3128.370898926705,,2031.1161634482733,946.7293473239768,1.0,0.0,48.0,12178.631074101333,8119.087382734222,0.9814999470874135,0.9814999470874134
,,greedy_local_search,3172.528396547715,2,exp3:multi_hotspot:f1.0:v1.0:r014,1.0,3.0,9267.03107513104,,,hardening:multi_hotspot:r014,3,,,2134.614924292608,1.0,catalog/geography,,,1.0,10000.0,Catalog + geography,6.0,,0.5245960453663697,0.6670906514381474,0.7412606162859227,1546.2147939959505,4799.8018188547285,moderate,3253.587024858778,,0.6178020716754026,6178.020716754026,3253.587024858778,,,,5.0,,6178.020716754025,0.3253587024858778,,40014,"[""L007"", ""R000"", ""R001"", ""R002"", ""R005"", ""R006"", ""C002""]",,,7.0,0.0,3.0,6178.020716754025,multi_hotspot,2924.4336918952467,,3821.9792832459743,789.8187676026389,1.0,0.0,48.0,11937.2577268073,7958.171817871535,0.7763115522185824,0.776311552218582
,,greedy_local_search,3172.528396547715,2,exp3:multi_hotspot:f1.0:v1.0:r014,2.0,3.0,11109.11898364722,,,hardening:multi_hotspot:r014,3,,,2164.6429230925337,1.0,truthful resolved feasibility,,,1.0,10000.0,Current feasibility,6.0,,0.6566023218724313,0.7253929740190497,0.9562467324694324,0.0,4349.056878361258,moderate,4349.056878361258,,0.7406079322431478,7406.079322431478,4349.056878361258,,,,3.0,,7406.079322431478,0.4349056878361258,,40014,"[""L007"", ""R001"", ""R002"", ""R005"", ""C001"", ""C002""]",,,6.0,0.0,3.0,7406.079322431478,multi_hotspot,3057.02244407022,,2593.9206775685207,892.3795209776863,1.0,0.0,48.0,11715.151519025008,7810.101012683341,0.9482693386941166,0.9482693386941161
,,greedy_local_search,3173.152608497909,2,exp3:multi_hotspot:f1.0:v1.0:r015,1.0,3.0,10173.92907560317,,,hardening:multi_hotspot:r015,3,,,2133.7423819671253,1.0,catalog/geography,,,1.0,9999.999999999998,Catalog + geography,6.0,,0.6255187955051928,0.7183192287681669,0.7268337516367471,597.0111945157628,4327.557131862912,moderate,3730.545937347149,,0.6782619383735445,6782.619383735446,3730.545937347149,,,,5.0,,6782.619383735446,0.3730545937347149,,40015,"[""L029"", ""R000"", ""R002"", ""R003"", ""R005"", ""R006"", ""C001""]",,,7.0,0.0,3.0,6782.619383735446,multi_hotspot,3052.073446388297,,3217.3806162645533,918.3310644211716,1.0,0.0,48.0,11205.01167202634,7470.007781350892,0.9079802300431958,0.9079802300431958
,,greedy_local_search,3173.152608497909,2,exp3:multi_hotspot:f1.0:v1.0:r015,1.0,3.0,11102.773326684312,,,hardening:multi_hotspot:r015,3,,,2153.1732584551723,1.0,truthful resolved feasibility,,,1.0,9999.999999999998,Current feasibility,7.0,,0.6347868641662754,0.8724279856708413,0.7459050229300126,0.0,4232.423576804782,moderate,4232.423576804782,,0.7401848884456208,7401.848884456208,4232.423576804782,,,,5.0,,7401.848884456208,0.4232423576804783,,40015,"[""L002"", ""R000"", ""R002"", ""R003"", ""R005"", ""R008"", ""C001""]",,,7.0,0.0,3.0,7401.848884456207,multi_hotspot,3169.4253076514256,,2598.151115543791,1016.2520491962532,1.0,0.0,48.0,11102.773326684313,7401.848884456208,0.9999999999999999,0.9999999999999999
,,greedy_local_search,3177.084552498707,2,exp3:multi_hotspot:f1.0:v1.0:r016,2.0,3.0,10374.152508719628,,,hardening:multi_hotspot:r016,3,,,2229.19785142334,1.0,catalog/geography,,,1.0,10000.0,Catalog + geography,6.0,,0.6971875002804583,0.6698055048276769,0.7172193271604105,1154.9886723080472,4992.206854167526,moderate,3837.218181859479,,0.6916101672479752,6916.101672479753,3837.218181859479,,,,3.0,,6916.101672479753,0.3837218181859479,,40016,"[""L023"", ""R004"", ""R006"", ""R008"", ""C001"", ""C002""]",,,6.0,0.0,3.0,6916.101672479752,multi_hotspot,3078.8834906202737,,3083.898327520248,849.6856391969338,1.0,0.0,48.0,12410.916827502133,8273.94455166809,0.8358892943131235,0.8358892943131234
,,greedy_local_search,3177.084552498707,2,exp3:multi_hotspot:f1.0:v1.0:r016,1.0,3.0,10901.26782824261,,,hardening:multi_hotspot:r016,3,,,2071.547501494323,1.0,truthful resolved feasibility,,,0.0,10000.0,Current feasibility,6.0,,0.7053966612711483,0.6910514636865911,0.8372733934359192,0.0,4232.9826999211255,moderate,4232.9826999211255,,0.7267511885495074,7267.511885495075,4232.9826999211255,,,,5.0,,7267.511885495075,0.4232982699921125,,40016,"[""R001"", ""R002"", ""R004"", ""R006"", ""R008"", ""C001""]",,,6.0,0.0,3.0,7267.511885495076,multi_hotspot,3034.52918557395,,2732.4881145049258,962.981684079627,1.0,0.0,48.0,11065.873379126027,7377.248919417352,0.9851249381550019,0.9851249381550022
,,greedy_local_search,3078.847843759583,2,exp3:multi_hotspot:f1.0:v1.0:r017,2.0,3.0,9087.405219178338,,,hardening:multi_hotspot:r017,3,,,2003.3490603348084,1.0,catalog/geography,,,1.0,10000.0,Catalog + geography,6.0,,0.5634434657780648,0.7285562920941895,0.486413763893969,2045.8057154606252,5320.4184241389485,moderate,3274.612708678323,,0.6058270146118893,6058.270146118892,3274.612708678323,,,,3.0,,6058.270146118892,0.3274612708678323,,40017,"[""L003"", ""R001"", ""R003"", ""R007"", ""C001"", ""C002""]",,,6.0,0.0,3.0,6058.270146118892,multi_hotspot,2783.6574374405686,,3941.7298538811065,780.3083771057602,1.0,0.0,48.0,12541.926499034158,8361.28433268944,0.7245621491943961,0.724562149194396
,,greedy_local_search,3078.847843759583,2,exp3:multi_hotspot:f1.0:v1.0:r017,1.0,3.0,10895.520494258348,,,hardening:multi_hotspot:r017,3,,,2018.6404599151065,1.0,truthful resolved feasibility,,,4.0,10000.0,Current feasibility,8.0,,0.6095576575438281,0.9025329367766582,0.680902795920018,0.0,4211.981634321158,moderate,4211.981634321158,,0.7263680329505566,7263.680329505565,4211.981634321158,,,,3.0,,7263.680329505565,0.4211981634321158,,40017,"[""L003"", ""L006"", ""L008"", ""L027"", ""R003"", ""R004"", ""R006"", ""C001""]",,,8.0,0.0,3.0,7263.680329505566,multi_hotspot,3051.698695184408,,2736.319670494433,1033.058235269301,1.0,0.0,48.0,10895.52049425835,7263.680329505566,0.9999999999999998,1.0
,,greedy_local_search,3144.247219381794,2,exp3:multi_hotspot:f1.0:v1.0:r018,1.0,3.0,8389.996302846193,,,hardening:multi_hotspot:r018,3,,,2122.430294601587,1.0,catalog/geography,,,1.0,10000.000000000002,Catalog + geography,7.0,,0.4943139871999097,0.45926257361474,0.8807494592564722,1786.4751487899002,4454.227863407809,moderate,2667.752714617909,,0.5593330868564128,5593.330868564129,2667.752714617909,,,,5.0,,5593.330868564128,0.2667752714617908,,40018,"[""L002"", ""R000"", ""R001"", ""R002"", ""R003"", ""R007"", ""C001""]",,,7.0,0.0,3.0,5593.330868564128,multi_hotspot,2925.5781539462187,,4406.669131435872,803.147859344632,1.0,0.0,48.0,11372.441561789585,7581.627707859727,0.7377480251062227,0.7377480251062222
,,greedy_local_search,3144.247219381794,2,exp3:multi_hotspot:f1.0:v1.0:r018,0.0,3.0,10029.653580058555,,,hardening:multi_hotspot:r018,3,,,2047.7067931337097,1.0,truthful resolved feasibility,,,6.0,10000.000000000002,Current feasibility,10.0,,0.5844064029794483,0.637715414352476,0.9123014781989264,0.0,3545.3622363040017,moderate,3545.3622363040017,,0.6686435720039036,6686.435720039037,3545.3622363040017,,,,4.0,,6686.435720039037,0.3545362236304001,,40018,"[""L002"", ""L010"", ""L020"", ""L026"", ""L028"", ""L034"", ""R000"", ""R002"", ""R003"", ""R007""]",,,10.0,0.0,3.0,6686.435720039037,multi_hotspot,3141.073483735035,,3313.564279960964,1093.3666906013254,1.0,0.0,48.0,10278.88967660887,6852.5931177392495,0.975752624612998,0.9757526246129976
,,greedy_local_search,3139.3042522037977,2,exp3:multi_hotspot:f1.0:v1.0:r019,2.0,3.0,8430.004829945083,,,hardening:multi_hotspot:r019,3,,,2216.1163697786697,1.0,catalog/geography,,,1.0,9999.999999999998,Catalog + geography,5.0,,0.6592898743030932,0.4370605469947802,0.5617434355588686,1849.703211354809,4587.413718925062,moderate,2737.7105075702534,,0.5620003219963388,5620.003219963388,2737.7105075702534,,,,3.0,,5620.003219963388,0.2737710507570254,,40019,"[""L006"", ""R000"", ""R002"", ""R005"", ""C001"", ""C002""]",,,6.0,0.0,3.0,5620.003219963388,multi_hotspot,2882.2927123931345,,4379.996780036612,666.1763426144648,1.0,0.0,48.0,12093.728624598494,8062.485749732328,0.6970558949701052,0.6970558949701052
,,greedy_local_search,3139.3042522037977,2,exp3:multi_hotspot:f1.0:v1.0:r019,1.0,3.0,10491.23544780274,,,hardening:multi_hotspot:r019,3,,,2149.67649797877,1.0,truthful resolved feasibility,,,5.0,9999.999999999998,Current feasibility,9.0,,0.5977892748839639,0.772000750546782,0.8010513006551261,0.0,3854.852712998029,moderate,3854.852712998029,,0.6994156965201827,6994.156965201827,3854.852712998029,,,,3.0,,6994.156965201826,0.3854852712998029,,40019,"[""L006"", ""L007"", ""L019"", ""L027"", ""L028"", ""R000"", ""R004"", ""R007"", ""C001""]",,,9.0,0.0,3.0,6994.156965201827,multi_hotspot,3139.3042522037977,,3005.8430347981725,989.6277542250276,1.0,0.0,48.0,10779.0459262139,7186.030617475932,0.9732990767103771,0.9732990767103773
,,greedy_local_search,3167.1915373627367,2,exp3:multi_hotspot:f1.0:v2.0:r000,1.0,3.0,8991.794648513502,,,hardening:multi_hotspot:r000,3,,,1640.081284204628,1.0,catalog/geography,,,1.0,10000.0,Catalog + geography,5.0,,0.6071436137900782,0.6279576682476303,0.5322658323768049,36.72684303236974,2864.065071345301,moderate,2827.338228312931,,0.5994529765675668,5994.529765675668,2827.338228312931,,,,3.0,,5994.529765675668,0.282733822831293,,40000,"[""L014"", ""R002"", ""R005"", ""R007"", ""C001""]",,,5.0,0.0,3.0,5994.529765675668,multi_hotspot,3167.1915373627367,,4005.470234324332,1527.110253158109,2.0,0.0,48.0,9040.775044524213,6027.183363016144,0.9945822790889618,0.9945822790889616
,,greedy_local_search,3167.1915373627367,2,exp3:multi_hotspot:f1.0:v2.0:r000,1.0,3.0,8991.794648513502,,,hardening:multi_hotspot:r000,3,,,1640.081284204628,1.0,truthful resolved feasibility,,,1.0,10000.0,Current feasibility,5.0,,0.6071436137900782,0.6279576682476303,0.5322658323768049,0.0,2827.338228312931,moderate,2827.338228312931,,0.5994529765675668,5994.529765675668,2827.338228312931,,,,3.0,,5994.529765675668,0.282733822831293,,40000,"[""L014"", ""R002"", ""R005"", ""R007"", ""C001""]",,,5.0,0.0,3.0,5994.529765675668,multi_hotspot,3167.1915373627367,,4005.470234324332,1527.110253158109,2.0,0.0,48.0,9040.775044524213,6027.183363016144,0.9945822790889618,0.9945822790889616
,,greedy_local_search,3142.794055820548,2,exp3:multi_hotspot:f1.0:v2.0:r001,2.0,3.0,5249.049524468861,,,hardening:multi_hotspot:r001,3,,,1707.4013828428242,1.0,catalog/geography,,,0.0,10000.0,Catalog + geography,2.0,,0.4568007409747869,0.3179243840157073,0.165513835602195,2202.67241207468,3193.107630965422,moderate,990.435218890742,,0.3499366349645906,3499.3663496459067,990.435218890742,,,,2.0,,3499.3663496459067,0.0990435218890741,,40001,"[""R001"", ""R005"", ""C001"", ""C002""]",,,4.0,601.6737487415529,3.0,3499.3663496459067,multi_hotspot,2508.9311307551648,,6500.633650354093,801.5297479123406,2.0,0.0,48.0,9401.328344227797,6267.552229485196,0.5583306243836977,0.5583306243836977
,,greedy_local_search,3142.794055820548,2,exp3:multi_hotspot:f1.0:v2.0:r001,2.0,3.0,9045.319608284746,,,hardening:multi_hotspot:r001,3,,,1661.38300921696,1.0,truthful resolved feasibility,,,0.0,10000.0,Current feasibility,4.0,,0.6312619762652214,0.6429266932224972,0.4696453763587966,0.0,2887.419016369282,moderate,2887.419016369282,,0.6030213072189831,6030.21307218983,2887.419016369282,,,,2.0,,6030.21307218983,0.2887419016369282,,40001,"[""R001"", ""R002"", ""C000"", ""C001""]",,,4.0,0.0,3.0,6030.21307218983,multi_hotspot,3142.794055820548,,3969.78692781017,1481.411046603588,2.0,0.0,48.0,9438.542889870934,6292.361926580622,0.9583385607106601,0.9583385607106603
,,greedy_local_search,3131.918120974454,2,exp3:multi_hotspot:f1.0:v2.0:r002,1.0,3.0,7657.600593871636,,,hardening:multi_hotspot:r002,3,,,1688.8328689489572,1.0,catalog/geography,,,0.0,10000.000000000002,Catalog + geography,4.0,,0.3489564949584886,0.6470274874165783,0.6350833146549336,592.5202140636889,2773.2350954607377,moderate,2180.714881397049,,0.5105067062581091,5105.067062581091,2180.714881397049,,,,4.0,,5105.067062581091,0.2180714881397048,,40002,"[""R000"", ""R004"", ""R006"", ""R007"", ""C001""]",,,5.0,0.0,3.0,5105.067062581091,multi_hotspot,2924.352181184042,,4894.93293741891,1235.5193122350847,2.0,0.0,48.0,8839.967878911564,5893.311919274374,0.8662475586748954,0.8662475586748957
,,greedy_local_search,3131.918120974454,2,exp3:multi_hotspot:f1.0:v2.0:r002,1.0,3.0,8714.123345350501,,,hardening:multi_hotspot:r002,3,,,1726.0909008314309,1.0,truthful resolved feasibility,,,0.0,10000.000000000002,Current feasibility,5.0,,0.3300644218515713,0.7689448063711456,0.8164094214679601,0.0,2677.497442592547,moderate,2677.497442592547,,0.5809415563567001,5809.415563567001,2677.497442592547,,,,4.0,,5809.415563567001,0.2677497442592546,,40002,"[""R000"", ""R004"", ""R005"", ""R007"", ""C001""]",,,5.0,0.0,3.0,5809.415563567001,multi_hotspot,3131.9181209744543,,4190.584436433,1405.8272201430234,2.0,0.0,48.0,9148.091549302657,6098.727699535104,0.9525618866390514,0.9525618866390515
,,greedy_local_search,3097.6906149428264,2,exp3:multi_hotspot:f1.0:v2.0:r003,2.0,3.0,6482.225953159739,,,hardening:multi_hotspot:r003,3,,,1580.888124557759,1.0,catalog/geography,,,1.0,10000.000000000002,Catalog + geography,3.0,,0.4018261824923967,0.4676742885642909,0.4382030687911777,1220.2404623737284,2905.097975937002,moderate,1684.8575135632736,,0.4321483968773159,4321.483968773159,1684.8575135632736,,,,1.0,,4321.483968773159,0.1684857513563273,,40003,"[""L023"", ""R007"", ""C001"", ""C002""]",,,4.0,0.0,3.0,4321.48396877316,multi_hotspot,2636.626455209885,,5678.51603122684,1055.7383306521265,2.0,0.0,48.0,8801.686855469927,5867.791236979954,0.7364754119980164,0.736475411998016
,,greedy_local_search,3097.6906149428264,2,exp3:multi_hotspot:f1.0:v2.0:r003,1.0,3.0,8593.43054674804,,,hardening:multi_hotspot:r003,3,,,1626.1298643311766,1.0,truthful resolved feasibility,,,1.0,10000.000000000002,Current feasibility,5.0,,0.6046249522298406,0.5328613907271301,0.5715632726263946,0.0,2631.2630828892,moderate,2631.2630828892,,0.5728953697832027,5728.953697832027,2631.2630828892,,,,3.0,,5728.953697832027,0.26312630828892,,40003,"[""L023"", ""R001"", ""R004"", ""R007"", ""C001""]",,,5.0,0.0,3.0,5728.953697832028,multi_hotspot,3097.6906149428264,,4271.046302167973,1471.5607506116498,2.0,0.0,48.0,8632.681262910732,5755.120841940491,0.9954532415865593,0.995453241586559
,,greedy_local_search,3168.841656308462,2,exp3:multi_hotspot:f1.0:v2.0:r004,2.0,3.0,4104.439586571328,,,hardening:multi_hotspot:r004,3,,,1714.9741722426038,1.0,catalog/geography,,,0.0,10000.0,Catalog + geography,3.0,,0.4182315558026046,0.1299521508470562,0.1997092643189002,3008.887318408827,3483.7640168119306,moderate,474.8766984031036,,0.2736293057714218,2736.293057714218,474.8766984031036,,,,2.0,,2736.293057714218,0.0474876698403103,,40004,"[""R002"", ""R003"", ""C001"", ""C002""]",,,4.0,0.0,3.0,2736.293057714218,multi_hotspot,2261.4163593111143,,7263.706942285782,546.4421870685103,2.0,0.0,48.0,9763.994900234013,6509.329933489343,0.4203647818858403,0.42036478188584014
,,greedy_local_search,3168.841656308462,2,exp3:multi_hotspot:f1.0:v2.0:r004,1.0,3.0,8841.448166941122,,,hardening:multi_hotspot:r004,3,,,1749.846514022033,1.0,truthful resolved feasibility,,,0.0,10000.0,Current feasibility,5.0,,0.6919244882360038,0.425607375978404,0.6455063824871581,0.0,2759.5365840898303,moderate,2759.5365840898303,,0.5894298777960747,5894.2987779607465,2759.5365840898303,,,,4.0,,5894.2987779607465,0.275953658408983,,40004,"[""R001"", ""R004"", ""R006"", ""R007"", ""C001""]",,,5.0,0.0,3.0,5894.2987779607465,multi_hotspot,3134.762193870916,,4105.701222039253,1384.9156798488834,2.0,0.0,48.0,9244.396041446204,6162.930694297469,0.9564116603509293,0.9564116603509291
,,greedy_local_search,3121.037067074452,2,exp3:multi_hotspot:f1.0:v2.0:r005,2.0,3.0,6676.735361850432,,,hardening:multi_hotspot:r005,3,,,1586.554225451158,1.0,catalog/geography,,,0.0,10000.0,Catalog + geography,3.0,,0.3513523004416225,0.5272579180400327,0.5123344213864366,1536.7206370428194,3317.9700527970385,moderate,1781.2494157542192,,0.4451156907900288,4451.156907900288,1781.2494157542192,,,,2.0,,4451.156907900288,0.1781249415754219,,40005,"[""R002"", ""R004"", ""C001"", ""C002""]",,,4.0,0.0,3.0,4451.156907900288,multi_hotspot,2669.9074921460683,,5548.843092099711,1083.3532666949104,2.0,0.0,48.0,9873.946200625162,6582.630800416776,0.676197259554412,0.6761972595544119
,,greedy_local_search,3121.037067074452,2,exp3:multi_hotspot:f1.0:v2.0:r005,1.0,3.0,8214.402501993129,,,hardening:multi_hotspot:r005,3,,,1528.3565627338023,1.0,truthful resolved feasibility,,,1.0,10000.0,Current feasibility,5.0,,0.4295298827101461,0.636292202152643,0.6581805774660889,0.0,2476.6147678218467,moderate,2476.6147678218467,,0.5476268334662086,5476.268334662085,2476.6147678218467,,,,3.0,,5476.268334662085,0.2476614767821846,,40005,"[""L001"", ""R001"", ""R002"", ""R004"", ""C001""]",,,5.0,0.0,3.0,5476.268334662085,multi_hotspot,2999.6535668402385,,4523.731665337914,1471.2970041064364,2.0,0.0,48.0,8372.557771177057,5581.705180784704,0.9811102803341191,0.9811102803341191
,,greedy_local_search,3057.222876742177,2,exp3:multi_hotspot:f1.0:v2.0:r006,2.0,3.0,4833.440824951089,,,hardening:multi_hotspot:r006,3,,,1658.0280893055974,1.0,catalog/geography,,,0.0,10000.0,Catalog + geography,3.0,,0.4194608490398267,0.1796346457783791,0.3529994011985893,2806.783662275922,3642.5063980002656,moderate,835.7227357243437,,0.3222293883300726,3222.2938833007256,835.7227357243437,,,,2.0,,3222.2938833007256,0.0835722735724343,,40006,"[""R000"", ""R007"", ""C001"", ""C002""]",,,4.0,0.0,3.0,3222.2938833007256,multi_hotspot,2386.571147576382,,6777.706116699274,728.5430582707847,2.0,0.0,48.0,9952.586296644196,6635.05753109613,0.48564671341567006,0.48564671341567006
,,greedy_local_search,3057.222876742177,2,exp3:multi_hotspot:f1.0:v2.0:r006,0.0,3.0,7315.3718155872275,,,hardening:multi_hotspot:r006,3,,,1592.069750445401,1.0,truthful resolved feasibility,,,3.0,10000.0,Current feasibility,7.0,,0.4603896789831731,0.4322416490111883,0.64615760838069,0.0,1838.8602935126185,moderate,1838.8602935126185,,0.4876914543724819,4876.914543724819,1838.8602935126185,,,,4.0,,4876.914543724817,0.1838860293512618,,40006,"[""L007"", ""L010"", ""L028"", ""R000"", ""R005"", ""R006"", ""R007""]",,,7.0,0.0,3.0,4876.914543724818,multi_hotspot,3038.054250212199,,5123.085456275181,1445.984499766798,2.0,0.0,48.0,7923.916279342186,5282.61085289479,0.9232015530828555,0.9232015530828556
,,greedy_local_search,3160.0896040703738,2,exp3:multi_hotspot:f1.0:v2.0:r007,1.0,3.0,5526.990062967983,,,hardening:multi_hotspot:r007,3,,,1600.0518117883692,1.0,catalog/geography,,,1.0,9999.999999999998,Catalog + geography,4.0,,0.4600723196411424,0.3046118380299659,0.2740965852443165,1708.9421711194775,2843.0902192125086,moderate,1134.1480480930309,,0.3684660041978655,3684.660041978656,1134.1480480930309,,,,3.0,,3684.660041978656,0.1134148048093031,,40007,"[""L027"", ""R002"", ""R006"", ""R007"", ""C001""]",,,5.0,0.0,3.0,3684.660041978656,multi_hotspot,2550.5119938856246,,6315.339958021345,950.4601820972556,2.0,0.0,48.0,9121.99755853266,6081.331705688435,0.6058969022413376,0.6058969022413382
,,greedy_local_search,3160.0896040703738,2,exp3:multi_hotspot:f1.0:v2.0:r007,0.0,3.0,7495.5543855849955,,,hardening:multi_hotspot:r007,3,,,1689.2447989740965,1.0,truthful resolved feasibility,,,1.0,9999.999999999998,Current feasibility,6.0,,0.5288506271001208,0.3950020249144418,0.6173506739527868,0.0,1882.0841946047597,moderate,1882.0841946047597,,0.4997036257056663,4997.036257056663,1882.0841946047597,,,,5.0,,4997.036257056663,0.1882084194604759,,40007,"[""L030"", ""R000"", ""R002"", ""R003"", ""R004"", ""R007""]",,,6.0,0.0,3.0,4997.036257056664,multi_hotspot,3114.952062451904,,5002.963742943338,1425.707263477807,2.0,0.0,48.0,8066.15985170264,5377.43990113509,0.9292593406765677,0.9292593406765682
,,greedy_local_search,3111.814402771996,2,exp3:multi_hotspot:f1.0:v2.0:r008,2.0,3.0,6560.004605654885,,,hardening:multi_hotspot:r008,3,,,1584.1411698725612,1.0,catalog/geography,,,0.0,10000.0,Catalog + geography,3.0,,0.4414358876866759,0.3348672671243285,0.6074197371223659,2019.237385611096,3793.70393729905,moderate,1774.4665516879536,,0.4373336403769923,4373.336403769923,1774.4665516879536,,,,2.0,,4373.336403769923,0.1774466551687953,,40008,"[""R003"", ""R005"", ""C001"", ""C002""]",,,4.0,494.3346230819706,3.0,4373.336403769923,multi_hotspot,2598.8698520819694,,5626.663596230075,1014.728682209408,2.0,0.0,48.0,10257.177524088893,6838.118349392598,0.6395526050171961,0.6395526050171958
,,greedy_local_search,3111.814402771996,2,exp3:multi_hotspot:f1.0:v2.0:r008,2.0,3.0,9178.436420489978,,,hardening:multi_hotspot:r008,3,,,1581.9289891620892,1.0,truthful resolved feasibility,,,0.0,10000.0,Current feasibility,4.0,,0.5896847097810685,0.5278931813257304,0.80887514250256,0.0,3146.6961090022005,moderate,3146.6961090022005,,0.6118957613659984,6118.957613659984,3146.6961090022005,,,,2.0,,6118.957613659984,0.31466961090022,,40008,"[""R001"", ""R003"", ""C000"", ""C001""]",,,4.0,0.0,3.0,6118.957613659984,multi_hotspot,2972.261504657784,,3881.042386340015,1390.332515495695,2.0,0.0,48.0,9947.900847461024,6631.933898307352,0.9226505733450857,0.9226505733450852
,,greedy_local_search,3134.181575541887,2,exp3:multi_hotspot:f1.0:v2.0:r009,1.0,3.0,8756.34884484795,,,hardening:multi_hotspot:r009,3,,,1663.7164070290878,1.0,catalog/geography,,,0.0,9999.999999999998,Catalog + geography,5.0,,0.515720219564354,0.7864780409349588,0.3820758826266747,165.90930789816912,2950.5244244612068,moderate,2784.6151165630376,,0.5837565896565298,5837.565896565299,2784.6151165630376,,,,4.0,,5837.565896565298,0.2784615116563038,,40009,"[""R002"", ""R003"", ""R006"", ""R007"", ""C001""]",,,5.0,0.0,3.0,5837.565896565299,multi_hotspot,3052.9507800022607,,4162.434103434704,1389.2343729731729,2.0,0.0,48.0,9065.545525475405,6043.697016983602,0.965893207445865,0.9658932074458652
,,greedy_local_search,3134.181575541887,2,exp3:multi_hotspot:f1.0:v2.0:r009,1.0,3.0,8836.298032018409,,,hardening:multi_hotspot:r009,3,,,1684.431044361222,1.0,truthful resolved feasibility,,,0.0,9999.999999999998,Current feasibility,5.0,,0.4566937136851786,0.7880943426580753,0.5387067218961855,0.0,2787.979829211547,moderate,2787.979829211547,,0.5890865354678938,5890.865354678939,2787.979829211547,,,,4.0,,5890.865354678939,0.2787979829211547,,40009,"[""R000"", ""R003"", ""R006"", ""R007"", ""C001""]",,,5.0,0.0,3.0,5890.865354678939,multi_hotspot,3102.885525467392,,4109.134645321063,1418.45448110617,2.0,0.0,48.0,9145.494712645866,6096.996475097242,0.9661913663128668,0.9661913663128672
,,greedy_local_search,3131.0191729170765,2,exp3:multi_hotspot:f1.0:v2.0:r010,2.0,3.0,4542.605889780694,,,hardening:multi_hotspot:r010,3,,,1606.7825673933924,1.0,catalog/geography,,,0.0,10000.0,Catalog + geography,2.0,,0.4625791385945281,0.1180249109696576,0.2668553072256416,2725.3418000548854,3404.3694710656614,moderate,679.027671010776,,0.3028403926520462,3028.4039265204624,679.027671010776,,,,2.0,,3028.4039265204624,0.0679027671010776,,40010,"[""R000"", ""R002"", ""C001"", ""C002""]",,,4.0,0.0,3.0,3028.4039265204624,multi_hotspot,2349.3762555096864,,6971.596073479538,742.593688116294,2.0,0.0,48.0,9777.29935626798,6518.19957084532,0.46460742626935564,0.46460742626935564
,,greedy_local_search,3131.0191729170765,2,exp3:multi_hotspot:f1.0:v2.0:r010,1.0,3.0,7875.552361004517,,,hardening:multi_hotspot:r010,3,,,1625.7636187672124,1.0,truthful resolved feasibility,,,1.0,10000.0,Current feasibility,5.0,,0.6599858695874935,0.4132944339468465,0.4169506543559969,0.0,2167.3577278307557,moderate,2167.3577278307557,,0.5250368240669678,5250.368240669678,2167.3577278307557,,,,3.0,,5250.368240669678,0.2167357727830755,,40010,"[""L025"", ""R004"", ""R006"", ""R007"", ""C001""]",,,5.0,0.0,3.0,5250.368240669677,multi_hotspot,3083.0105128389228,,4749.631759330322,1457.2468940717104,2.0,0.0,48.0,8656.553075768392,5771.035383845593,0.9097792495548754,0.9097792495548755
,,greedy_local_search,3086.135330375794,2,exp3:multi_hotspot:f1.0:v2.0:r011,2.0,3.0,8214.796460008138,,,hardening:multi_hotspot:r011,3,,,1698.123097775867,1.0,catalog/geography,,,1.0,9999.999999999998,Catalog + geography,5.0,,0.6015344495628392,0.4428838791425559,0.6097661866535183,859.4197619119827,3452.907120101392,moderate,2593.487358189409,,0.5476530973338758,5476.530973338759,2593.487358189409,,,,2.0,,5476.530973338759,0.2593487358189409,,40011,"[""L012"", ""R003"", ""R007"", ""C001"", ""C002""]",,,5.0,0.0,3.0,5476.530973338759,multi_hotspot,2883.043615149349,,4523.4690266612415,1184.9205173734824,2.0,0.0,48.0,9772.30721560102,6514.871477067346,0.8406199558374106,0.8406199558374108
,,greedy_local_search,3086.135330375794,2,exp3:multi_hotspot:f1.0:v2.0:r011,1.0,3.0,8553.986077477448,,,hardening:multi_hotspot:r011,3,,,1660.0850990043357,1.0,truthful resolved feasibility,,,2.0,9999.999999999998,Current feasibility,6.0,,0.3779506479017876,0.6365856358636492,0.8869148719520744,0.0,2628.6164999408147,moderate,2628.6164999408147,,0.5702657384984965,5702.657384984965,2628.6164999408147,,,,3.0,,5702.657384984965,0.2628616499940815,,40011,"[""L012"", ""L018"", ""R002"", ""R003"", ""R004"", ""C001""]",,,6.0,0.0,3.0,5702.657384984965,multi_hotspot,3074.04088504415,,4297.342615015034,1413.9557860398147,2.0,0.0,48.0,8553.986077477452,5702.6573849849665,0.9999999999999996,0.9999999999999997
,,greedy_local_search,3156.616877017109,2,exp3:multi_hotspot:f1.0:v2.0:r012,2.0,3.0,5072.629567013764,,,hardening:multi_hotspot:r012,3,,,1749.4548817762668,1.0,catalog/geography,,,0.0,10000.0,Catalog + geography,2.0,,0.365556771483618,0.1587959558241399,0.5904808638075357,2704.1172313813945,3629.053595584036,moderate,924.936364202641,,0.3381753044675843,3381.7530446758437,924.936364202641,,,,2.0,,3381.753044675843,0.0924936364202641,,40012,"[""R000"", ""R007"", ""C001"", ""C002""]",,,4.0,0.0,3.0,3381.7530446758437,multi_hotspot,2456.816680473202,,6618.246955324157,707.3617986969348,2.0,0.0,48.0,10095.385229087733,6730.25681939182,0.5024701338189698,0.5024701338189701
,,greedy_local_search,3156.616877017109,2,exp3:multi_hotspot:f1.0:v2.0:r012,1.0,3.0,8091.209208504162,,,hardening:multi_hotspot:r012,3,,,1711.5057153705827,1.0,truthful resolved feasibility,,,0.0,10000.0,Current feasibility,5.0,,0.4831405837283979,0.4891819494164287,0.7539350113004081,0.0,2343.387743191932,moderate,2343.387743191932,,0.5394139472336108,5394.139472336108,2343.387743191932,,,,4.0,,5394.139472336109,0.2343387743191931,,40012,"[""R001"", ""R002"", ""R007"", ""R008"", ""C001""]",,,5.0,0.0,3.0,5394.139472336107,multi_hotspot,3050.7517291441773,,4605.860527663892,1339.2460137735948,2.0,0.0,48.0,8993.838826378418,5995.892550918943,0.8996391156991946,0.8996391156991949
,,greedy_local_search,3128.370898926705,2,exp3:multi_hotspot:f1.0:v2.0:r013,2.0,3.0,6345.161797894863,,,hardening:multi_hotspot:r013,3,,,1658.2879796261643,1.0,catalog/geography,,,0.0,9999.999999999998,Catalog + geography,3.0,,0.3021147635704482,0.4299665304643308,0.6828542862855338,1666.0820806749816,3291.9232832182925,moderate,1625.8412025433108,,0.4230107865263242,4230.107865263242,1625.8412025433108,,,,2.0,,4230.107865263242,0.1625841202543311,,40013,"[""R004"", ""R005"", ""C001"", ""C002""]",,,4.0,576.6832465939877,3.0,4230.107865263242,multi_hotspot,2604.2666627199314,,5769.892134736758,945.9786830937668,2.0,0.0,48.0,9816.06780934492,6544.045206229946,0.6464056607121493,0.6464056607121493
,,greedy_local_search,3128.370898926705,2,exp3:multi_hotspot:f1.0:v2.0:r013,2.0,3.0,9387.416042814324,,,hardening:multi_hotspot:r013,3,,,1624.5454057555717,1.0,truthful resolved feasibility,,,0.0,9999.999999999998,Current feasibility,4.0,,0.6478690140177662,0.5076570616760196,0.7830335414650995,0.0,3297.6325262836467,moderate,3297.6325262836467,,0.6258277361876216,6258.277361876216,3297.6325262836467,,,,2.0,,6258.277361876216,0.3297632526283647,,40013,"[""R005"", ""R006"", ""C000"", ""C001""]",,,4.0,0.0,3.0,6258.277361876216,multi_hotspot,2960.644835592569,,3741.722638123784,1336.0994298369974,2.0,0.0,48.0,9509.117865926773,6339.411910617848,0.9872015653998218,0.987201565399822
,,greedy_local_search,3172.528396547715,2,exp3:multi_hotspot:f1.0:v2.0:r014,1.0,3.0,7052.305227252909,,,hardening:multi_hotspot:r014,3,,,1673.93367026116,1.0,catalog/geography,,,0.0,10000.0,Catalog + geography,4.0,,0.4479083450995375,0.5409632596076653,0.3962889282969294,1060.9428904027932,2950.765868347322,moderate,1889.8229779445287,,0.4701536818168606,4701.536818168606,1889.8229779445287,,,,4.0,,4701.536818168605,0.1889822977944528,,40014,"[""R000"", ""R002"", ""R005"", ""R006"", ""C002""]",,,5.0,0.0,3.0,4701.536818168605,multi_hotspot,2811.7138402240766,,5298.463181831394,1137.7801699629167,2.0,0.0,48.0,9722.53187892917,6481.687919286116,0.725356863322483,0.7253568633224825
,,greedy_local_search,3172.528396547715,2,exp3:multi_hotspot:f1.0:v2.0:r014,2.0,3.0,8894.393135769089,,,hardening:multi_hotspot:r014,3,,,1703.9616690610865,1.0,truthful resolved feasibility,,,0.0,10000.0,Current feasibility,4.0,,0.6127704299912776,0.5074029706613183,0.6981090457853483,0.0,2884.8935121976497,moderate,2884.8935121976497,,0.5929595423846059,5929.595423846059,2884.8935121976497,,,,2.0,,5929.595423846059,0.288489351219765,,40014,"[""R002"", ""R005"", ""C001"", ""C002""]",,,4.0,0.0,3.0,5929.59542384606,multi_hotspot,3044.7019116484094,,4070.40457615394,1340.7402425873229,2.0,0.0,48.0,9500.42567114688,6333.617114097922,0.9362099598107132,0.936209959810713
,,greedy_local_search,3173.152608497909,2,exp3:multi_hotspot:f1.0:v2.0:r015,1.0,3.0,8630.387233098621,,,hardening:multi_hotspot:r015,3,,,1661.5569805873247,1.0,catalog/geography,,,0.0,9999.999999999998,Catalog + geography,5.0,,0.488343128669472,0.6729401707557016,0.6003784060374174,54.20505624586485,2634.6439364803696,moderate,2580.4388802345047,,0.5753591488732415,5753.591488732414,2580.4388802345047,,,,4.0,,5753.591488732414,0.2580438880234505,,40015,"[""R000"", ""R002"", ""R003"", ""R005"", ""C001""]",,,5.0,0.0,3.0,5753.591488732415,multi_hotspot,3173.1526084979096,,4246.408511267585,1511.5956279105849,2.0,0.0,48.0,8927.653018751727,5951.768679167817,0.9667028069943213,0.9667028069943217
,,greedy_local_search,3173.152608497909,2,exp3:multi_hotspot:f1.0:v2.0:r015,1.0,3.0,8630.387233098621,,,hardening:multi_hotspot:r015,3,,,1661.5569805873247,1.0,truthful resolved feasibility,,,0.0,9999.999999999998,Current feasibility,5.0,,0.488343128669472,0.6729401707557016,0.6003784060374174,0.0,2580.4388802345047,moderate,2580.4388802345047,,0.5753591488732415,5753.591488732414,2580.4388802345047,,,,4.0,,5753.591488732414,0.2580438880234505,,40015,"[""R000"", ""R002"", ""R003"", ""R005"", ""C001""]",,,5.0,0.0,3.0,5753.591488732415,multi_hotspot,3173.1526084979096,,4246.408511267585,1511.5956279105849,2.0,0.0,48.0,8927.653018751727,5951.768679167817,0.9667028069943213,0.9667028069943217
,,greedy_local_search,3177.084552498707,2,exp3:multi_hotspot:f1.0:v2.0:r016,2.0,3.0,8093.360584507242,,,hardening:multi_hotspot:r016,3,,,1767.2537469230097,1.0,catalog/geography,,,0.0,10000.0,Catalog + geography,4.0,,0.5491904012059297,0.5108646208333513,0.568095372330708,1041.5671980245916,3502.168120031973,moderate,2460.600922007381,,0.5395573723004828,5395.573723004829,2460.600922007381,,,,2.0,,5395.573723004829,0.2460600922007381,,40016,"[""R004"", ""R008"", ""C001"", ""C002""]",,,4.0,0.0,3.0,5395.573723004829,multi_hotspot,2934.9728009974474,,4604.426276995172,1167.7190540744375,2.0,0.0,48.0,10092.870253229881,6728.580168819921,0.8018888959676496,0.8018888959676498
,,greedy_local_search,3177.084552498707,2,exp3:multi_hotspot:f1.0:v2.0:r016,1.0,3.0,8844.733898403003,,,hardening:multi_hotspot:r016,3,,,1643.9154103480128,1.0,truthful resolved feasibility,,,1.0,10000.0,Current feasibility,5.0,,0.5683355862719266,0.6126862994049488,0.5972885397305064,0.0,2749.5208428152523,moderate,2749.5208428152523,,0.5896489265602003,5896.489265602004,2749.5208428152523,,,,3.0,,5896.489265602003,0.2749520842815252,,40016,"[""L007"", ""R004"", ""R006"", ""R008"", ""C001""]",,,5.0,0.0,3.0,5896.489265602003,multi_hotspot,3146.9684227867506,,4103.510734397997,1503.0530124387378,2.0,0.0,48.0,8909.304991932286,5939.536661288192,0.9927523983534345,0.9927523983534344
,,greedy_local_search,3078.847843759583,2,exp3:multi_hotspot:f1.0:v2.0:r017,2.0,3.0,7362.974455782825,,,hardening:multi_hotspot:r017,3,,,1581.0826879538815,1.0,catalog/geography,,,0.0,10000.0,Catalog + geography,4.0,,0.5181830305013985,0.538982600281989,0.3451934494726481,1298.360854573581,3436.765651374543,moderate,2138.404796800962,,0.4908649637188551,4908.64963718855,2138.404796800962,,,,2.0,,4908.64963718855,0.2138404796800961,,40017,"[""R003"", ""R007"", ""C001"", ""C002""]",,,4.0,0.0,3.0,4908.64963718855,multi_hotspot,2770.244840387588,,5091.350362811449,1189.1621524337063,2.0,0.0,48.0,10248.886114556799,6832.590743037866,0.7184170429335704,0.7184170429335703
,,greedy_local_search,3078.847843759583,2,exp3:multi_hotspot:f1.0:v2.0:r017,1.0,3.0,8674.444849326994,,,hardening:multi_hotspot:r017,3,,,1582.7367264052828,1.0,truthful resolved feasibility,,,1.0,10000.0,Current feasibility,5.0,,0.5306578893194529,0.6655557553329252,0.5327787936409439,0.0,2704.11538912508,moderate,2704.11538912508,,0.5782963232884665,5782.963232884664,2704.11538912508,,,,3.0,,5782.963232884663,0.2704115389125079,,40017,"[""L019"", ""R003"", ""R004"", ""R006"", ""C001""]",,,5.0,0.0,3.0,5782.963232884664,multi_hotspot,3078.847843759583,,4217.036767115335,1496.1111173543006,2.0,0.0,48.0,8831.147939096869,5887.431959397913,0.9822556375625726,0.9822556375625728
,,greedy_local_search,3144.247219381794,2,exp3:multi_hotspot:f1.0:v2.0:r018,1.0,3.0,6876.787787877504,,,hardening:multi_hotspot:r018,3,,,1690.1619845814914,1.0,catalog/geography,,,0.0,10000.000000000002,Catalog + geography,5.0,,0.3493486856230406,0.3895513439728003,0.8245132013549257,1164.933600497664,2810.661665524627,moderate,1645.7280650269631,,0.4584525191918335,4584.525191918336,1645.7280650269631,,,,4.0,,4584.525191918336,0.1645728065026963,,40018,"[""R000"", ""R002"", ""R003"", ""R007"", ""C001""]",,,5.0,0.0,3.0,4584.525191918336,multi_hotspot,2938.7971268913725,,5415.474808081665,1248.6351423098808,2.0,0.0,48.0,9187.869052034763,6125.246034689845,0.7484638438936565,0.748463843893656
,,greedy_local_search,3144.247219381794,2,exp3:multi_hotspot:f1.0:v2.0:r018,0.0,3.0,7826.079893183201,,,hardening:multi_hotspot:r018,3,,,1649.7739300358317,1.0,truthful resolved feasibility,,,1.0,10000.000000000002,Current feasibility,6.0,,0.4760889341868385,0.3802129235955686,0.8721205795151016,0.0,2073.1393760736737,moderate,2073.1393760736737,,0.5217386595455467,5217.386595455468,2073.1393760736737,,,,5.0,,5217.386595455468,0.2073139376073673,,40018,"[""L000"", ""R000"", ""R002"", ""R003"", ""R004"", ""R007""]",,,6.0,0.0,3.0,5217.386595455468,multi_hotspot,3144.247219381794,,4782.613404544534,1494.4732893459625,2.0,0.0,48.0,8233.340978304997,5488.893985536666,0.9505351368059533,0.950535136805953
,,greedy_local_search,3139.3042522037977,2,exp3:multi_hotspot:f1.0:v2.0:r019,2.0,3.0,6410.302449583387,,,hardening:multi_hotspot:r019,3,,,1751.8057638577789,1.0,catalog/geography,,,0.0,9999.999999999998,Catalog + geography,2.0,,0.4463389106810067,0.3853808557660876,0.4580884365715431,1493.3795848261748,3109.116948186627,moderate,1615.737363360452,,0.4273534966388924,4273.534966388924,1615.737363360452,,,,2.0,,4273.534966388924,0.1615737363360452,,40019,"[""R003"", ""R005"", ""C001"", ""C002""]",,,4.0,0.0,3.0,4273.534966388923,multi_hotspot,2657.797603028472,,5726.465033611076,905.9918391706929,2.0,0.0,48.0,9805.163229254907,6536.775486169938,0.6537680505366258,0.6537680505366256
,,greedy_local_search,3139.3042522037977,2,exp3:multi_hotspot:f1.0:v2.0:r019,1.0,3.0,8096.882686979574,,,hardening:multi_hotspot:r019,3,,,1550.02489846289,1.0,truthful resolved feasibility,,,3.0,9999.999999999998,Current feasibility,6.0,,0.3872385872321695,0.608223257939003,0.763283372994221,0.0,2346.4810539755763,moderate,2346.4810539755763,,0.5397921791319715,5397.921791319715,2346.4810539755763,,,,2.0,,5397.921791319715,0.2346481053975576,,40019,"[""L006"", ""L019"", ""L022"", ""R000"", ""R007"", ""C001""]",,,6.0,0.0,3.0,5397.921791319715,multi_hotspot,3051.440737344139,,4602.078208680284,1501.4158388812489,2.0,0.0,48.0,8253.285793831084,5502.190529220721,0.981049595184452,0.9810495951844522
,,greedy_local_search,3167.1915373627367,2,exp3:multi_hotspot:f2.0:v0.5:r000,1.0,3.0,7878.763043817502,,,hardening:multi_hotspot:r000,3,,,2794.6302381846394,2.0,catalog/geography,,,2.0,10000.0,Catalog + geography,5.0,,0.5140840494261941,0.6065030634146399,0.4081848757546109,78.4683195181492,2180.105382669375,moderate,2101.637063151226,,0.5252508695878334,5252.508695878334,2101.637063151226,,,,2.0,,5252.508695878334,0.2101637063151226,,40000,"[""L014"", ""L022"", ""R000"", ""R007"", ""C001""]",,,5.0,0.0,3.0,5252.508695878334,multi_hotspot,3150.871632727108,,4747.491304121665,356.2413945424687,0.5,0.0,48.0,8002.24051804399,5334.827012029328,0.9845696372224675,0.9845696372224672
,,greedy_local_search,3167.1915373627367,2,exp3:multi_hotspot:f2.0:v0.5:r000,1.0,3.0,7923.343243702312,,,hardening:multi_hotspot:r000,3,,,2771.193182127983,2.0,truthful resolved feasibility,,,2.0,10000.0,Current feasibility,5.0,,0.5312410734394095,0.6473493842120445,0.312960576957688,0.0,2156.6093381849428,moderate,2156.6093381849428,,0.5282228829134874,5282.228829134874,2156.6093381849428,,,,2.0,,5282.228829134874,0.2156609338184942,,40000,"[""L014"", ""L018"", ""R000"", ""R007"", ""C001""]",,,5.0,0.0,3.0,5282.228829134874,multi_hotspot,3125.619490949932,,4717.771170865126,354.4263088219483,0.5,0.0,48.0,7924.781648861998,5283.187765908,0.999818492770726,0.9998184927707257
,,greedy_local_search,3142.794055820548,2,exp3:multi_hotspot:f2.0:v0.5:r001,2.0,3.0,3690.870039691533,,,hardening:multi_hotspot:r001,3,,,2819.891253642916,2.0,catalog/geography,,,0.0,10000.0,Catalog + geography,1.0,,0.3511798469689947,0.2127004321797497,0.0679096012357104,2604.232037077201,2108.771290332612,moderate,-495.46074674458896,,0.2460580026461021,2460.5800264610216,-495.46074674458896,,,,1.0,,2460.5800264610216,-0.0495460746744588,,40001,"[""R005"", ""C001"", ""C002""]",,,3.0,1203.3474974831058,3.0,2460.5800264610216,multi_hotspot,2956.0407732056105,,7539.419973538979,136.14951956269454,0.5,0.0,48.0,7843.148859450467,5228.76590630031,0.470585233792201,0.4705852337922011
,,greedy_local_search,3142.794055820548,2,exp3:multi_hotspot:f2.0:v0.5:r001,2.0,3.0,7517.115265015275,,,hardening:multi_hotspot:r001,3,,,2727.854506391187,2.0,truthful resolved feasibility,,,0.0,10000.0,Current feasibility,3.0,,0.5395854302317713,0.5528449738509758,0.3241591660777322,0.0,1977.5195193482964,moderate,1977.5195193482964,,0.501141017667685,5011.410176676851,1977.5195193482964,,,,1.0,,5011.410176676851,0.1977519519348296,,40001,"[""R002"", ""C000"", ""C001""]",,,3.0,0.0,3.0,5011.410176676851,multi_hotspot,3033.8906573285544,,4988.589823323149,306.03615093736755,0.5,0.0,48.0,7880.363405093605,5253.575603395736,0.9539046460923949,0.9539046460923951
,,greedy_local_search,3131.918120974454,2,exp3:multi_hotspot:f2.0:v0.5:r002,1.0,3.0,7569.062718055886,,,hardening:multi_hotspot:r002,3,,,2823.2777782434987,2.0,catalog/geography,,,0.0,10000.000000000002,Catalog + geography,4.0,,0.2792733902817875,0.6967133760439751,0.6754073698076499,115.15188029587443,2032.1486084354392,moderate,1916.9967281395648,,0.5046041812037257,5046.041812037258,1916.9967281395648,,,,3.0,,5046.041812037257,0.1916996728139564,,40002,"[""R000"", ""R004"", ""R005"", ""C001""]",,,4.0,0.0,3.0,5046.041812037257,multi_hotspot,3129.045083897692,,4953.958187962744,305.76730565419325,0.5,0.0,48.0,7861.853866617939,5241.235911078626,0.9627580016711748,0.9627580016711749
,,greedy_local_search,3131.918120974454,2,exp3:multi_hotspot:f2.0:v0.5:r002,1.0,3.0,7569.062718055886,,,hardening:multi_hotspot:r002,3,,,2823.2777782434987,2.0,truthful resolved feasibility,,,0.0,10000.000000000002,Current feasibility,4.0,,0.2792733902817875,0.6967133760439751,0.6754073698076499,0.0,1916.9967281395648,moderate,1916.9967281395648,,0.5046041812037257,5046.041812037258,1916.9967281395648,,,,3.0,,5046.041812037257,0.1916996728139564,,40002,"[""R000"", ""R004"", ""R005"", ""C001""]",,,4.0,0.0,3.0,5046.041812037257,multi_hotspot,3129.045083897692,,4953.958187962744,305.76730565419325,0.5,0.0,48.0,7861.853866617939,5241.235911078626,0.9627580016711748,0.9627580016711749
,,greedy_local_search,3097.6906149428264,2,exp3:multi_hotspot:f2.0:v0.5:r003,1.0,3.0,6587.679982508851,,,hardening:multi_hotspot:r003,3,,,2574.986423523614,2.0,catalog/geography,,,1.0,10000.000000000002,Catalog + geography,3.0,,0.3860378702178641,0.4521537989183484,0.5360389714056464,480.4013308944118,2014.4748411537207,moderate,1534.073510259309,,0.4391786655005901,4391.786655005901,1534.073510259309,,,,2.0,,4391.786655005901,0.1534073510259308,,40003,"[""L031"", ""R005"", ""R007"", ""C001""]",,,4.0,0.0,3.0,4391.786655005901,multi_hotspot,2857.713144746592,,5608.213344994099,282.72672122297774,0.5,0.0,48.0,7370.420052106002,4913.61336807067,0.8937998019022684,0.893799801902268
,,greedy_local_search,3097.6906149428264,2,exp3:multi_hotspot:f2.0:v0.5:r003,1.0,3.0,7392.168902352347,,,hardening:multi_hotspot:r003,3,,,2710.806473153497,2.0,truthful resolved feasibility,,,1.0,10000.000000000002,Current feasibility,4.0,,0.5121833053702489,0.4229031948998064,0.5715632726263946,0.0,1907.861432246604,moderate,1907.861432246604,,0.4928112601568231,4928.112601568231,1907.861432246604,,,,2.0,,4928.112601568232,0.1907861432246603,,40003,"[""L023"", ""R001"", ""R007"", ""C001""]",,,4.0,0.0,3.0,4928.112601568232,multi_hotspot,3020.2511693216284,,5071.887398431767,309.4446961681316,0.5,0.0,48.0,7392.168902352349,4928.112601568235,0.9999999999999998,0.9999999999999994
,,greedy_local_search,3168.841656308462,2,exp3:multi_hotspot:f2.0:v0.5:r004,1.0,3.0,5652.705288204576,,,hardening:multi_hotspot:r004,3,,,2852.3922945378586,2.0,catalog/geography,,,0.0,10000.0,Catalog + geography,4.0,,0.537854612574148,0.1374232845313723,0.4335714698464573,1591.0448232174567,2293.301822562559,moderate,702.2569993451025,,0.3768470192136383,3768.470192136384,702.2569993451025,,,,3.0,,3768.470192136384,0.0702256999345102,,40004,"[""R002"", ""R003"", ""R007"", ""C001""]",,,4.0,0.0,3.0,3768.470192136384,multi_hotspot,3066.213192791281,,6231.529807863616,213.8208982534225,0.5,0.0,48.0,8254.762245615224,5503.174830410149,0.6847811142237547,0.6847811142237547
,,greedy_local_search,3168.841656308462,2,exp3:multi_hotspot:f2.0:v0.5:r004,1.0,3.0,7423.342077973884,,,hardening:multi_hotspot:r004,3,,,2851.76531433971,2.0,truthful resolved feasibility,,,0.0,10000.0,Current feasibility,4.0,,0.628005937133636,0.3938058987134694,0.3722736780253758,0.0,1815.0558178712,moderate,1815.0558178712,,0.4948894718649257,4948.894718649257,1815.0558178712,,,,3.0,,4948.894718649257,0.1815055817871199,,40004,"[""R004"", ""R006"", ""R007"", ""C001""]",,,4.0,0.0,3.0,4948.894718649257,multi_hotspot,3133.838900778057,,5051.105281350744,282.07358643834664,0.5,0.0,48.0,7826.289952478968,5217.526634985979,0.9485135515101315,0.9485135515101315
,,greedy_local_search,3121.037067074452,2,exp3:multi_hotspot:f2.0:v0.5:r005,2.0,3.0,4135.912583893279,,,hardening:multi_hotspot:r005,3,,,2578.3392310040726,2.0,catalog/geography,,,0.0,10000.0,Catalog + geography,1.0,,0.1770906033183221,0.3985599176848288,0.2827038145497512,2720.918075069293,2741.353397901259,moderate,20.435322831966005,,0.2757275055928852,2757.2750559288525,20.435322831966005,,,,1.0,,2757.2750559288525,0.0020435322831966,,40005,"[""R007"", ""C001"", ""C002""]",,,3.0,575.2392604285908,3.0,2757.2750559288525,multi_hotspot,2736.8397330968864,,7242.724944071148,158.5005020928137,0.5,0.0,48.0,8507.26423455376,5671.509489702508,0.48616246890446135,0.48616246890446124
,,greedy_local_search,3121.037067074452,2,exp3:multi_hotspot:f2.0:v0.5:r005,1.0,3.0,7518.669403671415,,,hardening:multi_hotspot:r005,3,,,2729.9303056569943,2.0,truthful resolved feasibility,,,0.0,10000.0,Current feasibility,4.0,,0.3908268956017436,0.5707145201857842,0.6281122091280932,0.0,1954.8245287617897,moderate,1954.8245287617897,,0.5012446269114276,5012.446269114276,1954.8245287617897,,,,3.0,,5012.446269114276,0.1954824528761789,,40005,"[""R001"", ""R002"", ""R004"", ""C001""]",,,4.0,0.0,3.0,5012.446269114277,multi_hotspot,3057.6217403524865,,4987.553730885722,327.6914346954923,0.5,0.0,48.0,7676.824672855343,5117.883115236896,0.979398348155175,0.979398348155175
,,greedy_local_search,3057.222876742177,2,exp3:multi_hotspot:f2.0:v0.5:r006,2.0,3.0,3324.0245842628383,,,hardening:multi_hotspot:r006,3,,,2693.351425904541,2.0,catalog/geography,,,0.0,10000.0,Catalog + geography,2.0,,0.4194608490398267,0.0,0.1642212844146694,3200.180109901294,2604.8118961031632,moderate,-595.3682137981309,,0.2216016389508558,2216.016389508559,-595.3682137981309,,,,1.0,,2216.016389508559,-0.059536821379813,,40006,"[""R000"", ""C001"", ""C002""]",,,3.0,0.0,3.0,2216.016389508559,multi_hotspot,2811.3846033066898,,7783.983610491441,118.03317740214897,0.5,0.0,48.0,8345.611177268365,5563.740784845577,0.39829612399350217,0.39829612399350217
,,greedy_local_search,3057.222876742177,2,exp3:multi_hotspot:f2.0:v0.5:r006,0.0,3.0,6211.788992524547,,,hardening:multi_hotspot:r006,3,,,2593.80563404275,2.0,truthful resolved feasibility,,,1.0,10000.0,Current feasibility,5.0,,0.3733670303535663,0.3339216595230295,0.64615760838069,0.0,1249.4604765030049,moderate,1249.4604765030049,,0.4141192661683031,4141.192661683032,1249.4604765030049,,,,4.0,,4141.192661683032,0.1249460476503004,,40006,"[""L007"", ""R000"", ""R005"", ""R006"", ""R007""]",,,5.0,0.0,3.0,4141.192661683032,multi_hotspot,2891.7321851800266,,5858.8073383169685,297.9265511372764,0.5,0.0,48.0,6809.402144098736,4539.6014293991575,0.9122370600343965,0.9122370600343968
,,greedy_local_search,3160.0896040703738,2,exp3:multi_hotspot:f2.0:v0.5:r007,1.0,3.0,3723.262423286143,,,hardening:multi_hotspot:r007,3,,,2799.567991818009,2.0,catalog/geography,,,0.0,9999.999999999998,Catalog + geography,2.0,,0.2757104465669359,0.1980813625193096,0.2740965852443165,2758.484613835168,2296.941749647862,moderate,-461.5428641873064,,0.2482174948857428,2482.1749488574287,-461.5428641873064,,,,3.0,,2482.1749488574287,-0.0461542864187306,,40007,"[""R001"", ""R002"", ""R006"", ""C001""]",,,4.0,541.4259674590148,3.0,2482.1749488574287,multi_hotspot,2943.717813044735,,7517.825051142572,144.14982122672615,0.5,0.0,48.0,8174.725833411672,5449.817222274445,0.45546021960375177,0.45546021960375205
,,greedy_local_search,3160.0896040703738,2,exp3:multi_hotspot:f2.0:v0.5:r007,0.0,3.0,6501.5978091770485,,,hardening:multi_hotspot:r007,3,,,2724.716908573027,2.0,truthful resolved feasibility,,,3.0,9999.999999999998,Current feasibility,6.0,,0.3918187085841002,0.4331171342381263,0.5276521904947358,0.0,1274.0580519860714,moderate,1274.0580519860714,,0.4334398539451365,4334.398539451366,1274.0580519860714,,,,3.0,,4334.398539451366,0.1274058051986071,,40007,"[""L017"", ""L018"", ""L021"", ""R000"", ""R002"", ""R007""]",,,6.0,0.0,3.0,4334.398539451366,multi_hotspot,3060.3404874652942,,5665.601460548636,335.62357889226723,0.5,0.0,48.0,6568.437060434663,4378.958040289774,0.9898241772521161,0.9898241772521165
,,greedy_local_search,3111.814402771996,2,exp3:multi_hotspot:f2.0:v0.5:r008,2.0,3.0,5653.596497872336,,,hardening:multi_hotspot:r008,3,,,2798.976210310781,2.0,catalog/geography,,,1.0,10000.0,Catalog + geography,3.0,,0.3935243401590103,0.2484366039695597,0.5643383436529428,2197.714589161204,2940.5131429594344,moderate,742.7985537982304,,0.3769064331914891,3769.064331914891,742.7985537982304,,,,1.0,,3769.064331914891,0.074279855379823,,40008,"[""L030"", ""R003"", ""C001"", ""C002""]",,,4.0,988.6692461639412,3.0,3769.0643319148894,multi_hotspot,3026.265778116661,,6230.935668085108,227.28956780587976,0.5,0.0,48.0,9246.315473763185,6164.210315842124,0.6114431758157785,0.6114431758157781
,,greedy_local_search,3111.814402771996,2,exp3:multi_hotspot:f2.0:v0.5:r008,1.0,3.0,8135.2426214342995,,,hardening:multi_hotspot:r008,3,,,2715.95966690516,2.0,truthful resolved feasibility,,,0.0,10000.0,Current feasibility,4.0,,0.3966777063591237,0.551247366642109,0.8545398095463806,0.0,2364.190945801114,moderate,2364.190945801114,,0.54234950809562,5423.4950809562,2364.190945801114,,,,3.0,,5423.4950809562,0.2364190945801114,,40008,"[""R001"", ""R003"", ""R004"", ""C001""]",,,4.0,0.0,3.0,5423.495080956199,multi_hotspot,3059.304135155085,,4576.5049190438,343.3444682499252,0.5,0.0,48.0,8135.242621434298,5423.4950809562,1.0000000000000002,0.9999999999999998
,,greedy_local_search,3134.181575541887,2,exp3:multi_hotspot:f2.0:v0.5:r009,1.0,3.0,7408.32199634332,,,hardening:multi_hotspot:r009,3,,,2755.8397722036843,2.0,catalog/geography,,,0.0,9999.999999999998,Catalog + geography,4.0,,0.328627024823716,0.6685096952867974,0.5601378928425162,341.5633580815879,2209.493758380559,moderate,1867.930400298971,,0.4938881330895546,4938.881330895547,1867.930400298971,,,,3.0,,4938.881330895547,0.1867930400298971,,40009,"[""R000"", ""R003"", ""R005"", ""C001""]",,,4.0,0.0,3.0,4938.881330895547,multi_hotspot,3070.950930596576,,5061.118669104455,315.1111583928914,0.5,0.0,48.0,7953.172582426463,5302.115054950974,0.931492674094982,0.9314926740949824
,,greedy_local_search,3134.181575541887,2,exp3:multi_hotspot:f2.0:v0.5:r009,1.0,3.0,7495.258019348276,,,hardening:multi_hotspot:r009,3,,,2753.612339438604,2.0,truthful resolved feasibility,,,0.0,9999.999999999998,Current feasibility,4.0,,0.3787909630094576,0.6890781511212501,0.4402529085492905,0.0,1926.6771928864316,moderate,1926.6771928864316,,0.4996838679565516,4996.838679565517,1926.6771928864316,,,,3.0,,4996.838679565517,0.1926677192886431,,40009,"[""R000"", ""R003"", ""R004"", ""C001""]",,,4.0,0.0,3.0,4996.838679565517,multi_hotspot,3070.1614866790856,,5003.161320434485,316.5491472404815,0.5,0.0,48.0,7804.454699975731,5202.96979998382,0.9603820263536905,0.9603820263536905
,,greedy_local_search,3131.0191729170765,2,exp3:multi_hotspot:f2.0:v0.5:r010,2.0,3.0,4147.212815723101,,,hardening:multi_hotspot:r010,3,,,2673.772111116144,2.0,catalog/geography,,,0.0,10000.0,Catalog + geography,2.0,,0.4625791385945281,0.1180249109696576,0.1350576158731105,2719.8682780578133,2643.6115292345808,moderate,-76.25674882323256,,0.27648085438154,2764.8085438154003,-76.25674882323256,,,,1.0,,2764.8085438154003,-0.0076256748823232,,40010,"[""R000"", ""C001"", ""C002""]",,,3.0,0.0,3.0,2764.8085438154003,multi_hotspot,2841.065292638633,,7235.1914561846,167.29318152248914,0.5,0.0,48.0,8447.37153190036,5631.581021266906,0.49094713072127943,0.4909471307212795
,,greedy_local_search,3131.0191729170765,2,exp3:multi_hotspot:f2.0:v0.5:r010,1.0,3.0,6392.065062265574,,,hardening:multi_hotspot:r010,3,,,2615.621581495847,2.0,truthful resolved feasibility,,,1.0,10000.0,Current feasibility,4.0,,0.557232632751233,0.3231018162658612,0.3114867519329927,0.0,1360.5796760706526,moderate,1360.5796760706526,,0.4261376708177049,4261.376708177049,1360.5796760706526,,,,2.0,,4261.376708177049,0.1360579676070652,,40010,"[""L025"", ""R004"", ""R007"", ""C001""]",,,4.0,0.0,3.0,4261.376708177049,multi_hotspot,2900.7970321063967,,5738.623291822951,285.1754506105499,0.5,0.0,48.0,7173.065777029447,4782.043851352964,0.8911203746012063,0.8911203746012064
,,greedy_local_search,3086.135330375794,2,exp3:multi_hotspot:f2.0:v0.5:r011,2.0,3.0,6166.650962110729,,,hardening:multi_hotspot:r011,3,,,2561.5213502170177,2.0,catalog/geography,,,2.0,9999.999999999998,Catalog + geography,4.0,,0.4225731617702567,0.3325463456471941,0.5228046018379086,966.8998448723188,2293.260822623684,moderate,1326.3609777513652,,0.4111100641407152,4111.100641407153,1326.3609777513652,,,,0.0,,4111.100641407152,0.1326360977751365,,40011,"[""L012"", ""L023"", ""C001"", ""C002""]",,,4.0,0.0,3.0,4111.100641407152,multi_hotspot,2784.7396636557864,,5888.899358592847,223.21831343876875,0.5,0.0,48.0,7690.001818139817,5126.667878759878,0.8019050070397017,0.8019050070397016
,,greedy_local_search,3086.135330375794,2,exp3:multi_hotspot:f2.0:v0.5:r011,1.0,3.0,7357.878127981027,,,hardening:multi_hotspot:r011,3,,,2682.1138146081294,2.0,truthful resolved feasibility,,,2.0,9999.999999999998,Current feasibility,5.0,,0.3636102061936624,0.5226280534480446,0.7199039851905237,0.0,1913.075083834452,moderate,1913.075083834452,,0.4905252085320684,4905.252085320684,1913.075083834452,,,,2.0,,4905.252085320684,0.1913075083834452,,40011,"[""L012"", ""L023"", ""R002"", ""R003"", ""C001""]",,,5.0,0.0,3.0,4905.252085320684,multi_hotspot,2992.1770014862323,,5094.747914679316,310.0631868781028,0.5,0.0,48.0,7357.87812798103,4905.252085320685,0.9999999999999997,0.9999999999999998
,,greedy_local_search,3156.616877017109,2,exp3:multi_hotspot:f2.0:v0.5:r012,2.0,3.0,4408.48126776403,,,hardening:multi_hotspot:r012,3,,,2826.934377824098,2.0,catalog/geography,,,0.0,10000.0,Catalog + geography,2.0,,0.2671644308540278,0.1587959558241399,0.5904808638075357,2701.3854530669314,2663.8121439478064,moderate,-37.57330911912504,,0.2938987511842686,2938.987511842686,-37.57330911912504,,,,1.0,,2938.9875118426867,-0.0037573309119125,,40012,"[""R007"", ""C001"", ""C002""]",,,3.0,0.0,3.0,2938.987511842686,multi_hotspot,2976.560820961812,,7061.012488157315,149.62644313771307,0.5,0.0,48.0,8654.412560429024,5769.608373619347,0.5093911616741194,0.5093911616741195
,,greedy_local_search,3156.616877017109,2,exp3:multi_hotspot:f2.0:v0.5:r012,1.0,3.0,6692.940959107336,,,hardening:multi_hotspot:r012,3,,,2726.116069058396,2.0,truthful resolved feasibility,,,0.0,10000.0,Current feasibility,4.0,,0.4625498271222858,0.3154425418920439,0.6382187603662253,0.0,1459.3731271481363,moderate,1459.3731271481363,,0.4461960639404891,4461.960639404892,1459.3731271481363,,,,3.0,,4461.960639404892,0.1459373127148136,,40012,"[""R001"", ""R005"", ""R007"", ""C001""]",,,4.0,0.0,3.0,4461.960639404892,multi_hotspot,3002.587512256755,,5538.039360595109,276.4714431983595,0.5,0.0,48.0,7595.570576981592,5063.713717987726,0.8811636849758623,0.881163684975863
,,greedy_local_search,3128.370898926705,2,exp3:multi_hotspot:f2.0:v0.5:r013,2.0,3.0,4808.2523743938855,,,hardening:multi_hotspot:r013,3,,,2659.2069007863665,2.0,catalog/geography,,,0.0,9999.999999999998,Catalog + geography,2.0,,0.3021147635704482,0.2758583405356378,0.440240477493754,1915.6708695593543,2302.6163328823795,moderate,386.9454633230253,,0.3205501582929257,3205.501582929257,386.9454633230253,,,,1.0,,3205.501582929257,0.0386945463323025,,40013,"[""R005"", ""C001"", ""C002""]",,,3.0,1153.3664931879755,3.0,3205.501582929258,multi_hotspot,2818.556119606232,,6794.498417070742,159.34921881986526,0.5,0.0,48.0,8105.4363690630125,5403.624246042007,0.5932132652038472,0.5932132652038475
,,greedy_local_search,3128.370898926705,2,exp3:multi_hotspot:f2.0:v0.5:r013,2.0,3.0,7670.24132211878,,,hardening:multi_hotspot:r013,3,,,2611.0287473721983,2.0,truthful resolved feasibility,,,0.0,9999.999999999998,Current feasibility,3.0,,0.5650364637296809,0.3912879770837225,0.6006611040846308,0.0,2265.454536383985,moderate,2265.454536383985,,0.5113494214745853,5113.494214745853,2265.454536383985,,,,1.0,,5113.494214745854,0.2265454536383985,,40013,"[""R005"", ""C000"", ""C001""]",,,3.0,0.0,3.0,5113.494214745854,multi_hotspot,2848.039678361869,,4886.505785254145,237.01093098967084,0.5,0.0,48.0,7791.943145231231,5194.628763487487,0.9843810689010309,0.9843810689010312
,,greedy_local_search,3172.528396547715,2,exp3:multi_hotspot:f2.0:v0.5:r014,1.0,3.0,5446.56492607688,,,hardening:multi_hotspot:r014,3,,,2726.9608683314505,2.0,catalog/geography,,,0.0,10000.0,Catalog + geography,3.0,,0.4045729873412893,0.3694261250640213,0.2587367016456885,1662.3659505726737,2350.225864250181,moderate,687.8599136775078,,0.3631043284051253,3631.0432840512535,687.8599136775078,,,,3.0,,3631.043284051253,0.0687859913677507,,40014,"[""R000"", ""R005"", ""R006"", ""C002""]",,,4.0,0.0,3.0,3631.043284051253,multi_hotspot,2943.183370373745,,6368.956715948746,216.2225020422947,0.5,0.0,48.0,8116.791577753142,5411.194385168763,0.6710243664510327,0.6710243664510325
,,greedy_local_search,3172.528396547715,2,exp3:multi_hotspot:f2.0:v0.5:r014,1.0,3.0,7332.507947900876,,,hardening:multi_hotspot:r014,3,,,2826.023963993593,2.0,truthful resolved feasibility,,,2.0,10000.0,Current feasibility,5.0,,0.5452280355649423,0.543273233997792,0.2666780764497025,0.0,1746.7217699841383,moderate,1746.7217699841383,,0.4888338631933916,4888.338631933917,1746.7217699841383,,,,2.0,,4888.338631933917,0.1746721769984138,,40014,"[""L007"", ""L013"", ""R002"", ""R005"", ""C002""]",,,5.0,0.0,3.0,4888.338631933917,multi_hotspot,3141.6168619497785,,5111.661368066082,315.5928979561853,0.5,0.0,48.0,7938.540483278666,5292.360322185779,0.9236594514250692,0.9236594514250688
,,greedy_local_search,3173.152608497909,2,exp3:multi_hotspot:f2.0:v0.5:r015,1.0,3.0,7624.092817821484,,,hardening:multi_hotspot:r015,3,,,2790.4240978038088,2.0,catalog/geography,,,0.0,9999.999999999998,Catalog + geography,4.0,,0.4092723631189647,0.5829274568868991,0.6003784060374174,3.893508455043957,1962.778482300781,moderate,1958.884973845737,,0.5082728545214322,5082.728545214322,1958.884973845737,,,,3.0,,5082.728545214322,0.1958884973845737,,40015,"[""R000"", ""R003"", ""R005"", ""C001""]",,,4.0,0.0,3.0,5082.728545214323,multi_hotspot,3123.8435713685853,,4917.271454785676,333.4194735647764,0.5,0.0,48.0,7624.092817821485,5082.728545214322,0.9999999999999998,1.0000000000000002
,,greedy_local_search,3173.152608497909,2,exp3:multi_hotspot:f2.0:v0.5:r015,1.0,3.0,7624.092817821484,,,hardening:multi_hotspot:r015,3,,,2790.4240978038088,2.0,truthful resolved feasibility,,,0.0,9999.999999999998,Current feasibility,4.0,,0.4092723631189647,0.5829274568868991,0.6003784060374174,0.0,1958.884973845737,moderate,1958.884973845737,,0.5082728545214322,5082.728545214322,1958.884973845737,,,,3.0,,5082.728545214322,0.1958884973845737,,40015,"[""R000"", ""R003"", ""R005"", ""C001""]",,,4.0,0.0,3.0,5082.728545214323,multi_hotspot,3123.8435713685853,,4917.271454785676,333.4194735647764,0.5,0.0,48.0,7624.092817821485,5082.728545214322,0.9999999999999998,1.0000000000000002
,,greedy_local_search,3177.084552498707,2,exp3:multi_hotspot:f2.0:v0.5:r016,2.0,3.0,5937.6966237947,,,hardening:multi_hotspot:r016,3,,,2646.62603928394,2.0,catalog/geography,,,1.0,10000.0,Catalog + geography,3.0,,0.4074646123906905,0.4487389438848912,0.2771436782539538,1138.635970734765,2226.365900853079,moderate,1087.7299301183143,,0.3958464415863133,3958.464415863134,1087.7299301183143,,,,0.0,,3958.464415863134,0.1087729930118314,,40016,"[""L021"", ""C001"", ""C002""]",,,3.0,0.0,3.0,3958.464415863134,multi_hotspot,2870.73448574482,,6041.535584136867,224.1084464608798,0.5,0.0,48.0,7878.538004247395,5252.358669498262,0.7536546273678735,0.7536546273678737
,,greedy_local_search,3177.084552498707,2,exp3:multi_hotspot:f2.0:v0.5:r016,1.0,3.0,7448.304249229723,,,hardening:multi_hotspot:r016,3,,,2657.940731017372,2.0,truthful resolved feasibility,,,1.0,10000.0,Current feasibility,4.0,,0.5087428336692947,0.6121145944034706,0.2668961671145874,0.0,1977.4257727946772,moderate,1977.4257727946772,,0.4965536166153148,4965.536166153149,1977.4257727946772,,,,2.0,,4965.536166153149,0.1977425772794677,,40016,"[""L021"", ""R006"", ""R008"", ""C001""]",,,4.0,0.0,3.0,4965.536166153149,multi_hotspot,2988.110393358472,,5034.463833846851,330.1696623410995,0.5,0.0,48.0,7506.972537499669,5004.648358333112,0.9921848271088138,0.9921848271088141
,,greedy_local_search,3078.847843759583,2,exp3:multi_hotspot:f2.0:v0.5:r017,2.0,3.0,5849.572334504457,,,hardening:multi_hotspot:r017,3,,,2574.5507431666106,2.0,catalog/geography,,,0.0,10000.0,Catalog + geography,3.0,,0.3659720230948199,0.5160396432034844,0.223351017265377,1870.0250317786963,2960.6755096131037,moderate,1090.650477834407,,0.3899714889669639,3899.714889669638,1090.650477834407,,,,1.0,,3899.714889669638,0.1090650477834407,,40017,"[""R001"", ""C001"", ""C002""]",,,3.0,0.0,3.0,3899.714889669637,multi_hotspot,2809.064411835231,,6100.28511033036,234.5136686686206,0.5,0.0,48.0,8817.527731811624,5878.35182120775,0.6634027714367756,0.6634027714367754
,,greedy_local_search,3078.847843759583,2,exp3:multi_hotspot:f2.0:v0.5:r017,1.0,3.0,7495.333095650547,,,hardening:multi_hotspot:r017,3,,,2525.113330645217,2.0,truthful resolved feasibility,,,1.0,10000.0,Current feasibility,4.0,,0.4752583984383392,0.5554957344859202,0.4569954333802261,0.0,2145.190952305065,moderate,2145.190952305065,,0.4996888730433698,4996.888730433698,2145.190952305065,,,,2.0,,4996.888730433699,0.2145190952305065,,40017,"[""L008"", ""R003"", ""R006"", ""C001""]",,,4.0,0.0,3.0,4996.888730433699,multi_hotspot,2851.6977781286337,,5003.1112695663005,326.58444748341617,0.5,0.0,48.0,7495.333095650547,4996.888730433699,1.0,1.0
,,greedy_local_search,3144.247219381794,2,exp3:multi_hotspot:f2.0:v0.5:r018,1.0,3.0,5362.273239642998,,,hardening:multi_hotspot:r018,3,,,2761.627045545761,2.0,catalog/geography,,,0.0,10000.000000000002,Catalog + geography,4.0,,0.2914142701507087,0.198673358088509,0.784063928720347,1474.746693179571,2039.9817199153667,moderate,565.235026735796,,0.3574848826428665,3574.8488264286657,565.235026735796,,,,3.0,,3574.848826428665,0.0565235026735796,,40018,"[""R000"", ""R002"", ""R007"", ""C001""]",,,4.0,0.0,3.0,3574.848826428665,multi_hotspot,3009.613799692869,,6425.151173571336,247.9867541471081,0.5,0.0,48.0,7673.354503800258,5115.569669200174,0.6988173473527532,0.6988173473527528
,,greedy_local_search,3144.247219381794,2,exp3:multi_hotspot:f2.0:v0.5:r018,0.0,3.0,6726.812083881376,,,hardening:multi_hotspot:r018,3,,,2636.3773011405565,2.0,truthful resolved feasibility,,,1.0,10000.000000000002,Current feasibility,5.0,,0.3985497454023704,0.3099468616763917,0.8031267595381061,0.0,1508.1883181159565,moderate,1508.1883181159565,,0.4484541389254249,4484.54138925425,1508.1883181159565,,,,4.0,,4484.54138925425,0.1508188318115956,,40018,"[""L002"", ""R000"", ""R002"", ""R003"", ""R007""]",,,5.0,0.0,3.0,4484.54138925425,multi_hotspot,2976.3530711382937,,5515.458610745751,339.975769997737,0.5,0.0,48.0,6976.0481804316905,4650.698786954463,0.9642725952998089,0.9642725952998084
,,greedy_local_search,3139.3042522037977,2,exp3:multi_hotspot:f2.0:v0.5:r019,1.0,3.0,6347.344714537069,,,hardening:multi_hotspot:r019,3,,,2771.012003319433,2.0,catalog/geography,,,2.0,9999.999999999998,Catalog + geography,4.0,,0.2491107487610011,0.4706478910256091,0.7316485775052876,856.7614725438884,2026.7507926113049,moderate,1169.9893200674164,,0.4231563143024712,4231.563143024712,1169.9893200674164,,,,2.0,,4231.563143024712,0.1169989320067416,,40019,"[""L006"", ""L018"", ""R005"", ""R007"", ""C001""]",,,5.0,0.0,3.0,4231.563143024712,multi_hotspot,3061.573822957296,,5768.436856975288,290.56181963786315,0.5,0.0,48.0,7739.090689693213,5159.393793128807,0.8201667313435612,0.8201667313435613
,,greedy_local_search,3139.3042522037977,2,exp3:multi_hotspot:f2.0:v0.5:r019,1.0,3.0,7416.292576335306,,,hardening:multi_hotspot:r019,3,,,2777.1949690775377,2.0,truthful resolved feasibility,,,4.0,9999.999999999998,Current feasibility,6.0,,0.2957538245674703,0.5862787373882627,0.7806636297388339,0.0,1806.8224542779903,moderate,1806.8224542779903,,0.4944195050890204,4944.195050890204,1806.8224542779903,,,,1.0,,4944.195050890204,0.180682245427799,,40019,"[""L006"", ""L019"", ""L032"", ""L035"", ""R007"", ""C001""]",,,6.0,0.0,3.0,4944.195050890205,multi_hotspot,3137.3725966122133,,5055.804949109795,360.1776275346757,0.5,0.0,48.0,7534.007853744952,5022.671902496633,0.9843754772101634,0.9843754772101638
,,greedy_local_search,3167.1915373627367,2,exp3:multi_hotspot:f2.0:v1.0:r000,1.0,3.0,7336.636273486662,,,hardening:multi_hotspot:r000,3,,,2500.720620830866,2.0,catalog/geography,,,1.0,10000.0,Catalog + geography,4.0,,0.4437504360989464,0.6065030634146399,0.3857265822973049,4.180689726587389,1757.0371120047848,moderate,1752.8564222781974,,0.4891090848991107,4891.090848991107,1752.8564222781974,,,,2.0,,4891.090848991107,0.1752856422278197,,40000,"[""L014"", ""R000"", ""R007"", ""C001""]",,,4.0,0.0,3.0,4891.090848991107,multi_hotspot,3138.2344267129097,,5108.909151008891,637.5138058820434,1.0,0.0,48.0,7338.074678646349,4892.049785764233,0.9998039805776476,0.9998039805776473
,,greedy_local_search,3167.1915373627367,2,exp3:multi_hotspot:f2.0:v1.0:r000,1.0,3.0,7336.636273486662,,,hardening:multi_hotspot:r000,3,,,2500.720620830866,2.0,truthful resolved feasibility,,,1.0,10000.0,Current feasibility,4.0,,0.4437504360989464,0.6065030634146399,0.3857265822973049,0.0,1752.8564222781974,moderate,1752.8564222781974,,0.4891090848991107,4891.090848991107,1752.8564222781974,,,,2.0,,4891.090848991107,0.1752856422278197,,40000,"[""L014"", ""R000"", ""R007"", ""C001""]",,,4.0,0.0,3.0,4891.090848991107,multi_hotspot,3138.2344267129097,,5108.909151008891,637.5138058820434,1.0,0.0,48.0,7338.074678646349,4892.049785764233,0.9998039805776476,0.9998039805776473
,,greedy_local_search,3142.794055820548,2,exp3:multi_hotspot:f2.0:v1.0:r001,2.0,3.0,3578.2364637318005,,,hardening:multi_hotspot:r001,3,,,2549.471691805801,2.0,catalog/geography,,,1.0,10000.0,Catalog + geography,2.0,,0.2772638953321246,0.273588753866167,0.0901214041475275,2086.7231138235024,1631.2025393231488,moderate,-455.5205745003536,,0.23854909758212,2385.4909758212,-455.5205745003536,,,,0.0,,2385.4909758212,-0.0455520574500353,,40001,"[""L021"", ""C001"", ""C002""]",,,3.0,1203.3474974831058,3.0,2385.4909758212007,multi_hotspot,2841.011550321554,,7614.5090241788,291.5398585157526,1.0,0.0,48.0,7082.258307634102,4721.505538422733,0.5052394742330636,0.5052394742330639
,,greedy_local_search,3142.794055820548,2,exp3:multi_hotspot:f2.0:v1.0:r001,2.0,3.0,6543.306463951227,,,hardening:multi_hotspot:r001,3,,,2376.356532220978,2.0,truthful resolved feasibility,,,1.0,10000.0,Current feasibility,3.0,,0.4847727508473702,0.4771016318111641,0.2554356095742884,0.0,1446.1402867856873,moderate,1446.1402867856873,,0.4362204309300818,4362.204309300818,1446.1402867856873,,,,0.0,,4362.204309300818,0.1446140286785687,,40001,"[""L014"", ""C000"", ""C001""]",,,3.0,0.0,3.0,4362.204309300818,multi_hotspot,2916.0640225151305,,5637.795690699182,539.7074902941526,1.0,0.0,48.0,6906.554604029556,4604.369736019703,0.947405303960618,0.9474053039606182
,,greedy_local_search,3131.918120974454,2,exp3:multi_hotspot:f2.0:v1.0:r002,1.0,3.0,6559.926547013467,,,hardening:multi_hotspot:r002,3,,,2443.464748705414,2.0,catalog/geography,,,1.0,10000.000000000002,Catalog + geography,4.0,,0.2548537001637894,0.5814863129521297,0.5956203093030686,184.36593260711243,1557.0743675186177,moderate,1372.7084349115053,,0.4373284364675645,4373.284364675645,1372.7084349115053,,,,2.0,,4373.284364675645,0.1372708434911505,,40002,"[""L031"", ""R000"", ""R004"", ""C001""]",,,4.0,0.0,3.0,4373.284364675644,multi_hotspot,3000.57592976414,,5626.715635324357,557.1111810587254,1.0,0.0,48.0,6858.878864383784,4572.585909589188,0.9564138216636698,0.9564138216636698
,,greedy_local_search,3131.918120974454,2,exp3:multi_hotspot:f2.0:v1.0:r002,1.0,3.0,6559.926547013467,,,hardening:multi_hotspot:r002,3,,,2443.464748705414,2.0,truthful resolved feasibility,,,1.0,10000.000000000002,Current feasibility,4.0,,0.2548537001637894,0.5814863129521297,0.5956203093030686,0.0,1372.7084349115053,moderate,1372.7084349115053,,0.4373284364675645,4373.284364675645,1372.7084349115053,,,,2.0,,4373.284364675645,0.1372708434911505,,40002,"[""L031"", ""R000"", ""R004"", ""C001""]",,,4.0,0.0,3.0,4373.284364675644,multi_hotspot,3000.57592976414,,5626.715635324357,557.1111810587254,1.0,0.0,48.0,6858.878864383784,4572.585909589188,0.9564138216636698,0.9564138216636698
,,greedy_local_search,3097.6906149428264,2,exp3:multi_hotspot:f2.0:v1.0:r003,1.0,3.0,6038.697171501287,,,hardening:multi_hotspot:r003,3,,,2309.26556233642,2.0,catalog/geography,,,0.0,10000.000000000002,Catalog + geography,3.0,,0.3736475416545584,0.4194222969446637,0.4382030687911777,373.326896684689,1597.4210610935825,moderate,1224.0941644088934,,0.4025798114334191,4025.7981143341913,1224.0941644088934,,,,2.0,,4025.7981143341913,0.1224094164408893,,40003,"[""R000"", ""R007"", ""C001""]",,,3.0,0.0,3.0,4025.7981143341913,multi_hotspot,2801.703949925298,,5974.201885665809,492.4383875888778,1.0,0.0,48.0,6679.876948473884,4453.251298982592,0.904013235285856,0.9040132352858554
,,greedy_local_search,3097.6906149428264,2,exp3:multi_hotspot:f2.0:v1.0:r003,1.0,3.0,6478.549939401205,,,hardening:multi_hotspot:r003,3,,,2299.15668764516,2.0,truthful resolved feasibility,,,2.0,10000.000000000002,Current feasibility,4.0,,0.4289881448384303,0.4320515724510985,0.4382030687911777,0.0,1465.8748294322313,moderate,1465.8748294322313,,0.4319033292934137,4319.0332929341375,1465.8748294322313,,,,1.0,,4319.033292934137,0.1465874829432231,,40003,"[""L023"", ""L029"", ""R007"", ""C001""]",,,4.0,0.0,3.0,4319.0332929341375,multi_hotspot,2853.1584635019053,,5680.966707065863,554.0017758567458,1.0,0.0,48.0,6478.549939401206,4319.033292934139,0.9999999999999999,0.9999999999999996
,,greedy_local_search,3168.841656308462,2,exp3:multi_hotspot:f2.0:v1.0:r004,2.0,3.0,4065.049367741485,,,hardening:multi_hotspot:r004,3,,,2627.9089784008083,2.0,catalog/geography,,,1.0,10000.0,Catalog + geography,3.0,,0.4635744196873547,0.1724463050467343,0.0101929777854947,1960.876539155341,1764.1792963522494,moderate,-196.6972428030917,,0.2710032911827656,2710.0329118276563,-196.6972428030917,,,,0.0,,2710.0329118276563,-0.0196697242803091,,40004,"[""L019"", ""C001"", ""C002""]",,,3.0,0.0,3.0,2710.0329118276563,multi_hotspot,2906.730154630748,,7289.967088172345,278.8211762299396,1.0,0.0,48.0,7264.602819904143,4843.068546602762,0.5595693898920029,0.5595693898920029
,,greedy_local_search,3168.841656308462,2,exp3:multi_hotspot:f2.0:v1.0:r004,1.0,3.0,6808.46827418015,,,hardening:multi_hotspot:r004,3,,,2593.719370887737,2.0,truthful resolved feasibility,,,1.0,10000.0,Current feasibility,4.0,,0.5831974764588982,0.3446068207335861,0.3542331664104196,0.0,1417.0657848667242,moderate,1417.0657848667242,,0.4538978849453433,4538.978849453433,1417.0657848667242,,,,2.0,,4538.978849453432,0.1417065784866724,,40004,"[""L019"", ""R004"", ""R007"", ""C001""]",,,4.0,0.0,3.0,4538.978849453433,multi_hotspot,3121.913064586708,,5461.021150546568,528.1936936989712,1.0,0.0,48.0,7211.416148685232,4807.610765790155,0.9441236136984624,0.9441236136984624
,,greedy_local_search,3121.037067074452,2,exp3:multi_hotspot:f2.0:v1.0:r005,2.0,3.0,4831.645682214991,,,hardening:multi_hotspot:r005,3,,,2329.882790386092,2.0,catalog/geography,,,1.0,10000.0,Catalog + geography,2.0,,0.2068188664483174,0.4641375996516876,0.3329653118391629,1643.5949745538978,2137.848407441831,moderate,494.2534328879333,,0.322109712147666,3221.0971214766605,494.2534328879333,,,,0.0,,3221.097121476661,0.0494253432887933,,40005,"[""L001"", ""C001"", ""C002""]",,,3.0,0.0,3.0,3221.0971214766605,multi_hotspot,2726.843688588728,,6778.902878523339,396.96089820263546,1.0,0.0,48.0,7623.522691629116,5082.348461086078,0.6337812423015807,0.6337812423015805
,,greedy_local_search,3121.037067074452,2,exp3:multi_hotspot:f2.0:v1.0:r005,1.0,3.0,6771.535576699569,,,hardening:multi_hotspot:r005,3,,,2461.5957006556746,2.0,truthful resolved feasibility,,,1.0,10000.0,Current feasibility,4.0,,0.390055287550025,0.5928356000068915,0.3420918285669069,0.0,1474.3847018603897,moderate,1474.3847018603897,,0.4514357051133046,4514.357051133046,1474.3847018603897,,,,2.0,,4514.357051133045,0.1474384701860389,,40005,"[""L001"", ""R002"", ""R004"", ""C001""]",,,4.0,0.0,3.0,4514.357051133045,multi_hotspot,3039.972349272656,,5485.642948866954,578.3766486169811,1.0,0.0,48.0,6929.690845883497,4619.793897255664,0.9771771536853079,0.9771771536853079
,,greedy_local_search,3057.222876742177,2,exp3:multi_hotspot:f2.0:v1.0:r006,2.0,3.0,2690.4433609645525,,,hardening:multi_hotspot:r006,3,,,2402.065100428568,2.0,catalog/geography,,,1.0,10000.0,Catalog + geography,2.0,,0.2995787620017212,0.016336820166766,0.1941728038591376,2857.977234783646,2045.560779259732,moderate,-812.4164555239145,,0.1793628907309702,1793.6289073097018,-812.4164555239145,,,,0.0,,1793.6289073097018,-0.0812416455523914,,40006,"[""L023"", ""C001"", ""C002""]",,,3.0,0.0,3.0,1793.6289073097018,multi_hotspot,2606.0453628336163,,8206.371092690297,203.98026240504905,1.0,0.0,48.0,7383.1182852934635,4922.078856862308,0.36440474837355435,0.3644047483735544
,,greedy_local_search,3057.222876742177,2,exp3:multi_hotspot:f2.0:v1.0:r006,0.0,3.0,5608.861725631644,,,hardening:multi_hotspot:r006,3,,,2323.707334231559,2.0,truthful resolved feasibility,,,0.0,10000.0,Current feasibility,4.0,,0.3240280228532171,0.282514237377211,0.64615760838069,0.0,888.9955698813592,moderate,888.9955698813592,,0.3739241150421096,3739.241150421096,888.9955698813592,,,,4.0,,3739.241150421096,0.0888995569881359,,40006,"[""R000"", ""R005"", ""R006"", ""R007""]",,,4.0,0.0,3.0,3739.241150421096,multi_hotspot,2850.2455805397367,,6260.758849578904,526.538246308178,1.0,0.0,48.0,6206.474877205832,4137.649918137222,0.9037113396254921,0.903711339625492
,,greedy_local_search,3160.0896040703738,2,exp3:multi_hotspot:f2.0:v1.0:r007,1.0,3.0,3723.262423286143,,,hardening:multi_hotspot:r007,3,,,2258.142024358994,2.0,catalog/geography,,,0.0,9999.999999999998,Catalog + geography,2.0,,0.2757104465669359,0.1980813625193096,0.2740965852443165,1778.1836689557572,1713.9169510007396,moderate,-64.26671795501761,,0.2482174948857428,2482.1749488574287,-64.26671795501761,,,,2.0,,2482.1749488574287,-0.0064266717955017,,40007,"[""R002"", ""R006"", ""C001""]",,,3.0,0.0,3.0,2482.1749488574287,multi_hotspot,2546.4416668124463,,7517.825051142572,288.2996424534523,1.0,0.0,48.0,6791.565395165435,4527.71026344362,0.5482185927174523,0.5482185927174528
,,greedy_local_search,3160.0896040703738,2,exp3:multi_hotspot:f2.0:v1.0:r007,0.0,3.0,5830.477646501349,,,hardening:multi_hotspot:r007,3,,,2402.632359047824,2.0,truthful resolved feasibility,,,2.0,9999.999999999998,Current feasibility,5.0,,0.3135935525293214,0.3914308078295591,0.5529031419410813,0.0,904.7320172144936,moderate,904.7320172144936,,0.3886985097667566,3886.9850976675657,904.7320172144936,,,,3.0,,3886.985097667566,0.0904732017214493,,40007,"[""L017"", ""L018"", ""R000"", ""R002"", ""R007""]",,,5.0,0.0,3.0,3886.985097667566,multi_hotspot,2982.2530804530725,,6113.014902332436,579.620721405249,1.0,0.0,48.0,5897.316897758964,3931.544598505974,0.9886661591336537,0.9886661591336542
,,greedy_local_search,3111.814402771996,2,exp3:multi_hotspot:f2.0:v1.0:r008,2.0,3.0,5104.641397745673,,,hardening:multi_hotspot:r008,3,,,2523.255193952837,2.0,catalog/geography,,,0.0,10000.0,Catalog + geography,2.0,,0.379371650890609,0.2346509933527567,0.4373216797106966,2127.050869194539,2617.2475173585617,moderate,490.1966481640229,,0.3403094265163782,3403.0942651637824,490.1966481640229,,,,1.0,,3403.094265163782,0.0490196648164022,,40008,"[""R003"", ""C001"", ""C002""]",,,3.0,988.6692461639412,3.0,3403.094265163781,multi_hotspot,2912.897616999759,,6596.905734836217,389.6424230469215,1.0,0.0,48.0,8673.59381075876,5782.395873839176,0.5885266833009698,0.5885266833009695
,,greedy_local_search,3111.814402771996,2,exp3:multi_hotspot:f2.0:v1.0:r008,1.0,3.0,7218.815894066804,,,hardening:multi_hotspot:r008,3,,,2347.120533893574,2.0,truthful resolved feasibility,,,1.0,10000.0,Current feasibility,4.0,,0.4434977833489404,0.4352047046146663,0.6467937190781524,0.0,1846.4977801694424,moderate,1846.4977801694424,,0.4812543929377869,4812.543929377869,1846.4977801694424,,,,2.0,,4812.543929377869,0.1846497780169442,,40008,"[""L020"", ""R003"", ""R004"", ""C001""]",,,4.0,0.0,3.0,4812.543929377868,multi_hotspot,2966.0461492084264,,5187.45607062213,618.9256153148526,1.0,0.0,48.0,7227.406086258628,4818.27072417242,0.9988114418797973,0.9988114418797969
,,greedy_local_search,3134.181575541887,2,exp3:multi_hotspot:f2.0:v1.0:r009,1.0,3.0,6661.35197526127,,,hardening:multi_hotspot:r009,3,,,2443.2460895705244,2.0,catalog/geography,,,1.0,9999.999999999998,Catalog + geography,4.0,,0.3782260753106392,0.5395475203862742,0.4252338282955047,321.9969257457219,1735.4919442097998,moderate,1413.495018464078,,0.4440901316840847,4440.901316840847,1413.495018464078,,,,2.0,,4440.901316840846,0.1413495018464078,,40009,"[""L024"", ""R003"", ""R005"", ""C001""]",,,4.0,0.0,3.0,4440.901316840846,multi_hotspot,3027.4062983767685,,5559.0986831591545,584.1602088062441,1.0,0.0,48.0,7206.202561344413,4804.135040896274,0.9243914417552129,0.924391441755213
,,greedy_local_search,3134.181575541887,2,exp3:multi_hotspot:f2.0:v1.0:r009,1.0,3.0,6748.287998266225,,,hardening:multi_hotspot:r009,3,,,2441.0186568054446,2.0,truthful resolved feasibility,,,1.0,9999.999999999998,Current feasibility,4.0,,0.4401663053445803,0.5674948226496577,0.2659392060932012,0.0,1471.407638385088,moderate,1471.407638385088,,0.4498858665510816,4498.8586655108165,1471.407638385088,,,,2.0,,4498.8586655108165,0.1471407638385088,,40009,"[""L024"", ""R003"", ""R004"", ""C001""]",,,4.0,0.0,3.0,4498.858665510817,multi_hotspot,3027.4510271257286,,5501.141334489184,586.4323703202838,1.0,0.0,48.0,7057.484678893681,4704.9897859291195,0.9561888272244999,0.9561888272245003
,,greedy_local_search,3131.0191729170765,2,exp3:multi_hotspot:f2.0:v1.0:r010,2.0,3.0,3409.93523716841,,,hardening:multi_hotspot:r010,3,,,2364.777652023611,2.0,catalog/geography,,,1.0,10000.0,Catalog + geography,2.0,,0.3554583912215198,0.1180249109696576,0.130320104610816,2436.259403458764,2081.235233984059,moderate,-355.02416947470465,,0.2273290158112272,2273.290158112273,-355.02416947470465,,,,0.0,,2273.2901581122733,-0.0355024169474704,,40010,"[""L025"", ""C001"", ""C002""]",,,3.0,0.0,3.0,2273.290158112273,multi_hotspot,2628.314327586978,,7726.709841887728,263.536675563367,1.0,0.0,48.0,7468.966030620287,4979.31068708019,0.4565471610379275,0.4565471610379275
,,greedy_local_search,3131.0191729170765,2,exp3:multi_hotspot:f2.0:v1.0:r010,1.0,3.0,5756.7010477508575,,,hardening:multi_hotspot:r010,3,,,2338.247437079118,2.0,truthful resolved feasibility,,,0.0,10000.0,Current feasibility,3.0,,0.4992355459259029,0.3231018162658612,0.230192192451747,0.0,1002.5436940421408,moderate,1002.5436940421408,,0.3837800698500571,3837.8006985005713,1002.5436940421408,,,,2.0,,3837.800698500572,0.100254369404214,,40010,"[""R004"", ""R007"", ""C001""]",,,3.0,0.0,3.0,3837.800698500572,multi_hotspot,2835.257004458431,,6162.199301499428,497.0095673793128,1.0,0.0,48.0,6537.701762514732,4358.467841676487,0.8805389503629695,0.8805389503629696
,,greedy_local_search,3086.135330375794,2,exp3:multi_hotspot:f2.0:v1.0:r011,2.0,3.0,6357.916975333874,,,hardening:multi_hotspot:r011,3,,,2559.8262982777724,2.0,catalog/geography,,,0.0,9999.999999999998,Catalog + geography,3.0,,0.4877380389044621,0.315441777661215,0.4698719600024582,796.9676494361511,2063.5673468761925,moderate,1266.5996974400414,,0.4238611316889248,4238.611316889249,1266.5996974400414,,,,1.0,,4238.611316889248,0.1266599697440041,,40011,"[""R003"", ""C001"", ""C002""]",,,3.0,0.0,3.0,4238.611316889248,multi_hotspot,2972.0116194492066,,5761.388683110752,412.18532117143405,1.0,0.0,48.0,7656.734911457303,5104.489940971534,0.830369217278253,0.8303692172782529
,,greedy_local_search,3086.135330375794,2,exp3:multi_hotspot:f2.0:v1.0:r011,1.0,3.0,6671.631640035397,,,hardening:multi_hotspot:r011,3,,,2411.309242569272,2.0,truthful resolved feasibility,,,1.0,9999.999999999998,Current feasibility,4.0,,0.3488846820120055,0.4548555711925925,0.6428894292310828,0.0,1510.3153651962912,moderate,1510.3153651962912,,0.4447754426690264,4447.754426690264,1510.3153651962912,,,,2.0,,4447.754426690265,0.1510315365196291,,40011,"[""L012"", ""R002"", ""R003"", ""C001""]",,,4.0,0.0,3.0,4447.754426690264,multi_hotspot,2937.439061493974,,5552.245573309736,526.1298189247016,1.0,0.0,48.0,6671.631640035399,4447.754426690265,0.9999999999999998,0.9999999999999998
,,greedy_local_search,3156.616877017109,2,exp3:multi_hotspot:f2.0:v1.0:r012,2.0,3.0,3677.131186039859,,,hardening:multi_hotspot:r012,3,,,2569.8136873659787,2.0,catalog/geography,,,1.0,10000.0,Catalog + geography,2.0,,0.2377248849375763,0.0694715344217727,0.5692542189989703,2583.761863251486,2190.4077958830053,moderate,-393.3540673684806,,0.2451420790693239,2451.42079069324,-393.3540673684806,,,,0.0,,2451.4207906932397,-0.039335406736848,,40012,"[""L027"", ""C001"", ""C002""]",,,3.0,0.0,3.0,2451.4207906932397,multi_hotspot,2844.77485806172,,7548.579209306762,274.9611706957413,1.0,0.0,48.0,7939.054515877189,5292.703010584792,0.46316991257410095,0.4631699125741011
,,greedy_local_search,3156.616877017109,2,exp3:multi_hotspot:f2.0:v1.0:r012,1.0,3.0,6038.845127465786,,,hardening:multi_hotspot:r012,3,,,2440.673032318678,2.0,truthful resolved feasibility,,,1.0,10000.0,Current feasibility,4.0,,0.3222257679859319,0.3455944298992656,0.6831501455298673,0.0,1083.5215747452053,moderate,1083.5215747452053,,0.4025896751643857,4025.896751643858,1083.5215747452053,,,,2.0,,4025.896751643858,0.1083521574745205,,40012,"[""L027"", ""R001"", ""R007"", ""C001""]",,,4.0,0.0,3.0,4025.896751643858,multi_hotspot,2942.3751768986526,,5974.103248356143,501.7021445799746,1.0,0.0,48.0,6957.466782512378,4638.311188341584,0.8679660738940859,0.8679660738940862
,,greedy_local_search,3128.370898926705,2,exp3:multi_hotspot:f2.0:v1.0:r013,1.0,3.0,7233.518089806399,,,hardening:multi_hotspot:r013,3,,,2420.898854162053,2.0,catalog/geography,,,1.0,9999.999999999998,Catalog + geography,4.0,,0.4991663719358233,0.392227425127935,0.6016503657726444,2.061513863684468,1803.540352624639,moderate,1801.4788387609544,,0.4822345393204266,4822.345393204266,1801.4788387609544,,,,2.0,,4822.345393204266,0.1801478838760954,,40013,"[""L001"", ""R005"", ""R006"", ""C001""]",,,4.0,0.0,3.0,4822.345393204267,multi_hotspot,3020.8665544433115,,5177.654606795733,599.9677002812584,1.0,0.0,48.0,7233.518089806401,4822.345393204267,0.9999999999999998,1.0
,,greedy_local_search,3128.370898926705,2,exp3:multi_hotspot:f2.0:v1.0:r013,2.0,3.0,7670.24132211878,,,hardening:multi_hotspot:r013,3,,,2611.0287473721983,2.0,truthful resolved feasibility,,,0.0,9999.999999999998,Current feasibility,3.0,,0.5650364637296809,0.3912879770837225,0.6006611040846307,0.0,2028.443605394314,moderate,2028.443605394314,,0.5113494214745853,5113.494214745853,2028.443605394314,,,,1.0,,5113.494214745854,0.2028443605394314,,40013,"[""R005"", ""C000"", ""C001""]",,,3.0,0.0,3.0,5113.494214745854,multi_hotspot,3085.05060935154,,4886.505785254145,474.0218619793416,1.0,0.0,48.0,7791.943145231231,5194.628763487487,0.9843810689010309,0.9843810689010312
,,greedy_local_search,3172.528396547715,2,exp3:multi_hotspot:f2.0:v1.0:r014,1.0,3.0,5985.136507999523,,,hardening:multi_hotspot:r014,3,,,2450.796731813239,2.0,catalog/geography,,,1.0,10000.0,Catalog + geography,4.0,,0.4129596497422416,0.4680554871976257,0.246789188150619,772.324363632807,1814.5868868754812,moderate,1042.2625232426744,,0.3990091005333015,3990.0910053330153,1042.2625232426744,,,,2.0,,3990.0910053330153,0.1042262523242674,,40014,"[""L007"", ""R000"", ""R005"", ""C002""]",,,4.0,0.0,3.0,3990.0910053330144,multi_hotspot,2947.828482090341,,6009.908994666985,497.0317502771017,1.0,0.0,48.0,7289.519700154828,4859.67980010322,0.8210604750642762,0.8210604750642757
,,greedy_local_search,3172.528396547715,2,exp3:multi_hotspot:f2.0:v1.0:r014,1.0,3.0,6671.111352842776,,,hardening:multi_hotspot:r014,3,,,2532.1046365011644,2.0,truthful resolved feasibility,,,1.0,10000.0,Current feasibility,4.0,,0.48458508154579,0.4864518232756522,0.2820966600705062,0.0,1362.183515221,moderate,1362.183515221,,0.4447407568561849,4447.40756856185,1362.183515221,,,,2.0,,4447.40756856185,0.1362183515221,,40014,"[""L007"", ""R002"", ""R005"", ""C002""]",,,4.0,0.0,3.0,4447.40756856185,multi_hotspot,3085.22405334085,,5552.59243143815,553.1194168396854,1.0,0.0,48.0,7277.143888220566,4851.429258813712,0.9167211003813229,0.9167211003813225
,,greedy_local_search,3173.152608497909,2,exp3:multi_hotspot:f2.0:v1.0:r015,1.0,3.0,6730.780105634711,,,hardening:multi_hotspot:r015,3,,,2428.8474416910703,2.0,catalog/geography,,,1.0,9999.999999999998,Catalog + geography,4.0,,0.3855542627026938,0.4767101245006479,0.5418535595877089,7.904972662124237,1456.621458969752,moderate,1448.7164863076275,,0.4487186737089807,4487.186737089807,1448.7164863076275,,,,2.0,,4487.186737089807,0.1448716486307628,,40015,"[""L029"", ""R000"", ""R003"", ""C001""]",,,4.0,0.0,3.0,4487.186737089807,multi_hotspot,3038.4702507821794,,5512.813262910191,609.6228090911089,1.0,0.0,48.0,6730.7801056347125,4487.186737089807,0.9999999999999998,1.0
,,greedy_local_search,3173.152608497909,2,exp3:multi_hotspot:f2.0:v1.0:r015,1.0,3.0,6730.780105634711,,,hardening:multi_hotspot:r015,3,,,2428.8474416910703,2.0,truthful resolved feasibility,,,1.0,9999.999999999998,Current feasibility,4.0,,0.3855542627026938,0.4767101245006479,0.5418535595877089,0.0,1448.7164863076275,moderate,1448.7164863076275,,0.4487186737089807,4487.186737089807,1448.7164863076275,,,,2.0,,4487.186737089807,0.1448716486307628,,40015,"[""L029"", ""R000"", ""R003"", ""C001""]",,,4.0,0.0,3.0,4487.186737089807,multi_hotspot,3038.4702507821794,,5512.813262910191,609.6228090911089,1.0,0.0,48.0,6730.7801056347125,4487.186737089807,0.9999999999999998,1.0
,,greedy_local_search,3177.084552498707,2,exp3:multi_hotspot:f2.0:v1.0:r016,2.0,3.0,5665.166297080414,,,hardening:multi_hotspot:r016,3,,,2636.2812388248867,2.0,catalog/geography,,,1.0,10000.0,Catalog + geography,3.0,,0.389663170345451,0.4197159738070016,0.2771436782539538,1228.1376169463429,1965.7085713919669,moderate,737.570954445624,,0.3776777531386941,3776.7775313869424,737.570954445624,,,,0.0,,3776.7775313869424,0.0737570954445624,,40016,"[""L006"", ""C001"", ""C002""]",,,3.0,0.0,3.0,3776.7775313869424,multi_hotspot,3039.2065769413184,,6223.222468613058,402.9253381164317,1.0,0.0,48.0,7854.926849014682,5236.617899343121,0.7212245773862361,0.7212245773862361
,,greedy_local_search,3177.084552498707,2,exp3:multi_hotspot:f2.0:v1.0:r016,1.0,3.0,6775.666835080727,,,hardening:multi_hotspot:r016,3,,,2366.998559429201,2.0,truthful resolved feasibility,,,0.0,10000.0,Current feasibility,3.0,,0.4833542585736727,0.5166356358789853,0.2668961671145874,0.0,1587.5141829379536,moderate,1587.5141829379536,,0.451711122338715,4517.111223387151,1587.5141829379536,,,,2.0,,4517.111223387152,0.1587514182937953,,40016,"[""R006"", ""R008"", ""C001""]",,,3.0,0.0,3.0,4517.111223387151,multi_hotspot,2929.597040449198,,5482.888776612848,562.5984810199972,1.0,0.0,48.0,6834.335123350673,4556.223415567115,0.9914156553328068,0.9914156553328068
,,greedy_local_search,3078.847843759583,2,exp3:multi_hotspot:f2.0:v1.0:r017,2.0,3.0,5476.05239693413,,,hardening:multi_hotspot:r017,3,,,2300.2197937038964,2.0,catalog/geography,,,1.0,10000.0,Catalog + geography,3.0,,0.3457683148335108,0.4708691847641527,0.223351017265377,1441.5473568136786,2340.801381375558,moderate,899.2540245618793,,0.3650701597956087,3650.7015979560874,899.2540245618793,,,,0.0,,3650.701597956088,0.0899254024561879,,40017,"[""L008"", ""C001"", ""C002""]",,,3.0,0.0,3.0,3650.7015979560874,multi_hotspot,2751.447573394208,,6349.298402043913,451.2277796903119,1.0,0.0,48.0,7875.398173159451,5250.265448772967,0.6953365755648198,0.69533657556482
,,greedy_local_search,3078.847843759583,2,exp3:multi_hotspot:f2.0:v1.0:r017,1.0,3.0,6816.497634981,,,hardening:multi_hotspot:r017,3,,,2247.3856567913417,2.0,truthful resolved feasibility,,,0.0,10000.0,Current feasibility,3.0,,0.4457654414460221,0.464113258110414,0.4569954333802261,0.0,1736.1885731217508,moderate,1736.1885731217508,,0.4544331756654001,4544.331756654,1736.1885731217508,,,,2.0,,4544.331756654001,0.173618857312175,,40017,"[""R003"", ""R006"", ""C001""]",,,3.0,0.0,3.0,4544.331756653999,multi_hotspot,2808.14318353225,,5455.668243345999,560.7575267409081,1.0,0.0,48.0,6816.497634981,4544.331756654001,1.0,0.9999999999999996
,,greedy_local_search,3144.247219381794,2,exp3:multi_hotspot:f2.0:v1.0:r018,1.0,3.0,4715.308293777748,,,hardening:multi_hotspot:r018,3,,,2479.033391092951,2.0,catalog/geography,,,1.0,10000.000000000002,Catalog + geography,4.0,,0.2592712436734008,0.1993657775286766,0.6395190223189132,1295.1931320287954,1494.1531705629563,moderate,198.96003853416096,,0.3143538862518498,3143.5388625184983,198.96003853416096,,,,2.0,,3143.5388625184987,0.019896003853416,,40018,"[""L002"", ""R000"", ""R002"", ""C001""]",,,4.0,0.0,3.0,3143.5388625184987,multi_hotspot,2944.5788239843378,,6856.461137481501,465.5454328913863,1.0,0.0,48.0,6832.031399856352,4554.687599904237,0.6901766133388805,0.6901766133388803
,,greedy_local_search,3144.247219381794,2,exp3:multi_hotspot:f2.0:v1.0:r018,0.0,3.0,6031.1810588068165,,,hardening:multi_hotspot:r018,3,,,2343.698508978725,2.0,truthful resolved feasibility,,,0.0,10000.000000000002,Current feasibility,4.0,,0.3493486856230406,0.2806355533198192,0.7332469253074133,0.0,1095.730504126488,moderate,1095.730504126488,,0.4020787372537876,4020.787372537877,1095.730504126488,,,,4.0,,4020.7873725378777,0.1095730504126488,,40018,"[""R000"", ""R002"", ""R003"", ""R007""]",,,4.0,0.0,3.0,4020.787372537877,multi_hotspot,2925.0568684113896,,5979.212627462123,581.3583594326644,1.0,0.0,48.0,6280.417155357131,4186.944770238089,0.9603153595716617,0.9603153595716613
,,greedy_local_search,3139.3042522037977,2,exp3:multi_hotspot:f2.0:v1.0:r019,1.0,3.0,6035.269389771489,,,hardening:multi_hotspot:r019,3,,,2492.1688063793827,2.0,catalog/geography,,,1.0,9999.999999999998,Catalog + geography,3.0,,0.2491107487610011,0.4490944813575119,0.6653419361692646,588.5019647282293,1587.7493247371967,moderate,999.2473600089676,,0.4023512926514326,4023.512926514326,999.2473600089676,,,,2.0,,4023.5129265143264,0.0999247360008967,,40019,"[""L006"", ""R005"", ""R007"", ""C001""]",,,4.0,0.0,3.0,4023.5129265143255,multi_hotspot,3024.265566505359,,5976.487073485674,532.0967601259763,1.0,0.0,48.0,7052.86267249151,4701.908448327673,0.8557191129370815,0.8557191129370815
,,greedy_local_search,3139.3042522037977,2,exp3:multi_hotspot:f2.0:v1.0:r019,1.0,3.0,6776.935212480008,,,hardening:multi_hotspot:r019,3,,,2525.243254696623,2.0,truthful resolved feasibility,,,1.0,9999.999999999998,Current feasibility,4.0,,0.2750252389847269,0.5570455315857726,0.6653419361692646,0.0,1388.7675101308157,moderate,1388.7675101308157,,0.4517956808320004,4517.956808320005,1388.7675101308157,,,,2.0,,4517.956808320005,0.1388767510130815,,40019,"[""L006"", ""R000"", ""R007"", ""C001""]",,,4.0,0.0,3.0,4517.956808320005,multi_hotspot,3129.189298189189,,5482.043191679994,603.9460434925663,1.0,0.0,48.0,6918.095808068491,4612.063872045661,0.9795954552372852,0.9795954552372851
,,greedy_local_search,3167.1915373627367,2,exp3:multi_hotspot:f2.0:v2.0:r000,1.0,3.0,5996.076235719519,,,hardening:multi_hotspot:r000,3,,,1955.3513404513628,2.0,catalog/geography,,,1.0,10000.0,Catalog + geography,3.0,,0.3657773207988569,0.5144457637692211,0.275413020179608,7.402442680047443,1033.048467555452,moderate,1025.6460248754047,,0.3997384157146345,3997.3841571463454,1025.6460248754047,,,,1.0,,3997.3841571463454,0.1025646024875404,,40000,"[""L014"", ""R007"", ""C001""]",,,3.0,0.0,3.0,3997.3841571463454,multi_hotspot,2971.7381322709407,,6002.615842853654,1016.386791819578,2.0,0.0,48.0,5997.514640879206,3998.3430939194714,0.9997601664613067,0.9997601664613064
,,greedy_local_search,3167.1915373627367,2,exp3:multi_hotspot:f2.0:v2.0:r000,1.0,3.0,5996.076235719519,,,hardening:multi_hotspot:r000,3,,,1955.3513404513628,2.0,truthful resolved feasibility,,,1.0,10000.0,Current feasibility,3.0,,0.3657773207988569,0.5144457637692211,0.275413020179608,0.0,1025.6460248754047,moderate,1025.6460248754047,,0.3997384157146345,3997.3841571463454,1025.6460248754047,,,,1.0,,3997.3841571463454,0.1025646024875404,,40000,"[""L014"", ""R007"", ""C001""]",,,3.0,0.0,3.0,3997.3841571463454,multi_hotspot,2971.7381322709407,,6002.615842853654,1016.386791819578,2.0,0.0,48.0,5997.514640879206,3998.3430939194714,0.9997601664613067,0.9997601664613064
,,greedy_local_search,3142.794055820548,2,exp3:multi_hotspot:f2.0:v2.0:r001,2.0,3.0,3075.781446190667,,,hardening:multi_hotspot:r001,3,,,2276.373308190908,2.0,catalog/geography,,,0.0,10000.0,Catalog + geography,1.0,,0.2600556108947924,0.2127004321797497,0.0679096012357104,1787.1602699257703,1120.675959865623,moderate,-666.4843100601474,,0.2050520964127111,2050.5209641271117,-666.4843100601474,,,,0.0,,2050.5209641271117,-0.0666484310060147,,40001,"[""C001"", ""C002""]",,,2.0,1203.3474974831058,3.0,2050.5209641271117,multi_hotspot,2717.0052741872587,,7949.479035872889,440.6319659963508,2.0,0.0,48.0,6394.126317933093,4262.750878622061,0.48103232455140427,0.4810323245514045
,,greedy_local_search,3142.794055820548,2,exp3:multi_hotspot:f2.0:v2.0:r001,2.0,3.0,5881.577117543629,,,hardening:multi_hotspot:r001,3,,,2105.423969576335,2.0,truthful resolved feasibility,,,0.0,10000.0,Current feasibility,2.0,,0.4398958190333256,0.4221591673338645,0.2319815701886309,0.0,927.6288870794442,moderate,927.6288870794442,,0.3921051411695753,3921.051411695753,927.6288870794442,,,,0.0,,3921.051411695753,0.0927628887079444,,40001,"[""C000"", ""C001""]",,,2.0,0.0,3.0,3921.051411695753,multi_hotspot,2993.4225246163087,,6078.948588304247,887.9985550399738,2.0,0.0,48.0,6244.825257621959,4163.216838414639,0.9418321369945497,0.9418321369945498
,,greedy_local_search,3131.918120974454,2,exp3:multi_hotspot:f2.0:v2.0:r002,1.0,3.0,5913.086266522909,,,hardening:multi_hotspot:r002,3,,,2171.043904827863,2.0,catalog/geography,,,0.0,10000.000000000002,Catalog + geography,3.0,,0.2088329610666076,0.5500442842799022,0.5385770956179401,119.85316122834456,947.5721044873858,moderate,827.7189432590412,,0.3942057511015273,3942.0575110152727,827.7189432590412,,,,2.0,,3942.057511015272,0.0827718943259041,,40002,"[""R000"", ""R004"", ""C001""]",,,3.0,0.0,3.0,3942.0575110152727,multi_hotspot,3114.338567756231,,6057.942488984729,943.294662928368,2.0,0.0,48.0,6205.877415084962,4137.251610056641,0.9528203461044283,0.9528203461044286
,,greedy_local_search,3131.918120974454,2,exp3:multi_hotspot:f2.0:v2.0:r002,1.0,3.0,5913.086266522909,,,hardening:multi_hotspot:r002,3,,,2171.043904827863,2.0,truthful resolved feasibility,,,0.0,10000.000000000002,Current feasibility,3.0,,0.2088329610666076,0.5500442842799022,0.5385770956179401,0.0,827.7189432590412,moderate,827.7189432590412,,0.3942057511015273,3942.0575110152727,827.7189432590412,,,,2.0,,3942.057511015272,0.0827718943259041,,40002,"[""R000"", ""R004"", ""C001""]",,,3.0,0.0,3.0,3942.0575110152727,multi_hotspot,3114.338567756231,,6057.942488984729,943.294662928368,2.0,0.0,48.0,6205.877415084962,4137.251610056641,0.9528203461044283,0.9528203461044286
,,greedy_local_search,3097.6906149428264,2,exp3:multi_hotspot:f2.0:v2.0:r003,1.0,3.0,5303.633371310714,,,hardening:multi_hotspot:r003,3,,,2029.0526904296648,2.0,catalog/geography,,,1.0,10000.000000000002,Catalog + geography,2.0,,0.3061707472700571,0.4074650464960409,0.3659297777112045,246.28126388973303,909.8953038676354,moderate,663.6140399779024,,0.353575558087381,3535.75558087381,663.6140399779024,,,,1.0,,3535.75558087381,0.0663614039977902,,40003,"[""L031"", ""R007"", ""C001""]",,,3.0,0.0,3.0,3535.75558087381,multi_hotspot,2872.1415408959074,,6464.24441912619,843.088850466243,2.0,0.0,48.0,5856.722400115428,3904.4816000769542,0.905563386648851,0.9055633866488506
,,greedy_local_search,3097.6906149428264,2,exp3:multi_hotspot:f2.0:v2.0:r003,1.0,3.0,5826.082994164752,,,hardening:multi_hotspot:r003,3,,,2021.307825212336,2.0,truthful resolved feasibility,,,1.0,10000.000000000002,Current feasibility,3.0,,0.3685363211186451,0.3854959276648313,0.4382030687911777,0.0,904.6379713193588,moderate,904.6379713193588,,0.3884055329443167,3884.055329443168,904.6379713193588,,,,1.0,,3884.055329443168,0.0904637971319358,,40003,"[""L023"", ""R007"", ""C001""]",,,3.0,0.0,3.0,3884.055329443168,multi_hotspot,2979.417358123809,,6115.944670556832,958.1095329114733,2.0,0.0,48.0,5826.082994164752,3884.05532944317,1.0,0.9999999999999994
,,greedy_local_search,3168.841656308462,2,exp3:multi_hotspot:f2.0:v2.0:r004,2.0,3.0,3388.2120483126755,,,hardening:multi_hotspot:r004,3,,,2320.6001463867588,2.0,catalog/geography,,,0.0,10000.0,Catalog + geography,2.0,,0.4008834453875007,0.1299521508470562,0.0,1787.00637880029,1322.675271637744,moderate,-464.3311071625458,,0.2258808032208449,2258.8080322084497,-464.3311071625458,,,,0.0,,2258.8080322084497,-0.0464331107162545,,40004,"[""C001"", ""C002""]",,,2.0,0.0,3.0,2258.80803220845,multi_hotspot,2723.1391393709955,,7741.19196779155,402.538992984237,2.0,0.0,48.0,6587.765500475332,4391.8436669835555,0.5143188609351992,0.5143188609351991
,,greedy_local_search,3168.841656308462,2,exp3:multi_hotspot:f2.0:v2.0:r004,1.0,3.0,6037.385816759719,,,hardening:multi_hotspot:r004,3,,,2286.4105388736875,2.0,truthful resolved feasibility,,,0.0,10000.0,Current feasibility,3.0,,0.5205065021590441,0.299886152726448,0.3165215417907732,0.0,856.082221531351,moderate,856.082221531351,,0.4024923877839813,4024.9238778398126,856.082221531351,,,,2.0,,4024.923877839813,0.0856082221531351,,40004,"[""R004"", ""R007"", ""C001""]",,,3.0,0.0,3.0,4024.923877839813,multi_hotspot,3168.841656308462,,5975.076122160188,882.4311174347745,2.0,0.0,48.0,6534.578829256422,4356.385886170949,0.9239135336051522,0.923913533605152
,,greedy_local_search,3121.037067074452,2,exp3:multi_hotspot:f2.0:v2.0:r005,2.0,3.0,4135.912583893279,,,hardening:multi_hotspot:r005,3,,,2003.099970575482,2.0,catalog/geography,,,0.0,10000.0,Catalog + geography,1.0,,0.1770906033183221,0.3985599176848288,0.2827038145497512,1435.8787045576169,1556.0517815397325,moderate,120.17307698211562,,0.2757275055928852,2757.2750559288525,120.17307698211562,,,,0.0,,2757.2750559288525,0.0120173076982115,,40005,"[""C001"", ""C002""]",,,2.0,0.0,3.0,2757.2750559288525,multi_hotspot,2637.101978946737,,7242.724944071148,634.0020083712548,2.0,0.0,48.0,6927.789593307403,4618.52639553827,0.5970032040073475,0.5970032040073474
,,greedy_local_search,3121.037067074452,2,exp3:multi_hotspot:f2.0:v2.0:r005,1.0,3.0,6022.241988276096,,,hardening:multi_hotspot:r005,3,,,2134.812880845064,2.0,truthful resolved feasibility,,,0.0,10000.0,Current feasibility,3.0,,0.3513523004416225,0.5272579180400327,0.2941699635283243,0.0,893.7909251096121,moderate,893.7909251096121,,0.4014827992184064,4014.827992184064,893.7909251096121,,,,2.0,,4014.827992184064,0.0893790925109612,,40005,"[""R002"", ""R004"", ""C001""]",,,3.0,0.0,3.0,4014.827992184064,multi_hotspot,3121.037067074452,,5985.172007815936,986.2241862293878,2.0,0.0,48.0,6233.957747561784,4155.971831707857,0.96603830698588,0.9660383069858799
,,greedy_local_search,3057.222876742177,2,exp3:multi_hotspot:f2.0:v2.0:r006,2.0,3.0,2043.924307535381,,,hardening:multi_hotspot:r006,3,,,2114.654699893639,2.0,catalog/geography,,,0.0,10000.0,Catalog + geography,1.0,,0.2736438449062984,0.0,0.0656094514726223,2587.282613372778,1577.230585049807,moderate,-1010.0520283229712,,0.1362616205023587,1362.6162050235876,-1010.0520283229712,,,,0.0,,1362.6162050235876,-0.1010052028322971,,40006,"[""C001"", ""C002""]",,,2.0,0.0,3.0,1362.6162050235876,multi_hotspot,2372.6682333465587,,8637.383794976413,258.01353345291966,2.0,0.0,48.0,6736.599231864293,4491.066154576194,0.3034059526455967,0.3034059526455969
,,greedy_local_search,3057.222876742177,2,exp3:multi_hotspot:f2.0:v2.0:r006,0.0,3.0,4310.1855753190375,,,hardening:multi_hotspot:r006,3,,,1759.4016502614031,2.0,truthful resolved feasibility,,,0.0,10000.0,Current feasibility,3.0,,0.2165749105020784,0.282514237377211,0.4550350610665502,0.0,316.56388806665336,moderate,316.56388806665336,,0.2873457050212691,2873.457050212692,316.56388806665336,,,,3.0,,2873.457050212692,0.0316563888066653,,40006,"[""R000"", ""R005"", ""R007""]",,,3.0,0.0,3.0,2873.457050212692,multi_hotspot,2556.893162146039,,7126.542949787307,797.4915118846355,2.0,0.0,48.0,4707.055273974098,3138.0368493160654,0.9156862038885749,0.915686203888575
,,greedy_local_search,3160.0896040703738,2,exp3:multi_hotspot:f2.0:v2.0:r007,1.0,3.0,3377.8441709273525,,,hardening:multi_hotspot:r007,3,,,1686.3272632618573,2.0,catalog/geography,,,0.0,9999.999999999998,Catalog + geography,2.0,,0.2245373721434115,0.1980813625193096,0.2740965852443165,923.977389591546,987.1906974951162,moderate,63.21330790357024,,0.2251896113951568,2251.896113951568,63.21330790357024,,,,1.0,,2251.8961139515686,0.006321330790357,,40007,"[""R002"", ""C001""]",,,2.0,0.0,3.0,2251.8961139515686,multi_hotspot,2188.6828060479984,,7748.103886048431,502.35554278614086,2.0,0.0,48.0,5136.897611650925,3424.598407767281,0.6575650180891501,0.6575650180891506
,,greedy_local_search,3160.0896040703738,2,exp3:multi_hotspot:f2.0:v2.0:r007,0.0,3.0,4579.847234032462,,,hardening:multi_hotspot:r007,3,,,1847.522553952473,2.0,truthful resolved feasibility,,,0.0,9999.999999999998,Current feasibility,3.0,,0.2438478562105226,0.3967541424377602,0.2836383189377311,0.0,394.591674949017,moderate,394.591674949017,,0.3053231489354975,3053.231489354976,394.591674949017,,,,3.0,,3053.231489354976,0.0394591674949017,,40007,"[""R000"", ""R002"", ""R007""]",,,3.0,0.0,3.0,3053.231489354976,multi_hotspot,2658.6398144059585,,6946.768510645026,811.1172604534856,2.0,0.0,48.0,4590.915584631988,3060.6103897546573,0.9975890755568286,0.9975890755568294
,,greedy_local_search,3111.814402771996,2,exp3:multi_hotspot:f2.0:v2.0:r008,2.0,3.0,3495.5999387971606,,,hardening:multi_hotspot:r008,3,,,1990.974067591344,2.0,catalog/geography,,,0.0,10000.0,Catalog + geography,1.0,,0.2733829908036789,0.1286623332658265,0.3249291670755794,1948.633218881184,1798.4653214459267,moderate,-150.16789743525715,,0.2330399959198107,2330.399959198107,-150.16789743525715,,,,0.0,,2330.3999591981064,-0.0150167897435257,,40008,"[""C001"", ""C002""]",,,2.0,988.6692461639412,3.0,2330.3999591981064,multi_hotspot,2480.567856633364,,7669.600040801892,489.5937890420196,2.0,0.0,48.0,7064.552351810247,4709.701567873501,0.4948084131475698,0.4948084131475694
,,greedy_local_search,3111.814402771996,2,exp3:multi_hotspot:f2.0:v2.0:r008,1.0,3.0,6471.795008727429,,,hardening:multi_hotspot:r008,3,,,2068.083609398026,2.0,truthful resolved feasibility,,,0.0,10000.0,Current feasibility,3.0,,0.3888976165266412,0.4181387722518907,0.5505025142833917,0.0,1202.715603046291,moderate,1202.715603046291,,0.4314530005818286,4314.530005818287,1202.715603046291,,,,2.0,,4314.530005818287,0.1202715603046291,,40008,"[""R003"", ""R004"", ""C001""]",,,3.0,0.0,3.0,4314.530005818287,multi_hotspot,3111.8144027719954,,5685.4699941817125,1043.7307933739696,2.0,0.0,48.0,6552.1463795125255,4368.097586341685,0.9877366337485467,0.9877366337485464
,,greedy_local_search,3134.181575541887,2,exp3:multi_hotspot:f2.0:v2.0:r009,1.0,3.0,5899.184671240284,,,hardening:multi_hotspot:r009,3,,,2081.862442623065,2.0,catalog/geography,,,0.0,9999.999999999998,Catalog + geography,3.0,,0.3116546621751223,0.6054544895229483,0.2056265438542427,163.20836975564316,1075.5298630071716,moderate,912.3214932515284,,0.3932789780826856,3932.789780826856,912.3214932515284,,,,2.0,,3932.789780826856,0.0912321493251528,,40009,"[""R002"", ""R003"", ""C001""]",,,3.0,0.0,3.0,3932.789780826856,multi_hotspot,3020.468287575328,,6067.210219173145,938.6058449522628,2.0,0.0,48.0,6208.38135186774,4138.920901245159,0.9501968930219732,0.9501968930219733
,,greedy_local_search,3134.181575541887,2,exp3:multi_hotspot:f2.0:v2.0:r009,1.0,3.0,5899.184671240284,,,hardening:multi_hotspot:r009,3,,,2081.862442623065,2.0,truthful resolved feasibility,,,0.0,9999.999999999998,Current feasibility,3.0,,0.3116546621751223,0.6054544895229483,0.2056265438542427,0.0,912.3214932515284,moderate,912.3214932515284,,0.3932789780826856,3932.789780826856,912.3214932515284,,,,2.0,,3932.789780826856,0.0912321493251528,,40009,"[""R002"", ""R003"", ""C001""]",,,3.0,0.0,3.0,3932.789780826856,multi_hotspot,3020.468287575328,,6067.210219173145,938.6058449522628,2.0,0.0,48.0,6208.38135186774,4138.920901245159,0.9501968930219732,0.9501968930219733
,,greedy_local_search,3131.0191729170765,2,exp3:multi_hotspot:f2.0:v2.0:r010,2.0,3.0,2774.571222653694,,,hardening:multi_hotspot:r010,3,,,2087.4035076068826,2.0,catalog/geography,,,0.0,10000.0,Catalog + geography,1.0,,0.2974613043961896,0.1180249109696576,0.0490255451295702,2166.4495459384325,1548.3695033241856,moderate,-618.0800426142468,,0.1849714148435795,1849.714148435796,-618.0800426142468,,,,0.0,,1849.714148435796,-0.0618080042614246,,40010,"[""C001"", ""C002""]",,,2.0,0.0,3.0,1849.714148435796,multi_hotspot,2467.794191050042,,8150.285851564204,380.3906834431601,2.0,0.0,48.0,6833.602016105571,4555.734677403713,0.4060188486415405,0.4060188486415406
,,greedy_local_search,3131.0191729170765,2,exp3:multi_hotspot:f2.0:v2.0:r010,1.0,3.0,4192.156591392905,,,hardening:multi_hotspot:r010,3,,,1715.8138162829855,2.0,truthful resolved feasibility,,,0.0,10000.0,Current feasibility,2.0,,0.3790803261877355,0.2189981432757921,0.1612080458092606,0.0,404.3569933543163,moderate,404.3569933543163,,0.2794771060928604,2794.771060928604,404.3569933543163,,,,1.0,,2794.771060928604,0.0404356993354316,,40010,"[""R007"", ""C001""]",,,2.0,0.0,3.0,2794.771060928604,multi_hotspot,2390.4140675742874,,7205.228939071397,674.6002512913021,2.0,0.0,48.0,4973.157306156779,3315.4382041045187,0.8429567643482757,0.8429567643482759
,,greedy_local_search,3086.135330375794,2,exp3:multi_hotspot:f2.0:v2.0:r011,2.0,3.0,4987.207213227595,,,hardening:multi_hotspot:r011,3,,,2014.4793690162016,2.0,catalog/geography,,,0.0,9999.999999999998,Catalog + geography,2.0,,0.3783901790710171,0.2613953475072919,0.3535826433616484,723.7980219221722,1435.1852496600286,moderate,711.3872277378564,,0.3324804808818395,3324.804808818396,711.3872277378564,,,,0.0,,3324.8048088183955,0.0711387227737856,,40011,"[""C001"", ""C002""]",,,2.0,0.0,3.0,3324.8048088183955,multi_hotspot,2613.417581080539,,6675.195191181604,598.9382120643372,2.0,0.0,48.0,6286.025149351024,4190.6834329006815,0.7933800923056249,0.7933800923056249
,,greedy_local_search,3086.135330375794,2,exp3:multi_hotspot:f2.0:v2.0:r011,1.0,3.0,5953.901459192233,,,hardening:multi_hotspot:r011,3,,,2135.071833407314,2.0,truthful resolved feasibility,,,0.0,9999.999999999998,Current feasibility,3.0,,0.3175614490680019,0.4283638422466472,0.5204838353961078,0.0,949.6497078106122,moderate,949.6497078106122,,0.3969267639461489,3969.267639461489,949.6497078106122,,,,2.0,,3969.267639461489,0.0949649707810612,,40011,"[""R002"", ""R003"", ""C001""]",,,3.0,0.0,3.0,3969.267639461489,multi_hotspot,3019.617931650877,,6030.732360538511,884.546098243563,2.0,0.0,48.0,5953.901459192235,3969.267639461489,0.9999999999999997,1.0
,,greedy_local_search,3156.616877017109,2,exp3:multi_hotspot:f2.0:v2.0:r012,2.0,3.0,3014.436878032694,,,hardening:multi_hotspot:r012,3,,,2288.514543281975,2.0,catalog/geography,,,0.0,10000.0,Catalog + geography,1.0,,0.224457603600163,0.0,0.4997826845771976,2255.0886380155625,1604.1253734042702,moderate,-650.9632646112921,,0.2009624585355129,2009.6245853551293,-650.9632646112921,,,,0.0,,2009.6245853551293,-0.0650963264611292,,40012,"[""C001"", ""C002""]",,,2.0,0.0,3.0,2009.6245853551293,multi_hotspot,2660.5878499664213,,7990.375414644872,372.07330668444615,2.0,0.0,48.0,7260.368170697687,4840.24544713179,0.41519063595131994,0.41519063595132005
,,greedy_local_search,3156.616877017109,2,exp3:multi_hotspot:f2.0:v2.0:r012,1.0,3.0,5376.150819458621,,,hardening:multi_hotspot:r012,3,,,2159.373888234674,2.0,truthful resolved feasibility,,,0.0,10000.0,Current feasibility,3.0,,0.2890506857242984,0.249039530538588,0.7058670518306731,0.0,599.1831602009752,moderate,599.1831602009752,,0.3584100546305747,3584.1005463057472,599.1831602009752,,,,2.0,,3584.1005463057472,0.0599183160200975,,40012,"[""R001"", ""R007"", ""C001""]",,,3.0,0.0,3.0,3584.1005463057472,multi_hotspot,2984.917386104772,,6415.899453694254,825.543497870098,2.0,0.0,48.0,6278.780437332876,4185.853624888583,0.8562412514845514,0.8562412514845517
,,greedy_local_search,3128.370898926705,2,exp3:multi_hotspot:f2.0:v2.0:r013,1.0,3.0,6345.161797894863,,,hardening:multi_hotspot:r013,3,,,2163.2094660643534,2.0,catalog/geography,,,0.0,9999.999999999998,Catalog + geography,3.0,,0.3021147635704482,0.4299665304643308,0.6828542862855338,68.99200096381674,1189.9117170689387,moderate,1120.919716105122,,0.4230107865263242,4230.107865263242,1120.919716105122,,,,2.0,,4230.107865263242,0.1120919716105122,,40013,"[""R004"", ""R005"", ""C001""]",,,3.0,0.0,3.0,4230.107865263242,multi_hotspot,3109.1881491581203,,5769.892134736758,945.9786830937668,2.0,0.0,48.0,6518.883814675795,4345.922543117196,0.9733509567405028,0.9733509567405029
,,greedy_local_search,3128.370898926705,2,exp3:multi_hotspot:f2.0:v2.0:r013,2.0,3.0,6097.806555528872,,,hardening:multi_hotspot:r013,3,,,2065.866635987743,2.0,truthful resolved feasibility,,,0.0,9999.999999999998,Current feasibility,2.0,,0.4982145998062725,0.2063649871247931,0.5504806081437899,0.0,1343.3868967412425,moderate,1343.3868967412425,,0.4065204370352581,4065.2043703525815,1343.3868967412425,,,,0.0,,4065.204370352582,0.1343386896741242,,40013,"[""C000"", ""C001""]",,,2.0,0.0,3.0,4065.2043703525815,multi_hotspot,2721.81747361134,,5934.795629647418,655.9508376235967,2.0,0.0,48.0,6097.806555528874,4065.2043703525824,0.9999999999999997,0.9999999999999998
,,greedy_local_search,3172.528396547715,2,exp3:multi_hotspot:f2.0:v2.0:r014,1.0,3.0,5301.549939452783,,,hardening:multi_hotspot:r014,3,,,2180.411007667536,2.0,catalog/geography,,,0.0,10000.0,Catalog + geography,3.0,,0.4045729873412893,0.3694261250640213,0.2103983727709895,567.8557841287688,1086.217536360086,moderate,518.361752231317,,0.3534366626301855,3534.3666263018554,518.361752231317,,,,2.0,,3534.3666263018554,0.0518361752231317,,40014,"[""R000"", ""R005"", ""C002""]",,,3.0,0.0,3.0,3534.366626301855,multi_hotspot,3016.0048740705383,,6465.633373698144,835.5938664030022,2.0,0.0,48.0,6605.933131608088,4403.95542107206,0.8025436882014308,0.8025436882014305
,,greedy_local_search,3172.528396547715,2,exp3:multi_hotspot:f2.0:v2.0:r014,1.0,3.0,5774.966183280367,,,hardening:multi_hotspot:r014,3,,,2261.718912355461,2.0,truthful resolved feasibility,,,0.0,10000.0,Current feasibility,3.0,,0.4479083450995375,0.381952231275847,0.2487785465534308,0.0,677.4490589725287,moderate,677.4490589725287,,0.3849977455520244,3849.977455520244,677.4490589725287,,,,2.0,,3849.977455520244,0.0677449058972528,,40014,"[""R002"", ""R005"", ""C002""]",,,3.0,0.0,3.0,3849.977455520244,multi_hotspot,3172.528396547715,,6150.022544479755,910.8094841922544,2.0,0.0,48.0,6593.557319673826,4395.704879782552,0.8758498490714639,0.8758498490714636
,,greedy_local_search,3173.152608497909,2,exp3:multi_hotspot:f2.0:v2.0:r015,1.0,3.0,5845.389398250598,,,hardening:multi_hotspot:r015,3,,,2147.158188414724,2.0,catalog/geography,,,0.0,9999.999999999998,Catalog + geography,3.0,,0.3589678673156727,0.4326615113071125,0.3836277865024887,4.157357479295115,767.8934185388089,moderate,763.7360610595138,,0.3896926265500398,3896.926265500399,763.7360610595138,,,,2.0,,3896.926265500399,0.0763736061059513,,40015,"[""R002"", ""R003"", ""C001""]",,,3.0,0.0,3.0,3896.926265500399,multi_hotspot,3133.190204440885,,6103.0737344996005,986.0320160261612,2.0,0.0,48.0,5845.389398250599,3896.9262655003986,0.9999999999999999,1.0000000000000002
,,greedy_local_search,3173.152608497909,2,exp3:multi_hotspot:f2.0:v2.0:r015,1.0,3.0,5845.389398250598,,,hardening:multi_hotspot:r015,3,,,2147.158188414724,2.0,truthful resolved feasibility,,,0.0,9999.999999999998,Current feasibility,3.0,,0.3589678673156727,0.4326615113071125,0.3836277865024887,0.0,763.7360610595138,moderate,763.7360610595138,,0.3896926265500398,3896.926265500399,763.7360610595138,,,,2.0,,3896.926265500399,0.0763736061059513,,40015,"[""R002"", ""R003"", ""C001""]",,,3.0,0.0,3.0,3896.926265500399,multi_hotspot,3133.190204440885,,6103.0737344996005,986.0320160261612,2.0,0.0,48.0,5845.389398250599,3896.9262655003986,0.9999999999999999,1.0000000000000002
,,greedy_local_search,3177.084552498707,2,exp3:multi_hotspot:f2.0:v2.0:r016,2.0,3.0,5265.059209645706,,,hardening:multi_hotspot:r016,3,,,2355.683867695769,2.0,catalog/geography,,,0.0,10000.0,Catalog + geography,2.0,,0.3694690145736536,0.3428490003106449,0.3237287032142192,817.3841920058239,1269.3609702607482,moderate,451.9767782549243,,0.3510039473097136,3510.039473097137,451.9767782549243,,,,0.0,,3510.039473097137,0.0451976778254924,,40016,"[""C001"", ""C002""]",,,2.0,0.0,3.0,3510.039473097137,multi_hotspot,3058.0626948422127,,6489.960526902863,702.3788271464432,2.0,0.0,48.0,7205.900590098398,4803.933726732265,0.7306594288686697,0.7306594288686697
,,greedy_local_search,3177.084552498707,2,exp3:multi_hotspot:f2.0:v2.0:r016,1.0,3.0,5145.994631641909,,,hardening:multi_hotspot:r016,3,,,1756.9760015228458,2.0,truthful resolved feasibility,,,0.0,10000.0,Current feasibility,2.0,,0.3552205510204148,0.427477239460464,0.1680001350288915,0.0,917.2319779921372,moderate,917.2319779921372,,0.3430663087761272,3430.6630877612733,917.2319779921372,,,,1.0,,3430.6630877612733,0.0917231977992137,,40016,"[""R008"", ""C001""]",,,2.0,0.0,3.0,3430.6630877612733,multi_hotspot,2513.431109769136,,6569.336912238727,756.4551082462906,2.0,0.0,48.0,5204.662919911856,3469.775279941237,0.9887277448755624,0.9887277448755627
,,greedy_local_search,3078.847843759583,2,exp3:multi_hotspot:f2.0:v2.0:r017,2.0,3.0,4797.216936264584,,,hardening:multi_hotspot:r017,3,,,2022.4921198500208,2.0,catalog/geography,,,0.0,10000.0,Catalog + geography,2.0,,0.2722053208584736,0.4361481845092869,0.223351017265377,1282.5440679461258,1740.491228910576,moderate,457.9471609644502,,0.3198144624176389,3198.144624176389,457.9471609644502,,,,0.0,,3198.144624176389,0.045794716096445,,40017,"[""C001"", ""C002""]",,,2.0,0.0,3.0,3198.144624176388,multi_hotspot,2740.1974632119386,,6801.85537582361,717.705343361918,2.0,0.0,48.0,7196.562712489904,4797.708474993269,0.6665983647914072,0.6665983647914069
,,greedy_local_search,3078.847843759583,2,exp3:multi_hotspot:f2.0:v2.0:r017,1.0,3.0,6016.766570893678,,,hardening:multi_hotspot:r017,3,,,1914.0883387932947,2.0,truthful resolved feasibility,,,1.0,10000.0,Current feasibility,3.0,,0.3735171589356108,0.4297613397959221,0.4130929047165715,0.0,1097.310649788406,moderate,1097.310649788406,,0.4011177713929119,4011.177713929119,1097.310649788406,,,,1.0,,4011.177713929119,0.1097310649788406,,40017,"[""L003"", ""R003"", ""C001""]",,,3.0,0.0,3.0,4011.177713929119,multi_hotspot,2913.867064140713,,5988.822286070879,999.7787253474183,2.0,0.0,48.0,6016.766570893678,4011.177713929119,1.0,1.0
,,greedy_local_search,3144.247219381794,2,exp3:multi_hotspot:f2.0:v2.0:r018,1.0,3.0,3946.76664385869,,,hardening:multi_hotspot:r018,3,,,2175.124050164314,2.0,catalog/geography,,,0.0,10000.000000000002,Catalog + geography,3.0,,0.1592920391941664,0.198673358088509,0.6095034164444648,1191.4000618074128,938.9352461612972,moderate,-252.46481564611577,,0.2631177762572459,2631.17776257246,-252.46481564611577,,,,2.0,,2631.17776257246,-0.0252464815646115,,40018,"[""R002"", ""R007"", ""C001""]",,,3.0,0.0,3.0,2631.1777625724603,multi_hotspot,2883.642578218576,,7368.822237427541,708.5185280542615,2.0,0.0,48.0,6076.516869514995,4051.0112463433315,0.6495113448395159,0.6495113448395158
,,greedy_local_search,3144.247219381794,2,exp3:multi_hotspot:f2.0:v2.0:r018,0.0,3.0,4615.6744630225085,,,hardening:multi_hotspot:r018,3,,,1757.195513597278,2.0,truthful resolved feasibility,,,0.0,10000.000000000002,Current feasibility,3.0,,0.2172264546664984,0.2806355533198192,0.5586864130315311,0.0,440.6325647532362,moderate,440.6325647532362,,0.3077116308681671,3077.1163086816723,440.6325647532362,,,,3.0,,3077.1163086816723,0.0440632564753236,,40018,"[""R002"", ""R003"", ""R007""]",,,3.0,0.0,3.0,3077.1163086816723,multi_hotspot,2636.483743928436,,6922.883691318329,879.288230331158,2.0,0.0,48.0,4683.579521071868,3122.3863473812467,0.9855014614903306,0.9855014614903301
,,greedy_local_search,3139.3042522037977,2,exp3:multi_hotspot:f2.0:v2.0:r019,2.0,3.0,5152.584188226621,,,hardening:multi_hotspot:r019,3,,,2294.397235701928,2.0,catalog/geography,,,0.0,9999.999999999998,Catalog + geography,2.0,,0.352090455587384,0.2669920577708854,0.4580884365715431,645.7070712746968,1111.0708404601796,moderate,465.36376918548285,,0.3435056125484413,3435.0561254844133,465.36376918548285,,,,0.0,,3435.0561254844133,0.0465363769185482,,40019,"[""C001"", ""C002""]",,,2.0,0.0,3.0,3435.0561254844133,multi_hotspot,2969.6923562989305,,6564.943874515586,675.2951205970024,2.0,0.0,48.0,6793.378243137717,4528.918828758477,0.7584715591880178,0.7584715591880178
,,greedy_local_search,3139.3042522037977,2,exp3:multi_hotspot:f2.0:v2.0:r019,1.0,3.0,5440.767536812901,,,hardening:multi_hotspot:r019,3,,,1967.9664209061896,2.0,truthful resolved feasibility,,,1.0,9999.999999999998,Current feasibility,3.0,,0.2750252389847269,0.4370605469947802,0.4299264339811324,0.0,752.9466598542185,moderate,752.9466598542185,,0.3627178357875267,3627.178357875267,752.9466598542185,,,,1.0,,3627.178357875268,0.0752946659854218,,40019,"[""L006"", ""R000"", ""C001""]",,,3.0,0.0,3.0,3627.178357875267,multi_hotspot,2874.231698021049,,6372.8216421247325,906.2652771148588,2.0,0.0,48.0,5479.455366254765,3652.9702441698428,0.9929394753938279,0.9929394753938279
,,greedy_local_search,3167.1915373627367,2,exp3:multi_hotspot:f4.0:v0.5:r000,1.0,3.0,3762.242055084506,,,hardening:multi_hotspot:r000,3,,,2117.6628657199635,4.0,catalog/geography,,,0.0,10000.0,Catalog + geography,1.0,,0.2553657500126395,0.388290141428417,0.0,2.929222125886099,252.89631029785096,moderate,249.9670881719649,,0.2508161370056337,2508.161370056337,249.9670881719649,,,,0.0,,2508.161370056337,0.0249967088171964,,40000,"[""C001""]",,,1.0,0.0,3.0,2508.161370056337,multi_hotspot,2258.1942818843727,,7491.838629943662,140.5314161644091,0.5,0.0,48.0,3763.6804602441935,2509.120306829463,0.9996178195320029,0.9996178195320026
,,greedy_local_search,3167.1915373627367,2,exp3:multi_hotspot:f4.0:v0.5:r000,1.0,3.0,3762.242055084506,,,hardening:multi_hotspot:r000,3,,,2117.6628657199635,4.0,truthful resolved feasibility,,,0.0,10000.0,Current feasibility,1.0,,0.2553657500126395,0.388290141428417,0.0,0.0,249.9670881719649,moderate,249.9670881719649,,0.2508161370056337,2508.161370056337,249.9670881719649,,,,0.0,,2508.161370056337,0.0249967088171964,,40000,"[""C001""]",,,1.0,0.0,3.0,2508.161370056337,multi_hotspot,2258.1942818843727,,7491.838629943662,140.5314161644091,0.5,0.0,48.0,3763.6804602441935,2509.120306829463,0.9996178195320029,0.9996178195320026
,,greedy_local_search,3142.794055820548,2,exp3:multi_hotspot:f4.0:v0.5:r001,0.0,3.0,0.0,,,hardening:multi_hotspot:r001,3,,,0.0,4.0,catalog/geography,,,0.0,10000.0,Catalog + geography,0.0,,0.0,0.0,0.0,0.0,0.0,moderate,0.0,,0.0,0.0,0.0,,,,0.0,,0.0,0.0,,40001,[],,,0.0,0.0,3.0,0.0,multi_hotspot,0.0,,10000.0,0.0,0.5,1.0,48.0,0.0,0.0,0.0,0.0
,,greedy_local_search,3142.794055820548,2,exp3:multi_hotspot:f4.0:v0.5:r001,0.0,3.0,0.0,,,hardening:multi_hotspot:r001,3,,,0.0,4.0,truthful resolved feasibility,,,0.0,10000.0,Current feasibility,0.0,,0.0,0.0,0.0,0.0,0.0,moderate,0.0,,0.0,0.0,0.0,,,,0.0,,0.0,0.0,,40001,[],,,0.0,0.0,3.0,0.0,multi_hotspot,0.0,,10000.0,0.0,0.5,1.0,48.0,0.0,0.0,0.0,0.0
,,greedy_local_search,3131.918120974454,2,exp3:multi_hotspot:f4.0:v0.5:r002,0.0,3.0,0.0,,,hardening:multi_hotspot:r002,3,,,0.0,4.0,catalog/geography,,,0.0,10000.000000000002,Catalog + geography,0.0,,0.0,0.0,0.0,0.0,0.0,moderate,0.0,,0.0,0.0,0.0,,,,0.0,,0.0,0.0,,40002,[],,,0.0,0.0,3.0,0.0,multi_hotspot,0.0,,10000.0,0.0,0.5,1.0,48.0,0.0,0.0,0.0,0.0
,,greedy_local_search,3131.918120974454,2,exp3:multi_hotspot:f4.0:v0.5:r002,0.0,3.0,0.0,,,hardening:multi_hotspot:r002,3,,,0.0,4.0,truthful resolved feasibility,,,0.0,10000.000000000002,Current feasibility,0.0,,0.0,0.0,0.0,0.0,0.0,moderate,0.0,,0.0,0.0,0.0,,,,0.0,,0.0,0.0,,40002,[],,,0.0,0.0,3.0,0.0,multi_hotspot,0.0,,10000.0,0.0,0.5,1.0,48.0,0.0,0.0,0.0,0.0
,,greedy_local_search,3097.6906149428264,2,exp3:multi_hotspot:f4.0:v0.5:r003,0.0,3.0,0.0,,,hardening:multi_hotspot:r003,3,,,0.0,4.0,catalog/geography,,,0.0,10000.000000000002,Catalog + geography,0.0,,0.0,0.0,0.0,0.0,0.0,moderate,0.0,,0.0,0.0,0.0,,,,0.0,,0.0,0.0,,40003,[],,,0.0,0.0,3.0,0.0,multi_hotspot,0.0,,10000.0,0.0,0.5,1.0,48.0,0.0,0.0,0.0,0.0
,,greedy_local_search,3097.6906149428264,2,exp3:multi_hotspot:f4.0:v0.5:r003,0.0,3.0,0.0,,,hardening:multi_hotspot:r003,3,,,0.0,4.0,truthful resolved feasibility,,,0.0,10000.000000000002,Current feasibility,0.0,,0.0,0.0,0.0,0.0,0.0,moderate,0.0,,0.0,0.0,0.0,,,,0.0,,0.0,0.0,,40003,[],,,0.0,0.0,3.0,0.0,multi_hotspot,0.0,,10000.0,0.0,0.5,1.0,48.0,0.0,0.0,0.0,0.0
,,greedy_local_search,3168.841656308462,2,exp3:multi_hotspot:f4.0:v0.5:r004,0.0,3.0,0.0,,,hardening:multi_hotspot:r004,3,,,0.0,4.0,catalog/geography,,,0.0,10000.0,Catalog + geography,0.0,,0.0,0.0,0.0,0.0,0.0,moderate,0.0,,0.0,0.0,0.0,,,,0.0,,0.0,0.0,,40004,[],,,0.0,0.0,3.0,0.0,multi_hotspot,0.0,,10000.0,0.0,0.5,1.0,48.0,0.0,0.0,0.0,0.0
,,greedy_local_search,3168.841656308462,2,exp3:multi_hotspot:f4.0:v0.5:r004,0.0,3.0,0.0,,,hardening:multi_hotspot:r004,3,,,0.0,4.0,truthful resolved feasibility,,,0.0,10000.0,Current feasibility,0.0,,0.0,0.0,0.0,0.0,0.0,moderate,0.0,,0.0,0.0,0.0,,,,0.0,,0.0,0.0,,40004,[],,,0.0,0.0,3.0,0.0,multi_hotspot,0.0,,10000.0,0.0,0.5,1.0,48.0,0.0,0.0,0.0,0.0
,,greedy_local_search,3121.037067074452,2,exp3:multi_hotspot:f4.0:v0.5:r005,1.0,3.0,848.1114436492536,,,hardening:multi_hotspot:r005,3,,,2076.591140114503,4.0,catalog/geography,,,0.0,10000.0,Catalog + geography,0.0,,0.0,0.0,0.2827038145497512,1746.969242919857,203.77781196750905,moderate,-1543.191430952348,,0.0565407629099502,565.4076290995024,-1543.191430952348,,,,0.0,,565.4076290995024,-0.1543191430952347,,40005,"[""C002""]",,,1.0,0.0,3.0,565.4076290995025,multi_hotspot,2108.5990600518503,,9434.592370900496,32.007919937347346,0.5,0.0,48.0,3639.9884530633776,2426.658968708919,0.23299838847991167,0.23299838847991167
,,greedy_local_search,3121.037067074452,2,exp3:multi_hotspot:f4.0:v0.5:r005,1.0,3.0,3287.801140244025,,,hardening:multi_hotspot:r005,3,,,1929.6088010364608,4.0,truthful resolved feasibility,,,0.0,10000.0,Current feasibility,1.0,,0.1770906033183221,0.3985599176848288,0.0,0.0,135.76604363742263,moderate,135.76604363742263,,0.2191867426829349,2191.86742682935,135.76604363742263,,,,0.0,,2191.86742682935,0.0135766043637422,,40005,"[""C001""]",,,1.0,0.0,3.0,2191.86742682935,multi_hotspot,2056.101383191927,,7808.132573170649,126.49258215546632,0.5,0.0,48.0,3287.801140244026,2191.8674268293507,0.9999999999999998,0.9999999999999996
,,greedy_local_search,3057.222876742177,2,exp3:multi_hotspot:f4.0:v0.5:r006,1.0,3.0,111.13594828878762,,,hardening:multi_hotspot:r006,3,,,2184.8259415538173,4.0,catalog/geography,,,0.0,10000.0,Catalog + geography,0.0,,0.0164645849316722,0.0,0.0,2301.337117808571,187.05793165206296,moderate,-2114.279186156508,,0.0074090632192525,74.09063219252508,-2114.279186156508,,,,0.0,,74.09063219252508,-0.2114279186156508,,40006,"[""C002""]",,,1.0,0.0,3.0,74.09063219252508,multi_hotspot,2188.369818349033,,9925.909367807477,3.5438767952153896,0.5,0.0,48.0,3715.471942525607,2476.9812950170713,0.029911663984533418,0.029911663984533418
,,greedy_local_search,3057.222876742177,2,exp3:multi_hotspot:f4.0:v0.5:r006,0.0,3.0,0.0,,,hardening:multi_hotspot:r006,3,,,0.0,4.0,truthful resolved feasibility,,,0.0,10000.0,Current feasibility,0.0,,0.0,0.0,0.0,0.0,0.0,moderate,0.0,,0.0,0.0,0.0,,,,0.0,,0.0,0.0,,40006,[],,,0.0,0.0,3.0,0.0,multi_hotspot,0.0,,10000.0,0.0,0.5,1.0,48.0,0.0,0.0,0.0,0.0
,,greedy_local_search,3160.0896040703738,2,exp3:multi_hotspot:f4.0:v0.5:r007,1.0,3.0,2308.031586067465,,,hardening:multi_hotspot:r007,3,,,2270.3293897160997,4.0,catalog/geography,,,0.0,9999.999999999998,Catalog + geography,1.0,,0.1859679806938267,0.0562920965400859,0.2524047365162276,833.3604299526119,24.656072230141035,moderate,-808.7043577224708,,0.1538687724044976,1538.687724044977,-808.7043577224708,,,,0.0,,1538.687724044977,-0.0808704357722471,,40007,"[""C001""]",,,1.0,0.0,3.0,1538.687724044977,multi_hotspot,2347.3920817674475,,8461.312275955024,77.06269205134817,0.5,0.0,48.0,3623.3900019755933,2415.593334650394,0.6369812757691138,0.6369812757691142
,,greedy_local_search,3160.0896040703738,2,exp3:multi_hotspot:f4.0:v0.5:r007,0.0,3.0,0.0,,,hardening:multi_hotspot:r007,3,,,0.0,4.0,truthful resolved feasibility,,,0.0,9999.999999999998,Current feasibility,0.0,,0.0,0.0,0.0,0.0,0.0,moderate,0.0,,0.0,0.0,0.0,,,,0.0,,0.0,0.0,,40007,[],,,0.0,0.0,3.0,0.0,multi_hotspot,0.0,,10000.0,0.0,0.5,1.0,48.0,0.0,0.0,0.0,0.0
,,greedy_local_search,3111.814402771996,2,exp3:multi_hotspot:f4.0:v0.5:r008,1.0,3.0,0.0,,,hardening:multi_hotspot:r008,3,,,1977.3384923278825,4.0,catalog/geography,,,0.0,10000.0,Catalog + geography,0.0,,0.0,0.0,0.0,2215.794303228248,238.45581090036467,moderate,-1977.3384923278825,,0.0,0.0,-1977.3384923278825,,,,0.0,,0.0,-0.1977338492327882,,40008,"[""C002""]",,,1.0,1977.3384923278825,3.0,0.0,multi_hotspot,1977.3384923278825,,10000.0,0.0,0.5,0.0,48.0,3568.9524130130876,2379.3016086753923,0.0,0.0
,,greedy_local_search,3111.814402771996,2,exp3:multi_hotspot:f4.0:v0.5:r008,1.0,3.0,3495.5999387971606,,,hardening:multi_hotspot:r008,3,,,2004.609642854805,4.0,truthful resolved feasibility,,,0.0,10000.0,Current feasibility,1.0,,0.2733829908036789,0.1286623332658265,0.3249291670755794,0.0,203.3918690827959,moderate,203.3918690827959,,0.2330399959198107,2330.399959198107,203.3918690827959,,,,0.0,,2330.3999591981064,0.0203391869082795,,40008,"[""C001""]",,,1.0,0.0,3.0,2330.3999591981064,multi_hotspot,2127.0080901153106,,7669.600040801892,122.3984472605049,0.5,0.0,48.0,3495.59993879716,2330.399959198108,1.0000000000000002,0.9999999999999994
,,greedy_local_search,3134.181575541887,2,exp3:multi_hotspot:f4.0:v0.5:r009,1.0,3.0,3024.841741389445,,,hardening:multi_hotspot:r009,3,,,1941.829909552788,4.0,catalog/geography,,,0.0,9999.999999999998,Catalog + geography,1.0,,0.1373491549333975,0.3995685610645734,0.0,194.90669313773745,156.5514353161302,moderate,-38.35525782160721,,0.2016561160926296,2016.5611609262965,-38.35525782160721,,,,0.0,,2016.5611609262965,-0.0038355257821607,,40009,"[""C001""]",,,1.0,0.0,3.0,2016.561160926296,multi_hotspot,2054.916418747904,,7983.438839073706,113.08650919511533,0.5,0.0,48.0,3334.0384220168994,2222.692281344599,0.9072606126595241,0.907260612659524
,,greedy_local_search,3134.181575541887,2,exp3:multi_hotspot:f4.0:v0.5:r009,0.0,3.0,0.0,,,hardening:multi_hotspot:r009,3,,,0.0,4.0,truthful resolved feasibility,,,0.0,9999.999999999998,Current feasibility,0.0,,0.0,0.0,0.0,0.0,0.0,moderate,0.0,,0.0,0.0,0.0,,,,0.0,,0.0,0.0,,40009,[],,,0.0,0.0,3.0,0.0,multi_hotspot,0.0,,10000.000000000002,0.0,0.5,1.0,48.0,0.0,0.0,0.0,0.0
,,greedy_local_search,3131.0191729170765,2,exp3:multi_hotspot:f4.0:v0.5:r010,1.0,3.0,147.07663538871083,,,hardening:multi_hotspot:r010,3,,,1979.2503954373872,4.0,catalog/geography,,,0.0,10000.0,Catalog + geography,0.0,,0.0,0.0,0.0490255451295702,2077.233974694036,190.9306077681772,moderate,-1886.3033669258584,,0.009805109025914,98.05109025914057,-1886.3033669258584,,,,0.0,,98.05109025914057,-0.1886303366925858,,40010,"[""C002""]",,,1.0,0.0,3.0,98.05109025914057,multi_hotspot,1984.354457184999,,9901.94890974086,5.10406174761191,0.5,0.0,48.0,3425.106714076715,2283.404476051143,0.04294074540341946,0.042940745403419474
,,greedy_local_search,3131.0191729170765,2,exp3:multi_hotspot:f4.0:v0.5:r010,0.0,3.0,0.0,,,hardening:multi_hotspot:r010,3,,,0.0,4.0,truthful resolved feasibility,,,0.0,10000.0,Current feasibility,0.0,,0.0,0.0,0.0,0.0,0.0,moderate,0.0,,0.0,0.0,0.0,,,,0.0,,0.0,0.0,,40010,[],,,0.0,0.0,3.0,0.0,multi_hotspot,0.0,,10000.0,0.0,0.5,1.0,48.0,0.0,0.0,0.0,0.0
,,greedy_local_search,3086.135330375794,2,exp3:multi_hotspot:f4.0:v0.5:r011,1.0,3.0,3110.268662186306,,,hardening:multi_hotspot:r011,3,,,1950.3638107601148,4.0,catalog/geography,,,0.0,9999.999999999998,Catalog + geography,1.0,,0.1218192336838844,0.2613953475072919,0.3052210868022673,1.76367154157424,23.909932531669256,moderate,22.146260990095016,,0.2073512441457536,2073.5124414575366,22.146260990095016,,,,0.0,,2073.5124414575366,0.0022146260990095,,40011,"[""C001""]",,,1.0,0.0,3.0,2073.5124414575366,multi_hotspot,2051.3661804674416,,7926.487558542463,101.00236970732696,0.5,0.0,48.0,3110.2686621863063,2073.512441457537,0.9999999999999999,0.9999999999999998
,,greedy_local_search,3086.135330375794,2,exp3:multi_hotspot:f4.0:v0.5:r011,1.0,3.0,3110.268662186306,,,hardening:multi_hotspot:r011,3,,,1950.3638107601148,4.0,truthful resolved feasibility,,,0.0,9999.999999999998,Current feasibility,1.0,,0.1218192336838844,0.2613953475072919,0.3052210868022673,0.0,22.146260990095016,moderate,22.146260990095016,,0.2073512441457536,2073.5124414575366,22.146260990095016,,,,0.0,,2073.5124414575366,0.0022146260990095,,40011,"[""C001""]",,,1.0,0.0,3.0,2073.5124414575366,multi_hotspot,2051.3661804674416,,7926.487558542463,101.00236970732696,0.5,0.0,48.0,3110.2686621863063,2073.512441457537,0.9999999999999999,0.9999999999999998
,,greedy_local_search,3156.616877017109,2,exp3:multi_hotspot:f4.0:v0.5:r012,1.0,3.0,2589.0659447113926,,,hardening:multi_hotspot:r012,3,,,2125.7763523642243,4.0,catalog/geography,,,0.0,10000.0,Catalog + geography,1.0,,0.1614396875525628,0.0,0.4997826845771976,575.7042355225319,98.69724888728342,moderate,-477.0069866352485,,0.1726043963140928,1726.043963140928,-477.0069866352485,,,,0.0,,1726.0439631409283,-0.0477006986635248,,40012,"[""C001""]",,,1.0,0.0,3.0,1726.043963140928,multi_hotspot,2203.050949776177,,8273.956036859072,77.27459741195239,0.5,0.0,48.0,3491.6955625856463,2327.7970417237634,0.7414924635623603,0.7414924635623604
,,greedy_local_search,3156.616877017109,2,exp3:multi_hotspot:f4.0:v0.5:r012,0.0,3.0,0.0,,,hardening:multi_hotspot:r012,3,,,0.0,4.0,truthful resolved feasibility,,,0.0,10000.0,Current feasibility,0.0,,0.0,0.0,0.0,0.0,0.0,moderate,0.0,,0.0,0.0,0.0,,,,0.0,,0.0,0.0,,40012,[],,,0.0,0.0,3.0,0.0,multi_hotspot,0.0,,10000.0,0.0,0.5,1.0,48.0,0.0,0.0,0.0,0.0
,,greedy_local_search,3128.370898926705,2,exp3:multi_hotspot:f4.0:v0.5:r013,1.0,3.0,3114.11578469153,,,hardening:multi_hotspot:r013,3,,,1921.3565924278716,4.0,catalog/geography,,,0.0,9999.999999999998,Catalog + geography,1.0,,0.2352928996470397,0.0909353505767084,0.3494927071820972,0.0,73.68071099328722,moderate,73.68071099328722,,0.2076077189794353,2076.077189794353,73.68071099328722,,,,0.0,,2076.077189794353,0.0073680710993287,,40013,"[""C001""]",,,1.0,0.0,3.0,2076.077189794353,multi_hotspot,2002.396478801066,,7923.922810205647,81.03988637319465,0.5,0.0,48.0,3114.11578469153,2076.077189794353,1.0,1.0
,,greedy_local_search,3128.370898926705,2,exp3:multi_hotspot:f4.0:v0.5:r013,1.0,3.0,3114.11578469153,,,hardening:multi_hotspot:r013,3,,,1921.3565924278716,4.0,truthful resolved feasibility,,,0.0,9999.999999999998,Current feasibility,1.0,,0.2352928996470397,0.0909353505767084,0.3494927071820972,0.0,73.68071099328722,moderate,73.68071099328722,,0.2076077189794353,2076.077189794353,73.68071099328722,,,,0.0,,2076.077189794353,0.0073680710993287,,40013,"[""C001""]",,,1.0,0.0,3.0,2076.077189794353,multi_hotspot,2002.396478801066,,7923.922810205647,81.03988637319465,0.5,0.0,48.0,3114.11578469153,2076.077189794353,1.0,1.0
,,greedy_local_search,3172.528396547715,2,exp3:multi_hotspot:f4.0:v0.5:r014,1.0,3.0,2821.5310688272416,,,hardening:multi_hotspot:r014,3,,,2142.617138883392,4.0,catalog/geography,,,0.0,10000.0,Catalog + geography,1.0,,0.2926549945750683,0.1611637819896249,0.0,382.1533293785601,18.205895289529053,moderate,-363.9474340890311,,0.1881020712551494,1881.0207125514944,-363.9474340890311,,,,0.0,,1881.0207125514944,-0.0363947434089031,,40014,"[""C002""]",,,1.0,0.0,3.0,1881.0207125514944,multi_hotspot,2244.968146640525,,8118.979287448505,102.3510077571342,0.5,0.0,48.0,3427.5636042050323,2285.0424028033553,0.8231885370021164,0.8231885370021162
,,greedy_local_search,3172.528396547715,2,exp3:multi_hotspot:f4.0:v0.5:r014,0.0,3.0,0.0,,,hardening:multi_hotspot:r014,3,,,0.0,4.0,truthful resolved feasibility,,,0.0,10000.0,Current feasibility,0.0,,0.0,0.0,0.0,0.0,0.0,moderate,0.0,,0.0,0.0,0.0,,,,0.0,,0.0,0.0,,40014,[],,,0.0,0.0,3.0,0.0,multi_hotspot,0.0,,10000.0,0.0,0.5,1.0,48.0,0.0,0.0,0.0,0.0
,,greedy_local_search,3173.152608497909,2,exp3:multi_hotspot:f4.0:v0.5:r015,0.0,3.0,0.0,,,hardening:multi_hotspot:r015,3,,,0.0,4.0,catalog/geography,,,0.0,9999.999999999998,Catalog + geography,0.0,,0.0,0.0,0.0,0.0,0.0,moderate,0.0,,0.0,0.0,0.0,,,,0.0,,0.0,0.0,,40015,[],,,0.0,0.0,3.0,0.0,multi_hotspot,0.0,,10000.0,0.0,0.5,1.0,48.0,0.0,0.0,0.0,0.0
,,greedy_local_search,3173.152608497909,2,exp3:multi_hotspot:f4.0:v0.5:r015,0.0,3.0,0.0,,,hardening:multi_hotspot:r015,3,,,0.0,4.0,truthful resolved feasibility,,,0.0,9999.999999999998,Current feasibility,0.0,,0.0,0.0,0.0,0.0,0.0,moderate,0.0,,0.0,0.0,0.0,,,,0.0,,0.0,0.0,,40015,[],,,0.0,0.0,3.0,0.0,multi_hotspot,0.0,,10000.0,0.0,0.5,1.0,48.0,0.0,0.0,0.0,0.0
,,greedy_local_search,3177.084552498707,2,exp3:multi_hotspot:f4.0:v0.5:r016,0.0,3.0,0.0,,,hardening:multi_hotspot:r016,3,,,0.0,4.0,catalog/geography,,,0.0,10000.0,Catalog + geography,0.0,,0.0,0.0,0.0,0.0,0.0,moderate,0.0,,0.0,0.0,0.0,,,,0.0,,0.0,0.0,,40016,[],,,0.0,0.0,3.0,0.0,multi_hotspot,0.0,,10000.000000000002,0.0,0.5,1.0,48.0,0.0,0.0,0.0,0.0
,,greedy_local_search,3177.084552498707,2,exp3:multi_hotspot:f4.0:v0.5:r016,0.0,3.0,0.0,,,hardening:multi_hotspot:r016,3,,,0.0,4.0,truthful resolved feasibility,,,0.0,10000.0,Current feasibility,0.0,,0.0,0.0,0.0,0.0,0.0,moderate,0.0,,0.0,0.0,0.0,,,,0.0,,0.0,0.0,,40016,[],,,0.0,0.0,3.0,0.0,multi_hotspot,0.0,,10000.000000000002,0.0,0.5,1.0,48.0,0.0,0.0,0.0,0.0
,,greedy_local_search,3078.847843759583,2,exp3:multi_hotspot:f4.0:v0.5:r017,1.0,3.0,3710.585580567172,,,hardening:multi_hotspot:r017,3,,,2072.132998273775,4.0,catalog/geography,,,0.0,10000.0,Catalog + geography,1.0,,0.2449378790353844,0.2642289229108945,0.223351017265377,0.085695777894216,263.1258918930744,moderate,263.0401961151801,,0.2473723720378114,2473.723720378114,263.0401961151801,,,,0.0,,2473.723720378114,0.026304019611518,,40017,"[""C001""]",,,1.0,0.0,3.0,2473.723720378114,multi_hotspot,2210.6835242629345,,7526.276279621884,138.55052598915967,0.5,0.0,48.0,3710.5855805671713,2473.723720378114,1.0000000000000002,1.0
,,greedy_local_search,3078.847843759583,2,exp3:multi_hotspot:f4.0:v0.5:r017,1.0,3.0,3710.585580567172,,,hardening:multi_hotspot:r017,3,,,2072.132998273775,4.0,truthful resolved feasibility,,,0.0,10000.0,Current feasibility,1.0,,0.2449378790353844,0.2642289229108945,0.223351017265377,0.0,263.0401961151801,moderate,263.0401961151801,,0.2473723720378114,2473.723720378114,263.0401961151801,,,,0.0,,2473.723720378114,0.026304019611518,,40017,"[""C001""]",,,1.0,0.0,3.0,2473.723720378114,multi_hotspot,2210.6835242629345,,7526.276279621884,138.55052598915967,0.5,0.0,48.0,3710.5855805671713,2473.723720378114,1.0000000000000002,1.0
,,greedy_local_search,3144.247219381794,2,exp3:multi_hotspot:f4.0:v0.5:r018,0.0,3.0,0.0,,,hardening:multi_hotspot:r018,3,,,0.0,4.0,catalog/geography,,,0.0,10000.000000000002,Catalog + geography,0.0,,0.0,0.0,0.0,0.0,0.0,moderate,0.0,,0.0,0.0,0.0,,,,0.0,,0.0,0.0,,40018,[],,,0.0,0.0,3.0,0.0,multi_hotspot,0.0,,10000.000000000002,0.0,0.5,1.0,48.0,0.0,0.0,0.0,0.0
,,greedy_local_search,3144.247219381794,2,exp3:multi_hotspot:f4.0:v0.5:r018,0.0,3.0,0.0,,,hardening:multi_hotspot:r018,3,,,0.0,4.0,truthful resolved feasibility,,,0.0,10000.000000000002,Current feasibility,0.0,,0.0,0.0,0.0,0.0,0.0,moderate,0.0,,0.0,0.0,0.0,,,,0.0,,0.0,0.0,,40018,[],,,0.0,0.0,3.0,0.0,multi_hotspot,0.0,,10000.000000000002,0.0,0.5,1.0,48.0,0.0,0.0,0.0,0.0
,,greedy_local_search,3139.3042522037977,2,exp3:multi_hotspot:f4.0:v0.5:r019,0.0,3.0,0.0,,,hardening:multi_hotspot:r019,3,,,0.0,4.0,catalog/geography,,,0.0,9999.999999999998,Catalog + geography,0.0,,0.0,0.0,0.0,0.0,0.0,moderate,0.0,,0.0,0.0,0.0,,,,0.0,,0.0,0.0,,40019,[],,,0.0,0.0,3.0,0.0,multi_hotspot,0.0,,10000.0,0.0,0.5,1.0,48.0,0.0,0.0,0.0,0.0
,,greedy_local_search,3139.3042522037977,2,exp3:multi_hotspot:f4.0:v0.5:r019,0.0,3.0,0.0,,,hardening:multi_hotspot:r019,3,,,0.0,4.0,truthful resolved feasibility,,,0.0,9999.999999999998,Current feasibility,0.0,,0.0,0.0,0.0,0.0,0.0,moderate,0.0,,0.0,0.0,0.0,,,,0.0,,0.0,0.0,,40019,[],,,0.0,0.0,3.0,0.0,multi_hotspot,0.0,,10000.0,0.0,0.5,1.0,48.0,0.0,0.0,0.0,0.0
,,greedy_local_search,3167.1915373627367,2,exp3:multi_hotspot:f4.0:v1.0:r000,1.0,3.0,3762.242055084506,,,hardening:multi_hotspot:r000,3,,,2117.6628657199635,4.0,catalog/geography,,,0.0,10000.0,Catalog + geography,1.0,,0.2553657500126395,0.388290141428417,0.0,4.899507478646683,114.33517948620238,moderate,109.4356720075557,,0.2508161370056337,2508.161370056337,109.4356720075557,,,,0.0,,2508.161370056337,0.0109435672007555,,40000,"[""C001""]",,,1.0,0.0,3.0,2508.161370056337,multi_hotspot,2398.725698048782,,7491.838629943662,281.0628323288182,1.0,0.0,48.0,3763.6804602441935,2509.120306829463,0.9996178195320029,0.9996178195320026
,,greedy_local_search,3167.1915373627367,2,exp3:multi_hotspot:f4.0:v1.0:r000,1.0,3.0,3762.242055084506,,,hardening:multi_hotspot:r000,3,,,2117.6628657199635,4.0,truthful resolved feasibility,,,0.0,10000.0,Current feasibility,1.0,,0.2553657500126395,0.388290141428417,0.0,0.0,109.4356720075557,moderate,109.4356720075557,,0.2508161370056337,2508.161370056337,109.4356720075557,,,,0.0,,2508.161370056337,0.0109435672007555,,40000,"[""C001""]",,,1.0,0.0,3.0,2508.161370056337,multi_hotspot,2398.725698048782,,7491.838629943662,281.0628323288182,1.0,0.0,48.0,3763.6804602441935,2509.120306829463,0.9996178195320029,0.9996178195320026
,,greedy_local_search,3142.794055820548,2,exp3:multi_hotspot:f4.0:v1.0:r001,0.0,3.0,0.0,,,hardening:multi_hotspot:r001,3,,,0.0,4.0,catalog/geography,,,0.0,10000.0,Catalog + geography,0.0,,0.0,0.0,0.0,0.0,0.0,moderate,0.0,,0.0,0.0,0.0,,,,0.0,,0.0,0.0,,40001,[],,,0.0,0.0,3.0,0.0,multi_hotspot,0.0,,10000.0,0.0,1.0,1.0,48.0,0.0,0.0,0.0,0.0
,,greedy_local_search,3142.794055820548,2,exp3:multi_hotspot:f4.0:v1.0:r001,0.0,3.0,0.0,,,hardening:multi_hotspot:r001,3,,,0.0,4.0,truthful resolved feasibility,,,0.0,10000.0,Current feasibility,0.0,,0.0,0.0,0.0,0.0,0.0,moderate,0.0,,0.0,0.0,0.0,,,,0.0,,0.0,0.0,,40001,[],,,0.0,0.0,3.0,0.0,multi_hotspot,0.0,,10000.0,0.0,1.0,1.0,48.0,0.0,0.0,0.0,0.0
,,greedy_local_search,3131.918120974454,2,exp3:multi_hotspot:f4.0:v1.0:r002,0.0,3.0,0.0,,,hardening:multi_hotspot:r002,3,,,0.0,4.0,catalog/geography,,,0.0,10000.000000000002,Catalog + geography,0.0,,0.0,0.0,0.0,0.0,0.0,moderate,0.0,,0.0,0.0,0.0,,,,0.0,,0.0,0.0,,40002,[],,,0.0,0.0,3.0,0.0,multi_hotspot,0.0,,10000.0,0.0,1.0,1.0,48.0,0.0,0.0,0.0,0.0
,,greedy_local_search,3131.918120974454,2,exp3:multi_hotspot:f4.0:v1.0:r002,0.0,3.0,0.0,,,hardening:multi_hotspot:r002,3,,,0.0,4.0,truthful resolved feasibility,,,0.0,10000.000000000002,Current feasibility,0.0,,0.0,0.0,0.0,0.0,0.0,moderate,0.0,,0.0,0.0,0.0,,,,0.0,,0.0,0.0,,40002,[],,,0.0,0.0,3.0,0.0,multi_hotspot,0.0,,10000.0,0.0,1.0,1.0,48.0,0.0,0.0,0.0,0.0
,,greedy_local_search,3097.6906149428264,2,exp3:multi_hotspot:f4.0:v1.0:r003,0.0,3.0,0.0,,,hardening:multi_hotspot:r003,3,,,0.0,4.0,catalog/geography,,,0.0,10000.000000000002,Catalog + geography,0.0,,0.0,0.0,0.0,0.0,0.0,moderate,0.0,,0.0,0.0,0.0,,,,0.0,,0.0,0.0,,40003,[],,,0.0,0.0,3.0,0.0,multi_hotspot,0.0,,10000.0,0.0,1.0,1.0,48.0,0.0,0.0,0.0,0.0
,,greedy_local_search,3097.6906149428264,2,exp3:multi_hotspot:f4.0:v1.0:r003,0.0,3.0,0.0,,,hardening:multi_hotspot:r003,3,,,0.0,4.0,truthful resolved feasibility,,,0.0,10000.000000000002,Current feasibility,0.0,,0.0,0.0,0.0,0.0,0.0,moderate,0.0,,0.0,0.0,0.0,,,,0.0,,0.0,0.0,,40003,[],,,0.0,0.0,3.0,0.0,multi_hotspot,0.0,,10000.0,0.0,1.0,1.0,48.0,0.0,0.0,0.0,0.0
,,greedy_local_search,3168.841656308462,2,exp3:multi_hotspot:f4.0:v1.0:r004,0.0,3.0,0.0,,,hardening:multi_hotspot:r004,3,,,0.0,4.0,catalog/geography,,,0.0,10000.0,Catalog + geography,0.0,,0.0,0.0,0.0,0.0,0.0,moderate,0.0,,0.0,0.0,0.0,,,,0.0,,0.0,0.0,,40004,[],,,0.0,0.0,3.0,0.0,multi_hotspot,0.0,,10000.0,0.0,1.0,1.0,48.0,0.0,0.0,0.0,0.0
,,greedy_local_search,3168.841656308462,2,exp3:multi_hotspot:f4.0:v1.0:r004,0.0,3.0,0.0,,,hardening:multi_hotspot:r004,3,,,0.0,4.0,truthful resolved feasibility,,,0.0,10000.0,Current feasibility,0.0,,0.0,0.0,0.0,0.0,0.0,moderate,0.0,,0.0,0.0,0.0,,,,0.0,,0.0,0.0,,40004,[],,,0.0,0.0,3.0,0.0,multi_hotspot,0.0,,10000.0,0.0,1.0,1.0,48.0,0.0,0.0,0.0,0.0
,,greedy_local_search,3121.037067074452,2,exp3:multi_hotspot:f4.0:v1.0:r005,1.0,3.0,848.1114436492536,,,hardening:multi_hotspot:r005,3,,,2076.591140114503,4.0,catalog/geography,,,0.0,10000.0,Catalog + geography,0.0,,0.0,0.0,0.2827038145497512,1642.697369822669,67.49801893297354,moderate,-1575.1993508896956,,0.0565407629099502,565.4076290995024,-1575.1993508896956,,,,0.0,,565.4076290995024,-0.1575199350889695,,40005,"[""C002""]",,,1.0,0.0,3.0,565.4076290995025,multi_hotspot,2140.606979989198,,9434.592370900496,64.01583987469469,1.0,0.0,48.0,3639.9884530633776,2426.658968708919,0.23299838847991167,0.23299838847991167
,,greedy_local_search,3121.037067074452,2,exp3:multi_hotspot:f4.0:v1.0:r005,1.0,3.0,3287.801140244025,,,hardening:multi_hotspot:r005,3,,,1929.6088010364608,4.0,truthful resolved feasibility,,,0.0,10000.0,Current feasibility,1.0,,0.1770906033183221,0.3985599176848288,0.0,0.0,9.273461481956474,moderate,9.273461481956474,,0.2191867426829349,2191.86742682935,9.273461481956474,,,,0.0,,2191.86742682935,0.0009273461481956,,40005,"[""C001""]",,,1.0,0.0,3.0,2191.86742682935,multi_hotspot,2182.5939653473934,,7808.132573170649,252.98516431093265,1.0,0.0,48.0,3287.801140244026,2191.8674268293507,0.9999999999999998,0.9999999999999996
,,greedy_local_search,3057.222876742177,2,exp3:multi_hotspot:f4.0:v1.0:r006,1.0,3.0,111.13594828878762,,,hardening:multi_hotspot:r006,3,,,2184.8259415538173,4.0,catalog/geography,,,0.0,10000.0,Catalog + geography,0.0,,0.0164645849316722,0.0,0.0,2199.7835727925944,81.96050984087151,moderate,-2117.823062951723,,0.0074090632192525,74.09063219252508,-2117.823062951723,,,,0.0,,74.09063219252508,-0.2117823062951723,,40006,"[""C002""]",,,1.0,0.0,3.0,74.09063219252508,multi_hotspot,2191.913695144248,,9925.909367807477,7.087753590430779,1.0,0.0,48.0,3715.471942525607,2476.9812950170713,0.029911663984533418,0.029911663984533418
,,greedy_local_search,3057.222876742177,2,exp3:multi_hotspot:f4.0:v1.0:r006,0.0,3.0,0.0,,,hardening:multi_hotspot:r006,3,,,0.0,4.0,truthful resolved feasibility,,,0.0,10000.0,Current feasibility,0.0,,0.0,0.0,0.0,0.0,0.0,moderate,0.0,,0.0,0.0,0.0,,,,0.0,,0.0,0.0,,40006,[],,,0.0,0.0,3.0,0.0,multi_hotspot,0.0,,10000.0,0.0,1.0,1.0,48.0,0.0,0.0,0.0,0.0
,,greedy_local_search,3160.0896040703738,2,exp3:multi_hotspot:f4.0:v1.0:r007,0.0,3.0,0.0,,,hardening:multi_hotspot:r007,3,,,0.0,4.0,catalog/geography,,,0.0,9999.999999999998,Catalog + geography,0.0,,0.0,0.0,0.0,0.0,0.0,moderate,0.0,,0.0,0.0,0.0,,,,0.0,,0.0,0.0,,40007,[],,,0.0,0.0,3.0,0.0,multi_hotspot,0.0,,10000.0,0.0,1.0,1.0,48.0,0.0,0.0,0.0,0.0
,,greedy_local_search,3160.0896040703738,2,exp3:multi_hotspot:f4.0:v1.0:r007,0.0,3.0,0.0,,,hardening:multi_hotspot:r007,3,,,0.0,4.0,truthful resolved feasibility,,,0.0,9999.999999999998,Current feasibility,0.0,,0.0,0.0,0.0,0.0,0.0,moderate,0.0,,0.0,0.0,0.0,,,,0.0,,0.0,0.0,,40007,[],,,0.0,0.0,3.0,0.0,multi_hotspot,0.0,,10000.0,0.0,1.0,1.0,48.0,0.0,0.0,0.0,0.0
,,greedy_local_search,3111.814402771996,2,exp3:multi_hotspot:f4.0:v1.0:r008,1.0,3.0,0.0,,,hardening:multi_hotspot:r008,3,,,1977.3384923278825,4.0,catalog/geography,,,0.0,10000.0,Catalog + geography,0.0,,0.0,0.0,0.0,2126.2944658569622,148.95597352907998,moderate,-1977.3384923278825,,0.0,0.0,-1977.3384923278825,,,,0.0,,0.0,-0.1977338492327882,,40008,"[""C002""]",,,1.0,1977.3384923278825,3.0,0.0,multi_hotspot,1977.3384923278825,,10000.0,0.0,1.0,0.0,48.0,3568.9524130130876,2379.3016086753923,0.0,0.0
,,greedy_local_search,3111.814402771996,2,exp3:multi_hotspot:f4.0:v1.0:r008,1.0,3.0,3495.5999387971606,,,hardening:multi_hotspot:r008,3,,,2004.609642854805,4.0,truthful resolved feasibility,,,0.0,10000.0,Current feasibility,1.0,,0.2733829908036789,0.1286623332658265,0.3249291670755794,0.0,80.99342182229111,moderate,80.99342182229111,,0.2330399959198107,2330.399959198107,80.99342182229111,,,,0.0,,2330.3999591981064,0.0080993421822291,,40008,"[""C001""]",,,1.0,0.0,3.0,2330.3999591981064,multi_hotspot,2249.406537375816,,7669.600040801892,244.7968945210098,1.0,0.0,48.0,3495.59993879716,2330.399959198108,1.0000000000000002,0.9999999999999994
,,greedy_local_search,3134.181575541887,2,exp3:multi_hotspot:f4.0:v1.0:r009,1.0,3.0,3024.841741389445,,,hardening:multi_hotspot:r009,3,,,1941.829909552788,4.0,catalog/geography,,,0.0,9999.999999999998,Catalog + geography,1.0,,0.1373491549333975,0.3995685610645734,0.0,183.6822658571723,32.24049884045007,moderate,-151.44176701672222,,0.2016561160926296,2016.5611609262965,-151.44176701672222,,,,0.0,,2016.5611609262965,-0.0151441767016722,,40009,"[""C001""]",,,1.0,0.0,3.0,2016.561160926296,multi_hotspot,2168.0029279430187,,7983.438839073706,226.17301839023065,1.0,0.0,48.0,3334.0384220168994,2222.692281344599,0.9072606126595241,0.907260612659524
,,greedy_local_search,3134.181575541887,2,exp3:multi_hotspot:f4.0:v1.0:r009,0.0,3.0,0.0,,,hardening:multi_hotspot:r009,3,,,0.0,4.0,truthful resolved feasibility,,,0.0,9999.999999999998,Current feasibility,0.0,,0.0,0.0,0.0,0.0,0.0,moderate,0.0,,0.0,0.0,0.0,,,,0.0,,0.0,0.0,,40009,[],,,0.0,0.0,3.0,0.0,multi_hotspot,0.0,,10000.000000000002,0.0,1.0,1.0,48.0,0.0,0.0,0.0,0.0
,,greedy_local_search,3131.0191729170765,2,exp3:multi_hotspot:f4.0:v1.0:r010,1.0,3.0,147.07663538871083,,,hardening:multi_hotspot:r010,3,,,1979.2503954373872,4.0,catalog/geography,,,0.0,10000.0,Catalog + geography,0.0,,0.0,0.0,0.0490255451295702,1969.1145635960695,77.70713492259938,moderate,-1891.4074286734703,,0.009805109025914,98.05109025914057,-1891.4074286734703,,,,0.0,,98.05109025914057,-0.189140742867347,,40010,"[""C002""]",,,1.0,0.0,3.0,98.05109025914057,multi_hotspot,1989.458518932611,,9901.94890974086,10.20812349522382,1.0,0.0,48.0,3425.106714076715,2283.404476051143,0.04294074540341946,0.042940745403419474
,,greedy_local_search,3131.0191729170765,2,exp3:multi_hotspot:f4.0:v1.0:r010,0.0,3.0,0.0,,,hardening:multi_hotspot:r010,3,,,0.0,4.0,truthful resolved feasibility,,,0.0,10000.0,Current feasibility,0.0,,0.0,0.0,0.0,0.0,0.0,moderate,0.0,,0.0,0.0,0.0,,,,0.0,,0.0,0.0,,40010,[],,,0.0,0.0,3.0,0.0,multi_hotspot,0.0,,10000.0,0.0,1.0,1.0,48.0,0.0,0.0,0.0,0.0
,,greedy_local_search,3086.135330375794,2,exp3:multi_hotspot:f4.0:v1.0:r011,0.0,3.0,0.0,,,hardening:multi_hotspot:r011,3,,,0.0,4.0,catalog/geography,,,0.0,9999.999999999998,Catalog + geography,0.0,,0.0,0.0,0.0,0.0,0.0,moderate,0.0,,0.0,0.0,0.0,,,,0.0,,0.0,0.0,,40011,[],,,0.0,0.0,3.0,0.0,multi_hotspot,0.0,,10000.0,0.0,1.0,1.0,48.0,0.0,0.0,0.0,0.0
,,greedy_local_search,3086.135330375794,2,exp3:multi_hotspot:f4.0:v1.0:r011,0.0,3.0,0.0,,,hardening:multi_hotspot:r011,3,,,0.0,4.0,truthful resolved feasibility,,,0.0,9999.999999999998,Current feasibility,0.0,,0.0,0.0,0.0,0.0,0.0,moderate,0.0,,0.0,0.0,0.0,,,,0.0,,0.0,0.0,,40011,[],,,0.0,0.0,3.0,0.0,multi_hotspot,0.0,,10000.0,0.0,1.0,1.0,48.0,0.0,0.0,0.0,0.0
,,greedy_local_search,3156.616877017109,2,exp3:multi_hotspot:f4.0:v1.0:r012,0.0,3.0,0.0,,,hardening:multi_hotspot:r012,3,,,0.0,4.0,catalog/geography,,,0.0,10000.0,Catalog + geography,0.0,,0.0,0.0,0.0,0.0,0.0,moderate,0.0,,0.0,0.0,0.0,,,,0.0,,0.0,0.0,,40012,[],,,0.0,0.0,3.0,0.0,multi_hotspot,0.0,,10000.0,0.0,1.0,1.0,48.0,0.0,0.0,0.0,0.0
,,greedy_local_search,3156.616877017109,2,exp3:multi_hotspot:f4.0:v1.0:r012,0.0,3.0,0.0,,,hardening:multi_hotspot:r012,3,,,0.0,4.0,truthful resolved feasibility,,,0.0,10000.0,Current feasibility,0.0,,0.0,0.0,0.0,0.0,0.0,moderate,0.0,,0.0,0.0,0.0,,,,0.0,,0.0,0.0,,40012,[],,,0.0,0.0,3.0,0.0,multi_hotspot,0.0,,10000.0,0.0,1.0,1.0,48.0,0.0,0.0,0.0,0.0
,,greedy_local_search,3128.370898926705,2,exp3:multi_hotspot:f4.0:v1.0:r013,0.0,3.0,0.0,,,hardening:multi_hotspot:r013,3,,,0.0,4.0,catalog/geography,,,0.0,9999.999999999998,Catalog + geography,0.0,,0.0,0.0,0.0,0.0,0.0,moderate,0.0,,0.0,0.0,0.0,,,,0.0,,0.0,0.0,,40013,[],,,0.0,0.0,3.0,0.0,multi_hotspot,0.0,,10000.0,0.0,1.0,1.0,48.0,0.0,0.0,0.0,0.0
,,greedy_local_search,3128.370898926705,2,exp3:multi_hotspot:f4.0:v1.0:r013,0.0,3.0,0.0,,,hardening:multi_hotspot:r013,3,,,0.0,4.0,truthful resolved feasibility,,,0.0,9999.999999999998,Current feasibility,0.0,,0.0,0.0,0.0,0.0,0.0,moderate,0.0,,0.0,0.0,0.0,,,,0.0,,0.0,0.0,,40013,[],,,0.0,0.0,3.0,0.0,multi_hotspot,0.0,,10000.0,0.0,1.0,1.0,48.0,0.0,0.0,0.0,0.0
,,greedy_local_search,3172.528396547715,2,exp3:multi_hotspot:f4.0:v1.0:r014,0.0,3.0,0.0,,,hardening:multi_hotspot:r014,3,,,0.0,4.0,catalog/geography,,,0.0,10000.0,Catalog + geography,0.0,,0.0,0.0,0.0,0.0,0.0,moderate,0.0,,0.0,0.0,0.0,,,,0.0,,0.0,0.0,,40014,[],,,0.0,0.0,3.0,0.0,multi_hotspot,0.0,,10000.0,0.0,1.0,1.0,48.0,0.0,0.0,0.0,0.0
,,greedy_local_search,3172.528396547715,2,exp3:multi_hotspot:f4.0:v1.0:r014,0.0,3.0,0.0,,,hardening:multi_hotspot:r014,3,,,0.0,4.0,truthful resolved feasibility,,,0.0,10000.0,Current feasibility,0.0,,0.0,0.0,0.0,0.0,0.0,moderate,0.0,,0.0,0.0,0.0,,,,0.0,,0.0,0.0,,40014,[],,,0.0,0.0,3.0,0.0,multi_hotspot,0.0,,10000.0,0.0,1.0,1.0,48.0,0.0,0.0,0.0,0.0
,,greedy_local_search,3173.152608497909,2,exp3:multi_hotspot:f4.0:v1.0:r015,0.0,3.0,0.0,,,hardening:multi_hotspot:r015,3,,,0.0,4.0,catalog/geography,,,0.0,9999.999999999998,Catalog + geography,0.0,,0.0,0.0,0.0,0.0,0.0,moderate,0.0,,0.0,0.0,0.0,,,,0.0,,0.0,0.0,,40015,[],,,0.0,0.0,3.0,0.0,multi_hotspot,0.0,,10000.0,0.0,1.0,1.0,48.0,0.0,0.0,0.0,0.0
,,greedy_local_search,3173.152608497909,2,exp3:multi_hotspot:f4.0:v1.0:r015,0.0,3.0,0.0,,,hardening:multi_hotspot:r015,3,,,0.0,4.0,truthful resolved feasibility,,,0.0,9999.999999999998,Current feasibility,0.0,,0.0,0.0,0.0,0.0,0.0,moderate,0.0,,0.0,0.0,0.0,,,,0.0,,0.0,0.0,,40015,[],,,0.0,0.0,3.0,0.0,multi_hotspot,0.0,,10000.0,0.0,1.0,1.0,48.0,0.0,0.0,0.0,0.0
,,greedy_local_search,3177.084552498707,2,exp3:multi_hotspot:f4.0:v1.0:r016,0.0,3.0,0.0,,,hardening:multi_hotspot:r016,3,,,0.0,4.0,catalog/geography,,,0.0,10000.0,Catalog + geography,0.0,,0.0,0.0,0.0,0.0,0.0,moderate,0.0,,0.0,0.0,0.0,,,,0.0,,0.0,0.0,,40016,[],,,0.0,0.0,3.0,0.0,multi_hotspot,0.0,,10000.000000000002,0.0,1.0,1.0,48.0,0.0,0.0,0.0,0.0
,,greedy_local_search,3177.084552498707,2,exp3:multi_hotspot:f4.0:v1.0:r016,0.0,3.0,0.0,,,hardening:multi_hotspot:r016,3,,,0.0,4.0,truthful resolved feasibility,,,0.0,10000.0,Current feasibility,0.0,,0.0,0.0,0.0,0.0,0.0,moderate,0.0,,0.0,0.0,0.0,,,,0.0,,0.0,0.0,,40016,[],,,0.0,0.0,3.0,0.0,multi_hotspot,0.0,,10000.000000000002,0.0,1.0,1.0,48.0,0.0,0.0,0.0,0.0
,,greedy_local_search,3078.847843759583,2,exp3:multi_hotspot:f4.0:v1.0:r017,1.0,3.0,3710.585580567172,,,hardening:multi_hotspot:r017,3,,,2072.132998273775,4.0,catalog/geography,,,0.0,10000.0,Catalog + geography,1.0,,0.2449378790353844,0.2920949924437694,0.1745853955828459,0.1713915557893415,124.66106168180976,moderate,124.48967012602044,,0.2473723720378114,2473.723720378114,124.48967012602044,,,,0.0,,2473.723720378114,0.012448967012602,,40017,"[""C001""]",,,1.0,0.0,3.0,2473.723720378114,multi_hotspot,2349.234050252094,,7526.276279621884,277.10105197831933,1.0,0.0,48.0,3710.5855805671713,2473.723720378114,1.0000000000000002,1.0
,,greedy_local_search,3078.847843759583,2,exp3:multi_hotspot:f4.0:v1.0:r017,1.0,3.0,3710.585580567172,,,hardening:multi_hotspot:r017,3,,,2072.132998273775,4.0,truthful resolved feasibility,,,0.0,10000.0,Current feasibility,1.0,,0.2449378790353844,0.2920949924437694,0.1745853955828459,0.0,124.48967012602044,moderate,124.48967012602044,,0.2473723720378114,2473.723720378114,124.48967012602044,,,,0.0,,2473.723720378114,0.012448967012602,,40017,"[""C001""]",,,1.0,0.0,3.0,2473.723720378114,multi_hotspot,2349.234050252094,,7526.276279621884,277.10105197831933,1.0,0.0,48.0,3710.5855805671713,2473.723720378114,1.0000000000000002,1.0
,,greedy_local_search,3144.247219381794,2,exp3:multi_hotspot:f4.0:v1.0:r018,0.0,3.0,0.0,,,hardening:multi_hotspot:r018,3,,,0.0,4.0,catalog/geography,,,0.0,10000.000000000002,Catalog + geography,0.0,,0.0,0.0,0.0,0.0,0.0,moderate,0.0,,0.0,0.0,0.0,,,,0.0,,0.0,0.0,,40018,[],,,0.0,0.0,3.0,0.0,multi_hotspot,0.0,,10000.000000000002,0.0,1.0,1.0,48.0,0.0,0.0,0.0,0.0
,,greedy_local_search,3144.247219381794,2,exp3:multi_hotspot:f4.0:v1.0:r018,0.0,3.0,0.0,,,hardening:multi_hotspot:r018,3,,,0.0,4.0,truthful resolved feasibility,,,0.0,10000.000000000002,Current feasibility,0.0,,0.0,0.0,0.0,0.0,0.0,moderate,0.0,,0.0,0.0,0.0,,,,0.0,,0.0,0.0,,40018,[],,,0.0,0.0,3.0,0.0,multi_hotspot,0.0,,10000.000000000002,0.0,1.0,1.0,48.0,0.0,0.0,0.0,0.0
,,greedy_local_search,3139.3042522037977,2,exp3:multi_hotspot:f4.0:v1.0:r019,0.0,3.0,0.0,,,hardening:multi_hotspot:r019,3,,,0.0,4.0,catalog/geography,,,0.0,9999.999999999998,Catalog + geography,0.0,,0.0,0.0,0.0,0.0,0.0,moderate,0.0,,0.0,0.0,0.0,,,,0.0,,0.0,0.0,,40019,[],,,0.0,0.0,3.0,0.0,multi_hotspot,0.0,,10000.0,0.0,1.0,1.0,48.0,0.0,0.0,0.0,0.0
,,greedy_local_search,3139.3042522037977,2,exp3:multi_hotspot:f4.0:v1.0:r019,0.0,3.0,0.0,,,hardening:multi_hotspot:r019,3,,,0.0,4.0,truthful resolved feasibility,,,0.0,9999.999999999998,Current feasibility,0.0,,0.0,0.0,0.0,0.0,0.0,moderate,0.0,,0.0,0.0,0.0,,,,0.0,,0.0,0.0,,40019,[],,,0.0,0.0,3.0,0.0,multi_hotspot,0.0,,10000.0,0.0,1.0,1.0,48.0,0.0,0.0,0.0,0.0
,,greedy_local_search,3167.1915373627367,2,exp3:multi_hotspot:f4.0:v2.0:r000,0.0,3.0,0.0,,,hardening:multi_hotspot:r000,3,,,0.0,4.0,catalog/geography,,,0.0,10000.0,Catalog + geography,0.0,,0.0,0.0,0.0,0.0,0.0,moderate,0.0,,0.0,0.0,0.0,,,,0.0,,0.0,0.0,,40000,[],,,0.0,0.0,3.0,0.0,multi_hotspot,0.0,,10000.0,0.0,2.0,1.0,48.0,0.0,0.0,0.0,0.0
,,greedy_local_search,3167.1915373627367,2,exp3:multi_hotspot:f4.0:v2.0:r000,0.0,3.0,0.0,,,hardening:multi_hotspot:r000,3,,,0.0,4.0,truthful resolved feasibility,,,0.0,10000.0,Current feasibility,0.0,,0.0,0.0,0.0,0.0,0.0,moderate,0.0,,0.0,0.0,0.0,,,,0.0,,0.0,0.0,,40000,[],,,0.0,0.0,3.0,0.0,multi_hotspot,0.0,,10000.0,0.0,2.0,1.0,48.0,0.0,0.0,0.0,0.0
,,greedy_local_search,3142.794055820548,2,exp3:multi_hotspot:f4.0:v2.0:r001,0.0,3.0,0.0,,,hardening:multi_hotspot:r001,3,,,0.0,4.0,catalog/geography,,,0.0,10000.0,Catalog + geography,0.0,,0.0,0.0,0.0,0.0,0.0,moderate,0.0,,0.0,0.0,0.0,,,,0.0,,0.0,0.0,,40001,[],,,0.0,0.0,3.0,0.0,multi_hotspot,0.0,,10000.0,0.0,2.0,1.0,48.0,0.0,0.0,0.0,0.0
,,greedy_local_search,3142.794055820548,2,exp3:multi_hotspot:f4.0:v2.0:r001,0.0,3.0,0.0,,,hardening:multi_hotspot:r001,3,,,0.0,4.0,truthful resolved feasibility,,,0.0,10000.0,Current feasibility,0.0,,0.0,0.0,0.0,0.0,0.0,moderate,0.0,,0.0,0.0,0.0,,,,0.0,,0.0,0.0,,40001,[],,,0.0,0.0,3.0,0.0,multi_hotspot,0.0,,10000.0,0.0,2.0,1.0,48.0,0.0,0.0,0.0,0.0
,,greedy_local_search,3131.918120974454,2,exp3:multi_hotspot:f4.0:v2.0:r002,0.0,3.0,0.0,,,hardening:multi_hotspot:r002,3,,,0.0,4.0,catalog/geography,,,0.0,10000.000000000002,Catalog + geography,0.0,,0.0,0.0,0.0,0.0,0.0,moderate,0.0,,0.0,0.0,0.0,,,,0.0,,0.0,0.0,,40002,[],,,0.0,0.0,3.0,0.0,multi_hotspot,0.0,,10000.0,0.0,2.0,1.0,48.0,0.0,0.0,0.0,0.0
,,greedy_local_search,3131.918120974454,2,exp3:multi_hotspot:f4.0:v2.0:r002,0.0,3.0,0.0,,,hardening:multi_hotspot:r002,3,,,0.0,4.0,truthful resolved feasibility,,,0.0,10000.000000000002,Current feasibility,0.0,,0.0,0.0,0.0,0.0,0.0,moderate,0.0,,0.0,0.0,0.0,,,,0.0,,0.0,0.0,,40002,[],,,0.0,0.0,3.0,0.0,multi_hotspot,0.0,,10000.0,0.0,2.0,1.0,48.0,0.0,0.0,0.0,0.0
,,greedy_local_search,3097.6906149428264,2,exp3:multi_hotspot:f4.0:v2.0:r003,0.0,3.0,0.0,,,hardening:multi_hotspot:r003,3,,,0.0,4.0,catalog/geography,,,0.0,10000.000000000002,Catalog + geography,0.0,,0.0,0.0,0.0,0.0,0.0,moderate,0.0,,0.0,0.0,0.0,,,,0.0,,0.0,0.0,,40003,[],,,0.0,0.0,3.0,0.0,multi_hotspot,0.0,,10000.0,0.0,2.0,1.0,48.0,0.0,0.0,0.0,0.0
,,greedy_local_search,3097.6906149428264,2,exp3:multi_hotspot:f4.0:v2.0:r003,0.0,3.0,0.0,,,hardening:multi_hotspot:r003,3,,,0.0,4.0,truthful resolved feasibility,,,0.0,10000.000000000002,Current feasibility,0.0,,0.0,0.0,0.0,0.0,0.0,moderate,0.0,,0.0,0.0,0.0,,,,0.0,,0.0,0.0,,40003,[],,,0.0,0.0,3.0,0.0,multi_hotspot,0.0,,10000.0,0.0,2.0,1.0,48.0,0.0,0.0,0.0,0.0
,,greedy_local_search,3168.841656308462,2,exp3:multi_hotspot:f4.0:v2.0:r004,0.0,3.0,0.0,,,hardening:multi_hotspot:r004,3,,,0.0,4.0,catalog/geography,,,0.0,10000.0,Catalog + geography,0.0,,0.0,0.0,0.0,0.0,0.0,moderate,0.0,,0.0,0.0,0.0,,,,0.0,,0.0,0.0,,40004,[],,,0.0,0.0,3.0,0.0,multi_hotspot,0.0,,10000.0,0.0,2.0,1.0,48.0,0.0,0.0,0.0,0.0
,,greedy_local_search,3168.841656308462,2,exp3:multi_hotspot:f4.0:v2.0:r004,0.0,3.0,0.0,,,hardening:multi_hotspot:r004,3,,,0.0,4.0,truthful resolved feasibility,,,0.0,10000.0,Current feasibility,0.0,,0.0,0.0,0.0,0.0,0.0,moderate,0.0,,0.0,0.0,0.0,,,,0.0,,0.0,0.0,,40004,[],,,0.0,0.0,3.0,0.0,multi_hotspot,0.0,,10000.0,0.0,2.0,1.0,48.0,0.0,0.0,0.0,0.0
,,greedy_local_search,3121.037067074452,2,exp3:multi_hotspot:f4.0:v2.0:r005,0.0,3.0,0.0,,,hardening:multi_hotspot:r005,3,,,0.0,4.0,catalog/geography,,,0.0,10000.0,Catalog + geography,0.0,,0.0,0.0,0.0,0.0,0.0,moderate,0.0,,0.0,0.0,0.0,,,,0.0,,0.0,0.0,,40005,[],,,0.0,0.0,3.0,0.0,multi_hotspot,0.0,,10000.0,0.0,2.0,1.0,48.0,0.0,0.0,0.0,0.0
,,greedy_local_search,3121.037067074452,2,exp3:multi_hotspot:f4.0:v2.0:r005,0.0,3.0,0.0,,,hardening:multi_hotspot:r005,3,,,0.0,4.0,truthful resolved feasibility,,,0.0,10000.0,Current feasibility,0.0,,0.0,0.0,0.0,0.0,0.0,moderate,0.0,,0.0,0.0,0.0,,,,0.0,,0.0,0.0,,40005,[],,,0.0,0.0,3.0,0.0,multi_hotspot,0.0,,10000.0,0.0,2.0,1.0,48.0,0.0,0.0,0.0,0.0
,,greedy_local_search,3057.222876742177,2,exp3:multi_hotspot:f4.0:v2.0:r006,0.0,3.0,0.0,,,hardening:multi_hotspot:r006,3,,,0.0,4.0,catalog/geography,,,0.0,10000.0,Catalog + geography,0.0,,0.0,0.0,0.0,0.0,0.0,moderate,0.0,,0.0,0.0,0.0,,,,0.0,,0.0,0.0,,40006,[],,,0.0,0.0,3.0,0.0,multi_hotspot,0.0,,10000.0,0.0,2.0,1.0,48.0,0.0,0.0,0.0,0.0
,,greedy_local_search,3057.222876742177,2,exp3:multi_hotspot:f4.0:v2.0:r006,0.0,3.0,0.0,,,hardening:multi_hotspot:r006,3,,,0.0,4.0,truthful resolved feasibility,,,0.0,10000.0,Current feasibility,0.0,,0.0,0.0,0.0,0.0,0.0,moderate,0.0,,0.0,0.0,0.0,,,,0.0,,0.0,0.0,,40006,[],,,0.0,0.0,3.0,0.0,multi_hotspot,0.0,,10000.0,0.0,2.0,1.0,48.0,0.0,0.0,0.0,0.0
,,greedy_local_search,3160.0896040703738,2,exp3:multi_hotspot:f4.0:v2.0:r007,0.0,3.0,0.0,,,hardening:multi_hotspot:r007,3,,,0.0,4.0,catalog/geography,,,0.0,9999.999999999998,Catalog + geography,0.0,,0.0,0.0,0.0,0.0,0.0,moderate,0.0,,0.0,0.0,0.0,,,,0.0,,0.0,0.0,,40007,[],,,0.0,0.0,3.0,0.0,multi_hotspot,0.0,,10000.0,0.0,2.0,1.0,48.0,0.0,0.0,0.0,0.0
,,greedy_local_search,3160.0896040703738,2,exp3:multi_hotspot:f4.0:v2.0:r007,0.0,3.0,0.0,,,hardening:multi_hotspot:r007,3,,,0.0,4.0,truthful resolved feasibility,,,0.0,9999.999999999998,Current feasibility,0.0,,0.0,0.0,0.0,0.0,0.0,moderate,0.0,,0.0,0.0,0.0,,,,0.0,,0.0,0.0,,40007,[],,,0.0,0.0,3.0,0.0,multi_hotspot,0.0,,10000.0,0.0,2.0,1.0,48.0,0.0,0.0,0.0,0.0
,,greedy_local_search,3111.814402771996,2,exp3:multi_hotspot:f4.0:v2.0:r008,0.0,3.0,0.0,,,hardening:multi_hotspot:r008,3,,,0.0,4.0,catalog/geography,,,0.0,10000.0,Catalog + geography,0.0,,0.0,0.0,0.0,0.0,0.0,moderate,0.0,,0.0,0.0,0.0,,,,0.0,,0.0,0.0,,40008,[],,,0.0,0.0,3.0,0.0,multi_hotspot,0.0,,10000.0,0.0,2.0,1.0,48.0,0.0,0.0,0.0,0.0
,,greedy_local_search,3111.814402771996,2,exp3:multi_hotspot:f4.0:v2.0:r008,0.0,3.0,0.0,,,hardening:multi_hotspot:r008,3,,,0.0,4.0,truthful resolved feasibility,,,0.0,10000.0,Current feasibility,0.0,,0.0,0.0,0.0,0.0,0.0,moderate,0.0,,0.0,0.0,0.0,,,,0.0,,0.0,0.0,,40008,[],,,0.0,0.0,3.0,0.0,multi_hotspot,0.0,,10000.0,0.0,2.0,1.0,48.0,0.0,0.0,0.0,0.0
,,greedy_local_search,3134.181575541887,2,exp3:multi_hotspot:f4.0:v2.0:r009,0.0,3.0,0.0,,,hardening:multi_hotspot:r009,3,,,0.0,4.0,catalog/geography,,,0.0,9999.999999999998,Catalog + geography,0.0,,0.0,0.0,0.0,0.0,0.0,moderate,0.0,,0.0,0.0,0.0,,,,0.0,,0.0,0.0,,40009,[],,,0.0,0.0,3.0,0.0,multi_hotspot,0.0,,10000.000000000002,0.0,2.0,1.0,48.0,0.0,0.0,0.0,0.0
,,greedy_local_search,3134.181575541887,2,exp3:multi_hotspot:f4.0:v2.0:r009,0.0,3.0,0.0,,,hardening:multi_hotspot:r009,3,,,0.0,4.0,truthful resolved feasibility,,,0.0,9999.999999999998,Current feasibility,0.0,,0.0,0.0,0.0,0.0,0.0,moderate,0.0,,0.0,0.0,0.0,,,,0.0,,0.0,0.0,,40009,[],,,0.0,0.0,3.0,0.0,multi_hotspot,0.0,,10000.000000000002,0.0,2.0,1.0,48.0,0.0,0.0,0.0,0.0
,,greedy_local_search,3131.0191729170765,2,exp3:multi_hotspot:f4.0:v2.0:r010,0.0,3.0,0.0,,,hardening:multi_hotspot:r010,3,,,0.0,4.0,catalog/geography,,,0.0,10000.0,Catalog + geography,0.0,,0.0,0.0,0.0,0.0,0.0,moderate,0.0,,0.0,0.0,0.0,,,,0.0,,0.0,0.0,,40010,[],,,0.0,0.0,3.0,0.0,multi_hotspot,0.0,,10000.0,0.0,2.0,1.0,48.0,0.0,0.0,0.0,0.0
,,greedy_local_search,3131.0191729170765,2,exp3:multi_hotspot:f4.0:v2.0:r010,0.0,3.0,0.0,,,hardening:multi_hotspot:r010,3,,,0.0,4.0,truthful resolved feasibility,,,0.0,10000.0,Current feasibility,0.0,,0.0,0.0,0.0,0.0,0.0,moderate,0.0,,0.0,0.0,0.0,,,,0.0,,0.0,0.0,,40010,[],,,0.0,0.0,3.0,0.0,multi_hotspot,0.0,,10000.0,0.0,2.0,1.0,48.0,0.0,0.0,0.0,0.0
,,greedy_local_search,3086.135330375794,2,exp3:multi_hotspot:f4.0:v2.0:r011,0.0,3.0,0.0,,,hardening:multi_hotspot:r011,3,,,0.0,4.0,catalog/geography,,,0.0,9999.999999999998,Catalog + geography,0.0,,0.0,0.0,0.0,0.0,0.0,moderate,0.0,,0.0,0.0,0.0,,,,0.0,,0.0,0.0,,40011,[],,,0.0,0.0,3.0,0.0,multi_hotspot,0.0,,10000.0,0.0,2.0,1.0,48.0,0.0,0.0,0.0,0.0
,,greedy_local_search,3086.135330375794,2,exp3:multi_hotspot:f4.0:v2.0:r011,0.0,3.0,0.0,,,hardening:multi_hotspot:r011,3,,,0.0,4.0,truthful resolved feasibility,,,0.0,9999.999999999998,Current feasibility,0.0,,0.0,0.0,0.0,0.0,0.0,moderate,0.0,,0.0,0.0,0.0,,,,0.0,,0.0,0.0,,40011,[],,,0.0,0.0,3.0,0.0,multi_hotspot,0.0,,10000.0,0.0,2.0,1.0,48.0,0.0,0.0,0.0,0.0
,,greedy_local_search,3156.616877017109,2,exp3:multi_hotspot:f4.0:v2.0:r012,0.0,3.0,0.0,,,hardening:multi_hotspot:r012,3,,,0.0,4.0,catalog/geography,,,0.0,10000.0,Catalog + geography,0.0,,0.0,0.0,0.0,0.0,0.0,moderate,0.0,,0.0,0.0,0.0,,,,0.0,,0.0,0.0,,40012,[],,,0.0,0.0,3.0,0.0,multi_hotspot,0.0,,10000.0,0.0,2.0,1.0,48.0,0.0,0.0,0.0,0.0
,,greedy_local_search,3156.616877017109,2,exp3:multi_hotspot:f4.0:v2.0:r012,0.0,3.0,0.0,,,hardening:multi_hotspot:r012,3,,,0.0,4.0,truthful resolved feasibility,,,0.0,10000.0,Current feasibility,0.0,,0.0,0.0,0.0,0.0,0.0,moderate,0.0,,0.0,0.0,0.0,,,,0.0,,0.0,0.0,,40012,[],,,0.0,0.0,3.0,0.0,multi_hotspot,0.0,,10000.0,0.0,2.0,1.0,48.0,0.0,0.0,0.0,0.0
,,greedy_local_search,3128.370898926705,2,exp3:multi_hotspot:f4.0:v2.0:r013,0.0,3.0,0.0,,,hardening:multi_hotspot:r013,3,,,0.0,4.0,catalog/geography,,,0.0,9999.999999999998,Catalog + geography,0.0,,0.0,0.0,0.0,0.0,0.0,moderate,0.0,,0.0,0.0,0.0,,,,0.0,,0.0,0.0,,40013,[],,,0.0,0.0,3.0,0.0,multi_hotspot,0.0,,10000.0,0.0,2.0,1.0,48.0,0.0,0.0,0.0,0.0
,,greedy_local_search,3128.370898926705,2,exp3:multi_hotspot:f4.0:v2.0:r013,0.0,3.0,0.0,,,hardening:multi_hotspot:r013,3,,,0.0,4.0,truthful resolved feasibility,,,0.0,9999.999999999998,Current feasibility,0.0,,0.0,0.0,0.0,0.0,0.0,moderate,0.0,,0.0,0.0,0.0,,,,0.0,,0.0,0.0,,40013,[],,,0.0,0.0,3.0,0.0,multi_hotspot,0.0,,10000.0,0.0,2.0,1.0,48.0,0.0,0.0,0.0,0.0
,,greedy_local_search,3172.528396547715,2,exp3:multi_hotspot:f4.0:v2.0:r014,0.0,3.0,0.0,,,hardening:multi_hotspot:r014,3,,,0.0,4.0,catalog/geography,,,0.0,10000.0,Catalog + geography,0.0,,0.0,0.0,0.0,0.0,0.0,moderate,0.0,,0.0,0.0,0.0,,,,0.0,,0.0,0.0,,40014,[],,,0.0,0.0,3.0,0.0,multi_hotspot,0.0,,10000.0,0.0,2.0,1.0,48.0,0.0,0.0,0.0,0.0
,,greedy_local_search,3172.528396547715,2,exp3:multi_hotspot:f4.0:v2.0:r014,0.0,3.0,0.0,,,hardening:multi_hotspot:r014,3,,,0.0,4.0,truthful resolved feasibility,,,0.0,10000.0,Current feasibility,0.0,,0.0,0.0,0.0,0.0,0.0,moderate,0.0,,0.0,0.0,0.0,,,,0.0,,0.0,0.0,,40014,[],,,0.0,0.0,3.0,0.0,multi_hotspot,0.0,,10000.0,0.0,2.0,1.0,48.0,0.0,0.0,0.0,0.0
,,greedy_local_search,3173.152608497909,2,exp3:multi_hotspot:f4.0:v2.0:r015,0.0,3.0,0.0,,,hardening:multi_hotspot:r015,3,,,0.0,4.0,catalog/geography,,,0.0,9999.999999999998,Catalog + geography,0.0,,0.0,0.0,0.0,0.0,0.0,moderate,0.0,,0.0,0.0,0.0,,,,0.0,,0.0,0.0,,40015,[],,,0.0,0.0,3.0,0.0,multi_hotspot,0.0,,10000.0,0.0,2.0,1.0,48.0,0.0,0.0,0.0,0.0
,,greedy_local_search,3173.152608497909,2,exp3:multi_hotspot:f4.0:v2.0:r015,0.0,3.0,0.0,,,hardening:multi_hotspot:r015,3,,,0.0,4.0,truthful resolved feasibility,,,0.0,9999.999999999998,Current feasibility,0.0,,0.0,0.0,0.0,0.0,0.0,moderate,0.0,,0.0,0.0,0.0,,,,0.0,,0.0,0.0,,40015,[],,,0.0,0.0,3.0,0.0,multi_hotspot,0.0,,10000.0,0.0,2.0,1.0,48.0,0.0,0.0,0.0,0.0
,,greedy_local_search,3177.084552498707,2,exp3:multi_hotspot:f4.0:v2.0:r016,0.0,3.0,0.0,,,hardening:multi_hotspot:r016,3,,,0.0,4.0,catalog/geography,,,0.0,10000.0,Catalog + geography,0.0,,0.0,0.0,0.0,0.0,0.0,moderate,0.0,,0.0,0.0,0.0,,,,0.0,,0.0,0.0,,40016,[],,,0.0,0.0,3.0,0.0,multi_hotspot,0.0,,10000.000000000002,0.0,2.0,1.0,48.0,0.0,0.0,0.0,0.0
,,greedy_local_search,3177.084552498707,2,exp3:multi_hotspot:f4.0:v2.0:r016,0.0,3.0,0.0,,,hardening:multi_hotspot:r016,3,,,0.0,4.0,truthful resolved feasibility,,,0.0,10000.0,Current feasibility,0.0,,0.0,0.0,0.0,0.0,0.0,moderate,0.0,,0.0,0.0,0.0,,,,0.0,,0.0,0.0,,40016,[],,,0.0,0.0,3.0,0.0,multi_hotspot,0.0,,10000.000000000002,0.0,2.0,1.0,48.0,0.0,0.0,0.0,0.0
,,greedy_local_search,3078.847843759583,2,exp3:multi_hotspot:f4.0:v2.0:r017,0.0,3.0,0.0,,,hardening:multi_hotspot:r017,3,,,0.0,4.0,catalog/geography,,,0.0,10000.0,Catalog + geography,0.0,,0.0,0.0,0.0,0.0,0.0,moderate,0.0,,0.0,0.0,0.0,,,,0.0,,0.0,0.0,,40017,[],,,0.0,0.0,3.0,0.0,multi_hotspot,0.0,,9999.999999999998,0.0,2.0,1.0,48.0,0.0,0.0,0.0,0.0
,,greedy_local_search,3078.847843759583,2,exp3:multi_hotspot:f4.0:v2.0:r017,0.0,3.0,0.0,,,hardening:multi_hotspot:r017,3,,,0.0,4.0,truthful resolved feasibility,,,0.0,10000.0,Current feasibility,0.0,,0.0,0.0,0.0,0.0,0.0,moderate,0.0,,0.0,0.0,0.0,,,,0.0,,0.0,0.0,,40017,[],,,0.0,0.0,3.0,0.0,multi_hotspot,0.0,,9999.999999999998,0.0,2.0,1.0,48.0,0.0,0.0,0.0,0.0
,,greedy_local_search,3144.247219381794,2,exp3:multi_hotspot:f4.0:v2.0:r018,0.0,3.0,0.0,,,hardening:multi_hotspot:r018,3,,,0.0,4.0,catalog/geography,,,0.0,10000.000000000002,Catalog + geography,0.0,,0.0,0.0,0.0,0.0,0.0,moderate,0.0,,0.0,0.0,0.0,,,,0.0,,0.0,0.0,,40018,[],,,0.0,0.0,3.0,0.0,multi_hotspot,0.0,,10000.000000000002,0.0,2.0,1.0,48.0,0.0,0.0,0.0,0.0
,,greedy_local_search,3144.247219381794,2,exp3:multi_hotspot:f4.0:v2.0:r018,0.0,3.0,0.0,,,hardening:multi_hotspot:r018,3,,,0.0,4.0,truthful resolved feasibility,,,0.0,10000.000000000002,Current feasibility,0.0,,0.0,0.0,0.0,0.0,0.0,moderate,0.0,,0.0,0.0,0.0,,,,0.0,,0.0,0.0,,40018,[],,,0.0,0.0,3.0,0.0,multi_hotspot,0.0,,10000.000000000002,0.0,2.0,1.0,48.0,0.0,0.0,0.0,0.0
,,greedy_local_search,3139.3042522037977,2,exp3:multi_hotspot:f4.0:v2.0:r019,0.0,3.0,0.0,,,hardening:multi_hotspot:r019,3,,,0.0,4.0,catalog/geography,,,0.0,9999.999999999998,Catalog + geography,0.0,,0.0,0.0,0.0,0.0,0.0,moderate,0.0,,0.0,0.0,0.0,,,,0.0,,0.0,0.0,,40019,[],,,0.0,0.0,3.0,0.0,multi_hotspot,0.0,,10000.0,0.0,2.0,1.0,48.0,0.0,0.0,0.0,0.0
,,greedy_local_search,3139.3042522037977,2,exp3:multi_hotspot:f4.0:v2.0:r019,0.0,3.0,0.0,,,hardening:multi_hotspot:r019,3,,,0.0,4.0,truthful resolved feasibility,,,0.0,9999.999999999998,Current feasibility,0.0,,0.0,0.0,0.0,0.0,0.0,moderate,0.0,,0.0,0.0,0.0,,,,0.0,,0.0,0.0,,40019,[],,,0.0,0.0,3.0,0.0,multi_hotspot,0.0,,10000.0,0.0,2.0,1.0,48.0,0.0,0.0,0.0,0.0
,,greedy_local_search,3173.5643698667427,2,exp3:regular:f0.5:v0.5:r000,0.0,3.0,12694.2118816138,,,hardening:regular:r000,3,,,1578.9804225426922,0.5,catalog/geography,,,7.0,10000.000000000002,Catalog + geography,12.0,,0.8784027896896321,0.8480032953486342,0.7709919168761514,1417.3016000518835,7634.81559503975,moderate,6217.513994987867,,0.8462807921075868,8462.807921075868,6217.513994987867,,,,7.0,,8462.807921075866,0.6217513994987865,,40000,"[""L000"", ""L007"", ""L009"", ""L016"", ""L017"", ""L019"", ""L025"", ""R000"", ""R001"", ""R002"", ""R004"", ""R006"", ""R007"", ""R008""]",,,14.0,0.0,3.0,8462.807921075868,regular,2245.293926088,,1537.1920789241326,666.3135035453074,0.5,0.0,48.0,15009.620121695047,10006.413414463368,0.8457383850285103,0.8457383850285101
,,greedy_local_search,3173.5643698667427,2,exp3:regular:f0.5:v0.5:r000,1.0,3.0,14948.407035028384,,,hardening:regular:r000,3,,,1658.727783930599,0.5,truthful resolved feasibility,,,8.0,10000.000000000002,Current feasibility,13.0,,0.9923565977819828,1.0,1.0,0.0,7580.259763129396,moderate,7580.259763129396,,0.9965604690018924,9965.604690018925,7580.259763129396,,,,5.0,,9965.60469001892,0.7580259763129394,,40000,"[""L001"", ""L006"", ""L009"", ""L014"", ""L015"", ""L024"", ""L025"", ""L032"", ""R001"", ""R002"", ""R005"", ""R006"", ""R007"", ""C001""]",,,14.0,0.0,3.0,9965.604690018925,regular,2385.3449268895256,,34.39530998107708,726.6171429589272,0.5,0.0,48.0,15368.980998191204,10245.987332127474,0.9726348830015263,0.9726348830015262
,,greedy_local_search,3169.8463396134275,2,exp3:regular:f0.5:v0.5:r001,1.0,3.0,11660.551270921238,,,hardening:regular:r001,3,,,1589.1918971967912,0.5,catalog/geography,,,6.0,9999.999999999998,Catalog + geography,10.0,,0.7025583376706733,0.7954733939005387,0.9140157245554552,2111.7349345518096,7706.894837271774,moderate,5595.1599027199645,,0.7773700847280826,7773.700847280826,5595.1599027199645,,,,6.0,,7773.700847280825,0.5595159902719965,,40001,"[""L001"", ""L009"", ""L014"", ""L015"", ""L023"", ""L025"", ""R002"", ""R003"", ""R004"", ""R005"", ""R007"", ""R008"", ""C000""]",,,13.0,0.0,3.0,7773.700847280825,regular,2178.54094456086,,2226.299152719174,589.3490473640693,0.5,0.0,48.0,16132.347863615305,10754.898575743537,0.722805593426379,0.722805593426379
,,greedy_local_search,3169.8463396134275,2,exp3:regular:f0.5:v0.5:r001,1.0,3.0,15000.0,,,hardening:regular:r001,3,,,1551.1240474605383,0.5,truthful resolved feasibility,,,5.0,9999.999999999998,Current feasibility,11.0,,1.0,1.0,1.0,0.0,7725.844297851181,moderate,7725.844297851181,,1.0,10000.0,7725.844297851181,,,,6.0,,9999.999999999998,0.7725844297851182,,40001,"[""L000"", ""L001"", ""L002"", ""L015"", ""L026"", ""R000"", ""R002"", ""R004"", ""R005"", ""R007"", ""R008"", ""C001""]",,,12.0,0.0,3.0,10000.0,regular,2274.1557021488165,,1.4210854715202004e-14,723.0316546882783,0.5,0.0,48.0,15584.69642788581,10389.797618590539,0.9624826553028258,0.962482655302826
,,greedy_local_search,3160.6718778658683,2,exp3:regular:f0.5:v0.5:r002,2.0,3.0,9232.781672553214,,,hardening:regular:r002,3,,,1603.9614378480896,0.5,catalog/geography,,,6.0,10000.000000000002,Catalog + geography,6.0,,0.6122936642503232,0.5453453371119824,0.7455788063418753,3635.332893413115,7736.860246272734,moderate,4101.527352859619,,0.6155187781702142,6155.187781702143,4101.527352859619,,,,4.0,,6155.187781702143,0.4101527352859618,,40002,"[""L000"", ""L004"", ""L005"", ""L022"", ""L031"", ""L033"", ""R001"", ""R004"", ""R005"", ""R007"", ""C000"", ""C002""]",,,12.0,74.52691784292394,3.0,6155.187781702143,regular,2053.6604288425247,,3844.812218297858,449.6989909944352,0.5,0.0,48.0,16895.33610479663,11263.557403197752,0.5464692513534551,0.5464692513534551
,,greedy_local_search,3160.6718778658683,2,exp3:regular:f0.5:v0.5:r002,0.0,3.0,15000.0,,,hardening:regular:r002,3,,,1738.546585090691,0.5,truthful resolved feasibility,,,11.0,10000.000000000002,Current feasibility,17.0,,1.0,1.0,1.0,0.0,7421.272666792645,moderate,7421.272666792645,,1.0,10000.000000000002,7421.272666792645,,,,6.0,,10000.000000000002,0.7421272666792644,,40002,"[""L005"", ""L007"", ""L012"", ""L014"", ""L015"", ""L023"", ""L026"", ""L028"", ""L031"", ""L032"", ""L033"", ""R000"", ""R001"", ""R002"", ""R004"", ""R005"", ""R007""]",,,17.0,0.0,3.0,10000.000000000002,regular,2578.7273332073564,,-7.105427357601003e-14,840.1807481166655,0.5,0.0,48.0,15393.84105466148,10262.560703107654,0.9744156735630177,0.9744156735630177
,,greedy_local_search,3124.359200707915,2,exp3:regular:f0.5:v0.5:r003,2.0,3.0,12494.582798361174,,,hardening:regular:r003,3,,,1548.5133389547027,0.5,catalog/geography,,,4.0,10000.0,Catalog + geography,9.0,,0.8471108422893779,0.8397002200730922,0.7893861525080462,1575.198611008047,7809.463539977594,moderate,6234.264928969547,,0.8329721865574117,8329.721865574116,6234.264928969547,,,,5.0,,8329.721865574116,0.6234264928969547,,40003,"[""L013"", ""L021"", ""L025"", ""L030"", ""R000"", ""R002"", ""R003"", ""R006"", ""R007"", ""C000"", ""C001""]",,,11.0,0.0,3.0,8329.721865574118,regular,2095.456936604569,,1670.2781344258838,546.9435976498664,0.5,0.0,48.0,17006.118328442295,11337.412218961532,0.7347110349964052,0.7347110349964052
,,greedy_local_search,3124.359200707915,2,exp3:regular:f0.5:v0.5:r003,1.0,3.0,14989.2758952827,,,hardening:regular:r003,3,,,1646.2226941148845,0.5,truthful resolved feasibility,,,6.0,10000.0,Current feasibility,13.0,,1.0,1.0,0.9964252984275668,0.0,7663.358695105165,moderate,7663.358695105165,,0.9992850596855134,9992.850596855134,7663.358695105165,,,,6.0,,9992.850596855134,0.7663358695105165,,40003,"[""L006"", ""L017"", ""L021"", ""L022"", ""L023"", ""L025"", ""R000"", ""R001"", ""R002"", ""R003"", ""R006"", ""R007"", ""C001""]",,,13.0,0.0,3.0,9992.850596855133,regular,2329.4919017499697,,7.1494031448663975,683.2692076350852,0.5,0.0,48.0,15601.19278684197,10400.795191227979,0.9607775572086156,0.9607775572086156
,,greedy_local_search,3114.147193190104,2,exp3:regular:f0.5:v0.5:r004,1.0,3.0,11718.559808381076,,,hardening:regular:r004,3,,,1567.8084960224114,0.5,catalog/geography,,,4.0,10000.0,Catalog + geography,9.0,,0.785508886976685,0.804007397841344,0.731778660873799,2016.0738361681315,7719.65887066684,moderate,5703.585034498708,,0.7812373205587383,7812.373205587384,5703.585034498708,,,,7.0,,7812.373205587384,0.5703585034498708,,40004,"[""L000"", ""L009"", ""L030"", ""L033"", ""R000"", ""R001"", ""R003"", ""R004"", ""R005"", ""R006"", ""R008"", ""C001""]",,,12.0,70.35249018703455,3.0,7812.373205587384,regular,2108.788171088676,,2187.6267944126166,540.9796750662647,0.5,0.0,48.0,16305.033378150349,10870.022252100227,0.7187081152550474,0.7187081152550479
,,greedy_local_search,3114.147193190104,2,exp3:regular:f0.5:v0.5:r004,1.0,3.0,14306.35890801558,,,hardening:regular:r004,3,,,1750.780938349998,0.5,truthful resolved feasibility,,,10.0,10000.0,Current feasibility,14.0,,0.9622455383685672,0.9451681957893128,0.9496894987112856,0.0,7051.490797254822,moderate,7051.490797254822,,0.9537572605343716,9537.57260534372,7051.490797254822,,,,5.0,,9537.57260534372,0.7051490797254821,,40004,"[""L003"", ""L005"", ""L008"", ""L009"", ""L012"", ""L013"", ""L022"", ""L023"", ""L025"", ""L031"", ""R000"", ""R004"", ""R005"", ""R006"", ""R007"", ""C001""]",,,16.0,0.0,3.0,9537.57260534372,regular,2486.0818080888994,,462.4273946562817,735.3008697389016,0.5,0.0,48.0,16946.487183763344,11297.658122508892,0.8442079324689009,0.8442079324689011
,,greedy_local_search,3198.861412389728,2,exp3:regular:f0.5:v0.5:r005,1.0,3.0,11880.004540348047,,,hardening:regular:r005,3,,,1559.6007271510273,0.5,catalog/geography,,,3.0,9999.999999999996,Catalog + geography,5.0,,0.8214926317101596,0.6352246240579942,1.0,1895.9368436390569,7751.905022777327,moderate,5855.96817913827,,0.7920003026898698,7920.0030268986975,5855.96817913827,,,,7.0,,7920.0030268986975,0.5855968179138272,,40005,"[""L005"", ""L025"", ""L034"", ""R000"", ""R002"", ""R003"", ""R004"", ""R005"", ""R006"", ""R008"", ""C001""]",,,11.0,154.02818562507312,3.0,7920.003026898698,regular,2064.034847760428,,2079.996973101302,504.4341206094008,0.5,0.0,48.0,15856.445526144638,10570.963684096423,0.7492224231943974,0.7492224231943976
,,greedy_local_search,3198.861412389728,2,exp3:regular:f0.5:v0.5:r005,1.0,3.0,14209.174078715205,,,hardening:regular:r005,3,,,1621.216012653516,0.5,truthful resolved feasibility,,,6.0,9999.999999999996,Current feasibility,9.0,,0.9882196509652904,0.8645126542284747,1.0,0.0,7203.346559798999,moderate,7203.346559798999,,0.947278271914347,9472.78271914347,7203.346559798999,,,,6.0,,9472.78271914347,0.7203346559799002,,40005,"[""L001"", ""L009"", ""L015"", ""L028"", ""L029"", ""L030"", ""R000"", ""R001"", ""R002"", ""R004"", ""R006"", ""R007"", ""C001""]",,,13.0,0.0,3.0,9472.78271914347,regular,2269.436159344471,,527.217280856531,648.2201466909547,0.5,0.0,48.0,15445.454193767311,10296.96946251154,0.9199583191570384,0.9199583191570384
,,greedy_local_search,3122.879618156244,2,exp3:regular:f0.5:v0.5:r006,1.0,3.0,12798.83934802794,,,hardening:regular:r006,3,,,1498.897385916783,0.5,catalog/geography,,,7.0,10000.000000000002,Catalog + geography,10.0,,0.717704433562605,1.0,0.9014448071601192,1340.533353015575,7790.917384063833,moderate,6450.384031048258,,0.8532559565351961,8532.559565351961,6450.384031048258,,,,5.0,,8532.559565351961,0.6450384031048257,,40006,"[""L013"", ""L018"", ""L023"", ""L028"", ""L029"", ""L031"", ""L034"", ""R001"", ""R004"", ""R005"", ""R007"", ""R008"", ""C001""]",,,13.0,70.97768487309814,3.0,8532.55956535196,regular,2082.175534303703,,1467.4404346480394,583.2781483869198,0.5,0.0,48.0,16098.21813846258,10732.145425641724,0.7950469572435711,0.7950469572435708
,,greedy_local_search,3122.879618156244,2,exp3:regular:f0.5:v0.5:r006,1.0,3.0,14914.456660996526,,,hardening:regular:r006,3,,,1641.5576911220312,0.5,truthful resolved feasibility,,,10.0,10000.000000000002,Current feasibility,12.0,,0.9882457556084864,1.0,0.997932603546414,0.0,7563.723498548483,moderate,7563.723498548483,,0.9942971107331016,9942.971107331015,7563.723498548483,,,,4.0,,9942.971107331015,0.7563723498548481,,40006,"[""L002"", ""L006"", ""L008"", ""L013"", ""L014"", ""L017"", ""L024"", ""L026"", ""L027"", ""L034"", ""R001"", ""R002"", ""R004"", ""R007"", ""C001""]",,,15.0,0.0,3.0,9942.971107331015,regular,2379.2476087825344,,57.02889266898309,737.6899176605029,0.5,0.0,48.0,16018.003203102806,10678.668802068541,0.9311058608171264,0.9311058608171259
,,greedy_local_search,3115.6062898195664,2,exp3:regular:f0.5:v0.5:r007,1.0,3.0,11242.345255101534,,,hardening:regular:r007,3,,,1618.6272017299605,0.5,catalog/geography,,,7.0,9999.999999999998,Catalog + geography,9.0,,0.7068501182346546,0.7324753720763659,0.8752037512055654,2354.046829051038,7655.996895910677,moderate,5301.950066859639,,0.7494896836734357,7494.896836734357,5301.950066859639,,,,6.0,,7494.896836734357,0.530195006685964,,40007,"[""L015"", ""L025"", ""L027"", ""L029"", ""L030"", ""L032"", ""L034"", ""R000"", ""R003"", ""R004"", ""R006"", ""R007"", ""R008"", ""C002""]",,,14.0,0.0,3.0,7494.896836734356,regular,2192.946769874717,,2505.1031632656427,574.3195681447567,0.5,0.0,48.0,16709.613830864353,11139.742553909568,0.6728070061281597,0.6728070061281597
,,greedy_local_search,3115.6062898195664,2,exp3:regular:f0.5:v0.5:r007,1.0,3.0,14999.999999999998,,,hardening:regular:r007,3,,,1716.180792830004,0.5,truthful resolved feasibility,,,9.0,9999.999999999998,Current feasibility,14.0,,1.0,1.0,1.0,0.0,7510.672354660188,moderate,7510.672354660188,,1.0,10000.0,7510.672354660188,,,,5.0,,10000.0,0.751067235466019,,40007,"[""L003"", ""L007"", ""L008"", ""L009"", ""L015"", ""L029"", ""L030"", ""L033"", ""L034"", ""R000"", ""R001"", ""R004"", ""R005"", ""R007"", ""C001""]",,,15.0,0.0,3.0,10000.0,regular,2489.327645339812,,2.8421709430404014e-14,773.1468525098079,0.5,0.0,48.0,16007.86646862464,10671.91097908309,0.9370393006088565,0.9370393006088569
,,greedy_local_search,3204.768007661325,2,exp3:regular:f0.5:v0.5:r008,1.0,3.0,11235.406706955995,,,hardening:regular:r008,3,,,1588.2670724791103,0.5,catalog/geography,,,6.0,9999.999999999998,Catalog + geography,10.0,,0.6697798286309885,0.761571050471935,0.9053816162397218,2355.391010003369,7707.167175301319,moderate,5351.77616529795,,0.7490271137970663,7490.271137970663,5351.77616529795,,,,6.0,,7490.271137970663,0.5351776165297951,,40008,"[""L008"", ""L018"", ""L025"", ""L026"", ""L027"", ""L032"", ""R000"", ""R001"", ""R002"", ""R005"", ""R006"", ""R008"", ""C002""]",,,13.0,0.0,3.0,7490.2711379706625,regular,2138.494972672714,,2509.7288620293366,550.2279001936034,0.5,0.0,48.0,15871.650924843443,10581.100616562295,0.7078914953560081,0.7078914953560081
,,greedy_local_search,3204.768007661325,2,exp3:regular:f0.5:v0.5:r008,0.0,3.0,15000.0,,,hardening:regular:r008,3,,,1748.4225904375082,0.5,truthful resolved feasibility,,,11.0,9999.999999999998,Current feasibility,17.0,,1.0,1.0,1.0,0.0,7434.642547332784,moderate,7434.642547332784,,1.0,10000.0,7434.642547332784,,,,6.0,,10000.0,0.7434642547332786,,40008,"[""L003"", ""L006"", ""L008"", ""L009"", ""L010"", ""L016"", ""L021"", ""L025"", ""L027"", ""L030"", ""L032"", ""R000"", ""R001"", ""R003"", ""R004"", ""R005"", ""R008""]",,,17.0,0.0,3.0,10000.0,regular,2565.3574526672155,,2.8421709430404014e-14,816.9348622297073,0.5,0.0,48.0,15220.050292074313,10146.700194716208,0.9855420785180387,0.9855420785180388
,,greedy_local_search,3136.9553617898514,2,exp3:regular:f0.5:v0.5:r009,0.0,3.0,12515.531937750417,,,hardening:regular:r009,3,,,1471.269743890605,0.5,catalog/geography,,,4.0,9999.999999999998,Catalog + geography,11.0,,0.7624554386035417,0.8321824242240965,1.0,1548.855602643548,7804.902630966827,moderate,6256.047028323279,,0.8343687958500275,8343.687958500275,6256.047028323279,,,,8.0,,8343.687958500275,0.625604702832328,,40009,"[""L002"", ""L005"", ""L006"", ""L032"", ""R000"", ""R001"", ""R002"", ""R003"", ""R005"", ""R006"", ""R007"", ""R008""]",,,12.0,0.0,3.0,8343.687958500275,regular,2087.6409301769963,,1656.3120414997245,616.3711862863915,0.5,0.0,48.0,15036.34226830128,10024.228178867517,0.8323521581531776,0.8323521581531776
,,greedy_local_search,3136.9553617898514,2,exp3:regular:f0.5:v0.5:r009,1.0,3.0,14967.34383097654,,,hardening:regular:r009,3,,,1535.161634076057,0.5,truthful resolved feasibility,,,5.0,9999.999999999998,Current feasibility,12.0,,1.0,0.9937797773288652,1.0,0.0,7745.630814937017,moderate,7745.630814937017,,0.9978229220651028,9978.229220651028,7745.630814937017,,,,6.0,,9978.229220651028,0.7745630814937018,,40009,"[""L002"", ""L008"", ""L009"", ""L021"", ""L032"", ""R000"", ""R001"", ""R002"", ""R003"", ""R005"", ""R007"", ""C001""]",,,12.0,0.0,3.0,9978.229220651028,regular,2232.5984057140117,,21.770779348972184,697.436771637954,0.5,0.0,48.0,15249.659411691777,10166.439607794517,0.9814870894428772,0.9814870894428774
,,greedy_local_search,3156.668444536349,2,exp3:regular:f0.5:v0.5:r010,2.0,3.0,9880.376516981854,,,hardening:regular:r010,3,,,1568.4721330086168,0.5,catalog/geography,,,2.0,10000.0,Catalog + geography,5.0,,0.5529791470253723,0.7227967950122823,0.7843613669153702,3189.4261182822656,7762.121360712007,moderate,4572.6952424297415,,0.6586917677987904,6586.917677987904,4572.6952424297415,,,,6.0,,6586.917677987904,0.4572695242429741,,40010,"[""L017"", ""L029"", ""R000"", ""R003"", ""R004"", ""R005"", ""R006"", ""R008"", ""C000"", ""C001""]",,,10.0,68.17638721811618,3.0,6586.917677987904,regular,2014.2224355581616,,3413.0823220120965,445.7503025495447,0.5,0.0,48.0,17128.46038316055,11418.9735887737,0.5768397331668828,0.5768397331668829
,,greedy_local_search,3156.668444536349,2,exp3:regular:f0.5:v0.5:r010,1.0,3.0,14863.860619663488,,,hardening:regular:r010,3,,,1853.560130999519,0.5,truthful resolved feasibility,,,14.0,10000.0,Current feasibility,13.0,,0.9986559176713982,0.9832511382993452,0.9869548997699964,0.0,7248.473649462227,moderate,7248.473649462227,,0.9909240413108992,9909.240413108992,7248.473649462227,,,,3.0,,9909.240413108992,0.7248473649462227,,40010,"[""L000"", ""L007"", ""L009"", ""L013"", ""L014"", ""L015"", ""L016"", ""L017"", ""L021"", ""L022"", ""L025"", ""L028"", ""L030"", ""L033"", ""R000"", ""R004"", ""R007"", ""C001""]",,,18.0,0.0,3.0,9909.240413108992,regular,2660.7667636467654,,90.75958689100824,807.2066326472464,0.5,0.0,48.0,16527.135878037036,11018.090585358026,0.8993609497345587,0.8993609497345585
,,greedy_local_search,3160.557603079724,2,exp3:regular:f0.5:v0.5:r011,1.0,3.0,12137.172490086576,,,hardening:regular:r011,3,,,1492.0050072673062,0.5,catalog/geography,,,3.0,10000.000000000002,Catalog + geography,9.0,,0.6439414774019596,0.9124890509758764,1.0,1796.0881365070254,7799.772299078922,moderate,6003.684162571897,,0.8091448326724385,8091.448326724385,6003.684162571897,,,,7.0,,8091.448326724384,0.6003684162571896,,40011,"[""L014"", ""L018"", ""L026"", ""R000"", ""R001"", ""R002"", ""R003"", ""R004"", ""R005"", ""R008"", ""C000""]",,,11.0,67.96876994702205,3.0,8091.448326724385,regular,2087.764164152487,,1908.5516732756157,595.7591568851806,0.5,0.0,48.0,16369.052698980962,10912.701799320643,0.7414706711062249,0.7414706711062249
,,greedy_local_search,3160.557603079724,2,exp3:regular:f0.5:v0.5:r011,1.0,3.0,14977.420559254371,,,hardening:regular:r011,3,,,1673.9092798459064,0.5,truthful resolved feasibility,,,9.0,10000.000000000002,Current feasibility,12.0,,0.996654897667314,1.0,1.0,0.0,7561.970309303608,moderate,7561.970309303608,,0.9984947039502912,9984.947039502911,7561.970309303608,,,,5.0,,9984.947039502911,0.7561970309303606,,40011,"[""L007"", ""L010"", ""L012"", ""L014"", ""L017"", ""L020"", ""L023"", ""L026"", ""L030"", ""R000"", ""R001"", ""R002"", ""R004"", ""R008"", ""C001""]",,,15.0,0.0,3.0,9984.947039502917,regular,2422.9767301993056,,15.052960497086715,749.0674503533992,0.5,0.0,48.0,16039.345625903792,10692.897083935866,0.9337924943188208,0.9337924943188207
,,greedy_local_search,3192.099663508026,2,exp3:regular:f0.5:v0.5:r012,0.0,3.0,13996.41535878846,,,hardening:regular:r012,3,,,1599.89597623002,0.5,catalog/geography,,,5.0,9999.999999999998,Catalog + geography,12.0,,0.9101847560773034,0.972582688943471,0.9155363794378136,627.4970852721563,7631.839316624439,moderate,7004.342231352282,,0.933094357252564,9330.94357252564,7004.342231352282,,,,8.0,,9330.94357252564,0.7004342231352284,,40012,"[""L003"", ""L008"", ""L009"", ""L013"", ""L032"", ""R000"", ""R001"", ""R002"", ""R004"", ""R005"", ""R006"", ""R007"", ""R008""]",,,13.0,0.0,3.0,9330.94357252564,regular,2326.6013411733584,,669.0564274743588,726.7053649433385,0.5,0.0,48.0,15023.242331636082,10015.494887757386,0.9316507748340502,0.9316507748340506
,,greedy_local_search,3192.099663508026,2,exp3:regular:f0.5:v0.5:r012,1.0,3.0,14967.394670001471,,,hardening:regular:r012,3,,,1638.153208244417,0.5,truthful resolved feasibility,,,3.0,9999.999999999998,Current feasibility,11.0,,1.0,0.9965540576890504,0.9951619557113188,0.0,7619.552656659277,moderate,7619.552656659277,,0.9978263113334312,9978.263113334311,7619.552656659277,,,,7.0,,9978.263113334311,0.7619552656659279,,40012,"[""L000"", ""L001"", ""L035"", ""R000"", ""R001"", ""R002"", ""R004"", ""R005"", ""R006"", ""R007"", ""C001""]",,,11.0,0.0,3.0,9978.263113334311,regular,2358.710456675036,,21.736886665685887,720.5572484306188,0.5,0.0,48.0,15185.16259921825,10123.441732812165,0.9856591638190302,0.98565916381903
,,greedy_local_search,3184.1865156025765,2,exp3:regular:f0.5:v0.5:r013,1.0,3.0,11936.18289822336,,,hardening:regular:r013,3,,,1534.8130579116337,0.5,catalog/geography,,,3.0,9999.999999999998,Catalog + geography,9.0,,0.8136716685297025,0.7053557644804044,0.9135937907085816,1927.7718171237875,7780.580445092847,moderate,5852.80862796906,,0.7957455265482241,7957.45526548224,5852.80862796906,,,,7.0,,7957.455265482241,0.585280862796906,,40013,"[""L011"", ""L028"", ""L033"", ""R000"", ""R001"", ""R002"", ""R003"", ""R005"", ""R007"", ""R008"", ""C000""]",,,11.0,74.61315834421336,3.0,7957.45526548224,regular,2104.6466375131813,,2042.54473451776,569.8335796015476,0.5,0.0,48.0,15568.24631906519,10378.830879376794,0.7667005424757487,0.7667005424757487
,,greedy_local_search,3184.1865156025765,2,exp3:regular:f0.5:v0.5:r013,1.0,3.0,15000.000000000002,,,hardening:regular:r013,3,,,1569.592533576859,0.5,truthful resolved feasibility,,,7.0,9999.999999999998,Current feasibility,12.0,,1.0,1.0,1.0,0.0,7691.977110015998,moderate,7691.977110015998,,1.0,10000.0,7691.977110015998,,,,5.0,,10000.000000000002,0.7691977110016,,40013,"[""L001"", ""L009"", ""L014"", ""L023"", ""L028"", ""L030"", ""L033"", ""R002"", ""R004"", ""R005"", ""R006"", ""R008"", ""C001""]",,,13.0,0.0,3.0,10000.0,regular,2308.022889984004,,0.0,738.430356407145,0.5,0.0,48.0,15362.284757059668,10241.523171373112,0.9764172606621434,0.9764172606621433
,,greedy_local_search,3149.994846744082,2,exp3:regular:f0.5:v0.5:r014,1.0,3.0,11575.148597690895,,,hardening:regular:r014,3,,,1470.4960299568745,0.5,catalog/geography,,,3.0,10000.0,Catalog + geography,8.0,,0.7679460273887857,0.7984274782106173,0.7332562174036171,2135.96697296813,7846.277342730156,moderate,5710.310369762026,,0.7716765731793931,7716.765731793931,5710.310369762026,,,,7.0,,7716.76573179393,0.5710310369762026,,40014,"[""L004"", ""L017"", ""L023"", ""R000"", ""R001"", ""R002"", ""R004"", ""R005"", ""R006"", ""R007"", ""C000""]",,,11.0,68.65899369019951,3.0,7716.765731793931,regular,2006.455362031904,,2283.23426820607,535.9593320750298,0.5,0.0,48.0,16049.13561644021,10699.42374429347,0.7212319014759706,0.7212319014759708
,,greedy_local_search,3149.994846744082,2,exp3:regular:f0.5:v0.5:r014,1.0,3.0,14995.982730965125,,,hardening:regular:r014,3,,,1530.3534334327585,0.5,truthful resolved feasibility,,,3.0,10000.0,Current feasibility,10.0,,0.9994048490318702,1.0,1.0,0.0,7771.927859458994,moderate,7771.927859458994,,0.9997321820643416,9997.321820643416,7771.927859458994,,,,7.0,,9997.321820643416,0.7771927859458995,,40014,"[""L014"", ""L017"", ""L027"", ""R000"", ""R001"", ""R003"", ""R004"", ""R005"", ""R006"", ""R007"", ""C001""]",,,11.0,0.0,3.0,9997.321820643418,regular,2225.3939611844216,,2.67817935658448,695.0405277516634,0.5,0.0,48.0,15834.346226294256,10556.2308175295,0.9470541136749329,0.9470541136749333
,,greedy_local_search,3157.5449359068625,2,exp3:regular:f0.5:v0.5:r015,0.0,3.0,13347.589070745167,,,hardening:regular:r015,3,,,1523.3624413605478,0.5,catalog/geography,,,7.0,9999.999999999998,Catalog + geography,12.0,,1.0,0.7098094930408799,0.9570297440935158,1035.0406511517422,7728.06820853883,moderate,6693.027557387088,,0.8898392713830111,8898.392713830111,6693.027557387088,,,,7.0,,8898.392713830111,0.6693027557387089,,40015,"[""L000"", ""L004"", ""L009"", ""L013"", ""L022"", ""L028"", ""L035"", ""R000"", ""R001"", ""R002"", ""R004"", ""R005"", ""R006"", ""R008""]",,,14.0,0.0,3.0,8898.392713830111,regular,2205.365156443024,,1101.607286169888,682.0027150824758,0.5,0.0,48.0,15090.930931451714,10060.620620967806,0.884477513771323,0.8844775137713233
,,greedy_local_search,3157.5449359068625,2,exp3:regular:f0.5:v0.5:r015,1.0,3.0,15000.0,,,hardening:regular:r015,3,,,1641.1428881220215,0.5,truthful resolved feasibility,,,10.0,9999.999999999998,Current feasibility,15.0,,1.0,1.0,1.0,0.0,7568.393663756847,moderate,7568.393663756847,,1.0,10000.0,7568.393663756847,,,,4.0,,10000.0,0.7568393663756848,,40015,"[""L000"", ""L001"", ""L004"", ""L009"", ""L013"", ""L019"", ""L020"", ""L026"", ""L032"", ""L035"", ""R001"", ""R005"", ""R006"", ""R007"", ""C001""]",,,15.0,0.0,3.0,10000.0,regular,2431.606336243153,,-5.684341886080803e-14,790.4634481211315,0.5,0.0,48.0,15514.741487452324,10343.160991634877,0.9668224257639983,0.9668224257639989
,,greedy_local_search,3157.122265676465,2,exp3:regular:f0.5:v0.5:r016,1.0,3.0,13956.055140090137,,,hardening:regular:r016,3,,,1593.6216897147988,0.5,catalog/geography,,,8.0,10000.000000000002,Catalog + geography,13.0,,0.8638458250955531,1.0,0.9583652735650507,620.5525580987178,7627.464075475291,moderate,7006.911517376573,,0.9304036760060092,9304.036760060091,7006.911517376573,,,,5.0,,9304.036760060091,0.7006911517376572,,40016,"[""L000"", ""L001"", ""L018"", ""L020"", ""L023"", ""L025"", ""L028"", ""L035"", ""R001"", ""R002"", ""R004"", ""R005"", ""R008"", ""C001""]",,,14.0,0.0,3.0,9304.03676006009,regular,2297.1252426835185,,695.9632399399098,703.5035529687196,0.5,0.0,48.0,15994.138933067874,10662.75928871192,0.8725730843337868,0.8725730843337862
,,greedy_local_search,3157.122265676465,2,exp3:regular:f0.5:v0.5:r016,1.0,3.0,15000.0,,,hardening:regular:r016,3,,,1638.4278692001103,0.5,truthful resolved feasibility,,,10.0,10000.000000000002,Current feasibility,15.0,,1.0,1.0,1.0,0.0,7599.491860609846,moderate,7599.491860609846,,1.0,10000.0,7599.491860609846,,,,4.0,,10000.0,0.7599491860609845,,40016,"[""L000"", ""L001"", ""L008"", ""L014"", ""L018"", ""L020"", ""L021"", ""L023"", ""L027"", ""L034"", ""R000"", ""R002"", ""R004"", ""R005"", ""C001""]",,,15.0,0.0,3.0,10000.0,regular,2400.5081393901537,,-5.684341886080803e-14,762.0802701900434,0.5,0.0,48.0,15077.254673728083,10051.503115818725,0.9948760782118579,0.9948760782118576
,,greedy_local_search,3219.934328513683,2,exp3:regular:f0.5:v0.5:r017,2.0,3.0,12353.149478640536,,,hardening:regular:r017,3,,,1552.2573383695271,0.5,catalog/geography,,,2.0,10000.000000000002,Catalog + geography,10.0,,0.6507989465965254,0.9614123045521508,0.9709473300717324,1679.713728787885,7797.354278956451,moderate,6117.640550168566,,0.8235432985760357,8235.432985760357,6117.640550168566,,,,6.0,,8235.432985760357,0.6117640550168565,,40017,"[""L009"", ""L014"", ""R000"", ""R001"", ""R002"", ""R004"", ""R005"", ""R008"", ""C001"", ""C002""]",,,10.0,0.0,3.0,8235.432985760355,regular,2117.792435591791,,1764.5670142396432,565.5350972222643,0.5,0.0,48.0,16738.55981560128,11159.039877067524,0.7380055162886061,0.7380055162886056
,,greedy_local_search,3219.934328513683,2,exp3:regular:f0.5:v0.5:r017,0.0,3.0,15000.000000000002,,,hardening:regular:r017,3,,,1729.7982603098808,0.5,truthful resolved feasibility,,,9.0,10000.000000000002,Current feasibility,15.0,,1.0,1.0,1.0,0.0,7466.879740357724,moderate,7466.879740357724,,1.0,10000.0,7466.879740357724,,,,7.0,,10000.0,0.7466879740357723,,40017,"[""L000"", ""L001"", ""L002"", ""L009"", ""L013"", ""L020"", ""L024"", ""L025"", ""L026"", ""R000"", ""R001"", ""R002"", ""R004"", ""R005"", ""R007"", ""R008""]",,,16.0,0.0,3.0,10000.0,regular,2533.1202596422763,,-1.7053025658242404e-13,803.3219993323954,0.5,0.0,48.0,15468.15752163957,10312.105014426383,0.9697341120954692,0.9697341120954688
,,greedy_local_search,3175.553828239308,2,exp3:regular:f0.5:v0.5:r018,1.0,3.0,11631.030059186083,,,hardening:regular:r018,3,,,1514.2384349437193,0.5,catalog/geography,,,5.0,9999.999999999996,Catalog + geography,12.0,,0.8011646807498869,0.6753447509996342,0.8925361737920896,2123.574202111612,7782.519728904998,moderate,5658.945526793386,,0.7754020039457389,7754.0200394573885,5658.945526793386,,,,6.0,,7754.020039457389,0.5658945526793389,,40018,"[""L007"", ""L016"", ""L019"", ""L021"", ""L024"", ""R000"", ""R001"", ""R002"", ""R003"", ""R005"", ""R008"", ""C002""]",,,12.0,0.0,3.0,7754.020039457389,regular,2095.0745126640027,,2245.9799605426097,580.8360777202834,0.5,0.0,48.0,15659.624596810998,10439.74973120733,0.7427400310448491,0.7427400310448493
,,greedy_local_search,3175.553828239308,2,exp3:regular:f0.5:v0.5:r018,1.0,3.0,14980.593842993649,,,hardening:regular:r018,3,,,1603.2437429525542,0.5,truthful resolved feasibility,,,6.0,9999.999999999996,Current feasibility,13.0,,0.9971250137768368,1.0,1.0,0.0,7649.403579507295,moderate,7649.403579507295,,0.9987062561995764,9987.062561995765,7649.403579507295,,,,6.0,,9987.062561995765,0.7649403579507298,,40018,"[""L000"", ""L013"", ""L015"", ""L016"", ""L017"", ""L024"", ""R000"", ""R001"", ""R003"", ""R004"", ""R005"", ""R007"", ""C001""]",,,13.0,0.0,3.0,9987.062561995765,regular,2337.658982488469,,12.937438004234536,734.4152395359156,0.5,0.0,48.0,15444.362791079522,10296.241860719681,0.9699716359710392,0.9699716359710391
,,greedy_local_search,3116.235950464716,2,exp3:regular:f0.5:v0.5:r019,2.0,3.0,11243.653333764993,,,hardening:regular:r019,3,,,1566.2458876293615,0.5,catalog/geography,,,4.0,10000.000000000002,Catalog + geography,8.0,,0.7535038307909637,0.7927548442398369,0.6651798478889482,2334.3971159767425,7797.937211038167,moderate,5463.540095061425,,0.7495768889176662,7495.768889176661,5463.540095061425,,,,5.0,,7495.768889176663,0.5463540095061424,,40019,"[""L009"", ""L012"", ""L016"", ""L029"", ""R000"", ""R001"", ""R002"", ""R003"", ""R007"", ""C000"", ""C001""]",,,11.0,0.0,3.0,7495.768889176661,regular,2032.2287941152376,,2504.231110823338,465.9829064858761,0.5,0.0,48.0,17098.36496455318,11398.909976368795,0.6575864626281134,0.6575864626281128
,,greedy_local_search,3116.235950464716,2,exp3:regular:f0.5:v0.5:r019,1.0,3.0,14812.972156194,,,hardening:regular:r019,3,,,1577.9588263040732,0.5,truthful resolved feasibility,,,9.0,10000.000000000002,Current feasibility,14.0,,1.0,1.0,0.9376573853979993,0.0,7562.299929424993,moderate,7562.299929424993,,0.9875314770795998,9875.314770795998,7562.299929424993,,,,4.0,,9875.314770795998,0.7562299929424992,,40019,"[""L002"", ""L007"", ""L009"", ""L013"", ""L014"", ""L019"", ""L021"", ""L023"", ""L035"", ""R001"", ""R002"", ""R004"", ""R007"", ""C001""]",,,14.0,0.0,3.0,9875.314770795998,regular,2313.0148413710053,,124.68522920400127,735.056015066932,0.5,0.0,48.0,15248.514983289078,10165.676655526056,0.9714370332079949,0.9714370332079942
,,greedy_local_search,3173.5643698667427,2,exp3:regular:f0.5:v1.0:r000,2.0,3.0,12828.619153589489,,,hardening:regular:r000,3,,,1677.1255483409566,0.5,catalog/geography,,,5.0,10000.000000000002,Catalog + geography,9.0,,0.8256061011009845,0.95148855330958,0.7534876887608488,1287.589445486702,7020.485765575854,moderate,5732.896320089152,,0.8552412769059657,8552.412769059658,5732.896320089152,,,,5.0,,8552.412769059658,0.5732896320089151,,40000,"[""L000"", ""L014"", ""L017"", ""L023"", ""L033"", ""R000"", ""R001"", ""R002"", ""R006"", ""R007"", ""C000"", ""C001""]",,,12.0,0.0,3.0,8552.412769059658,regular,2819.5164489705057,,1447.587230940342,1142.3909006295494,1.0,0.0,48.0,16706.57236882361,11137.714912549078,0.7678785851686233,0.7678785851686228
,,greedy_local_search,3173.5643698667427,2,exp3:regular:f0.5:v1.0:r000,1.0,3.0,14948.407035028384,,,hardening:regular:r000,3,,,1730.587451559876,0.5,truthful resolved feasibility,,,7.0,10000.000000000002,Current feasibility,12.0,,0.9923565977819828,1.0,1.0,0.0,6826.814579007799,moderate,6826.814579007799,,0.9965604690018924,9965.604690018925,6826.814579007799,,,,6.0,,9965.60469001892,0.6826814579007797,,40000,"[""L001"", ""L006"", ""L014"", ""L015"", ""L017"", ""L024"", ""L025"", ""R001"", ""R002"", ""R004"", ""R005"", ""R006"", ""R007"", ""C001""]",,,14.0,0.0,3.0,9965.604690018925,regular,3138.7901110111225,,34.39530998107708,1408.2026594512463,1.0,0.0,48.0,16042.736365642988,10695.157577095328,0.9317866163431937,0.9317866163431937
,,greedy_local_search,3169.8463396134275,2,exp3:regular:f0.5:v1.0:r001,1.0,3.0,11531.372221164947,,,hardening:regular:r001,3,,,1599.1274393620238,0.5,catalog/geography,,,6.0,9999.999999999998,Catalog + geography,11.0,,0.6933024286921597,0.7917274473896715,0.8983372428990315,2066.04674561721,7008.9733374624175,moderate,4942.926591845207,,0.7687581480776632,7687.581480776632,4942.926591845207,,,,6.0,,7687.581480776631,0.4942926591845208,,40001,"[""L001"", ""L002"", ""L006"", ""L009"", ""L014"", ""L015"", ""R002"", ""R003"", ""R004"", ""R005"", ""R007"", ""R008"", ""C000""]",,,13.0,70.40085516702906,3.0,7687.581480776631,regular,2744.654888931424,,2312.418519223368,1145.5274495694002,1.0,0.0,48.0,16197.552048089496,10798.368032059661,0.7119206770831198,0.7119206770831199
,,greedy_local_search,3169.8463396134275,2,exp3:regular:f0.5:v1.0:r001,1.0,3.0,14999.999999999998,,,hardening:regular:r001,3,,,1551.1240474605383,0.5,truthful resolved feasibility,,,5.0,9999.999999999998,Current feasibility,11.0,,1.0,1.0,1.0,0.0,7002.812643162905,moderate,7002.812643162905,,1.0,10000.0,7002.812643162905,,,,6.0,,10000.0,0.7002812643162907,,40001,"[""L000"", ""L001"", ""L002"", ""L015"", ""L026"", ""R000"", ""R002"", ""R004"", ""R005"", ""R007"", ""R008"", ""C001""]",,,12.0,0.0,3.0,10000.0,regular,2997.1873568370947,,1.4210854715202004e-14,1446.0633093765566,1.0,0.0,48.0,15584.69642788581,10389.797618590539,0.9624826553028257,0.962482655302826
,,greedy_local_search,3160.6718778658683,2,exp3:regular:f0.5:v1.0:r002,3.0,3.0,8085.82457882761,,,hardening:regular:r002,3,,,1679.9892779342536,0.5,catalog/geography,,,5.0,10000.000000000002,Catalog + geography,6.0,,0.5661879708681804,0.3861560678936696,0.7455788063418753,4131.135204573229,7162.146778719178,moderate,3031.011574145949,,0.5390549719218406,5390.549719218407,3031.011574145949,,,,3.0,,5390.549719218407,0.3031011574145948,,40002,"[""L000"", ""L016"", ""L022"", ""L027"", ""L031"", ""R001"", ""R005"", ""R007"", ""C000"", ""C001"", ""C002""]",,,11.0,74.52691784292394,3.0,5390.549719218407,regular,2359.5381450724576,,4609.450280781595,679.5488671382041,1.0,0.0,48.0,17771.57062292979,11847.713748619863,0.45498649221216636,0.4549864922121663
,,greedy_local_search,3160.6718778658683,2,exp3:regular:f0.5:v1.0:r002,0.0,3.0,14161.28381173734,,,hardening:regular:r002,3,,,1598.7460994562352,0.5,truthful resolved feasibility,,,9.0,10000.000000000002,Current feasibility,15.0,,0.9388077601331604,0.9446339569670124,0.9550010522538968,0.0,6281.805494930455,moderate,6281.805494930455,,0.9440855874491556,9440.85587449156,6281.805494930455,,,,6.0,,9440.85587449156,0.6281805494930454,,40002,"[""L005"", ""L007"", ""L008"", ""L012"", ""L015"", ""L023"", ""L026"", ""L032"", ""L033"", ""R000"", ""R001"", ""R002"", ""R004"", ""R005"", ""R007""]",,,15.0,0.0,3.0,9440.855874491555,regular,3159.0503795611035,,559.1441255084419,1560.3042801048682,1.0,0.0,48.0,14169.841464294856,9446.56097619657,0.9993960657514003,0.9993960657513999
,,greedy_local_search,3124.359200707915,2,exp3:regular:f0.5:v1.0:r003,2.0,3.0,12667.08853809334,,,hardening:regular:r003,3,,,1557.8489875404102,0.5,catalog/geography,,,4.0,10000.0,Catalog + geography,9.0,,0.8704867282147102,0.8397526530051039,0.7942005647890823,1395.0360418302407,7170.525520980129,moderate,5775.489479149888,,0.8444725692062224,8444.725692062224,5775.489479149888,,,,5.0,,8444.725692062226,0.5775489479149888,,40003,"[""L003"", ""L021"", ""L025"", ""L030"", ""R000"", ""R002"", ""R003"", ""R006"", ""R007"", ""C000"", ""C001""]",,,11.0,0.0,3.0,8444.725692062226,regular,2669.2362129123376,,1555.2743079377751,1111.3872253719271,1.0,0.0,48.0,17073.5542017399,11382.3694678266,0.7419128078676487,0.7419128078676486
,,greedy_local_search,3124.359200707915,2,exp3:regular:f0.5:v1.0:r003,1.0,3.0,14989.2758952827,,,hardening:regular:r003,3,,,1646.2226941148845,0.5,truthful resolved feasibility,,,6.0,10000.0,Current feasibility,13.0,,1.0,1.0,0.9964252984275668,0.0,6980.08948747008,moderate,6980.08948747008,,0.9992850596855134,9992.850596855134,6980.08948747008,,,,6.0,,9992.850596855134,0.698008948747008,,40003,"[""L006"", ""L017"", ""L021"", ""L022"", ""L023"", ""L025"", ""R000"", ""R001"", ""R002"", ""R003"", ""R006"", ""R007"", ""C001""]",,,13.0,0.0,3.0,9992.850596855133,regular,3012.7611093850546,,7.1494031448663975,1366.5384152701704,1.0,0.0,48.0,15601.19278684197,10400.795191227979,0.9607775572086156,0.9607775572086156
,,greedy_local_search,3114.147193190104,2,exp3:regular:f0.5:v1.0:r004,3.0,3.0,9014.26776088682,,,hardening:regular:r004,3,,,1621.1605052965924,0.5,catalog/geography,,,1.0,10000.0,Catalog + geography,7.0,,0.5509220285419115,0.7190827228043896,0.506786591168624,3565.598752041866,7176.293415721733,moderate,3610.6946636798666,,0.6009511840591213,6009.5118405912135,3610.6946636798666,,,,5.0,,6009.511840591213,0.3610694663679866,,40004,"[""L026"", ""R003"", ""R004"", ""R005"", ""R006"", ""R008"", ""C000"", ""C001"", ""C002""]",,,9.0,279.19590114307886,3.0,6009.511840591213,regular,2398.817176911346,,3990.4881594087874,777.6566716147535,1.0,0.0,48.0,18395.34634031229,12263.564226874856,0.4900297930859065,0.49002979308590666
,,greedy_local_search,3114.147193190104,2,exp3:regular:f0.5:v1.0:r004,1.0,3.0,14039.062934528063,,,hardening:regular:r004,3,,,1675.2762014004134,0.5,truthful resolved feasibility,,,9.0,10000.0,Current feasibility,13.0,,0.956512601200553,0.9231995743209092,0.9119350370798528,0.0,6259.53330388187,moderate,6259.53330388187,,0.9359375289685375,9359.375289685377,6259.53330388187,,,,5.0,,9359.375289685377,0.625953330388187,,40004,"[""L003"", ""L005"", ""L008"", ""L009"", ""L012"", ""L016"", ""L022"", ""L023"", ""L031"", ""R000"", ""R004"", ""R005"", ""R006"", ""R007"", ""C001""]",,,15.0,0.0,3.0,9359.375289685377,regular,3099.8419858035063,,640.6247103146242,1424.565784403093,1.0,0.0,48.0,16377.518722047731,10918.345814698483,0.8572155021034051,0.8572155021034056
,,greedy_local_search,3198.861412389728,2,exp3:regular:f0.5:v1.0:r005,2.0,3.0,11493.675667490928,,,hardening:regular:r005,3,,,1589.5287417157126,0.5,catalog/geography,,,2.0,9999.999999999996,Catalog + geography,5.0,,0.8962790736570727,0.4885492905801913,0.9596360482532272,2005.3799840122676,7140.995795804067,moderate,5135.615811791799,,0.766245044499395,7662.45044499395,5135.615811791799,,,,6.0,,7662.45044499395,0.5135615811791802,,40005,"[""L029"", ""L034"", ""R000"", ""R001"", ""R002"", ""R004"", ""R005"", ""R008"", ""C000"", ""C001""]",,,10.0,0.0,3.0,7662.45044499395,regular,2526.834633202151,,2337.5495550060486,937.3058914864384,1.0,0.0,48.0,16901.547739415637,11267.698492943757,0.6800368726401809,0.6800368726401808
,,greedy_local_search,3198.861412389728,2,exp3:regular:f0.5:v1.0:r005,1.0,3.0,14209.174078715205,,,hardening:regular:r005,3,,,1621.216012653516,0.5,truthful resolved feasibility,,,6.0,9999.999999999996,Current feasibility,9.0,,0.9882196509652904,0.8645126542284747,1.0,0.0,6555.126413108044,moderate,6555.126413108044,,0.947278271914347,9472.78271914347,6555.126413108044,,,,6.0,,9472.78271914347,0.6555126413108047,,40005,"[""L001"", ""L009"", ""L015"", ""L028"", ""L029"", ""L030"", ""R000"", ""R001"", ""R002"", ""R004"", ""R006"", ""R007"", ""C001""]",,,13.0,0.0,3.0,9472.782719143468,regular,2917.6563060354256,,527.217280856531,1296.4402933819094,1.0,0.0,48.0,15445.454193767311,10296.96946251154,0.9199583191570384,0.9199583191570382
,,greedy_local_search,3122.879618156244,2,exp3:regular:f0.5:v1.0:r006,2.0,3.0,11930.087858727984,,,hardening:regular:r006,3,,,1478.1098778788182,0.5,catalog/geography,,,3.0,10000.000000000002,Catalog + geography,7.0,,0.7013837345256465,0.9152793491675733,0.7968436891833699,1792.1718470530332,7254.08010265627,moderate,5461.908255603237,,0.7953391905818655,7953.391905818656,5461.908255603237,,,,5.0,,7953.391905818655,0.5461908255603236,,40006,"[""L013"", ""L018"", ""L034"", ""R001"", ""R004"", ""R005"", ""R007"", ""R008"", ""C001"", ""C002""]",,,10.0,0.0,3.0,7953.391905818656,regular,2491.483650215417,,2046.6080941813443,1013.373772336599,1.0,0.0,48.0,16502.518168443145,11001.678778962101,0.722925297639801,0.7229252976398006
,,greedy_local_search,3122.879618156244,2,exp3:regular:f0.5:v1.0:r006,1.0,3.0,14898.734120370204,,,hardening:regular:r006,3,,,1616.4528954207565,0.5,truthful resolved feasibility,,,8.0,10000.000000000002,Current feasibility,12.0,,0.9882457556084864,1.0,0.9926917566709736,0.0,6879.11745702293,moderate,6879.11745702293,,0.9932489413580136,9932.489413580137,6879.11745702293,,,,5.0,,9932.489413580137,0.6879117457022929,,40006,"[""L002"", ""L006"", ""L008"", ""L013"", ""L024"", ""L026"", ""L027"", ""L034"", ""R001"", ""R002"", ""R004"", ""R005"", ""R007"", ""C001""]",,,14.0,0.0,3.0,9932.489413580137,regular,3053.371956557208,,67.51058641986447,1436.9190611364506,1.0,0.0,48.0,16437.81054192012,10958.540361280084,0.9063697432437899,0.9063697432437898
,,greedy_local_search,3115.6062898195664,2,exp3:regular:f0.5:v1.0:r007,2.0,3.0,8617.982870884447,,,hardening:regular:r007,3,,,1661.1331424700882,0.5,catalog/geography,,,6.0,9999.999999999998,Catalog + geography,5.0,,0.5974796998764077,0.4890865491515374,0.6724301712243745,3750.015001857615,7029.392459163799,moderate,3279.377457306184,,0.5745321913922965,5745.321913922965,3279.377457306184,,,,5.0,,5745.321913922965,0.3279377457306184,,40007,"[""L020"", ""L025"", ""L027"", ""L029"", ""L030"", ""L032"", ""R002"", ""R003"", ""R004"", ""R006"", ""R008"", ""C000"", ""C002""]",,,13.0,249.25862367666588,3.0,5745.321913922965,regular,2465.944456616781,,4254.678086077035,804.8113141466927,1.0,0.0,48.0,18247.802757207068,12165.201838138042,0.4722750999421412,0.4722750999421413
,,greedy_local_search,3115.6062898195664,2,exp3:regular:f0.5:v1.0:r007,1.0,3.0,14547.705069166896,,,hardening:regular:r007,3,,,1642.696036756488,0.5,truthful resolved feasibility,,,8.0,9999.999999999998,Current feasibility,13.0,,0.932993343580281,1.0,1.0,0.0,6586.02755723133,moderate,6586.02755723133,,0.9698470046111264,9698.470046111264,6586.02755723133,,,,5.0,,9698.470046111264,0.6586027557231332,,40007,"[""L003"", ""L007"", ""L015"", ""L029"", ""L030"", ""L032"", ""L033"", ""L034"", ""R000"", ""R001"", ""R004"", ""R005"", ""R007"", ""C001""]",,,14.0,0.0,3.0,9698.470046111264,regular,3112.442488879934,,301.529953888735,1469.746452123446,1.0,0.0,48.0,15563.510292379344,10375.673528252893,0.9347316123336368,0.9347316123336371
,,greedy_local_search,3204.768007661325,2,exp3:regular:f0.5:v1.0:r008,1.0,3.0,11740.175129182398,,,hardening:regular:r008,3,,,1615.3032595570735,0.5,catalog/geography,,,4.0,9999.999999999998,Catalog + geography,9.0,,0.7383851136549029,0.7662230249307093,0.9111349103751932,1935.755638923436,7034.298645759724,moderate,5098.543006836288,,0.7826783419454932,7826.783419454932,5098.543006836288,,,,7.0,,7826.783419454932,0.5098543006836288,,40008,"[""L008"", ""L013"", ""L018"", ""L026"", ""R000"", ""R001"", ""R002"", ""R004"", ""R005"", ""R006"", ""R008"", ""C002""]",,,12.0,0.0,3.0,7826.783419454931,regular,2728.240412618645,,2173.2165805450686,1112.9371530615715,1.0,0.0,48.0,16125.882005394735,10750.58800359649,0.7280330542698287,0.7280330542698287
,,greedy_local_search,3204.768007661325,2,exp3:regular:f0.5:v1.0:r008,1.0,3.0,14737.264813157077,,,hardening:regular:r008,3,,,1738.4215938794607,0.5,truthful resolved feasibility,,,7.0,9999.999999999998,Current feasibility,14.0,,0.976319315536649,0.9804017968161326,1.0,0.0,6622.943425526132,moderate,6622.943425526132,,0.9824843208771384,9824.843208771385,6622.943425526132,,,,6.0,,9824.843208771385,0.6622943425526133,,40008,"[""L008"", ""L021"", ""L025"", ""L027"", ""L030"", ""L032"", ""L034"", ""R000"", ""R001"", ""R003"", ""R004"", ""R005"", ""R008"", ""C001""]",,,14.0,0.0,3.0,9824.843208771385,regular,3201.8997832452524,,175.1567912286162,1463.4781893657914,1.0,0.0,48.0,16241.431020398879,10827.620680265918,0.9073870888992107,0.9073870888992108
,,greedy_local_search,3136.9553617898514,2,exp3:regular:f0.5:v1.0:r009,1.0,3.0,13508.181142444042,,,hardening:regular:r009,3,,,1526.9351173600498,0.5,catalog/geography,,,3.0,9999.999999999998,Catalog + geography,9.0,,0.8808456332264191,0.8690424986982308,1.0,855.0134020321775,7190.610860129494,moderate,6335.597458097316,,0.9005454094962694,9005.454094962693,6335.597458097316,,,,7.0,,9005.454094962693,0.6335597458097317,,40009,"[""L002"", ""L003"", ""L004"", ""R000"", ""R001"", ""R002"", ""R003"", ""R005"", ""R006"", ""R008"", ""C001""]",,,11.0,0.0,3.0,9005.454094962693,regular,2669.8566368653774,,994.545905037306,1142.9215195053275,1.0,0.0,48.0,15732.504024955368,10488.33601663691,0.8586160932180257,0.8586160932180258
,,greedy_local_search,3136.9553617898514,2,exp3:regular:f0.5:v1.0:r009,1.0,3.0,14967.34383097654,,,hardening:regular:r009,3,,,1552.677114299122,0.5,truthful resolved feasibility,,,5.0,9999.999999999998,Current feasibility,12.0,,1.0,0.9937797773288652,1.0,0.0,7052.31234335266,moderate,7052.31234335266,,0.9978229220651028,9978.229220651028,7052.31234335266,,,,6.0,,9978.229220651028,0.7052312343352661,,40009,"[""L000"", ""L002"", ""L009"", ""L021"", ""L032"", ""R000"", ""R001"", ""R002"", ""R003"", ""R005"", ""R007"", ""C001""]",,,12.0,0.0,3.0,9978.229220651028,regular,2925.916877298369,,21.77077934897221,1373.239762999247,1.0,0.0,48.0,15310.527952946599,10207.018635297733,0.9775850889646159,0.9775850889646162
,,greedy_local_search,3156.668444536349,2,exp3:regular:f0.5:v1.0:r010,3.0,3.0,9801.273783826036,,,hardening:regular:r010,3,,,1671.1113374833783,0.5,catalog/geography,,,2.0,10000.0,Catalog + geography,6.0,,0.5183855481754513,0.7227967950122823,0.8358293866090858,3120.381409280108,7142.760973403306,moderate,4022.3795641231977,,0.6534182522550691,6534.182522550691,4022.3795641231977,,,,5.0,,6534.182522550691,0.4022379564123198,,40010,"[""L017"", ""L029"", ""R000"", ""R001"", ""R004"", ""R005"", ""R006"", ""C000"", ""C001"", ""C002""]",,,10.0,68.17638721811618,3.0,6534.182522550691,regular,2511.802958427493,,3465.817477449309,840.6916209441149,1.0,0.0,48.0,18639.276583119023,12426.184388746016,0.5258398168039808,0.5258398168039807
,,greedy_local_search,3156.668444536349,2,exp3:regular:f0.5:v1.0:r010,1.0,3.0,14278.306446283244,,,hardening:regular:r010,3,,,1693.8539553767996,0.5,truthful resolved feasibility,,,10.0,10000.0,Current feasibility,11.0,,0.9403403071105606,0.9466942236146616,0.9869548997699964,0.0,6363.066133896835,moderate,6363.066133896835,,0.9518870964188832,9518.87096418883,6363.066133896835,,,,4.0,,9518.87096418883,0.6363066133896835,,40010,"[""L000"", ""L007"", ""L013"", ""L015"", ""L016"", ""L017"", ""L020"", ""L022"", ""L025"", ""L030"", ""R000"", ""R001"", ""R004"", ""R007"", ""C001""]",,,15.0,0.0,3.0,9518.87096418883,regular,3155.804830291996,,481.1290358111697,1461.950874915196,1.0,0.0,48.0,15372.876469337241,10248.584312891497,0.9287986197484103,0.9287986197484102
,,greedy_local_search,3160.557603079724,2,exp3:regular:f0.5:v1.0:r011,2.0,3.0,9048.283546469194,,,hardening:regular:r011,3,,,1580.9597049071808,0.5,catalog/geography,,,2.0,10000.000000000002,Catalog + geography,5.0,,0.4953931017720371,0.6758536186227951,0.7187162039127561,3540.091460850078,7192.637317263035,moderate,3652.5458564129567,,0.6032189030979462,6032.189030979463,3652.5458564129567,,,,6.0,,6032.189030979462,0.3652545856412956,,40011,"[""L018"", ""L025"", ""R000"", ""R001"", ""R002"", ""R004"", ""R005"", ""R007"", ""C000"", ""C002""]",,,10.0,67.96876994702205,3.0,6032.189030979462,regular,2379.643174566505,,3967.8109690205374,798.6834696593244,1.0,0.0,48.0,17571.36141283698,11714.240941891323,0.514944934196098,0.5149449341960978
,,greedy_local_search,3160.557603079724,2,exp3:regular:f0.5:v1.0:r011,1.0,3.0,14923.058146611958,,,hardening:regular:r011,3,,,1611.954685608655,0.5,truthful resolved feasibility,,,8.0,10000.000000000002,Current feasibility,12.0,,0.9886012069054756,1.0,1.0000000000000002,0.0,6824.714196209071,moderate,6824.714196209071,,0.994870543107464,9948.70543107464,6824.714196209071,,,,5.0,,9948.70543107464,0.682471419620907,,40011,"[""L010"", ""L014"", ""L017"", ""L020"", ""L023"", ""L026"", ""L029"", ""L030"", ""R000"", ""R001"", ""R002"", ""R004"", ""R008"", ""C001""]",,,14.0,0.0,3.0,9948.70543107464,regular,3123.99123486557,,51.29456892536017,1512.036549256915,1.0,0.0,48.0,15523.98771697765,10349.325144651772,0.9612902572894662,0.9612902572894659
,,greedy_local_search,3192.099663508026,2,exp3:regular:f0.5:v1.0:r012,1.0,3.0,11002.490739220751,,,hardening:regular:r012,3,,,1677.286236505503,0.5,catalog/geography,,,5.0,9999.999999999998,Catalog + geography,9.0,,0.7290920883612165,0.7064371716059084,0.790774663950508,2321.9758513966017,6879.946965454742,moderate,4557.97111405814,,0.7334993826147169,7334.993826147169,4557.97111405814,,,,7.0,,7334.993826147169,0.4557971114058141,,40012,"[""L009"", ""L010"", ""L012"", ""L018"", ""L022"", ""R000"", ""R001"", ""R002"", ""R005"", ""R006"", ""R007"", ""R008"", ""C002""]",,,13.0,257.7505262654215,3.0,7334.993826147169,regular,2777.0227120890286,,2665.00617385283,1099.7364755835256,1.0,0.0,48.0,16891.89809850536,11261.26539900357,0.651347212436374,0.6513472124363742
,,greedy_local_search,3192.099663508026,2,exp3:regular:f0.5:v1.0:r012,1.0,3.0,14967.394670001471,,,hardening:regular:r012,3,,,1638.153208244417,0.5,truthful resolved feasibility,,,3.0,9999.999999999998,Current feasibility,11.0,,1.0,0.9965540576890504,0.9951619557113188,0.0,6898.995408228659,moderate,6898.995408228659,,0.9978263113334312,9978.263113334311,6898.995408228659,,,,7.0,,9978.263113334311,0.689899540822866,,40012,"[""L000"", ""L001"", ""L035"", ""R000"", ""R001"", ""R002"", ""R004"", ""R005"", ""R006"", ""R007"", ""C001""]",,,11.0,0.0,3.0,9978.263113334311,regular,3079.267705105655,,21.73688666568586,1441.1144968612375,1.0,0.0,48.0,15185.16259921825,10123.441732812165,0.9856591638190302,0.98565916381903
,,greedy_local_search,3184.1865156025765,2,exp3:regular:f0.5:v1.0:r013,2.0,3.0,12144.271686660968,,,hardening:regular:r013,3,,,1584.6745241499038,0.5,catalog/geography,,,2.0,9999.999999999998,Catalog + geography,7.0,,0.7680505506542787,0.8263429015402725,0.8738767455527181,1654.4311410083928,7164.063391524042,moderate,5509.6322505156495,,0.8096181124440646,8096.181124440645,5509.6322505156495,,,,6.0,,8096.181124440645,0.550963225051565,,40013,"[""L011"", ""L023"", ""R000"", ""R001"", ""R002"", ""R003"", ""R007"", ""R008"", ""C000"", ""C001""]",,,10.0,144.2306068821386,3.0,8096.181124440646,regular,2586.548873924996,,1903.8188755593555,1001.8743497750922,1.0,0.0,48.0,16533.843202164004,11022.562134776,0.734509910259188,0.7345099102591882
,,greedy_local_search,3184.1865156025765,2,exp3:regular:f0.5:v1.0:r013,1.0,3.0,15000.000000000002,,,hardening:regular:r013,3,,,1513.7039946649563,0.5,truthful resolved feasibility,,,4.0,9999.999999999998,Current feasibility,11.0,,1.0,1.0,1.0,0.0,7065.640013853444,moderate,7065.640013853444,,1.0,10000.0,7065.640013853444,,,,6.0,,10000.0,0.7065640013853445,,40013,"[""L001"", ""L030"", ""L032"", ""L033"", ""R001"", ""R002"", ""R004"", ""R005"", ""R006"", ""R008"", ""C001""]",,,11.0,0.0,3.0,10000.0,regular,2934.3599861465564,,0.0,1420.6559914815998,1.0,0.0,48.0,15024.724110276911,10016.482740184609,0.9983544383181054,0.9983544383181052
,,greedy_local_search,3149.994846744082,2,exp3:regular:f0.5:v1.0:r014,1.0,3.0,12143.014395581318,,,hardening:regular:r014,3,,,1476.863871429034,0.5,catalog/geography,,,3.0,10000.0,Catalog + geography,9.0,,0.7894595700359549,0.8039443472036836,0.864484825006428,1687.3028320248975,7164.793553574086,moderate,5477.4907215491885,,0.8095342930387547,8095.342930387546,5477.4907215491885,,,,7.0,,8095.342930387546,0.5477490721549189,,40014,"[""L004"", ""L006"", ""L017"", ""R000"", ""R001"", ""R002"", ""R004"", ""R005"", ""R006"", ""R007"", ""C000""]",,,11.0,0.0,3.0,8095.3429303875455,regular,2617.852208838358,,1904.657069612454,1140.9883374093238,1.0,0.0,48.0,16062.424443519089,10708.282962346055,0.75598888812086,0.7559888881208603
,,greedy_local_search,3149.994846744082,2,exp3:regular:f0.5:v1.0:r014,1.0,3.0,15000.0,,,hardening:regular:r014,3,,,1549.7808614981743,0.5,truthful resolved feasibility,,,3.0,10000.0,Current feasibility,9.0,,1.0,1.0,1.0,0.0,7087.818861845219,moderate,7087.818861845219,,1.0,10000.0,7087.818861845219,,,,7.0,,10000.0,0.7087818861845219,,40014,"[""L006"", ""L014"", ""L017"", ""R000"", ""R001"", ""R002"", ""R003"", ""R004"", ""R005"", ""R007"", ""C001""]",,,11.0,0.0,3.0,10000.0,regular,2912.1811381547814,,7.105427357601003e-14,1362.4002766566068,1.0,0.0,48.0,15818.374091925078,10545.58272795005,0.9482643356915652,0.9482643356915654
,,greedy_local_search,3157.5449359068625,2,exp3:regular:f0.5:v1.0:r015,1.0,3.0,11653.898926832824,,,hardening:regular:r015,3,,,1532.3763093089242,0.5,catalog/geography,,,3.0,9999.999999999998,Catalog + geography,8.0,,0.8576573346436939,0.665771000604373,0.7898047216049774,1959.741534930038,7168.58668320835,moderate,5208.845148278312,,0.7769265951221882,7769.265951221882,5208.845148278312,,,,7.0,,7769.265951221883,0.5208845148278313,,40015,"[""L009"", ""L024"", ""L035"", ""R000"", ""R001"", ""R002"", ""R004"", ""R005"", ""R006"", ""R008"", ""C000""]",,,11.0,0.0,3.0,7769.265951221883,regular,2560.4208029435717,,2230.7340487781166,1028.044493634647,1.0,0.0,48.0,16166.376413277563,10777.584275518373,0.7208726698495893,0.7208726698495895
,,greedy_local_search,3157.5449359068625,2,exp3:regular:f0.5:v1.0:r015,1.0,3.0,14860.714208099358,,,hardening:regular:r015,3,,,1652.645520881647,0.5,truthful resolved feasibility,,,10.0,9999.999999999998,Current feasibility,14.0,,0.9947610685509456,0.9802051419772332,1.0,0.0,6749.597869492707,moderate,6749.597869492707,,0.9907142805399572,9907.142805399571,6749.597869492707,,,,4.0,,9907.14280539957,0.6749597869492708,,40015,"[""L000"", ""L001"", ""L004"", ""L009"", ""L013"", ""L016"", ""L017"", ""L019"", ""L026"", ""L032"", ""R001"", ""R004"", ""R005"", ""R006"", ""C001""]",,,15.0,0.0,3.0,9907.14280539957,regular,3157.544935906863,,92.85719460042812,1504.899415025216,1.0,0.0,48.0,15698.240205874552,10465.493470583031,0.9466484149311349,0.946648414931135
,,greedy_local_search,3157.122265676465,2,exp3:regular:f0.5:v1.0:r016,1.0,3.0,14360.636423415055,,,hardening:regular:r016,3,,,1655.454688044717,0.5,catalog/geography,,,7.0,10000.000000000002,Catalog + geography,12.0,,0.9484492661053454,0.944495976610281,1.0,344.76561599739307,6902.441372754873,moderate,6557.67575675748,,0.957375761561004,9573.75761561004,6557.67575675748,,,,6.0,,9573.75761561004,0.6557675756757478,,40016,"[""L001"", ""L013"", ""L014"", ""L020"", ""L021"", ""L025"", ""L032"", ""R000"", ""R001"", ""R002"", ""R004"", ""R005"", ""R008"", ""C001""]",,,14.0,0.0,3.0,9573.75761561004,regular,3016.081858852559,,426.2423843899619,1360.6271708078418,1.0,0.0,48.0,16113.809434590084,10742.53962306006,0.8912005867829336,0.8912005867829337
,,greedy_local_search,3157.122265676465,2,exp3:regular:f0.5:v1.0:r016,1.0,3.0,14983.643009826092,,,hardening:regular:r016,3,,,1622.4351324008355,0.5,truthful resolved feasibility,,,8.0,10000.000000000002,Current feasibility,14.0,,0.9975767421964584,1.0,1.0,0.0,6922.385447907801,moderate,6922.385447907801,,0.9989095339884064,9989.095339884065,6922.385447907801,,,,5.0,,9989.095339884065,0.69223854479078,,40016,"[""L001"", ""L008"", ""L013"", ""L014"", ""L020"", ""L021"", ""L027"", ""L032"", ""R000"", ""R002"", ""R004"", ""R005"", ""R007"", ""C001""]",,,14.0,0.0,3.0,9989.095339884065,regular,3066.709891976262,,10.904660115937006,1444.2747595754263,1.0,0.0,48.0,14983.727131298596,9989.151420865735,0.9999943858112359,0.9999943858112358
,,greedy_local_search,3219.934328513683,2,exp3:regular:f0.5:v1.0:r017,2.0,3.0,12353.149478640536,,,hardening:regular:r017,3,,,1552.2573383695271,0.5,catalog/geography,,,2.0,10000.000000000002,Catalog + geography,10.0,,0.6507989465965254,0.9614123045521508,0.9709473300717324,1594.860443336127,7146.965896282429,moderate,5552.105452946302,,0.8235432985760357,8235.432985760357,5552.105452946302,,,,6.0,,8235.432985760357,0.5552105452946301,,40017,"[""L009"", ""L014"", ""R000"", ""R001"", ""R002"", ""R004"", ""R005"", ""R008"", ""C001"", ""C002""]",,,10.0,0.0,3.0,8235.432985760355,regular,2683.327532814056,,1764.5670142396432,1131.0701944445286,1.0,0.0,48.0,16738.55981560128,11159.039877067524,0.7380055162886061,0.7380055162886056
,,greedy_local_search,3219.934328513683,2,exp3:regular:f0.5:v1.0:r017,0.0,3.0,14731.401619193131,,,hardening:regular:r017,3,,,1653.5605580603951,0.5,truthful resolved feasibility,,,8.0,10000.000000000002,Current feasibility,15.0,,0.9602076472878716,1.0,1.0,0.0,6604.450128239498,moderate,6604.450128239498,,0.982093441279542,9820.93441279542,6604.450128239498,,,,7.0,,9820.93441279542,0.6604450128239496,,40017,"[""L001"", ""L002"", ""L009"", ""L013"", ""L024"", ""L025"", ""L026"", ""L032"", ""R000"", ""R001"", ""R002"", ""R004"", ""R005"", ""R007"", ""R008""]",,,15.0,0.0,3.0,9820.93441279542,regular,3216.4842845559238,,179.06558720457815,1562.9237264955282,1.0,0.0,48.0,14950.993775160723,9967.329183440484,0.9853125377971585,0.9853125377971581
,,greedy_local_search,3175.553828239308,2,exp3:regular:f0.5:v1.0:r018,1.0,3.0,11265.43173480042,,,hardening:regular:r018,3,,,1511.178611158029,0.5,catalog/geography,,,3.0,9999.999999999996,Catalog + geography,10.0,,0.7138077477138759,0.7510873469005559,0.8346736221679457,2236.785283552233,7144.657369184959,moderate,4907.872085632725,,0.7510287823200279,7510.287823200279,4907.872085632725,,,,7.0,,7510.287823200278,0.4907872085632727,,40018,"[""L007"", ""L016"", ""L024"", ""R000"", ""R002"", ""R003"", ""R004"", ""R005"", ""R006"", ""R007"", ""C002""]",,,11.0,0.0,3.0,7510.287823200278,regular,2602.415737567552,,2489.7121767997214,1091.237126409523,1.0,0.0,48.0,15637.025779901485,10424.683853267656,0.7204331497157251,0.7204331497157249
,,greedy_local_search,3175.553828239308,2,exp3:regular:f0.5:v1.0:r018,1.0,3.0,14980.593842993649,,,hardening:regular:r018,3,,,1603.2437429525542,0.5,truthful resolved feasibility,,,6.0,9999.999999999996,Current feasibility,13.0,,0.9971250137768368,1.0,1.0,0.0,6914.988339971379,moderate,6914.988339971379,,0.9987062561995764,9987.062561995765,6914.988339971379,,,,6.0,,9987.062561995765,0.6914988339971382,,40018,"[""L000"", ""L013"", ""L015"", ""L016"", ""L017"", ""L024"", ""R000"", ""R001"", ""R003"", ""R004"", ""R005"", ""R007"", ""C001""]",,,13.0,0.0,3.0,9987.062561995765,regular,3072.0742220243856,,12.937438004234508,1468.8304790718312,1.0,0.0,48.0,15444.362791079522,10296.241860719681,0.9699716359710392,0.9699716359710391
,,greedy_local_search,3116.235950464716,2,exp3:regular:f0.5:v1.0:r019,2.0,3.0,11915.181231324725,,,hardening:regular:r019,3,,,1570.57926566448,0.5,catalog/geography,,,2.0,10000.000000000002,Catalog + geography,8.0,,0.895628757531239,0.7651920703681752,0.6174762495186477,1805.8054282327455,7182.931709764323,moderate,5377.126281531578,,0.7943454154216483,7943.454154216482,5377.126281531578,,,,6.0,,7943.454154216484,0.5377126281531577,,40019,"[""L009"", ""L016"", ""R000"", ""R001"", ""R002"", ""R003"", ""R007"", ""R008"", ""C000"", ""C001""]",,,10.0,0.0,3.0,7943.454154216484,regular,2566.3278726849067,,2056.5458457835166,995.7486070204268,1.0,0.0,48.0,17242.502292341822,11495.001528227887,0.6910355022319932,0.691035502231993
,,greedy_local_search,3116.235950464716,2,exp3:regular:f0.5:v1.0:r019,1.0,3.0,14812.972156194,,,hardening:regular:r019,3,,,1581.3193929764518,0.5,truthful resolved feasibility,,,7.0,10000.000000000002,Current feasibility,13.0,,1.0,1.0,0.9376573853979993,0.0,6874.888572652172,moderate,6874.888572652172,,0.9875314770795998,9875.314770795998,6874.888572652172,,,,5.0,,9875.314770795998,0.6874888572652171,,40019,"[""L002"", ""L007"", ""L009"", ""L013"", ""L014"", ""L019"", ""L023"", ""R001"", ""R002"", ""R004"", ""R007"", ""R008"", ""C001""]",,,13.0,0.0,3.0,9875.314770795998,regular,3000.426198143826,,124.68522920400132,1419.1068051673738,1.0,0.0,48.0,15330.845567338509,10220.56371155901,0.9662201664696298,0.9662201664696292
,,greedy_local_search,3173.5643698667427,2,exp3:regular:f0.5:v2.0:r000,3.0,3.0,9106.187211758795,,,hardening:regular:r000,3,,,1392.4605963497988,0.5,catalog/geography,,,1.0,10000.000000000002,Catalog + geography,5.0,,0.5488292196058636,0.6901873588272479,0.5927021151920548,1767.0495866678866,5058.4491373288165,moderate,3291.39955066093,,0.6070791474505864,6070.791474505864,3291.39955066093,,,,3.0,,6070.791474505864,0.3291399550660929,,40000,"[""L000"", ""R002"", ""R006"", ""R007"", ""C000"", ""C001"", ""C002""]",,,7.0,0.0,3.0,6070.791474505864,regular,2779.3919238449344,,3929.208525494136,1386.9313274951355,2.0,0.0,48.0,15371.958638005455,10247.972425336975,0.5923895208281892,0.592389520828189
,,greedy_local_search,3173.5643698667427,2,exp3:regular:f0.5:v2.0:r000,1.0,3.0,11640.033725195955,,,hardening:regular:r000,3,,,1165.4396980258698,0.5,truthful resolved feasibility,,,2.0,10000.000000000002,Current feasibility,8.0,,0.7132318834314687,0.8763895412713011,0.741557806786404,0.0,4586.458113597228,moderate,4586.458113597228,,0.776002248346397,7760.02248346397,4586.458113597228,,,,5.0,,7760.02248346397,0.4586458113597226,,40000,"[""L007"", ""L014"", ""R001"", ""R002"", ""R005"", ""R006"", ""R007"", ""C001""]",,,8.0,0.0,3.0,7760.02248346397,regular,3173.5643698667427,,2239.9775165360293,2008.124671840873,2.0,0.0,48.0,11822.335388840516,7881.556925893681,0.9845798941031024,0.984579894103102
,,greedy_local_search,3169.8463396134275,2,exp3:regular:f0.5:v2.0:r001,2.0,3.0,8934.986182997989,,,hardening:regular:r001,3,,,1298.976131847504,0.5,catalog/geography,,,0.0,9999.999999999998,Catalog + geography,5.0,,0.6467426648714575,0.3983198485113415,0.8260979968103698,1811.9092370000903,4919.896188501358,moderate,3107.9869515012674,,0.5956657455331993,5956.657455331993,3107.9869515012674,,,,5.0,,5956.657455331993,0.3107986951501268,,40001,"[""R002"", ""R003"", ""R004"", ""R005"", ""R007"", ""C000"", ""C002""]",,,7.0,0.0,3.0,5956.657455331993,regular,2848.670503830726,,4043.342544668006,1549.694371983222,2.0,0.0,48.0,14611.63329424681,9741.088862831204,0.611498112706952,0.6114981127069523
,,greedy_local_search,3169.8463396134275,2,exp3:regular:f0.5:v2.0:r001,2.0,3.0,11576.34187815008,,,hardening:regular:r001,3,,,1153.9085370055254,0.5,truthful resolved feasibility,,,0.0,9999.999999999998,Current feasibility,6.0,,0.8028031670618963,0.6735889585808337,0.873692822644301,0.0,4649.659552167521,moderate,4649.659552167521,,0.7717561252100053,7717.561252100053,4649.659552167521,,,,4.0,,7717.561252100053,0.4649659552167521,,40001,"[""R002"", ""R004"", ""R007"", ""R008"", ""C001"", ""C002""]",,,6.0,0.0,3.0,7717.561252100053,regular,3067.901699932532,,2282.438747899947,1913.9931629270063,2.0,0.0,48.0,13197.270049191637,8798.180032794424,0.8771770097149113,0.8771770097149113
,,greedy_local_search,3160.6718778658683,2,exp3:regular:f0.5:v2.0:r002,3.0,3.0,7066.015975739496,,,hardening:regular:r002,3,,,1394.670198018974,0.5,catalog/geography,,,1.0,10000.000000000002,Catalog + geography,4.0,,0.4833172298334939,0.3440286900481102,0.6658246838702775,3110.89694349186,5313.013566221809,moderate,2202.116622729949,,0.4710677317159662,4710.677317159663,2202.116622729949,,,,3.0,,4710.677317159664,0.2202116622729948,,40002,"[""L000"", ""R001"", ""R005"", ""R007"", ""C000"", ""C001"", ""C002""]",,,7.0,74.52691784292394,3.0,4710.677317159664,regular,2508.560694429715,,5289.322682840337,1113.8904964107414,2.0,0.0,48.0,15397.725046382675,10265.150030921784,0.4588999968797005,0.45889999687970046
,,greedy_local_search,3160.6718778658683,2,exp3:regular:f0.5:v2.0:r002,1.0,3.0,10424.321085484316,,,hardening:regular:r002,3,,,1283.8034380999145,0.5,truthful resolved feasibility,,,3.0,10000.000000000002,Current feasibility,9.0,,0.6340260238368236,0.6743873775033158,0.868037230897783,0.0,3788.875512457009,moderate,3788.875512457009,,0.6949547390322877,6949.547390322878,3788.875512457009,,,,5.0,,6949.547390322878,0.3788875512457008,,40002,"[""L022"", ""L023"", ""L031"", ""R000"", ""R001"", ""R002"", ""R005"", ""R007"", ""C001""]",,,9.0,0.0,3.0,6949.547390322878,regular,3160.6718778658683,,3050.4526096771237,1876.868439765954,2.0,0.0,48.0,12381.49674760152,8254.33116506768,0.8419273774395379,0.8419273774395379
,,greedy_local_search,3124.359200707915,2,exp3:regular:f0.5:v2.0:r003,3.0,3.0,8805.499360767655,,,hardening:regular:r003,3,,,1279.470264600028,0.5,catalog/geography,,,1.0,10000.0,Catalog + geography,6.0,,0.5223331019953148,0.6285026073165149,0.6600374112958584,1942.3641134747088,5131.214198378058,moderate,3188.85008490335,,0.5870332907178436,5870.3329071784365,3188.85008490335,,,,3.0,,5870.332907178436,0.3188850084903349,,40003,"[""L025"", ""R000"", ""R002"", ""R003"", ""C000"", ""C001"", ""C002""]",,,7.0,0.0,3.0,5870.3329071784365,regular,2681.4828222750857,,4129.667092821564,1402.0125576750577,2.0,0.0,48.0,15738.712328147585,10492.474885431724,0.5594802914733777,0.5594802914733777
,,greedy_local_search,3124.359200707915,2,exp3:regular:f0.5:v2.0:r003,1.0,3.0,11618.377429533575,,,hardening:regular:r003,3,,,1145.7299531335248,0.5,truthful resolved feasibility,,,2.0,10000.0,Current feasibility,8.0,,0.7400871048149859,0.8104059075253873,0.7893861525080462,0.0,4624.72493082946,moderate,4624.72493082946,,0.7745584953022386,7745.584953022386,4624.72493082946,,,,5.0,,7745.584953022385,0.4624724930829459,,40003,"[""L021"", ""L025"", ""R000"", ""R002"", ""R003"", ""R006"", ""R007"", ""C001""]",,,8.0,0.0,3.0,7745.584953022385,regular,3120.860022192926,,2254.415046977615,1975.1300690594007,2.0,0.0,48.0,12052.043457752192,8034.695638501463,0.964017220005984,0.964017220005984
,,greedy_local_search,3114.147193190104,2,exp3:regular:f0.5:v2.0:r004,3.0,3.0,6995.408367316652,,,hardening:regular:r004,3,,,1317.5120921673615,0.5,catalog/geography,,,1.0,10000.0,Catalog + geography,6.0,,0.4016684633620885,0.5000228668876785,0.5530087294874139,2715.2522788645783,4934.301571557685,moderate,2219.0492926931065,,0.4663605578211099,4663.605578211101,2219.0492926931065,,,,3.0,,4663.6055782111,0.2219049292693106,,40004,"[""L009"", ""R003"", ""R006"", ""R008"", ""C000"", ""C001"", ""C002""]",,,7.0,279.19590114307886,3.0,4663.6055782111,regular,2444.5562855179933,,5336.3944217889,1127.0441933506315,2.0,0.0,48.0,15393.987667887332,10262.65844525822,0.4544247090641395,0.45442470906413945
,,greedy_local_search,3114.147193190104,2,exp3:regular:f0.5:v2.0:r004,1.0,3.0,10632.273848940502,,,hardening:regular:r004,3,,,1146.7739818808452,0.5,truthful resolved feasibility,,,2.0,10000.0,Current feasibility,8.0,,0.6873864675418061,0.7492217672860926,0.6863336382604412,0.0,3974.0353727702295,moderate,3974.0353727702295,,0.7088182565960333,7088.182565960334,3974.0353727702295,,,,5.0,,7088.182565960334,0.3974035372770229,,40004,"[""L009"", ""L014"", ""R000"", ""R001"", ""R004"", ""R005"", ""R006"", ""C001""]",,,8.0,0.0,3.0,7088.182565960334,regular,3114.147193190104,,2911.817434039667,1967.3732113092592,2.0,0.0,48.0,12344.2704055829,8229.51360372193,0.8613124550586546,0.8613124550586547
,,greedy_local_search,3198.861412389728,2,exp3:regular:f0.5:v2.0:r005,3.0,3.0,8657.439261117897,,,hardening:regular:r005,3,,,1386.5550932947326,0.5,catalog/geography,,,1.0,9999.999999999996,Catalog + geography,5.0,,0.6801885509648609,0.3535621320007983,0.736655116366965,1880.1546997760825,4956.859161006375,moderate,3076.7044612302925,,0.5771626174078598,5771.626174078598,3076.7044612302925,,,,3.0,,5771.626174078598,0.3076704461230293,,40005,"[""L029"", ""R000"", ""R002"", ""R005"", ""C000"", ""C001"", ""C002""]",,,7.0,303.6606459426069,3.0,5771.626174078598,regular,2694.921712848305,,4228.373825921402,1308.3666195535725,2.0,0.0,48.0,15176.410830900353,10117.607220600234,0.5704536703428374,0.5704536703428374
,,greedy_local_search,3198.861412389728,2,exp3:regular:f0.5:v2.0:r005,1.0,3.0,11926.733519988027,,,hardening:regular:r005,3,,,1155.816555459011,0.5,truthful resolved feasibility,,,0.0,9999.999999999996,Current feasibility,6.0,,0.8676193157987874,0.5848196453992788,1.0,0.0,4758.503660250195,moderate,4758.503660250195,,0.7951155679992018,7951.155679992018,4758.503660250195,,,,6.0,,7951.155679992018,0.4758503660250197,,40005,"[""R000"", ""R001"", ""R002"", ""R004"", ""R006"", ""R008"", ""C001""]",,,7.0,0.0,3.0,7951.155679992018,regular,3192.652019741823,,2048.844320007981,2036.835464282812,2.0,0.0,48.0,12174.49072420563,8116.327149470419,0.9796494810476953,0.9796494810476956
,,greedy_local_search,3122.879618156244,2,exp3:regular:f0.5:v2.0:r006,3.0,3.0,9320.283657476502,,,hardening:regular:r006,3,,,1321.6122789330968,0.5,catalog/geography,,,1.0,10000.000000000002,Catalog + geography,5.0,,0.5190451568910216,0.7718524278927161,0.5881678673417825,1699.7074776980437,5126.769125166981,moderate,3427.0616474689377,,0.6213522438317668,6213.522438317668,3427.0616474689377,,,,3.0,,6213.522438317668,0.3427061647468937,,40006,"[""L034"", ""R001"", ""R003"", ""R007"", ""C000"", ""C001"", ""C002""]",,,7.0,0.0,3.0,6213.522438317668,regular,2786.4607908487305,,3786.477561682332,1464.8485119156337,2.0,0.0,48.0,15174.029199473198,10116.019466315467,0.6142260262554443,0.6142260262554442
,,greedy_local_search,3122.879618156244,2,exp3:regular:f0.5:v2.0:r006,1.0,3.0,11946.390790687958,,,hardening:regular:r006,3,,,1153.7684439143245,0.5,truthful resolved feasibility,,,0.0,10000.000000000002,Current feasibility,7.0,,0.6419324146214035,0.925636164561138,0.9179190426825036,0.0,4849.815254395837,moderate,4849.815254395837,,0.7964260527125306,7964.260527125306,4849.815254395837,,,,6.0,,7964.260527125307,0.4849815254395835,,40006,"[""R001"", ""R002"", ""R003"", ""R004"", ""R005"", ""R007"", ""C001""]",,,7.0,0.0,3.0,7964.260527125307,regular,3114.44527272947,,2035.739472874693,1960.6768288151452,2.0,0.0,48.0,12598.032813777869,8398.688542518581,0.9482743033993973,0.9482743033993973
,,greedy_local_search,3115.6062898195664,2,exp3:regular:f0.5:v2.0:r007,3.0,3.0,7663.73902899797,,,hardening:regular:r007,3,,,1312.9696246591875,0.5,catalog/geography,,,1.0,9999.999999999998,Catalog + geography,3.0,,0.4124862589475593,0.4317466153234807,0.8709290168845573,2332.980361399957,4930.896281607189,moderate,2597.9159202072315,,0.5109159352665313,5109.159352665313,2597.9159202072315,,,,3.0,,5109.159352665314,0.2597915920207232,,40007,"[""L032"", ""R002"", ""R004"", ""R008"", ""C000"", ""C001"", ""C002""]",,,7.0,249.25862367666588,3.0,5109.159352665314,regular,2511.2434324580827,,4890.840647334686,1198.2738077988952,2.0,0.0,48.0,16045.71858836482,10697.145725576542,0.4776189353436095,0.4776189353436098
,,greedy_local_search,3115.6062898195664,2,exp3:regular:f0.5:v2.0:r007,1.0,3.0,10939.969616143437,,,hardening:regular:r007,3,,,1116.9016197618323,0.5,truthful resolved feasibility,,,3.0,9999.999999999998,Current feasibility,8.0,,0.5995272229793087,0.7666120702228263,0.956149164121088,0.0,4177.706787609392,moderate,4177.706787609392,,0.7293313077428958,7293.313077428957,4177.706787609392,,,,4.0,,7293.313077428957,0.4177706787609392,,40007,"[""L029"", ""L030"", ""L033"", ""R000"", ""R001"", ""R004"", ""R007"", ""C001""]",,,8.0,0.0,3.0,7293.313077428958,regular,3115.6062898195664,,2706.6869225710416,1998.704670057734,2.0,0.0,48.0,11350.665647240137,7567.110431493423,0.9638174496667903,0.9638174496667906
,,greedy_local_search,3204.768007661325,2,exp3:regular:f0.5:v2.0:r008,2.0,3.0,8925.595047006807,,,hardening:regular:r008,3,,,1295.0865294244088,0.5,catalog/geography,,,0.0,9999.999999999998,Catalog + geography,5.0,,0.4686172155666396,0.6566868756496975,0.7716075815903594,1694.311758444438,4846.612253505404,moderate,3152.3004950609657,,0.5950396698004538,5950.396698004538,3152.3004950609657,,,,5.0,,5950.396698004539,0.3152300495060966,,40008,"[""R000"", ""R001"", ""R002"", ""R004"", ""R005"", ""C000"", ""C002""]",,,7.0,0.0,3.0,5950.396698004537,regular,2798.096202943573,,4049.603301995462,1503.0096735191642,2.0,0.0,48.0,14120.862198624072,9413.908132416045,0.6320856985543356,0.6320856985543356
,,greedy_local_search,3204.768007661325,2,exp3:regular:f0.5:v2.0:r008,1.0,3.0,10872.303789853955,,,hardening:regular:r008,3,,,1273.7767354072334,0.5,truthful resolved feasibility,,,1.0,9999.999999999998,Current feasibility,7.0,,0.6829636486864541,0.7748597359857026,0.7314285157651503,0.0,4043.434518907979,moderate,4043.434518907979,,0.7248202526569304,7248.202526569304,4043.434518907979,,,,6.0,,7248.202526569304,0.4043434518907979,,40008,"[""L013"", ""R000"", ""R001"", ""R002"", ""R004"", ""R005"", ""R008"", ""C001""]",,,8.0,0.0,3.0,7248.202526569303,regular,3204.7680076613246,,2751.797473430697,1930.9912722540912,2.0,0.0,48.0,12675.775811013302,8450.5172073422,0.857722947451279,0.857722947451279
,,greedy_local_search,3136.9553617898514,2,exp3:regular:f0.5:v2.0:r009,2.0,3.0,9629.1578691065,,,hardening:regular:r009,3,,,1289.0741631065905,0.5,catalog/geography,,,0.0,9999.999999999998,Catalog + geography,6.0,,0.6362988907663206,0.547036366357428,0.8207331443524456,1481.3615268111607,5142.684780099362,moderate,3661.323253288201,,0.6419438579404332,6419.438579404332,3661.323253288201,,,,5.0,,6419.438579404332,0.3661323253288202,,40009,"[""R001"", ""R003"", ""R005"", ""R006"", ""R008"", ""C001"", ""C002""]",,,7.0,0.0,3.0,6419.438579404332,regular,2758.1153261161307,,3580.561420595668,1469.0411630095405,2.0,0.0,48.0,13697.439226869854,9131.626151246568,0.7029896398603669,0.7029896398603668
,,greedy_local_search,3136.9553617898514,2,exp3:regular:f0.5:v2.0:r009,1.0,3.0,12064.469258893394,,,hardening:regular:r009,3,,,1164.0517771511602,0.5,truthful resolved feasibility,,,0.0,9999.999999999998,Current feasibility,7.0,,0.7406769100976592,0.800382385114777,0.954297531293872,0.0,4906.024144139079,moderate,4906.024144139079,,0.804297950592893,8042.97950592893,4906.024144139079,,,,6.0,,8042.97950592893,0.490602414413908,,40009,"[""R000"", ""R001"", ""R002"", ""R003"", ""R005"", ""R007"", ""C001""]",,,7.0,0.0,3.0,8042.97950592893,regular,3136.9553617898514,,1957.0204940710696,1972.9035846386912,2.0,0.0,48.0,12136.744254380184,8091.162836253454,0.9940449436873726,0.9940449436873731
,,greedy_local_search,3156.668444536349,2,exp3:regular:f0.5:v2.0:r010,3.0,3.0,8419.628310886746,,,hardening:regular:r010,3,,,1307.541934277372,0.5,catalog/geography,,,1.0,10000.0,Catalog + geography,5.0,,0.3690738156813066,0.7670227451536745,0.6338368809937114,2113.902479573275,4951.963898763645,moderate,2838.0614191903705,,0.5613085540591163,5613.0855405911625,2838.0614191903705,,,,3.0,,5613.0855405911625,0.2838061419190371,,40010,"[""L029"", ""R000"", ""R005"", ""R007"", ""C000"", ""C001"", ""C002""]",,,7.0,68.17638721811618,3.0,5613.0855405911625,regular,2775.024121400792,,4386.9144594088375,1467.4821871234203,2.0,0.0,48.0,15692.416459989994,10461.610973326664,0.5365412224658811,0.5365412224658809
,,greedy_local_search,3156.668444536349,2,exp3:regular:f0.5:v2.0:r010,1.0,3.0,11021.63225841913,,,hardening:regular:r010,3,,,1127.2471943001203,0.5,truthful resolved feasibility,,,3.0,10000.0,Current feasibility,8.0,,0.5340216332080149,0.874621196443675,0.9417416509785792,0.0,4193.001513799898,moderate,4193.001513799898,,0.7347754838946088,7347.754838946088,4193.001513799898,,,,4.0,,7347.754838946087,0.4193001513799898,,40010,"[""L000"", ""L007"", ""L016"", ""R000"", ""R001"", ""R004"", ""R007"", ""C001""]",,,8.0,0.0,3.0,7347.754838946087,regular,3154.753325146189,,2652.2451610539124,2027.506130846069,2.0,0.0,48.0,11038.46195598551,7358.974637323675,0.9984753584662894,0.9984753584662892
,,greedy_local_search,3160.557603079724,2,exp3:regular:f0.5:v2.0:r011,3.0,3.0,8653.244853761526,,,hardening:regular:r011,3,,,1414.266500714899,0.5,catalog/geography,,,0.0,10000.000000000002,Catalog + geography,4.0,,0.3409497973455969,0.7660406983743022,0.7767066850712199,2157.633370275279,5165.329429958092,moderate,3007.696059682813,,0.5768829902507683,5768.829902507683,3007.696059682813,,,,4.0,,5768.829902507683,0.3007696059682812,,40011,"[""R000"", ""R004"", ""R005"", ""R007"", ""C000"", ""C001"", ""C002""]",,,7.0,0.0,3.0,5768.829902507683,regular,2761.13384282487,,4231.170097492317,1346.867342109971,2.0,0.0,48.0,16575.99081778127,11050.660545187515,0.5220348484073172,0.522034848407317
,,greedy_local_search,3160.557603079724,2,exp3:regular:f0.5:v2.0:r011,1.0,3.0,11541.215673628438,,,hardening:regular:r011,3,,,1153.556241206039,0.5,truthful resolved feasibility,,,0.0,10000.000000000002,Current feasibility,7.0,,0.5839179894930014,0.8761465227715578,1.0,0.0,4551.47273221509,moderate,4551.47273221509,,0.7694143782418958,7694.143782418959,4551.47273221509,,,,6.0,,7694.143782418958,0.4551472732215089,,40011,"[""R000"", ""R001"", ""R002"", ""R004"", ""R007"", ""R008"", ""C001""]",,,7.0,0.0,3.0,7694.143782418958,regular,3142.6710502038677,,2305.8562175810416,1989.1148089978285,2.0,0.0,48.0,12019.858852099549,8013.239234733036,0.9601789684587265,0.9601789684587261
,,greedy_local_search,3192.099663508026,2,exp3:regular:f0.5:v2.0:r012,2.0,3.0,6987.726361900141,,,hardening:regular:r012,3,,,1315.3508051510228,0.5,catalog/geography,,,0.0,9999.999999999998,Catalog + geography,4.0,,0.5371718845262856,0.362294441092876,0.4865901085367043,2395.273345990049,4468.067190230071,moderate,2072.793844240022,,0.4658484241266759,4658.484241266759,2072.793844240022,,,,5.0,,4658.48424126676,0.2072793844240022,,40012,"[""R000"", ""R001"", ""R005"", ""R007"", ""R008"", ""C000"", ""C002""]",,,7.0,257.7505262654215,3.0,4658.48424126676,regular,2585.6903970267385,,5341.51575873324,1270.3395918757155,2.0,0.0,48.0,14154.814658578136,9436.543105718754,0.49366427822955783,0.493664278229558
,,greedy_local_search,3192.099663508026,2,exp3:regular:f0.5:v2.0:r012,1.0,3.0,11123.104975143538,,,hardening:regular:r012,3,,,1176.234246266063,0.5,truthful resolved feasibility,,,1.0,9999.999999999998,Current feasibility,7.0,,0.7569304930900194,0.6223266682804697,0.9155363794378136,0.0,4223.303653254332,moderate,4223.303653254332,,0.7415403316762358,7415.403316762357,4223.303653254332,,,,5.0,,7415.403316762358,0.4223303653254333,,40012,"[""L009"", ""R001"", ""R004"", ""R005"", ""R006"", ""R007"", ""C001""]",,,7.0,0.0,3.0,7415.403316762357,regular,3192.0996635080264,,2584.5966832376416,2015.8654172419635,2.0,0.0,48.0,11150.600576914776,7433.733717943183,0.9975341595655249,0.9975341595655247
,,greedy_local_search,3184.1865156025765,2,exp3:regular:f0.5:v2.0:r013,3.0,3.0,9897.475656319904,,,hardening:regular:r013,3,,,1356.8710005491605,0.5,catalog/geography,,,1.0,9999.999999999998,Catalog + geography,5.0,,0.6137080553083496,0.666777502540093,0.7514547982176846,1528.3425444150034,5288.874073120005,moderate,3760.5315287050016,,0.6598317104213268,6598.317104213268,3760.5315287050016,,,,3.0,,6598.317104213268,0.3760531528705002,,40013,"[""L023"", ""R001"", ""R002"", ""R008"", ""C000"", ""C001"", ""C002""]",,,7.0,69.61744853792523,3.0,6598.317104213269,regular,2837.7855755082664,,3401.682895786732,1480.9145749591064,2.0,0.0,48.0,14657.963273860263,9771.97551590684,0.6752285751711632,0.6752285751711632
,,greedy_local_search,3184.1865156025765,2,exp3:regular:f0.5:v2.0:r013,1.0,3.0,11789.53011159857,,,hardening:regular:r013,3,,,1198.056497107113,0.5,truthful resolved feasibility,,,0.0,9999.999999999998,Current feasibility,7.0,,0.7695390006386013,0.7948193353246492,0.8074467822778677,0.0,4675.500225463138,moderate,4675.500225463138,,0.7859686741065712,7859.686741065712,4675.500225463138,,,,6.0,,7859.686741065714,0.4675500225463139,,40013,"[""R000"", ""R001"", ""R002"", ""R003"", ""R005"", ""R008"", ""C001""]",,,7.0,0.0,3.0,7859.686741065713,regular,3184.1865156025765,,2140.313258934287,1986.1300184954637,2.0,0.0,48.0,12308.090011470376,8205.39334098025,0.9578683695529898,0.9578683695529899
,,greedy_local_search,3149.994846744082,2,exp3:regular:f0.5:v2.0:r014,2.0,3.0,10409.933648413373,,,hardening:regular:r014,3,,,1207.811655329859,0.5,catalog/geography,,,1.0,10000.0,Catalog + geography,6.0,,0.7367441641813401,0.5876213753345787,0.7839661065609295,867.3436204079985,4930.818953968412,moderate,4063.475333560413,,0.6939955765608915,6939.955765608916,4063.475333560413,,,,4.0,,6939.955765608915,0.4063475333560413,,40014,"[""L017"", ""R000"", ""R002"", ""R005"", ""R007"", ""C000"", ""C001""]",,,7.0,0.0,3.0,6939.955765608916,regular,2876.4804320485014,,3060.0442343910854,1668.6687767186424,2.0,0.0,48.0,13697.91811263568,9131.945408423784,0.7599646576081297,0.75996465760813
,,greedy_local_search,3149.994846744082,2,exp3:regular:f0.5:v2.0:r014,1.0,3.0,11866.826242600016,,,hardening:regular:r014,3,,,1162.5101302038931,0.5,truthful resolved feasibility,,,0.0,10000.0,Current feasibility,6.0,,0.8017856878181848,0.7560191543890147,0.8285574297616475,0.0,4761.222648322595,moderate,4761.222648322595,,0.7911217495066678,7911.217495066679,4761.222648322595,,,,6.0,,7911.217495066678,0.4761222648322595,,40014,"[""R000"", ""R001"", ""R002"", ""R004"", ""R005"", ""R007"", ""C001""]",,,7.0,0.0,3.0,7911.217495066678,regular,3149.9948467440827,,2088.7825049333223,1987.4847165401893,2.0,0.0,48.0,12437.25931619489,8291.50621079659,0.954135146731877,0.9541351467318775
,,greedy_local_search,3157.5449359068625,2,exp3:regular:f0.5:v2.0:r015,2.0,3.0,10048.676794793711,,,hardening:regular:r015,3,,,1307.3547202026812,0.5,catalog/geography,,,0.0,9999.999999999998,Catalog + geography,5.0,,0.7424375616606301,0.5398420056000321,0.7343509080614308,1411.03599386611,5270.183193858322,moderate,3859.147199992212,,0.6699117863195808,6699.117863195808,3859.147199992212,,,,5.0,,6699.117863195809,0.3859147199992213,,40015,"[""R001"", ""R002"", ""R004"", ""R005"", ""R006"", ""C000"", ""C002""]",,,7.0,0.0,3.0,6699.117863195809,regular,2839.9706632035973,,3300.8821368041904,1532.615943000916,2.0,0.0,48.0,14519.775778370282,9679.850518913521,0.6920683175950247,0.6920683175950249
,,greedy_local_search,3157.5449359068625,2,exp3:regular:f0.5:v2.0:r015,1.0,3.0,11437.980182386813,,,hardening:regular:r015,3,,,1252.8239889455504,0.5,truthful resolved feasibility,,,1.0,9999.999999999998,Current feasibility,7.0,,0.8659066641348931,0.5847291653316764,0.8410940271616612,0.0,4469.114062843475,moderate,4469.114062843475,,0.7625320121591208,7625.320121591208,4469.114062843475,,,,6.0,,7625.320121591209,0.4469114062843476,,40015,"[""L009"", ""R001"", ""R002"", ""R004"", ""R005"", ""R006"", ""R008"", ""C001""]",,,8.0,0.0,3.0,7625.320121591209,regular,3156.206058747733,,2374.6798784087914,1903.3820698021827,2.0,0.0,48.0,12892.886565842207,8595.25771056147,0.8871543330482754,0.8871543330482756
,,greedy_local_search,3157.122265676465,2,exp3:regular:f0.5:v2.0:r016,2.0,3.0,9921.984898380646,,,hardening:regular:r016,3,,,1278.9934304690194,0.5,catalog/geography,,,0.0,10000.000000000002,Catalog + geography,7.0,,0.4545913935663198,0.7591039974567485,0.9560656683866858,925.9267819416737,4622.90363407792,moderate,3696.976852136247,,0.6614656598920431,6614.656598920431,3696.976852136247,,,,5.0,,6614.656598920431,0.3696976852136246,,40016,"[""R000"", ""R001"", ""R002"", ""R003"", ""R005"", ""C001"", ""C002""]",,,7.0,0.0,3.0,6614.656598920431,regular,2917.6797467841843,,3385.343401079569,1638.6863163151652,2.0,0.0,48.0,14417.13539043145,9611.42359362097,0.6882077909156487,0.6882077909156484
,,greedy_local_search,3157.122265676465,2,exp3:regular:f0.5:v2.0:r016,1.0,3.0,11466.258292204311,,,hardening:regular:r016,3,,,1159.7161459969543,0.5,truthful resolved feasibility,,,2.0,10000.000000000002,Current feasibility,8.0,,0.6636115583237461,0.7594057663845764,1.0,0.0,4488.963045132391,moderate,4488.963045132391,,0.7644172194802874,7644.1721948028735,4488.963045132391,,,,5.0,,7644.172194802874,0.448896304513239,,40016,"[""L020"", ""L032"", ""R000"", ""R002"", ""R004"", ""R005"", ""R007"", ""C001""]",,,8.0,0.0,3.0,7644.1721948028735,regular,3155.2091496704834,,2355.827805197126,1995.4930036735288,2.0,0.0,48.0,11466.342413676812,7644.228275784544,0.9999926636176153,0.9999926636176149
,,greedy_local_search,3219.934328513683,2,exp3:regular:f0.5:v2.0:r017,3.0,3.0,6958.135103679562,,,hardening:regular:r017,3,,,1363.4032150897503,0.5,catalog/geography,,,1.0,10000.000000000002,Catalog + geography,4.0,,0.2540660372632761,0.6195414519629374,0.6635322431156755,3014.6823148476838,5139.43471413544,moderate,2124.752399287757,,0.4638756735786374,4638.756735786375,2124.752399287757,,,,3.0,,4638.756735786375,0.2124752399287756,,40017,"[""L006"", ""R001"", ""R004"", ""R005"", ""C000"", ""C001"", ""C002""]",,,7.0,90.48306125668688,3.0,4638.756735786375,regular,2514.0043364986186,,5361.2432642136255,1150.601121408868,2.0,0.0,48.0,15177.38350817022,10118.255672113484,0.45845419270942783,0.4584541927094277
,,greedy_local_search,3219.934328513683,2,exp3:regular:f0.5:v2.0:r017,1.0,3.0,11056.43071427336,,,hardening:regular:r017,3,,,1234.492437316066,0.5,truthful resolved feasibility,,,1.0,10000.000000000002,Current feasibility,8.0,,0.5428696060301834,0.8822768620286576,0.9200357826397234,0.0,4151.019481001891,moderate,4151.019481001891,,0.7370953809515574,7370.953809515573,4151.019481001891,,,,6.0,,7370.953809515574,0.415101948100189,,40017,"[""L024"", ""R000"", ""R001"", ""R002"", ""R004"", ""R005"", ""R008"", ""C001""]",,,8.0,0.0,3.0,7370.953809515573,regular,3219.934328513683,,2629.046190484426,1985.4418911976168,2.0,0.0,48.0,12541.593929321381,8361.06261954759,0.8815809837714637,0.8815809837714633
,,greedy_local_search,3175.553828239308,2,exp3:regular:f0.5:v2.0:r018,3.0,3.0,9483.746714754445,,,hardening:regular:r018,3,,,1375.1539603782062,0.5,catalog/geography,,,0.0,9999.999999999996,Catalog + geography,6.0,,0.4881260578645474,0.7505364560780888,0.7495264765862607,1731.5605150933816,5087.102825450891,moderate,3355.542310357509,,0.6322497809836295,6322.497809836295,3355.542310357509,,,,4.0,,6322.497809836295,0.335554231035751,,40018,"[""R000"", ""R003"", ""R004"", ""R005"", ""C000"", ""C001"", ""C002""]",,,7.0,263.72843009129804,3.0,6322.497809836295,regular,2966.955499478786,,3677.502190163704,1591.8015391005797,2.0,0.0,48.0,15162.40575337317,10108.270502248779,0.6254777024842909,0.6254777024842909
,,greedy_local_search,3175.553828239308,2,exp3:regular:f0.5:v2.0:r018,1.0,3.0,11397.898705237852,,,hardening:regular:r018,3,,,1131.8385818030597,0.5,truthful resolved feasibility,,,2.0,9999.999999999996,Current feasibility,8.0,,0.6539436191161595,0.829864022716802,0.8756643856468552,0.0,4426.118900776037,moderate,4426.118900776037,,0.7598599136825235,7598.599136825234,4426.118900776037,,,,5.0,,7598.599136825234,0.4426118900776038,,40018,"[""L016"", ""L033"", ""R000"", ""R001"", ""R003"", ""R004"", ""R005"", ""C001""]",,,8.0,0.0,3.0,7598.599136825234,regular,3172.480236049197,,2401.4008631747647,2040.6416542461373,2.0,0.0,48.0,11446.848477770749,7631.23231851383,0.995723733687228,0.9957237336872282
,,greedy_local_search,3116.235950464716,2,exp3:regular:f0.5:v2.0:r019,3.0,3.0,8119.970970403311,,,hardening:regular:r019,3,,,1372.0708553509478,0.5,catalog/geography,,,1.0,10000.000000000002,Catalog + geography,5.0,,0.4990346515953218,0.5522015854436088,0.6174762495186477,2136.299805536969,5002.986796793368,moderate,2866.686991256399,,0.5413313980268873,5413.313980268874,2866.686991256399,,,,3.0,,5413.313980268875,0.2866686991256398,,40019,"[""L016"", ""R000"", ""R002"", ""R007"", ""C000"", ""C001"", ""C002""]",,,7.0,295.81802567169166,3.0,5413.313980268873,regular,2546.626989012476,,4586.686019731125,1174.5561336615283,2.0,0.0,48.0,15763.94762618729,10509.298417458198,0.515097560773058,0.5150975607730577
,,greedy_local_search,3116.235950464716,2,exp3:regular:f0.5:v2.0:r019,1.0,3.0,11491.441382096891,,,hardening:regular:r019,3,,,1202.7472313599774,0.5,truthful resolved feasibility,,,2.0,10000.000000000002,Current feasibility,8.0,,0.761630443329366,0.8061999725973648,0.7059620111625029,0.0,4544.724970933214,moderate,4544.724970933214,,0.7660960921397929,7660.960921397929,4544.724970933214,,,,5.0,,7660.960921397929,0.4544724970933212,,40019,"[""L002"", ""L014"", ""R001"", ""R002"", ""R003"", ""R005"", ""R007"", ""C001""]",,,8.0,0.0,3.0,7660.96092139793,regular,3116.235950464716,,2339.0390786020707,1913.4887191047385,2.0,0.0,48.0,12175.23378333699,8116.822522224664,0.9438374315098627,0.9438374315098624
,,greedy_local_search,3173.5643698667427,2,exp3:regular:f1.0:v0.5:r000,0.0,3.0,10056.499630237508,,,hardening:regular:r000,3,,,2543.379232693279,1.0,catalog/geography,,,5.0,10000.000000000002,Catalog + geography,9.0,,0.7217266419654432,0.6722133986638661,0.5519081513284898,1387.6442214673389,5042.2962502230985,moderate,3654.65202875576,,0.6704333086825005,6704.333086825005,3654.65202875576,,,,6.0,,6704.333086825005,0.3654652028755759,,40000,"[""L000"", ""L007"", ""L014"", ""L017"", ""L019"", ""R000"", ""R002"", ""R004"", ""R006"", ""R007"", ""R008""]",,,11.0,0.0,3.0,6704.333086825006,regular,3049.6810580692454,,3295.666913174995,506.3018253759665,0.5,0.0,48.0,12320.82680486683,8213.88453657789,0.8162195435021541,0.8162195435021538
,,greedy_local_search,3173.5643698667427,2,exp3:regular:f1.0:v0.5:r000,1.0,3.0,12664.974569034492,,,hardening:regular:r000,3,,,2519.7368123524425,1.0,truthful resolved feasibility,,,3.0,10000.000000000002,Current feasibility,9.0,,0.7826726538072657,0.9168902016323458,0.8560868657552115,0.0,5346.0127121418245,moderate,5346.0127121418245,,0.8443316379356329,8443.316379356329,5346.0127121418245,,,,5.0,,8443.316379356329,0.5346012712141823,,40000,"[""L009"", ""L013"", ""L017"", ""R001"", ""R002"", ""R005"", ""R006"", ""R007"", ""C001""]",,,9.0,0.0,3.0,8443.316379356329,regular,3097.3036672145045,,1556.68362064367,577.566854862062,0.5,0.0,48.0,12664.974569034495,8443.316379356333,0.9999999999999997,0.9999999999999996
,,greedy_local_search,3169.8463396134275,2,exp3:regular:f1.0:v0.5:r001,1.0,3.0,9689.701562019112,,,hardening:regular:r001,3,,,2607.9272982717857,1.0,catalog/geography,,,2.0,9999.999999999998,Catalog + geography,7.0,,0.5943964008200515,0.5789504802331558,0.8793452784198996,1972.663437249133,5364.040240398311,moderate,3391.3768031491777,,0.6459801041346076,6459.801041346076,3391.3768031491777,,,,6.0,,6459.801041346076,0.3391376803149178,,40001,"[""L009"", ""L023"", ""R002"", ""R003"", ""R004"", ""R005"", ""R007"", ""R008"", ""C000""]",,,9.0,0.0,3.0,6459.801041346076,regular,3068.4242381968984,,3540.198958653924,460.4969399251127,0.5,0.0,48.0,13887.44040720481,9258.293604803206,0.69773127933583,0.6977312793358302
,,greedy_local_search,3169.8463396134275,2,exp3:regular:f1.0:v0.5:r001,1.0,3.0,13288.959216785615,,,hardening:regular:r001,3,,,2487.531102078846,1.0,truthful resolved feasibility,,,1.0,9999.999999999998,Current feasibility,8.0,,0.8486197081097336,0.8917609319577858,0.9596770980888456,0.0,5754.268802658439,moderate,5754.268802658439,,0.8859306144523743,8859.306144523744,5754.268802658439,,,,6.0,,8859.306144523744,0.575426880265844,,40001,"[""L026"", ""R000"", ""R002"", ""R004"", ""R005"", ""R007"", ""R008"", ""C001""]",,,8.0,0.0,3.0,8859.306144523744,regular,3105.0373418653044,,1140.6938554762564,617.5062397864588,0.5,0.0,48.0,13288.959216785615,8859.306144523742,1.0,1.0000000000000002
,,greedy_local_search,3160.6718778658683,2,exp3:regular:f1.0:v0.5:r002,1.0,3.0,8324.954664382538,,,hardening:regular:r002,3,,,2574.680792977882,1.0,catalog/geography,,,5.0,10000.000000000002,Catalog + geography,6.0,,0.4987233501629953,0.6359299529498985,0.5399799325984511,2395.6167921923784,4955.917211156224,moderate,2560.300418963845,,0.5549969776255025,5549.969776255026,2560.300418963845,,,,4.0,,5549.969776255027,0.2560300418963845,,40002,"[""L000"", ""L004"", ""L005"", ""L022"", ""L029"", ""R002"", ""R004"", ""R005"", ""R007"", ""C000""]",,,10.0,149.05383568584787,3.0,5549.969776255026,regular,2989.6693572911813,,4450.030223744976,414.9885643132994,0.5,0.0,48.0,12913.431305097774,8608.954203398518,0.6446740968913611,0.644674096891361
,,greedy_local_search,3160.6718778658683,2,exp3:regular:f1.0:v0.5:r002,0.0,3.0,11760.563731076543,,,hardening:regular:r002,3,,,2551.3164710855986,1.0,truthful resolved feasibility,,,5.0,10000.000000000002,Current feasibility,11.0,,0.7473468557602024,0.7832115737146341,0.868037230897783,0.0,4679.703942851827,moderate,4679.703942851827,,0.7840375820717694,7840.375820717696,4679.703942851827,,,,6.0,,7840.375820717696,0.4679703942851826,,40002,"[""L005"", ""L023"", ""L031"", ""L032"", ""L033"", ""R000"", ""R001"", ""R002"", ""R004"", ""R005"", ""R007""]",,,11.0,0.0,3.0,7840.375820717696,regular,3160.6718778658683,,2159.624179282305,609.3554067802697,0.5,0.0,48.0,11884.928166273177,7923.285444182118,0.9895359539867011,0.9895359539867012
,,greedy_local_search,3124.359200707915,2,exp3:regular:f1.0:v0.5:r003,2.0,3.0,10324.078577543834,,,hardening:regular:r003,3,,,2521.201076482764,1.0,catalog/geography,,,2.0,10000.0,Catalog + geography,7.0,,0.6697080092489022,0.5819463251436039,0.9161104360366076,1690.6039609813884,5588.544207436646,moderate,3897.940246455257,,0.6882719051695889,6882.719051695889,3897.940246455257,,,,4.0,,6882.719051695889,0.3897940246455257,,40003,"[""L002"", ""L003"", ""R000"", ""R003"", ""R006"", ""R008"", ""C000"", ""C001""]",,,8.0,0.0,3.0,6882.71905169589,regular,2984.778805240632,,3117.280948304112,463.5777287578675,0.5,0.0,48.0,14806.81860893663,9871.212405957755,0.6972516413021197,0.6972516413021197
,,greedy_local_search,3124.359200707915,2,exp3:regular:f1.0:v0.5:r003,1.0,3.0,12363.69808208066,,,hardening:regular:r003,3,,,2454.763655191741,1.0,truthful resolved feasibility,,,3.0,10000.0,Current feasibility,9.0,,0.8187222439011659,0.8338857590667742,0.8198075668824082,0.0,5232.7244892527,moderate,5232.7244892527,,0.8242465388053773,8242.465388053773,5232.7244892527,,,,5.0,,8242.465388053773,0.5232724489252699,,40003,"[""L002"", ""L003"", ""L025"", ""R000"", ""R001"", ""R002"", ""R003"", ""R006"", ""C001""]",,,9.0,0.0,3.0,8242.465388053773,regular,3009.740898801074,,1757.5346119462276,554.9772436093326,0.5,0.0,48.0,12792.957846101477,8528.638564067653,0.9664456203807762,0.9664456203807761
,,greedy_local_search,3114.147193190104,2,exp3:regular:f1.0:v0.5:r004,1.0,3.0,9519.519825452046,,,hardening:regular:r004,3,,,2526.7376415036783,1.0,catalog/geography,,,2.0,10000.0,Catalog + geography,7.0,,0.5775759997140556,0.6662625184449561,0.7076678685153839,1865.9811174186132,5253.629765930415,moderate,3387.648648511801,,0.6346346550301363,6346.346550301364,3387.648648511801,,,,6.0,,6346.346550301364,0.3387648648511801,,40004,"[""L009"", ""L014"", ""R001"", ""R002"", ""R003"", ""R005"", ""R006"", ""R008"", ""C001""]",,,9.0,0.0,3.0,6346.346550301363,regular,2958.697901789563,,3653.653449698637,431.9602602858846,0.5,0.0,48.0,13832.195187648222,9221.463458432145,0.6882146829414842,0.6882146829414845
,,greedy_local_search,3114.147193190104,2,exp3:regular:f1.0:v0.5:r004,1.0,3.0,11582.659159391063,,,hardening:regular:r004,3,,,2440.9029779142343,1.0,truthful resolved feasibility,,,3.0,10000.0,Current feasibility,9.0,,0.6875388253282715,0.8681757709037595,0.7946164303934972,0.0,4719.6310685109565,moderate,4719.6310685109565,,0.7721772772927374,7721.772772927376,4719.6310685109565,,,,5.0,,7721.772772927375,0.4719631068510956,,40004,"[""L005"", ""L009"", ""L032"", ""R000"", ""R004"", ""R005"", ""R006"", ""R007"", ""C001""]",,,9.0,0.0,3.0,7721.772772927374,regular,3002.141704416418,,2278.227227072626,561.238726502184,0.5,0.0,48.0,12929.25285360865,8619.501902405764,0.8958490711362534,0.8958490711362536
,,greedy_local_search,3198.861412389728,2,exp3:regular:f1.0:v0.5:r005,1.0,3.0,11700.90099702226,,,hardening:regular:r005,3,,,2630.6630628222483,1.0,catalog/geography,,,2.0,9999.999999999996,Catalog + geography,5.0,,0.8214926317101596,0.6011096634245109,1.0,654.4236517627141,5322.88138677948,moderate,4668.457735016766,,0.7800600664681506,7800.600664681506,4668.457735016766,,,,6.0,,7800.600664681506,0.4668457735016767,,40005,"[""L009"", ""L034"", ""R000"", ""R002"", ""R004"", ""R005"", ""R006"", ""R008"", ""C001""]",,,9.0,0.0,3.0,7800.600664681507,regular,3132.14292966474,,2199.399335318493,501.4798668424917,0.5,0.0,48.0,13621.236717143669,9080.824478095776,0.8590189892446053,0.8590189892446056
,,greedy_local_search,3198.861412389728,2,exp3:regular:f1.0:v0.5:r005,1.0,3.0,12880.181032194863,,,hardening:regular:r005,3,,,2595.1682170096838,1.0,truthful resolved feasibility,,,2.0,9999.999999999996,Current feasibility,8.0,,0.907365256788177,0.7153267712142231,1.0,0.0,5421.759455888706,moderate,5421.759455888706,,0.8586787354796576,8586.787354796576,5421.759455888706,,,,6.0,,8586.787354796576,0.5421759455888708,,40005,"[""L009"", ""L029"", ""R000"", ""R001"", ""R002"", ""R004"", ""R006"", ""R008"", ""C001""]",,,9.0,0.0,3.0,8586.787354796576,regular,3165.0278989078697,,1413.2126452034229,569.8596818981863,0.5,0.0,48.0,13331.145662857585,8887.430441905055,0.9661721023783296,0.9661721023783297
,,greedy_local_search,3122.879618156244,2,exp3:regular:f1.0:v0.5:r006,1.0,3.0,11330.28682003673,,,hardening:regular:r006,3,,,2428.557510646542,1.0,catalog/geography,,,3.0,10000.000000000002,Catalog + geography,8.0,,0.6210425130545503,0.8977181843149207,0.8084097964217272,826.6267542993,5464.807209270911,moderate,4638.180454971611,,0.7553524546691153,7553.524546691153,4638.180454971611,,,,5.0,,7553.524546691153,0.463818045497161,,40006,"[""L028"", ""L029"", ""L034"", ""R001"", ""R004"", ""R005"", ""R007"", ""R008"", ""C001""]",,,9.0,0.0,3.0,7553.524546691154,regular,2915.3440917195426,,2446.4754533088467,486.78658107300055,0.5,0.0,48.0,13483.620390207494,8989.080260138331,0.8403000449542004,0.8403000449542003
,,greedy_local_search,3122.879618156244,2,exp3:regular:f1.0:v0.5:r006,1.0,3.0,12788.349560164968,,,hardening:regular:r006,3,,,2495.8220107421125,1.0,truthful resolved feasibility,,,3.0,10000.000000000002,Current feasibility,9.0,,0.7097473513301055,1.0,0.9158516462289178,0.0,5461.561388183241,moderate,5461.561388183241,,0.8525566373443311,8525.566373443311,5461.561388183241,,,,5.0,,8525.56637344331,0.546156138818324,,40006,"[""L008"", ""L017"", ""L026"", ""R001"", ""R002"", ""R003"", ""R004"", ""R007"", ""C001""]",,,9.0,0.0,3.0,8525.566373443311,regular,3064.004985260068,,1474.43362655669,568.1829745179554,0.5,0.0,48.0,12898.772764591726,8599.181843061153,0.9914392472491741,0.9914392472491736
,,greedy_local_search,3115.6062898195664,2,exp3:regular:f1.0:v0.5:r007,1.0,3.0,8136.100438822346,,,hardening:regular:r007,3,,,2517.3373155578074,1.0,catalog/geography,,,4.0,9999.999999999998,Catalog + geography,5.0,,0.5236667348926667,0.4581206385745741,0.7320722085934445,2714.1490568035665,5228.332801915186,moderate,2514.1837451116194,,0.5424066959214899,5424.066959214899,2514.1837451116194,,,,5.0,,5424.066959214899,0.251418374511162,,40007,"[""L020"", ""L025"", ""L030"", ""L032"", ""R003"", ""R004"", ""R006"", ""R007"", ""R008"", ""C002""]",,,10.0,0.0,3.0,5424.066959214899,regular,2909.8832141032794,,4575.933040785101,392.54589854547214,0.5,0.0,48.0,13786.724617477743,9191.14974498516,0.5901402011401626,0.5901402011401629
,,greedy_local_search,3115.6062898195664,2,exp3:regular:f1.0:v0.5:r007,1.0,3.0,12154.915845507436,,,hardening:regular:r007,3,,,2507.748332905403,1.0,truthful resolved feasibility,,,5.0,9999.999999999998,Current feasibility,10.0,,0.6864973971785943,0.8802767765859925,0.9665351124918216,0.0,5007.856752018428,moderate,5007.856752018428,,0.810327723033829,8103.277230338291,5007.856752018428,,,,4.0,,8103.277230338292,0.5007856752018429,,40007,"[""L017"", ""L029"", ""L030"", ""L033"", ""L034"", ""R000"", ""R001"", ""R004"", ""R007"", ""C001""]",,,10.0,0.0,3.0,8103.277230338292,regular,3095.4204783198634,,1896.7227696617088,587.6721454144604,0.5,0.0,48.0,12469.74386065995,8313.162573773296,0.974752647795297,0.9747526477952977
,,greedy_local_search,3204.768007661325,2,exp3:regular:f1.0:v0.5:r008,1.0,3.0,9340.495831341925,,,hardening:regular:r008,3,,,2639.023119735097,1.0,catalog/geography,,,2.0,9999.999999999998,Catalog + geography,6.0,,0.5324436262123933,0.6972994801591155,0.6952263611909711,2116.8181616108404,5265.923240111448,moderate,3149.1050785006078,,0.6226997220894617,6226.9972208946165,3149.1050785006078,,,,6.0,,6226.9972208946165,0.3149105078500608,,40008,"[""L008"", ""L026"", ""R000"", ""R001"", ""R002"", ""R004"", ""R006"", ""R008"", ""C002""]",,,9.0,0.0,3.0,6226.997220894616,regular,3077.892142394009,,3773.002779105384,438.8690226589122,0.5,0.0,48.0,13649.166697981062,9099.444465320707,0.684327185536062,0.684327185536062
,,greedy_local_search,3204.768007661325,2,exp3:regular:f1.0:v0.5:r008,0.0,3.0,11692.24551784286,,,hardening:regular:r008,3,,,2604.055867029692,1.0,truthful resolved feasibility,,,5.0,9999.999999999998,Current feasibility,11.0,,0.7650586726835374,0.6998657494660456,0.9512680975107476,0.0,4590.536378680596,moderate,4590.536378680596,,0.7794830345228573,7794.830345228573,4590.536378680596,,,,6.0,,7794.830345228573,0.4590536378680596,,40008,"[""L016"", ""L021"", ""L030"", ""L032"", ""L034"", ""R000"", ""R001"", ""R003"", ""R004"", ""R005"", ""R008""]",,,11.0,0.0,3.0,7794.830345228573,regular,3204.293966547977,,2205.1696547714278,600.2380995182853,0.5,0.0,48.0,11733.859755551568,7822.573170367712,0.9964534911294625,0.9964534911294624
,,greedy_local_search,3136.9553617898514,2,exp3:regular:f1.0:v0.5:r009,0.0,3.0,10943.82705982634,,,hardening:regular:r009,3,,,2508.400864822508,1.0,catalog/geography,,,3.0,9999.999999999998,Catalog + geography,8.0,,0.5610918006387523,0.791706172479002,1.0,1259.8397639685554,5533.500375427538,moderate,4273.660611458982,,0.7295884706550892,7295.884706550893,4273.660611458982,,,,7.0,,7295.884706550893,0.4273660611458983,,40009,"[""L002"", ""L005"", ""L023"", ""R000"", ""R001"", ""R002"", ""R003"", ""R006"", ""R007"", ""R008""]",,,10.0,0.0,3.0,7295.884706550893,regular,3022.2240950919104,,2704.1152934491074,513.8232302694026,0.5,0.0,48.0,12983.751205059138,8655.834136706091,0.8428863805987027,0.8428863805987026
,,greedy_local_search,3136.9553617898514,2,exp3:regular:f1.0:v0.5:r009,1.0,3.0,12805.649615144715,,,hardening:regular:r009,3,,,2466.330625186243,1.0,truthful resolved feasibility,,,1.0,9999.999999999998,Current feasibility,8.0,,0.7886711844922302,0.8690424986982308,0.9732153338854832,0.0,5533.418359214468,moderate,5533.418359214468,,0.8537099743429811,8537.099743429811,5533.418359214468,,,,6.0,,8537.099743429811,0.5533418359214469,,40009,"[""L002"", ""R000"", ""R001"", ""R002"", ""R003"", ""R005"", ""R007"", ""C001""]",,,8.0,0.0,3.0,8537.099743429811,regular,3003.6813842153438,,1462.9002565701896,537.3507590291002,0.5,0.0,48.0,12832.98605501014,8555.324036673426,0.9978698301589167,0.997869830158917
,,greedy_local_search,3156.668444536349,2,exp3:regular:f1.0:v0.5:r010,1.0,3.0,8383.957082506731,,,hardening:regular:r010,3,,,2494.904754495362,1.0,catalog/geography,,,1.0,10000.0,Catalog + geography,7.0,,0.3295069491884779,0.7607441749526316,0.7219594189943962,2580.176416661291,5248.574744537035,moderate,2668.398327875744,,0.5589304721671153,5589.304721671154,2668.398327875744,,,,6.0,,5589.304721671155,0.2668398327875744,,40010,"[""L011"", ""R000"", ""R003"", ""R005"", ""R006"", ""R007"", ""R008"", ""C000""]",,,8.0,0.0,3.0,5589.304721671155,regular,2920.9063937954106,,4410.695278328845,426.0016393000489,0.5,0.0,48.0,13462.886321634958,8975.25754775664,0.6227458868930394,0.6227458868930393
,,greedy_local_search,3156.668444536349,2,exp3:regular:f1.0:v0.5:r010,1.0,3.0,11934.79040540944,,,hardening:regular:r010,3,,,2503.0915082839083,1.0,truthful resolved feasibility,,,7.0,10000.0,Current feasibility,10.0,,0.6219871540841989,0.9021670695887803,1.0,0.0,4828.821103465552,moderate,4828.821103465552,,0.7956526936939626,7956.526936939626,4828.821103465552,,,,3.0,,7956.526936939627,0.4828821103465552,,40010,"[""L000"", ""L007"", ""L013"", ""L015"", ""L021"", ""L024"", ""L025"", ""R000"", ""R004"", ""R005"", ""C001""]",,,11.0,0.0,3.0,7956.526936939626,regular,3127.705833474075,,2043.473063060373,624.6143251901667,0.5,0.0,48.0,12091.128051908718,8060.752034605813,0.9870700528661924,0.9870700528661922
,,greedy_local_search,3160.557603079724,2,exp3:regular:f1.0:v0.5:r011,1.0,3.0,10188.20932528553,,,hardening:regular:r011,3,,,2556.228858221169,1.0,catalog/geography,,,2.0,10000.000000000002,Catalog + geography,7.0,,0.4748387789449673,0.7829017442013358,0.9576044701166628,1796.0306881956326,5545.657295855646,moderate,3749.6266076600136,,0.6792139550190354,6792.1395501903535,3749.6266076600136,,,,6.0,,6792.1395501903535,0.3749626607660013,,40011,"[""L018"", ""L026"", ""R000"", ""R002"", ""R003"", ""R004"", ""R005"", ""R008"", ""C000""]",,,9.0,135.9375398940441,3.0,6792.1395501903535,regular,3042.51294253034,,3207.860449809647,486.28408430917074,0.5,0.0,48.0,14420.089534179915,9613.393022786613,0.7065288534538177,0.7065288534538173
,,greedy_local_search,3160.557603079724,2,exp3:regular:f1.0:v0.5:r011,1.0,3.0,12791.412836401469,,,hardening:regular:r011,3,,,2418.600905692969,1.0,truthful resolved feasibility,,,3.0,10000.000000000002,Current feasibility,9.0,,0.7363816620812518,0.9454245901009446,0.9524525064410204,0.0,5488.834672923822,moderate,5488.834672923822,,0.8527608557600979,8527.60855760098,5488.834672923822,,,,5.0,,8527.60855760098,0.5488834672923821,,40011,"[""L014"", ""L023"", ""L026"", ""R001"", ""R002"", ""R003"", ""R004"", ""R008"", ""C001""]",,,9.0,0.0,3.0,8527.608557600981,regular,3038.7738846771567,,1472.3914423990204,620.172978984188,0.5,0.0,48.0,12791.41283640147,8527.608557600983,0.9999999999999999,0.9999999999999998
,,greedy_local_search,3192.099663508026,2,exp3:regular:f1.0:v0.5:r012,0.0,3.0,11526.483070189654,,,hardening:regular:r012,3,,,2592.948595887535,1.0,catalog/geography,,,1.0,9999.999999999998,Catalog + geography,8.0,,0.7005248257276782,0.8533055892166451,0.7726953843801464,514.2852053443057,5041.459818714653,moderate,4527.174613370347,,0.7684322046793103,7684.322046793102,4527.174613370347,,,,8.0,,7684.322046793101,0.4527174613370348,,40012,"[""L009"", ""R000"", ""R001"", ""R002"", ""R004"", ""R005"", ""R006"", ""R007"", ""R008""]",,,9.0,0.0,3.0,7684.322046793102,regular,3157.147433422754,,2315.6779532068977,564.1988375352196,0.5,0.0,48.0,12389.087448040838,8259.391632027224,0.9303738567131032,0.9303738567131035
,,greedy_local_search,3192.099663508026,2,exp3:regular:f1.0:v0.5:r012,1.0,3.0,12460.69046281924,,,hardening:regular:r012,3,,,2603.4996192309404,1.0,truthful resolved feasibility,,,1.0,9999.999999999998,Current feasibility,8.0,,0.8652140501397392,0.737883140202392,0.9155363794378136,0.0,5118.617239569944,moderate,5118.617239569944,,0.8307126975212826,8307.126975212826,5118.617239569944,,,,6.0,,8307.126975212825,0.5118617239569945,,40012,"[""L032"", ""R000"", ""R001"", ""R002"", ""R004"", ""R005"", ""R007"", ""C001""]",,,8.0,0.0,3.0,8307.126975212825,regular,3188.5097356428805,,1692.8730247871745,585.0101164119403,0.5,0.0,48.0,12460.69046281924,8307.126975212825,1.0,1.0
,,greedy_local_search,3184.1865156025765,2,exp3:regular:f1.0:v0.5:r013,1.0,3.0,10550.173120937305,,,hardening:regular:r013,3,,,2589.111376232719,1.0,catalog/geography,,,2.0,9999.999999999998,Catalog + geography,7.0,,0.6818491263829564,0.6970933645057606,0.7626504513990346,1510.472451604945,5453.981122950143,moderate,3943.508671345198,,0.7033448747291535,7033.448747291535,3943.508671345198,,,,6.0,,7033.448747291535,0.3943508671345198,,40013,"[""L030"", ""L033"", ""R001"", ""R002"", ""R003"", ""R005"", ""R007"", ""R008"", ""C000""]",,,9.0,0.0,3.0,7033.448747291535,regular,3089.9400759463374,,2966.551252708465,500.8286997136182,0.5,0.0,48.0,13487.260036979967,8991.506691319977,0.7822324988181716,0.7822324988181715
,,greedy_local_search,3184.1865156025765,2,exp3:regular:f1.0:v0.5:r013,1.0,3.0,13076.15515436522,,,hardening:regular:r013,3,,,2556.7221162538863,1.0,truthful resolved feasibility,,,3.0,9999.999999999998,Current feasibility,9.0,,0.8122610685456332,0.8969568872388983,0.9614564278926596,0.0,5564.872426037421,moderate,5564.872426037421,,0.8717436769576813,8717.436769576812,5564.872426037421,,,,5.0,,8717.436769576812,0.5564872426037422,,40013,"[""L028"", ""L030"", ""L033"", ""R001"", ""R002"", ""R005"", ""R006"", ""R008"", ""C001""]",,,9.0,0.0,3.0,8717.436769576812,regular,3152.5643435393918,,1282.5632304231876,595.842227285505,0.5,0.0,48.0,13076.15515436522,8717.436769576812,1.0,1.0
,,greedy_local_search,3149.994846744082,2,exp3:regular:f1.0:v0.5:r014,1.0,3.0,9108.04914638322,,,hardening:regular:r014,3,,,2527.5048432012936,1.0,catalog/geography,,,2.0,10000.0,Catalog + geography,6.0,,0.7426767753259389,0.4990267901741327,0.4916967548396456,2645.510825944287,5782.740274739325,moderate,3137.2294487950385,,0.607203276425548,6072.03276425548,3137.2294487950385,,,,6.0,,6072.03276425548,0.3137229448795038,,40014,"[""L017"", ""L035"", ""R000"", ""R002"", ""R005"", ""R006"", ""R007"", ""R008"", ""C000""]",,,9.0,136.66990945248423,3.0,6072.03276425548,regular,2934.803315460442,,3927.96723574452,407.2984722591483,0.5,0.0,48.0,14225.803362977822,9483.868908651879,0.6402484917011164,0.6402484917011166
,,greedy_local_search,3149.994846744082,2,exp3:regular:f1.0:v0.5:r014,1.0,3.0,13178.269041932075,,,hardening:regular:r014,3,,,2486.3862733848755,1.0,truthful resolved feasibility,,,1.0,10000.0,Current feasibility,8.0,,0.8459190368230308,0.8885083625039024,0.9345488800770432,0.0,5712.37418445644,moderate,5712.37418445644,,0.8785512694621385,8785.512694621384,5712.37418445644,,,,6.0,,8785.512694621382,0.571237418445644,,40014,"[""L017"", ""R000"", ""R001"", ""R003"", ""R004"", ""R005"", ""R007"", ""C001""]",,,8.0,0.0,3.0,8785.512694621384,regular,3073.138510164942,,1214.4873053786168,586.7522367800668,0.5,0.0,48.0,13178.269041932082,8785.512694621384,0.9999999999999994,1.0
,,greedy_local_search,3157.5449359068625,2,exp3:regular:f1.0:v0.5:r015,0.0,3.0,11349.553291414057,,,hardening:regular:r015,3,,,2493.8944967737075,1.0,catalog/geography,,,3.0,9999.999999999998,Catalog + geography,9.0,,0.8273877226327512,0.6497428150213931,0.7845121282602238,789.8030933861801,5313.486305785745,moderate,4523.683212399565,,0.7566368860942703,7566.368860942703,4523.683212399565,,,,7.0,,7566.368860942703,0.4523683212399565,,40015,"[""L009"", ""L013"", ""L035"", ""R000"", ""R001"", ""R002"", ""R004"", ""R005"", ""R006"", ""R008""]",,,10.0,0.0,3.0,7566.368860942703,regular,3042.685648543138,,2433.631139057296,548.7911517694306,0.5,0.0,48.0,12604.452660623563,8402.968440415707,0.9004399950558881,0.9004399950558881
,,greedy_local_search,3157.5449359068625,2,exp3:regular:f1.0:v0.5:r015,1.0,3.0,12111.472371304106,,,hardening:regular:r015,3,,,2435.7126480244424,1.0,truthful resolved feasibility,,,7.0,9999.999999999998,Current feasibility,11.0,,0.784062377274215,0.7611272304869491,0.9410444548822238,0.0,5027.617914625142,moderate,5027.617914625142,,0.8074314914202737,8074.314914202737,5027.617914625142,,,,3.0,,8074.314914202738,0.5027617914625142,,40015,"[""L004"", ""L009"", ""L013"", ""L020"", ""L026"", ""L028"", ""L035"", ""R001"", ""R004"", ""R008"", ""C001""]",,,11.0,0.0,3.0,8074.314914202737,regular,3046.6969995775967,,1925.685085797263,610.9843515531543,0.5,0.0,48.0,12158.175957801173,8105.450638534114,0.9961586683184084,0.9961586683184085
,,greedy_local_search,3157.122265676465,2,exp3:regular:f1.0:v0.5:r016,1.0,3.0,11655.929165168898,,,hardening:regular:r016,3,,,2553.447161976496,1.0,catalog/geography,,,4.0,10000.000000000002,Catalog + geography,9.0,,0.6098285990001882,0.8817829563734119,0.970075200319072,497.1113896766774,5158.468021697027,moderate,4661.35663202035,,0.7770619443445932,7770.619443445932,4661.35663202035,,,,5.0,,7770.619443445933,0.4661356632020349,,40016,"[""L000"", ""L020"", ""L025"", ""L035"", ""R001"", ""R002"", ""R003"", ""R004"", ""R008"", ""C001""]",,,10.0,0.0,3.0,7770.619443445934,regular,3109.262811425583,,2229.380556554067,555.8156494490875,0.5,0.0,48.0,13481.699804097872,8987.799869398586,0.864574151222829,0.8645741512228288
,,greedy_local_search,3157.122265676465,2,exp3:regular:f1.0:v0.5:r016,1.0,3.0,12397.929413117508,,,hardening:regular:r016,3,,,2460.0360781270065,1.0,truthful resolved feasibility,,,5.0,10000.000000000002,Current feasibility,10.0,,0.7156582616672387,0.8870496277917014,0.970075200319072,0.0,5193.997983881662,moderate,5193.997983881662,,0.8265286275411672,8265.286275411672,5193.997983881662,,,,4.0,,8265.286275411672,0.5193997983881661,,40016,"[""L000"", ""L019"", ""L020"", ""L025"", ""L035"", ""R002"", ""R003"", ""R004"", ""R005"", ""C001""]",,,10.0,0.0,3.0,8265.286275411672,regular,3071.2882915300106,,1734.7137245883268,611.2522134030039,0.5,0.0,48.0,12398.01353459001,8265.342356393343,0.9999932149233207,0.9999932149233205
,,greedy_local_search,3219.934328513683,2,exp3:regular:f1.0:v0.5:r017,2.0,3.0,10548.288716882813,,,hardening:regular:r017,3,,,2671.719792786708,1.0,catalog/geography,,,1.0,10000.000000000002,Catalog + geography,8.0,,0.5697485234970926,0.8238561317435361,0.79241383054129,1574.8213531202027,5460.571948573109,moderate,3885.750595452906,,0.7032192477921874,7032.192477921873,3885.750595452906,,,,5.0,,7032.192477921873,0.3885750595452905,,40017,"[""L009"", ""R001"", ""R002"", ""R004"", ""R005"", ""R008"", ""C001"", ""C002""]",,,8.0,0.0,3.0,7032.1924779218725,regular,3146.4418824689674,,2967.8075220781266,474.72208968226016,0.5,0.0,48.0,14770.340395445488,9846.893596963664,0.7141533935220229,0.7141533935220222
,,greedy_local_search,3219.934328513683,2,exp3:regular:f1.0:v0.5:r017,0.0,3.0,12125.276971692096,,,hardening:regular:r017,3,,,2557.693610518572,1.0,truthful resolved feasibility,,,3.0,10000.000000000002,Current feasibility,10.0,,0.7311055265145802,0.8511870960176531,0.9071941378753334,0.0,4910.221356944845,moderate,4910.221356944845,,0.8083517981128063,8083.517981128063,4910.221356944845,,,,7.0,,8083.517981128063,0.4910221356944844,,40017,"[""L009"", ""L020"", ""L032"", ""R000"", ""R001"", ""R002"", ""R004"", ""R005"", ""R007"", ""R008""]",,,10.0,0.0,3.0,8083.517981128063,regular,3173.2966241832187,,1916.4820188719373,615.6030136646468,0.5,0.0,48.0,12125.276971692096,8083.517981128067,1.0,0.9999999999999996
,,greedy_local_search,3175.553828239308,2,exp3:regular:f1.0:v0.5:r018,1.0,3.0,9869.657178250198,,,hardening:regular:r018,3,,,2593.0928218313147,1.0,catalog/geography,,,2.0,9999.999999999996,Catalog + geography,9.0,,0.6152404390504366,0.6691042878197411,0.73466223453537,2011.74047008806,5526.325004366889,moderate,3514.5845342788284,,0.6579771452166798,6579.771452166799,3514.5845342788284,,,,6.0,,6579.771452166799,0.3514584534278829,,40018,"[""L007"", ""L016"", ""R000"", ""R002"", ""R003"", ""R005"", ""R007"", ""R008"", ""C002""]",,,9.0,0.0,3.0,6579.7714521668,regular,3065.18691788797,,3420.228547833201,472.09409605665553,0.5,0.0,48.0,13684.581220379838,9123.05414691989,0.7212246410253137,0.721224641025314
,,greedy_local_search,3175.553828239308,2,exp3:regular:f1.0:v0.5:r018,1.0,3.0,12935.457200653573,,,hardening:regular:r018,3,,,2565.499524045834,1.0,truthful resolved feasibility,,,2.0,9999.999999999996,Current feasibility,9.0,,0.782468887434842,0.8864366115177886,1.0000000000000002,0.0,5462.475850642924,moderate,5462.475850642924,,0.8623638133769047,8623.638133769047,5462.475850642924,,,,6.0,,8623.638133769047,0.5462475850642926,,40018,"[""L016"", ""L024"", ""R000"", ""R001"", ""R003"", ""R004"", ""R005"", ""R007"", ""C001""]",,,9.0,0.0,3.0,8623.638133769051,regular,3161.1622831261234,,1376.361866230951,595.6627590802896,0.5,0.0,48.0,13016.161119021202,8677.440746014132,0.9937997142452629,0.9937997142452636
,,greedy_local_search,3116.235950464716,2,exp3:regular:f1.0:v0.5:r019,2.0,3.0,10617.21162541398,,,hardening:regular:r019,3,,,2565.458833417412,1.0,catalog/geography,,,0.0,10000.000000000002,Catalog + geography,6.0,,0.7887250033172796,0.6554074484697903,0.6174762495186477,1396.0787391428055,5482.076340939914,moderate,4085.997601797109,,0.707814108360932,7078.141083609319,4085.997601797109,,,,5.0,,7078.141083609319,0.4085997601797108,,40019,"[""R001"", ""R002"", ""R003"", ""R007"", ""R008"", ""C000"", ""C001""]",,,7.0,0.0,3.0,7078.141083609319,regular,2992.1434818122107,,2921.858916390681,426.6846483947992,0.5,0.0,48.0,14817.145666690949,9878.097111127303,0.7165490482611336,0.7165490482611333
,,greedy_local_search,3116.235950464716,2,exp3:regular:f1.0:v0.5:r019,1.0,3.0,12630.859220285309,,,hardening:regular:r019,3,,,2503.1668894937484,1.0,truthful resolved feasibility,,,7.0,10000.000000000002,Current feasibility,11.0,,0.8650897483366347,0.8357466131367876,0.8012779000149631,0.0,5304.336863058823,moderate,5304.336863058823,,0.8420572813523538,8420.572813523539,5304.336863058823,,,,3.0,,8420.572813523539,0.5304336863058822,,40019,"[""L009"", ""L013"", ""L014"", ""L021"", ""L031"", ""L032"", ""L035"", ""R001"", ""R002"", ""R007"", ""C001""]",,,11.0,0.0,3.0,8420.572813523539,regular,3116.235950464716,,1579.4271864764614,613.0690609709677,0.5,0.0,48.0,12791.21578254123,8527.477188360826,0.9874635402152473,0.9874635402152465
,,greedy_local_search,3173.5643698667427,2,exp3:regular:f1.0:v1.0:r000,2.0,3.0,9618.720165963785,,,hardening:regular:r000,3,,,2304.925519399561,1.0,catalog/geography,,,2.0,10000.000000000002,Catalog + geography,6.0,,0.6215452304909845,0.6867615085930959,0.605930646678628,667.0577530426217,3969.305015651097,moderate,3302.2472626084755,,0.6412480110642522,6412.480110642522,3302.2472626084755,,,,3.0,,6412.480110642522,0.3302247262608475,,40000,"[""L017"", ""L019"", ""R002"", ""R006"", ""R007"", ""C000"", ""C001""]",,,7.0,0.0,3.0,6412.480110642522,regular,3110.2328480340466,,3587.519889357478,805.3073286344854,1.0,0.0,48.0,12328.080559240778,8218.720372827189,0.7802285294732169,0.7802285294732163
,,greedy_local_search,3173.5643698667427,2,exp3:regular:f1.0:v1.0:r000,1.0,3.0,11299.05547025166,,,hardening:regular:r000,3,,,2195.374424629724,1.0,truthful resolved feasibility,,,1.0,10000.000000000002,Current feasibility,7.0,,0.6837473748020951,0.8405590516092323,0.7569418897963499,0.0,4367.161137803679,moderate,4367.161137803679,,0.7532703646834441,7532.703646834441,4367.161137803679,,,,5.0,,7532.70364683444,0.4367161137803678,,40000,"[""L017"", ""R001"", ""R002"", ""R005"", ""R006"", ""R007"", ""C001""]",,,7.0,0.0,3.0,7532.703646834439,regular,3165.5425090307617,,2467.29635316556,970.1680844010376,1.0,0.0,48.0,11299.055470251662,7532.703646834443,0.9999999999999999,0.9999999999999994
,,greedy_local_search,3169.8463396134275,2,exp3:regular:f1.0:v1.0:r001,1.0,3.0,7959.32220203124,,,hardening:regular:r001,3,,,2141.418663532496,1.0,catalog/geography,,,1.0,9999.999999999998,Catalog + geography,5.0,,0.5536490067932489,0.4012101303223171,0.7052794073282153,1761.1399829674929,4181.902705490098,moderate,2420.762722522605,,0.530621480135416,5306.21480135416,2420.762722522605,,,,5.0,,5306.21480135416,0.2420762722522605,,40001,"[""L006"", ""R002"", ""R004"", ""R005"", ""R007"", ""R008"", ""C000""]",,,7.0,0.0,3.0,5306.214801354161,regular,2885.452078831555,,4693.785198645839,744.0334152990588,1.0,0.0,48.0,11934.10163240723,7956.067754938153,0.6669393681395827,0.6669393681395829
,,greedy_local_search,3169.8463396134275,2,exp3:regular:f1.0:v1.0:r001,1.0,3.0,11296.784642645827,,,hardening:regular:r001,3,,,2001.2630069901932,1.0,truthful resolved feasibility,,,0.0,9999.999999999998,Current feasibility,6.0,,0.7413195505375934,0.6993903254446039,0.873692822644301,0.0,4526.819713111782,moderate,4526.819713111782,,0.7531189761763886,7531.189761763886,4526.819713111782,,,,5.0,,7531.189761763886,0.4526819713111783,,40001,"[""R002"", ""R004"", ""R005"", ""R007"", ""R008"", ""C001""]",,,6.0,0.0,3.0,7531.189761763886,regular,3004.370048652104,,2468.810238236113,1003.1070416619106,1.0,0.0,48.0,11296.784642645827,7531.189761763885,1.0,1.0000000000000002
,,greedy_local_search,3160.6718778658683,2,exp3:regular:f1.0:v1.0:r002,1.0,3.0,7631.633422193501,,,hardening:regular:r002,3,,,2197.98863027783,1.0,catalog/geography,,,3.0,10000.000000000002,Catalog + geography,5.0,,0.5706482370373758,0.3499874890677758,0.6474411681951309,1749.7626734952191,3929.125809646274,moderate,2179.3631361510547,,0.5087755614795667,5087.755614795668,2179.3631361510547,,,,4.0,,5087.755614795668,0.2179363136151054,,40002,"[""L000"", ""L004"", ""L022"", ""R001"", ""R004"", ""R005"", ""R007"", ""C002""]",,,8.0,149.05383568584787,3.0,5087.755614795668,regular,2908.3924786446128,,4912.244385204333,710.4038483667828,1.0,0.0,48.0,11690.226909256175,7793.484606170784,0.6528216673151888,0.6528216673151888
,,greedy_local_search,3160.6718778658683,2,exp3:regular:f1.0:v1.0:r002,0.0,3.0,10051.943464983968,,,hardening:regular:r002,3,,,2101.392716188005,1.0,truthful resolved feasibility,,,4.0,10000.000000000002,Current feasibility,9.0,,0.626281083929686,0.7289661136852865,0.6658246838702775,0.0,3573.0651571306107,moderate,3573.0651571306107,,0.6701295643322643,6701.2956433226445,3573.0651571306107,,,,5.0,,6701.2956433226445,0.357306515713061,,40002,"[""L005"", ""L023"", ""L032"", ""L033"", ""R001"", ""R002"", ""R004"", ""R005"", ""R007""]",,,9.0,0.0,3.0,6701.2956433226445,regular,3128.230486192034,,3298.7043566773564,1026.8377700040285,1.0,0.0,48.0,10051.943464983966,6701.2956433226445,1.0000000000000002,1.0
,,greedy_local_search,3124.359200707915,2,exp3:regular:f1.0:v1.0:r003,2.0,3.0,9326.1267827928,,,hardening:regular:r003,3,,,2213.059267741424,1.0,catalog/geography,,,0.0,10000.0,Catalog + geography,5.0,,0.6142532689540181,0.5586033715341198,0.7490831722663488,1261.0595020327278,4514.1992630258765,moderate,3253.1397609931487,,0.6217417855195199,6217.417855195199,3253.1397609931487,,,,4.0,,6217.417855195199,0.3253139760993149,,40003,"[""R000"", ""R002"", ""R003"", ""R006"", ""C000"", ""C001""]",,,6.0,0.0,3.0,6217.417855195199,regular,2964.2780942020504,,3782.582144804802,751.2188264606265,1.0,0.0,48.0,13224.389542909246,8816.25969527283,0.7052217232812349,0.7052217232812347
,,greedy_local_search,3124.359200707915,2,exp3:regular:f1.0:v1.0:r003,1.0,3.0,11242.131993727427,,,hardening:regular:r003,3,,,2150.501383292649,1.0,truthful resolved feasibility,,,1.0,10000.0,Current feasibility,7.0,,0.7427285016522082,0.7294483171192577,0.7997036475663063,0.0,4378.046661346888,moderate,4378.046661346888,,0.7494754662484951,7494.754662484952,4378.046661346888,,,,5.0,,7494.754662484952,0.4378046661346887,,40003,"[""L002"", ""R000"", ""R002"", ""R003"", ""R006"", ""R007"", ""C001""]",,,7.0,0.0,3.0,7494.754662484953,regular,3116.708001138064,,2505.245337515049,966.2066178454154,1.0,0.0,48.0,11632.29895926559,7754.865972843727,0.9664583100121082,0.9664583100121084
,,greedy_local_search,3114.147193190104,2,exp3:regular:f1.0:v1.0:r004,1.0,3.0,9291.774452580205,,,hardening:regular:r004,3,,,2113.52060305079,1.0,catalog/geography,,,1.0,10000.0,Catalog + geography,6.0,,0.6018819866903634,0.6903367210516613,0.5349344189663429,832.7978903837984,4057.4922510502265,moderate,3224.694360666428,,0.6194516301720134,6194.516301720136,3224.694360666428,,,,5.0,,6194.516301720136,0.3224694360666428,,40004,"[""L009"", ""R002"", ""R004"", ""R005"", ""R006"", ""R008"", ""C001""]",,,7.0,0.0,3.0,6194.516301720136,regular,2969.821941053708,,3805.4836982798647,856.3013380029174,1.0,0.0,48.0,12087.101693727634,8058.067795818421,0.7687346965403616,0.7687346965403619
,,greedy_local_search,3114.147193190104,2,exp3:regular:f1.0:v1.0:r004,1.0,3.0,10327.011231910035,,,hardening:regular:r004,3,,,2120.4029809603003,1.0,truthful resolved feasibility,,,1.0,10000.0,Current feasibility,7.0,,0.619587631109279,0.7752613960886159,0.6915574641523895,0.0,3809.571972533629,moderate,3809.571972533629,,0.6884674154606688,6884.67415460669,3809.571972533629,,,,5.0,,6884.67415460669,0.3809571972533629,,40004,"[""L009"", ""R000"", ""R004"", ""R005"", ""R006"", ""R007"", ""C001""]",,,7.0,0.0,3.0,6884.67415460669,regular,3075.10218207306,,3115.3258453933117,954.6992011127596,1.0,0.0,48.0,11579.643817917688,7719.762545278457,0.8918246013690508,0.891824601369051
,,greedy_local_search,3198.861412389728,2,exp3:regular:f1.0:v1.0:r005,1.0,3.0,9769.197112615995,,,hardening:regular:r005,3,,,2189.499444193796,1.0,catalog/geography,,,1.0,9999.999999999996,Catalog + geography,4.0,,0.8214926317101596,0.280022174775541,0.918001810333609,573.8711110013865,4101.136477924571,moderate,3527.265366923185,,0.651279807507733,6512.7980750773295,3527.265366923185,,,,5.0,,6512.7980750773295,0.3527265366923186,,40005,"[""L005"", ""R000"", ""R002"", ""R004"", ""R005"", ""R008"", ""C001""]",,,7.0,149.64596412175058,3.0,6512.7980750773295,regular,2985.5327081541445,,3487.20192492267,796.0332639603489,1.0,0.0,48.0,11686.069686649475,7790.713124432981,0.8359694383627223,0.8359694383627224
,,greedy_local_search,3198.861412389728,2,exp3:regular:f1.0:v1.0:r005,1.0,3.0,11372.745363503953,,,hardening:regular:r005,3,,,2173.6638440208126,1.0,truthful resolved feasibility,,,1.0,9999.999999999996,Current feasibility,6.0,,0.81684958646936,0.5683644511608811,0.9583657620803816,0.0,4415.337382825088,moderate,4415.337382825088,,0.7581830242335966,7581.830242335966,4415.337382825088,,,,5.0,,7581.830242335966,0.4415337382825089,,40005,"[""L009"", ""R000"", ""R002"", ""R003"", ""R004"", ""R008"", ""C001""]",,,7.0,0.0,3.0,7581.830242335966,regular,3166.4928595108786,,2418.169757664033,992.829015490066,1.0,0.0,48.0,11530.3633102364,7686.908873490932,0.9863301838379613,0.9863301838379612
,,greedy_local_search,3122.879618156244,2,exp3:regular:f1.0:v1.0:r006,1.0,3.0,10810.81094527581,,,hardening:regular:r006,3,,,2141.3045878105563,1.0,catalog/geography,,,1.0,10000.000000000002,Catalog + geography,7.0,,0.6136928646179141,0.8635571664576774,0.7115696617340275,273.2745995856294,4432.613645674176,moderate,4159.339046088547,,0.720720729685054,7207.20729685054,4159.339046088547,,,,5.0,,7207.207296850539,0.4159339046088546,,40006,"[""L034"", ""R001"", ""R004"", ""R005"", ""R007"", ""R008"", ""C001""]",,,7.0,0.0,3.0,7207.20729685054,regular,3047.8682507619924,,2792.79270314946,906.5636629514358,1.0,0.0,48.0,12102.244088981519,8068.1627259876805,0.8932897788037929,0.8932897788037927
,,greedy_local_search,3122.879618156244,2,exp3:regular:f1.0:v1.0:r006,1.0,3.0,11441.31675750392,,,hardening:regular:r006,3,,,2173.764441606428,1.0,truthful resolved feasibility,,,1.0,10000.000000000002,Current feasibility,7.0,,0.5942198847922391,0.962127982929478,0.793053541592182,0.0,4514.15155566212,moderate,4514.15155566212,,0.7627544505002614,7627.544505002614,4514.15155566212,,,,5.0,,7627.544505002612,0.4514151555662119,,40006,"[""L034"", ""R001"", ""R002"", ""R003"", ""R004"", ""R007"", ""C001""]",,,7.0,0.0,3.0,7627.544505002614,regular,3113.392949340492,,2372.455494997387,939.6285077340644,1.0,0.0,48.0,11645.663864000771,7763.77590933385,0.9824529448142041,0.9824529448142038
,,greedy_local_search,3115.6062898195664,2,exp3:regular:f1.0:v1.0:r007,2.0,3.0,5456.150559804653,,,hardening:regular:r007,3,,,2258.05739439225,1.0,catalog/geography,,,1.0,9999.999999999998,Catalog + geography,3.0,,0.3237373298524919,0.2904394608295116,0.5820388046484657,3183.5074533238635,4087.853636639428,moderate,904.3461833155644,,0.3637433706536435,3637.4337065364352,904.3461833155644,,,,4.0,,3637.4337065364352,0.0904346183315564,,40007,"[""L029"", ""R003"", ""R004"", ""R006"", ""R008"", ""C000"", ""C002""]",,,7.0,498.51724735333175,3.0,3637.4337065364352,regular,2733.087523220871,,6362.566293463563,475.0301288286208,1.0,0.0,48.0,13556.54558374529,9037.697055830191,0.4024735155500634,0.4024735155500635
,,greedy_local_search,3115.6062898195664,2,exp3:regular:f1.0:v1.0:r007,1.0,3.0,10644.16397164411,,,hardening:regular:r007,3,,,2129.646010762552,1.0,truthful resolved feasibility,,,2.0,9999.999999999998,Current feasibility,7.0,,0.5589746849376602,0.76240711541936,0.956149164121088,0.0,3984.578298628103,moderate,3984.578298628103,,0.7096109314429406,7096.109314429406,3984.578298628103,,,,4.0,,7096.109314429406,0.3984578298628103,,40007,"[""L012"", ""L030"", ""R000"", ""R001"", ""R004"", ""R007"", ""C001""]",,,7.0,0.0,3.0,7096.109314429406,regular,3111.5310158013035,,2903.8906855705927,981.8850050387516,1.0,0.0,48.0,10882.841304363781,7255.227536242517,0.9780684725574408,0.9780684725574412
,,greedy_local_search,3204.768007661325,2,exp3:regular:f1.0:v1.0:r008,1.0,3.0,8341.414225878812,,,hardening:regular:r008,3,,,2201.294617155283,1.0,catalog/geography,,,1.0,9999.999999999998,Catalog + geography,5.0,,0.4497602305445832,0.6770177516950082,0.5837298244346939,1508.0199932273172,4094.4690910818367,moderate,2586.44909785452,,0.5560942817252541,5560.942817252541,2586.44909785452,,,,5.0,,5560.942817252541,0.258644909785452,,40008,"[""L026"", ""R000"", ""R001"", ""R002"", ""R004"", ""R008"", ""C002""]",,,7.0,0.0,3.0,5560.942817252541,regular,2974.4937193980218,,4439.057182747459,773.1991022427386,1.0,0.0,48.0,11719.115130057959,7812.743420038638,0.7117785031810298,0.7117785031810299
,,greedy_local_search,3204.768007661325,2,exp3:regular:f1.0:v1.0:r008,0.0,3.0,9806.89768002682,,,hardening:regular:r008,3,,,2138.841852912563,1.0,truthful resolved feasibility,,,2.0,9999.999999999998,Current feasibility,8.0,,0.639542276495111,0.5362611477952244,0.8915387625866313,0.0,3450.9725309255155,moderate,3450.9725309255155,,0.6537931786684548,6537.931786684548,3450.9725309255155,,,,6.0,,6537.931786684548,0.3450972530925516,,40008,"[""L021"", ""L032"", ""R000"", ""R001"", ""R003"", ""R004"", ""R005"", ""R008""]",,,8.0,0.0,3.0,6537.931786684547,regular,3086.959255759032,,3462.068213315453,948.1174028464696,1.0,0.0,48.0,9848.51191773553,6565.674611823686,0.9957745659388633,0.9957745659388635
,,greedy_local_search,3136.9553617898514,2,exp3:regular:f1.0:v1.0:r009,0.0,3.0,9502.804318981824,,,hardening:regular:r009,3,,,2044.0520594550435,1.0,catalog/geography,,,2.0,9999.999999999998,Catalog + geography,7.0,,0.4740572490667374,0.687548643209322,0.8977625036441361,742.2473145997856,4147.35205627375,moderate,3405.104741673965,,0.6335202879321218,6335.202879321218,3405.104741673965,,,,6.0,,6335.202879321218,0.3405104741673965,,40009,"[""L002"", ""L005"", ""R000"", ""R001"", ""R002"", ""R003"", ""R006"", ""R008""]",,,8.0,0.0,3.0,6335.202879321218,regular,2930.0981376472528,,3664.797120678783,886.0460781922093,1.0,0.0,48.0,10799.585418515378,7199.723612343585,0.8799230665549175,0.8799230665549178
,,greedy_local_search,3136.9553617898514,2,exp3:regular:f1.0:v1.0:r009,1.0,3.0,11397.824519992831,,,hardening:regular:r009,3,,,2176.828360032627,1.0,truthful resolved feasibility,,,1.0,9999.999999999998,Current feasibility,7.0,,0.7279694156548213,0.7098692572436999,0.9190724545977884,0.0,4476.780374436171,moderate,4476.780374436171,,0.7598549679995223,7598.549679995223,4476.780374436171,,,,5.0,,7598.549679995223,0.4476780374436171,,40009,"[""L002"", ""R000"", ""R001"", ""R002"", ""R003"", ""R007"", ""C001""]",,,7.0,0.0,3.0,7598.549679995222,regular,3121.769305559053,,2401.450320004777,944.9409455264253,1.0,0.0,48.0,11397.824519992835,7598.549679995222,0.9999999999999997,1.0
,,greedy_local_search,3156.668444536349,2,exp3:regular:f1.0:v1.0:r010,1.0,3.0,7757.432293127633,,,hardening:regular:r010,3,,,2182.167645261778,1.0,catalog/geography,,,1.0,10000.0,Catalog + geography,6.0,,0.3295069491884779,0.7227967950122823,0.5795257374303078,1917.8503453518097,4132.387407451489,moderate,2214.537062099679,,0.5171621528751755,5171.621528751755,2214.537062099679,,,,5.0,,5171.621528751755,0.2214537062099679,,40010,"[""L029"", ""R000"", ""R003"", ""R005"", ""R007"", ""R008"", ""C000""]",,,7.0,0.0,3.0,5171.621528751755,regular,2957.084466652076,,4828.378471248245,774.9168213902982,1.0,0.0,48.0,11962.005231856627,7974.670154571086,0.6485060107203782,0.6485060107203781
,,greedy_local_search,3156.668444536349,2,exp3:regular:f1.0:v1.0:r010,1.0,3.0,10529.236839128487,,,hardening:regular:r010,3,,,2064.60969865872,1.0,truthful resolved feasibility,,,4.0,10000.0,Current feasibility,7.0,,0.4952496189603736,0.9237611336295724,0.7788519865302375,0.0,3890.4192968319503,moderate,3890.4192968319503,,0.701949122608566,7019.49122608566,3890.4192968319503,,,,3.0,,7019.49122608566,0.389041929683195,,40010,"[""L000"", ""L007"", ""L013"", ""L025"", ""R000"", ""R005"", ""R007"", ""C001""]",,,8.0,0.0,3.0,7019.491226085658,regular,3129.0719292537096,,2980.5087739143405,1064.4622305949897,1.0,0.0,48.0,10766.040676181194,7177.3604507874625,0.9780045567191092,0.9780045567191092
,,greedy_local_search,3160.557603079724,2,exp3:regular:f1.0:v1.0:r011,1.0,3.0,8888.466148108115,,,hardening:regular:r011,3,,,2133.810335365187,1.0,catalog/geography,,,1.0,10000.000000000002,Catalog + geography,6.0,,0.3566753474826582,0.7635847167088016,0.8240292632929881,1279.814972408537,4210.843992074656,moderate,2931.029019666119,,0.5925644098738743,5925.644098738743,2931.029019666119,,,,5.0,,5925.644098738744,0.2931029019666118,,40011,"[""L014"", ""R002"", ""R003"", ""R004"", ""R005"", ""R008"", ""C000""]",,,7.0,0.0,3.0,5925.644098738744,regular,2994.615079072625,,4074.355901261257,860.8047437074381,1.0,0.0,48.0,12393.096594467148,8262.064396311434,0.7172110763726588,0.7172110763726587
,,greedy_local_search,3160.557603079724,2,exp3:regular:f1.0:v1.0:r011,1.0,3.0,11333.93989472086,,,hardening:regular:r011,3,,,2125.167307084085,1.0,truthful resolved feasibility,,,1.0,10000.000000000002,Current feasibility,7.0,,0.55519845141891,0.8735905424082313,1.0,0.0,4409.621573198394,moderate,4409.621573198394,,0.7555959929813905,7555.959929813905,4409.621573198394,,,,5.0,,7555.959929813905,0.4409621573198393,,40011,"[""L026"", ""R000"", ""R002"", ""R003"", ""R004"", ""R008"", ""C001""]",,,7.0,0.0,3.0,7555.959929813906,regular,3146.338356615511,,2444.040070186096,1021.171049531426,1.0,0.0,48.0,11585.975671285953,7723.983780857305,0.9782464780079139,0.9782464780079134
,,greedy_local_search,3192.099663508026,2,exp3:regular:f1.0:v1.0:r012,0.0,3.0,9509.56087496095,,,hardening:regular:r012,3,,,2148.546993120903,1.0,catalog/geography,,,0.0,9999.999999999998,Catalog + geography,6.0,,0.5832120849833768,0.6542158205759613,0.7127487477664527,496.682177998784,3769.779410313733,moderate,3273.0972323149485,,0.6339707249973966,6339.707249973966,3273.0972323149485,,,,7.0,,6339.707249973965,0.3273097232314949,,40012,"[""R001"", ""R002"", ""R004"", ""R005"", ""R006"", ""R007"", ""R008""]",,,7.0,0.0,3.0,6339.707249973965,regular,3066.6100176590166,,3660.292750026034,918.0630245381136,1.0,0.0,48.0,10372.165252812132,6914.776835208087,0.9168346862177778,0.9168346862177779
,,greedy_local_search,3192.099663508026,2,exp3:regular:f1.0:v1.0:r012,1.0,3.0,10523.392703496753,,,hardening:regular:r012,3,,,2212.409310172163,1.0,truthful resolved feasibility,,,0.0,9999.999999999998,Current feasibility,6.0,,0.7396612005889551,0.5593814958301208,0.86464224880439,0.0,3867.18944893347,moderate,3867.18944893347,,0.70155951356645,7015.5951356645,3867.18944893347,,,,5.0,,7015.5951356645,0.386718944893347,,40012,"[""R001"", ""R004"", ""R005"", ""R006"", ""R007"", ""C001""]",,,6.0,0.0,3.0,7015.5951356645,regular,3148.40568673103,,2984.404864335499,935.9963765588674,1.0,0.0,48.0,10523.392703496751,7015.5951356645,1.0000000000000002,1.0
,,greedy_local_search,3184.1865156025765,2,exp3:regular:f1.0:v1.0:r013,1.0,3.0,8941.44215082721,,,hardening:regular:r013,3,,,2173.665279157648,1.0,catalog/geography,,,1.0,9999.999999999998,Catalog + geography,5.0,,0.5787854387668239,0.5481245338882442,0.7189955454126218,1219.0088997814082,4175.955791499812,moderate,2956.946891718404,,0.5960961433884806,5960.961433884806,2956.946891718404,,,,5.0,,5960.961433884807,0.2956946891718404,,40013,"[""L030"", ""R001"", ""R002"", ""R005"", ""R007"", ""R008"", ""C000""]",,,7.0,0.0,3.0,5960.961433884806,regular,3004.014542166403,,4039.038566115194,830.3492630087546,1.0,0.0,48.0,11513.659081055182,7675.772720703455,0.7765943118412849,0.7765943118412848
,,greedy_local_search,3184.1865156025765,2,exp3:regular:f1.0:v1.0:r013,1.0,3.0,11215.885692831414,,,hardening:regular:r013,3,,,2168.4064714020096,1.0,truthful resolved feasibility,,,3.0,9999.999999999998,Current feasibility,8.0,,0.7012625830295024,0.7600377521444213,0.8307216862080198,0.0,4300.456272662435,moderate,4300.456272662435,,0.7477257128554277,7477.257128554276,4300.456272662435,,,,4.0,,7477.257128554276,0.4300456272662436,,40013,"[""L028"", ""L030"", ""L033"", ""R001"", ""R002"", ""R004"", ""R008"", ""C001""]",,,8.0,0.0,3.0,7477.257128554276,regular,3176.800855891841,,2522.742871445725,1008.3943844898312,1.0,0.0,48.0,11220.538860216504,7480.359240144335,0.9995852991159285,0.9995852991159287
,,greedy_local_search,3149.994846744082,2,exp3:regular:f1.0:v1.0:r014,1.0,3.0,8437.889896469245,,,hardening:regular:r014,3,,,2084.541909803668,1.0,catalog/geography,,,1.0,10000.0,Catalog + geography,6.0,,0.6544050124589923,0.484869675781354,0.4916967548396456,1626.6841612379912,4421.86362276831,moderate,2795.179461530319,,0.5625259930979497,5625.259930979497,2795.179461530319,,,,5.0,,5625.259930979496,0.2795179461530319,,40014,"[""L017"", ""R000"", ""R002"", ""R005"", ""R006"", ""R007"", ""C000""]",,,7.0,0.0,3.0,5625.259930979496,regular,2830.080469449177,,4374.740069020505,745.5385596455089,1.0,0.0,48.0,12047.170393282318,8031.446928854877,0.7004042958647234,0.7004042958647234
,,greedy_local_search,3149.994846744082,2,exp3:regular:f1.0:v1.0:r014,1.0,3.0,11612.643469247312,,,hardening:regular:r014,3,,,2142.4661804344587,1.0,truthful resolved feasibility,,,1.0,10000.0,Current feasibility,7.0,,0.7056654007855284,0.8311866142209623,0.8285574297616475,0.0,4597.710751224393,moderate,4597.710751224393,,0.774176231283154,7741.762312831541,4597.710751224393,,,,5.0,,7741.762312831541,0.4597710751224393,,40014,"[""L017"", ""R000"", ""R001"", ""R004"", ""R005"", ""R007"", ""C001""]",,,7.0,0.0,3.0,7741.762312831541,regular,3144.051561607148,,2258.23768716846,1001.585381172689,1.0,0.0,48.0,11612.643469247318,7741.762312831541,0.9999999999999996,1.0
,,greedy_local_search,3157.5449359068625,2,exp3:regular:f1.0:v1.0:r015,1.0,3.0,8858.154816882146,,,hardening:regular:r015,3,,,2284.582416020416,1.0,catalog/geography,,,0.0,9999.999999999998,Catalog + geography,5.0,,0.5748511536970891,0.5398420056000321,0.714579666675542,1236.2152824377918,4123.392197689672,moderate,2887.17691525188,,0.5905436544588097,5905.436544588098,2887.17691525188,,,,6.0,,5905.436544588098,0.288717691525188,,40015,"[""R000"", ""R001"", ""R004"", ""R005"", ""R006"", ""R008"", ""C000""]",,,7.0,0.0,3.0,5905.436544588098,regular,3018.2596293362176,,4094.5634554119024,733.6772133158021,1.0,0.0,48.0,12535.558007839729,8357.038671893151,0.7066422421197575,0.7066422421197576
,,greedy_local_search,3157.5449359068625,2,exp3:regular:f1.0:v1.0:r015,1.0,3.0,10713.68571594225,,,hardening:regular:r015,3,,,2121.7478636443047,1.0,truthful resolved feasibility,,,5.0,9999.999999999998,Current feasibility,9.0,,0.7041772193021991,0.6163705263491861,0.9081814074397268,0.0,3984.9122080546367,moderate,3984.9122080546367,,0.71424571439615,7142.4571439615,3984.9122080546367,,,,3.0,,7142.457143961499,0.3984912208054637,,40015,"[""L004"", ""L009"", ""L013"", ""L028"", ""L035"", ""R001"", ""R004"", ""R008"", ""C001""]",,,9.0,0.0,3.0,7142.457143961501,regular,3157.5449359068625,,2857.542856038499,1035.797072262558,1.0,0.0,48.0,10817.535641929784,7211.690427953188,0.9903998535872623,0.9903998535872627
,,greedy_local_search,3157.122265676465,2,exp3:regular:f1.0:v1.0:r016,1.0,3.0,8141.048633619203,,,hardening:regular:r016,3,,,2199.699769162313,1.0,catalog/geography,,,1.0,10000.000000000002,Catalog + geography,6.0,,0.5260293466617165,0.4013231670365693,0.8278013055702094,1496.8490185562068,3973.784481696287,moderate,2476.93546314008,,0.5427365755746135,5427.365755746136,2476.93546314008,,,,5.0,,5427.365755746136,0.2476935463140079,,40016,"[""L020"", ""R001"", ""R002"", ""R003"", ""R004"", ""R008"", ""C000""]",,,7.0,0.0,3.0,5427.365755746136,regular,2950.4302926060554,,4572.634244253864,750.7305234437424,1.0,0.0,48.0,11147.443955813917,7431.629303875947,0.7303063075166449,0.7303063075166447
,,greedy_local_search,3157.122265676465,2,exp3:regular:f1.0:v1.0:r016,1.0,3.0,11003.79276626043,,,hardening:regular:r016,3,,,2132.539278197888,1.0,truthful resolved feasibility,,,3.0,10000.000000000002,Current feasibility,8.0,,0.6265308360765536,0.8173915630539169,0.8278013055702094,0.0,4183.573410630256,moderate,4183.573410630256,,0.733586184417362,7335.86184417362,4183.573410630256,,,,4.0,,7335.861844173619,0.4183573410630255,,40016,"[""L020"", ""L025"", ""L035"", ""R002"", ""R003"", ""R004"", ""R005"", ""C001""]",,,8.0,0.0,3.0,7335.86184417362,regular,3152.2884335433628,,2664.13815582638,1019.749155345475,1.0,0.0,48.0,11003.876887732931,7335.9179251552905,0.9999923552877445,0.9999923552877441
,,greedy_local_search,3219.934328513683,2,exp3:regular:f1.0:v1.0:r017,2.0,3.0,8738.886924433169,,,hardening:regular:r017,3,,,2316.286113825685,1.0,catalog/geography,,,0.0,10000.000000000002,Catalog + geography,6.0,,0.3751215654844253,0.7511160088782967,0.754485770267413,1528.797470671164,4285.575063332888,moderate,2756.777592661724,,0.5825924616288779,5825.924616288778,2756.777592661724,,,,4.0,,5825.924616288779,0.2756777592661724,,40017,"[""R001"", ""R004"", ""R007"", ""R008"", ""C001"", ""C002""]",,,6.0,0.0,3.0,5825.924616288778,regular,3069.147023627055,,4174.075383711222,752.8609098013706,1.0,0.0,48.0,12960.938602995848,8640.625735330568,0.6742479994784656,0.6742479994784653
,,greedy_local_search,3219.934328513683,2,exp3:regular:f1.0:v1.0:r017,0.0,3.0,10308.37377314498,,,hardening:regular:r017,3,,,2182.3499857481675,1.0,truthful resolved feasibility,,,3.0,10000.000000000002,Current feasibility,9.0,,0.5710861284135337,0.7390743592444269,0.8578006734401287,0.0,3652.3148535829705,moderate,3652.3148535829705,,0.6872249182096654,6872.249182096653,3652.3148535829705,,,,6.0,,6872.249182096653,0.3652314853582969,,40017,"[""L009"", ""L014"", ""L020"", ""R000"", ""R001"", ""R002"", ""R004"", ""R005"", ""R008""]",,,9.0,0.0,3.0,6872.249182096653,regular,3219.934328513683,,3127.7508179033466,1037.5843427655154,1.0,0.0,48.0,10537.263261676373,7024.842174450918,0.9782780895905054,0.9782780895905051
,,greedy_local_search,3175.553828239308,2,exp3:regular:f1.0:v1.0:r018,1.0,3.0,8416.05175927051,,,hardening:regular:r018,3,,,2224.60803274958,1.0,catalog/geography,,,2.0,9999.999999999996,Catalog + geography,8.0,,0.4847010732242809,0.5818770526860689,0.6964883294682508,1676.8823118960454,4275.587984729375,moderate,2598.705672833329,,0.5610701172847007,5610.701172847007,2598.705672833329,,,,5.0,,5610.701172847006,0.259870567283333,,40018,"[""L007"", ""L016"", ""R000"", ""R003"", ""R004"", ""R005"", ""R006"", ""C002""]",,,8.0,0.0,3.0,5610.701172847006,regular,3011.995500013677,,4389.298827152993,787.387467264097,1.0,0.0,48.0,11821.786959022902,7881.191306015267,0.7119102880505737,0.7119102880505737
,,greedy_local_search,3175.553828239308,2,exp3:regular:f1.0:v1.0:r018,1.0,3.0,10958.768602140248,,,hardening:regular:r018,3,,,2153.450660811356,1.0,truthful resolved feasibility,,,1.0,9999.999999999996,Current feasibility,7.0,,0.6638869611260337,0.7507018184435701,0.8454490225702593,0.0,4187.252608414512,moderate,4187.252608414512,,0.7305845734760166,7305.845734760165,4187.252608414512,,,,5.0,,7305.845734760165,0.4187252608414513,,40018,"[""L016"", ""R000"", ""R001"", ""R003"", ""R005"", ""R007"", ""C001""]",,,7.0,0.0,3.0,7305.845734760165,regular,3118.5931263456537,,2694.1542652398343,965.142465534298,1.0,0.0,48.0,10990.522747974983,7327.015165316654,0.9971107702005725,0.9971107702005727
,,greedy_local_search,3116.235950464716,2,exp3:regular:f1.0:v1.0:r019,2.0,3.0,8782.090390267907,,,hardening:regular:r019,3,,,2265.698177976178,1.0,catalog/geography,,,0.0,10000.000000000002,Catalog + geography,6.0,,0.6638869493522774,0.562560707136799,0.4491365898906139,1387.6429765292803,4317.113556163084,moderate,2929.470579633803,,0.5854726926845273,5854.726926845273,2929.470579633803,,,,4.0,,5854.726926845273,0.2929470579633803,,40019,"[""R000"", ""R001"", ""R002"", ""R003"", ""C000"", ""C001""]",,,6.0,0.0,3.0,5854.726926845272,regular,2925.25634721147,,4145.273073154727,659.5581692352918,1.0,0.0,48.0,13309.379646122912,8872.919764081946,0.6598422033010511,0.6598422033010509
,,greedy_local_search,3116.235950464716,2,exp3:regular:f1.0:v1.0:r019,1.0,3.0,10919.049522507386,,,hardening:regular:r019,3,,,2101.0019697968014,1.0,truthful resolved feasibility,,,4.0,10000.000000000002,Current feasibility,8.0,,0.6904835061181319,0.7598280815988684,0.756396142605312,0.0,4194.539106884555,moderate,4194.539106884555,,0.7279366348338256,7279.366348338256,4194.539106884555,,,,3.0,,7279.366348338257,0.4194539106884554,,40019,"[""L007"", ""L014"", ""L031"", ""L035"", ""R001"", ""R002"", ""R007"", ""C001""]",,,8.0,0.0,3.0,7279.366348338255,regular,3084.8272414537028,,2720.633651661744,983.8252716569014,1.0,0.0,48.0,11050.263017708694,7366.842011805799,0.9881257581841237,0.988125758184123
,,greedy_local_search,3173.5643698667427,2,exp3:regular:f1.0:v2.0:r000,2.0,3.0,7552.73046835019,,,hardening:regular:r000,3,,,1834.7375880035584,1.0,catalog/geography,,,1.0,10000.000000000002,Catalog + geography,4.0,,0.4317904166078674,0.5716208188734365,0.5457119523871812,543.4290687872362,2532.754834599855,moderate,1989.3257658126183,,0.5035153645566793,5035.153645566794,1989.3257658126183,,,,2.0,,5035.153645566794,0.1989325765812618,,40000,"[""L017"", ""R002"", ""R006"", ""C000"", ""C001""]",,,5.0,0.0,3.0,5035.153645566794,regular,3045.8278797541752,,4964.846354433206,1211.090291750617,2.0,0.0,48.0,10084.922756234106,6723.281837489407,0.748913070621328,0.7489130706213276
,,greedy_local_search,3173.5643698667427,2,exp3:regular:f1.0:v2.0:r000,1.0,3.0,8900.062089872541,,,hardening:regular:r000,3,,,1711.783589237914,1.0,truthful resolved feasibility,,,2.0,10000.000000000002,Current feasibility,6.0,,0.5332434582878355,0.6709642668292355,0.5927021151920548,0.0,2759.81035671495,moderate,2759.81035671495,,0.5933374726581694,5933.374726581694,2759.81035671495,,,,3.0,,5933.374726581693,0.2759810356714949,,40000,"[""L007"", ""L014"", ""R002"", ""R006"", ""R007"", ""C001""]",,,6.0,0.0,3.0,5933.374726581693,regular,3173.5643698667427,,4066.625273418306,1461.7807806288288,2.0,0.0,48.0,9124.707286173027,6083.138190782021,0.9753805586025869,0.9753805586025861
,,greedy_local_search,3169.8463396134275,2,exp3:regular:f1.0:v2.0:r001,1.0,3.0,6368.115869482546,,,hardening:regular:r001,3,,,1731.6706327918089,1.0,catalog/geography,,,0.0,9999.999999999998,Catalog + geography,4.0,,0.4210682744860726,0.3390864097024101,0.5819004552546346,1340.8114312429616,2704.694464683552,moderate,1363.8830334405902,,0.4245410579655031,4245.410579655031,1363.8830334405902,,,,4.0,,4245.410579655031,0.136388303344059,,40001,"[""R002"", ""R004"", ""R007"", ""R008"", ""C000""]",,,5.0,0.0,3.0,4245.410579655031,regular,2881.527546214441,,5754.589420344969,1149.8569134226325,2.0,0.0,48.0,9784.373969520755,6522.915979680503,0.6508455103330909,0.6508455103330909
,,greedy_local_search,3169.8463396134275,2,exp3:regular:f1.0:v2.0:r001,1.0,3.0,8916.17154928475,,,hardening:regular:r001,3,,,1572.3672596712508,1.0,truthful resolved feasibility,,,1.0,9999.999999999998,Current feasibility,5.0,,0.4606315403634584,0.6521329898855679,0.7944034849773914,0.0,2806.985497881402,moderate,2806.985497881402,,0.5944114366189833,5944.114366189833,2806.985497881402,,,,3.0,,5944.114366189833,0.2806985497881402,,40001,"[""L026"", ""R002"", ""R004"", ""R007"", ""C001""]",,,5.0,0.0,3.0,5944.114366189834,regular,3137.1288683084317,,4055.885633810167,1564.7616086371802,2.0,0.0,48.0,8916.17154928475,5944.114366189833,1.0,1.0000000000000002
,,greedy_local_search,3160.6718778658683,2,exp3:regular:f1.0:v2.0:r002,2.0,3.0,4450.583473366858,,,hardening:regular:r002,3,,,1893.6355463465209,1.0,catalog/geography,,,1.0,10000.000000000002,Catalog + geography,2.0,,0.339648598855971,0.2169807535488694,0.339602158319163,2458.477823880801,2801.1256619474834,moderate,342.6478380666822,,0.2967055648911238,2967.0556489112387,342.6478380666822,,,,2.0,,2967.0556489112387,0.0342647838066682,,40002,"[""L000"", ""R005"", ""R007"", ""C000"", ""C002""]",,,5.0,149.05383568584787,3.0,2967.0556489112387,regular,2624.4078108445565,,7032.944351088763,730.7722644980357,2.0,0.0,48.0,10823.855771457525,7215.90384763835,0.4111828139010345,0.4111828139010345
,,greedy_local_search,3160.6718778658683,2,exp3:regular:f1.0:v2.0:r002,0.0,3.0,7976.324072924922,,,hardening:regular:r002,3,,,1671.9381507281064,1.0,truthful resolved feasibility,,,1.0,10000.000000000002,Current feasibility,6.0,,0.5360961779196863,0.4283279753290311,0.7029843338298752,0.0,2160.4889018326203,moderate,2160.4889018326203,,0.5317549381949946,5317.549381949948,2160.4889018326203,,,,5.0,,5317.549381949948,0.2160488901832619,,40002,"[""L031"", ""R001"", ""R002"", ""R004"", ""R005"", ""R007""]",,,6.0,0.0,3.0,5317.549381949948,regular,3157.060480117328,,4682.450618050054,1485.1223293892212,2.0,0.0,48.0,8046.292272705124,5364.194848470082,0.9913042930322641,0.9913042930322641
,,greedy_local_search,3124.359200707915,2,exp3:regular:f1.0:v2.0:r003,2.0,3.0,7164.040114395741,,,hardening:regular:r003,3,,,1760.1158685227742,1.0,catalog/geography,,,1.0,10000.0,Catalog + geography,4.0,,0.4378827787825699,0.4951892440641378,0.5361959420922225,993.3835700861746,2879.2071565735205,moderate,1885.823586487346,,0.4776026742930493,4776.026742930493,1885.823586487346,,,,2.0,,4776.026742930492,0.1885823586487346,,40003,"[""L025"", ""R000"", ""R003"", ""C000"", ""C001""]",,,5.0,0.0,3.0,4776.026742930493,regular,2890.2031564431463,,5223.973257069508,1130.087287920372,2.0,0.0,48.0,10931.729317240408,7287.819544826939,0.6553437161215973,0.6553437161215971
,,greedy_local_search,3124.359200707915,2,exp3:regular:f1.0:v2.0:r003,1.0,3.0,8995.366537433485,,,hardening:regular:r003,3,,,1685.7880012543435,1.0,truthful resolved feasibility,,,0.0,10000.0,Current feasibility,5.0,,0.606310270224237,0.5277609260154446,0.7106757839462672,0.0,2872.551824247743,moderate,2872.551824247743,,0.5996911024955657,5996.911024955657,2872.551824247743,,,,4.0,,5996.911024955658,0.2872551824247742,,40003,"[""R000"", ""R002"", ""R003"", ""R006"", ""C001""]",,,5.0,0.0,3.0,5996.911024955658,regular,3124.359200707915,,4003.088975044343,1438.5711994535714,2.0,0.0,48.0,9489.817115160295,6326.544743440196,0.9478967221679216,0.9478967221679219
,,greedy_local_search,3114.147193190104,2,exp3:regular:f1.0:v2.0:r004,1.0,3.0,5893.249117064961,,,hardening:regular:r004,3,,,1722.0177290110514,1.0,catalog/geography,,,0.0,10000.0,Catalog + geography,5.0,,0.2639693636823336,0.5292577461083717,0.4442842483800854,1303.788957188303,2478.7410545515672,moderate,1174.9520973632643,,0.3928832744709973,3928.8327447099737,1174.9520973632643,,,,4.0,,3928.832744709973,0.1174952097363264,,40004,"[""R003"", ""R005"", ""R006"", ""R008"", ""C000""]",,,5.0,0.0,3.0,3928.8327447099737,regular,2753.880647346709,,6071.167255290027,1031.8629183356577,2.0,0.0,48.0,9559.5054069531,6373.003604635398,0.6164805464494544,0.6164805464494545
,,greedy_local_search,3114.147193190104,2,exp3:regular:f1.0:v2.0:r004,1.0,3.0,8296.058704747704,,,hardening:regular:r004,3,,,1646.071563287006,1.0,truthful resolved feasibility,,,0.0,10000.0,Current feasibility,5.0,,0.4285251950590576,0.6961932740883585,0.582832983045061,0.0,2422.6267307896733,moderate,2422.6267307896733,,0.5530705803165135,5530.705803165136,2422.6267307896733,,,,4.0,,5530.705803165136,0.2422626730789673,,40004,"[""R000"", ""R005"", ""R006"", ""R007"", ""C001""]",,,5.0,0.0,3.0,5530.705803165136,regular,3108.0790723754626,,4469.294196834864,1462.0075090884566,2.0,0.0,48.0,9299.605650474332,6199.737100316219,0.8920871504185297,0.89208715041853
,,greedy_local_search,3198.861412389728,2,exp3:regular:f1.0:v2.0:r005,1.0,3.0,8802.636096141216,,,hardening:regular:r005,3,,,1761.1527802606115,1.0,catalog/geography,,,0.0,9999.999999999996,Catalog + geography,4.0,,0.6782984070472293,0.280022174775541,0.918001810333609,-78.51428713976702,2634.776806598576,moderate,2713.2910937383426,,0.5868424064094142,5868.424064094143,2713.2910937383426,,,,4.0,,5868.424064094143,0.2713291093738343,,40005,"[""R000"", ""R002"", ""R005"", ""R008"", ""C001""]",,,5.0,0.0,3.0,5868.424064094143,regular,3155.132970355801,,4131.575935905857,1393.9801900951893,2.0,0.0,48.0,9522.41984383374,6348.279895889159,0.9244116769164907,0.9244116769164908
,,greedy_local_search,3198.861412389728,2,exp3:regular:f1.0:v2.0:r005,1.0,3.0,9190.0299921919,,,hardening:regular:r005,3,,,1715.848236760844,1.0,truthful resolved feasibility,,,0.0,9999.999999999996,Current feasibility,4.0,,0.6649799649918315,0.480114341098887,0.7269383125759598,0.0,2938.1431789581598,moderate,2938.1431789581598,,0.6126686661461266,6126.686661461265,2938.1431789581598,,,,4.0,,6126.6866614612645,0.293814317895816,,40005,"[""R000"", ""R002"", ""R004"", ""R006"", ""C001""]",,,5.0,0.0,3.0,6126.6866614612645,regular,3188.543482503105,,3873.3133385387337,1472.695245742261,2.0,0.0,48.0,9253.882516735379,6169.255011156918,0.9930999205546425,0.9930999205546424
,,greedy_local_search,3122.879618156244,2,exp3:regular:f1.0:v2.0:r006,1.0,3.0,8988.470462585516,,,hardening:regular:r006,3,,,1688.3105206059504,1.0,catalog/geography,,,0.0,10000.000000000002,Catalog + geography,5.0,,0.4641067371336208,0.667294395274756,0.7841514705803684,-58.92322559663489,2810.5107979707977,moderate,2869.4340235674326,,0.5992313641723677,5992.3136417236765,2869.4340235674326,,,,4.0,,5992.3136417236765,0.2869434023567432,,40006,"[""R001"", ""R002"", ""R005"", ""R007"", ""C001""]",,,5.0,0.0,3.0,5992.3136417236765,regular,3122.879618156244,,4007.686358276324,1434.5690975502932,2.0,0.0,48.0,9733.666390611,6489.1109270740035,0.9234413942166444,0.923441394216644
,,greedy_local_search,3122.879618156244,2,exp3:regular:f1.0:v2.0:r006,1.0,3.0,8784.673040786693,,,hardening:regular:r006,3,,,1581.074171859686,1.0,truthful resolved feasibility,,,1.0,10000.000000000002,Current feasibility,5.0,,0.521640388296896,0.6928662629719495,0.5420175130599696,0.0,2852.226304176051,moderate,2852.226304176051,,0.5856448693857794,5856.448693857795,2852.226304176051,,,,3.0,,5856.448693857794,0.285222630417605,,40006,"[""L013"", ""R001"", ""R004"", ""R007"", ""C001""]",,,5.0,0.0,3.0,5856.448693857795,regular,3004.2223896817427,,4143.551306142206,1423.1482178220567,2.0,0.0,48.0,8931.98082671456,5954.6538844763745,0.9835078255556386,0.9835078255556384
,,greedy_local_search,3115.6062898195664,2,exp3:regular:f1.0:v2.0:r007,2.0,3.0,3853.900948903112,,,hardening:regular:r007,3,,,1819.125859753694,1.0,catalog/geography,,,0.0,9999.999999999998,Catalog + geography,2.0,,0.2382231915216293,0.2539866818192344,0.3041547755270444,2606.140861525721,2731.77447244287,moderate,125.63361091714889,,0.2569267299268741,2569.267299268741,125.63361091714889,,,,3.0,,2569.267299268741,0.0125633610917148,,40007,"[""R003"", ""R004"", ""R008"", ""C000"", ""C002""]",,,5.0,498.51724735333175,3.0,2569.267299268741,regular,2443.6336883515924,,7430.732700731258,624.5078285978982,2.0,0.0,48.0,11547.0749728191,7698.049981879397,0.3337556011349099,0.33375560113491
,,greedy_local_search,3115.6062898195664,2,exp3:regular:f1.0:v2.0:r007,1.0,3.0,8579.006119070298,,,hardening:regular:r007,3,,,1645.3498380124174,1.0,truthful resolved feasibility,,,1.0,9999.999999999998,Current feasibility,5.0,,0.4751616167617081,0.4994105168038708,0.9165866642361492,0.0,2603.731122893966,moderate,2603.731122893966,,0.5719337412713532,5719.337412713532,2603.731122893966,,,,3.0,,5719.337412713532,0.2603731122893966,,40007,"[""L030"", ""R000"", ""R001"", ""R004"", ""C001""]",,,5.0,0.0,3.0,5719.337412713532,regular,3115.606289819566,,4280.662587286467,1470.2564518071488,2.0,0.0,48.0,8645.458855795016,5763.639237196676,0.9923135674076832,0.9923135674076833
,,greedy_local_search,3204.768007661325,2,exp3:regular:f1.0:v2.0:r008,1.0,3.0,6349.223560316292,,,hardening:regular:r008,3,,,1724.9915585107306,1.0,catalog/geography,,,0.0,9999.999999999998,Catalog + geography,3.0,,0.2286039808160321,0.6021530583676689,0.5482810444592714,1200.85156341504,2564.7324157072408,moderate,1363.8808522922009,,0.4232815706877529,4232.815706877529,1363.8808522922009,,,,4.0,,4232.815706877528,0.1363880852292201,,40008,"[""R000"", ""R001"", ""R002"", ""R008"", ""C002""]",,,5.0,0.0,3.0,4232.815706877528,regular,2868.9348545853272,,5767.184293122472,1143.9432960745964,2.0,0.0,48.0,9457.108033045073,6304.738688696714,0.6713705223764816,0.6713705223764819
,,greedy_local_search,3204.768007661325,2,exp3:regular:f1.0:v2.0:r008,0.0,3.0,7765.863423806644,,,hardening:regular:r008,3,,,1653.1540605955074,1.0,truthful resolved feasibility,,,1.0,9999.999999999998,Current feasibility,6.0,,0.5261430404284133,0.444477279142734,0.6269640618051668,0.0,2073.466583176397,moderate,2073.466583176397,,0.5177242282537764,5177.242282537764,2073.466583176397,,,,5.0,,5177.242282537763,0.2073466583176397,,40008,"[""L032"", ""R000"", ""R001"", ""R004"", ""R005"", ""R008""]",,,6.0,0.0,3.0,5177.242282537763,regular,3103.7756993613657,,4822.7577174622365,1450.6216387658585,2.0,0.0,48.0,7807.477661515353,5204.985107676902,0.9946699511016427,0.9946699511016427
,,greedy_local_search,3136.9553617898514,2,exp3:regular:f1.0:v2.0:r009,1.0,3.0,8931.13542486041,,,hardening:regular:r009,3,,,1717.5969892793569,1.0,catalog/geography,,,0.0,9999.999999999998,Catalog + geography,5.0,,0.5220338532471871,0.5578751279533588,0.8261874978955875,22.02027929404494,2844.120472612517,moderate,2822.100193318472,,0.5954090283240273,5954.0902832402735,2822.100193318472,,,,4.0,,5954.0902832402735,0.2822100193318472,,40009,"[""R000"", ""R002"", ""R003"", ""R008"", ""C001""]",,,5.0,0.0,3.0,5954.090283240273,regular,3131.990089921802,,4045.909716759727,1414.3931006424452,2.0,0.0,48.0,9290.191943432972,6193.461295621981,0.9613510118242098,0.9613510118242098
,,greedy_local_search,3136.9553617898514,2,exp3:regular:f1.0:v2.0:r009,1.0,3.0,9077.12048419962,,,hardening:regular:r009,3,,,1696.2796437684642,1.0,truthful resolved feasibility,,,0.0,9999.999999999998,Current feasibility,5.0,,0.5281626067079372,0.5748976353037002,0.8312701011922057,0.0,2914.4582943432283,moderate,2914.4582943432283,,0.605141365613308,6051.41365613308,2914.4582943432283,,,,4.0,,6051.41365613308,0.2914458294343229,,40009,"[""R000"", ""R002"", ""R003"", ""R005"", ""C001""]",,,5.0,0.0,3.0,6051.413656133079,regular,3136.9553617898514,,3948.5863438669207,1440.6757180213872,2.0,0.0,48.0,9129.236319074855,6086.1575460499025,0.9942913259057231,0.994291325905723
,,greedy_local_search,3156.668444536349,2,exp3:regular:f1.0:v2.0:r010,1.0,3.0,5678.898555877806,,,hardening:regular:r010,3,,,1696.601830961111,1.0,catalog/geography,,,0.0,10000.0,Catalog + geography,5.0,,0.2161048941431631,0.4933860627733369,0.5433045636171452,1587.7424212379924,2591.159796996012,moderate,1003.4173757580196,,0.3785932370585203,3785.932370585203,1003.4173757580196,,,,4.0,,3785.932370585203,0.1003417375758019,,40010,"[""R000"", ""R005"", ""R006"", ""R007"", ""C000""]",,,5.0,0.0,3.0,3785.932370585203,regular,2782.514994827184,,6214.067629414796,1085.9131638660724,2.0,0.0,48.0,9662.792867386113,6441.861911590742,0.5877077811576858,0.5877077811576857
,,greedy_local_search,3156.668444536349,2,exp3:regular:f1.0:v2.0:r010,1.0,3.0,8478.553630090239,,,hardening:regular:r010,3,,,1531.604976257196,1.0,truthful resolved feasibility,,,1.0,10000.0,Current feasibility,5.0,,0.3084645426265431,0.777464464813521,0.7715765090300294,0.0,2571.645934064353,moderate,2571.645934064353,,0.5652369086726826,5652.369086726826,2571.645934064353,,,,3.0,,5652.369086726826,0.2571645934064353,,40010,"[""L000"", ""R000"", ""R004"", ""R005"", ""C001""]",,,5.0,0.0,3.0,5652.369086726825,regular,3080.723152662473,,4347.630913273174,1549.1181764052767,2.0,0.0,48.0,8478.55363009024,5652.369086726827,0.9999999999999998,0.9999999999999997
,,greedy_local_search,3160.557603079724,2,exp3:regular:f1.0:v2.0:r011,1.0,3.0,5556.688085627695,,,hardening:regular:r011,3,,,1775.9179799537883,1.0,catalog/geography,,,0.0,10000.000000000002,Catalog + geography,3.0,,0.2989283367852223,0.4562388193215589,0.3812226702964201,1704.9005077047686,2646.112811569667,moderate,941.2123038648984,,0.3704458723751796,3704.458723751796,941.2123038648984,,,,4.0,,3704.4587237517967,0.0941212303864898,,40011,"[""R000"", ""R002"", ""R004"", ""R005"", ""C002""]",,,5.0,0.0,3.0,3704.458723751797,regular,2763.2464198868984,,6295.541276248204,987.32843993311,2.0,0.0,48.0,9877.641423662693,6585.094282441797,0.562552116167752,0.562552116167752
,,greedy_local_search,3160.557603079724,2,exp3:regular:f1.0:v2.0:r011,1.0,3.0,8957.233900574787,,,hardening:regular:r011,3,,,1715.9019410278718,1.0,truthful resolved feasibility,,,0.0,10000.000000000002,Current feasibility,5.0,,0.4212765831344341,0.7096404125397768,0.7960015995278429,0.0,2810.9316639701347,moderate,2810.9316639701347,,0.5971489267049859,5971.489267049858,2810.9316639701347,,,,4.0,,5971.489267049858,0.2810931663970134,,40011,"[""R000"", ""R002"", ""R004"", ""R007"", ""C001""]",,,5.0,0.0,3.0,5971.489267049858,regular,3160.557603079724,,4028.5107329501434,1444.655662051852,2.0,0.0,48.0,9243.426676825971,6162.284451217317,0.9690382380628719,0.9690382380628716
,,greedy_local_search,3192.099663508026,2,exp3:regular:f1.0:v2.0:r012,0.0,3.0,7178.68218589822,,,hardening:regular:r012,3,,,1682.827788881793,1.0,catalog/geography,,,1.0,9999.999999999998,Catalog + geography,5.0,,0.4912922929786071,0.392992987078874,0.5997486753761785,390.4219963819983,2129.291120465268,moderate,1738.8691240832695,,0.4785788123932147,4785.788123932148,1738.8691240832695,,,,5.0,,4785.788123932147,0.173886912408327,,40012,"[""L009"", ""R001"", ""R005"", ""R006"", ""R007"", ""R008""]",,,6.0,0.0,3.0,4785.788123932147,regular,3046.9189998488773,,5214.211876067851,1364.0912109670844,2.0,0.0,48.0,8041.286563749404,5360.857709166268,0.892728063971771,0.8927280639717712
,,greedy_local_search,3192.099663508026,2,exp3:regular:f1.0:v2.0:r012,1.0,3.0,8271.480881414982,,,hardening:regular:r012,3,,,1722.886861709973,1.0,truthful resolved feasibility,,,1.0,9999.999999999998,Current feasibility,5.0,,0.5658207652593693,0.4067887317885578,0.772183291341437,0.0,2323.1788414276707,moderate,2323.1788414276707,,0.5514320587609989,5514.320587609989,2323.1788414276707,,,,3.0,,5514.320587609987,0.2323178841427671,,40012,"[""L009"", ""R004"", ""R005"", ""R007"", ""C001""]",,,5.0,0.0,3.0,5514.320587609988,regular,3191.1417461823166,,4485.679412390011,1468.254884472344,2.0,0.0,48.0,8271.480881414984,5514.320587609987,0.9999999999999998,1.0000000000000002
,,greedy_local_search,3184.1865156025765,2,exp3:regular:f1.0:v2.0:r013,1.0,3.0,7247.411464062709,,,hardening:regular:r013,3,,,1741.005471749811,1.0,catalog/geography,,,0.0,9999.999999999998,Catalog + geography,4.0,,0.5007219604842365,0.462912482467485,0.4790825659466053,832.3547882143725,2657.4101828225585,moderate,1825.055394608186,,0.4831607642708472,4831.607642708473,1825.055394608186,,,,4.0,,4831.607642708474,0.1825055394608186,,40013,"[""R001"", ""R002"", ""R005"", ""R008"", ""C000""]",,,5.0,0.0,3.0,4831.607642708473,regular,3006.552248100288,,5168.392357291527,1265.5467763504766,2.0,0.0,48.0,9265.56228068043,6177.04152045362,0.7821879821772116,0.7821879821772116
,,greedy_local_search,3184.1865156025765,2,exp3:regular:f1.0:v2.0:r013,1.0,3.0,9000.362330060852,,,hardening:regular:r013,3,,,1750.5750765485272,1.0,truthful resolved feasibility,,,0.0,9999.999999999998,Current feasibility,5.0,,0.5511932169667226,0.6033876926035793,0.7040075764555607,0.0,2823.2358004734806,moderate,2823.2358004734806,,0.6000241553373901,6000.2415533739,2823.2358004734806,,,,4.0,,6000.2415533739,0.2823235800473481,,40013,"[""R001"", ""R002"", ""R003"", ""R008"", ""C001""]",,,5.0,0.0,3.0,6000.2415533739,regular,3177.00575290042,,3999.7584466261,1426.4306763518923,2.0,0.0,48.0,9241.057636853879,6160.70509123592,0.9739537057064638,0.9739537057064634
,,greedy_local_search,3149.994846744082,2,exp3:regular:f1.0:v2.0:r014,0.0,3.0,7725.705938659146,,,hardening:regular:r014,3,,,1547.6588848058889,1.0,catalog/geography,,,1.0,10000.0,Catalog + geography,5.0,,0.6163862137168236,0.4183433081119098,0.4562655428276865,463.0934772063374,2685.5864164326395,moderate,2222.492939226302,,0.5150470625772765,5150.470625772765,2222.492939226302,,,,5.0,,5150.470625772765,0.2222492939226302,,40014,"[""L017"", ""R000"", ""R002"", ""R005"", ""R006"", ""R007""]",,,6.0,0.0,3.0,5150.470625772765,regular,2927.977686546463,,4849.529374227236,1380.318801740574,2.0,0.0,48.0,8620.90897518555,5747.272650123698,0.8961590895921581,0.8961590895921584
,,greedy_local_search,3149.994846744082,2,exp3:regular:f1.0:v2.0:r014,1.0,3.0,9028.427996100834,,,hardening:regular:r014,3,,,1743.7129982591575,1.0,truthful resolved feasibility,,,0.0,10000.0,Current feasibility,4.0,,0.6566388701550138,0.4947551661601428,0.6662170000712471,0.0,2873.050783583658,moderate,2873.050783583658,,0.6018951997400556,6018.951997400556,2873.050783583658,,,,4.0,,6018.951997400556,0.2873050783583658,,40014,"[""R000"", ""R002"", ""R005"", ""R007"", ""C001""]",,,5.0,0.0,3.0,6018.951997400556,regular,3145.9012138168982,,3981.048002599444,1402.1882155577405,2.0,0.0,48.0,9588.720861784921,6392.480574523279,0.9415675068906125,0.9415675068906129
,,greedy_local_search,3157.5449359068625,2,exp3:regular:f1.0:v2.0:r015,1.0,3.0,7256.019857128574,,,hardening:regular:r015,3,,,1755.088014186084,1.0,catalog/geography,,,0.0,9999.999999999998,Catalog + geography,4.0,,0.4000312568133717,0.4935905504291998,0.6548194946283383,760.487370511592,2729.6049450450987,moderate,1969.1175745335067,,0.483734657141905,4837.34657141905,1969.1175745335067,,,,4.0,,4837.346571419049,0.1969117574533507,,40015,"[""R001"", ""R002"", ""R004"", ""R005"", ""C000""]",,,5.0,0.0,3.0,4837.346571419049,regular,2868.228996885542,,5162.65342858095,1113.140982699458,2.0,0.0,48.0,9788.169317893042,6525.4462119286945,0.7413051022589454,0.7413051022589454
,,greedy_local_search,3157.5449359068625,2,exp3:regular:f1.0:v2.0:r015,1.0,3.0,8625.246008804615,,,hardening:regular:r015,3,,,1720.7936501993115,1.0,truthful resolved feasibility,,,2.0,9999.999999999998,Current feasibility,6.0,,0.5165596216728909,0.4967123596669064,0.8435762247537816,0.0,2592.619069962881,moderate,2592.619069962881,,0.5750164005869745,5750.164005869745,2592.619069962881,,,,3.0,,5750.164005869744,0.2592619069962882,,40015,"[""L004"", ""L009"", ""R001"", ""R004"", ""R005"", ""C001""]",,,6.0,0.0,3.0,5750.164005869745,regular,3157.5449359068625,,4249.835994130255,1436.7512857075506,2.0,0.0,48.0,9029.160464232873,6019.440309488581,0.9552655579631927,0.955265557963193
,,greedy_local_search,3157.122265676465,2,exp3:regular:f1.0:v2.0:r016,0.0,3.0,7047.989392456256,,,hardening:regular:r016,3,,,1610.2480196949368,1.0,catalog/geography,,,1.0,10000.000000000002,Catalog + geography,6.0,,0.3640946442672058,0.4013231670365693,0.8278013055702094,570.3824274824169,2320.118033609747,moderate,1749.73560612733,,0.4698659594970838,4698.659594970838,1749.73560612733,,,,5.0,,4698.659594970837,0.1749735606127329,,40016,"[""L020"", ""R001"", ""R002"", ""R003"", ""R004"", ""R008""]",,,6.0,0.0,3.0,4698.659594970838,regular,2948.9239888435072,,5301.340405029163,1338.6759691485704,2.0,0.0,48.0,8195.707718446716,5463.805145631147,0.8599610472434002,0.8599610472433998
,,greedy_local_search,3157.122265676465,2,exp3:regular:f1.0:v2.0:r016,1.0,3.0,8790.269180847532,,,hardening:regular:r016,3,,,1694.181009027547,1.0,truthful resolved feasibility,,,0.0,10000.000000000002,Current feasibility,5.0,,0.5207897399893334,0.5071641408556905,0.8707755654757187,0.0,2721.940496880988,moderate,2721.940496880988,,0.5860179453898354,5860.179453898354,2721.940496880988,,,,4.0,,5860.179453898355,0.2721940496880987,,40016,"[""R000"", ""R002"", ""R004"", ""R005"", ""C001""]",,,5.0,0.0,3.0,5860.179453898354,regular,3138.238957017367,,4139.820546101646,1444.05794798982,2.0,0.0,48.0,8790.353302320033,5860.235534880025,0.999990430251253,0.9999904302512523
,,greedy_local_search,3219.934328513683,2,exp3:regular:f1.0:v2.0:r017,2.0,3.0,6362.740190040136,,,hardening:regular:r017,3,,,1837.691061391509,1.0,catalog/geography,,,1.0,10000.000000000002,Catalog + geography,5.0,,0.2447752645769949,0.5756517556297366,0.5627784790297675,1422.6953137453263,2759.4047577823167,moderate,1336.70944403699,,0.4241826793360089,4241.826793360089,1336.70944403699,,,,2.0,,4241.82679336009,0.1336709444036989,,40017,"[""L002"", ""R004"", ""R008"", ""C001"", ""C002""]",,,5.0,0.0,3.0,4241.82679336009,regular,2905.1173493231,,5758.173206639909,1067.4262879315909,2.0,0.0,48.0,10649.11209055628,7099.408060370857,0.5974902072523649,0.5974902072523645
,,greedy_local_search,3219.934328513683,2,exp3:regular:f1.0:v2.0:r017,0.0,3.0,7986.680165527388,,,hardening:regular:r017,3,,,1631.5912197954735,1.0,truthful resolved feasibility,,,1.0,10000.000000000002,Current feasibility,6.0,,0.4159416411921242,0.592276868513305,0.6898735092618996,0.0,2132.463571770433,moderate,2132.463571770433,,0.5324453443684927,5324.453443684926,2132.463571770433,,,,5.0,,5324.453443684926,0.2132463571770433,,40017,"[""L009"", ""R000"", ""R001"", ""R004"", ""R005"", ""R008""]",,,6.0,0.0,3.0,5324.453443684926,regular,3191.989871914493,,4675.546556315075,1560.3986521190193,2.0,0.0,48.0,7986.680165527389,5324.453443684928,0.9999999999999999,0.9999999999999997
,,greedy_local_search,3175.553828239308,2,exp3:regular:f1.0:v2.0:r018,1.0,3.0,6421.709283228367,,,hardening:regular:r018,3,,,1707.6432422513783,1.0,catalog/geography,,,0.0,9999.999999999996,Catalog + geography,5.0,,0.4553320554819989,0.3968014268065653,0.4216701393301353,1289.2834566167876,2710.6909793882187,moderate,1421.407522771431,,0.4281139522152244,4281.139522152244,1421.407522771431,,,,4.0,,4281.139522152244,0.1421407522771431,,40018,"[""R000"", ""R002"", ""R003"", ""R005"", ""C002""]",,,5.0,0.0,3.0,4281.139522152244,regular,2859.731999380813,,5718.860477847755,1152.0887571294352,2.0,0.0,48.0,9379.655312634044,6253.103541756028,0.6846423529635002,0.6846423529635003
,,greedy_local_search,3175.553828239308,2,exp3:regular:f1.0:v2.0:r018,1.0,3.0,8786.111383392015,,,hardening:regular:r018,3,,,1692.050928119614,1.0,truthful resolved feasibility,,,0.0,9999.999999999996,Current feasibility,5.0,,0.5168128553005386,0.6530242943167339,0.6230823549835088,0.0,2681.853760688702,moderate,2681.853760688702,,0.585740758892801,5857.40758892801,2681.853760688702,,,,4.0,,5857.40758892801,0.2681853760688703,,40018,"[""R000"", ""R001"", ""R003"", ""R005"", ""C001""]",,,5.0,0.0,3.0,5857.407588928011,regular,3175.553828239308,,4142.59241107199,1483.5029001196938,2.0,0.0,48.0,8828.486249526246,5885.657499684163,0.9952002115723401,0.9952002115723405
,,greedy_local_search,3116.235950464716,2,exp3:regular:f1.0:v2.0:r019,2.0,3.0,7318.196812265891,,,hardening:regular:r019,3,,,1685.0621205896605,1.0,catalog/geography,,,0.0,10000.000000000002,Catalog + geography,4.0,,0.4966233780853146,0.5236058997153641,0.4056860122281192,723.7825479687481,2856.356773921392,moderate,2132.5742259526432,,0.4878797874843927,4878.797874843927,2132.5742259526432,,,,2.0,,4878.797874843928,0.2132574225952642,,40019,"[""R001"", ""R002"", ""C000"", ""C001""]",,,4.0,0.0,3.0,4878.797874843928,regular,2746.223648891285,,5121.202125156072,1061.1615283016245,2.0,0.0,48.0,10711.906478977999,7141.270985985337,0.6831834115269558,0.6831834115269556
,,greedy_local_search,3116.235950464716,2,exp3:regular:f1.0:v2.0:r019,1.0,3.0,8923.60162972409,,,hardening:regular:r019,3,,,1642.7097870323046,1.0,truthful resolved feasibility,,,1.0,10000.000000000002,Current feasibility,5.0,,0.5521772935584961,0.6350484521004347,0.6208001748923192,0.0,2891.6408701002447,moderate,2891.6408701002447,,0.5949067753149391,5949.067753149391,2891.6408701002447,,,,3.0,,5949.067753149393,0.2891640870100244,,40019,"[""L014"", ""R001"", ""R002"", ""R007"", ""C001""]",,,5.0,0.0,3.0,5949.067753149392,regular,3057.4268830491483,,4050.932246850607,1414.7170960168437,2.0,0.0,48.0,9054.815124925397,6036.543416616935,0.9855089813109367,0.9855089813109359
,,greedy_local_search,3173.5643698667427,2,exp3:regular:f2.0:v0.5:r000,0.0,3.0,5764.72828315588,,,hardening:regular:r000,3,,,2690.845761629681,2.0,catalog/geography,,,3.0,10000.000000000002,Catalog + geography,5.0,,0.4199939646650912,0.3011983175350803,0.4494926182024473,722.2285832377643,1574.15367853119,moderate,851.9250952934258,,0.3843152188770586,3843.1521887705862,851.9250952934258,,,,3.0,,3843.152188770586,0.0851925095293425,,40000,"[""L009"", ""L017"", ""L019"", ""R002"", ""R006"", ""R008""]",,,6.0,0.0,3.0,3843.1521887705862,regular,2991.2270934771605,,6156.847811229412,300.38133184747926,0.5,0.0,48.0,6946.72730877456,4631.151539183042,0.8298480747724656,0.8298480747724652
,,greedy_local_search,3173.5643698667427,2,exp3:regular:f2.0:v0.5:r000,1.0,3.0,7740.652423819895,,,hardening:regular:r000,3,,,2785.359056087464,2.0,truthful resolved feasibility,,,2.0,10000.000000000002,Current feasibility,5.0,,0.4032196333981882,0.6219608362950996,0.5845418359442843,0.0,2038.2718069088733,moderate,2038.2718069088733,,0.5160434949213264,5160.434949213264,2038.2718069088733,,,,2.0,,5160.434949213263,0.2038271806908873,,40000,"[""L009"", ""L017"", ""R002"", ""R006"", ""C001""]",,,5.0,0.0,3.0,5160.434949213264,regular,3122.16314230439,,4839.565050786736,336.8040862169263,0.5,0.0,48.0,7740.652423819896,5160.434949213266,0.9999999999999999,0.9999999999999997
,,greedy_local_search,3169.8463396134275,2,exp3:regular:f2.0:v0.5:r001,0.0,3.0,7485.00141483415,,,hardening:regular:r001,3,,,2820.75636516443,2.0,catalog/geography,,,0.0,9999.999999999998,Catalog + geography,5.0,,0.5341167226558591,0.3576363779424918,0.6673741842363398,12.20747527801359,1832.3620788873525,moderate,1820.154603609339,,0.4990000943222767,4990.000943222767,1820.154603609339,,,,5.0,,4990.000943222766,0.1820154603609339,,40001,"[""R002"", ""R004"", ""R005"", ""R007"", ""R008""]",,,5.0,0.0,3.0,4990.000943222767,regular,3169.8463396134275,,5009.999056777233,349.0899744489976,0.5,0.0,48.0,7616.844332761531,5077.896221841021,0.9826906114701203,0.9826906114701205
,,greedy_local_search,3169.8463396134275,2,exp3:regular:f2.0:v0.5:r001,1.0,3.0,8255.335752592859,,,hardening:regular:r001,3,,,2806.8164526143923,2.0,truthful resolved feasibility,,,0.0,9999.999999999998,Current feasibility,4.0,,0.4894218660925418,0.5425730377795016,0.7010765693752731,0.0,2334.6910529710867,moderate,2334.6910529710867,,0.550355716839524,5503.55716839524,2334.6910529710867,,,,3.0,,5503.55716839524,0.2334691052971087,,40001,"[""R002"", ""R005"", ""R007"", ""C001""]",,,4.0,0.0,3.0,5503.55716839524,regular,3168.8661154241536,,4496.44283160476,362.0496628097613,0.5,0.0,48.0,8255.335752592859,5503.557168395239,1.0,1.0000000000000002
,,greedy_local_search,3160.6718778658683,2,exp3:regular:f2.0:v0.5:r002,0.0,3.0,6086.211136306884,,,hardening:regular:r002,3,,,2666.954350160528,2.0,catalog/geography,,,3.0,10000.000000000002,Catalog + geography,5.0,,0.3920637955051432,0.3610057996359392,0.5148333561861623,428.0756585767608,1495.364845529521,moderate,1067.2891869527602,,0.4057474090871255,4057.474090871256,1067.2891869527602,,,,3.0,,4057.474090871256,0.106728918695276,,40002,"[""L000"", ""L005"", ""L009"", ""R004"", ""R005"", ""R007""]",,,6.0,298.10767137169574,3.0,4057.474090871256,regular,2990.184903918496,,5942.525909128744,323.2305537579683,0.5,0.0,48.0,6777.437205979858,4518.291470653239,0.8980107009972601,0.89801070099726
,,greedy_local_search,3160.6718778658683,2,exp3:regular:f2.0:v0.5:r002,0.0,3.0,6742.302779299502,,,hardening:regular:r002,3,,,2657.0427026463262,2.0,truthful resolved feasibility,,,3.0,10000.000000000002,Current feasibility,6.0,,0.4395913791749885,0.4104992708710431,0.5399799325984511,0.0,1472.6814533304969,moderate,1472.6814533304969,,0.4494868519533,4494.868519533002,1472.6814533304969,,,,3.0,,4494.868519533002,0.1472681453330496,,40002,"[""L005"", ""L009"", ""L023"", ""R004"", ""R005"", ""R007""]",,,6.0,0.0,3.0,4494.868519533001,regular,3022.187066202505,,5505.131480467,365.1443635561785,0.5,0.0,48.0,6742.302779299503,4494.868519533002,0.9999999999999999,0.9999999999999998
,,greedy_local_search,3124.359200707915,2,exp3:regular:f2.0:v0.5:r003,2.0,3.0,5348.966659011167,,,hardening:regular:r003,3,,,2712.94705668059,2.0,catalog/geography,,,0.0,10000.0,Catalog + geography,2.0,,0.3240312800646933,0.2958414651995842,0.5361959420922225,1180.9641308992773,1837.8120869631236,moderate,656.8479560638461,,0.356597777267411,3565.9777726741104,656.8479560638461,,,,1.0,,3565.9777726741104,0.0656847956063846,,40003,"[""R000"", ""C000"", ""C001""]",,,3.0,0.0,3.0,3565.9777726741104,regular,2909.129816610264,,6434.0222273258905,196.18275992967412,0.5,0.0,48.0,9001.285774924989,6000.857183283326,0.5942447326705104,0.5942447326705101
,,greedy_local_search,3124.359200707915,2,exp3:regular:f2.0:v0.5:r003,1.0,3.0,7846.772370637178,,,hardening:regular:r003,3,,,2777.7685418513797,2.0,truthful resolved feasibility,,,0.0,10000.0,Current feasibility,4.0,,0.5462422266640286,0.412000626807953,0.6655446833044104,0.0,2139.727050711038,moderate,2139.727050711038,,0.5231181580424785,5231.181580424785,2139.727050711038,,,,3.0,,5231.181580424785,0.2139727050711038,,40003,"[""R000"", ""R003"", ""R006"", ""C001""]",,,4.0,0.0,3.0,5231.181580424785,regular,3091.4545297137474,,4768.818419575215,313.6859878623683,0.5,0.0,48.0,8111.5873473038255,5407.72489820255,0.9673534950277435,0.9673534950277435
,,greedy_local_search,3114.147193190104,2,exp3:regular:f2.0:v0.5:r004,0.0,3.0,5970.821633571033,,,hardening:regular:r004,3,,,2587.8708686557875,2.0,catalog/geography,,,1.0,10000.0,Catalog + geography,5.0,,0.3166770058915988,0.4971014061099828,0.4078231539084436,489.7980483558995,1582.5596510546998,moderate,1092.7616026988003,,0.3980547755714021,3980.547755714022,1092.7616026988003,,,,4.0,,3980.547755714022,0.10927616026988,,40004,"[""L009"", ""R002"", ""R005"", ""R006"", ""R008""]",,,5.0,0.0,3.0,3980.547755714022,regular,2887.7861530152218,,6019.45224428598,299.9152843594344,0.5,0.0,48.0,6757.251543260359,4504.834362173571,0.8836168959147738,0.8836168959147741
,,greedy_local_search,3114.147193190104,2,exp3:regular:f2.0:v0.5:r004,1.0,3.0,7095.475617948468,,,hardening:regular:r004,3,,,2698.9675891633638,2.0,truthful resolved feasibility,,,2.0,10000.0,Current feasibility,5.0,,0.3652008084063369,0.6046340135627978,0.4853471966670016,0.0,1715.0502179640707,moderate,1715.0502179640707,,0.4730317078632312,4730.317078632313,1715.0502179640707,,,,2.0,,4730.317078632313,0.171505021796407,,40004,"[""L009"", ""L014"", ""R005"", ""R006"", ""C001""]",,,5.0,0.0,3.0,4730.317078632312,regular,3015.266860668242,,5269.682921367688,316.29927150487845,0.5,0.0,48.0,8099.022563675095,5399.348375783395,0.8760903630238503,0.8760903630238505
,,greedy_local_search,3198.861412389728,2,exp3:regular:f2.0:v0.5:r005,1.0,3.0,7931.205827893368,,,hardening:regular:r005,3,,,2822.3580661572278,2.0,catalog/geography,,,0.0,9999.999999999996,Catalog + geography,3.0,,0.5898775250350642,0.280022174775541,0.826472038778365,-487.85696409159846,1648.89788836958,moderate,2136.7548524611784,,0.5287470551928912,5287.470551928913,2136.7548524611784,,,,3.0,,5287.470551928912,0.2136754852461179,,40005,"[""R000"", ""R004"", ""R008"", ""C001""]",,,4.0,0.0,3.0,5287.470551928911,regular,3150.715699467733,,4712.529448071087,328.35763331050606,0.5,0.0,48.0,7995.0583524368485,5330.0389016245645,0.9920135011242265,0.9920135011242265
,,greedy_local_search,3198.861412389728,2,exp3:regular:f2.0:v0.5:r005,1.0,3.0,7850.270674049565,,,hardening:regular:r005,3,,,2735.871699756899,2.0,truthful resolved feasibility,,,0.0,9999.999999999996,Current feasibility,3.0,,0.6332908840884941,0.280022174775541,0.7018135962935467,0.0,2172.2742910995694,moderate,2172.2742910995694,,0.523351378269971,5233.513782699711,2172.2742910995694,,,,3.0,,5233.513782699711,0.217227429109957,,40005,"[""R002"", ""R004"", ""R008"", ""C001""]",,,4.0,0.0,3.0,5233.51378269971,regular,3061.2394916001413,,4766.486217300289,325.36779184324206,0.5,0.0,48.0,7850.270674049567,5233.513782699711,0.9999999999999998,0.9999999999999998
,,greedy_local_search,3122.879618156244,2,exp3:regular:f2.0:v0.5:r006,1.0,3.0,7723.349293008683,,,hardening:regular:r006,3,,,2790.0268968649525,2.0,catalog/geography,,,0.0,10000.000000000002,Catalog + geography,4.0,,0.4188591886581875,0.529982695219244,0.7045468732216289,-95.73475463062232,1959.6364337842583,moderate,2055.3711884148806,,0.5148899528672457,5148.899528672457,2055.3711884148806,,,,3.0,,5148.899528672457,0.205537118841488,,40006,"[""R001"", ""R005"", ""R007"", ""C001""]",,,4.0,0.0,3.0,5148.899528672457,regular,3093.528340257576,,4851.100471327543,303.5014433926234,0.5,0.0,48.0,8374.991316098593,5583.327544065729,0.9221919165650585,0.9221919165650587
,,greedy_local_search,3122.879618156244,2,exp3:regular:f2.0:v0.5:r006,1.0,3.0,7723.349293008683,,,hardening:regular:r006,3,,,2790.0268968649525,2.0,truthful resolved feasibility,,,0.0,10000.000000000002,Current feasibility,4.0,,0.4188591886581875,0.529982695219244,0.7045468732216289,0.0,2055.3711884148806,moderate,2055.3711884148806,,0.5148899528672457,5148.899528672457,2055.3711884148806,,,,3.0,,5148.899528672457,0.205537118841488,,40006,"[""R001"", ""R005"", ""R007"", ""C001""]",,,4.0,0.0,3.0,5148.899528672457,regular,3093.528340257576,,4851.100471327543,303.5014433926234,0.5,0.0,48.0,8374.991316098593,5583.327544065729,0.9221919165650585,0.9221919165650587
,,greedy_local_search,3115.6062898195664,2,exp3:regular:f2.0:v0.5:r007,0.0,3.0,5923.908288707273,,,hardening:regular:r007,3,,,2614.964106844028,2.0,catalog/geography,,,1.0,9999.999999999998,Catalog + geography,5.0,,0.3075248461308863,0.3337168293973599,0.6987007409958835,574.403490954594,1628.8985689182273,moderate,1054.495077963633,,0.3949272192471515,3949.272192471515,1054.495077963633,,,,4.0,,3949.272192471515,0.1054495077963633,,40007,"[""L030"", ""R004"", ""R006"", ""R007"", ""R008""]",,,5.0,0.0,3.0,3949.272192471515,regular,2894.777114507882,,6050.727807528484,279.8130076638539,0.5,0.0,48.0,6831.269777572155,4554.179851714769,0.8671752809640376,0.8671752809640378
,,greedy_local_search,3115.6062898195664,2,exp3:regular:f2.0:v0.5:r007,1.0,3.0,7268.691607545323,,,hardening:regular:r007,3,,,2626.2649842129813,2.0,truthful resolved feasibility,,,1.0,9999.999999999998,Current feasibility,4.0,,0.4082221972556384,0.3610862823329462,0.8724962646072657,0.0,1911.2454151097472,moderate,1911.2454151097472,,0.4845794405030216,4845.794405030216,1911.2454151097472,,,,2.0,,4845.794405030216,0.1911245415109747,,40007,"[""L030"", ""R000"", ""R004"", ""C001""]",,,4.0,0.0,3.0,4845.794405030216,regular,2934.548989920469,,5154.205594969784,308.2840057074875,0.5,0.0,48.0,7268.691607545326,4845.794405030216,0.9999999999999994,1.0
,,greedy_local_search,3204.768007661325,2,exp3:regular:f2.0:v0.5:r008,1.0,3.0,4542.448232012515,,,hardening:regular:r008,3,,,2818.8223484513014,2.0,catalog/geography,,,2.0,9999.999999999998,Catalog + geography,3.0,,0.2049625186485297,0.4532754320521329,0.259751737620414,1631.7280610315288,1620.1023659457487,moderate,-11.62569508578008,,0.3028298821341676,3028.298821341677,-11.62569508578008,,,,2.0,,3028.298821341677,-0.001162569508578,,40008,"[""L026"", ""L027"", ""R000"", ""R002"", ""C002""]",,,5.0,0.0,3.0,3028.298821341677,regular,3039.924516427457,,6971.701178658324,221.10216797615556,0.5,0.0,48.0,7980.60924631038,5320.406164206918,0.5691856463355344,0.5691856463355346
,,greedy_local_search,3204.768007661325,2,exp3:regular:f2.0:v0.5:r008,0.0,3.0,6528.001845347085,,,hardening:regular:r008,3,,,2730.1891217766533,2.0,truthful resolved feasibility,,,1.0,9999.999999999998,Current feasibility,5.0,,0.4549483292599072,0.3512075255790521,0.5377537045175623,0.0,1307.1759363995238,moderate,1307.1759363995238,,0.435200123023139,4352.00123023139,1307.1759363995238,,,,4.0,,4352.00123023139,0.1307175936399524,,40008,"[""L032"", ""R000"", ""R001"", ""R004"", ""R008""]",,,5.0,0.0,3.0,4352.00123023139,regular,3044.825293831866,,5647.99876976861,314.63617205521257,0.5,0.0,48.0,6569.616083055793,4379.744055370528,0.9936656515110467,0.9936656515110467
,,greedy_local_search,3136.9553617898514,2,exp3:regular:f2.0:v0.5:r009,0.0,3.0,6243.570949938692,,,hardening:regular:r009,3,,,2586.299774484207,2.0,catalog/geography,,,1.0,9999.999999999998,Catalog + geography,4.0,,0.309679132435854,0.417027302844994,0.6546144886868196,526.0600243514732,1813.7843324903697,moderate,1287.7243081388965,,0.4162380633292462,4162.380633292462,1287.7243081388965,,,,4.0,,4162.380633292461,0.1287724308138896,,40009,"[""L005"", ""R000"", ""R002"", ""R003"", ""R008""]",,,5.0,0.0,3.0,4162.380633292462,regular,2874.656325153565,,5837.619366707538,288.35655066935794,0.5,0.0,48.0,7099.659919603439,4733.106613068959,0.879418313079908,0.8794183130799084
,,greedy_local_search,3136.9553617898514,2,exp3:regular:f2.0:v0.5:r009,1.0,3.0,7694.074784057548,,,hardening:regular:r009,3,,,2813.5547572296964,2.0,truthful resolved feasibility,,,0.0,9999.999999999998,Current feasibility,4.0,,0.4884126879967103,0.5194809439738899,0.5566713947389439,0.0,2016.2523425022669,moderate,2016.2523425022669,,0.5129383189371699,5129.383189371699,2016.2523425022669,,,,3.0,,5129.383189371699,0.2016252342502267,,40009,"[""R000"", ""R002"", ""R003"", ""C001""]",,,4.0,0.0,3.0,5129.383189371699,regular,3113.130846869432,,4870.616810628302,299.5760896397354,0.5,0.0,48.0,7694.074784057549,5129.383189371699,0.9999999999999999,1.0
,,greedy_local_search,3156.668444536349,2,exp3:regular:f2.0:v0.5:r010,1.0,3.0,5123.027215702747,,,hardening:regular:r010,3,,,2735.1444287355644,2.0,catalog/geography,,,0.0,10000.0,Catalog + geography,4.0,,0.1704335022531861,0.6020916138138126,0.2705400343237414,1332.707506948378,1757.7334381687651,moderate,425.0259312203871,,0.3415351477135164,3415.3514771351643,425.0259312203871,,,,3.0,,3415.351477135164,0.0425025931220387,,40010,"[""R000"", ""R005"", ""R008"", ""C000""]",,,4.0,0.0,3.0,3415.3514771351647,regular,2990.3255459147767,,6584.648522864836,255.18111717921252,0.5,0.0,48.0,8182.400549894202,5454.933699929468,0.6261032058335236,0.6261032058335236
,,greedy_local_search,3156.668444536349,2,exp3:regular:f2.0:v0.5:r010,1.0,3.0,7894.046736338172,,,hardening:regular:r010,3,,,2729.1043221137425,2.0,truthful resolved feasibility,,,2.0,10000.0,Current feasibility,5.0,,0.2945428990962226,0.7287008221666519,0.6934009503545824,0.0,2146.68710473792,moderate,2146.68710473792,,0.5262697824225449,5262.697824225448,2146.68710473792,,,,2.0,,5262.697824225448,0.214668710473792,,40010,"[""L000"", ""L021"", ""R000"", ""R005"", ""C001""]",,,5.0,0.0,3.0,5262.697824225448,regular,3116.010719487528,,4737.302175774552,386.9063973737858,0.5,0.0,48.0,7894.046736338174,5262.69782422545,0.9999999999999998,0.9999999999999997
,,greedy_local_search,3160.557603079724,2,exp3:regular:f2.0:v0.5:r011,0.0,3.0,5958.483642473922,,,hardening:regular:r011,3,,,2604.806087756239,2.0,catalog/geography,,,1.0,10000.000000000002,Catalog + geography,4.0,,0.2986108702390094,0.5421064570575063,0.365600456269567,706.374827922154,1783.3379686756166,moderate,1076.9631407534623,,0.3972322428315948,3972.322428315949,1076.9631407534623,,,,4.0,,3972.322428315949,0.1076963140753462,,40011,"[""L018"", ""R002"", ""R003"", ""R004"", ""R005""]",,,5.0,0.0,3.0,3972.322428315949,regular,2895.3592875624863,,6027.677571684052,290.5531998062476,0.5,0.0,48.0,7096.66939473811,4731.112929825407,0.8396169119688588,0.8396169119688589
,,greedy_local_search,3160.557603079724,2,exp3:regular:f2.0:v0.5:r011,1.0,3.0,8024.893921640276,,,hardening:regular:r011,3,,,2765.499132737267,2.0,truthful resolved feasibility,,,0.0,10000.000000000002,Current feasibility,4.0,,0.418440409700638,0.6579299082175626,0.5820963793395887,0.0,2242.0435860673747,moderate,2242.0435860673747,,0.5349929281093516,5349.929281093517,2242.0435860673747,,,,3.0,,5349.929281093517,0.2242043586067374,,40011,"[""R002"", ""R003"", ""R004"", ""C001""]",,,4.0,0.0,3.0,5349.929281093518,regular,3107.885695026142,,4650.070718906483,342.3865622888751,0.5,0.0,48.0,8024.893921640276,5349.9292810935185,1.0,0.9999999999999998
,,greedy_local_search,3192.099663508026,2,exp3:regular:f2.0:v0.5:r012,0.0,3.0,5836.099437283567,,,hardening:regular:r012,3,,,2672.145041179154,2.0,catalog/geography,,,1.0,9999.999999999998,Catalog + geography,4.0,,0.3906281673635992,0.4567676333628667,0.2671097441414075,531.5033638400819,1447.858948572225,moderate,916.3555847321433,,0.3890732958189044,3890.732958189045,916.3555847321433,,,,4.0,,3890.732958189045,0.0916355584732143,,40012,"[""L008"", ""R002"", ""R004"", ""R005"", ""R008""]",,,5.0,0.0,3.0,3890.732958189045,regular,2974.3773734569013,,6109.267041810956,302.2323322777474,0.5,0.0,48.0,6698.703815134751,4465.802543423166,0.8712281656785221,0.8712281656785225
,,greedy_local_search,3192.099663508026,2,exp3:regular:f2.0:v0.5:r012,1.0,3.0,6849.9312658193685,,,hardening:regular:r012,3,,,2799.869675281673,2.0,truthful resolved feasibility,,,1.0,9999.999999999998,Current feasibility,4.0,,0.4912526970428809,0.3617469897914263,0.5449346214583115,0.0,1457.8277655408206,moderate,1457.8277655408206,,0.4566620843879578,4566.620843879578,1457.8277655408206,,,,2.0,,4566.620843879578,0.1457827765540821,,40012,"[""L008"", ""R004"", ""R005"", ""C001""]",,,4.0,0.0,3.0,4566.620843879578,regular,3108.793078338758,,5433.379156120421,308.92340305708467,0.5,0.0,48.0,6849.931265819369,4566.620843879578,0.9999999999999999,1.0
,,greedy_local_search,3184.1865156025765,2,exp3:regular:f2.0:v0.5:r013,1.0,3.0,5500.622107776768,,,hardening:regular:r013,3,,,2869.5101673802883,2.0,catalog/geography,,,0.0,9999.999999999998,Catalog + geography,3.0,,0.3367013612339192,0.2638083730280207,0.6142979870169011,1137.209602486325,1689.3191904284236,moderate,552.1095879420986,,0.3667081405184511,3667.081405184511,552.1095879420986,,,,3.0,,3667.081405184512,0.0552109587942098,,40013,"[""R001"", ""R002"", ""R007"", ""C000""]",,,4.0,0.0,3.0,3667.081405184512,regular,3114.971817242413,,6332.918594815489,245.46164986212509,0.5,0.0,48.0,7826.278159713243,5217.518773142163,0.7028400978758863,0.7028400978758863
,,greedy_local_search,3184.1865156025765,2,exp3:regular:f2.0:v0.5:r013,1.0,3.0,7340.255055943938,,,hardening:regular:r013,3,,,2698.164094613241,2.0,truthful resolved feasibility,,,1.0,9999.999999999998,Current feasibility,4.0,,0.4817259057998811,0.5415693942792184,0.4151219572762809,0.0,1891.7848952253048,moderate,1891.7848952253048,,0.4893503370629291,4893.503370629292,1891.7848952253048,,,,2.0,,4893.503370629292,0.1891784895225305,,40013,"[""L030"", ""R002"", ""R005"", ""C001""]",,,4.0,0.0,3.0,4893.503370629291,regular,3001.7184754039868,,5106.496629370708,303.55438079074565,0.5,0.0,48.0,7340.255055943939,4893.5033706292925,0.9999999999999999,0.9999999999999997
,,greedy_local_search,3149.994846744082,2,exp3:regular:f2.0:v0.5:r014,0.0,3.0,6778.447124641667,,,hardening:regular:r014,3,,,2733.4948537645296,2.0,catalog/geography,,,2.0,10000.0,Catalog + geography,5.0,,0.4760515746031231,0.4183433081119098,0.4562655428276865,623.4654666921924,2100.4317731344445,moderate,1476.966306442252,,0.4518964749761111,4518.964749761111,1476.966306442252,,,,4.0,,4518.964749761111,0.1476966306442252,,40014,"[""L017"", ""L035"", ""R000"", ""R005"", ""R006"", ""R007""]",,,6.0,273.33981890496847,3.0,4518.964749761111,regular,3041.9984433188592,,5481.035250238889,308.5035895543296,0.5,0.0,48.0,7806.97323324678,5204.648822164519,0.8682554585655512,0.8682554585655514
,,greedy_local_search,3149.994846744082,2,exp3:regular:f2.0:v0.5:r014,0.0,3.0,7587.695811690638,,,hardening:regular:r014,3,,,2766.7362884331355,2.0,truthful resolved feasibility,,,2.0,10000.0,Current feasibility,6.0,,0.4655389756077524,0.540809004379663,0.5353534844483596,0.0,1926.341811032896,moderate,1926.341811032896,,0.5058463874460426,5058.463874460426,1926.341811032896,,,,4.0,,5058.463874460425,0.1926341811032896,,40014,"[""L017"", ""L020"", ""R000"", ""R004"", ""R005"", ""R007""]",,,6.0,0.0,3.0,5058.463874460425,regular,3132.1220634275296,,4941.536125539575,365.3857749943943,0.5,0.0,48.0,7587.695811690641,5058.463874460426,0.9999999999999997,0.9999999999999998
,,greedy_local_search,3157.5449359068625,2,exp3:regular:f2.0:v0.5:r015,0.0,3.0,6642.898569106559,,,hardening:regular:r015,3,,,2728.1421309206885,2.0,catalog/geography,,,1.0,9999.999999999998,Catalog + geography,5.0,,0.5133117698030724,0.3206634081123275,0.4981870767820341,193.71529427454425,1606.7005657255036,moderate,1412.985271450959,,0.442859904607104,4428.59904607104,1412.985271450959,,,,4.0,,4428.59904607104,0.1412985271450959,,40015,"[""L009"", ""R002"", ""R004"", ""R005"", ""R006""]",,,5.0,0.0,3.0,4428.59904607104,regular,3015.6137746200807,,5571.40095392896,287.47164369939225,0.5,0.0,48.0,6947.660192400214,4631.773461600142,0.9561346388778451,0.9561346388778456
,,greedy_local_search,3157.5449359068625,2,exp3:regular:f2.0:v0.5:r015,1.0,3.0,7322.864008746339,,,hardening:regular:r015,3,,,2852.0841026922126,2.0,truthful resolved feasibility,,,2.0,9999.999999999998,Current feasibility,5.0,,0.4633634028703646,0.4967123596669064,0.5291403837067062,0.0,1724.364403257363,moderate,1724.364403257363,,0.4881909339164225,4881.9093391642255,1724.364403257363,,,,2.0,,4881.9093391642255,0.1724364403257363,,40015,"[""L004"", ""L009"", ""R001"", ""R004"", ""C001""]",,,5.0,0.0,3.0,4881.909339164226,regular,3157.5449359068625,,5118.090660835775,305.46083321464994,0.5,0.0,48.0,7403.740473711046,4935.82698247403,0.9890762695894216,0.9890762695894219
,,greedy_local_search,3157.122265676465,2,exp3:regular:f2.0:v0.5:r016,0.0,3.0,6038.868279035724,,,hardening:regular:r016,3,,,2676.4308374820857,2.0,catalog/geography,,,1.0,10000.000000000002,Catalog + geography,5.0,,0.2483413325951945,0.4013231670365693,0.7518725523587242,514.6278159447593,1579.6417544639016,moderate,1065.0139385191424,,0.4025912186023817,4025.912186023817,1065.0139385191424,,,,4.0,,4025.912186023817,0.1065013938519142,,40016,"[""L020"", ""R001"", ""R002"", ""R003"", ""R008""]",,,5.0,0.0,3.0,4025.912186023817,regular,2960.898247504674,,5974.087813976184,284.4674100225886,0.5,0.0,48.0,6861.519706577444,4574.346471051632,0.8801065270200817,0.8801065270200814
,,greedy_local_search,3157.122265676465,2,exp3:regular:f2.0:v0.5:r016,1.0,3.0,7597.381975065699,,,hardening:regular:r016,3,,,2759.7427136875312,2.0,truthful resolved feasibility,,,0.0,10000.000000000002,Current feasibility,4.0,,0.390035028600051,0.546873901049744,0.6978525171680664,0.0,1986.363080326406,moderate,1986.363080326406,,0.5064921316710467,5064.921316710466,1986.363080326406,,,,3.0,,5064.921316710466,0.1986363080326405,,40016,"[""R002"", ""R003"", ""R004"", ""C001""]",,,4.0,0.0,3.0,5064.921316710466,regular,3078.5582363840604,,4935.078683289534,318.8155226965289,0.5,0.0,48.0,7597.466096538199,5064.977397692135,0.999988927693598,0.9999889276935975
,,greedy_local_search,3219.934328513683,2,exp3:regular:f2.0:v0.5:r017,1.0,3.0,5139.644916683874,,,hardening:regular:r017,3,,,2819.123720367461,2.0,catalog/geography,,,0.0,10000.000000000002,Catalog + geography,4.0,,0.2334882969970671,0.4042364217431682,0.4804525659340125,1238.580494894568,1609.6129124925242,moderate,371.0324175979563,,0.3426429944455915,3426.429944455916,371.0324175979563,,,,3.0,,3426.429944455916,0.0371032417597956,,40017,"[""R001"", ""R004"", ""R008"", ""C002""]",,,4.0,0.0,3.0,3426.429944455916,regular,3055.39752685796,,6573.570055544084,236.2738064904989,0.5,0.0,48.0,8074.123292956137,5382.74886197076,0.636557645975966,0.6365576459759659
,,greedy_local_search,3219.934328513683,2,exp3:regular:f2.0:v0.5:r017,0.0,3.0,6659.290238607051,,,hardening:regular:r017,3,,,2700.183771328144,2.0,truthful resolved feasibility,,,1.0,10000.000000000002,Current feasibility,5.0,,0.2939414160889248,0.5252302660559075,0.6392422610710978,0.0,1408.6939190521207,moderate,1408.6939190521207,,0.4439526825738034,4439.526825738034,1408.6939190521207,,,,4.0,,4439.526825738034,0.140869391905212,,40017,"[""L020"", ""R000"", ""R001"", ""R004"", ""R008""]",,,5.0,0.0,3.0,4439.526825738034,regular,3030.8329066859133,,5560.473174261966,330.6491353577695,0.5,0.0,48.0,6659.290238607052,4439.526825738037,0.9999999999999999,0.9999999999999993
,,greedy_local_search,3175.553828239308,2,exp3:regular:f2.0:v0.5:r018,1.0,3.0,5001.637623574296,,,hardening:regular:r018,3,,,2823.7603476327977,2.0,catalog/geography,,,0.0,9999.999999999996,Catalog + geography,4.0,,0.3510876045784146,0.2723673407953347,0.4006225844981632,1483.9265106852597,1765.9955413920156,moderate,282.06903070675617,,0.3334425082382863,3334.425082382864,282.06903070675617,,,,3.0,,3334.425082382864,0.0282069030706756,,40018,"[""R000"", ""R002"", ""R005"", ""C002""]",,,4.0,0.0,3.0,3334.425082382864,regular,3052.356051676107,,6665.574917617136,228.59570404330967,0.5,0.0,48.0,7959.583652979973,5306.389101986647,0.6283793024402405,0.6283793024402405
,,greedy_local_search,3175.553828239308,2,exp3:regular:f2.0:v0.5:r018,1.0,3.0,7370.603724675841,,,hardening:regular:r018,3,,,2721.013854837467,2.0,truthful resolved feasibility,,,0.0,9999.999999999996,Current feasibility,4.0,,0.4221998178695427,0.5358100935405052,0.5692506543229251,0.0,1882.5736475236615,moderate,1882.5736475236615,,0.4913735816450561,4913.735816450561,1882.5736475236615,,,,3.0,,4913.73581645056,0.1882573647523662,,40018,"[""R000"", ""R003"", ""R005"", ""C001""]",,,4.0,0.0,3.0,4913.735816450561,regular,3031.162168926898,,5086.264183549439,310.14831408943155,0.5,0.0,48.0,7370.603724675842,4913.73581645056,0.9999999999999998,1.0000000000000002
,,greedy_local_search,3116.235950464716,2,exp3:regular:f2.0:v0.5:r019,1.0,3.0,7484.037671323838,,,hardening:regular:r019,3,,,2678.630063809592,2.0,catalog/geography,,,1.0,10000.000000000002,Catalog + geography,4.0,,0.4741894526919079,0.5692795997051157,0.4315136557338683,-325.68306963228315,1701.323842869634,moderate,2027.0069125019168,,0.4989358447549227,4989.358447549227,2027.0069125019168,,,,2.0,,4989.358447549226,0.2027006912501917,,40019,"[""L014"", ""R001"", ""R002"", ""C001""]",,,4.0,0.0,3.0,4989.358447549226,regular,2962.351535047309,,5010.641552450774,283.72147123771697,0.5,0.0,48.0,7615.2511665251495,5076.834111016769,0.9827696431369073,0.9827696431369068
,,greedy_local_search,3116.235950464716,2,exp3:regular:f2.0:v0.5:r019,1.0,3.0,7484.037671323838,,,hardening:regular:r019,3,,,2678.630063809592,2.0,truthful resolved feasibility,,,1.0,10000.000000000002,Current feasibility,4.0,,0.4741894526919079,0.5692795997051157,0.4315136557338683,0.0,2027.0069125019168,moderate,2027.0069125019168,,0.4989358447549227,4989.358447549227,2027.0069125019168,,,,2.0,,4989.358447549226,0.2027006912501917,,40019,"[""L014"", ""R001"", ""R002"", ""C001""]",,,4.0,0.0,3.0,4989.358447549226,regular,2962.351535047309,,5010.641552450774,283.72147123771697,0.5,0.0,48.0,7615.2511665251495,5076.834111016769,0.9827696431369073,0.9827696431369068
,,greedy_local_search,3173.5643698667427,2,exp3:regular:f2.0:v1.0:r000,0.0,3.0,5941.442843176355,,,hardening:regular:r000,3,,,2501.112494451064,2.0,catalog/geography,,,0.0,10000.000000000002,Catalog + geography,4.0,,0.4570254182058619,0.3043329335227441,0.4195911230974599,282.96118017713843,1199.6595586247709,moderate,916.6983784476324,,0.3960961895450903,3960.9618954509033,916.6983784476324,,,,4.0,,3960.9618954509033,0.0916698378447632,,40000,"[""R002"", ""R006"", ""R007"", ""R008""]",,,4.0,0.0,3.0,3960.9618954509033,regular,3044.263517003271,,6039.038104549097,543.1510225522072,1.0,0.0,48.0,6430.623883107661,4287.082588738442,0.9239294586616527,0.9239294586616523
,,greedy_local_search,3173.5643698667427,2,exp3:regular:f2.0:v1.0:r000,1.0,3.0,7049.853074907129,,,hardening:regular:r000,3,,,2487.515632895949,2.0,truthful resolved feasibility,,,1.0,10000.000000000002,Current feasibility,4.0,,0.3572900620237099,0.5716208188734366,0.5457119523871812,0.0,1637.16091952102,moderate,1637.16091952102,,0.4699902049938085,4699.902049938086,1637.16091952102,,,,2.0,,4699.902049938086,0.1637160919521019,,40000,"[""L017"", ""R002"", ""R006"", ""C001""]",,,4.0,0.0,3.0,4699.902049938086,regular,3062.741130417066,,5300.097950061914,575.2254975211173,1.0,0.0,48.0,7049.853074907129,4699.902049938088,1.0,0.9999999999999997
,,greedy_local_search,3169.8463396134275,2,exp3:regular:f2.0:v1.0:r001,0.0,3.0,6158.172413109152,,,hardening:regular:r001,3,,,2478.4996025185187,2.0,catalog/geography,,,1.0,9999.999999999998,Catalog + geography,4.0,,0.4173279520095185,0.2869694745980705,0.6115396651350109,300.8395873852751,1350.6288154914237,moderate,1049.7892281061486,,0.4105448275406101,4105.448275406102,1049.7892281061486,,,,4.0,,4105.448275406102,0.1049789228106148,,40001,"[""L006"", ""R002"", ""R004"", ""R005"", ""R007""]",,,5.0,0.0,3.0,4105.448275406102,regular,3055.6590472999533,,5894.551724593897,577.1594447814344,1.0,0.0,48.0,6716.693743446934,4477.795828964622,0.9168457947211459,0.916845794721146
,,greedy_local_search,3169.8463396134275,2,exp3:regular:f2.0:v1.0:r001,1.0,3.0,6777.845089319792,,,hardening:regular:r001,3,,,2268.9238118011344,2.0,truthful resolved feasibility,,,0.0,9999.999999999998,Current feasibility,3.0,,0.3866253581097873,0.4389549004864916,0.6212035648415488,0.0,1676.0319375665176,moderate,1676.0319375665176,,0.4518563392879861,4518.563392879861,1676.0319375665176,,,,2.0,,4518.563392879862,0.1676031937566517,,40001,"[""R002"", ""R007"", ""C001""]",,,3.0,0.0,3.0,4518.563392879862,regular,2842.531455313344,,5481.436607120138,573.6076435122093,1.0,0.0,48.0,6777.845089319792,4518.563392879862,1.0,1.0
,,greedy_local_search,3160.6718778658683,2,exp3:regular:f2.0:v1.0:r002,0.0,3.0,5245.406824406236,,,hardening:regular:r002,3,,,2320.0291060392497,2.0,catalog/geography,,,2.0,10000.000000000002,Catalog + geography,4.0,,0.3053581859160085,0.3064269784806495,0.5251658108165895,391.2244490478033,1065.189424428739,moderate,673.9649753809354,,0.349693788293749,3496.937882937491,673.9649753809354,,,,3.0,,3496.9378829374905,0.0673964975380935,,40002,"[""L000"", ""L005"", ""R001"", ""R005"", ""R007""]",,,5.0,298.10767137169574,3.0,3496.937882937491,regular,2822.972907556555,,6503.06211706251,502.94380151730553,1.0,0.0,48.0,5936.63289407921,3957.755262719473,0.8835659738431266,0.8835659738431266
,,greedy_local_search,3160.6718778658683,2,exp3:regular:f2.0:v1.0:r002,0.0,3.0,6062.517968210597,,,hardening:regular:r002,3,,,2387.6119260867185,2.0,truthful resolved feasibility,,,0.0,10000.000000000002,Current feasibility,4.0,,0.4207364382204124,0.304821348899225,0.5407449761672939,0.0,1088.0600133835433,moderate,1088.0600133835433,,0.404167864547373,4041.678645473731,1088.0600133835433,,,,4.0,,4041.678645473731,0.1088060013383543,,40002,"[""R001"", ""R004"", ""R005"", ""R007""]",,,4.0,0.0,3.0,4041.678645473731,regular,2953.618632090188,,5958.32135452627,566.0067060034693,1.0,0.0,48.0,6062.517968210597,4041.6786454737316,1.0,0.9999999999999999
,,greedy_local_search,3124.359200707915,2,exp3:regular:f2.0:v1.0:r003,1.0,3.0,7209.822272923873,,,hardening:regular:r003,3,,,2517.968525605073,2.0,catalog/geography,,,1.0,10000.0,Catalog + geography,4.0,,0.4835459393621859,0.3712863109173116,0.6655446833044104,-333.3202207694226,1348.8687604719112,moderate,1682.1889812413335,,0.4806548181949249,4806.548181949249,1682.1889812413335,,,,2.0,,4806.548181949249,0.1682188981241333,,40003,"[""L002"", ""R000"", ""R006"", ""C001""]",,,4.0,0.0,3.0,4806.548181949248,regular,3124.359200707915,,5193.451818050752,606.3906751028421,1.0,0.0,48.0,7444.642807829712,4963.095205219808,0.9684577835408205,0.9684577835408202
,,greedy_local_search,3124.359200707915,2,exp3:regular:f2.0:v1.0:r003,1.0,3.0,7209.144910106853,,,hardening:regular:r003,3,,,2528.5289118024643,2.0,truthful resolved feasibility,,,1.0,10000.0,Current feasibility,4.0,,0.4075659750073432,0.4730760229875347,0.6581418193742424,0.0,1686.4472948815935,moderate,1686.4472948815935,,0.4806096606737901,4806.096606737901,1686.4472948815935,,,,2.0,,4806.096606737901,0.1686447294881593,,40003,"[""L002"", ""R000"", ""R002"", ""C001""]",,,4.0,0.0,3.0,4806.096606737901,regular,3119.649311856308,,5193.9033932621,591.1204000538432,1.0,0.0,48.0,7334.236262126352,4889.490841417568,0.9829441883859857,0.9829441883859856
,,greedy_local_search,3114.147193190104,2,exp3:regular:f2.0:v1.0:r004,1.0,3.0,6403.736699725678,,,hardening:regular:r004,3,,,2389.26716982976,2.0,catalog/geography,,,1.0,10000.0,Catalog + geography,4.0,,0.3343827157196412,0.5628689659284943,0.3971970991645015,-158.33327994511274,1173.9340171466852,moderate,1332.267297091798,,0.4269157799817118,4269.157799817119,1332.267297091798,,,,2.0,,4269.157799817119,0.1332267297091798,,40004,"[""L009"", ""R005"", ""R006"", ""C001""]",,,4.0,0.0,3.0,4269.157799817119,regular,2936.890502725321,,5730.842200182882,547.6233328955608,1.0,0.0,48.0,7407.283645452304,4938.189096968201,0.8645188987270991,0.8645188987270994
,,greedy_local_search,3114.147193190104,2,exp3:regular:f2.0:v1.0:r004,1.0,3.0,6403.736699725678,,,hardening:regular:r004,3,,,2389.26716982976,2.0,truthful resolved feasibility,,,1.0,10000.0,Current feasibility,4.0,,0.3343827157196412,0.5628689659284943,0.3971970991645015,0.0,1332.267297091798,moderate,1332.267297091798,,0.4269157799817118,4269.157799817119,1332.267297091798,,,,2.0,,4269.157799817119,0.1332267297091798,,40004,"[""L009"", ""R005"", ""R006"", ""C001""]",,,4.0,0.0,3.0,4269.157799817119,regular,2936.890502725321,,5730.842200182882,547.6233328955608,1.0,0.0,48.0,7407.283645452304,4938.189096968201,0.8645188987270991,0.8645188987270994
,,greedy_local_search,3198.861412389728,2,exp3:regular:f2.0:v1.0:r005,1.0,3.0,6725.173727193551,,,hardening:regular:r005,3,,,2477.7622283775327,2.0,catalog/geography,,,1.0,9999.999999999996,Catalog + geography,4.0,,0.4946355959192438,0.2439890792110504,0.7018135962935467,-309.81641310860687,1148.68060861898,moderate,1458.4970217275868,,0.4483449151462367,4483.449151462368,1458.4970217275868,,,,2.0,,4483.449151462367,0.1458497021727587,,40005,"[""L005"", ""R002"", ""R008"", ""C001""]",,,4.0,0.0,3.0,4483.449151462367,regular,3024.95212973478,,5516.550848537632,547.1899013572473,1.0,0.0,48.0,7069.70630833483,4713.137538889885,0.9512663516538031,0.9512663516538034
,,greedy_local_search,3198.861412389728,2,exp3:regular:f2.0:v1.0:r005,1.0,3.0,6995.37915360798,,,hardening:regular:r005,3,,,2456.0363296511546,2.0,truthful resolved feasibility,,,1.0,9999.999999999996,Current feasibility,4.0,,0.495836753689423,0.2939124337759494,0.7018135962935467,0.0,1632.807289815455,moderate,1632.807289815455,,0.466358610240532,4663.58610240532,1632.807289815455,,,,2.0,,4663.586102405319,0.1632807289815455,,40005,"[""L034"", ""R002"", ""R008"", ""C001""]",,,4.0,0.0,3.0,4663.586102405321,regular,3030.778812589864,,5336.41389759468,574.7424829387097,1.0,0.0,48.0,6995.37915360798,4663.586102405319,1.0,1.0000000000000004
,,greedy_local_search,3122.879618156244,2,exp3:regular:f2.0:v1.0:r006,1.0,3.0,6672.319407468847,,,hardening:regular:r006,3,,,2407.2292626429303,2.0,catalog/geography,,,1.0,10000.000000000002,Catalog + geography,4.0,,0.3658671848860915,0.3979191028233986,0.7045468732216289,-42.40264060070467,1454.294911733542,moderate,1496.697552334247,,0.4448212938312564,4448.212938312565,1496.697552334247,,,,2.0,,4448.212938312565,0.1496697552334246,,40006,"[""L034"", ""R001"", ""R005"", ""C001""]",,,4.0,0.0,3.0,4448.212938312565,regular,2951.515385978318,,5551.787061687435,544.2861233353879,1.0,0.0,48.0,7417.885332628846,4945.256888419232,0.8994907724064567,0.8994907724064565
,,greedy_local_search,3122.879618156244,2,exp3:regular:f2.0:v1.0:r006,1.0,3.0,7269.666432998749,,,hardening:regular:r006,3,,,2525.850804448264,2.0,truthful resolved feasibility,,,1.0,10000.000000000002,Current feasibility,4.0,,0.4114358270777166,0.5727763867455219,0.4951328566033905,0.0,1724.3831083395871,moderate,1724.3831083395871,,0.4846444288665832,4846.444288665833,1724.3831083395871,,,,2.0,,4846.444288665833,0.1724383108339587,,40006,"[""L026"", ""R001"", ""R007"", ""C001""]",,,4.0,0.0,3.0,4846.444288665833,regular,3122.061180326245,,5153.555711334167,596.2103758779814,1.0,0.0,48.0,7380.08963742551,4920.0597582836745,0.9850376879073678,0.9850376879073676
,,greedy_local_search,3115.6062898195664,2,exp3:regular:f2.0:v1.0:r007,0.0,3.0,5233.843609259629,,,hardening:regular:r007,3,,,2320.0884708124736,2.0,catalog/geography,,,0.0,9999.999999999998,Catalog + geography,4.0,,0.2332938926244395,0.2977157354394311,0.6987007409958835,543.4867269230103,1234.1644309766743,moderate,690.677704053664,,0.3489229072839754,3489.229072839754,690.677704053664,,,,4.0,,3489.229072839754,0.0690677704053664,,40007,"[""R004"", ""R006"", ""R007"", ""R008""]",,,4.0,0.0,3.0,3489.229072839754,regular,2798.55136878609,,6510.770927160245,478.4628979736162,1.0,0.0,48.0,6141.205098124514,4094.136732083007,0.85225025473551,0.8522502547355106
,,greedy_local_search,3115.6062898195664,2,exp3:regular:f2.0:v1.0:r007,1.0,3.0,6520.712410004499,,,hardening:regular:r007,3,,,2310.47985658921,2.0,truthful resolved feasibility,,,2.0,9999.999999999998,Current feasibility,4.0,,0.3532289616985262,0.2957501610443844,0.8612428576854766,0.0,1477.6229527600683,moderate,1477.6229527600683,,0.4347141606669665,4347.141606669666,1477.6229527600683,,,,1.0,,4347.1416066696665,0.1477622952760068,,40007,"[""L030"", ""L033"", ""R004"", ""C001""]",,,4.0,0.0,3.0,4347.141606669667,regular,2869.518653909598,,5652.858393330333,559.0387973203879,1.0,0.0,48.0,6520.712410004502,4347.1416066696665,0.9999999999999996,1.0000000000000002
,,greedy_local_search,3204.768007661325,2,exp3:regular:f2.0:v1.0:r008,1.0,3.0,4004.821896791168,,,hardening:regular:r008,3,,,2539.7854239557537,2.0,catalog/geography,,,1.0,9999.999999999998,Catalog + geography,2.0,,0.1607655844816816,0.4076950454625855,0.259751737620414,1463.7771609335357,1224.9442388716543,moderate,-238.8329220618812,,0.2669881264527445,2669.881264527445,-238.8329220618812,,,,2.0,,2669.8812645274447,-0.0238832922061881,,40008,"[""L026"", ""R000"", ""R002"", ""C002""]",,,4.0,0.0,3.0,2669.881264527445,regular,2908.714186589326,,7330.118735472555,368.9287626335723,1.0,0.0,48.0,7325.8141712081815,4883.876114138786,0.5466726022796028,0.5466726022796029
,,greedy_local_search,3204.768007661325,2,exp3:regular:f2.0:v1.0:r008,0.0,3.0,5835.889227093987,,,hardening:regular:r008,3,,,2417.672533403699,2.0,truthful resolved feasibility,,,0.0,9999.999999999998,Current feasibility,4.0,,0.3936598689722773,0.2981759996149385,0.5377537045175623,0.0,920.8588846385765,moderate,920.8588846385765,,0.3890592818062658,3890.592818062658,920.8588846385765,,,,4.0,,3890.592818062658,0.0920858884638576,,40008,"[""R000"", ""R001"", ""R004"", ""R008""]",,,4.0,0.0,3.0,3890.592818062658,regular,2969.733933424081,,6109.407181937342,552.061400020382,1.0,0.0,48.0,5877.503464802696,3918.3356432017963,0.9929197425475094,0.9929197425475096
,,greedy_local_search,3136.9553617898514,2,exp3:regular:f2.0:v1.0:r009,0.0,3.0,6037.144813595674,,,hardening:regular:r009,3,,,2315.858362513305,2.0,catalog/geography,,,0.0,9999.999999999998,Catalog + geography,4.0,,0.3010230485025202,0.4116490910565705,0.6146938360522224,218.2799943171317,1379.8074672815733,moderate,1161.5274729644416,,0.4024763209063783,4024.763209063783,1161.5274729644416,,,,4.0,,4024.763209063783,0.1161527472964441,,40009,"[""R000"", ""R002"", ""R003"", ""R008""]",,,4.0,0.0,3.0,4024.763209063784,regular,2863.235736099341,,5975.2367909362165,547.3773735860359,1.0,0.0,48.0,6396.201332168235,4264.13422144549,0.9438640999671527,0.943864099967153
,,greedy_local_search,3136.9553617898514,2,exp3:regular:f2.0:v1.0:r009,1.0,3.0,6855.680315596766,,,hardening:regular:r009,3,,,2539.0828899437565,2.0,truthful resolved feasibility,,,1.0,9999.999999999998,Current feasibility,4.0,,0.4489730102693873,0.4392439848450399,0.5063605252806475,0.0,1501.5783973296675,moderate,1501.5783973296675,,0.4570453543731178,4570.453543731178,1501.5783973296675,,,,2.0,,4570.453543731178,0.1501578397329667,,40009,"[""L002"", ""R002"", ""R003"", ""C001""]",,,4.0,0.0,3.0,4570.453543731178,regular,3068.8751464015104,,5429.546456268823,529.792256457754,1.0,0.0,48.0,6855.680315596768,4570.453543731179,0.9999999999999998,0.9999999999999998
,,greedy_local_search,3156.668444536349,2,exp3:regular:f2.0:v1.0:r010,1.0,3.0,4249.233597583097,,,hardening:regular:r010,3,,,2430.519984316025,2.0,catalog/geography,,,1.0,10000.0,Catalog + geography,4.0,,0.1690520202837874,0.4059450916526875,0.325640243163641,1280.4515175877386,1256.572301981514,moderate,-23.87921560622453,,0.2832822398388731,2832.8223983887315,-23.87921560622453,,,,2.0,,2832.822398388731,-0.0023879215606224,,40010,"[""L011"", ""R000"", ""R005"", ""C000""]",,,4.0,0.0,3.0,2832.822398388731,regular,2856.701613994956,,7167.177601611269,426.1816296789306,1.0,0.0,48.0,7295.9846862424965,4863.989790828331,0.5824071431503366,0.5824071431503365
,,greedy_local_search,3156.668444536349,2,exp3:regular:f2.0:v1.0:r010,1.0,3.0,7289.30467677319,,,hardening:regular:r010,3,,,2455.6147388542568,2.0,truthful resolved feasibility,,,1.0,10000.0,Current feasibility,4.0,,0.2945428990962227,0.6740331523654135,0.587488685985089,0.0,1718.140896330662,moderate,1718.140896330662,,0.4859536451182127,4859.536451182127,1718.140896330662,,,,2.0,,4859.536451182127,0.1718140896330662,,40010,"[""L021"", ""R000"", ""R005"", ""C001""]",,,4.0,0.0,3.0,4859.536451182126,regular,3141.395554851465,,5140.463548817874,685.7808159972083,1.0,0.0,48.0,7289.30467677319,4859.536451182128,1.0,0.9999999999999997
,,greedy_local_search,3160.557603079724,2,exp3:regular:f2.0:v1.0:r011,0.0,3.0,5787.304477046635,,,hardening:regular:r011,3,,,2332.9310079681504,2.0,catalog/geography,,,0.0,10000.000000000002,Catalog + geography,4.0,,0.2568605037204721,0.5797449928749167,0.3366116214467119,375.942021689777,1340.963160788354,moderate,965.0211390985768,,0.3858202984697757,3858.202984697757,965.0211390985768,,,,4.0,,3858.202984697757,0.0965021139098576,,40011,"[""R002"", ""R003"", ""R004"", ""R005""]",,,4.0,0.0,3.0,3858.202984697757,regular,2893.18184559918,,6141.797015302243,560.2508376310296,1.0,0.0,48.0,6425.090105954325,4283.393403969551,0.9007351463730237,0.9007351463730234
,,greedy_local_search,3160.557603079724,2,exp3:regular:f2.0:v1.0:r011,1.0,3.0,7107.316222938598,,,hardening:regular:r011,3,,,2480.857572532003,2.0,truthful resolved feasibility,,,1.0,10000.000000000002,Current feasibility,4.0,,0.3618874685562939,0.6243907043909156,0.4621748707104358,0.0,1655.7079112782951,moderate,1655.7079112782951,,0.4738210815292397,4738.2108152923975,1655.7079112782951,,,,2.0,,4738.210815292398,0.1655707911278295,,40011,"[""L026"", ""R002"", ""R004"", ""C001""]",,,4.0,0.0,3.0,4738.210815292399,regular,3082.502904014103,,5261.7891847076025,601.6453314821002,1.0,0.0,48.0,7107.316222938598,4738.2108152924,1.0,0.9999999999999998
,,greedy_local_search,3192.099663508026,2,exp3:regular:f2.0:v1.0:r012,0.0,3.0,5139.039896943534,,,hardening:regular:r012,3,,,2365.955338869064,2.0,catalog/geography,,,0.0,9999.999999999998,Catalog + geography,3.0,,0.3274546134627842,0.4072593386105453,0.2635365761214593,487.9371424460428,1028.0994608968626,moderate,540.1623184508198,,0.3426026597962356,3426.026597962356,540.1623184508198,,,,4.0,,3426.0265979623555,0.0540162318450819,,40012,"[""R002"", ""R004"", ""R005"", ""R008""]",,,4.0,0.0,3.0,3426.026597962356,regular,2885.864279511536,,6573.973402037644,519.9089406424716,1.0,0.0,48.0,6001.644274794718,4001.096183196477,0.8562719917483466,0.8562719917483469
,,greedy_local_search,3192.099663508026,2,exp3:regular:f2.0:v1.0:r012,1.0,3.0,6152.871725479336,,,hardening:regular:r012,3,,,2493.679972971583,2.0,truthful resolved feasibility,,,0.0,9999.999999999998,Current feasibility,3.0,,0.4211886126486726,0.3190561382334973,0.5449346214583115,0.0,1077.1056328023851,moderate,1077.1056328023851,,0.410191448365289,4101.91448365289,1077.1056328023851,,,,2.0,,4101.91448365289,0.1077105632802385,,40012,"[""R004"", ""R005"", ""C001""]",,,3.0,0.0,3.0,4101.91448365289,regular,3024.808850850505,,5898.08551634711,531.1288778789219,1.0,0.0,48.0,6152.871725479336,4101.91448365289,1.0,1.0
,,greedy_local_search,3184.1865156025765,2,exp3:regular:f2.0:v1.0:r013,1.0,3.0,4417.73386701963,,,hardening:regular:r013,3,,,2542.782403840878,2.0,catalog/geography,,,1.0,9999.999999999998,Catalog + geography,2.0,,0.2497306014866881,0.2875172238753064,0.4075289605463755,1215.3464624470416,1209.357926361571,moderate,-5.988536085470969,,0.294515591134642,2945.1559113464205,-5.988536085470969,,,,2.0,,2945.155911346421,-0.000598853608547,,40013,"[""L030"", ""R002"", ""R007"", ""C000""]",,,4.0,0.0,3.0,2945.1559113464205,regular,2951.144447431892,,7054.844088653581,408.3620435910138,1.0,0.0,48.0,6989.950797247604,4659.967198165068,0.6320121550439494,0.6320121550439496
,,greedy_local_search,3184.1865156025765,2,exp3:regular:f2.0:v1.0:r013,1.0,3.0,6646.3309076934565,,,hardening:regular:r013,3,,,2421.365842793659,2.0,truthful resolved feasibility,,,0.0,9999.999999999998,Current feasibility,3.0,,0.4530846004764039,0.4724991618054524,0.369129751666368,0.0,1496.8426937484778,moderate,1496.8426937484778,,0.4430887271795637,4430.887271795637,1496.8426937484778,,,,2.0,,4430.887271795638,0.1496842693748478,,40013,"[""R002"", ""R005"", ""C001""]",,,3.0,0.0,3.0,4430.887271795637,regular,2934.0445780471605,,5569.112728204364,512.6787352535015,1.0,0.0,48.0,6646.3309076934565,4430.887271795638,1.0,0.9999999999999998
,,greedy_local_search,3149.994846744082,2,exp3:regular:f2.0:v1.0:r014,0.0,3.0,6778.447124641667,,,hardening:regular:r014,3,,,2460.155034859561,2.0,catalog/geography,,,1.0,10000.0,Catalog + geography,5.0,,0.4760515746031231,0.4183433081119098,0.4562655428276865,199.09293904017431,1640.8954748330652,moderate,1441.802535792891,,0.4518964749761111,4518.964749761111,1441.802535792891,,,,4.0,,4518.964749761111,0.1441802535792891,,40014,"[""L017"", ""R000"", ""R005"", ""R006"", ""R007""]",,,5.0,0.0,3.0,4518.964749761111,regular,3077.1622139682204,,5481.035250238889,617.0071791086592,1.0,0.0,48.0,7113.357295483988,4742.238196989324,0.9529181289607168,0.9529181289607171
,,greedy_local_search,3149.994846744082,2,exp3:regular:f2.0:v1.0:r014,0.0,3.0,6949.48572652109,,,hardening:regular:r014,3,,,2471.7965389966416,2.0,truthful resolved feasibility,,,1.0,10000.0,Current feasibility,5.0,,0.3919366966294029,0.539384808097186,0.4907142605874647,0.0,1524.7054367929486,moderate,1524.7054367929486,,0.4632990484347394,4632.990484347394,1524.7054367929486,,,,4.0,,4632.990484347394,0.1524705436792948,,40014,"[""L017"", ""R000"", ""R004"", ""R005"", ""R007""]",,,5.0,0.0,3.0,4632.990484347394,regular,3108.2850475544456,,5367.009515652606,636.4885085578042,1.0,0.0,48.0,6949.485726521094,4632.990484347394,0.9999999999999994,1.0
,,greedy_local_search,3157.5449359068625,2,exp3:regular:f2.0:v1.0:r015,0.0,3.0,5903.941866841106,,,hardening:regular:r015,3,,,2396.079259842463,2.0,catalog/geography,,,0.0,9999.999999999998,Catalog + geography,4.0,,0.3778051399881325,0.3539506875637905,0.4985053540704374,163.1144886304578,1207.9122288975514,moderate,1044.7977402670936,,0.3935961244560738,3935.961244560738,1044.7977402670936,,,,4.0,,3935.961244560738,0.1044797740267093,,40015,"[""R001"", ""R004"", ""R005"", ""R006""]",,,4.0,0.0,3.0,3935.9612445607377,regular,2891.163504293645,,6064.038755439262,495.0842444511813,1.0,0.0,48.0,6176.792063166467,4117.86137544431,0.9558265530820723,0.9558265530820726
,,greedy_local_search,3157.5449359068625,2,exp3:regular:f2.0:v1.0:r015,1.0,3.0,6757.861391959023,,,hardening:regular:r015,3,,,2578.9391109327603,2.0,truthful resolved feasibility,,,1.0,9999.999999999998,Current feasibility,4.0,,0.4171804584181002,0.4726912668870156,0.4867547154933383,0.0,1387.5179058406925,moderate,1387.5179058406925,,0.4505240927972682,4505.240927972682,1387.5179058406925,,,,2.0,,4505.240927972682,0.1387517905840692,,40015,"[""L009"", ""R001"", ""R004"", ""C001""]",,,4.0,0.0,3.0,4505.240927972682,regular,3117.723022131989,,5494.759072027318,538.783911199229,1.0,0.0,48.0,6757.861391959024,4505.240927972682,0.9999999999999999,1.0
,,greedy_local_search,3157.122265676465,2,exp3:regular:f2.0:v1.0:r016,0.0,3.0,5408.852722950969,,,hardening:regular:r016,3,,,2396.804210915197,2.0,catalog/geography,,,0.0,10000.000000000002,Catalog + geography,4.0,,0.2234924992867923,0.314272740125593,0.7501154890352524,465.10315308315694,1175.9559037021418,moderate,710.8527506189848,,0.3605901815300646,3605.9018153006464,710.8527506189848,,,,4.0,,3605.9018153006464,0.0710852750618984,,40016,"[""R001"", ""R002"", ""R003"", ""R008""]",,,4.0,0.0,3.0,3605.9018153006464,regular,2895.049064681661,,6394.0981846993545,498.24485376646487,1.0,0.0,48.0,6206.9626455885855,4137.9750970590585,0.8714169927855375,0.8714169927855373
,,greedy_local_search,3157.122265676465,2,exp3:regular:f2.0:v1.0:r016,1.0,3.0,6917.835145657788,,,hardening:regular:r016,3,,,2495.3041383466334,2.0,truthful resolved feasibility,,,1.0,10000.000000000002,Current feasibility,4.0,,0.2991305502364418,0.5394641116122458,0.688839115199171,0.0,1539.2005770333703,moderate,1539.2005770333703,,0.461189009710519,4611.890097105191,1539.2005770333703,,,,2.0,,4611.890097105192,0.153920057703337,,40016,"[""L020"", ""R002"", ""R003"", ""C001""]",,,4.0,0.0,3.0,4611.890097105192,regular,3072.6895200718213,,5388.109902894809,577.3853817251879,1.0,0.0,48.0,6917.8351456577875,4611.8900971051935,1.0000000000000002,0.9999999999999996
,,greedy_local_search,3219.934328513683,2,exp3:regular:f2.0:v1.0:r017,1.0,3.0,4364.881292255766,,,hardening:regular:r017,3,,,2528.402049448926,2.0,catalog/geography,,,1.0,10000.000000000002,Catalog + geography,4.0,,0.2674184755014474,0.266030445833655,0.387715580664769,1182.457965399779,1144.9976753340852,moderate,-37.4602900656937,,0.2909920861503843,2909.920861503844,-37.4602900656937,,,,2.0,,2909.920861503844,-0.0037460290065693,,40017,"[""L009"", ""R004"", ""R008"", ""C002""]",,,4.0,0.0,3.0,2909.920861503844,regular,2947.381151569538,,7090.079138496156,418.9791021206119,1.0,0.0,48.0,7299.35966852803,4866.239779018688,0.597981397063556,0.5979813970635558
,,greedy_local_search,3219.934328513683,2,exp3:regular:f2.0:v1.0:r017,0.0,3.0,5982.48686331066,,,hardening:regular:r017,3,,,2416.562159680448,2.0,truthful resolved feasibility,,,0.0,10000.000000000002,Current feasibility,4.0,,0.251228736671391,0.4896829748626981,0.5719524242498685,0.0,1004.1838168086728,moderate,1004.1838168086728,,0.398832457554044,3988.32457554044,1004.1838168086728,,,,4.0,,3988.324575540441,0.1004183816808672,,40017,"[""R000"", ""R001"", ""R004"", ""R008""]",,,4.0,0.0,3.0,3988.32457554044,regular,2984.140758731768,,6011.67542445956,567.5785990513194,1.0,0.0,48.0,5982.486863310661,3988.3245755404423,0.9999999999999999,0.9999999999999994
,,greedy_local_search,3175.553828239308,2,exp3:regular:f2.0:v1.0:r018,1.0,3.0,4096.496505253881,,,hardening:regular:r018,3,,,2442.497553341255,2.0,catalog/geography,,,1.0,9999.999999999996,Catalog + geography,4.0,,0.2983462305869385,0.2521736096731234,0.2529159993360493,1402.7939039497046,1303.3586490545545,moderate,-99.43525489515014,,0.2730997670169254,2730.9976701692544,-99.43525489515014,,,,2.0,,2730.997670169254,-0.009943525489515,,40018,"[""L007"", ""R000"", ""R005"", ""C002""]",,,4.0,0.0,3.0,2730.9976701692544,regular,2830.432925064404,,7269.002329830745,387.9353717231493,1.0,0.0,48.0,7034.809617439792,4689.873078293193,0.5823180338951001,0.5823180338951004
,,greedy_local_search,3175.553828239308,2,exp3:regular:f2.0:v1.0:r018,1.0,3.0,6604.435694589904,,,hardening:regular:r018,3,,,2400.982107917376,2.0,truthful resolved feasibility,,,1.0,9999.999999999996,Current feasibility,4.0,,0.3763388020853446,0.5087376885340193,0.4644253052367418,0.0,1428.1254294099572,moderate,1428.1254294099572,,0.4402957129726602,4402.957129726602,1428.1254294099572,,,,2.0,,4402.957129726602,0.1428125429409957,,40018,"[""L016"", ""R000"", ""R005"", ""C001""]",,,4.0,0.0,3.0,4402.957129726602,regular,2974.831700316645,,5597.042870273397,573.849592399269,1.0,0.0,48.0,6604.435694589904,4402.957129726603,1.0,0.9999999999999998
,,greedy_local_search,3116.235950464716,2,exp3:regular:f2.0:v1.0:r019,1.0,3.0,6806.623001050783,,,hardening:regular:r019,3,,,2383.5823271392765,2.0,catalog/geography,,,0.0,10000.000000000002,Catalog + geography,3.0,,0.4301443806595579,0.5236058997153641,0.3847391526977021,-310.74842986126123,1353.0532166748112,moderate,1663.8016465360724,,0.4537748667367188,4537.748667367188,1663.8016465360724,,,,2.0,,4537.748667367188,0.1663801646536072,,40019,"[""R001"", ""R002"", ""C001""]",,,3.0,0.0,3.0,4537.748667367188,regular,2873.947020831116,,5462.251332632812,490.3646936918397,1.0,0.0,48.0,6937.836496252092,4625.224330834731,0.9810872603768924,0.9810872603768918
,,greedy_local_search,3116.235950464716,2,exp3:regular:f2.0:v1.0:r019,1.0,3.0,6806.623001050783,,,hardening:regular:r019,3,,,2383.5823271392765,2.0,truthful resolved feasibility,,,0.0,10000.000000000002,Current feasibility,3.0,,0.4301443806595579,0.5236058997153641,0.3847391526977021,0.0,1663.8016465360724,moderate,1663.8016465360724,,0.4537748667367188,4537.748667367188,1663.8016465360724,,,,2.0,,4537.748667367188,0.1663801646536072,,40019,"[""R001"", ""R002"", ""C001""]",,,3.0,0.0,3.0,4537.748667367188,regular,2873.947020831116,,5462.251332632812,490.3646936918397,1.0,0.0,48.0,6937.836496252092,4625.224330834731,0.9810872603768924,0.9810872603768918
,,greedy_local_search,3173.5643698667427,2,exp3:regular:f2.0:v2.0:r000,0.0,3.0,4389.868550499312,,,hardening:regular:r000,3,,,1836.0708917152149,2.0,catalog/geography,,,0.0,10000.000000000002,Catalog + geography,3.0,,0.3013483824054921,0.2708151895897131,0.3113290746387486,238.0044526116872,496.6730405864182,moderate,258.66858797473105,,0.2926579033666207,2926.579033666208,258.66858797473105,,,,3.0,,2926.579033666208,0.0258668587974731,,40000,"[""R002"", ""R006"", ""R008""]",,,3.0,0.0,3.0,2926.579033666208,regular,2667.9104456914765,,7073.420966333792,831.8395539762616,2.0,0.0,48.0,4879.049590430617,3252.699726953746,0.8997384570776352,0.899738457077635
,,greedy_local_search,3173.5643698667427,2,exp3:regular:f2.0:v2.0:r000,1.0,3.0,6346.227668349535,,,hardening:regular:r000,3,,,2205.918446229153,2.0,truthful resolved feasibility,,,0.0,10000.000000000002,Current feasibility,3.0,,0.3096928893012003,0.512725672369464,0.5213302952089157,0.0,1057.2540756996132,moderate,1057.2540756996132,,0.4230818445566356,4230.818445566356,1057.2540756996132,,,,2.0,,4230.818445566356,0.1057254075699613,,40000,"[""R002"", ""R006"", ""C001""]",,,3.0,0.0,3.0,4230.818445566357,regular,3173.5643698667427,,5769.181554433644,967.6459236375898,2.0,0.0,48.0,6364.558215805582,4243.038810537057,0.9971199026178241,0.9971199026178238
,,greedy_local_search,3169.8463396134275,2,exp3:regular:f2.0:v2.0:r001,1.0,3.0,3326.6669794295776,,,hardening:regular:r001,3,,,2267.6317042176224,2.0,catalog/geography,,,0.0,9999.999999999998,Catalog + geography,2.0,,0.2441152322648371,0.1606915097185908,0.2784195785397752,1339.7621304452396,674.5636135089053,moderate,-665.1985169363343,,0.2217777986286385,2217.7779862863854,-665.1985169363343,,,,2.0,,2217.7779862863854,-0.0665198516936334,,40001,"[""R002"", ""R007"", ""C000""]",,,3.0,0.0,3.0,2217.7779862863854,regular,2882.97650322272,,7782.222013713614,615.344799005097,2.0,0.0,48.0,6742.925079467786,4495.283386311858,0.4933566575668002,0.49335665756680025
,,greedy_local_search,3169.8463396134275,2,exp3:regular:f2.0:v2.0:r001,1.0,3.0,5218.0295195780045,,,hardening:regular:r001,3,,,1716.1533801564697,2.0,truthful resolved feasibility,,,0.0,9999.999999999998,Current feasibility,2.0,,0.2338388244801589,0.3671590809933161,0.5706774263740076,0.0,926.7082318138127,moderate,926.7082318138127,,0.3478686346385336,3478.686346385336,926.7082318138127,,,,1.0,,3478.686346385336,0.0926708231813813,,40001,"[""R007"", ""C001""]",,,2.0,0.0,3.0,3478.6863463853365,regular,2551.9781145715237,,6521.313653614663,835.8247344150536,2.0,0.0,48.0,5218.029519578005,3478.686346385337,0.9999999999999998,0.9999999999999999
,,greedy_local_search,3160.6718778658683,2,exp3:regular:f2.0:v2.0:r002,1.0,3.0,4033.266262997759,,,hardening:regular:r002,3,,,2295.19397949104,2.0,catalog/geography,,,0.0,10000.000000000002,Catalog + geography,2.0,,0.3762368165779145,0.0904497668836852,0.339602158319163,946.6121348442748,660.1274363520042,moderate,-286.4846984922706,,0.2688844175331839,2688.84417533184,-286.4846984922706,,,,2.0,,2688.84417533184,-0.028648469849227,,40002,"[""R005"", ""R007"", ""C002""]",,,3.0,0.0,3.0,2688.84417533184,regular,2975.32887382411,,7311.155824668162,680.1348943330697,2.0,0.0,48.0,6792.93691272513,4528.62460848342,0.5937441072715232,0.5937441072715233
,,greedy_local_search,3160.6718778658683,2,exp3:regular:f2.0:v2.0:r002,0.0,3.0,4558.261777619067,,,hardening:regular:r002,3,,,1747.8391285258936,2.0,truthful resolved feasibility,,,0.0,10000.000000000002,Current feasibility,3.0,,0.2919358390378646,0.2006690803337631,0.5113940641204082,0.0,482.9001423988625,moderate,482.9001423988625,,0.3038841185079378,3038.841185079378,482.9001423988625,,,,3.0,,3038.841185079378,0.0482900142398862,,40002,"[""R001"", ""R005"", ""R007""]",,,3.0,0.0,3.0,3038.841185079378,regular,2555.941042680516,,6961.158814920624,808.1019141546222,2.0,0.0,48.0,4558.261777619068,3038.8411850793786,0.9999999999999998,0.9999999999999999
,,greedy_local_search,3124.359200707915,2,exp3:regular:f2.0:v2.0:r003,1.0,3.0,6193.520037156404,,,hardening:regular:r003,3,,,2194.5214673914625,2.0,catalog/geography,,,0.0,10000.0,Catalog + geography,3.0,,0.4096991954214032,0.3465643127210026,0.5361959420922225,-196.1034110828882,808.550746313465,moderate,1004.6541573963532,,0.4129013358104268,4129.013358104268,1004.6541573963532,,,,2.0,,4129.013358104268,0.1004654157396353,,40003,"[""R000"", ""R003"", ""C001""]",,,3.0,0.0,3.0,4129.013358104268,regular,3124.359200707915,,5870.986641895732,929.8377333164524,2.0,0.0,48.0,6622.951033743997,4415.300689162665,0.9351601734031193,0.935160173403119
,,greedy_local_search,3124.359200707915,2,exp3:regular:f2.0:v2.0:r003,1.0,3.0,5141.621995156536,,,hardening:regular:r003,3,,,1658.4045237064297,2.0,truthful resolved feasibility,,,0.0,10000.0,Current feasibility,2.0,,0.3240312800646933,0.2563472435129881,0.5361959420922225,0.0,1019.9775566271688,moderate,1019.9775566271688,,0.3427747996771024,3427.747996771024,1019.9775566271688,,,,1.0,,3427.747996771024,0.1019977556627168,,40003,"[""R000"", ""C001""]",,,2.0,0.0,3.0,3427.747996771024,regular,2407.7704401438555,,6572.252003228977,749.3659164374258,2.0,0.0,48.0,5266.713347176036,3511.142231450691,0.9762486879817424,0.9762486879817424
,,greedy_local_search,3114.147193190104,2,exp3:regular:f2.0:v2.0:r004,1.0,3.0,5733.583538901643,,,hardening:regular:r004,3,,,2104.02937112494,2.0,catalog/geography,,,0.0,10000.0,Catalog + geography,3.0,,0.2834227575711893,0.5628689659284943,0.288472618057173,-130.3102963457568,644.0340953214841,moderate,774.3443916672409,,0.3822389025934427,3822.389025934428,774.3443916672409,,,,2.0,,3822.389025934429,0.077434439166724,,40004,"[""R005"", ""R006"", ""C001""]",,,3.0,0.0,3.0,3822.389025934428,regular,3048.044634267188,,6177.610974065573,944.0152631422474,2.0,0.0,48.0,6737.130484628268,4491.420323085511,0.8510423765702086,0.8510423765702088
,,greedy_local_search,3114.147193190104,2,exp3:regular:f2.0:v2.0:r004,1.0,3.0,5733.583538901643,,,hardening:regular:r004,3,,,2104.02937112494,2.0,truthful resolved feasibility,,,0.0,10000.0,Current feasibility,3.0,,0.2834227575711893,0.5628689659284943,0.288472618057173,0.0,774.3443916672409,moderate,774.3443916672409,,0.3822389025934427,3822.389025934428,774.3443916672409,,,,2.0,,3822.389025934429,0.077434439166724,,40004,"[""R005"", ""R006"", ""C001""]",,,3.0,0.0,3.0,3822.389025934428,regular,3048.044634267188,,6177.610974065573,944.0152631422474,2.0,0.0,48.0,6737.130484628268,4491.420323085511,0.8510423765702086,0.8510423765702088
,,greedy_local_search,3198.861412389728,2,exp3:regular:f2.0:v2.0:r005,1.0,3.0,6378.163569784329,,,hardening:regular:r005,3,,,2178.4703001340317,2.0,catalog/geography,,,0.0,9999.999999999996,Catalog + geography,3.0,,0.4593168560736043,0.2233017147441639,0.7018135962935467,-438.7063425722358,643.7763963950574,moderate,1082.4827389672932,,0.4252109046522886,4252.109046522886,1082.4827389672932,,,,2.0,,4252.109046522886,0.1082482738967293,,40005,"[""R002"", ""R008"", ""C001""]",,,3.0,0.0,3.0,4252.109046522887,regular,3169.626307555593,,5747.890953477112,991.156007421562,2.0,0.0,48.0,6378.163569784331,4252.109046522886,0.9999999999999997,1.0000000000000002
,,greedy_local_search,3198.861412389728,2,exp3:regular:f2.0:v2.0:r005,1.0,3.0,6378.163569784329,,,hardening:regular:r005,3,,,2178.4703001340317,2.0,truthful resolved feasibility,,,0.0,9999.999999999996,Current feasibility,3.0,,0.4593168560736043,0.2233017147441639,0.7018135962935467,0.0,1082.4827389672932,moderate,1082.4827389672932,,0.4252109046522886,4252.109046522886,1082.4827389672932,,,,2.0,,4252.109046522886,0.1082482738967293,,40005,"[""R002"", ""R008"", ""C001""]",,,3.0,0.0,3.0,4252.109046522887,regular,3169.626307555593,,5747.890953477112,991.156007421562,2.0,0.0,48.0,6378.163569784331,4252.109046522886,0.9999999999999997,1.0000000000000002
,,greedy_local_search,3122.879618156244,2,exp3:regular:f2.0:v2.0:r006,1.0,3.0,6068.594628823086,,,hardening:regular:r006,3,,,2128.379386457911,2.0,catalog/geography,,,0.0,10000.000000000002,Catalog + geography,3.0,,0.3301633905614884,0.3288287853082196,0.7045468732216289,-94.00162990200624,873.683684168484,moderate,967.6853140704902,,0.4045729752548724,4045.7297525487247,967.6853140704902,,,,2.0,,4045.7297525487247,0.096768531407049,,40006,"[""R001"", ""R005"", ""C001""]",,,3.0,0.0,3.0,4045.729752548725,regular,3078.0444384782345,,5954.270247451275,949.6650520203234,2.0,0.0,48.0,6720.236651912995,4480.157767941997,0.9030328756496379,0.903032875649638
,,greedy_local_search,3122.879618156244,2,exp3:regular:f2.0:v2.0:r006,1.0,3.0,6242.433595415748,,,hardening:regular:r006,3,,,2168.578762175398,2.0,truthful resolved feasibility,,,0.0,10000.000000000002,Current feasibility,3.0,,0.2848244693066,0.4460972417382967,0.6592859694900467,0.0,1038.7427787875886,moderate,1038.7427787875886,,0.4161622396943832,4161.622396943832,1038.7427787875886,,,,2.0,,4161.622396943832,0.1038742778787588,,40006,"[""R001"", ""R002"", ""C001""]",,,3.0,0.0,3.0,4161.622396943832,regular,3122.879618156244,,5838.3776030561685,954.300855980846,2.0,0.0,48.0,6428.894095932456,4285.929397288305,0.9709964890174997,0.9709964890174996
,,greedy_local_search,3115.6062898195664,2,exp3:regular:f2.0:v2.0:r007,1.0,3.0,2988.6656432177406,,,hardening:regular:r007,3,,,2085.7781517420563,2.0,catalog/geography,,,0.0,9999.999999999998,Catalog + geography,1.0,,0.1485684724007553,0.2539866818192344,0.2174661249872204,1284.1123420071904,734.0534148477409,moderate,-550.0589271594495,,0.199244376214516,1992.4437621451607,-550.0589271594495,,,,2.0,,1992.44376214516,-0.0550058927159449,,40007,"[""R004"", ""R008"", ""C002""]",,,3.0,0.0,3.0,1992.4437621451605,regular,2542.5026893046097,,8007.556237854839,456.7245375625535,2.0,0.0,48.0,6733.925232019261,4489.283488012839,0.44382221961819257,0.4438222196181927
,,greedy_local_search,3115.6062898195664,2,exp3:regular:f2.0:v2.0:r007,1.0,3.0,5922.431650744911,,,hardening:regular:r007,3,,,2026.5027033017743,2.0,truthful resolved feasibility,,,1.0,9999.999999999998,Current feasibility,3.0,,0.3123375791281833,0.2446114293270566,0.843314329220876,0.0,954.6103718391488,moderate,954.6103718391488,,0.3948287767163274,3948.287767163274,954.6103718391488,,,,1.0,,3948.2877671632746,0.0954610371839148,,40007,"[""L030"", ""R004"", ""C001""]",,,3.0,0.0,3.0,3948.287767163275,regular,2993.677395324126,,6051.712232836725,967.1746920223512,2.0,0.0,48.0,5922.431650744915,3948.2877671632746,0.9999999999999993,1.0000000000000002
,,greedy_local_search,3204.768007661325,2,exp3:regular:f2.0:v2.0:r008,1.0,3.0,3582.9872569227846,,,hardening:regular:r008,3,,,2262.9534333416186,2.0,catalog/geography,,,0.0,9999.999999999998,Catalog + geography,1.0,,0.1140265770828497,0.4076950454625855,0.2243029576449914,1124.7292603855744,617.6837402618248,moderate,-507.0455201237496,,0.2388658171281856,2388.658171281856,-507.0455201237496,,,,2.0,,2388.658171281856,-0.0507045520123749,,40008,"[""R000"", ""R002"", ""C002""]",,,3.0,0.0,3.0,2388.658171281856,regular,2895.7036914056057,,7611.341828718145,632.7502580639871,2.0,0.0,48.0,6634.163099889432,4422.775399926286,0.5400812737001447,0.5400812737001449
,,greedy_local_search,3204.768007661325,2,exp3:regular:f2.0:v2.0:r008,0.0,3.0,4265.53320139985,,,hardening:regular:r008,3,,,1741.89840672873,2.0,truthful resolved feasibility,,,0.0,9999.999999999998,Current feasibility,3.0,,0.2286039808160321,0.2112752794931325,0.5377537045175623,0.0,293.3506471177052,moderate,293.3506471177052,,0.2843688800933233,2843.6888009332333,293.3506471177052,,,,3.0,,2843.6888009332333,0.0293350647117705,,40008,"[""R000"", ""R001"", ""R008""]",,,3.0,0.0,3.0,2843.6888009332333,regular,2550.338153815528,,7156.311199066768,808.4397470867981,2.0,0.0,48.0,4307.1474391085585,2871.4316260723717,0.9903383298814306,0.9903383298814307
,,greedy_local_search,3136.9553617898514,2,exp3:regular:f2.0:v2.0:r009,0.0,3.0,5198.750345134893,,,hardening:regular:r009,3,,,2041.3864952273652,2.0,catalog/geography,,,1.0,9999.999999999998,Catalog + geography,4.0,,0.2827980612901433,0.3079776091339561,0.5576603278243853,198.58161219824436,666.8071688401046,moderate,468.2255566418603,,0.3465833563423262,3465.833563423262,468.2255566418603,,,,3.0,,3465.833563423262,0.046822555664186,,40009,"[""L002"", ""R002"", ""R003"", ""R008""]",,,4.0,0.0,3.0,3465.833563423262,regular,2997.608006781402,,6534.166436576737,956.2215115540364,2.0,0.0,48.0,5557.806863707455,3705.2045758049694,0.9353960064864425,0.9353960064864426
,,greedy_local_search,3136.9553617898514,2,exp3:regular:f2.0:v2.0:r009,1.0,3.0,6043.5968585400005,,,hardening:regular:r009,3,,,2262.628748175911,2.0,truthful resolved feasibility,,,0.0,9999.999999999998,Current feasibility,3.0,,0.4243879425113366,0.3715462710116355,0.4094534412591305,0.0,892.1092105701487,moderate,892.1092105701487,,0.402906457236,4029.064572360001,892.1092105701487,,,,2.0,,4029.064572360001,0.0892109210570148,,40009,"[""R002"", ""R003"", ""C001""]",,,3.0,0.0,3.0,4029.064572360001,regular,3136.955361789852,,5970.935427639999,874.3266136139407,2.0,0.0,48.0,6159.43851496681,4106.292343311206,0.9811928220169216,0.9811928220169217
,,greedy_local_search,3156.668444536349,2,exp3:regular:f2.0:v2.0:r010,1.0,3.0,3576.650530444267,,,hardening:regular:r010,3,,,2125.62444752641,2.0,catalog/geography,,,0.0,10000.0,Catalog + geography,3.0,,0.1417736950951378,0.3685090662698836,0.2283351635450659,1176.3563398217943,754.8665457184434,moderate,-421.48979410335096,,0.2384433686962845,2384.433686962845,-421.48979410335096,,,,2.0,,2384.4336869628446,-0.042148979410335,,40010,"[""R000"", ""R005"", ""C000""]",,,3.0,0.0,3.0,2384.433686962845,regular,2805.923481066196,,7615.566313037156,680.2990335397852,2.0,0.0,48.0,6623.401619103666,4415.601079402444,0.5400020617998232,0.5400020617998232
,,greedy_local_search,3156.668444536349,2,exp3:regular:f2.0:v2.0:r010,1.0,3.0,5043.160724903508,,,hardening:regular:r010,3,,,1635.9734207341107,2.0,truthful resolved feasibility,,,0.0,10000.0,Current feasibility,2.0,,0.2499672212760485,0.4256627408036194,0.3737175306903925,0.0,891.9604904183661,moderate,891.9604904183661,,0.3362107149935671,3362.1071499356717,891.9604904183661,,,,1.0,,3362.1071499356717,0.0891960490418366,,40010,"[""R000"", ""C001""]",,,2.0,0.0,3.0,3362.1071499356717,regular,2470.146659517305,,6637.892850064329,834.1732387831944,2.0,0.0,48.0,5043.160724903508,3362.107149935672,1.0,0.9999999999999999
,,greedy_local_search,3160.557603079724,2,exp3:regular:f2.0:v2.0:r011,0.0,3.0,5064.682427699447,,,hardening:regular:r011,3,,,1988.2248012704613,2.0,catalog/geography,,,1.0,10000.000000000002,Catalog + geography,3.0,,0.2605562136763644,0.4382748678294074,0.3349949764265332,231.0571423135607,619.70824360397,moderate,388.6511012904093,,0.3376454951799632,3376.454951799632,388.6511012904093,,,,3.0,,3376.454951799632,0.0388651101290409,,40011,"[""L018"", ""R002"", ""R003"", ""R004""]",,,4.0,0.0,3.0,3376.454951799633,regular,2987.8038505092227,,6623.545048200369,999.5790492387612,2.0,0.0,48.0,5565.082551055944,3710.0550340372974,0.9100821742057448,0.910082174205745
,,greedy_local_search,3160.557603079724,2,exp3:regular:f2.0:v2.0:r011,1.0,3.0,6149.748728571032,,,hardening:regular:r011,3,,,2178.476651578592,2.0,truthful resolved feasibility,,,0.0,10000.000000000002,Current feasibility,3.0,,0.296689094819202,0.5285086281662088,0.4574756802229412,0.0,972.2512081220984,moderate,972.2512081220984,,0.4099832485714021,4099.8324857140215,972.2512081220984,,,,2.0,,4099.832485714022,0.0972251208122098,,40011,"[""R000"", ""R004"", ""C001""]",,,3.0,0.0,3.0,4099.832485714022,regular,3127.581277591924,,5900.1675142859785,949.104626013332,2.0,0.0,48.0,6149.748728571033,4099.832485714023,0.9999999999999999,0.9999999999999998
,,greedy_local_search,3192.099663508026,2,exp3:regular:f2.0:v2.0:r012,1.0,3.0,2180.9533344627816,,,hardening:regular:r012,3,,,2185.4006707326016,2.0,catalog/geography,,,0.0,9999.999999999998,Catalog + geography,1.0,,0.1639674018289191,0.1238267464880836,0.1413609843517127,1513.4372311214374,356.2226990462714,moderate,-1157.214532075166,,0.1453968889641854,1453.968889641854,-1157.214532075166,,,,2.0,,1453.9688896418545,-0.1157214532075166,,40012,"[""R005"", ""R008"", ""C002""]",,,3.0,1031.002105061686,3.0,1453.9688896418545,regular,2611.1834217170203,,8546.031110358146,425.7827509844187,2.0,0.0,48.0,6846.590956302258,4564.39397086817,0.31854587901957593,0.31854587901957604
,,greedy_local_search,3192.099663508026,2,exp3:regular:f2.0:v2.0:r012,1.0,3.0,4561.0172662836485,,,hardening:regular:r012,3,,,1821.27291005121,2.0,truthful resolved feasibility,,,0.0,9999.999999999998,Current feasibility,2.0,,0.4105931432503644,0.0849564681950751,0.4478306971065146,0.0,477.7403559327986,moderate,477.7403559327986,,0.3040678177522432,3040.678177522432,477.7403559327986,,,,1.0,,3040.678177522432,0.0477740355932798,,40012,"[""R005"", ""C001""]",,,2.0,0.0,3.0,3040.678177522432,regular,2562.9378215896336,,6959.321822477567,741.6649115384236,2.0,0.0,48.0,4561.017266283649,3040.678177522432,0.9999999999999998,1.0
,,greedy_local_search,3184.1865156025765,2,exp3:regular:f2.0:v2.0:r013,1.0,3.0,4253.954690971252,,,hardening:regular:r013,3,,,2280.988804384197,2.0,catalog/geography,,,0.0,9999.999999999998,Catalog + geography,2.0,,0.2586378829513318,0.2638083730280207,0.3743850075508845,830.388664145652,678.6568731657812,moderate,-151.73179097987077,,0.2835969793980835,2835.9697939808348,-151.73179097987077,,,,2.0,,2835.969793980835,-0.015173179097987,,40013,"[""R001"", ""R002"", ""C000""]",,,3.0,0.0,3.0,2835.9697939808348,regular,2987.701584960706,,7164.030206019166,706.712780576509,2.0,0.0,48.0,6272.105507588973,4181.403671725981,0.6782339177528428,0.6782339177528429
,,greedy_local_search,3184.1865156025765,2,exp3:regular:f2.0:v2.0:r013,1.0,3.0,5665.139369828896,,,hardening:regular:r013,3,,,2054.380558733996,2.0,truthful resolved feasibility,,,1.0,9999.999999999998,Current feasibility,3.0,,0.342850977373229,0.4071986839012191,0.4043673940260661,0.0,877.600966955164,moderate,877.600966955164,,0.377675957988593,3776.75957988593,877.600966955164,,,,1.0,,3776.7595798859297,0.0877600966955164,,40013,"[""L033"", ""R002"", ""C001""]",,,3.0,0.0,3.0,3776.7595798859297,regular,2899.1586129307657,,6223.240420114071,844.7780541967696,2.0,0.0,48.0,5665.139369828896,3776.75957988593,1.0,0.9999999999999999
,,greedy_local_search,3149.994846744082,2,exp3:regular:f2.0:v2.0:r014,0.0,3.0,5512.821705999264,,,hardening:regular:r014,3,,,1888.472046329728,2.0,catalog/geography,,,1.0,10000.0,Catalog + geography,4.0,,0.3388959788974509,0.3693666539806619,0.4286996383476653,13.016322028379818,823.908961962964,moderate,810.8926399345842,,0.3675214470666176,3675.214470666177,810.8926399345842,,,,3.0,,3675.214470666177,0.0810892639934584,,40014,"[""L017"", ""R000"", ""R005"", ""R007""]",,,4.0,0.0,3.0,3675.214470666177,regular,2864.321830731593,,6324.785529333823,975.8497844018648,2.0,0.0,48.0,5512.821705999268,3675.214470666177,0.9999999999999993,1.0
,,greedy_local_search,3149.994846744082,2,exp3:regular:f2.0:v2.0:r014,0.0,3.0,5512.821705999264,,,hardening:regular:r014,3,,,1888.472046329728,2.0,truthful resolved feasibility,,,1.0,10000.0,Current feasibility,4.0,,0.3388959788974509,0.3693666539806619,0.4286996383476653,0.0,810.8926399345842,moderate,810.8926399345842,,0.3675214470666176,3675.214470666177,810.8926399345842,,,,3.0,,3675.214470666177,0.0810892639934584,,40014,"[""L017"", ""R000"", ""R005"", ""R007""]",,,4.0,0.0,3.0,3675.214470666177,regular,2864.321830731593,,6324.785529333823,975.8497844018648,2.0,0.0,48.0,5512.821705999268,3675.214470666177,0.9999999999999993,1.0
,,greedy_local_search,3157.5449359068625,2,exp3:regular:f2.0:v2.0:r015,1.0,3.0,4406.386853173104,,,hardening:regular:r015,3,,,2248.217813339857,2.0,catalog/geography,,,0.0,9999.999999999998,Catalog + geography,2.0,,0.151341249464507,0.407018404830025,0.4159955979766836,642.1516037325691,694.848976777339,moderate,52.69737304476985,,0.2937591235448736,2937.591235448736,52.69737304476985,,,,2.0,,2937.5912354487355,0.0052697373044769,,40015,"[""R004"", ""R005"", ""C000""]",,,3.0,0.0,3.0,2937.591235448736,regular,2884.8938624039656,,7062.408764551264,636.6760490641086,2.0,0.0,48.0,6711.595312251071,4474.396874834047,0.6565334541446303,0.6565334541446304
,,greedy_local_search,3157.5449359068625,2,exp3:regular:f2.0:v2.0:r015,1.0,3.0,5269.35351740441,,,hardening:regular:r015,3,,,1978.7009380338056,2.0,truthful resolved feasibility,,,1.0,9999.999999999998,Current feasibility,3.0,,0.3111209261572243,0.3913715649862513,0.3715288498884421,0.0,713.5159835478066,moderate,713.5159835478066,,0.3512902344936273,3512.902344936273,713.5159835478066,,,,1.0,,3512.902344936273,0.0713515983547806,,40015,"[""L009"", ""R004"", ""C001""]",,,3.0,0.0,3.0,3512.902344936274,regular,2799.386361388467,,6487.097655063726,820.6854233546612,2.0,0.0,48.0,5269.353517404412,3512.9023449362735,0.9999999999999997,1.0000000000000002
,,greedy_local_search,3157.122265676465,2,exp3:regular:f2.0:v2.0:r016,0.0,3.0,4542.821472160413,,,hardening:regular:r016,3,,,2040.620005788517,2.0,catalog/geography,,,1.0,10000.000000000002,Catalog + geography,4.0,,0.2163405916650259,0.2808460444868787,0.5360269149551249,402.36106021917885,529.0025648390547,moderate,126.64150461987585,,0.3028547648106942,3028.5476481069422,126.64150461987585,,,,3.0,,3028.547648106942,0.0126641504619875,,40016,"[""L020"", ""R001"", ""R002"", ""R008""]",,,4.0,0.0,3.0,3028.547648106942,regular,2901.906143487066,,6971.452351893058,861.286137698549,2.0,0.0,48.0,5365.472899702132,3576.9819331347567,0.8466768087511187,0.8466768087511183
,,greedy_local_search,3157.122265676465,2,exp3:regular:f2.0:v2.0:r016,1.0,3.0,6101.335168190388,,,hardening:regular:r016,3,,,2123.9318819939617,2.0,truthful resolved feasibility,,,0.0,10000.000000000002,Current feasibility,3.0,,0.3580342876698824,0.3755120744923348,0.5710551117779746,0.0,947.951570431655,moderate,947.951570431655,,0.4067556778793592,4067.556778793592,947.951570431655,,,,2.0,,4067.556778793592,0.0947951570431654,,40016,"[""R002"", ""R004"", ""C001""]",,,3.0,0.0,3.0,4067.556778793592,regular,3119.6052083619365,,5932.443221206408,995.6733263679748,2.0,0.0,48.0,6101.419289662888,4067.612859775261,0.9999862128025453,0.9999862128025448
,,greedy_local_search,3219.934328513683,2,exp3:regular:f2.0:v2.0:r017,2.0,3.0,2656.048250658617,,,hardening:regular:r017,3,,,2127.950993629469,2.0,catalog/geography,,,0.0,10000.000000000002,Catalog + geography,2.0,,0.0463804057590116,0.3019577781145476,0.2525673922279714,1385.4220083350242,695.5473149776012,moderate,-689.874693357423,,0.1770698833772411,1770.6988337724115,-689.874693357423,,,,0.0,,1770.6988337724115,-0.0689874693357422,,40017,"[""C001"", ""C002""]",,,2.0,0.0,3.0,1770.698833772412,regular,2460.5735271298345,,8229.301166227588,332.62253350036565,2.0,0.0,48.0,6878.099929221296,4585.399952814199,0.38616017184840773,0.38616017184840773
,,greedy_local_search,3219.934328513683,2,exp3:regular:f2.0:v2.0:r017,0.0,3.0,4595.139948283835,,,hardening:regular:r017,3,,,1826.4924275923488,2.0,truthful resolved feasibility,,,0.0,10000.000000000002,Current feasibility,3.0,,0.1871078912380555,0.3639721791779622,0.4737692472475528,0.0,365.3673883939218,moderate,365.3673883939218,,0.3063426632189223,3063.4266321892237,365.3673883939218,,,,3.0,,3063.4266321892237,0.0365367388393921,,40017,"[""R001"", ""R004"", ""R008""]",,,3.0,0.0,3.0,3063.4266321892237,regular,2698.0592437953014,,6936.573367810776,871.5668162029525,2.0,0.0,48.0,4595.139948283835,3063.4266321892246,1.0,0.9999999999999997
,,greedy_local_search,3175.553828239308,2,exp3:regular:f2.0:v2.0:r018,1.0,3.0,3585.15501257938,,,hardening:regular:r018,3,,,2166.2556874432244,2.0,catalog/geography,,,0.0,9999.999999999996,Catalog + geography,3.0,,0.2440090005507801,0.2254844296403596,0.2514336677499086,1194.653644813815,778.1025574465966,moderate,-416.5510873672183,,0.2390103341719586,2390.1033417195863,-416.5510873672183,,,,2.0,,2390.1033417195868,-0.0416551087367218,,40018,"[""R000"", ""R005"", ""C002""]",,,3.0,0.0,3.0,2390.1033417195868,regular,2806.654429086805,,7609.896658280413,640.3987416435805,2.0,0.0,48.0,6339.937578731808,4226.625052487871,0.5654874307605607,0.5654874307605608
,,greedy_local_search,3175.553828239308,2,exp3:regular:f2.0:v2.0:r018,1.0,3.0,5950.532065021769,,,hardening:regular:r018,3,,,2129.4877179675086,2.0,truthful resolved feasibility,,,0.0,9999.999999999996,Current feasibility,3.0,,0.328215907927906,0.4701175923472814,0.4223191088950589,0.0,834.6463433121412,moderate,834.6463433121412,,0.3967021376681179,3967.0213766811794,834.6463433121412,,,,2.0,,3967.02137668118,0.0834646343312141,,40018,"[""R000"", ""R005"", ""C001""]",,,3.0,0.0,3.0,3967.02137668118,regular,3132.375033369038,,6032.97862331882,1002.8873154015298,2.0,0.0,48.0,5950.532065021771,3967.02137668118,0.9999999999999997,1.0
,,greedy_local_search,3116.235950464716,2,exp3:regular:f2.0:v2.0:r019,1.0,3.0,5984.233047131357,,,hardening:regular:r019,3,,,2140.3001693077085,2.0,catalog/geography,,,1.0,10000.000000000002,Catalog + geography,3.0,,0.3724126981016525,0.4144583557606854,0.4315136557338683,-335.2137316022013,710.3983075211304,moderate,1045.6120391233317,,0.3989488698087571,3989.488698087572,1045.6120391233317,,,,1.0,,3989.488698087572,0.1045612039123331,,40019,"[""L014"", ""R002"", ""C001""]",,,3.0,0.0,3.0,3989.488698087572,regular,2943.87665896424,,6010.511301912427,803.5764896565315,2.0,0.0,48.0,5997.903008855375,3998.6020059035855,0.997720876495696,0.9977208764956956
,,greedy_local_search,3116.235950464716,2,exp3:regular:f2.0:v2.0:r019,1.0,3.0,5984.233047131357,,,hardening:regular:r019,3,,,2140.3001693077085,2.0,truthful resolved feasibility,,,1.0,10000.000000000002,Current feasibility,3.0,,0.3724126981016525,0.4144583557606854,0.4315136557338683,0.0,1045.6120391233317,moderate,1045.6120391233317,,0.3989488698087571,3989.488698087572,1045.6120391233317,,,,1.0,,3989.488698087572,0.1045612039123331,,40019,"[""L014"", ""R002"", ""C001""]",,,3.0,0.0,3.0,3989.488698087572,regular,2943.87665896424,,6010.511301912427,803.5764896565315,2.0,0.0,48.0,5997.903008855375,3998.6020059035855,0.997720876495696,0.9977208764956956
,,greedy_local_search,3173.5643698667427,2,exp3:regular:f4.0:v0.5:r000,0.0,3.0,0.0,,,hardening:regular:r000,3,,,0.0,4.0,catalog/geography,,,0.0,10000.000000000002,Catalog + geography,0.0,,0.0,0.0,0.0,0.0,0.0,moderate,0.0,,0.0,0.0,0.0,,,,0.0,,0.0,0.0,,40000,[],,,0.0,0.0,3.0,0.0,regular,0.0,,10000.0,0.0,0.5,1.0,48.0,0.0,0.0,0.0,0.0
,,greedy_local_search,3173.5643698667427,2,exp3:regular:f4.0:v0.5:r000,1.0,3.0,3170.8451553765995,,,hardening:regular:r000,3,,,2014.9671731087744,4.0,truthful resolved feasibility,,,0.0,10000.000000000002,Current feasibility,1.0,,0.1091601527884541,0.3321509542424643,0.2300738714271987,0.0,0.5254295361851291,moderate,0.5254295361851291,,0.2113896770251066,2113.8967702510663,0.5254295361851291,,,,0.0,,2113.8967702510663,5.25429536185129e-05,,40000,"[""C001""]",,,1.0,0.0,3.0,2113.8967702510668,regular,2113.371340714881,,7886.103229748935,98.40416760610672,0.5,0.0,48.0,3170.8451553765995,2113.896770251067,1.0,0.9999999999999998
,,greedy_local_search,3169.8463396134275,2,exp3:regular:f4.0:v0.5:r001,0.0,3.0,0.0,,,hardening:regular:r001,3,,,0.0,4.0,catalog/geography,,,0.0,9999.999999999998,Catalog + geography,0.0,,0.0,0.0,0.0,0.0,0.0,moderate,0.0,,0.0,0.0,0.0,,,,0.0,,0.0,0.0,,40001,[],,,0.0,0.0,3.0,0.0,regular,0.0,,10000.0,0.0,0.5,1.0,48.0,0.0,0.0,0.0,0.0
,,greedy_local_search,3169.8463396134275,2,exp3:regular:f4.0:v0.5:r001,0.0,3.0,0.0,,,hardening:regular:r001,3,,,0.0,4.0,truthful resolved feasibility,,,0.0,9999.999999999998,Current feasibility,0.0,,0.0,0.0,0.0,0.0,0.0,moderate,0.0,,0.0,0.0,0.0,,,,0.0,,0.0,0.0,,40001,[],,,0.0,0.0,3.0,0.0,regular,0.0,,10000.0,0.0,0.5,1.0,48.0,0.0,0.0,0.0,0.0
,,greedy_local_search,3160.6718778658683,2,exp3:regular:f4.0:v0.5:r002,0.0,3.0,0.0,,,hardening:regular:r002,3,,,0.0,4.0,catalog/geography,,,0.0,10000.000000000002,Catalog + geography,0.0,,0.0,0.0,0.0,0.0,0.0,moderate,0.0,,0.0,0.0,0.0,,,,0.0,,0.0,0.0,,40002,[],,,0.0,0.0,3.0,0.0,regular,0.0,,10000.000000000002,0.0,0.5,1.0,48.0,0.0,0.0,0.0,0.0
,,greedy_local_search,3160.6718778658683,2,exp3:regular:f4.0:v0.5:r002,0.0,3.0,0.0,,,hardening:regular:r002,3,,,0.0,4.0,truthful resolved feasibility,,,0.0,10000.000000000002,Current feasibility,0.0,,0.0,0.0,0.0,0.0,0.0,moderate,0.0,,0.0,0.0,0.0,,,,0.0,,0.0,0.0,,40002,[],,,0.0,0.0,3.0,0.0,regular,0.0,,10000.000000000002,0.0,0.5,1.0,48.0,0.0,0.0,0.0,0.0
,,greedy_local_search,3124.359200707915,2,exp3:regular:f4.0:v0.5:r003,0.0,3.0,0.0,,,hardening:regular:r003,3,,,0.0,4.0,catalog/geography,,,0.0,10000.0,Catalog + geography,0.0,,0.0,0.0,0.0,0.0,0.0,moderate,0.0,,0.0,0.0,0.0,,,,0.0,,0.0,0.0,,40003,[],,,0.0,0.0,3.0,0.0,regular,0.0,,10000.0,0.0,0.5,1.0,48.0,0.0,0.0,0.0,0.0
,,greedy_local_search,3124.359200707915,2,exp3:regular:f4.0:v0.5:r003,1.0,3.0,3607.134481310981,,,hardening:regular:r003,3,,,2221.184722111957,4.0,truthful resolved feasibility,,,0.0,10000.0,Current feasibility,1.0,,0.2265896556995222,0.185335713296178,0.3682139368447568,0.0,57.901431962818606,moderate,57.901431962818606,,0.2404756320873987,2404.756320873987,57.901431962818606,,,,0.0,,2404.7563208739866,0.0057901431962818,,40003,"[""C001""]",,,1.0,0.0,3.0,2404.756320873987,regular,2346.854888911168,,7595.243679126013,125.67016679921105,0.5,0.0,48.0,3732.22583333048,2488.1505555536532,0.966483445106034,0.9664834451060339
,,greedy_local_search,3114.147193190104,2,exp3:regular:f4.0:v0.5:r004,0.0,3.0,0.0,,,hardening:regular:r004,3,,,0.0,4.0,catalog/geography,,,0.0,10000.0,Catalog + geography,0.0,,0.0,0.0,0.0,0.0,0.0,moderate,0.0,,0.0,0.0,0.0,,,,0.0,,0.0,0.0,,40004,[],,,0.0,0.0,3.0,0.0,regular,0.0,,10000.000000000002,0.0,0.5,1.0,48.0,0.0,0.0,0.0,0.0
,,greedy_local_search,3114.147193190104,2,exp3:regular:f4.0:v0.5:r004,0.0,3.0,0.0,,,hardening:regular:r004,3,,,0.0,4.0,truthful resolved feasibility,,,0.0,10000.0,Current feasibility,0.0,,0.0,0.0,0.0,0.0,0.0,moderate,0.0,,0.0,0.0,0.0,,,,0.0,,0.0,0.0,,40004,[],,,0.0,0.0,3.0,0.0,regular,0.0,,10000.000000000002,0.0,0.5,1.0,48.0,0.0,0.0,0.0,0.0
,,greedy_local_search,3198.861412389728,2,exp3:regular:f4.0:v0.5:r005,0.0,3.0,0.0,,,hardening:regular:r005,3,,,0.0,4.0,catalog/geography,,,0.0,9999.999999999996,Catalog + geography,0.0,,0.0,0.0,0.0,0.0,0.0,moderate,0.0,,0.0,0.0,0.0,,,,0.0,,0.0,0.0,,40005,[],,,0.0,0.0,3.0,0.0,regular,0.0,,10000.0,0.0,0.5,1.0,48.0,0.0,0.0,0.0,0.0
,,greedy_local_search,3198.861412389728,2,exp3:regular:f4.0:v0.5:r005,1.0,3.0,3277.139051815745,,,hardening:regular:r005,3,,,1990.165101436674,4.0,truthful resolved feasibility,,,0.0,9999.999999999996,Current feasibility,1.0,,0.2226603237097848,0.1488044295814565,0.3309862038240172,0.0,96.88236954772948,moderate,96.88236954772948,,0.2184759367877163,2184.759367877164,96.88236954772948,,,,0.0,,2184.759367877164,0.0096882369547729,,40005,"[""C001""]",,,1.0,0.0,3.0,2184.759367877164,regular,2087.876998329434,,7815.240632122836,97.71189689276008,0.5,0.0,48.0,3277.1390518157464,2184.7593678771636,0.9999999999999996,1.0000000000000002
,,greedy_local_search,3122.879618156244,2,exp3:regular:f4.0:v0.5:r006,0.0,3.0,0.0,,,hardening:regular:r006,3,,,0.0,4.0,catalog/geography,,,0.0,10000.000000000002,Catalog + geography,0.0,,0.0,0.0,0.0,0.0,0.0,moderate,0.0,,0.0,0.0,0.0,,,,0.0,,0.0,0.0,,40006,[],,,0.0,0.0,3.0,0.0,regular,0.0,,10000.0,0.0,0.5,1.0,48.0,0.0,0.0,0.0,0.0
,,greedy_local_search,3122.879618156244,2,exp3:regular:f4.0:v0.5:r006,1.0,3.0,3348.812163621893,,,hardening:regular:r006,3,,,1991.8166788356664,4.0,truthful resolved feasibility,,,0.0,10000.000000000002,Current feasibility,1.0,,0.1403043597898596,0.2453477602566179,0.3712273312310322,0.0,121.80342687136316,moderate,121.80342687136316,,0.2232541442414595,2232.541442414596,121.80342687136316,,,,0.0,,2232.541442414596,0.0121803426871363,,40006,"[""C001""]",,,1.0,0.0,3.0,2232.541442414596,regular,2110.7380155432324,,7767.458557585404,118.9213367075665,0.5,0.0,48.0,3459.2353680486535,2306.156912032436,0.9680787247243456,0.9680787247243458
,,greedy_local_search,3115.6062898195664,2,exp3:regular:f4.0:v0.5:r007,0.0,3.0,0.0,,,hardening:regular:r007,3,,,0.0,4.0,catalog/geography,,,0.0,9999.999999999998,Catalog + geography,0.0,,0.0,0.0,0.0,0.0,0.0,moderate,0.0,,0.0,0.0,0.0,,,,0.0,,0.0,0.0,,40007,[],,,0.0,0.0,3.0,0.0,regular,0.0,,10000.0,0.0,0.5,1.0,48.0,0.0,0.0,0.0,0.0
,,greedy_local_search,3115.6062898195664,2,exp3:regular:f4.0:v0.5:r007,0.0,3.0,0.0,,,hardening:regular:r007,3,,,0.0,4.0,truthful resolved feasibility,,,0.0,9999.999999999998,Current feasibility,0.0,,0.0,0.0,0.0,0.0,0.0,moderate,0.0,,0.0,0.0,0.0,,,,0.0,,0.0,0.0,,40007,[],,,0.0,0.0,3.0,0.0,regular,0.0,,10000.0,0.0,0.5,1.0,48.0,0.0,0.0,0.0,0.0
,,greedy_local_search,3204.768007661325,2,exp3:regular:f4.0:v0.5:r008,0.0,3.0,0.0,,,hardening:regular:r008,3,,,0.0,4.0,catalog/geography,,,0.0,9999.999999999998,Catalog + geography,0.0,,0.0,0.0,0.0,0.0,0.0,moderate,0.0,,0.0,0.0,0.0,,,,0.0,,0.0,0.0,,40008,[],,,0.0,0.0,3.0,0.0,regular,0.0,,10000.0,0.0,0.5,1.0,48.0,0.0,0.0,0.0,0.0
,,greedy_local_search,3204.768007661325,2,exp3:regular:f4.0:v0.5:r008,0.0,3.0,0.0,,,hardening:regular:r008,3,,,0.0,4.0,truthful resolved feasibility,,,0.0,9999.999999999998,Current feasibility,0.0,,0.0,0.0,0.0,0.0,0.0,moderate,0.0,,0.0,0.0,0.0,,,,0.0,,0.0,0.0,,40008,[],,,0.0,0.0,3.0,0.0,regular,0.0,,10000.0,0.0,0.5,1.0,48.0,0.0,0.0,0.0,0.0
,,greedy_local_search,3136.9553617898514,2,exp3:regular:f4.0:v0.5:r009,0.0,3.0,0.0,,,hardening:regular:r009,3,,,0.0,4.0,catalog/geography,,,0.0,9999.999999999998,Catalog + geography,0.0,,0.0,0.0,0.0,0.0,0.0,moderate,0.0,,0.0,0.0,0.0,,,,0.0,,0.0,0.0,,40009,[],,,0.0,0.0,3.0,0.0,regular,0.0,,10000.0,0.0,0.5,1.0,48.0,0.0,0.0,0.0,0.0
,,greedy_local_search,3136.9553617898514,2,exp3:regular:f4.0:v0.5:r009,0.0,3.0,0.0,,,hardening:regular:r009,3,,,0.0,4.0,truthful resolved feasibility,,,0.0,9999.999999999998,Current feasibility,0.0,,0.0,0.0,0.0,0.0,0.0,moderate,0.0,,0.0,0.0,0.0,,,,0.0,,0.0,0.0,,40009,[],,,0.0,0.0,3.0,0.0,regular,0.0,,10000.0,0.0,0.5,1.0,48.0,0.0,0.0,0.0,0.0
,,greedy_local_search,3156.668444536349,2,exp3:regular:f4.0:v0.5:r010,0.0,3.0,0.0,,,hardening:regular:r010,3,,,0.0,4.0,catalog/geography,,,0.0,10000.0,Catalog + geography,0.0,,0.0,0.0,0.0,0.0,0.0,moderate,0.0,,0.0,0.0,0.0,,,,0.0,,0.0,0.0,,40010,[],,,0.0,0.0,3.0,0.0,regular,0.0,,10000.0,0.0,0.5,1.0,48.0,0.0,0.0,0.0,0.0
,,greedy_local_search,3156.668444536349,2,exp3:regular:f4.0:v0.5:r010,0.0,3.0,0.0,,,hardening:regular:r010,3,,,0.0,4.0,truthful resolved feasibility,,,0.0,10000.0,Current feasibility,0.0,,0.0,0.0,0.0,0.0,0.0,moderate,0.0,,0.0,0.0,0.0,,,,0.0,,0.0,0.0,,40010,[],,,0.0,0.0,3.0,0.0,regular,0.0,,10000.0,0.0,0.5,1.0,48.0,0.0,0.0,0.0,0.0
,,greedy_local_search,3160.557603079724,2,exp3:regular:f4.0:v0.5:r011,0.0,3.0,0.0,,,hardening:regular:r011,3,,,0.0,4.0,catalog/geography,,,0.0,10000.000000000002,Catalog + geography,0.0,,0.0,0.0,0.0,0.0,0.0,moderate,0.0,,0.0,0.0,0.0,,,,0.0,,0.0,0.0,,40011,[],,,0.0,0.0,3.0,0.0,regular,0.0,,10000.0,0.0,0.5,1.0,48.0,0.0,0.0,0.0,0.0
,,greedy_local_search,3160.557603079724,2,exp3:regular:f4.0:v0.5:r011,0.0,3.0,0.0,,,hardening:regular:r011,3,,,0.0,4.0,truthful resolved feasibility,,,0.0,10000.000000000002,Current feasibility,0.0,,0.0,0.0,0.0,0.0,0.0,moderate,0.0,,0.0,0.0,0.0,,,,0.0,,0.0,0.0,,40011,[],,,0.0,0.0,3.0,0.0,regular,0.0,,10000.0,0.0,0.5,1.0,48.0,0.0,0.0,0.0,0.0
,,greedy_local_search,3192.099663508026,2,exp3:regular:f4.0:v0.5:r012,0.0,3.0,0.0,,,hardening:regular:r012,3,,,0.0,4.0,catalog/geography,,,0.0,9999.999999999998,Catalog + geography,0.0,,0.0,0.0,0.0,0.0,0.0,moderate,0.0,,0.0,0.0,0.0,,,,0.0,,0.0,0.0,,40012,[],,,0.0,0.0,3.0,0.0,regular,0.0,,10000.0,0.0,0.5,1.0,48.0,0.0,0.0,0.0,0.0
,,greedy_local_search,3192.099663508026,2,exp3:regular:f4.0:v0.5:r012,0.0,3.0,0.0,,,hardening:regular:r012,3,,,0.0,4.0,truthful resolved feasibility,,,0.0,9999.999999999998,Current feasibility,0.0,,0.0,0.0,0.0,0.0,0.0,moderate,0.0,,0.0,0.0,0.0,,,,0.0,,0.0,0.0,,40012,[],,,0.0,0.0,3.0,0.0,regular,0.0,,10000.0,0.0,0.5,1.0,48.0,0.0,0.0,0.0,0.0
,,greedy_local_search,3184.1865156025765,2,exp3:regular:f4.0:v0.5:r013,0.0,3.0,0.0,,,hardening:regular:r013,3,,,0.0,4.0,catalog/geography,,,0.0,9999.999999999998,Catalog + geography,0.0,,0.0,0.0,0.0,0.0,0.0,moderate,0.0,,0.0,0.0,0.0,,,,0.0,,0.0,0.0,,40013,[],,,0.0,0.0,3.0,0.0,regular,0.0,,10000.0,0.0,0.5,1.0,48.0,0.0,0.0,0.0,0.0
,,greedy_local_search,3184.1865156025765,2,exp3:regular:f4.0:v0.5:r013,0.0,3.0,0.0,,,hardening:regular:r013,3,,,0.0,4.0,truthful resolved feasibility,,,0.0,9999.999999999998,Current feasibility,0.0,,0.0,0.0,0.0,0.0,0.0,moderate,0.0,,0.0,0.0,0.0,,,,0.0,,0.0,0.0,,40013,[],,,0.0,0.0,3.0,0.0,regular,0.0,,10000.0,0.0,0.5,1.0,48.0,0.0,0.0,0.0,0.0
,,greedy_local_search,3149.994846744082,2,exp3:regular:f4.0:v0.5:r014,0.0,3.0,0.0,,,hardening:regular:r014,3,,,0.0,4.0,catalog/geography,,,0.0,10000.0,Catalog + geography,0.0,,0.0,0.0,0.0,0.0,0.0,moderate,0.0,,0.0,0.0,0.0,,,,0.0,,0.0,0.0,,40014,[],,,0.0,0.0,3.0,0.0,regular,0.0,,10000.0,0.0,0.5,1.0,48.0,0.0,0.0,0.0,0.0
,,greedy_local_search,3149.994846744082,2,exp3:regular:f4.0:v0.5:r014,0.0,3.0,0.0,,,hardening:regular:r014,3,,,0.0,4.0,truthful resolved feasibility,,,0.0,10000.0,Current feasibility,0.0,,0.0,0.0,0.0,0.0,0.0,moderate,0.0,,0.0,0.0,0.0,,,,0.0,,0.0,0.0,,40014,[],,,0.0,0.0,3.0,0.0,regular,0.0,,10000.0,0.0,0.5,1.0,48.0,0.0,0.0,0.0,0.0
,,greedy_local_search,3157.5449359068625,2,exp3:regular:f4.0:v0.5:r015,0.0,3.0,0.0,,,hardening:regular:r015,3,,,0.0,4.0,catalog/geography,,,0.0,9999.999999999998,Catalog + geography,0.0,,0.0,0.0,0.0,0.0,0.0,moderate,0.0,,0.0,0.0,0.0,,,,0.0,,0.0,0.0,,40015,[],,,0.0,0.0,3.0,0.0,regular,0.0,,10000.0,0.0,0.5,1.0,48.0,0.0,0.0,0.0,0.0
,,greedy_local_search,3157.5449359068625,2,exp3:regular:f4.0:v0.5:r015,0.0,3.0,0.0,,,hardening:regular:r015,3,,,0.0,4.0,truthful resolved feasibility,,,0.0,9999.999999999998,Current feasibility,0.0,,0.0,0.0,0.0,0.0,0.0,moderate,0.0,,0.0,0.0,0.0,,,,0.0,,0.0,0.0,,40015,[],,,0.0,0.0,3.0,0.0,regular,0.0,,10000.0,0.0,0.5,1.0,48.0,0.0,0.0,0.0,0.0
,,greedy_local_search,3157.122265676465,2,exp3:regular:f4.0:v0.5:r016,0.0,3.0,0.0,,,hardening:regular:r016,3,,,0.0,4.0,catalog/geography,,,0.0,10000.000000000002,Catalog + geography,0.0,,0.0,0.0,0.0,0.0,0.0,moderate,0.0,,0.0,0.0,0.0,,,,0.0,,0.0,0.0,,40016,[],,,0.0,0.0,3.0,0.0,regular,0.0,,10000.0,0.0,0.5,1.0,48.0,0.0,0.0,0.0,0.0
,,greedy_local_search,3157.122265676465,2,exp3:regular:f4.0:v0.5:r016,1.0,3.0,3253.8605853266617,,,hardening:regular:r016,3,,,2036.858799136245,4.0,truthful resolved feasibility,,,0.0,10000.000000000002,Current feasibility,1.0,,0.1402689527838736,0.2884616475813585,0.2642071680777942,0.0,13.250363976998417,moderate,13.250363976998417,,0.2169240390217774,2169.240390217775,13.250363976998417,,,,0.0,,2169.2403902177743,0.0013250363976998,,40016,"[""C001""]",,,1.0,0.0,3.0,2169.240390217775,regular,2155.990026240776,,7830.759609782226,119.13122710453096,0.5,0.0,48.0,3253.860585326662,2169.2403902177757,0.9999999999999999,0.9999999999999996
,,greedy_local_search,3219.934328513683,2,exp3:regular:f4.0:v0.5:r017,0.0,3.0,0.0,,,hardening:regular:r017,3,,,0.0,4.0,catalog/geography,,,0.0,10000.000000000002,Catalog + geography,0.0,,0.0,0.0,0.0,0.0,0.0,moderate,0.0,,0.0,0.0,0.0,,,,0.0,,0.0,0.0,,40017,[],,,0.0,0.0,3.0,0.0,regular,0.0,,10000.0,0.0,0.5,1.0,48.0,0.0,0.0,0.0,0.0
,,greedy_local_search,3219.934328513683,2,exp3:regular:f4.0:v0.5:r017,0.0,3.0,0.0,,,hardening:regular:r017,3,,,0.0,4.0,truthful resolved feasibility,,,0.0,10000.000000000002,Current feasibility,0.0,,0.0,0.0,0.0,0.0,0.0,moderate,0.0,,0.0,0.0,0.0,,,,0.0,,0.0,0.0,,40017,[],,,0.0,0.0,3.0,0.0,regular,0.0,,10000.0,0.0,0.5,1.0,48.0,0.0,0.0,0.0,0.0
,,greedy_local_search,3175.553828239308,2,exp3:regular:f4.0:v0.5:r018,0.0,3.0,0.0,,,hardening:regular:r018,3,,,0.0,4.0,catalog/geography,,,0.0,9999.999999999996,Catalog + geography,0.0,,0.0,0.0,0.0,0.0,0.0,moderate,0.0,,0.0,0.0,0.0,,,,0.0,,0.0,0.0,,40018,[],,,0.0,0.0,3.0,0.0,regular,0.0,,10000.0,0.0,0.5,1.0,48.0,0.0,0.0,0.0,0.0
,,greedy_local_search,3175.553828239308,2,exp3:regular:f4.0:v0.5:r018,0.0,3.0,0.0,,,hardening:regular:r018,3,,,0.0,4.0,truthful resolved feasibility,,,0.0,9999.999999999996,Current feasibility,0.0,,0.0,0.0,0.0,0.0,0.0,moderate,0.0,,0.0,0.0,0.0,,,,0.0,,0.0,0.0,,40018,[],,,0.0,0.0,3.0,0.0,regular,0.0,,10000.0,0.0,0.5,1.0,48.0,0.0,0.0,0.0,0.0
,,greedy_local_search,3116.235950464716,2,exp3:regular:f4.0:v0.5:r019,0.0,3.0,0.0,,,hardening:regular:r019,3,,,0.0,4.0,catalog/geography,,,0.0,10000.000000000002,Catalog + geography,0.0,,0.0,0.0,0.0,0.0,0.0,moderate,0.0,,0.0,0.0,0.0,,,,0.0,,0.0,0.0,,40019,[],,,0.0,0.0,3.0,0.0,regular,0.0,,10000.0,0.0,0.5,1.0,48.0,0.0,0.0,0.0,0.0
,,greedy_local_search,3116.235950464716,2,exp3:regular:f4.0:v0.5:r019,0.0,3.0,0.0,,,hardening:regular:r019,3,,,0.0,4.0,truthful resolved feasibility,,,0.0,10000.000000000002,Current feasibility,0.0,,0.0,0.0,0.0,0.0,0.0,moderate,0.0,,0.0,0.0,0.0,,,,0.0,,0.0,0.0,,40019,[],,,0.0,0.0,3.0,0.0,regular,0.0,,10000.0,0.0,0.5,1.0,48.0,0.0,0.0,0.0,0.0
,,greedy_local_search,3173.5643698667427,2,exp3:regular:f4.0:v1.0:r000,0.0,3.0,0.0,,,hardening:regular:r000,3,,,0.0,4.0,catalog/geography,,,0.0,10000.000000000002,Catalog + geography,0.0,,0.0,0.0,0.0,0.0,0.0,moderate,0.0,,0.0,0.0,0.0,,,,0.0,,0.0,0.0,,40000,[],,,0.0,0.0,3.0,0.0,regular,0.0,,10000.0,0.0,1.0,1.0,48.0,0.0,0.0,0.0,0.0
,,greedy_local_search,3173.5643698667427,2,exp3:regular:f4.0:v1.0:r000,0.0,3.0,0.0,,,hardening:regular:r000,3,,,0.0,4.0,truthful resolved feasibility,,,0.0,10000.000000000002,Current feasibility,0.0,,0.0,0.0,0.0,0.0,0.0,moderate,0.0,,0.0,0.0,0.0,,,,0.0,,0.0,0.0,,40000,[],,,0.0,0.0,3.0,0.0,regular,0.0,,10000.0,0.0,1.0,1.0,48.0,0.0,0.0,0.0,0.0
,,greedy_local_search,3169.8463396134275,2,exp3:regular:f4.0:v1.0:r001,0.0,3.0,0.0,,,hardening:regular:r001,3,,,0.0,4.0,catalog/geography,,,0.0,9999.999999999998,Catalog + geography,0.0,,0.0,0.0,0.0,0.0,0.0,moderate,0.0,,0.0,0.0,0.0,,,,0.0,,0.0,0.0,,40001,[],,,0.0,0.0,3.0,0.0,regular,0.0,,10000.0,0.0,1.0,1.0,48.0,0.0,0.0,0.0,0.0
,,greedy_local_search,3169.8463396134275,2,exp3:regular:f4.0:v1.0:r001,0.0,3.0,0.0,,,hardening:regular:r001,3,,,0.0,4.0,truthful resolved feasibility,,,0.0,9999.999999999998,Current feasibility,0.0,,0.0,0.0,0.0,0.0,0.0,moderate,0.0,,0.0,0.0,0.0,,,,0.0,,0.0,0.0,,40001,[],,,0.0,0.0,3.0,0.0,regular,0.0,,10000.0,0.0,1.0,1.0,48.0,0.0,0.0,0.0,0.0
,,greedy_local_search,3160.6718778658683,2,exp3:regular:f4.0:v1.0:r002,0.0,3.0,0.0,,,hardening:regular:r002,3,,,0.0,4.0,catalog/geography,,,0.0,10000.000000000002,Catalog + geography,0.0,,0.0,0.0,0.0,0.0,0.0,moderate,0.0,,0.0,0.0,0.0,,,,0.0,,0.0,0.0,,40002,[],,,0.0,0.0,3.0,0.0,regular,0.0,,10000.000000000002,0.0,1.0,1.0,48.0,0.0,0.0,0.0,0.0
,,greedy_local_search,3160.6718778658683,2,exp3:regular:f4.0:v1.0:r002,0.0,3.0,0.0,,,hardening:regular:r002,3,,,0.0,4.0,truthful resolved feasibility,,,0.0,10000.000000000002,Current feasibility,0.0,,0.0,0.0,0.0,0.0,0.0,moderate,0.0,,0.0,0.0,0.0,,,,0.0,,0.0,0.0,,40002,[],,,0.0,0.0,3.0,0.0,regular,0.0,,10000.000000000002,0.0,1.0,1.0,48.0,0.0,0.0,0.0,0.0
,,greedy_local_search,3124.359200707915,2,exp3:regular:f4.0:v1.0:r003,0.0,3.0,0.0,,,hardening:regular:r003,3,,,0.0,4.0,catalog/geography,,,0.0,10000.0,Catalog + geography,0.0,,0.0,0.0,0.0,0.0,0.0,moderate,0.0,,0.0,0.0,0.0,,,,0.0,,0.0,0.0,,40003,[],,,0.0,0.0,3.0,0.0,regular,0.0,,10000.0,0.0,1.0,1.0,48.0,0.0,0.0,0.0,0.0
,,greedy_local_search,3124.359200707915,2,exp3:regular:f4.0:v1.0:r003,0.0,3.0,0.0,,,hardening:regular:r003,3,,,0.0,4.0,truthful resolved feasibility,,,0.0,10000.0,Current feasibility,0.0,,0.0,0.0,0.0,0.0,0.0,moderate,0.0,,0.0,0.0,0.0,,,,0.0,,0.0,0.0,,40003,[],,,0.0,0.0,3.0,0.0,regular,0.0,,10000.0,0.0,1.0,1.0,48.0,0.0,0.0,0.0,0.0
,,greedy_local_search,3114.147193190104,2,exp3:regular:f4.0:v1.0:r004,0.0,3.0,0.0,,,hardening:regular:r004,3,,,0.0,4.0,catalog/geography,,,0.0,10000.0,Catalog + geography,0.0,,0.0,0.0,0.0,0.0,0.0,moderate,0.0,,0.0,0.0,0.0,,,,0.0,,0.0,0.0,,40004,[],,,0.0,0.0,3.0,0.0,regular,0.0,,10000.000000000002,0.0,1.0,1.0,48.0,0.0,0.0,0.0,0.0
,,greedy_local_search,3114.147193190104,2,exp3:regular:f4.0:v1.0:r004,0.0,3.0,0.0,,,hardening:regular:r004,3,,,0.0,4.0,truthful resolved feasibility,,,0.0,10000.0,Current feasibility,0.0,,0.0,0.0,0.0,0.0,0.0,moderate,0.0,,0.0,0.0,0.0,,,,0.0,,0.0,0.0,,40004,[],,,0.0,0.0,3.0,0.0,regular,0.0,,10000.000000000002,0.0,1.0,1.0,48.0,0.0,0.0,0.0,0.0
,,greedy_local_search,3198.861412389728,2,exp3:regular:f4.0:v1.0:r005,0.0,3.0,0.0,,,hardening:regular:r005,3,,,0.0,4.0,catalog/geography,,,0.0,9999.999999999996,Catalog + geography,0.0,,0.0,0.0,0.0,0.0,0.0,moderate,0.0,,0.0,0.0,0.0,,,,0.0,,0.0,0.0,,40005,[],,,0.0,0.0,3.0,0.0,regular,0.0,,10000.0,0.0,1.0,1.0,48.0,0.0,0.0,0.0,0.0
,,greedy_local_search,3198.861412389728,2,exp3:regular:f4.0:v1.0:r005,0.0,3.0,0.0,,,hardening:regular:r005,3,,,0.0,4.0,truthful resolved feasibility,,,0.0,9999.999999999996,Current feasibility,0.0,,0.0,0.0,0.0,0.0,0.0,moderate,0.0,,0.0,0.0,0.0,,,,0.0,,0.0,0.0,,40005,[],,,0.0,0.0,3.0,0.0,regular,0.0,,10000.0,0.0,1.0,1.0,48.0,0.0,0.0,0.0,0.0
,,greedy_local_search,3122.879618156244,2,exp3:regular:f4.0:v1.0:r006,0.0,3.0,0.0,,,hardening:regular:r006,3,,,0.0,4.0,catalog/geography,,,0.0,10000.000000000002,Catalog + geography,0.0,,0.0,0.0,0.0,0.0,0.0,moderate,0.0,,0.0,0.0,0.0,,,,0.0,,0.0,0.0,,40006,[],,,0.0,0.0,3.0,0.0,regular,0.0,,10000.0,0.0,1.0,1.0,48.0,0.0,0.0,0.0,0.0
,,greedy_local_search,3122.879618156244,2,exp3:regular:f4.0:v1.0:r006,1.0,3.0,3348.812163621893,,,hardening:regular:r006,3,,,1991.8166788356664,4.0,truthful resolved feasibility,,,0.0,10000.000000000002,Current feasibility,1.0,,0.1403043597898596,0.2453477602566179,0.3712273312310322,0.0,2.88209016379642,moderate,2.88209016379642,,0.2232541442414595,2232.541442414596,2.88209016379642,,,,0.0,,2232.541442414596,0.0002882090163796,,40006,"[""C001""]",,,1.0,0.0,3.0,2232.541442414596,regular,2229.659352250799,,7767.458557585404,237.842673415133,1.0,0.0,48.0,3459.2353680486535,2306.156912032436,0.9680787247243456,0.9680787247243458
,,greedy_local_search,3115.6062898195664,2,exp3:regular:f4.0:v1.0:r007,0.0,3.0,0.0,,,hardening:regular:r007,3,,,0.0,4.0,catalog/geography,,,0.0,9999.999999999998,Catalog + geography,0.0,,0.0,0.0,0.0,0.0,0.0,moderate,0.0,,0.0,0.0,0.0,,,,0.0,,0.0,0.0,,40007,[],,,0.0,0.0,3.0,0.0,regular,0.0,,10000.0,0.0,1.0,1.0,48.0,0.0,0.0,0.0,0.0
,,greedy_local_search,3115.6062898195664,2,exp3:regular:f4.0:v1.0:r007,0.0,3.0,0.0,,,hardening:regular:r007,3,,,0.0,4.0,truthful resolved feasibility,,,0.0,9999.999999999998,Current feasibility,0.0,,0.0,0.0,0.0,0.0,0.0,moderate,0.0,,0.0,0.0,0.0,,,,0.0,,0.0,0.0,,40007,[],,,0.0,0.0,3.0,0.0,regular,0.0,,10000.0,0.0,1.0,1.0,48.0,0.0,0.0,0.0,0.0
,,greedy_local_search,3204.768007661325,2,exp3:regular:f4.0:v1.0:r008,0.0,3.0,0.0,,,hardening:regular:r008,3,,,0.0,4.0,catalog/geography,,,0.0,9999.999999999998,Catalog + geography,0.0,,0.0,0.0,0.0,0.0,0.0,moderate,0.0,,0.0,0.0,0.0,,,,0.0,,0.0,0.0,,40008,[],,,0.0,0.0,3.0,0.0,regular,0.0,,10000.0,0.0,1.0,1.0,48.0,0.0,0.0,0.0,0.0
,,greedy_local_search,3204.768007661325,2,exp3:regular:f4.0:v1.0:r008,0.0,3.0,0.0,,,hardening:regular:r008,3,,,0.0,4.0,truthful resolved feasibility,,,0.0,9999.999999999998,Current feasibility,0.0,,0.0,0.0,0.0,0.0,0.0,moderate,0.0,,0.0,0.0,0.0,,,,0.0,,0.0,0.0,,40008,[],,,0.0,0.0,3.0,0.0,regular,0.0,,10000.0,0.0,1.0,1.0,48.0,0.0,0.0,0.0,0.0
,,greedy_local_search,3136.9553617898514,2,exp3:regular:f4.0:v1.0:r009,0.0,3.0,0.0,,,hardening:regular:r009,3,,,0.0,4.0,catalog/geography,,,0.0,9999.999999999998,Catalog + geography,0.0,,0.0,0.0,0.0,0.0,0.0,moderate,0.0,,0.0,0.0,0.0,,,,0.0,,0.0,0.0,,40009,[],,,0.0,0.0,3.0,0.0,regular,0.0,,10000.0,0.0,1.0,1.0,48.0,0.0,0.0,0.0,0.0
,,greedy_local_search,3136.9553617898514,2,exp3:regular:f4.0:v1.0:r009,0.0,3.0,0.0,,,hardening:regular:r009,3,,,0.0,4.0,truthful resolved feasibility,,,0.0,9999.999999999998,Current feasibility,0.0,,0.0,0.0,0.0,0.0,0.0,moderate,0.0,,0.0,0.0,0.0,,,,0.0,,0.0,0.0,,40009,[],,,0.0,0.0,3.0,0.0,regular,0.0,,10000.0,0.0,1.0,1.0,48.0,0.0,0.0,0.0,0.0
,,greedy_local_search,3156.668444536349,2,exp3:regular:f4.0:v1.0:r010,0.0,3.0,0.0,,,hardening:regular:r010,3,,,0.0,4.0,catalog/geography,,,0.0,10000.0,Catalog + geography,0.0,,0.0,0.0,0.0,0.0,0.0,moderate,0.0,,0.0,0.0,0.0,,,,0.0,,0.0,0.0,,40010,[],,,0.0,0.0,3.0,0.0,regular,0.0,,10000.0,0.0,1.0,1.0,48.0,0.0,0.0,0.0,0.0
,,greedy_local_search,3156.668444536349,2,exp3:regular:f4.0:v1.0:r010,0.0,3.0,0.0,,,hardening:regular:r010,3,,,0.0,4.0,truthful resolved feasibility,,,0.0,10000.0,Current feasibility,0.0,,0.0,0.0,0.0,0.0,0.0,moderate,0.0,,0.0,0.0,0.0,,,,0.0,,0.0,0.0,,40010,[],,,0.0,0.0,3.0,0.0,regular,0.0,,10000.0,0.0,1.0,1.0,48.0,0.0,0.0,0.0,0.0
,,greedy_local_search,3160.557603079724,2,exp3:regular:f4.0:v1.0:r011,0.0,3.0,0.0,,,hardening:regular:r011,3,,,0.0,4.0,catalog/geography,,,0.0,10000.000000000002,Catalog + geography,0.0,,0.0,0.0,0.0,0.0,0.0,moderate,0.0,,0.0,0.0,0.0,,,,0.0,,0.0,0.0,,40011,[],,,0.0,0.0,3.0,0.0,regular,0.0,,10000.0,0.0,1.0,1.0,48.0,0.0,0.0,0.0,0.0
,,greedy_local_search,3160.557603079724,2,exp3:regular:f4.0:v1.0:r011,0.0,3.0,0.0,,,hardening:regular:r011,3,,,0.0,4.0,truthful resolved feasibility,,,0.0,10000.000000000002,Current feasibility,0.0,,0.0,0.0,0.0,0.0,0.0,moderate,0.0,,0.0,0.0,0.0,,,,0.0,,0.0,0.0,,40011,[],,,0.0,0.0,3.0,0.0,regular,0.0,,10000.0,0.0,1.0,1.0,48.0,0.0,0.0,0.0,0.0
,,greedy_local_search,3192.099663508026,2,exp3:regular:f4.0:v1.0:r012,0.0,3.0,0.0,,,hardening:regular:r012,3,,,0.0,4.0,catalog/geography,,,0.0,9999.999999999998,Catalog + geography,0.0,,0.0,0.0,0.0,0.0,0.0,moderate,0.0,,0.0,0.0,0.0,,,,0.0,,0.0,0.0,,40012,[],,,0.0,0.0,3.0,0.0,regular,0.0,,10000.0,0.0,1.0,1.0,48.0,0.0,0.0,0.0,0.0
,,greedy_local_search,3192.099663508026,2,exp3:regular:f4.0:v1.0:r012,0.0,3.0,0.0,,,hardening:regular:r012,3,,,0.0,4.0,truthful resolved feasibility,,,0.0,9999.999999999998,Current feasibility,0.0,,0.0,0.0,0.0,0.0,0.0,moderate,0.0,,0.0,0.0,0.0,,,,0.0,,0.0,0.0,,40012,[],,,0.0,0.0,3.0,0.0,regular,0.0,,10000.0,0.0,1.0,1.0,48.0,0.0,0.0,0.0,0.0
,,greedy_local_search,3184.1865156025765,2,exp3:regular:f4.0:v1.0:r013,0.0,3.0,0.0,,,hardening:regular:r013,3,,,0.0,4.0,catalog/geography,,,0.0,9999.999999999998,Catalog + geography,0.0,,0.0,0.0,0.0,0.0,0.0,moderate,0.0,,0.0,0.0,0.0,,,,0.0,,0.0,0.0,,40013,[],,,0.0,0.0,3.0,0.0,regular,0.0,,10000.0,0.0,1.0,1.0,48.0,0.0,0.0,0.0,0.0
,,greedy_local_search,3184.1865156025765,2,exp3:regular:f4.0:v1.0:r013,0.0,3.0,0.0,,,hardening:regular:r013,3,,,0.0,4.0,truthful resolved feasibility,,,0.0,9999.999999999998,Current feasibility,0.0,,0.0,0.0,0.0,0.0,0.0,moderate,0.0,,0.0,0.0,0.0,,,,0.0,,0.0,0.0,,40013,[],,,0.0,0.0,3.0,0.0,regular,0.0,,10000.0,0.0,1.0,1.0,48.0,0.0,0.0,0.0,0.0
,,greedy_local_search,3149.994846744082,2,exp3:regular:f4.0:v1.0:r014,0.0,3.0,0.0,,,hardening:regular:r014,3,,,0.0,4.0,catalog/geography,,,0.0,10000.0,Catalog + geography,0.0,,0.0,0.0,0.0,0.0,0.0,moderate,0.0,,0.0,0.0,0.0,,,,0.0,,0.0,0.0,,40014,[],,,0.0,0.0,3.0,0.0,regular,0.0,,10000.0,0.0,1.0,1.0,48.0,0.0,0.0,0.0,0.0
,,greedy_local_search,3149.994846744082,2,exp3:regular:f4.0:v1.0:r014,0.0,3.0,0.0,,,hardening:regular:r014,3,,,0.0,4.0,truthful resolved feasibility,,,0.0,10000.0,Current feasibility,0.0,,0.0,0.0,0.0,0.0,0.0,moderate,0.0,,0.0,0.0,0.0,,,,0.0,,0.0,0.0,,40014,[],,,0.0,0.0,3.0,0.0,regular,0.0,,10000.0,0.0,1.0,1.0,48.0,0.0,0.0,0.0,0.0
,,greedy_local_search,3157.5449359068625,2,exp3:regular:f4.0:v1.0:r015,0.0,3.0,0.0,,,hardening:regular:r015,3,,,0.0,4.0,catalog/geography,,,0.0,9999.999999999998,Catalog + geography,0.0,,0.0,0.0,0.0,0.0,0.0,moderate,0.0,,0.0,0.0,0.0,,,,0.0,,0.0,0.0,,40015,[],,,0.0,0.0,3.0,0.0,regular,0.0,,10000.0,0.0,1.0,1.0,48.0,0.0,0.0,0.0,0.0
,,greedy_local_search,3157.5449359068625,2,exp3:regular:f4.0:v1.0:r015,0.0,3.0,0.0,,,hardening:regular:r015,3,,,0.0,4.0,truthful resolved feasibility,,,0.0,9999.999999999998,Current feasibility,0.0,,0.0,0.0,0.0,0.0,0.0,moderate,0.0,,0.0,0.0,0.0,,,,0.0,,0.0,0.0,,40015,[],,,0.0,0.0,3.0,0.0,regular,0.0,,10000.0,0.0,1.0,1.0,48.0,0.0,0.0,0.0,0.0
,,greedy_local_search,3157.122265676465,2,exp3:regular:f4.0:v1.0:r016,0.0,3.0,0.0,,,hardening:regular:r016,3,,,0.0,4.0,catalog/geography,,,0.0,10000.000000000002,Catalog + geography,0.0,,0.0,0.0,0.0,0.0,0.0,moderate,0.0,,0.0,0.0,0.0,,,,0.0,,0.0,0.0,,40016,[],,,0.0,0.0,3.0,0.0,regular,0.0,,10000.0,0.0,1.0,1.0,48.0,0.0,0.0,0.0,0.0
,,greedy_local_search,3157.122265676465,2,exp3:regular:f4.0:v1.0:r016,0.0,3.0,0.0,,,hardening:regular:r016,3,,,0.0,4.0,truthful resolved feasibility,,,0.0,10000.000000000002,Current feasibility,0.0,,0.0,0.0,0.0,0.0,0.0,moderate,0.0,,0.0,0.0,0.0,,,,0.0,,0.0,0.0,,40016,[],,,0.0,0.0,3.0,0.0,regular,0.0,,10000.0,0.0,1.0,1.0,48.0,0.0,0.0,0.0,0.0
,,greedy_local_search,3219.934328513683,2,exp3:regular:f4.0:v1.0:r017,0.0,3.0,0.0,,,hardening:regular:r017,3,,,0.0,4.0,catalog/geography,,,0.0,10000.000000000002,Catalog + geography,0.0,,0.0,0.0,0.0,0.0,0.0,moderate,0.0,,0.0,0.0,0.0,,,,0.0,,0.0,0.0,,40017,[],,,0.0,0.0,3.0,0.0,regular,0.0,,10000.0,0.0,1.0,1.0,48.0,0.0,0.0,0.0,0.0
,,greedy_local_search,3219.934328513683,2,exp3:regular:f4.0:v1.0:r017,0.0,3.0,0.0,,,hardening:regular:r017,3,,,0.0,4.0,truthful resolved feasibility,,,0.0,10000.000000000002,Current feasibility,0.0,,0.0,0.0,0.0,0.0,0.0,moderate,0.0,,0.0,0.0,0.0,,,,0.0,,0.0,0.0,,40017,[],,,0.0,0.0,3.0,0.0,regular,0.0,,10000.0,0.0,1.0,1.0,48.0,0.0,0.0,0.0,0.0
,,greedy_local_search,3175.553828239308,2,exp3:regular:f4.0:v1.0:r018,0.0,3.0,0.0,,,hardening:regular:r018,3,,,0.0,4.0,catalog/geography,,,0.0,9999.999999999996,Catalog + geography,0.0,,0.0,0.0,0.0,0.0,0.0,moderate,0.0,,0.0,0.0,0.0,,,,0.0,,0.0,0.0,,40018,[],,,0.0,0.0,3.0,0.0,regular,0.0,,10000.0,0.0,1.0,1.0,48.0,0.0,0.0,0.0,0.0
,,greedy_local_search,3175.553828239308,2,exp3:regular:f4.0:v1.0:r018,0.0,3.0,0.0,,,hardening:regular:r018,3,,,0.0,4.0,truthful resolved feasibility,,,0.0,9999.999999999996,Current feasibility,0.0,,0.0,0.0,0.0,0.0,0.0,moderate,0.0,,0.0,0.0,0.0,,,,0.0,,0.0,0.0,,40018,[],,,0.0,0.0,3.0,0.0,regular,0.0,,10000.0,0.0,1.0,1.0,48.0,0.0,0.0,0.0,0.0
,,greedy_local_search,3116.235950464716,2,exp3:regular:f4.0:v1.0:r019,0.0,3.0,0.0,,,hardening:regular:r019,3,,,0.0,4.0,catalog/geography,,,0.0,10000.000000000002,Catalog + geography,0.0,,0.0,0.0,0.0,0.0,0.0,moderate,0.0,,0.0,0.0,0.0,,,,0.0,,0.0,0.0,,40019,[],,,0.0,0.0,3.0,0.0,regular,0.0,,10000.0,0.0,1.0,1.0,48.0,0.0,0.0,0.0,0.0
,,greedy_local_search,3116.235950464716,2,exp3:regular:f4.0:v1.0:r019,0.0,3.0,0.0,,,hardening:regular:r019,3,,,0.0,4.0,truthful resolved feasibility,,,0.0,10000.000000000002,Current feasibility,0.0,,0.0,0.0,0.0,0.0,0.0,moderate,0.0,,0.0,0.0,0.0,,,,0.0,,0.0,0.0,,40019,[],,,0.0,0.0,3.0,0.0,regular,0.0,,10000.0,0.0,1.0,1.0,48.0,0.0,0.0,0.0,0.0
,,greedy_local_search,3173.5643698667427,2,exp3:regular:f4.0:v2.0:r000,0.0,3.0,0.0,,,hardening:regular:r000,3,,,0.0,4.0,catalog/geography,,,0.0,10000.000000000002,Catalog + geography,0.0,,0.0,0.0,0.0,0.0,0.0,moderate,0.0,,0.0,0.0,0.0,,,,0.0,,0.0,0.0,,40000,[],,,0.0,0.0,3.0,0.0,regular,0.0,,10000.0,0.0,2.0,1.0,48.0,0.0,0.0,0.0,0.0
,,greedy_local_search,3173.5643698667427,2,exp3:regular:f4.0:v2.0:r000,0.0,3.0,0.0,,,hardening:regular:r000,3,,,0.0,4.0,truthful resolved feasibility,,,0.0,10000.000000000002,Current feasibility,0.0,,0.0,0.0,0.0,0.0,0.0,moderate,0.0,,0.0,0.0,0.0,,,,0.0,,0.0,0.0,,40000,[],,,0.0,0.0,3.0,0.0,regular,0.0,,10000.0,0.0,2.0,1.0,48.0,0.0,0.0,0.0,0.0
,,greedy_local_search,3169.8463396134275,2,exp3:regular:f4.0:v2.0:r001,0.0,3.0,0.0,,,hardening:regular:r001,3,,,0.0,4.0,catalog/geography,,,0.0,9999.999999999998,Catalog + geography,0.0,,0.0,0.0,0.0,0.0,0.0,moderate,0.0,,0.0,0.0,0.0,,,,0.0,,0.0,0.0,,40001,[],,,0.0,0.0,3.0,0.0,regular,0.0,,10000.0,0.0,2.0,1.0,48.0,0.0,0.0,0.0,0.0
,,greedy_local_search,3169.8463396134275,2,exp3:regular:f4.0:v2.0:r001,0.0,3.0,0.0,,,hardening:regular:r001,3,,,0.0,4.0,truthful resolved feasibility,,,0.0,9999.999999999998,Current feasibility,0.0,,0.0,0.0,0.0,0.0,0.0,moderate,0.0,,0.0,0.0,0.0,,,,0.0,,0.0,0.0,,40001,[],,,0.0,0.0,3.0,0.0,regular,0.0,,10000.0,0.0,2.0,1.0,48.0,0.0,0.0,0.0,0.0
,,greedy_local_search,3160.6718778658683,2,exp3:regular:f4.0:v2.0:r002,0.0,3.0,0.0,,,hardening:regular:r002,3,,,0.0,4.0,catalog/geography,,,0.0,10000.000000000002,Catalog + geography,0.0,,0.0,0.0,0.0,0.0,0.0,moderate,0.0,,0.0,0.0,0.0,,,,0.0,,0.0,0.0,,40002,[],,,0.0,0.0,3.0,0.0,regular,0.0,,10000.000000000002,0.0,2.0,1.0,48.0,0.0,0.0,0.0,0.0
,,greedy_local_search,3160.6718778658683,2,exp3:regular:f4.0:v2.0:r002,0.0,3.0,0.0,,,hardening:regular:r002,3,,,0.0,4.0,truthful resolved feasibility,,,0.0,10000.000000000002,Current feasibility,0.0,,0.0,0.0,0.0,0.0,0.0,moderate,0.0,,0.0,0.0,0.0,,,,0.0,,0.0,0.0,,40002,[],,,0.0,0.0,3.0,0.0,regular,0.0,,10000.000000000002,0.0,2.0,1.0,48.0,0.0,0.0,0.0,0.0
,,greedy_local_search,3124.359200707915,2,exp3:regular:f4.0:v2.0:r003,0.0,3.0,0.0,,,hardening:regular:r003,3,,,0.0,4.0,catalog/geography,,,0.0,10000.0,Catalog + geography,0.0,,0.0,0.0,0.0,0.0,0.0,moderate,0.0,,0.0,0.0,0.0,,,,0.0,,0.0,0.0,,40003,[],,,0.0,0.0,3.0,0.0,regular,0.0,,10000.0,0.0,2.0,1.0,48.0,0.0,0.0,0.0,0.0
,,greedy_local_search,3124.359200707915,2,exp3:regular:f4.0:v2.0:r003,0.0,3.0,0.0,,,hardening:regular:r003,3,,,0.0,4.0,truthful resolved feasibility,,,0.0,10000.0,Current feasibility,0.0,,0.0,0.0,0.0,0.0,0.0,moderate,0.0,,0.0,0.0,0.0,,,,0.0,,0.0,0.0,,40003,[],,,0.0,0.0,3.0,0.0,regular,0.0,,10000.0,0.0,2.0,1.0,48.0,0.0,0.0,0.0,0.0
,,greedy_local_search,3114.147193190104,2,exp3:regular:f4.0:v2.0:r004,0.0,3.0,0.0,,,hardening:regular:r004,3,,,0.0,4.0,catalog/geography,,,0.0,10000.0,Catalog + geography,0.0,,0.0,0.0,0.0,0.0,0.0,moderate,0.0,,0.0,0.0,0.0,,,,0.0,,0.0,0.0,,40004,[],,,0.0,0.0,3.0,0.0,regular,0.0,,10000.000000000002,0.0,2.0,1.0,48.0,0.0,0.0,0.0,0.0
,,greedy_local_search,3114.147193190104,2,exp3:regular:f4.0:v2.0:r004,0.0,3.0,0.0,,,hardening:regular:r004,3,,,0.0,4.0,truthful resolved feasibility,,,0.0,10000.0,Current feasibility,0.0,,0.0,0.0,0.0,0.0,0.0,moderate,0.0,,0.0,0.0,0.0,,,,0.0,,0.0,0.0,,40004,[],,,0.0,0.0,3.0,0.0,regular,0.0,,10000.000000000002,0.0,2.0,1.0,48.0,0.0,0.0,0.0,0.0
,,greedy_local_search,3198.861412389728,2,exp3:regular:f4.0:v2.0:r005,0.0,3.0,0.0,,,hardening:regular:r005,3,,,0.0,4.0,catalog/geography,,,0.0,9999.999999999996,Catalog + geography,0.0,,0.0,0.0,0.0,0.0,0.0,moderate,0.0,,0.0,0.0,0.0,,,,0.0,,0.0,0.0,,40005,[],,,0.0,0.0,3.0,0.0,regular,0.0,,10000.0,0.0,2.0,1.0,48.0,0.0,0.0,0.0,0.0
,,greedy_local_search,3198.861412389728,2,exp3:regular:f4.0:v2.0:r005,0.0,3.0,0.0,,,hardening:regular:r005,3,,,0.0,4.0,truthful resolved feasibility,,,0.0,9999.999999999996,Current feasibility,0.0,,0.0,0.0,0.0,0.0,0.0,moderate,0.0,,0.0,0.0,0.0,,,,0.0,,0.0,0.0,,40005,[],,,0.0,0.0,3.0,0.0,regular,0.0,,10000.0,0.0,2.0,1.0,48.0,0.0,0.0,0.0,0.0
,,greedy_local_search,3122.879618156244,2,exp3:regular:f4.0:v2.0:r006,0.0,3.0,0.0,,,hardening:regular:r006,3,,,0.0,4.0,catalog/geography,,,0.0,10000.000000000002,Catalog + geography,0.0,,0.0,0.0,0.0,0.0,0.0,moderate,0.0,,0.0,0.0,0.0,,,,0.0,,0.0,0.0,,40006,[],,,0.0,0.0,3.0,0.0,regular,0.0,,10000.0,0.0,2.0,1.0,48.0,0.0,0.0,0.0,0.0
,,greedy_local_search,3122.879618156244,2,exp3:regular:f4.0:v2.0:r006,0.0,3.0,0.0,,,hardening:regular:r006,3,,,0.0,4.0,truthful resolved feasibility,,,0.0,10000.000000000002,Current feasibility,0.0,,0.0,0.0,0.0,0.0,0.0,moderate,0.0,,0.0,0.0,0.0,,,,0.0,,0.0,0.0,,40006,[],,,0.0,0.0,3.0,0.0,regular,0.0,,10000.0,0.0,2.0,1.0,48.0,0.0,0.0,0.0,0.0
,,greedy_local_search,3115.6062898195664,2,exp3:regular:f4.0:v2.0:r007,0.0,3.0,0.0,,,hardening:regular:r007,3,,,0.0,4.0,catalog/geography,,,0.0,9999.999999999998,Catalog + geography,0.0,,0.0,0.0,0.0,0.0,0.0,moderate,0.0,,0.0,0.0,0.0,,,,0.0,,0.0,0.0,,40007,[],,,0.0,0.0,3.0,0.0,regular,0.0,,10000.0,0.0,2.0,1.0,48.0,0.0,0.0,0.0,0.0
,,greedy_local_search,3115.6062898195664,2,exp3:regular:f4.0:v2.0:r007,0.0,3.0,0.0,,,hardening:regular:r007,3,,,0.0,4.0,truthful resolved feasibility,,,0.0,9999.999999999998,Current feasibility,0.0,,0.0,0.0,0.0,0.0,0.0,moderate,0.0,,0.0,0.0,0.0,,,,0.0,,0.0,0.0,,40007,[],,,0.0,0.0,3.0,0.0,regular,0.0,,10000.0,0.0,2.0,1.0,48.0,0.0,0.0,0.0,0.0
,,greedy_local_search,3204.768007661325,2,exp3:regular:f4.0:v2.0:r008,0.0,3.0,0.0,,,hardening:regular:r008,3,,,0.0,4.0,catalog/geography,,,0.0,9999.999999999998,Catalog + geography,0.0,,0.0,0.0,0.0,0.0,0.0,moderate,0.0,,0.0,0.0,0.0,,,,0.0,,0.0,0.0,,40008,[],,,0.0,0.0,3.0,0.0,regular,0.0,,10000.0,0.0,2.0,1.0,48.0,0.0,0.0,0.0,0.0
,,greedy_local_search,3204.768007661325,2,exp3:regular:f4.0:v2.0:r008,0.0,3.0,0.0,,,hardening:regular:r008,3,,,0.0,4.0,truthful resolved feasibility,,,0.0,9999.999999999998,Current feasibility,0.0,,0.0,0.0,0.0,0.0,0.0,moderate,0.0,,0.0,0.0,0.0,,,,0.0,,0.0,0.0,,40008,[],,,0.0,0.0,3.0,0.0,regular,0.0,,10000.0,0.0,2.0,1.0,48.0,0.0,0.0,0.0,0.0
,,greedy_local_search,3136.9553617898514,2,exp3:regular:f4.0:v2.0:r009,0.0,3.0,0.0,,,hardening:regular:r009,3,,,0.0,4.0,catalog/geography,,,0.0,9999.999999999998,Catalog + geography,0.0,,0.0,0.0,0.0,0.0,0.0,moderate,0.0,,0.0,0.0,0.0,,,,0.0,,0.0,0.0,,40009,[],,,0.0,0.0,3.0,0.0,regular,0.0,,10000.0,0.0,2.0,1.0,48.0,0.0,0.0,0.0,0.0
,,greedy_local_search,3136.9553617898514,2,exp3:regular:f4.0:v2.0:r009,0.0,3.0,0.0,,,hardening:regular:r009,3,,,0.0,4.0,truthful resolved feasibility,,,0.0,9999.999999999998,Current feasibility,0.0,,0.0,0.0,0.0,0.0,0.0,moderate,0.0,,0.0,0.0,0.0,,,,0.0,,0.0,0.0,,40009,[],,,0.0,0.0,3.0,0.0,regular,0.0,,10000.0,0.0,2.0,1.0,48.0,0.0,0.0,0.0,0.0
,,greedy_local_search,3156.668444536349,2,exp3:regular:f4.0:v2.0:r010,0.0,3.0,0.0,,,hardening:regular:r010,3,,,0.0,4.0,catalog/geography,,,0.0,10000.0,Catalog + geography,0.0,,0.0,0.0,0.0,0.0,0.0,moderate,0.0,,0.0,0.0,0.0,,,,0.0,,0.0,0.0,,40010,[],,,0.0,0.0,3.0,0.0,regular,0.0,,10000.0,0.0,2.0,1.0,48.0,0.0,0.0,0.0,0.0
,,greedy_local_search,3156.668444536349,2,exp3:regular:f4.0:v2.0:r010,0.0,3.0,0.0,,,hardening:regular:r010,3,,,0.0,4.0,truthful resolved feasibility,,,0.0,10000.0,Current feasibility,0.0,,0.0,0.0,0.0,0.0,0.0,moderate,0.0,,0.0,0.0,0.0,,,,0.0,,0.0,0.0,,40010,[],,,0.0,0.0,3.0,0.0,regular,0.0,,10000.0,0.0,2.0,1.0,48.0,0.0,0.0,0.0,0.0
,,greedy_local_search,3160.557603079724,2,exp3:regular:f4.0:v2.0:r011,0.0,3.0,0.0,,,hardening:regular:r011,3,,,0.0,4.0,catalog/geography,,,0.0,10000.000000000002,Catalog + geography,0.0,,0.0,0.0,0.0,0.0,0.0,moderate,0.0,,0.0,0.0,0.0,,,,0.0,,0.0,0.0,,40011,[],,,0.0,0.0,3.0,0.0,regular,0.0,,10000.0,0.0,2.0,1.0,48.0,0.0,0.0,0.0,0.0
,,greedy_local_search,3160.557603079724,2,exp3:regular:f4.0:v2.0:r011,0.0,3.0,0.0,,,hardening:regular:r011,3,,,0.0,4.0,truthful resolved feasibility,,,0.0,10000.000000000002,Current feasibility,0.0,,0.0,0.0,0.0,0.0,0.0,moderate,0.0,,0.0,0.0,0.0,,,,0.0,,0.0,0.0,,40011,[],,,0.0,0.0,3.0,0.0,regular,0.0,,10000.0,0.0,2.0,1.0,48.0,0.0,0.0,0.0,0.0
,,greedy_local_search,3192.099663508026,2,exp3:regular:f4.0:v2.0:r012,0.0,3.0,0.0,,,hardening:regular:r012,3,,,0.0,4.0,catalog/geography,,,0.0,9999.999999999998,Catalog + geography,0.0,,0.0,0.0,0.0,0.0,0.0,moderate,0.0,,0.0,0.0,0.0,,,,0.0,,0.0,0.0,,40012,[],,,0.0,0.0,3.0,0.0,regular,0.0,,10000.0,0.0,2.0,1.0,48.0,0.0,0.0,0.0,0.0
,,greedy_local_search,3192.099663508026,2,exp3:regular:f4.0:v2.0:r012,0.0,3.0,0.0,,,hardening:regular:r012,3,,,0.0,4.0,truthful resolved feasibility,,,0.0,9999.999999999998,Current feasibility,0.0,,0.0,0.0,0.0,0.0,0.0,moderate,0.0,,0.0,0.0,0.0,,,,0.0,,0.0,0.0,,40012,[],,,0.0,0.0,3.0,0.0,regular,0.0,,10000.0,0.0,2.0,1.0,48.0,0.0,0.0,0.0,0.0
,,greedy_local_search,3184.1865156025765,2,exp3:regular:f4.0:v2.0:r013,0.0,3.0,0.0,,,hardening:regular:r013,3,,,0.0,4.0,catalog/geography,,,0.0,9999.999999999998,Catalog + geography,0.0,,0.0,0.0,0.0,0.0,0.0,moderate,0.0,,0.0,0.0,0.0,,,,0.0,,0.0,0.0,,40013,[],,,0.0,0.0,3.0,0.0,regular,0.0,,10000.0,0.0,2.0,1.0,48.0,0.0,0.0,0.0,0.0
,,greedy_local_search,3184.1865156025765,2,exp3:regular:f4.0:v2.0:r013,0.0,3.0,0.0,,,hardening:regular:r013,3,,,0.0,4.0,truthful resolved feasibility,,,0.0,9999.999999999998,Current feasibility,0.0,,0.0,0.0,0.0,0.0,0.0,moderate,0.0,,0.0,0.0,0.0,,,,0.0,,0.0,0.0,,40013,[],,,0.0,0.0,3.0,0.0,regular,0.0,,10000.0,0.0,2.0,1.0,48.0,0.0,0.0,0.0,0.0
,,greedy_local_search,3149.994846744082,2,exp3:regular:f4.0:v2.0:r014,0.0,3.0,0.0,,,hardening:regular:r014,3,,,0.0,4.0,catalog/geography,,,0.0,10000.0,Catalog + geography,0.0,,0.0,0.0,0.0,0.0,0.0,moderate,0.0,,0.0,0.0,0.0,,,,0.0,,0.0,0.0,,40014,[],,,0.0,0.0,3.0,0.0,regular,0.0,,10000.0,0.0,2.0,1.0,48.0,0.0,0.0,0.0,0.0
,,greedy_local_search,3149.994846744082,2,exp3:regular:f4.0:v2.0:r014,0.0,3.0,0.0,,,hardening:regular:r014,3,,,0.0,4.0,truthful resolved feasibility,,,0.0,10000.0,Current feasibility,0.0,,0.0,0.0,0.0,0.0,0.0,moderate,0.0,,0.0,0.0,0.0,,,,0.0,,0.0,0.0,,40014,[],,,0.0,0.0,3.0,0.0,regular,0.0,,10000.0,0.0,2.0,1.0,48.0,0.0,0.0,0.0,0.0
,,greedy_local_search,3157.5449359068625,2,exp3:regular:f4.0:v2.0:r015,0.0,3.0,0.0,,,hardening:regular:r015,3,,,0.0,4.0,catalog/geography,,,0.0,9999.999999999998,Catalog + geography,0.0,,0.0,0.0,0.0,0.0,0.0,moderate,0.0,,0.0,0.0,0.0,,,,0.0,,0.0,0.0,,40015,[],,,0.0,0.0,3.0,0.0,regular,0.0,,10000.0,0.0,2.0,1.0,48.0,0.0,0.0,0.0,0.0
,,greedy_local_search,3157.5449359068625,2,exp3:regular:f4.0:v2.0:r015,0.0,3.0,0.0,,,hardening:regular:r015,3,,,0.0,4.0,truthful resolved feasibility,,,0.0,9999.999999999998,Current feasibility,0.0,,0.0,0.0,0.0,0.0,0.0,moderate,0.0,,0.0,0.0,0.0,,,,0.0,,0.0,0.0,,40015,[],,,0.0,0.0,3.0,0.0,regular,0.0,,10000.0,0.0,2.0,1.0,48.0,0.0,0.0,0.0,0.0
,,greedy_local_search,3157.122265676465,2,exp3:regular:f4.0:v2.0:r016,0.0,3.0,0.0,,,hardening:regular:r016,3,,,0.0,4.0,catalog/geography,,,0.0,10000.000000000002,Catalog + geography,0.0,,0.0,0.0,0.0,0.0,0.0,moderate,0.0,,0.0,0.0,0.0,,,,0.0,,0.0,0.0,,40016,[],,,0.0,0.0,3.0,0.0,regular,0.0,,10000.0,0.0,2.0,1.0,48.0,0.0,0.0,0.0,0.0
,,greedy_local_search,3157.122265676465,2,exp3:regular:f4.0:v2.0:r016,0.0,3.0,0.0,,,hardening:regular:r016,3,,,0.0,4.0,truthful resolved feasibility,,,0.0,10000.000000000002,Current feasibility,0.0,,0.0,0.0,0.0,0.0,0.0,moderate,0.0,,0.0,0.0,0.0,,,,0.0,,0.0,0.0,,40016,[],,,0.0,0.0,3.0,0.0,regular,0.0,,10000.0,0.0,2.0,1.0,48.0,0.0,0.0,0.0,0.0
,,greedy_local_search,3219.934328513683,2,exp3:regular:f4.0:v2.0:r017,0.0,3.0,0.0,,,hardening:regular:r017,3,,,0.0,4.0,catalog/geography,,,0.0,10000.000000000002,Catalog + geography,0.0,,0.0,0.0,0.0,0.0,0.0,moderate,0.0,,0.0,0.0,0.0,,,,0.0,,0.0,0.0,,40017,[],,,0.0,0.0,3.0,0.0,regular,0.0,,10000.0,0.0,2.0,1.0,48.0,0.0,0.0,0.0,0.0
,,greedy_local_search,3219.934328513683,2,exp3:regular:f4.0:v2.0:r017,0.0,3.0,0.0,,,hardening:regular:r017,3,,,0.0,4.0,truthful resolved feasibility,,,0.0,10000.000000000002,Current feasibility,0.0,,0.0,0.0,0.0,0.0,0.0,moderate,0.0,,0.0,0.0,0.0,,,,0.0,,0.0,0.0,,40017,[],,,0.0,0.0,3.0,0.0,regular,0.0,,10000.0,0.0,2.0,1.0,48.0,0.0,0.0,0.0,0.0
,,greedy_local_search,3175.553828239308,2,exp3:regular:f4.0:v2.0:r018,0.0,3.0,0.0,,,hardening:regular:r018,3,,,0.0,4.0,catalog/geography,,,0.0,9999.999999999996,Catalog + geography,0.0,,0.0,0.0,0.0,0.0,0.0,moderate,0.0,,0.0,0.0,0.0,,,,0.0,,0.0,0.0,,40018,[],,,0.0,0.0,3.0,0.0,regular,0.0,,10000.0,0.0,2.0,1.0,48.0,0.0,0.0,0.0,0.0
,,greedy_local_search,3175.553828239308,2,exp3:regular:f4.0:v2.0:r018,0.0,3.0,0.0,,,hardening:regular:r018,3,,,0.0,4.0,truthful resolved feasibility,,,0.0,9999.999999999996,Current feasibility,0.0,,0.0,0.0,0.0,0.0,0.0,moderate,0.0,,0.0,0.0,0.0,,,,0.0,,0.0,0.0,,40018,[],,,0.0,0.0,3.0,0.0,regular,0.0,,10000.0,0.0,2.0,1.0,48.0,0.0,0.0,0.0,0.0
,,greedy_local_search,3116.235950464716,2,exp3:regular:f4.0:v2.0:r019,0.0,3.0,0.0,,,hardening:regular:r019,3,,,0.0,4.0,catalog/geography,,,0.0,10000.000000000002,Catalog + geography,0.0,,0.0,0.0,0.0,0.0,0.0,moderate,0.0,,0.0,0.0,0.0,,,,0.0,,0.0,0.0,,40019,[],,,0.0,0.0,3.0,0.0,regular,0.0,,10000.0,0.0,2.0,1.0,48.0,0.0,0.0,0.0,0.0
,,greedy_local_search,3116.235950464716,2,exp3:regular:f4.0:v2.0:r019,0.0,3.0,0.0,,,hardening:regular:r019,3,,,0.0,4.0,truthful resolved feasibility,,,0.0,10000.000000000002,Current feasibility,0.0,,0.0,0.0,0.0,0.0,0.0,moderate,0.0,,0.0,0.0,0.0,,,,0.0,,0.0,0.0,,40019,[],,,0.0,0.0,3.0,0.0,regular,0.0,,10000.0,0.0,2.0,1.0,48.0,0.0,0.0,0.0,0.0
