added_fixed_cost,added_sites,algorithm,budget,budget_index,case_id,central_sites,compute_ratio,compute_used,correction_cost,detection_fraction,environment_id,experiment,final_coverage,final_sites,fixed_cost,fixed_cost_multiplier,information,initial_coverage,initial_sites,local_sites,max_revenue,method,multi_operator_sites,nonrefundable_initial_commitment,operator_0_coverage,operator_1_coverage,operator_2_coverage,planning_error,planning_profit,profile,profit,profit_difference,qualifying_coverage,qualifying_demand,realized_profit,reference_coverage,reference_profit,refund_fraction,regional_sites,removed_sites,revenue,revenue_normalized_profit,revenue_normalized_profit_difference,seed,selected_sites,selected_sites_final,selected_sites_initial,sites,stranded_expenditure,throughput_ratio,throughput_used,topology,total_expenditure,unrecovered_expenditure,unserved_demand,variable_cost,variable_cost_multiplier,no_deployment,individually_affordable_sites,selected_compute_capacity,selected_interface_capacity,compute_utilization,interface_utilization
293.97881591749103,1.0,,3178.14460467704,2,exp5:asymmetric:r000,,3.0,,586.8195517726292,0.0,hardening:asymmetric:r000,5,0.4368533779682227,8.0,2468.2695767807304,1.0,,0.3448518104237768,7.0,,9999.999999999996,Catalog then correct,,2174.2907608632395,,,,,,moderate,1301.4818058957217,2852.0365193982498,0.4368533779682227,,,0.7331662929971011,4153.518325293971,0.0,,0.0,4368.533779682228,0.1301481805895722,0.285203651939825,40000,,"[""L034"", ""R002"", ""R003"", ""R004"", ""R005"", ""R007"", ""R008"", ""C000""]","[""L034"", ""R003"", ""R004"", ""R005"", ""R007"", ""R008"", ""C000""]",,,3.0,,asymmetric,3067.051973786506,292.84073585513823,,598.7823970057758,1.0,,,,,,
821.047266340277,2.0,,3178.14460467704,2,exp5:asymmetric:r000,,3.0,,1399.6543425769005,0.0,hardening:asymmetric:r000,5,0.5948915369713652,6.0,2416.730950966893,1.0,,0.3448518104237768,7.0,,9999.999999999996,Catalog then correct,,1087.1453804316195,,,,,,moderate,2793.67549770018,1359.8428275937913,0.5948915369713652,,,0.7331662929971011,4153.518325293971,0.5,,3.0,5948.915369713652,0.2793675497700181,0.1359842827593791,40000,,"[""L034"", ""R002"", ""R003"", ""R004"", ""R007"", ""C001""]","[""L034"", ""R003"", ""R004"", ""R005"", ""R007"", ""R008"", ""C000""]",,,3.0,,asymmetric,3155.2398720134715,578.6070762366236,,738.5089210465784,1.0,,,,,,
1397.3549172301432,4.0,,3178.14460467704,2,exp5:asymmetric:r000,,3.0,,1397.3549172301432,0.0,hardening:asymmetric:r000,5,0.7331662929971011,7.0,2271.046118195515,1.0,,0.3448518104237768,7.0,,9999.999999999996,Catalog then correct,,0.0,,,,,,moderate,4153.518325293971,0.0,0.7331662929971011,,,0.7331662929971011,4153.518325293971,1.0,,4.0,7331.662929971011,0.4153518325293973,0.0,40000,,"[""R000"", ""R001"", ""R002"", ""R003"", ""R004"", ""R007"", ""C001""]","[""L034"", ""R003"", ""R004"", ""R005"", ""R007"", ""R008"", ""C000""]",,,3.0,,asymmetric,3178.14460467704,0.0,,907.0984864815246,1.0,,,,,,
293.97881591749103,1.0,,3178.14460467704,2,exp5:asymmetric:r000,,3.0,,586.8195517726292,0.01,hardening:asymmetric:r000,5,0.4368533779682227,8.0,2468.2695767807304,1.0,,0.3448518104237768,7.0,,9999.999999999996,Catalog then correct,,2174.2907608632395,,,,,,moderate,1293.5772327377026,2859.941092556269,0.4359333622927783,,,0.7331662929971011,4153.518325293971,0.0,,0.0,4359.333622927784,0.1293577232737703,0.2859941092556269,40000,,"[""L034"", ""R002"", ""R003"", ""R004"", ""R005"", ""R007"", ""R008"", ""C000""]","[""L034"", ""R003"", ""R004"", ""R005"", ""R007"", ""R008"", ""C000""]",,,3.0,,asymmetric,3065.756390190081,292.84073585513823,,597.4868134093507,1.0,,,,,,
821.047266340277,2.0,,3178.14460467704,2,exp5:asymmetric:r000,,3.0,,1399.6543425769005,0.01,hardening:asymmetric:r000,5,0.5948915369713652,6.0,2416.730950966893,1.0,,0.3448518104237768,7.0,,9999.999999999996,Catalog then correct,,1087.1453804316195,,,,,,moderate,2771.3643738822543,1382.1539514117171,0.5923911397058893,,,0.7331662929971011,4153.518325293971,0.5,,3.0,5923.911397058892,0.2771364373882255,0.1382153951411717,40000,,"[""L034"", ""R002"", ""R003"", ""R004"", ""R007"", ""C001""]","[""L034"", ""R003"", ""R004"", ""R005"", ""R007"", ""R008"", ""C000""]",,,3.0,,asymmetric,3152.547023176638,578.6070762366236,,735.8160722097451,1.0,,,,,,
1397.3549172301432,4.0,,3178.14460467704,2,exp5:asymmetric:r000,,3.0,,1397.3549172301432,0.01,hardening:asymmetric:r000,5,0.735113916407169,7.0,2271.046118195515,1.0,,0.3448518104237768,7.0,,9999.999999999996,Catalog then correct,,0.0,,,,,,moderate,4135.011035733153,18.507289560818208,0.7312112953473351,,,0.7331662929971011,4153.518325293971,1.0,,4.0,7312.11295347335,0.4135011035733155,0.0018507289560818,40000,,"[""R000"", ""R001"", ""R002"", ""R003"", ""R004"", ""R007"", ""C001""]","[""L034"", ""R003"", ""R004"", ""R005"", ""R007"", ""R008"", ""C000""]",,,3.0,,asymmetric,3177.1019177401968,0.0,,906.0557995446816,1.0,,,,,,
293.97881591749103,1.0,,3178.14460467704,2,exp5:asymmetric:r000,,3.0,,586.8195517726292,0.1,hardening:asymmetric:r000,5,0.4368533779682227,8.0,2468.2695767807304,1.0,,0.3448518104237768,7.0,,9999.999999999996,Catalog then correct,,2174.2907608632395,,,,,,moderate,1222.4360743155266,2931.082250978445,0.4276532212137782,,,0.7331662929971011,4153.518325293971,0.0,,0.0,4276.532212137782,0.1222436074315527,0.2931082250978445,40000,,"[""L034"", ""R002"", ""R003"", ""R004"", ""R005"", ""R007"", ""R008"", ""C000""]","[""L034"", ""R003"", ""R004"", ""R005"", ""R007"", ""R008"", ""C000""]",,,3.0,,asymmetric,3054.0961378222555,292.84073585513823,,585.826561041525,1.0,,,,,,
821.047266340277,2.0,,3178.14460467704,2,exp5:asymmetric:r000,,3.0,,1399.6543425769005,0.1,hardening:asymmetric:r000,5,0.5948915369713652,6.0,2416.730950966893,1.0,,0.3448518104237768,7.0,,9999.999999999996,Catalog then correct,,1087.1453804316195,,,,,,moderate,2570.564259520923,1582.9540657730486,0.5698875643166064,,,0.7331662929971011,4153.518325293971,0.5,,3.0,5698.875643166063,0.2570564259520924,0.1582954065773049,40000,,"[""L034"", ""R002"", ""R003"", ""R004"", ""R007"", ""C001""]","[""L034"", ""R003"", ""R004"", ""R005"", ""R007"", ""R008"", ""C000""]",,,3.0,,asymmetric,3128.3113836451403,578.6070762366236,,711.5804326782472,1.0,,,,,,
1397.3549172301432,4.0,,3178.14460467704,2,exp5:asymmetric:r000,,3.0,,1397.3549172301432,0.1,hardening:asymmetric:r000,5,0.735113916407169,7.0,2271.046118195515,1.0,,0.3448518104237768,7.0,,9999.999999999996,Catalog then correct,,0.0,,,,,,moderate,3823.487118728229,330.03120656574265,0.6960877058088298,,,0.7331662929971011,4153.518325293971,1.0,,4.0,6960.877058088297,0.382348711872823,0.0330031206565742,40000,,"[""R000"", ""R001"", ""R002"", ""R003"", ""R004"", ""R007"", ""C001""]","[""L034"", ""R003"", ""R004"", ""R005"", ""R007"", ""R008"", ""C000""]",,,3.0,,asymmetric,3137.3899393600686,0.0,,866.3438211645533,1.0,,,,,,
293.97881591749103,1.0,,3178.14460467704,2,exp5:asymmetric:r000,,3.0,,586.8195517726292,0.25,hardening:asymmetric:r000,5,0.4368533779682227,8.0,2468.2695767807304,1.0,,0.3448518104237768,7.0,,9999.999999999996,Catalog then correct,,2174.2907608632395,,,,,,moderate,1103.8674769452332,3049.6508483487382,0.4138529860821113,,,0.7331662929971011,4153.518325293971,0.0,,0.0,4138.529860821112,0.1103867476945233,0.3049650848348739,40000,,"[""L034"", ""R002"", ""R003"", ""R004"", ""R005"", ""R007"", ""R008"", ""C000""]","[""L034"", ""R003"", ""R004"", ""R005"", ""R007"", ""R008"", ""C000""]",,,3.0,,asymmetric,3034.662383875879,292.84073585513823,,566.3928070951487,1.0,,,,,,
821.047266340277,2.0,,3178.14460467704,2,exp5:asymmetric:r000,,3.0,,1324.9266783616415,0.25,hardening:asymmetric:r000,5,0.6129131591992291,6.0,2491.458615182152,1.0,,0.3448518104237768,7.0,,9999.999999999996,Catalog then correct,,1087.1453804316195,,,,,,moderate,2283.294518004408,1870.223807289564,0.545897822005366,,,0.7331662929971011,4153.518325293971,0.5,,3.0,5458.978220053659,0.2283294518004408,0.1870223807289564,40000,,"[""R002"", ""R003"", ""R004"", ""R005"", ""R007"", ""C001""]","[""L034"", ""R003"", ""R004"", ""R005"", ""R007"", ""R008"", ""C000""]",,,3.0,,asymmetric,3175.683702049252,503.8794120213646,,684.2250868671,1.0,,,,,,
1722.4022049825949,6.0,,3178.14460467704,2,exp5:asymmetric:r000,,3.0,,1722.4022049825949,0.25,hardening:asymmetric:r000,5,0.7496982893293218,8.0,2317.969254143241,1.0,,0.3448518104237768,7.0,,9999.999999999996,Catalog then correct,,0.0,,,,,,moderate,3308.716478742969,844.8018465510027,0.6484866696029356,,,0.7331662929971011,4153.518325293971,1.0,,5.0,6484.866696029356,0.330871647874297,0.0844801846551003,40000,,"[""L014"", ""L032"", ""R000"", ""R001"", ""R002"", ""R003"", ""R007"", ""C001""]","[""L034"", ""R003"", ""R004"", ""R005"", ""R007"", ""R008"", ""C000""]",,,3.0,,asymmetric,3176.150217286387,0.0,,858.1809631431462,1.0,,,,,,
0.0,0.0,,3160.754947153236,2,exp5:asymmetric:r001,,3.0,,0.0,0.0,hardening:asymmetric:r001,5,0.6625696646319188,7.0,2143.416965055161,1.0,,0.6625696646319188,7.0,,10000.0,Catalog then correct,,2143.416965055161,,,,,,moderate,3556.955365159716,308.0423348617783,0.6625696646319188,,,0.702575264717473,3864.997700021494,0.0,,0.0,6625.696646319188,0.3556955365159716,0.0308042334861778,40001,,"[""L011"", ""R000"", ""R001"", ""R002"", ""R004"", ""R007"", ""C001""]","[""L011"", ""R000"", ""R001"", ""R002"", ""R004"", ""R007"", ""C001""]",,,3.0,,asymmetric,3068.741281159472,0.0,,925.3243161043106,1.0,,,,,,
0.0,0.0,,3160.754947153236,2,exp5:asymmetric:r001,,3.0,,0.0,0.0,hardening:asymmetric:r001,5,0.6625696646319188,7.0,2143.416965055161,1.0,,0.6625696646319188,7.0,,10000.0,Catalog then correct,,1071.7084825275806,,,,,,moderate,3556.955365159716,308.0423348617783,0.6625696646319188,,,0.702575264717473,3864.997700021494,0.5,,0.0,6625.696646319188,0.3556955365159716,0.0308042334861778,40001,,"[""L011"", ""R000"", ""R001"", ""R002"", ""R004"", ""R007"", ""C001""]","[""L011"", ""R000"", ""R001"", ""R002"", ""R004"", ""R007"", ""C001""]",,,3.0,,asymmetric,3068.741281159472,0.0,,925.3243161043106,1.0,,,,,,
344.33555161987687,1.0,,3160.754947153236,2,exp5:asymmetric:r001,,3.0,,344.33555161987687,0.0,hardening:asymmetric:r001,5,0.702575264717473,7.0,2165.52113239564,1.0,,0.6625696646319188,7.0,,10000.0,Catalog then correct,,0.0,,,,,,moderate,3864.997700021494,0.0,0.702575264717473,,,0.702575264717473,3864.997700021494,1.0,,1.0,7025.75264717473,0.3864997700021494,0.0,40001,,"[""L011"", ""R000"", ""R001"", ""R002"", ""R004"", ""R005"", ""C001""]","[""L011"", ""R000"", ""R001"", ""R002"", ""R004"", ""R007"", ""C001""]",,,3.0,,asymmetric,3160.754947153236,0.0,,995.2338147575958,1.0,,,,,,
0.0,0.0,,3160.754947153236,2,exp5:asymmetric:r001,,3.0,,0.0,0.01,hardening:asymmetric:r001,5,0.6625696646319188,7.0,2143.416965055161,1.0,,0.6625696646319188,7.0,,10000.0,Catalog then correct,,2143.416965055161,,,,,,moderate,3556.9553651597166,308.04233486177736,0.6625696646319188,,,0.702575264717473,3864.997700021494,0.0,,0.0,6625.696646319188,0.3556955365159717,0.0308042334861777,40001,,"[""L011"", ""R000"", ""R001"", ""R002"", ""R004"", ""R007"", ""C001""]","[""L011"", ""R000"", ""R001"", ""R002"", ""R004"", ""R007"", ""C001""]",,,3.0,,asymmetric,3068.741281159472,0.0,,925.3243161043106,1.0,,,,,,
0.0,0.0,,3160.754947153236,2,exp5:asymmetric:r001,,3.0,,0.0,0.01,hardening:asymmetric:r001,5,0.6625696646319188,7.0,2143.416965055161,1.0,,0.6625696646319188,7.0,,10000.0,Catalog then correct,,1071.7084825275806,,,,,,moderate,3556.9553651597166,308.04233486177736,0.6625696646319188,,,0.702575264717473,3864.997700021494,0.5,,0.0,6625.696646319188,0.3556955365159717,0.0308042334861777,40001,,"[""L011"", ""R000"", ""R001"", ""R002"", ""R004"", ""R007"", ""C001""]","[""L011"", ""R000"", ""R001"", ""R002"", ""R004"", ""R007"", ""C001""]",,,3.0,,asymmetric,3068.741281159472,0.0,,925.3243161043106,1.0,,,,,,
344.33555161987687,1.0,,3160.754947153236,2,exp5:asymmetric:r001,,3.0,,344.33555161987687,0.01,hardening:asymmetric:r001,5,0.7029456636599358,7.0,2165.52113239564,1.0,,0.6625696646319188,7.0,,10000.0,Catalog then correct,,0.0,,,,,,moderate,3864.664089543321,0.3336104781728863,0.7025419036696556,,,0.702575264717473,3864.997700021494,1.0,,1.0,7025.419036696557,0.3864664089543321,3.336104781728864e-05,40001,,"[""L011"", ""R000"", ""R001"", ""R002"", ""R004"", ""R005"", ""C001""]","[""L011"", ""R000"", ""R001"", ""R002"", ""R004"", ""R007"", ""C001""]",,,3.0,,asymmetric,3160.754947153236,0.0,,995.2338147575956,1.0,,,,,,
0.0,0.0,,3160.754947153236,2,exp5:asymmetric:r001,,3.0,,0.0,0.1,hardening:asymmetric:r001,5,0.6625696646319188,7.0,2143.416965055161,1.0,,0.6625696646319188,7.0,,10000.0,Catalog then correct,,2143.416965055161,,,,,,moderate,3556.955365159717,308.04233486177645,0.6625696646319188,,,0.702575264717473,3864.997700021494,0.0,,0.0,6625.696646319189,0.3556955365159717,0.0308042334861776,40001,,"[""L011"", ""R000"", ""R001"", ""R002"", ""R004"", ""R007"", ""C001""]","[""L011"", ""R000"", ""R001"", ""R002"", ""R004"", ""R007"", ""C001""]",,,3.0,,asymmetric,3068.741281159472,0.0,,925.3243161043108,1.0,,,,,,
0.0,0.0,,3160.754947153236,2,exp5:asymmetric:r001,,3.0,,0.0,0.1,hardening:asymmetric:r001,5,0.6625696646319188,7.0,2143.416965055161,1.0,,0.6625696646319188,7.0,,10000.0,Catalog then correct,,1071.7084825275806,,,,,,moderate,3556.955365159717,308.04233486177645,0.6625696646319188,,,0.702575264717473,3864.997700021494,0.5,,0.0,6625.696646319189,0.3556955365159717,0.0308042334861776,40001,,"[""L011"", ""R000"", ""R001"", ""R002"", ""R004"", ""R007"", ""C001""]","[""L011"", ""R000"", ""R001"", ""R002"", ""R004"", ""R007"", ""C001""]",,,3.0,,asymmetric,3068.741281159472,0.0,,925.3243161043108,1.0,,,,,,
344.33555161987687,1.0,,3160.754947153236,2,exp5:asymmetric:r001,,3.0,,344.33555161987687,0.1,hardening:asymmetric:r001,5,0.7064649419749458,7.0,2165.52113239564,1.0,,0.6625696646319188,7.0,,10000.0,Catalog then correct,,0.0,,,,,,moderate,3859.999195253196,4.998504768298517,0.7020754142406431,,,0.702575264717473,3864.997700021494,1.0,,1.0,7020.754142406431,0.3859999195253195,0.0004998504768298,40001,,"[""L011"", ""R000"", ""R001"", ""R002"", ""R004"", ""R005"", ""C001""]","[""L011"", ""R000"", ""R001"", ""R002"", ""R004"", ""R007"", ""C001""]",,,3.0,,asymmetric,3160.754947153236,0.0,,995.2338147575956,1.0,,,,,,
0.0,0.0,,3160.754947153236,2,exp5:asymmetric:r001,,3.0,,0.0,0.25,hardening:asymmetric:r001,5,0.6625696646319188,7.0,2143.416965055161,1.0,,0.6625696646319188,7.0,,10000.0,Catalog then correct,,2143.416965055161,,,,,,moderate,3556.955365159716,308.0423348617783,0.6625696646319188,,,0.702575264717473,3864.997700021494,0.0,,0.0,6625.696646319188,0.3556955365159716,0.0308042334861778,40001,,"[""L011"", ""R000"", ""R001"", ""R002"", ""R004"", ""R007"", ""C001""]","[""L011"", ""R000"", ""R001"", ""R002"", ""R004"", ""R007"", ""C001""]",,,3.0,,asymmetric,3068.741281159472,0.0,,925.3243161043108,1.0,,,,,,
0.0,0.0,,3160.754947153236,2,exp5:asymmetric:r001,,3.0,,0.0,0.25,hardening:asymmetric:r001,5,0.6625696646319188,7.0,2143.416965055161,1.0,,0.6625696646319188,7.0,,10000.0,Catalog then correct,,1071.7084825275806,,,,,,moderate,3556.955365159716,308.0423348617783,0.6625696646319188,,,0.702575264717473,3864.997700021494,0.5,,0.0,6625.696646319188,0.3556955365159716,0.0308042334861778,40001,,"[""L011"", ""R000"", ""R001"", ""R002"", ""R004"", ""R007"", ""C001""]","[""L011"", ""R000"", ""R001"", ""R002"", ""R004"", ""R007"", ""C001""]",,,3.0,,asymmetric,3068.741281159472,0.0,,925.3243161043108,1.0,,,,,,
619.846152849979,3.0,,3160.754947153236,2,exp5:asymmetric:r001,,3.0,,619.846152849979,0.25,hardening:asymmetric:r001,5,0.7034520024010491,8.0,2152.235349075006,1.0,,0.6625696646319188,7.0,,10000.0,Catalog then correct,,0.0,,,,,,moderate,3771.559232434429,93.43846758706468,0.6932314179587665,,,0.702575264717473,3864.997700021494,1.0,,2.0,6932.314179587665,0.3771559232434429,0.0093438467587064,40001,,"[""L011"", ""L021"", ""L033"", ""R000"", ""R001"", ""R004"", ""R005"", ""C001""]","[""L011"", ""R000"", ""R001"", ""R002"", ""R004"", ""R007"", ""C001""]",,,3.0,,asymmetric,3160.754947153236,0.0,,1008.51959807823,1.0,,,,,,
141.89743560352304,1.0,,3133.056593146416,2,exp5:asymmetric:r002,,3.0,,279.5368304833325,0.0,hardening:asymmetric:r002,5,0.6148730466965794,7.0,2311.369604546655,1.0,,0.5704094654747414,7.0,,10000.000000000002,Catalog then correct,,2169.472168943132,,,,,,moderate,3044.291825019644,594.2306464133176,0.6148730466965794,,,0.6712361919655517,3638.5224714329615,0.0,,1.0,6148.730466965794,0.3044291825019643,0.0594230646413317,40002,,"[""L020"", ""R000"", ""R003"", ""R006"", ""R007"", ""R008"", ""C001""]","[""L019"", ""R000"", ""R003"", ""R006"", ""R007"", ""R008"", ""C001""]",,,3.0,,asymmetric,3104.4386419461503,137.6393948798095,,793.0690373994953,1.0,,,,,,
141.89743560352304,1.0,,3133.056593146416,2,exp5:asymmetric:r002,,3.0,,210.7171330434278,0.0,hardening:asymmetric:r002,5,0.6148730466965794,7.0,2242.5499071067497,1.0,,0.5704094654747414,7.0,,10000.000000000002,Catalog then correct,,1084.7360844715658,,,,,,moderate,3113.111522459549,525.4109489734124,0.6148730466965794,,,0.6712361919655517,3638.5224714329615,0.5,,1.0,6148.730466965794,0.3113111522459548,0.0525410948973412,40002,,"[""L020"", ""R000"", ""R003"", ""R006"", ""R007"", ""R008"", ""C001""]","[""L019"", ""R000"", ""R003"", ""R006"", ""R007"", ""R008"", ""C001""]",,,3.0,,asymmetric,3035.618944506245,68.81969743990474,,793.0690373994954,1.0,,,,,,
1201.0981295046709,6.0,,3133.056593146416,2,exp5:asymmetric:r002,,3.0,,1201.0981295046709,0.0,hardening:asymmetric:r002,5,0.6712361919655517,9.0,2061.8694942355783,1.0,,0.5704094654747414,7.0,,10000.000000000002,Catalog then correct,,0.0,,,,,,moderate,3638.5224714329615,0.0,0.6712361919655517,,,0.6712361919655517,3638.5224714329615,1.0,,4.0,6712.361919655518,0.3638522471432961,0.0,40002,,"[""L015"", ""L020"", ""L027"", ""L032"", ""R000"", ""R003"", ""R004"", ""R005"", ""R007""]","[""L019"", ""R000"", ""R003"", ""R006"", ""R007"", ""R008"", ""C001""]",,,3.0,,asymmetric,3073.8394482225567,0.0,,1011.9699539869786,1.0,,,,,,
141.89743560352304,1.0,,3133.056593146416,2,exp5:asymmetric:r002,,3.0,,279.5368304833325,0.01,hardening:asymmetric:r002,5,0.6148730466965794,7.0,2311.369604546655,1.0,,0.5704094654747414,7.0,,10000.000000000002,Catalog then correct,,2169.472168943132,,,,,,moderate,3040.689328638412,597.83314279455,0.614428410884361,,,0.6712361919655517,3638.5224714329615,0.0,,1.0,6144.284108843611,0.3040689328638411,0.0597833142794549,40002,,"[""L020"", ""R000"", ""R003"", ""R006"", ""R007"", ""R008"", ""C001""]","[""L019"", ""R000"", ""R003"", ""R006"", ""R007"", ""R008"", ""C001""]",,,3.0,,asymmetric,3103.594780205199,137.6393948798095,,792.2251756585442,1.0,,,,,,
141.89743560352304,1.0,,3133.056593146416,2,exp5:asymmetric:r002,,3.0,,210.7171330434278,0.01,hardening:asymmetric:r002,5,0.6148730466965794,7.0,2242.5499071067497,1.0,,0.5704094654747414,7.0,,10000.000000000002,Catalog then correct,,1084.7360844715658,,,,,,moderate,3109.5090260783168,529.0134453546448,0.614428410884361,,,0.6712361919655517,3638.5224714329615,0.5,,1.0,6144.284108843611,0.3109509026078316,0.0529013445354644,40002,,"[""L020"", ""R000"", ""R003"", ""R006"", ""R007"", ""R008"", ""C001""]","[""L019"", ""R000"", ""R003"", ""R006"", ""R007"", ""R008"", ""C001""]",,,3.0,,asymmetric,3034.775082765294,68.81969743990474,,792.2251756585442,1.0,,,,,,
1201.0981295046709,6.0,,3133.056593146416,2,exp5:asymmetric:r002,,3.0,,1201.0981295046709,0.01,hardening:asymmetric:r002,5,0.6712361919655517,9.0,2061.8694942355783,1.0,,0.5704094654747414,7.0,,10000.000000000002,Catalog then correct,,0.0,,,,,,moderate,3631.4726696907055,7.049801742256022,0.6702279247006436,,,0.6712361919655517,3638.5224714329615,1.0,,4.0,6702.279247006437,0.3631472669690704,0.0007049801742256,40002,,"[""L015"", ""L020"", ""L027"", ""L032"", ""R000"", ""R003"", ""R004"", ""R005"", ""R007""]","[""L019"", ""R000"", ""R003"", ""R006"", ""R007"", ""R008"", ""C001""]",,,3.0,,asymmetric,3070.8065773157314,0.0,,1008.9370830801528,1.0,,,,,,
141.89743560352304,1.0,,3133.056593146416,2,exp5:asymmetric:r002,,3.0,,279.5368304833325,0.1,hardening:asymmetric:r002,5,0.6148730466965793,7.0,2311.369604546655,1.0,,0.5704094654747414,7.0,,10000.000000000002,Catalog then correct,,2169.472168943132,,,,,,moderate,3008.266861207316,630.2556102256458,0.6104266885743955,,,0.6712361919655517,3638.5224714329615,0.0,,1.0,6104.266885743957,0.3008266861207315,0.0630255610225645,40002,,"[""L020"", ""R000"", ""R003"", ""R006"", ""R007"", ""R008"", ""C001""]","[""L019"", ""R000"", ""R003"", ""R006"", ""R007"", ""R008"", ""C001""]",,,3.0,,asymmetric,3096.000024536641,137.6393948798095,,784.6304199899857,1.0,,,,,,
141.89743560352304,1.0,,3133.056593146416,2,exp5:asymmetric:r002,,3.0,,210.7171330434278,0.1,hardening:asymmetric:r002,5,0.6148730466965793,7.0,2242.5499071067497,1.0,,0.5704094654747414,7.0,,10000.000000000002,Catalog then correct,,1084.7360844715658,,,,,,moderate,3077.086558647221,561.4359127857406,0.6104266885743955,,,0.6712361919655517,3638.5224714329615,0.5,,1.0,6104.266885743957,0.307708655864722,0.056143591278574,40002,,"[""L020"", ""R000"", ""R003"", ""R006"", ""R007"", ""R008"", ""C001""]","[""L019"", ""R000"", ""R003"", ""R006"", ""R007"", ""R008"", ""C001""]",,,3.0,,asymmetric,3027.180327096736,68.81969743990474,,784.6304199899857,1.0,,,,,,
1201.0981295046709,6.0,,3133.056593146416,2,exp5:asymmetric:r002,,3.0,,1201.0981295046709,0.1,hardening:asymmetric:r002,5,0.6712361919655517,9.0,2061.8694942355783,1.0,,0.5704094654747414,7.0,,10000.000000000002,Catalog then correct,,0.0,,,,,,moderate,3568.0244540104086,70.49801742255295,0.6611535193164707,,,0.6712361919655517,3638.5224714329615,1.0,,4.0,6611.535193164707,0.3568024454010408,0.0070498017422552,40002,,"[""L015"", ""L020"", ""L027"", ""L032"", ""R000"", ""R003"", ""R004"", ""R005"", ""R007""]","[""L019"", ""R000"", ""R003"", ""R006"", ""R007"", ""R008"", ""C001""]",,,3.0,,asymmetric,3043.510739154299,0.0,,981.6412449187206,1.0,,,,,,
141.89743560352304,1.0,,3133.056593146416,2,exp5:asymmetric:r002,,3.0,,279.5368304833325,0.25,hardening:asymmetric:r002,5,0.6148730466965794,7.0,2311.369604546655,1.0,,0.5704094654747414,7.0,,10000.000000000002,Catalog then correct,,2169.472168943132,,,,,,moderate,2954.229415488824,684.2930559441379,0.60375715139112,,,0.6712361919655517,3638.5224714329615,0.0,,1.0,6037.5715139112,0.2954229415488823,0.0684293055944137,40002,,"[""L020"", ""R000"", ""R003"", ""R006"", ""R007"", ""R008"", ""C001""]","[""L019"", ""R000"", ""R003"", ""R006"", ""R007"", ""R008"", ""C001""]",,,3.0,,asymmetric,3083.342098422376,137.6393948798095,,771.9724938757213,1.0,,,,,,
141.89743560352304,1.0,,3133.056593146416,2,exp5:asymmetric:r002,,3.0,,210.7171330434278,0.25,hardening:asymmetric:r002,5,0.6148730466965794,7.0,2242.5499071067497,1.0,,0.5704094654747414,7.0,,10000.000000000002,Catalog then correct,,1084.7360844715658,,,,,,moderate,3023.049112928729,615.4733585042327,0.60375715139112,,,0.6712361919655517,3638.5224714329615,0.5,,1.0,6037.5715139112,0.3023049112928728,0.0615473358504232,40002,,"[""L020"", ""R000"", ""R003"", ""R006"", ""R007"", ""R008"", ""C001""]","[""L019"", ""R000"", ""R003"", ""R006"", ""R007"", ""R008"", ""C001""]",,,3.0,,asymmetric,3014.522400982471,68.81969743990474,,771.9724938757213,1.0,,,,,,
1201.0981295046709,6.0,,3133.056593146416,2,exp5:asymmetric:r002,,3.0,,1201.0981295046709,0.25,hardening:asymmetric:r002,5,0.6712361919655517,9.0,2061.8694942355783,1.0,,0.5704094654747414,7.0,,10000.000000000002,Catalog then correct,,0.0,,,,,,moderate,3462.27742787658,176.24504355638146,0.6460295103428491,,,0.6712361919655517,3638.5224714329615,1.0,,4.0,6460.295103428492,0.3462277427876579,0.0176245043556381,40002,,"[""L015"", ""L020"", ""L027"", ""L032"", ""R000"", ""R003"", ""R004"", ""R005"", ""R007""]","[""L019"", ""R000"", ""R003"", ""R006"", ""R007"", ""R008"", ""C001""]",,,3.0,,asymmetric,2998.0176755519124,0.0,,936.148181316334,1.0,,,,,,
297.4456830580041,2.0,,3160.085619378712,2,exp5:asymmetric:r003,,3.0,,297.4456830580041,0.0,hardening:asymmetric:r003,5,0.5310501377656561,9.0,2385.894025859001,1.0,,0.4492933731287543,7.0,,10000.000000000002,Catalog then correct,,2088.4483428009967,,,,,,moderate,2153.950296105427,1503.7222581293154,0.5310501377656561,,,0.6817758173613454,3657.672554234742,0.0,,0.0,5310.501377656562,0.2153950296105426,0.1503722258129315,40003,,"[""L006"", ""L020"", ""L033"", ""R000"", ""R001"", ""R002"", ""R005"", ""R006"", ""C000""]","[""L006"", ""R000"", ""R001"", ""R002"", ""R005"", ""R006"", ""C000""]",,,3.0,,asymmetric,3156.551081551135,0.0,,770.657055692134,1.0,,,,,,
338.476775694407,1.0,,3160.085619378712,2,exp5:asymmetric:r003,,3.0,,495.82335243250577,0.0,hardening:asymmetric:r003,5,0.5480963810187237,7.0,2269.578541757305,1.0,,0.4492933731287543,7.0,,10000.000000000002,Catalog then correct,,1044.2241714004983,,,,,,moderate,2439.1560458165472,1218.516508418195,0.5480963810187237,,,0.6817758173613454,3657.672554234742,0.5,,1.0,5480.963810187238,0.2439156045816546,0.1218516508418194,40003,,"[""L006"", ""R000"", ""R001"", ""R003"", ""R005"", ""R006"", ""C000""]","[""L006"", ""R000"", ""R001"", ""R002"", ""R005"", ""R006"", ""C000""]",,,3.0,,asymmetric,3041.8077643706906,157.34657673809875,,772.2292226133856,1.0,,,,,,
1562.8277957292753,5.0,,3160.085619378712,2,exp5:asymmetric:r003,,3.0,,1562.8277957292753,0.0,hardening:asymmetric:r003,5,0.6817758173613454,8.0,2246.029614048444,1.0,,0.4492933731287543,7.0,,10000.000000000002,Catalog then correct,,0.0,,,,,,moderate,3657.672554234742,0.0,0.6817758173613454,,,0.6817758173613454,3657.672554234742,1.0,,4.0,6817.758173613454,0.3657672554234741,0.0,40003,,"[""L002"", ""L006"", ""L033"", ""R001"", ""R003"", ""R004"", ""R006"", ""C001""]","[""L006"", ""R000"", ""R001"", ""R002"", ""R005"", ""R006"", ""C000""]",,,3.0,,asymmetric,3160.085619378712,0.0,,914.0560053302686,1.0,,,,,,
289.83110136338667,2.0,,3160.085619378712,2,exp5:asymmetric:r003,,3.0,,289.83110136338667,0.01,hardening:asymmetric:r003,5,0.531984246255493,9.0,2378.279444164383,1.0,,0.4492933731287543,7.0,,10000.000000000002,Catalog then correct,,2088.4483428009967,,,,,,moderate,2151.487755863545,1506.1847983711973,0.5311573375242257,,,0.6817758173613454,3657.672554234742,0.0,,0.0,5311.573375242257,0.2151487755863544,0.1506184798371197,40003,,"[""L006"", ""L020"", ""L034"", ""R000"", ""R001"", ""R002"", ""R005"", ""R006"", ""C000""]","[""L006"", ""R000"", ""R001"", ""R002"", ""R005"", ""R006"", ""C000""]",,,3.0,,asymmetric,3160.085619378712,0.0,,781.8061752143286,1.0,,,,,,
338.476775694407,1.0,,3160.085619378712,2,exp5:asymmetric:r003,,3.0,,495.82335243250577,0.01,hardening:asymmetric:r003,5,0.5480963810187237,7.0,2269.578541757305,1.0,,0.4492933731287543,7.0,,10000.000000000002,Catalog then correct,,1044.2241714004983,,,,,,moderate,2430.8877423400286,1226.7848118947136,0.547108350939824,,,0.6817758173613454,3657.672554234742,0.5,,1.0,5471.083509398241,0.2430887742340028,0.1226784811894713,40003,,"[""L006"", ""R000"", ""R001"", ""R003"", ""R005"", ""R006"", ""C000""]","[""L006"", ""R000"", ""R001"", ""R002"", ""R005"", ""R006"", ""C000""]",,,3.0,,asymmetric,3040.195767058213,157.34657673809875,,770.6172253009075,1.0,,,,,,
1562.8277957292753,5.0,,3160.085619378712,2,exp5:asymmetric:r003,,3.0,,1562.8277957292753,0.01,hardening:asymmetric:r003,5,0.6832521276669024,8.0,2246.029614048444,1.0,,0.4492933731287543,7.0,,10000.000000000002,Catalog then correct,,0.0,,,,,,moderate,3649.039781836496,8.632772398245834,0.6809125401215209,,,0.6817758173613454,3657.672554234742,1.0,,4.0,6809.1254012152085,0.3649039781836495,0.0008632772398245,40003,,"[""L002"", ""L006"", ""L033"", ""R001"", ""R003"", ""R004"", ""R006"", ""C001""]","[""L006"", ""R000"", ""R001"", ""R002"", ""R005"", ""R006"", ""C000""]",,,3.0,,asymmetric,3160.085619378712,0.0,,914.0560053302688,1.0,,,,,,
289.83110136338667,2.0,,3160.085619378712,2,exp5:asymmetric:r003,,3.0,,289.83110136338667,0.1,hardening:asymmetric:r003,5,0.5374565010681028,9.0,2378.279444164383,1.0,,0.4492933731287543,7.0,,10000.000000000002,Catalog then correct,,2088.4483428009967,,,,,,moderate,2130.262485236116,1527.4100689986262,0.528640188274168,,,0.6817758173613454,3657.672554234742,0.0,,0.0,5286.401882741679,0.2130262485236115,0.1527410068998625,40003,,"[""L006"", ""L020"", ""L034"", ""R000"", ""R001"", ""R002"", ""R005"", ""R006"", ""C000""]","[""L006"", ""R000"", ""R001"", ""R002"", ""R005"", ""R006"", ""C000""]",,,3.0,,asymmetric,3156.1393975055635,0.0,,777.8599533411801,1.0,,,,,,
338.476775694407,1.0,,3160.085619378712,2,exp5:asymmetric:r003,,3.0,,495.82335243250577,0.1,hardening:asymmetric:r003,5,0.5480963810187237,7.0,2269.578541757305,1.0,,0.4492933731287543,7.0,,10000.000000000002,Catalog then correct,,1044.2241714004983,,,,,,moderate,2356.4730110513574,1301.1995431833848,0.5382160802297268,,,0.6817758173613454,3657.672554234742,0.5,,1.0,5382.160802297268,0.2356473011051357,0.1301199543183384,40003,,"[""L006"", ""R000"", ""R001"", ""R003"", ""R005"", ""R006"", ""C000""]","[""L006"", ""R000"", ""R001"", ""R002"", ""R005"", ""R006"", ""C000""]",,,3.0,,asymmetric,3025.6877912459104,157.34657673809875,,756.1092494886053,1.0,,,,,,
1570.993793931386,5.0,,3160.085619378712,2,exp5:asymmetric:r003,,3.0,,1570.993793931386,0.1,hardening:asymmetric:r003,5,0.6883337719049761,8.0,2254.195612250553,1.0,,0.4492933731287543,7.0,,10000.000000000002,Catalog then correct,,0.0,,,,,,moderate,3492.848738446881,164.82381578786135,0.6644297320273539,,,0.6817758173613454,3657.672554234742,1.0,,4.0,6644.297320273538,0.349284873844688,0.0164823815787861,40003,,"[""L002"", ""L006"", ""L027"", ""R001"", ""R003"", ""R004"", ""R006"", ""C001""]","[""L006"", ""R000"", ""R001"", ""R002"", ""R005"", ""R006"", ""C000""]",,,3.0,,asymmetric,3151.4485818266576,0.0,,897.2529695761039,1.0,,,,,,
338.476775694407,1.0,,3160.085619378712,2,exp5:asymmetric:r003,,3.0,,338.476775694407,0.25,hardening:asymmetric:r003,5,0.5480963810187237,8.0,2426.925118495404,1.0,,0.4492933731287543,7.0,,10000.000000000002,Catalog then correct,,2088.4483428009967,,,,,,moderate,2075.3594128511336,1582.3131413836086,0.5233956290462314,,,0.6817758173613454,3657.672554234742,0.0,,0.0,5233.956290462314,0.2075359412851133,0.1582313141383608,40003,,"[""L006"", ""R000"", ""R001"", ""R002"", ""R003"", ""R005"", ""R006"", ""C000""]","[""L006"", ""R000"", ""R001"", ""R002"", ""R005"", ""R006"", ""C000""]",,,3.0,,asymmetric,3158.596877611181,0.0,,731.6717591157771,1.0,,,,,,
338.476775694407,1.0,,3160.085619378712,2,exp5:asymmetric:r003,,3.0,,495.82335243250577,0.25,hardening:asymmetric:r003,5,0.5480963810187237,7.0,2269.578541757305,1.0,,0.4492933731287543,7.0,,10000.000000000002,Catalog then correct,,1044.2241714004983,,,,,,moderate,2232.448458903574,1425.2240953311675,0.5233956290462314,,,0.6817758173613454,3657.672554234742,0.5,,1.0,5233.956290462314,0.2232448458903574,0.1425224095331167,40003,,"[""L006"", ""R000"", ""R001"", ""R003"", ""R005"", ""R006"", ""C000""]","[""L006"", ""R000"", ""R001"", ""R002"", ""R005"", ""R006"", ""C000""]",,,3.0,,asymmetric,3001.50783155874,157.34657673809875,,731.9292898014348,1.0,,,,,,
1587.563328196734,5.0,,3160.085619378712,2,exp5:asymmetric:r003,,3.0,,1587.563328196734,0.25,hardening:asymmetric:r003,5,0.6974561902341522,8.0,2270.765146515901,1.0,,0.4492933731287543,7.0,,10000.000000000002,Catalog then correct,,0.0,,,,,,moderate,3214.06937530462,443.6031789301224,0.6354154859578027,,,0.6817758173613454,3657.672554234742,1.0,,4.0,6354.154859578028,0.3214069375304619,0.0443603178930122,40003,,"[""L002"", ""L006"", ""L024"", ""R001"", ""R003"", ""R004"", ""R006"", ""C001""]","[""L006"", ""R000"", ""R001"", ""R002"", ""R005"", ""R006"", ""C000""]",,,3.0,,asymmetric,3140.085484273408,0.0,,869.3203377575062,1.0,,,,,,
280.1868006325166,1.0,,3189.1083616392616,2,exp5:asymmetric:r004,,3.0,,280.1868006325166,0.0,hardening:asymmetric:r004,5,0.588158193838944,7.0,2375.02460317086,1.0,,0.4962818746712377,6.0,,9999.999999999998,Catalog then correct,,2094.837802538344,,,,,,moderate,2721.601808411331,1130.352161340225,0.588158193838944,,,0.6927715025048842,3851.953969751556,0.0,,0.0,5881.58193838944,0.2721601808411331,0.1130352161340225,40004,,"[""L009"", ""R000"", ""R003"", ""R006"", ""R008"", ""C000"", ""C001""]","[""L009"", ""R000"", ""R003"", ""R008"", ""C000"", ""C001""]",,,3.0,,asymmetric,3159.9801299781093,0.0,,784.9555268072493,1.0,,,,,,
570.122109068029,2.0,,3189.1083616392616,2,exp5:asymmetric:r004,,3.0,,997.3262674119336,0.0,hardening:asymmetric:r004,5,0.6052766001035818,6.0,2237.755753262468,1.0,,0.4962818746712377,6.0,,9999.999999999998,Catalog then correct,,1047.4189012691718,,,,,,moderate,2987.296380537624,864.6575892139322,0.6052766001035818,,,0.6927715025048842,3851.953969751556,0.5,,2.0,6052.766001035818,0.2987296380537624,0.0864657589213932,40004,,"[""L009"", ""R000"", ""R003"", ""R006"", ""R007"", ""C001""]","[""L009"", ""R000"", ""R003"", ""R008"", ""C000"", ""C001""]",,,3.0,,asymmetric,3065.4696204981938,427.2041583439048,,827.7138672357257,1.0,,,,,,
876.708105344158,3.0,,3189.1083616392616,2,exp5:asymmetric:r004,,3.0,,876.708105344158,0.0,hardening:asymmetric:r004,5,0.6927715025048842,7.0,2117.1375911946925,1.0,,0.4962818746712377,6.0,,9999.999999999998,Catalog then correct,,0.0,,,,,,moderate,3851.953969751556,0.0,0.6927715025048842,,,0.6927715025048842,3851.953969751556,1.0,,2.0,6927.715025048841,0.3851953969751557,0.0,40004,,"[""L009"", ""R000"", ""R003"", ""R005"", ""R006"", ""R007"", ""C001""]","[""L009"", ""R000"", ""R003"", ""R008"", ""C000"", ""C001""]",,,3.0,,asymmetric,3075.761055297285,0.0,,958.6234641025926,1.0,,,,,,
280.1868006325166,1.0,,3189.1083616392616,2,exp5:asymmetric:r004,,3.0,,280.1868006325166,0.01,hardening:asymmetric:r004,5,0.588158193838944,7.0,2375.02460317086,1.0,,0.4962818746712377,6.0,,9999.999999999998,Catalog then correct,,2094.837802538344,,,,,,moderate,2713.6829375745774,1138.271032176979,0.5872394306472669,,,0.6927715025048842,3851.953969751556,0.0,,0.0,5872.394306472669,0.2713682937574578,0.1138271032176978,40004,,"[""L009"", ""R000"", ""R003"", ""R006"", ""R008"", ""C000"", ""C001""]","[""L009"", ""R000"", ""R003"", ""R008"", ""C000"", ""C001""]",,,3.0,,asymmetric,3158.711368898092,0.0,,783.6867657272312,1.0,,,,,,
570.122109068029,2.0,,3189.1083616392616,2,exp5:asymmetric:r004,,3.0,,997.3262674119336,0.01,hardening:asymmetric:r004,5,0.6052766001035818,6.0,2237.755753262468,1.0,,0.4962818746712377,6.0,,9999.999999999998,Catalog then correct,,1047.4189012691718,,,,,,moderate,2978.093252478692,873.8607172728639,0.6041866528492583,,,0.6927715025048842,3851.953969751556,0.5,,2.0,6041.866528492583,0.2978093252478693,0.0873860717272864,40004,,"[""L009"", ""R000"", ""R003"", ""R006"", ""R007"", ""C001""]","[""L009"", ""R000"", ""R003"", ""R008"", ""C000"", ""C001""]",,,3.0,,asymmetric,3063.7732760138906,427.2041583439048,,826.0175227514228,1.0,,,,,,
876.708105344158,3.0,,3189.1083616392616,2,exp5:asymmetric:r004,,3.0,,876.708105344158,0.01,hardening:asymmetric:r004,5,0.6927715025048842,7.0,2117.1375911946925,1.0,,0.4962818746712377,6.0,,9999.999999999998,Catalog then correct,,0.0,,,,,,moderate,3835.310447421162,16.643522330393807,0.6908066062265477,,,0.6927715025048842,3851.953969751556,1.0,,2.0,6908.066062265476,0.3835310447421163,0.0016643522330393,40004,,"[""L009"", ""R000"", ""R003"", ""R005"", ""R006"", ""R007"", ""C001""]","[""L009"", ""R000"", ""R003"", ""R008"", ""C000"", ""C001""]",,,3.0,,asymmetric,3072.7556148443136,0.0,,955.6180236496213,1.0,,,,,,
280.1868006325166,1.0,,3189.1083616392616,2,exp5:asymmetric:r004,,3.0,,280.1868006325166,0.1,hardening:asymmetric:r004,5,0.588158193838944,7.0,2375.02460317086,1.0,,0.4962818746712377,6.0,,9999.999999999998,Catalog then correct,,2094.837802538344,,,,,,moderate,2642.4131000438056,1209.5408697077503,0.5789705619221734,,,0.6927715025048842,3851.953969751556,0.0,,0.0,5789.705619221733,0.2642413100043806,0.120954086970775,40004,,"[""L009"", ""R000"", ""R003"", ""R006"", ""R008"", ""C000"", ""C001""]","[""L009"", ""R000"", ""R003"", ""R008"", ""C000"", ""C001""]",,,3.0,,asymmetric,3147.292519177928,0.0,,772.2679160070676,1.0,,,,,,
570.122109068029,2.0,,3189.1083616392616,2,exp5:asymmetric:r004,,3.0,,997.3262674119336,0.1,hardening:asymmetric:r004,5,0.6052766001035818,6.0,2237.755753262468,1.0,,0.4962818746712377,6.0,,9999.999999999998,Catalog then correct,,1047.4189012691718,,,,,,moderate,2895.2650999483103,956.6888698032458,0.5943771275603473,,,0.6927715025048842,3851.953969751556,0.5,,2.0,5943.771275603474,0.2895265099948311,0.0956688869803246,40004,,"[""L009"", ""R000"", ""R003"", ""R006"", ""R007"", ""C001""]","[""L009"", ""R000"", ""R003"", ""R008"", ""C000"", ""C001""]",,,3.0,,asymmetric,3048.506175655164,427.2041583439048,,810.7504223926965,1.0,,,,,,
876.708105344158,3.0,,3189.1083616392616,2,exp5:asymmetric:r004,,3.0,,876.708105344158,0.1,hardening:asymmetric:r004,5,0.6927715025048842,7.0,2117.1375911946925,1.0,,0.4962818746712377,6.0,,9999.999999999998,Catalog then correct,,0.0,,,,,,moderate,3685.518746447626,166.43522330392943,0.6731225397215195,,,0.6927715025048842,3851.953969751556,1.0,,2.0,6731.225397215196,0.3685518746447627,0.0166435223303929,40004,,"[""L009"", ""R000"", ""R003"", ""R005"", ""R006"", ""R007"", ""C001""]","[""L009"", ""R000"", ""R003"", ""R008"", ""C000"", ""C001""]",,,3.0,,asymmetric,3045.706650767569,0.0,,928.5690595728768,1.0,,,,,,
280.1868006325166,1.0,,3189.1083616392616,2,exp5:asymmetric:r004,,3.0,,280.1868006325166,0.25,hardening:asymmetric:r004,5,0.588158193838944,7.0,2375.02460317086,1.0,,0.4962818746712377,6.0,,9999.999999999998,Catalog then correct,,2094.837802538344,,,,,,moderate,2523.6300374925186,1328.3239322590375,0.5651891140470174,,,0.6927715025048842,3851.953969751556,0.0,,0.0,5651.891140470174,0.2523630037492519,0.1328323932259038,40004,,"[""L009"", ""R000"", ""R003"", ""R006"", ""R008"", ""C000"", ""C001""]","[""L009"", ""R000"", ""R003"", ""R008"", ""C000"", ""C001""]",,,3.0,,asymmetric,3128.261102977656,0.0,,753.236499806795,1.0,,,,,,
570.122109068029,2.0,,3189.1083616392616,2,exp5:asymmetric:r004,,3.0,,997.3262674119336,0.25,hardening:asymmetric:r004,5,0.6052766001035818,6.0,2237.755753262468,1.0,,0.4962818746712377,6.0,,9999.999999999998,Catalog then correct,,1047.4189012691718,,,,,,moderate,2757.2181790643385,1094.7357906872176,0.5780279187454958,,,0.6927715025048842,3851.953969751556,0.5,,2.0,5780.279187454958,0.2757218179064339,0.1094735790687217,40004,,"[""L009"", ""R000"", ""R003"", ""R006"", ""R007"", ""C001""]","[""L009"", ""R000"", ""R003"", ""R008"", ""C000"", ""C001""]",,,3.0,,asymmetric,3023.06100839062,427.2041583439048,,785.3052551281522,1.0,,,,,,
1020.0128163440554,4.0,,3189.1083616392616,2,exp5:asymmetric:r004,,3.0,,1020.0128163440554,0.25,hardening:asymmetric:r004,5,0.7282301653552203,8.0,2260.442302194589,1.0,,0.4962818746712377,6.0,,9999.999999999998,Catalog then correct,,0.0,,,,,,moderate,3513.322565202986,338.6314045485701,0.6702430926842248,,,0.6927715025048842,3851.953969751556,1.0,,2.0,6702.430926842248,0.3513322565202986,0.033863140454857,40004,,"[""L008"", ""L009"", ""R000"", ""R003"", ""R005"", ""R006"", ""R007"", ""C001""]","[""L009"", ""R000"", ""R003"", ""R008"", ""C000"", ""C001""]",,,3.0,,asymmetric,3189.1083616392616,0.0,,928.6660594446722,1.0,,,,,,
173.84921902199463,1.0,,3216.051041216963,2,exp5:asymmetric:r005,,3.0,,313.45051090832794,0.0,hardening:asymmetric:r005,5,0.6315178300082749,8.0,2345.872063902992,1.0,,0.5904308219648302,7.0,,10000.0,Catalog then correct,,2172.0228448809976,,,,,,moderate,3125.3825012854104,595.191848059836,0.6315178300082749,,,0.6911025592714688,3720.5743493452464,0.0,,0.0,6315.178300082749,0.312538250128541,0.0595191848059836,40005,,"[""L007"", ""L034"", ""R002"", ""R003"", ""R004"", ""R007"", ""R008"", ""C001""]","[""L034"", ""R002"", ""R003"", ""R004"", ""R007"", ""R008"", ""C001""]",,,3.0,,asymmetric,3189.795798797338,139.60129188633334,,843.9237348943467,1.0,,,,,,
173.84921902199463,1.0,,3216.051041216963,2,exp5:asymmetric:r005,,3.0,,243.6498649651613,0.0,hardening:asymmetric:r005,5,0.6315178300082749,7.0,2276.0714179598253,1.0,,0.5904308219648302,7.0,,10000.0,Catalog then correct,,1086.0114224404988,,,,,,moderate,3195.183147228577,525.3912021166693,0.6315178300082749,,,0.6911025592714688,3720.5743493452464,0.5,,1.0,6315.178300082749,0.3195183147228577,0.0525391202116669,40005,,"[""L007"", ""R002"", ""R003"", ""R004"", ""R007"", ""R008"", ""C001""]","[""L034"", ""R002"", ""R003"", ""R004"", ""R007"", ""R008"", ""C001""]",,,3.0,,asymmetric,3119.995152854172,69.80064594316667,,843.9237348943467,1.0,,,,,,
1089.8978175388434,5.0,,3216.051041216963,2,exp5:asymmetric:r005,,3.0,,1089.8978175388434,0.0,hardening:asymmetric:r005,5,0.6911025592714688,8.0,2184.1046412451665,1.0,,0.5904308219648302,7.0,,10000.0,Catalog then correct,,0.0,,,,,,moderate,3720.5743493452464,0.0,0.6911025592714688,,,0.6911025592714688,3720.5743493452464,1.0,,4.0,6911.025592714688,0.3720574349345246,0.0,40005,,"[""L019"", ""L022"", ""L025"", ""R000"", ""R003"", ""R004"", ""R005"", ""C001""]","[""L034"", ""R002"", ""R003"", ""R004"", ""R007"", ""R008"", ""C001""]",,,3.0,,asymmetric,3190.4512433694417,0.0,,1006.346602124275,1.0,,,,,,
173.84921902199463,1.0,,3216.051041216963,2,exp5:asymmetric:r005,,3.0,,313.45051090832794,0.01,hardening:asymmetric:r005,5,0.6315178300082749,8.0,2345.872063902992,1.0,,0.5904308219648302,7.0,,10000.0,Catalog then correct,,2172.0228448809976,,,,,,moderate,3122.03621709945,598.5381322457965,0.6311069599278404,,,0.6911025592714688,3720.5743493452464,0.0,,0.0,6311.069599278404,0.312203621709945,0.0598538132245796,40005,,"[""L007"", ""L034"", ""R002"", ""R003"", ""R004"", ""R007"", ""R008"", ""C001""]","[""L034"", ""R002"", ""R003"", ""R004"", ""R007"", ""R008"", ""C001""]",,,3.0,,asymmetric,3189.033382178954,139.60129188633334,,843.161318275962,1.0,,,,,,
173.84921902199463,1.0,,3216.051041216963,2,exp5:asymmetric:r005,,3.0,,243.6498649651613,0.01,hardening:asymmetric:r005,5,0.6315178300082749,7.0,2276.0714179598253,1.0,,0.5904308219648302,7.0,,10000.0,Catalog then correct,,1086.0114224404988,,,,,,moderate,3191.8368630426166,528.7374863026298,0.6311069599278404,,,0.6911025592714688,3720.5743493452464,0.5,,1.0,6311.069599278404,0.3191836863042616,0.0528737486302629,40005,,"[""L007"", ""R002"", ""R003"", ""R004"", ""R007"", ""R008"", ""C001""]","[""L034"", ""R002"", ""R003"", ""R004"", ""R007"", ""R008"", ""C001""]",,,3.0,,asymmetric,3119.232736235788,69.80064594316667,,843.161318275962,1.0,,,,,,
1089.8978175388434,5.0,,3216.051041216963,2,exp5:asymmetric:r005,,3.0,,1089.8978175388434,0.01,hardening:asymmetric:r005,5,0.6911025592714688,8.0,2184.1046412451665,1.0,,0.5904308219648302,7.0,,10000.0,Catalog then correct,,0.0,,,,,,moderate,3712.893820905266,7.680528439980662,0.6900958418984023,,,0.6911025592714688,3720.5743493452464,1.0,,4.0,6900.958418984023,0.3712893820905266,0.000768052843998,40005,,"[""L019"", ""L022"", ""L025"", ""R000"", ""R003"", ""R004"", ""R005"", ""C001""]","[""L034"", ""R002"", ""R003"", ""R004"", ""R007"", ""R008"", ""C001""]",,,3.0,,asymmetric,3188.0645980787576,0.0,,1003.959956833591,1.0,,,,,,
173.84921902199463,1.0,,3216.051041216963,2,exp5:asymmetric:r005,,3.0,,313.45051090832794,0.1,hardening:asymmetric:r005,5,0.6315178300082749,8.0,2345.872063902992,1.0,,0.5904308219648302,7.0,,10000.0,Catalog then correct,,2172.0228448809976,,,,,,moderate,3091.9196594258115,628.654689919435,0.6274091292039304,,,0.6911025592714688,3720.5743493452464,0.0,,0.0,6274.091292039304,0.3091919659425811,0.0628654689919435,40005,,"[""L007"", ""L034"", ""R002"", ""R003"", ""R004"", ""R007"", ""R008"", ""C001""]","[""L034"", ""R002"", ""R003"", ""R004"", ""R007"", ""R008"", ""C001""]",,,3.0,,asymmetric,3182.1716326134924,139.60129188633334,,836.2995687105002,1.0,,,,,,
173.84921902199463,1.0,,3216.051041216963,2,exp5:asymmetric:r005,,3.0,,243.6498649651613,0.1,hardening:asymmetric:r005,5,0.6315178300082749,7.0,2276.0714179598253,1.0,,0.5904308219648302,7.0,,10000.0,Catalog then correct,,1086.0114224404988,,,,,,moderate,3161.720305368978,558.8540439762683,0.6274091292039304,,,0.6911025592714688,3720.5743493452464,0.5,,1.0,6274.091292039304,0.3161720305368978,0.0558854043976268,40005,,"[""L007"", ""R002"", ""R003"", ""R004"", ""R007"", ""R008"", ""C001""]","[""L034"", ""R002"", ""R003"", ""R004"", ""R007"", ""R008"", ""C001""]",,,3.0,,asymmetric,3112.3709866703257,69.80064594316667,,836.2995687105002,1.0,,,,,,
1089.8978175388434,5.0,,3216.051041216963,2,exp5:asymmetric:r005,,3.0,,1089.8978175388434,0.1,hardening:asymmetric:r005,5,0.6911025592714688,8.0,2184.1046412451665,1.0,,0.5904308219648302,7.0,,10000.0,Catalog then correct,,0.0,,,,,,moderate,3643.769064945447,76.8052843997998,0.681035385540805,,,0.6911025592714688,3720.5743493452464,1.0,,4.0,6810.353855408049,0.3643769064945447,0.0076805284399799,40005,,"[""L019"", ""L022"", ""L025"", ""R000"", ""R003"", ""R004"", ""R005"", ""C001""]","[""L034"", ""R002"", ""R003"", ""R004"", ""R007"", ""R008"", ""C001""]",,,3.0,,asymmetric,3166.584790462602,0.0,,982.4801492174356,1.0,,,,,,
173.84921902199463,1.0,,3216.051041216963,2,exp5:asymmetric:r005,,3.0,,313.45051090832794,0.25,hardening:asymmetric:r005,5,0.6315178300082749,8.0,2345.872063902992,1.0,,0.5904308219648302,7.0,,10000.0,Catalog then correct,,2172.0228448809976,,,,,,moderate,3041.725396636414,678.8489527088318,0.6212460779974137,,,0.6911025592714688,3720.5743493452464,0.0,,0.0,6212.460779974137,0.3041725396636414,0.0678848952708831,40005,,"[""L007"", ""L034"", ""R002"", ""R003"", ""R004"", ""R007"", ""R008"", ""C001""]","[""L034"", ""R002"", ""R003"", ""R004"", ""R007"", ""R008"", ""C001""]",,,3.0,,asymmetric,3170.7353833377224,139.60129188633334,,824.8633194347303,1.0,,,,,,
173.84921902199463,1.0,,3216.051041216963,2,exp5:asymmetric:r005,,3.0,,243.6498649651613,0.25,hardening:asymmetric:r005,5,0.6315178300082749,7.0,2276.0714179598253,1.0,,0.5904308219648302,7.0,,10000.0,Catalog then correct,,1086.0114224404988,,,,,,moderate,3111.5260425795814,609.0483067656651,0.6212460779974137,,,0.6911025592714688,3720.5743493452464,0.5,,1.0,6212.460779974137,0.3111526042579581,0.0609048306765665,40005,,"[""L007"", ""R002"", ""R003"", ""R004"", ""R007"", ""R008"", ""C001""]","[""L034"", ""R002"", ""R003"", ""R004"", ""R007"", ""R008"", ""C001""]",,,3.0,,asymmetric,3100.934737394556,69.80064594316667,,824.8633194347303,1.0,,,,,,
1089.8978175388434,5.0,,3216.051041216963,2,exp5:asymmetric:r005,,3.0,,1089.8978175388434,0.25,hardening:asymmetric:r005,5,0.6911025592714688,8.0,2184.1046412451665,1.0,,0.5904308219648302,7.0,,10000.0,Catalog then correct,,0.0,,,,,,moderate,3528.561138345749,192.01321099949743,0.665934624944809,,,0.6911025592714688,3720.5743493452464,1.0,,4.0,6659.346249448092,0.3528561138345749,0.0192013210999497,40005,,"[""L019"", ""L022"", ""L025"", ""R000"", ""R003"", ""R004"", ""R005"", ""C001""]","[""L034"", ""R002"", ""R003"", ""R004"", ""R007"", ""R008"", ""C001""]",,,3.0,,asymmetric,3130.785111102343,0.0,,946.6804698571766,1.0,,,,,,
288.26775805250213,1.0,,3105.939528570514,2,exp5:asymmetric:r006,,3.0,,288.26775805250213,0.0,hardening:asymmetric:r006,5,0.5350152209473831,8.0,2368.821212301714,1.0,,0.4475516240409219,7.0,,9999.999999999998,Catalog then correct,,2080.5534542492114,,,,,,moderate,2244.212680903316,1557.289648477918,0.5350152209473831,,,0.6865928979016124,3801.502329381234,0.0,,0.0,5350.15220947383,0.2244212680903316,0.1557289648477918,40006,,"[""L035"", ""R002"", ""R003"", ""R004"", ""R005"", ""R007"", ""R008"", ""C002""]","[""L035"", ""R002"", ""R003"", ""R004"", ""R005"", ""R007"", ""C002""]",,,3.0,,asymmetric,3105.939528570514,0.0,,737.1183162688005,1.0,,,,,,
773.9068957876452,2.0,,3105.939528570514,2,exp5:asymmetric:r006,,3.0,,1236.2146588080095,0.0,hardening:asymmetric:r006,5,0.5964161497151448,6.0,2392.1525870164924,1.0,,0.4475516240409219,7.0,,9999.999999999998,Catalog then correct,,1040.2767271246057,,,,,,moderate,2858.221968580935,943.2803608002991,0.5964161497151448,,,0.6865928979016124,3801.502329381234,0.5,,3.0,5964.161497151449,0.2858221968580935,0.0943280360800299,40006,,"[""R002"", ""R004"", ""R005"", ""R007"", ""R008"", ""C001""]","[""L035"", ""R002"", ""R003"", ""R004"", ""R005"", ""R007"", ""C002""]",,,3.0,,asymmetric,3105.939528570514,462.3077630203644,,713.7869415540217,1.0,,,,,,
1534.0656832087136,7.0,,3105.939528570514,2,exp5:asymmetric:r006,,3.0,,1534.0656832087136,0.0,hardening:asymmetric:r006,5,0.6865928979016124,9.0,2122.407584483948,1.0,,0.4475516240409219,7.0,,9999.999999999998,Catalog then correct,,0.0,,,,,,moderate,3801.502329381234,0.0,0.6865928979016124,,,0.6865928979016124,3801.502329381234,1.0,,5.0,6865.928979016124,0.3801502329381235,0.0,40006,,"[""L013"", ""L014"", ""L016"", ""L021"", ""L033"", ""R002"", ""R004"", ""R008"", ""C001""]","[""L035"", ""R002"", ""R003"", ""R004"", ""R005"", ""R007"", ""C002""]",,,3.0,,asymmetric,3064.4266496348896,0.0,,942.0190651509416,1.0,,,,,,
288.26775805250213,1.0,,3105.939528570514,2,exp5:asymmetric:r006,,3.0,,288.26775805250213,0.01,hardening:asymmetric:r006,5,0.5356932742665422,8.0,2368.821212301714,1.0,,0.4475516240409219,7.0,,9999.999999999998,Catalog then correct,,2080.5534542492114,,,,,,moderate,2242.179049072345,1559.323280308889,0.534811857764286,,,0.6865928979016124,3801.502329381234,0.0,,0.0,5348.118577642859,0.2242179049072345,0.1559323280308889,40006,,"[""L035"", ""R002"", ""R003"", ""R004"", ""R005"", ""R007"", ""R008"", ""C002""]","[""L035"", ""R002"", ""R003"", ""R004"", ""R005"", ""R007"", ""C002""]",,,3.0,,asymmetric,3105.939528570514,0.0,,737.1183162688005,1.0,,,,,,
773.9068957876452,2.0,,3105.939528570514,2,exp5:asymmetric:r006,,3.0,,1236.2146588080095,0.01,hardening:asymmetric:r006,5,0.5968947193669878,6.0,2392.1525870164924,1.0,,0.4475516240409219,7.0,,9999.999999999998,Catalog then correct,,1040.2767271246057,,,,,,moderate,2848.1773568976205,953.3249724836136,0.5954012884137271,,,0.6865928979016124,3801.502329381234,0.5,,3.0,5954.012884137271,0.2848177356897621,0.0953324972483613,40006,,"[""R002"", ""R004"", ""R005"", ""R007"", ""R008"", ""C001""]","[""L035"", ""R002"", ""R003"", ""R004"", ""R005"", ""R007"", ""C002""]",,,3.0,,asymmetric,3105.83552723965,462.3077630203644,,713.682940223158,1.0,,,,,,
1534.0656832087136,7.0,,3105.939528570514,2,exp5:asymmetric:r006,,3.0,,1534.0656832087136,0.01,hardening:asymmetric:r006,5,0.6865928979016124,9.0,2122.407584483948,1.0,,0.4475516240409219,7.0,,9999.999999999998,Catalog then correct,,0.0,,,,,,moderate,3780.82574600226,20.67658337897456,0.6842024851630054,,,0.6865928979016124,3801.502329381234,1.0,,5.0,6842.024851630055,0.378082574600226,0.0020676583378974,40006,,"[""L013"", ""L014"", ""L016"", ""L021"", ""L033"", ""R002"", ""R004"", ""R008"", ""C001""]","[""L035"", ""R002"", ""R003"", ""R004"", ""R005"", ""R007"", ""C002""]",,,3.0,,asymmetric,3061.199105627796,0.0,,938.7915211438478,1.0,,,,,,
288.26775805250213,1.0,,3105.939528570514,2,exp5:asymmetric:r006,,3.0,,288.26775805250213,0.1,hardening:asymmetric:r006,5,0.5395615731825184,8.0,2368.821212301714,1.0,,0.4475516240409219,7.0,,9999.999999999998,Catalog then correct,,2080.5534542492114,,,,,,moderate,2202.267896044328,1599.234433336906,0.5303605782683588,,,0.6865928979016124,3801.502329381234,0.0,,0.0,5303.605782683588,0.2202267896044328,0.1599234433336906,40006,,"[""L035"", ""R002"", ""R003"", ""R004"", ""R005"", ""R007"", ""R008"", ""C002""]","[""L035"", ""R002"", ""R003"", ""R004"", ""R005"", ""R007"", ""C002""]",,,3.0,,asymmetric,3101.3378866392595,0.0,,732.516674337546,1.0,,,,,,
773.9068957876452,2.0,,3105.939528570514,2,exp5:asymmetric:r006,,3.0,,1236.2146588080095,0.1,hardening:asymmetric:r006,5,0.5968947193669878,6.0,2392.1525870164924,1.0,,0.4475516240409219,7.0,,9999.999999999998,Catalog then correct,,1040.2767271246057,,,,,,moderate,2722.352050720669,1079.1502786605647,0.5819604098343812,,,0.6865928979016124,3801.502329381234,0.5,,3.0,5819.604098343812,0.272235205072067,0.1079150278660564,40006,,"[""R002"", ""R004"", ""R005"", ""R007"", ""R008"", ""C001""]","[""L035"", ""R002"", ""R003"", ""R004"", ""R005"", ""R007"", ""C002""]",,,3.0,,asymmetric,3097.252047623142,462.3077630203644,,705.0994606066497,1.0,,,,,,
1534.0656832087136,7.0,,3105.939528570514,2,exp5:asymmetric:r006,,3.0,,1534.0656832087136,0.1,hardening:asymmetric:r006,5,0.6865928979016124,9.0,2122.407584483948,1.0,,0.4475516240409219,7.0,,9999.999999999998,Catalog then correct,,0.0,,,,,,moderate,3594.7364955914813,206.76583378975283,0.6626887705155433,,,0.6865928979016124,3801.502329381234,1.0,,5.0,6626.887705155434,0.3594736495591482,0.0206765833789752,40006,,"[""L013"", ""L014"", ""L016"", ""L021"", ""L033"", ""R002"", ""R004"", ""R008"", ""C001""]","[""L035"", ""R002"", ""R003"", ""R004"", ""R005"", ""R007"", ""C002""]",,,3.0,,asymmetric,3032.1512095639523,0.0,,909.7436250800042,1.0,,,,,,
288.26775805250213,1.0,,3105.939528570514,2,exp5:asymmetric:r006,,3.0,,288.26775805250213,0.25,hardening:asymmetric:r006,5,0.5395615731825184,8.0,2368.821212301714,1.0,,0.4475516240409219,7.0,,9999.999999999998,Catalog then correct,,2080.5534542492114,,,,,,moderate,2083.128307314596,1718.3740220666382,0.5165590858971193,,,0.6865928979016124,3801.502329381234,0.0,,0.0,5165.590858971193,0.2083128307314596,0.1718374022066638,40006,,"[""L035"", ""R002"", ""R003"", ""R004"", ""R005"", ""R007"", ""R008"", ""C002""]","[""L035"", ""R002"", ""R003"", ""R004"", ""R005"", ""R007"", ""C002""]",,,3.0,,asymmetric,3082.4625516565966,0.0,,713.6413393548828,1.0,,,,,,
773.9068957876452,2.0,,3105.939528570514,2,exp5:asymmetric:r006,,3.0,,1226.5958621732716,0.25,hardening:asymmetric:r006,5,0.6076837217608796,6.0,2401.7713836512303,1.0,,0.4475516240409219,7.0,,9999.999999999998,Catalog then correct,,1040.2767271246057,,,,,,moderate,2570.567444738387,1230.934884642847,0.5676506973308901,,,0.6865928979016124,3801.502329381234,0.5,,3.0,5676.506973308901,0.2570567444738387,0.1230934884642847,40006,,"[""R002"", ""R003"", ""R004"", ""R005"", ""R008"", ""C001""]","[""L035"", ""R002"", ""R003"", ""R004"", ""R005"", ""R007"", ""C002""]",,,3.0,,asymmetric,3105.939528570514,452.6889663856263,,704.1681449192838,1.0,,,,,,
1355.0430097498977,6.0,,3105.939528570514,2,exp5:asymmetric:r006,,3.0,,1355.0430097498977,0.25,hardening:asymmetric:r006,5,0.7031789727564823,9.0,2230.2819418847102,1.0,,0.4475516240409219,7.0,,9999.999999999998,Catalog then correct,,0.0,,,,,,moderate,3292.959017976452,508.5433114047824,0.6392721355775922,,,0.6865928979016124,3801.502329381234,1.0,,4.0,6392.721355775922,0.3292959017976452,0.0508543311404782,40006,,"[""L010"", ""L014"", ""L016"", ""L033"", ""R002"", ""R003"", ""R004"", ""R008"", ""C001""]","[""L035"", ""R002"", ""R003"", ""R004"", ""R005"", ""R007"", ""C002""]",,,3.0,,asymmetric,3099.7623377994705,0.0,,869.4803959147603,1.0,,,,,,
0.0,0.0,,3145.357852427541,2,exp5:asymmetric:r007,,3.0,,0.0,0.0,hardening:asymmetric:r007,5,0.6226451818775294,8.0,2147.9652626082698,1.0,,0.6226451818775294,8.0,,9999.999999999998,Catalog then correct,,2147.9652626082698,,,,,,moderate,3194.8623499470714,684.0599338141701,0.6226451818775294,,,0.7024280136188782,3878.9222837612415,0.0,,0.0,6226.451818775294,0.3194862349947072,0.068405993381417,40007,,"[""L013"", ""L017"", ""R000"", ""R001"", ""R003"", ""R004"", ""R006"", ""R007""]","[""L013"", ""L017"", ""R000"", ""R001"", ""R003"", ""R004"", ""R006"", ""R007""]",,,3.0,,asymmetric,3031.5894688282224,0.0,,883.6242062199526,1.0,,,,,,
0.0,0.0,,3145.357852427541,2,exp5:asymmetric:r007,,3.0,,0.0,0.0,hardening:asymmetric:r007,5,0.6226451818775294,8.0,2147.9652626082698,1.0,,0.6226451818775294,8.0,,9999.999999999998,Catalog then correct,,1073.9826313041349,,,,,,moderate,3194.8623499470714,684.0599338141701,0.6226451818775294,,,0.7024280136188782,3878.9222837612415,0.5,,0.0,6226.451818775294,0.3194862349947072,0.068405993381417,40007,,"[""L013"", ""L017"", ""R000"", ""R001"", ""R003"", ""R004"", ""R006"", ""R007""]","[""L013"", ""L017"", ""R000"", ""R001"", ""R003"", ""R004"", ""R006"", ""R007""]",,,3.0,,asymmetric,3031.5894688282224,0.0,,883.6242062199526,1.0,,,,,,
1003.7523048309006,4.0,,3145.357852427541,2,exp5:asymmetric:r007,,3.0,,1003.7523048309006,0.0,hardening:asymmetric:r007,5,0.7024280136188782,8.0,2216.453816728647,1.0,,0.6226451818775294,8.0,,9999.999999999998,Catalog then correct,,0.0,,,,,,moderate,3878.9222837612415,0.0,0.7024280136188782,,,0.7024280136188782,3878.9222837612415,1.0,,4.0,7024.280136188782,0.3878922283761242,0.0,40007,,"[""L005"", ""L007"", ""L029"", ""R001"", ""R003"", ""R004"", ""R007"", ""C001""]","[""L013"", ""L017"", ""R000"", ""R001"", ""R003"", ""R004"", ""R006"", ""R007""]",,,3.0,,asymmetric,3145.357852427541,0.0,,928.904035698894,1.0,,,,,,
0.0,0.0,,3145.357852427541,2,exp5:asymmetric:r007,,3.0,,0.0,0.01,hardening:asymmetric:r007,5,0.6226451818775294,8.0,2147.9652626082698,1.0,,0.6226451818775294,8.0,,9999.999999999998,Catalog then correct,,2147.9652626082698,,,,,,moderate,3194.8623499470714,684.0599338141701,0.6226451818775294,,,0.7024280136188782,3878.9222837612415,0.0,,0.0,6226.451818775294,0.3194862349947072,0.068405993381417,40007,,"[""L013"", ""L017"", ""R000"", ""R001"", ""R003"", ""R004"", ""R006"", ""R007""]","[""L013"", ""L017"", ""R000"", ""R001"", ""R003"", ""R004"", ""R006"", ""R007""]",,,3.0,,asymmetric,3031.5894688282224,0.0,,883.6242062199526,1.0,,,,,,
0.0,0.0,,3145.357852427541,2,exp5:asymmetric:r007,,3.0,,0.0,0.01,hardening:asymmetric:r007,5,0.6226451818775294,8.0,2147.9652626082698,1.0,,0.6226451818775294,8.0,,9999.999999999998,Catalog then correct,,1073.9826313041349,,,,,,moderate,3194.8623499470714,684.0599338141701,0.6226451818775294,,,0.7024280136188782,3878.9222837612415,0.5,,0.0,6226.451818775294,0.3194862349947072,0.068405993381417,40007,,"[""L013"", ""L017"", ""R000"", ""R001"", ""R003"", ""R004"", ""R006"", ""R007""]","[""L013"", ""L017"", ""R000"", ""R001"", ""R003"", ""R004"", ""R006"", ""R007""]",,,3.0,,asymmetric,3031.5894688282224,0.0,,883.6242062199526,1.0,,,,,,
1003.7523048309006,4.0,,3145.357852427541,2,exp5:asymmetric:r007,,3.0,,1003.7523048309006,0.01,hardening:asymmetric:r007,5,0.7026423582768999,8.0,2216.453816728647,1.0,,0.6226451818775294,8.0,,9999.999999999998,Catalog then correct,,0.0,,,,,,moderate,3873.066012701521,5.856271059720712,0.7018423865129062,,,0.7024280136188782,3878.9222837612415,1.0,,4.0,7018.423865129062,0.3873066012701521,0.000585627105972,40007,,"[""L005"", ""L007"", ""L029"", ""R001"", ""R003"", ""R004"", ""R007"", ""C001""]","[""L013"", ""L017"", ""R000"", ""R001"", ""R003"", ""R004"", ""R006"", ""R007""]",,,3.0,,asymmetric,3145.357852427541,0.0,,928.9040356988936,1.0,,,,,,
0.0,0.0,,3145.357852427541,2,exp5:asymmetric:r007,,3.0,,0.0,0.1,hardening:asymmetric:r007,5,0.6226451818775294,8.0,2147.9652626082698,1.0,,0.6226451818775294,8.0,,9999.999999999998,Catalog then correct,,2147.9652626082698,,,,,,moderate,3194.8623499470714,684.0599338141701,0.6226451818775294,,,0.7024280136188782,3878.9222837612415,0.0,,0.0,6226.451818775294,0.3194862349947072,0.068405993381417,40007,,"[""L013"", ""L017"", ""R000"", ""R001"", ""R003"", ""R004"", ""R006"", ""R007""]","[""L013"", ""L017"", ""R000"", ""R001"", ""R003"", ""R004"", ""R006"", ""R007""]",,,3.0,,asymmetric,3031.5894688282224,0.0,,883.6242062199525,1.0,,,,,,
0.0,0.0,,3145.357852427541,2,exp5:asymmetric:r007,,3.0,,0.0,0.1,hardening:asymmetric:r007,5,0.6226451818775294,8.0,2147.9652626082698,1.0,,0.6226451818775294,8.0,,9999.999999999998,Catalog then correct,,1073.9826313041349,,,,,,moderate,3194.8623499470714,684.0599338141701,0.6226451818775294,,,0.7024280136188782,3878.9222837612415,0.5,,0.0,6226.451818775294,0.3194862349947072,0.068405993381417,40007,,"[""L013"", ""L017"", ""R000"", ""R001"", ""R003"", ""R004"", ""R006"", ""R007""]","[""L013"", ""L017"", ""R000"", ""R001"", ""R003"", ""R004"", ""R006"", ""R007""]",,,3.0,,asymmetric,3031.5894688282224,0.0,,883.6242062199525,1.0,,,,,,
1147.6719072043625,4.0,,3145.357852427541,2,exp5:asymmetric:r007,,3.0,,1147.6719072043625,0.1,hardening:asymmetric:r007,5,0.7128984954279275,8.0,2169.285432433696,1.0,,0.6226451818775294,8.0,,9999.999999999998,Catalog then correct,,0.0,,,,,,moderate,3912.906384619321,-33.98410085807973,0.7038731640728877,,,0.7024280136188782,3878.9222837612415,1.0,,4.0,7038.731640728877,0.3912906384619322,-0.0033984100858079,40007,,"[""L007"", ""L013"", ""L029"", ""R001"", ""R003"", ""R004"", ""R005"", ""C001""]","[""L013"", ""L017"", ""R000"", ""R001"", ""R003"", ""R004"", ""R006"", ""R007""]",,,3.0,,asymmetric,3125.825256109556,0.0,,956.5398236758602,1.0,,,,,,
0.0,0.0,,3145.357852427541,2,exp5:asymmetric:r007,,3.0,,0.0,0.25,hardening:asymmetric:r007,5,0.6226451818775294,8.0,2147.9652626082698,1.0,,0.6226451818775294,8.0,,9999.999999999998,Catalog then correct,,2147.9652626082698,,,,,,moderate,3194.8623499470714,684.0599338141701,0.6226451818775294,,,0.7024280136188782,3878.9222837612415,0.0,,0.0,6226.451818775294,0.3194862349947072,0.068405993381417,40007,,"[""L013"", ""L017"", ""R000"", ""R001"", ""R003"", ""R004"", ""R006"", ""R007""]","[""L013"", ""L017"", ""R000"", ""R001"", ""R003"", ""R004"", ""R006"", ""R007""]",,,3.0,,asymmetric,3031.5894688282224,0.0,,883.6242062199526,1.0,,,,,,
0.0,0.0,,3145.357852427541,2,exp5:asymmetric:r007,,3.0,,0.0,0.25,hardening:asymmetric:r007,5,0.6226451818775294,8.0,2147.9652626082698,1.0,,0.6226451818775294,8.0,,9999.999999999998,Catalog then correct,,1073.9826313041349,,,,,,moderate,3194.8623499470714,684.0599338141701,0.6226451818775294,,,0.7024280136188782,3878.9222837612415,0.5,,0.0,6226.451818775294,0.3194862349947072,0.068405993381417,40007,,"[""L013"", ""L017"", ""R000"", ""R001"", ""R003"", ""R004"", ""R006"", ""R007""]","[""L013"", ""L017"", ""R000"", ""R001"", ""R003"", ""R004"", ""R006"", ""R007""]",,,3.0,,asymmetric,3031.5894688282224,0.0,,883.6242062199526,1.0,,,,,,
1147.6719072043625,4.0,,3145.357852427541,2,exp5:asymmetric:r007,,3.0,,1147.6719072043625,0.25,hardening:asymmetric:r007,5,0.7128984954279275,8.0,2169.285432433696,1.0,,0.6226451818775294,8.0,,9999.999999999998,Catalog then correct,,0.0,,,,,,moderate,3789.679017203042,89.2432665581996,0.6903351670403279,,,0.7024280136188782,3878.9222837612415,1.0,,4.0,6903.35167040328,0.3789679017203042,0.0089243266558199,40007,,"[""L007"", ""L013"", ""L029"", ""R001"", ""R003"", ""R004"", ""R005"", ""C001""]","[""L013"", ""L017"", ""R000"", ""R001"", ""R003"", ""R004"", ""R006"", ""R007""]",,,3.0,,asymmetric,3113.672653200238,0.0,,944.3872207665422,1.0,,,,,,
147.33646146015505,1.0,,3186.473778113356,2,exp5:asymmetric:r008,,3.0,,736.9031062860748,0.0,hardening:asymmetric:r008,5,0.4930708745816644,6.0,2412.610626725925,1.0,,0.4566937607675246,6.0,,9999.999999999998,Catalog then correct,,2265.27416526577,,,,,,moderate,1912.3273081769305,1409.4764025430973,0.4930708745816644,,,0.637456849001466,3321.8037107200275,0.0,,1.0,4930.7087458166425,0.191232730817693,0.1409476402543097,40008,,"[""L018"", ""L030"", ""R002"", ""R006"", ""R007"", ""C001""]","[""L018"", ""R002"", ""R006"", ""R007"", ""C001"", ""C002""]",,,3.0,,asymmetric,3018.381437639712,589.5666448259198,,605.7708109137872,1.0,,,,,,
466.2950930847269,2.0,,3186.473778113356,2,exp5:asymmetric:r008,,3.0,,761.0784154976868,0.0,hardening:asymmetric:r008,5,0.5696268968356971,7.0,2436.785935937537,1.0,,0.4566937607675246,6.0,,9999.999999999998,Catalog then correct,,1132.637082632885,,,,,,moderate,2531.7998690258123,790.0038416942152,0.5696268968356971,,,0.637456849001466,3321.8037107200275,0.5,,1.0,5696.26896835697,0.2531799869025812,0.0790003841694215,40008,,"[""L018"", ""L030"", ""R002"", ""R004"", ""R006"", ""R007"", ""C001""]","[""L018"", ""R002"", ""R006"", ""R007"", ""C001"", ""C002""]",,,3.0,,asymmetric,3164.4690993311574,294.7833224129599,,727.6831633936204,1.0,,,,,,
1575.7639691307324,7.0,,3186.473778113356,2,exp5:asymmetric:r008,,3.0,,1575.7639691307324,0.0,hardening:asymmetric:r008,5,0.637456849001466,8.0,2183.3163299713306,1.0,,0.4566937607675246,6.0,,9999.999999999998,Catalog then correct,,0.0,,,,,,moderate,3321.8037107200275,0.0,0.637456849001466,,,0.637456849001466,3321.8037107200275,1.0,,5.0,6374.568490014659,0.3321803710720028,0.0,40008,,"[""L008"", ""L019"", ""L021"", ""L030"", ""R001"", ""R004"", ""R008"", ""C001""]","[""L018"", ""R002"", ""R006"", ""R007"", ""C001"", ""C002""]",,,3.0,,asymmetric,3052.764779294632,0.0,,869.4484493233008,1.0,,,,,,
147.33646146015505,1.0,,3186.473778113356,2,exp5:asymmetric:r008,,3.0,,736.9031062860748,0.01,hardening:asymmetric:r008,5,0.4930708745816644,6.0,2412.610626725925,1.0,,0.4566937607675246,6.0,,9999.999999999998,Catalog then correct,,2265.27416526577,,,,,,moderate,1909.3686000968523,1412.4351106231752,0.492707103443523,,,0.637456849001466,3321.8037107200275,0.0,,1.0,4927.071034435228,0.1909368600096852,0.1412435110623175,40008,,"[""L018"", ""L030"", ""R002"", ""R006"", ""R007"", ""C001""]","[""L018"", ""R002"", ""R006"", ""R007"", ""C001"", ""C002""]",,,3.0,,asymmetric,3017.702434338376,589.5666448259198,,605.0918076124508,1.0,,,,,,
466.2950930847269,2.0,,3186.473778113356,2,exp5:asymmetric:r008,,3.0,,761.0784154976868,0.01,hardening:asymmetric:r008,5,0.5696268968356971,7.0,2436.785935937537,1.0,,0.4566937607675246,6.0,,9999.999999999998,Catalog then correct,,1132.637082632885,,,,,,moderate,2522.40468224513,799.3990284748975,0.5684975654750154,,,0.637456849001466,3321.8037107200275,0.5,,1.0,5684.975654750153,0.252240468224513,0.0799399028474897,40008,,"[""L018"", ""L030"", ""R002"", ""R004"", ""R006"", ""R007"", ""C001""]","[""L018"", ""R002"", ""R006"", ""R007"", ""C001"", ""C002""]",,,3.0,,asymmetric,3162.570972505023,294.7833224129599,,725.7850365674857,1.0,,,,,,
1688.7540883767233,8.0,,3186.473778113356,2,exp5:asymmetric:r008,,3.0,,1688.7540883767233,0.01,hardening:asymmetric:r008,5,0.6522230830825686,9.0,2296.3064492173216,1.0,,0.4566937607675246,6.0,,9999.999999999998,Catalog then correct,,0.0,,,,,,moderate,3316.2041204808243,5.59959023920328,0.6502677898594181,,,0.637456849001466,3321.8037107200275,1.0,,5.0,6502.67789859418,0.3316204120480825,0.0005599590239203,40008,,"[""L013"", ""L019"", ""L021"", ""L030"", ""L031"", ""R001"", ""R004"", ""R008"", ""C001""]","[""L018"", ""R002"", ""R006"", ""R007"", ""C001"", ""C002""]",,,3.0,,asymmetric,3186.473778113356,0.0,,890.1673288960341,1.0,,,,,,
289.3211449564832,2.0,,3186.473778113356,2,exp5:asymmetric:r008,,3.0,,878.8877897824029,0.1,hardening:asymmetric:r008,5,0.5147908907735262,7.0,2554.5953102222534,1.0,,0.4566937607675246,6.0,,9999.999999999998,Catalog then correct,,2265.27416526577,,,,,,moderate,1903.337999615904,1418.465711104123,0.5089811777729261,,,0.637456849001466,3321.8037107200275,0.0,,1.0,5089.81177772926,0.1903337999615904,0.1418465711104123,40008,,"[""L013"", ""L018"", ""L030"", ""R002"", ""R006"", ""R007"", ""C001""]","[""L018"", ""R002"", ""R006"", ""R007"", ""C001"", ""C002""]",,,3.0,,asymmetric,3186.473778113356,589.5666448259198,,631.8784678911024,1.0,,,,,,
466.2950930847269,2.0,,3186.473778113356,2,exp5:asymmetric:r008,,3.0,,761.0784154976868,0.1,hardening:asymmetric:r008,5,0.5696268968356971,7.0,2436.785935937537,1.0,,0.4566937607675246,6.0,,9999.999999999998,Catalog then correct,,1132.637082632885,,,,,,moderate,2437.8480012189875,883.95570950104,0.5583335832288799,,,0.637456849001466,3321.8037107200275,0.5,,1.0,5583.335832288798,0.2437848001218988,0.088395570950104,40008,,"[""L018"", ""L030"", ""R002"", ""R004"", ""R006"", ""R007"", ""C001""]","[""L018"", ""R002"", ""R006"", ""R007"", ""C001"", ""C002""]",,,3.0,,asymmetric,3145.4878310698105,294.7833224129599,,708.7018951322732,1.0,,,,,,
1683.8377794450405,8.0,,3186.473778113356,2,exp5:asymmetric:r008,,3.0,,1683.8377794450405,0.1,hardening:asymmetric:r008,5,0.6587279647961477,9.0,2291.390140285638,1.0,,0.4566937607675246,6.0,,9999.999999999998,Catalog then correct,,0.0,,,,,,moderate,3210.941064413546,110.86264630648157,0.6385245443932854,,,0.637456849001466,3321.8037107200275,1.0,,5.0,6385.245443932852,0.3210941064413546,0.0110862646306481,40008,,"[""L007"", ""L019"", ""L021"", ""L030"", ""L031"", ""R001"", ""R004"", ""R008"", ""C001""]","[""L018"", ""R002"", ""R006"", ""R007"", ""C001"", ""C002""]",,,3.0,,asymmetric,3174.304379519306,0.0,,882.9142392336678,1.0,,,,,,
280.0347035302075,2.0,,3186.473778113356,2,exp5:asymmetric:r008,,3.0,,869.6013483561272,0.25,hardening:asymmetric:r008,5,0.5222726938703922,7.0,2545.3088687959776,1.0,,0.4566937607675246,6.0,,9999.999999999998,Catalog then correct,,2265.27416526577,,,,,,moderate,1873.9872094991208,1447.816501220907,0.5058779605946753,,,0.637456849001466,3321.8037107200275,0.0,,1.0,5058.779605946752,0.187398720949912,0.1447816501220907,40008,,"[""L018"", ""L021"", ""L032"", ""R002"", ""R006"", ""R007"", ""C001""]","[""L018"", ""R002"", ""R006"", ""R007"", ""C001"", ""C002""]",,,3.0,,asymmetric,3184.7923964476317,589.5666448259198,,639.4835276516538,1.0,,,,,,
466.2950930847269,2.0,,3186.473778113356,2,exp5:asymmetric:r008,,3.0,,761.0784154976868,0.25,hardening:asymmetric:r008,5,0.5696268968356971,7.0,2436.785935937537,1.0,,0.4566937607675246,6.0,,9999.999999999998,Catalog then correct,,1132.637082632885,,,,,,moderate,2296.920199508749,1024.8835112112783,0.541393612818654,,,0.637456849001466,3321.8037107200275,0.5,,1.0,5413.936128186539,0.2296920199508749,0.1024883511211278,40008,,"[""L018"", ""L030"", ""R002"", ""R004"", ""R006"", ""R007"", ""C001""]","[""L018"", ""R002"", ""R006"", ""R007"", ""C001"", ""C002""]",,,3.0,,asymmetric,3117.0159286777894,294.7833224129599,,680.2299927402523,1.0,,,,,,
1712.8323436953774,8.0,,3186.473778113356,2,exp5:asymmetric:r008,,3.0,,1712.8323436953774,0.25,hardening:asymmetric:r008,5,0.666874302266319,9.0,2320.3847045359757,1.0,,0.4566937607675246,6.0,,9999.999999999998,Catalog then correct,,0.0,,,,,,moderate,2986.546290029506,335.2574206905215,0.6143291668916204,,,0.637456849001466,3321.8037107200275,1.0,,5.0,6143.291668916203,0.2986546290029506,0.0335257420690521,40008,,"[""L007"", ""L008"", ""L019"", ""L021"", ""L030"", ""R001"", ""R004"", ""R008"", ""C001""]","[""L018"", ""R002"", ""R006"", ""R007"", ""C001"", ""C002""]",,,3.0,,asymmetric,3156.745378886697,0.0,,836.3606743507219,1.0,,,,,,
0.0,0.0,,3182.8115459264554,2,exp5:asymmetric:r009,,3.0,,0.0,0.0,hardening:asymmetric:r009,5,0.6225305708818265,10.0,2174.1838911869368,1.0,,0.6225305708818265,10.0,,10000.0,Catalog then correct,,2174.1838911869368,,,,,,moderate,3107.154684724956,1162.8805884746316,0.6225305708818265,,,0.7403374106234593,4270.035273199587,0.0,,0.0,6225.305708818265,0.3107154684724955,0.1162880588474631,40009,,"[""L004"", ""L006"", ""L007"", ""L010"", ""L018"", ""R000"", ""R001"", ""R003"", ""R005"", ""R007""]","[""L004"", ""L006"", ""L007"", ""L010"", ""L018"", ""R000"", ""R001"", ""R003"", ""R005"", ""R007""]",,,3.0,,asymmetric,3118.1510240933094,0.0,,943.9671329063726,1.0,,,,,,
0.0,0.0,,3182.8115459264554,2,exp5:asymmetric:r009,,3.0,,0.0,0.0,hardening:asymmetric:r009,5,0.6225305708818265,10.0,2174.1838911869368,1.0,,0.6225305708818265,10.0,,10000.0,Catalog then correct,,1087.0919455934684,,,,,,moderate,3107.154684724956,1162.8805884746316,0.6225305708818265,,,0.7403374106234593,4270.035273199587,0.5,,0.0,6225.305708818265,0.3107154684724955,0.1162880588474631,40009,,"[""L004"", ""L006"", ""L007"", ""L010"", ""L018"", ""R000"", ""R001"", ""R003"", ""R005"", ""R007""]","[""L004"", ""L006"", ""L007"", ""L010"", ""L018"", ""R000"", ""R001"", ""R003"", ""R005"", ""R007""]",,,3.0,,asymmetric,3118.1510240933094,0.0,,943.9671329063726,1.0,,,,,,
967.1385673472272,3.0,,3182.8115459264554,2,exp5:asymmetric:r009,,3.0,,967.1385673472272,0.0,hardening:asymmetric:r009,5,0.7403374106234593,7.0,2154.333331688701,1.0,,0.6225305708818265,10.0,,10000.0,Catalog then correct,,0.0,,,,,,moderate,4270.035273199587,0.0,0.7403374106234593,,,0.7403374106234593,4270.035273199587,1.0,,6.0,7403.374106234593,0.4270035273199587,0.0,40009,,"[""L014"", ""R001"", ""R003"", ""R004"", ""R005"", ""R007"", ""C001""]","[""L004"", ""L006"", ""L007"", ""L010"", ""L018"", ""R000"", ""R001"", ""R003"", ""R005"", ""R007""]",,,3.0,,asymmetric,3133.3388330350053,0.0,,979.0055013463044,1.0,,,,,,
0.0,0.0,,3182.8115459264554,2,exp5:asymmetric:r009,,3.0,,0.0,0.01,hardening:asymmetric:r009,5,0.6225305708818265,10.0,2174.1838911869368,1.0,,0.6225305708818265,10.0,,10000.0,Catalog then correct,,2174.1838911869368,,,,,,moderate,3107.154684724956,1162.8805884746316,0.6225305708818265,,,0.7403374106234593,4270.035273199587,0.0,,0.0,6225.305708818265,0.3107154684724955,0.1162880588474631,40009,,"[""L004"", ""L006"", ""L007"", ""L010"", ""L018"", ""R000"", ""R001"", ""R003"", ""R005"", ""R007""]","[""L004"", ""L006"", ""L007"", ""L010"", ""L018"", ""R000"", ""R001"", ""R003"", ""R005"", ""R007""]",,,3.0,,asymmetric,3118.1510240933094,0.0,,943.9671329063724,1.0,,,,,,
0.0,0.0,,3182.8115459264554,2,exp5:asymmetric:r009,,3.0,,0.0,0.01,hardening:asymmetric:r009,5,0.6225305708818265,10.0,2174.1838911869368,1.0,,0.6225305708818265,10.0,,10000.0,Catalog then correct,,1087.0919455934684,,,,,,moderate,3107.154684724956,1162.8805884746316,0.6225305708818265,,,0.7403374106234593,4270.035273199587,0.5,,0.0,6225.305708818265,0.3107154684724955,0.1162880588474631,40009,,"[""L004"", ""L006"", ""L007"", ""L010"", ""L018"", ""R000"", ""R001"", ""R003"", ""R005"", ""R007""]","[""L004"", ""L006"", ""L007"", ""L010"", ""L018"", ""R000"", ""R001"", ""R003"", ""R005"", ""R007""]",,,3.0,,asymmetric,3118.1510240933094,0.0,,943.9671329063724,1.0,,,,,,
967.1385673472272,3.0,,3182.8115459264554,2,exp5:asymmetric:r009,,3.0,,967.1385673472272,0.01,hardening:asymmetric:r009,5,0.7403374106234593,7.0,2154.333331688701,1.0,,0.6225305708818265,10.0,,10000.0,Catalog then correct,,0.0,,,,,,moderate,4258.604972909823,11.43030028976409,0.739159342226043,,,0.7403374106234593,4270.035273199587,1.0,,6.0,7391.593422260429,0.4258604972909823,0.0011430300289764,40009,,"[""L014"", ""R001"", ""R003"", ""R004"", ""R005"", ""R007"", ""C001""]","[""L004"", ""L006"", ""L007"", ""L010"", ""L018"", ""R000"", ""R001"", ""R003"", ""R005"", ""R007""]",,,3.0,,asymmetric,3132.988449350606,0.0,,978.655117661905,1.0,,,,,,
0.0,0.0,,3182.8115459264554,2,exp5:asymmetric:r009,,3.0,,0.0,0.1,hardening:asymmetric:r009,5,0.6225305708818265,10.0,2174.1838911869368,1.0,,0.6225305708818265,10.0,,10000.0,Catalog then correct,,2174.1838911869368,,,,,,moderate,3107.154684724956,1162.8805884746316,0.6225305708818265,,,0.7403374106234593,4270.035273199587,0.0,,0.0,6225.305708818265,0.3107154684724955,0.1162880588474631,40009,,"[""L004"", ""L006"", ""L007"", ""L010"", ""L018"", ""R000"", ""R001"", ""R003"", ""R005"", ""R007""]","[""L004"", ""L006"", ""L007"", ""L010"", ""L018"", ""R000"", ""R001"", ""R003"", ""R005"", ""R007""]",,,3.0,,asymmetric,3118.1510240933094,0.0,,943.9671329063729,1.0,,,,,,
0.0,0.0,,3182.8115459264554,2,exp5:asymmetric:r009,,3.0,,0.0,0.1,hardening:asymmetric:r009,5,0.6225305708818265,10.0,2174.1838911869368,1.0,,0.6225305708818265,10.0,,10000.0,Catalog then correct,,1087.0919455934684,,,,,,moderate,3107.154684724956,1162.8805884746316,0.6225305708818265,,,0.7403374106234593,4270.035273199587,0.5,,0.0,6225.305708818265,0.3107154684724955,0.1162880588474631,40009,,"[""L004"", ""L006"", ""L007"", ""L010"", ""L018"", ""R000"", ""R001"", ""R003"", ""R005"", ""R007""]","[""L004"", ""L006"", ""L007"", ""L010"", ""L018"", ""R000"", ""R001"", ""R003"", ""R005"", ""R007""]",,,3.0,,asymmetric,3118.1510240933094,0.0,,943.9671329063729,1.0,,,,,,
967.1385673472272,3.0,,3182.8115459264554,2,exp5:asymmetric:r009,,3.0,,967.1385673472272,0.1,hardening:asymmetric:r009,5,0.7403374106234593,7.0,2154.333331688701,1.0,,0.6225305708818265,10.0,,10000.0,Catalog then correct,,0.0,,,,,,moderate,4155.732270301948,114.30300289763908,0.7285567266492959,,,0.7403374106234593,4270.035273199587,1.0,,6.0,7285.567266492961,0.4155732270301948,0.0114303002897639,40009,,"[""L014"", ""R001"", ""R003"", ""R004"", ""R005"", ""R007"", ""C001""]","[""L004"", ""L006"", ""L007"", ""L010"", ""L018"", ""R000"", ""R001"", ""R003"", ""R005"", ""R007""]",,,3.0,,asymmetric,3129.8349961910126,0.0,,975.5016645023112,1.0,,,,,,
0.0,0.0,,3182.8115459264554,2,exp5:asymmetric:r009,,3.0,,0.0,0.25,hardening:asymmetric:r009,5,0.6225305708818265,10.0,2174.1838911869368,1.0,,0.6225305708818265,10.0,,10000.0,Catalog then correct,,2174.1838911869368,,,,,,moderate,3107.1546847249547,1162.8805884746323,0.6225305708818265,,,0.7403374106234593,4270.035273199587,0.0,,0.0,6225.305708818264,0.3107154684724955,0.1162880588474632,40009,,"[""L004"", ""L006"", ""L007"", ""L010"", ""L018"", ""R000"", ""R001"", ""R003"", ""R005"", ""R007""]","[""L004"", ""L006"", ""L007"", ""L010"", ""L018"", ""R000"", ""R001"", ""R003"", ""R005"", ""R007""]",,,3.0,,asymmetric,3118.1510240933094,0.0,,943.9671329063726,1.0,,,,,,
0.0,0.0,,3182.8115459264554,2,exp5:asymmetric:r009,,3.0,,0.0,0.25,hardening:asymmetric:r009,5,0.6225305708818265,10.0,2174.1838911869368,1.0,,0.6225305708818265,10.0,,10000.0,Catalog then correct,,1087.0919455934684,,,,,,moderate,3107.1546847249547,1162.8805884746323,0.6225305708818265,,,0.7403374106234593,4270.035273199587,0.5,,0.0,6225.305708818264,0.3107154684724955,0.1162880588474632,40009,,"[""L004"", ""L006"", ""L007"", ""L010"", ""L018"", ""R000"", ""R001"", ""R003"", ""R005"", ""R007""]","[""L004"", ""L006"", ""L007"", ""L010"", ""L018"", ""R000"", ""R001"", ""R003"", ""R005"", ""R007""]",,,3.0,,asymmetric,3118.1510240933094,0.0,,943.9671329063726,1.0,,,,,,
967.1385673472272,3.0,,3182.8115459264554,2,exp5:asymmetric:r009,,3.0,,967.1385673472272,0.25,hardening:asymmetric:r009,5,0.7403374106234593,7.0,2154.333331688701,1.0,,0.6225305708818265,10.0,,10000.0,Catalog then correct,,0.0,,,,,,moderate,3984.277765955488,285.75750724409954,0.7108857006880511,,,0.7403374106234593,4270.035273199587,1.0,,6.0,7108.85700688051,0.3984277765955488,0.0285757507244099,40009,,"[""L014"", ""R001"", ""R003"", ""R004"", ""R005"", ""R007"", ""C001""]","[""L004"", ""L006"", ""L007"", ""L010"", ""L018"", ""R000"", ""R001"", ""R003"", ""R005"", ""R007""]",,,3.0,,asymmetric,3124.5792409250225,0.0,,970.2459092363214,1.0,,,,,,
165.25142350265426,1.0,,3145.9474472763204,2,exp5:asymmetric:r010,,3.0,,165.25142350265426,0.0,hardening:asymmetric:r010,5,0.5600577944061327,8.0,2206.3522307262783,1.0,,0.5148284838763731,7.0,,10000.0,Catalog then correct,,2041.100807223624,,,,,,moderate,2543.3007618250604,1618.0199715485105,0.5600577944061327,,,0.72317203536194,4161.320733373571,0.0,,0.0,5600.577944061328,0.254330076182506,0.161801997154851,40010,,"[""L015"", ""L034"", ""R001"", ""R004"", ""R005"", ""R006"", ""R007"", ""C002""]","[""L034"", ""R001"", ""R004"", ""R005"", ""R006"", ""R007"", ""C002""]",,,3.0,,asymmetric,3057.2771822362674,0.0,,850.9249515099889,1.0,,,,,,
446.7551939992246,3.0,,3145.9474472763204,2,exp5:asymmetric:r010,,3.0,,766.092086245869,0.0,hardening:asymmetric:r010,5,0.6187540617554967,8.0,2168.5191089762043,1.0,,0.5148284838763731,7.0,,10000.0,Catalog then correct,,1020.550403611812,,,,,,moderate,3043.3787617964367,1117.9419715771342,0.6187540617554967,,,0.72317203536194,4161.320733373571,0.5,,2.0,6187.540617554969,0.3043378761796437,0.1117941971577134,40010,,"[""L009"", ""L014"", ""L015"", ""R001"", ""R004"", ""R005"", ""R006"", ""R007""]","[""L034"", ""R001"", ""R004"", ""R005"", ""R006"", ""R007"", ""C002""]",,,3.0,,asymmetric,3144.161855758532,319.3368922466445,,975.6427467823275,1.0,,,,,,
958.624684612427,4.0,,3145.9474472763204,2,exp5:asymmetric:r010,,3.0,,958.624684612427,0.0,hardening:asymmetric:r010,5,0.72317203536194,8.0,2070.1653555522826,1.0,,0.5148284838763731,7.0,,10000.0,Catalog then correct,,0.0,,,,,,moderate,4161.320733373571,0.0,0.72317203536194,,,0.72317203536194,4161.320733373571,1.0,,3.0,7231.720353619402,0.4161320733373571,0.0,40010,,"[""L009"", ""L014"", ""L015"", ""R001"", ""R004"", ""R005"", ""R007"", ""C001""]","[""L034"", ""R001"", ""R004"", ""R005"", ""R006"", ""R007"", ""C002""]",,,3.0,,asymmetric,3070.399620245831,0.0,,1000.2342646935488,1.0,,,,,,
165.25142350265426,1.0,,3145.9474472763204,2,exp5:asymmetric:r010,,3.0,,165.25142350265426,0.01,hardening:asymmetric:r010,5,0.5600577944061327,8.0,2206.3522307262783,1.0,,0.5148284838763731,7.0,,10000.0,Catalog then correct,,2041.100807223624,,,,,,moderate,2539.812200629286,1621.5085327442848,0.5596055013008351,,,0.72317203536194,4161.320733373571,0.0,,0.0,5596.055013008351,0.2539812200629286,0.1621508532744285,40010,,"[""L015"", ""L034"", ""R001"", ""R004"", ""R005"", ""R006"", ""R007"", ""C002""]","[""L034"", ""R001"", ""R004"", ""R005"", ""R006"", ""R007"", ""C002""]",,,3.0,,asymmetric,3056.242812379065,0.0,,849.8905816527865,1.0,,,,,,
446.7551939992246,3.0,,3145.9474472763204,2,exp5:asymmetric:r010,,3.0,,766.092086245869,0.01,hardening:asymmetric:r010,5,0.6187540617554967,8.0,2168.5191089762043,1.0,,0.5148284838763731,7.0,,10000.0,Catalog then correct,,1020.550403611812,,,,,,moderate,3035.267751818451,1126.05298155512,0.6177148059767055,,,0.72317203536194,4161.320733373571,0.5,,2.0,6177.148059767057,0.3035267751818451,0.1126052981555119,40010,,"[""L009"", ""L014"", ""L015"", ""R001"", ""R004"", ""R005"", ""R006"", ""R007""]","[""L034"", ""R001"", ""R004"", ""R005"", ""R006"", ""R007"", ""C002""]",,,3.0,,asymmetric,3141.880307948606,319.3368922466445,,973.361198972402,1.0,,,,,,
1278.5814452041418,6.0,,3145.9474472763204,2,exp5:asymmetric:r010,,3.0,,1278.5814452041418,0.01,hardening:asymmetric:r010,5,0.7280337069641335,9.0,2097.8732356980004,1.0,,0.5148284838763731,7.0,,10000.0,Catalog then correct,,0.0,,,,,,moderate,4113.069100056239,48.25163331733165,0.7259016547332559,,,0.72317203536194,4161.320733373571,1.0,,4.0,7259.01654733256,0.4113069100056239,0.0048251633317331,40010,,"[""L002"", ""L009"", ""L014"", ""L015"", ""L026"", ""R001"", ""R004"", ""R007"", ""C001""]","[""L034"", ""R001"", ""R004"", ""R005"", ""R006"", ""R007"", ""C002""]",,,3.0,,asymmetric,3145.9474472763204,0.0,,1048.07421157832,1.0,,,,,,
165.25142350265426,1.0,,3145.9474472763204,2,exp5:asymmetric:r010,,3.0,,165.25142350265426,0.1,hardening:asymmetric:r010,5,0.5600577944061327,8.0,2206.3522307262783,1.0,,0.5148284838763731,7.0,,10000.0,Catalog then correct,,2041.100807223624,,,,,,moderate,2508.4151498673223,1652.9055835062486,0.5555348633531567,,,0.72317203536194,4161.320733373571,0.0,,0.0,5555.348633531567,0.2508415149867322,0.1652905583506248,40010,,"[""L015"", ""L034"", ""R001"", ""R004"", ""R005"", ""R006"", ""R007"", ""C002""]","[""L034"", ""R001"", ""R004"", ""R005"", ""R006"", ""R007"", ""C002""]",,,3.0,,asymmetric,3046.933483664245,0.0,,840.5812529379668,1.0,,,,,,
446.7551939992246,3.0,,3145.9474472763204,2,exp5:asymmetric:r010,,3.0,,766.092086245869,0.1,hardening:asymmetric:r010,5,0.6187540617554967,8.0,2168.5191089762043,1.0,,0.5148284838763731,7.0,,10000.0,Catalog then correct,,1020.550403611812,,,,,,moderate,2962.2686620165687,1199.0520713570022,0.6083615039675844,,,0.72317203536194,4161.320733373571,0.5,,2.0,6083.615039675845,0.2962268662016569,0.1199052071357002,40010,,"[""L009"", ""L014"", ""L015"", ""R001"", ""R004"", ""R005"", ""R006"", ""R007""]","[""L034"", ""R001"", ""R004"", ""R005"", ""R006"", ""R007"", ""C002""]",,,3.0,,asymmetric,3121.346377659276,319.3368922466445,,952.827268683072,1.0,,,,,,
1278.5814452041418,6.0,,3145.9474472763204,2,exp5:asymmetric:r010,,3.0,,1278.5814452041418,0.1,hardening:asymmetric:r010,5,0.7385669086023127,9.0,2097.8732356980004,1.0,,0.5148284838763731,7.0,,10000.0,Catalog then correct,,0.0,,,,,,moderate,4021.3064118803386,140.01432149323227,0.7161930661297187,,,0.72317203536194,4161.320733373571,1.0,,4.0,7161.930661297188,0.4021306411880339,0.0140014321493232,40010,,"[""L002"", ""L009"", ""L014"", ""L015"", ""L026"", ""R001"", ""R004"", ""R007"", ""C001""]","[""L034"", ""R001"", ""R004"", ""R005"", ""R006"", ""R007"", ""C002""]",,,3.0,,asymmetric,3140.624249416849,0.0,,1042.751013718849,1.0,,,,,,
165.25142350265426,1.0,,3145.9474472763204,2,exp5:asymmetric:r010,,3.0,,165.25142350265426,0.25,hardening:asymmetric:r010,5,0.5600577944061327,8.0,2206.3522307262783,1.0,,0.5148284838763731,7.0,,10000.0,Catalog then correct,,2041.100807223624,,,,,,moderate,2456.086731930715,1705.234001442856,0.5487504667736928,,,0.72317203536194,4161.320733373571,0.0,,0.0,5487.504667736927,0.2456086731930715,0.1705234001442856,40010,,"[""L015"", ""L034"", ""R001"", ""R004"", ""R005"", ""R006"", ""R007"", ""C002""]","[""L034"", ""R001"", ""R004"", ""R005"", ""R006"", ""R007"", ""C002""]",,,3.0,,asymmetric,3031.4179358062124,0.0,,825.065705079934,1.0,,,,,,
446.7551939992246,3.0,,3145.9474472763204,2,exp5:asymmetric:r010,,3.0,,766.092086245869,0.25,hardening:asymmetric:r010,5,0.6187540617554967,8.0,2168.5191089762043,1.0,,0.5148284838763731,7.0,,10000.0,Catalog then correct,,1020.550403611812,,,,,,moderate,2840.6035123467677,1320.7172210268036,0.5927726672857159,,,0.72317203536194,4161.320733373571,0.5,,2.0,5927.726672857159,0.2840603512346767,0.1320717221026803,40010,,"[""L009"", ""L014"", ""L015"", ""R001"", ""R004"", ""R005"", ""R006"", ""R007""]","[""L034"", ""R001"", ""R004"", ""R005"", ""R006"", ""R007"", ""C002""]",,,3.0,,asymmetric,3087.123160510392,319.3368922466445,,918.604051534188,1.0,,,,,,
1278.5814452041418,6.0,,3145.9474472763204,2,exp5:asymmetric:r010,,3.0,,1278.5814452041418,0.25,hardening:asymmetric:r010,5,0.7385669086023127,9.0,2097.8732356980004,1.0,,0.5148284838763731,7.0,,10000.0,Catalog then correct,,0.0,,,,,,moderate,3734.9092827796094,426.4114505939615,0.6826323024208278,,,0.72317203536194,4161.320733373571,1.0,,4.0,6826.323024208279,0.3734909282779609,0.0426411450593961,40010,,"[""L002"", ""L009"", ""L014"", ""L015"", ""L026"", ""R001"", ""R004"", ""R007"", ""C001""]","[""L034"", ""R001"", ""R004"", ""R005"", ""R006"", ""R007"", ""C002""]",,,3.0,,asymmetric,3091.4137414286697,0.0,,993.5405057306692,1.0,,,,,,
143.23145297742911,1.0,,3167.666805407142,2,exp5:asymmetric:r011,,3.0,,707.6932510438651,0.0,hardening:asymmetric:r011,5,0.538342548422247,7.0,2283.7884538423264,1.0,,0.4940941290043287,7.0,,10000.000000000002,Catalog then correct,,2140.5570008648974,,,,,,moderate,2290.364667590657,1802.566974269886,0.538342548422247,,,0.7203597254422129,4092.931641860543,0.0,,1.0,5383.425484222472,0.2290364667590656,0.1802566974269885,40011,,"[""L006"", ""L030"", ""R002"", ""R003"", ""R004"", ""R006"", ""R008""]","[""L006"", ""R002"", ""R003"", ""R004"", ""R006"", ""R008"", ""C002""]",,,3.0,,asymmetric,3093.0608166318148,564.461798066436,,809.2723627894884,1.0,,,,,,
302.10840890088014,2.0,,3167.666805407142,2,exp5:asymmetric:r011,,3.0,,584.3393079340981,0.0,hardening:asymmetric:r011,5,0.5819727581470419,8.0,2160.4345107325594,1.0,,0.4940941290043287,7.0,,10000.000000000002,Catalog then correct,,1070.2785004324487,,,,,,moderate,2768.318451380177,1324.613190480366,0.5819727581470419,,,0.7203597254422129,4092.931641860543,0.5,,1.0,5819.727581470419,0.2768318451380177,0.1324613190480365,40011,,"[""L006"", ""L019"", ""L030"", ""R002"", ""R003"", ""R004"", ""R006"", ""R008""]","[""L006"", ""R002"", ""R003"", ""R004"", ""R006"", ""R008"", ""C002""]",,,3.0,,asymmetric,3051.409130090242,282.230899033218,,890.9746193576824,1.0,,,,,,
877.0682304580823,3.0,,3167.666805407142,2,exp5:asymmetric:r011,,3.0,,877.0682304580823,0.0,hardening:asymmetric:r011,5,0.7203597254422129,8.0,2162.877545952941,1.0,,0.4940941290043287,7.0,,10000.000000000002,Catalog then correct,,0.0,,,,,,moderate,4092.931641860543,0.0,0.7203597254422129,,,0.7203597254422129,4092.931641860543,1.0,,2.0,7203.597254422131,0.4092931641860542,0.0,40011,,"[""L006"", ""L015"", ""L030"", ""R002"", ""R003"", ""R006"", ""R008"", ""C001""]","[""L006"", ""R002"", ""R003"", ""R004"", ""R006"", ""R008"", ""C002""]",,,3.0,,asymmetric,3110.665612561588,0.0,,947.7880666086472,1.0,,,,,,
143.23145297742911,1.0,,3167.666805407142,2,exp5:asymmetric:r011,,3.0,,707.6932510438651,0.01,hardening:asymmetric:r011,5,0.538342548422247,7.0,2283.7884538423264,1.0,,0.4940941290043287,7.0,,10000.000000000002,Catalog then correct,,2140.5570008648974,,,,,,moderate,2286.681145790757,1806.250496069786,0.5379000642280679,,,0.7203597254422129,4092.931641860543,0.0,,1.0,5379.000642280679,0.2286681145790756,0.1806250496069786,40011,,"[""L006"", ""L030"", ""R002"", ""R003"", ""R004"", ""R006"", ""R008""]","[""L006"", ""R002"", ""R003"", ""R004"", ""R006"", ""R008"", ""C002""]",,,3.0,,asymmetric,3092.319496489922,564.461798066436,,808.531042647596,1.0,,,,,,
302.10840890088014,2.0,,3167.666805407142,2,exp5:asymmetric:r011,,3.0,,584.3393079340981,0.01,hardening:asymmetric:r011,5,0.5819727581470419,8.0,2160.4345107325594,1.0,,0.4940941290043287,7.0,,10000.000000000002,Catalog then correct,,1070.2785004324487,,,,,,moderate,2761.088931173479,1331.842710687064,0.5810939718556147,,,0.7203597254422129,4092.931641860543,0.5,,1.0,5810.9397185561465,0.2761088931173479,0.1331842710687063,40011,,"[""L006"", ""L019"", ""L030"", ""R002"", ""R003"", ""R004"", ""R006"", ""R008""]","[""L006"", ""R002"", ""R003"", ""R004"", ""R006"", ""R008"", ""C002""]",,,3.0,,asymmetric,3049.8507873826675,282.230899033218,,889.4162766501081,1.0,,,,,,
877.0682304580823,3.0,,3167.666805407142,2,exp5:asymmetric:r011,,3.0,,877.0682304580823,0.01,hardening:asymmetric:r011,5,0.7203597254422129,8.0,2162.877545952941,1.0,,0.4940941290043287,7.0,,10000.000000000002,Catalog then correct,,0.0,,,,,,moderate,4072.431559396837,20.50008246370589,0.7180970694778341,,,0.7203597254422129,4092.931641860543,1.0,,2.0,7180.970694778342,0.4072431559396836,0.0020500082463705,40011,,"[""L006"", ""L015"", ""L030"", ""R002"", ""R003"", ""R006"", ""R008"", ""C001""]","[""L006"", ""R002"", ""R003"", ""R004"", ""R006"", ""R008"", ""C002""]",,,3.0,,asymmetric,3108.5391353815044,0.0,,945.6615894285632,1.0,,,,,,
143.23145297742911,1.0,,3167.666805407142,2,exp5:asymmetric:r011,,3.0,,707.6932510438651,0.1,hardening:asymmetric:r011,5,0.538342548422247,7.0,2283.7884538423264,1.0,,0.4940941290043287,7.0,,10000.000000000002,Catalog then correct,,2140.5570008648974,,,,,,moderate,2253.529449591662,1839.4021922688808,0.5339177064804552,,,0.7203597254422129,4092.931641860543,0.0,,1.0,5339.177064804553,0.2253529449591661,0.183940219226888,40011,,"[""L006"", ""L030"", ""R002"", ""R003"", ""R004"", ""R006"", ""R008""]","[""L006"", ""R002"", ""R003"", ""R004"", ""R006"", ""R008"", ""C002""]",,,3.0,,asymmetric,3085.647615212891,564.461798066436,,801.8591613705648,1.0,,,,,,
302.10840890088014,2.0,,3167.666805407142,2,exp5:asymmetric:r011,,3.0,,584.3393079340981,0.1,hardening:asymmetric:r011,5,0.5819727581470419,8.0,2160.4345107325594,1.0,,0.4940941290043287,7.0,,10000.000000000002,Catalog then correct,,1070.2785004324487,,,,,,moderate,2696.023249313207,1396.908392547336,0.5731848952327706,,,0.7203597254422129,4092.931641860543,0.5,,1.0,5731.848952327706,0.2696023249313206,0.1396908392547335,40011,,"[""L006"", ""L019"", ""L030"", ""R002"", ""R003"", ""R004"", ""R006"", ""R008""]","[""L006"", ""R002"", ""R003"", ""R004"", ""R006"", ""R008"", ""C002""]",,,3.0,,asymmetric,3035.8257030144987,282.230899033218,,875.3911922819394,1.0,,,,,,
857.6506614478284,3.0,,3167.666805407142,2,exp5:asymmetric:r011,,3.0,,857.6506614478284,0.1,hardening:asymmetric:r011,5,0.7190983028977743,8.0,2143.4599769426877,1.0,,0.4940941290043287,7.0,,10000.000000000002,Catalog then correct,,0.0,,,,,,moderate,3888.113771934932,204.81786992561135,0.6965978855084298,,,0.7203597254422129,4092.931641860543,1.0,,2.0,6965.978855084297,0.3888113771934931,0.0204817869925611,40011,,"[""L006"", ""L030"", ""L033"", ""R002"", ""R003"", ""R006"", ""R008"", ""C001""]","[""L006"", ""R002"", ""R003"", ""R004"", ""R006"", ""R008"", ""C002""]",,,3.0,,asymmetric,3077.865083149365,0.0,,934.405106206678,1.0,,,,,,
143.23145297742911,1.0,,3167.666805407142,2,exp5:asymmetric:r011,,3.0,,707.6932510438651,0.25,hardening:asymmetric:r011,5,0.538342548422247,7.0,2283.7884538423264,1.0,,0.4940941290043287,7.0,,10000.000000000002,Catalog then correct,,2140.5570008648974,,,,,,moderate,2198.2766225931696,1894.6550192673733,0.5272804435677675,,,0.7203597254422129,4092.931641860543,0.0,,1.0,5272.804435677675,0.2198276622593169,0.1894655019267373,40011,,"[""L006"", ""L030"", ""R002"", ""R003"", ""R004"", ""R006"", ""R008""]","[""L006"", ""R002"", ""R003"", ""R004"", ""R006"", ""R008"", ""C002""]",,,3.0,,asymmetric,3074.527813084506,564.461798066436,,790.7393592421794,1.0,,,,,,
422.88133163936953,3.0,,3167.666805407142,2,exp5:asymmetric:r011,,3.0,,705.1122306725875,0.25,hardening:asymmetric:r011,5,0.6052370010964174,9.0,2281.2074334710487,1.0,,0.4940941290043287,7.0,,10000.000000000002,Catalog then correct,,1070.2785004324487,,,,,,moderate,2606.8460253268104,1486.0856165337327,0.5774512830733952,,,0.7203597254422129,4092.931641860543,0.5,,1.0,5774.512830733952,0.260684602532681,0.1486085616533732,40011,,"[""L006"", ""L007"", ""L030"", ""L033"", ""R002"", ""R003"", ""R004"", ""R006"", ""R008""]","[""L006"", ""R002"", ""R003"", ""R004"", ""R006"", ""R008"", ""C002""]",,,3.0,,asymmetric,3167.666805407141,282.230899033218,,886.4593719360929,1.0,,,,,,
857.6506614478284,3.0,,3167.666805407142,2,exp5:asymmetric:r011,,3.0,,857.6506614478284,0.25,hardening:asymmetric:r011,5,0.7190983028977743,8.0,2143.4599769426877,1.0,,0.4940941290043287,7.0,,10000.000000000002,Catalog then correct,,0.0,,,,,,moderate,3583.8183040291683,509.1133378313748,0.6628472594244129,,,0.7203597254422129,4092.931641860543,1.0,,2.0,6628.472594244129,0.3583818304029167,0.0509113337831374,40011,,"[""L006"", ""L030"", ""L033"", ""R002"", ""R003"", ""R006"", ""R008"", ""C001""]","[""L006"", ""R002"", ""R003"", ""R004"", ""R006"", ""R008"", ""C002""]",,,3.0,,asymmetric,3044.654290214961,0.0,,901.1943132722736,1.0,,,,,,
141.9759266099407,1.0,,3192.8536656157503,2,exp5:asymmetric:r012,,3.0,,141.9759266099407,0.0,hardening:asymmetric:r012,5,0.5264040636703052,8.0,2300.764102980625,1.0,,0.4821801382911561,7.0,,10000.000000000004,Catalog then correct,,2158.788176370684,,,,,,moderate,2217.264649426042,2088.2893697538043,0.5264040636703052,,,0.7395417490007237,4305.554019179846,0.0,,0.0,5264.040636703052,0.2217264649426041,0.2088289369753803,40012,,"[""L015"", ""L031"", ""R000"", ""R001"", ""R003"", ""R004"", ""R005"", ""C000""]","[""L015"", ""R000"", ""R001"", ""R003"", ""R004"", ""R005"", ""C000""]",,,3.0,,asymmetric,3046.77598727701,0.0,,746.0118842963847,1.0,,,,,,
604.6061800553261,1.0,,3192.8536656157503,2,exp5:asymmetric:r012,,3.0,,1012.554434491099,0.0,hardening:asymmetric:r012,5,0.6556726339172338,6.0,2355.4461019902374,1.0,,0.4821801382911561,7.0,,10000.000000000004,Catalog then correct,,1079.394088185342,,,,,,moderate,3363.8726735565874,941.681345623259,0.6556726339172338,,,0.7395417490007237,4305.554019179846,0.5,,2.0,6556.726339172337,0.3363872673556586,0.0941681345623258,40012,,"[""L015"", ""R000"", ""R001"", ""R004"", ""R005"", ""C001""]","[""L015"", ""R000"", ""R001"", ""R003"", ""R004"", ""R005"", ""C000""]",,,3.0,,asymmetric,3192.85366561575,407.9482544357728,,837.4075636255126,1.0,,,,,,
1214.0331081226966,3.0,,3192.8536656157503,2,exp5:asymmetric:r012,,3.0,,1214.0331081226966,0.0,hardening:asymmetric:r012,5,0.7395417490007237,6.0,2134.336376379076,1.0,,0.4821801382911561,7.0,,10000.000000000004,Catalog then correct,,0.0,,,,,,moderate,4305.554019179846,0.0,0.7395417490007237,,,0.7395417490007237,4305.554019179846,1.0,,4.0,7395.417490007237,0.4305554019179844,0.0,40012,,"[""R000"", ""R004"", ""R005"", ""R007"", ""R008"", ""C001""]","[""L015"", ""R000"", ""R001"", ""R003"", ""R004"", ""R005"", ""C000""]",,,3.0,,asymmetric,3089.86347082739,0.0,,955.5270944483142,1.0,,,,,,
141.9759266099407,1.0,,3192.8536656157503,2,exp5:asymmetric:r012,,3.0,,141.9759266099407,0.01,hardening:asymmetric:r012,5,0.5264040636703052,8.0,2300.764102980625,1.0,,0.4821801382911561,7.0,,10000.000000000004,Catalog then correct,,2158.788176370684,,,,,,moderate,2213.5965910697605,2091.957428110086,0.5259618244165137,,,0.7395417490007237,4305.554019179846,0.0,,0.0,5259.618244165137,0.2213596591069759,0.2091957428110085,40012,,"[""L015"", ""L031"", ""R000"", ""R001"", ""R003"", ""R004"", ""R005"", ""C000""]","[""L015"", ""R000"", ""R001"", ""R003"", ""R004"", ""R005"", ""C000""]",,,3.0,,asymmetric,3046.0216530953767,0.0,,745.2575501147516,1.0,,,,,,
604.6061800553261,1.0,,3192.8536656157503,2,exp5:asymmetric:r012,,3.0,,1012.554434491099,0.01,hardening:asymmetric:r012,5,0.6566513641569701,6.0,2355.4461019902374,1.0,,0.4821801382911561,7.0,,10000.000000000004,Catalog then correct,,1079.394088185342,,,,,,moderate,3356.2128533673704,949.341165812476,0.654906651898312,,,0.7395417490007237,4305.554019179846,0.5,,2.0,6549.066518983121,0.3356212853367369,0.0949341165812475,40012,,"[""L015"", ""R000"", ""R001"", ""R004"", ""R005"", ""C001""]","[""L015"", ""R000"", ""R001"", ""R003"", ""R004"", ""R005"", ""C000""]",,,3.0,,asymmetric,3192.8536656157503,407.9482544357728,,837.4075636255127,1.0,,,,,,
1214.0331081226966,3.0,,3192.8536656157503,2,exp5:asymmetric:r012,,3.0,,1214.0331081226966,0.01,hardening:asymmetric:r012,5,0.7395417490007237,6.0,2134.336376379076,1.0,,0.4821801382911561,7.0,,10000.000000000004,Catalog then correct,,0.0,,,,,,moderate,4282.667344392043,22.886674787803717,0.736968132893628,,,0.7395417490007237,4305.554019179846,1.0,,4.0,7369.681328936281,0.4282667344392041,0.0022886674787803,40012,,"[""R000"", ""R004"", ""R005"", ""R007"", ""R008"", ""C001""]","[""L015"", ""R000"", ""R001"", ""R003"", ""R004"", ""R005"", ""C000""]",,,3.0,,asymmetric,3087.0139845442377,0.0,,952.6776081651618,1.0,,,,,,
269.5748551388876,1.0,,3192.8536656157503,2,exp5:asymmetric:r012,,3.0,,269.5748551388876,0.1,hardening:asymmetric:r012,5,0.5454289161042292,8.0,2428.363031509572,1.0,,0.4821801382911561,7.0,,10000.000000000004,Catalog then correct,,2158.788176370684,,,,,,moderate,2198.1867176134697,2107.3673015663767,0.5391040383229219,,,0.7395417490007237,4305.554019179846,0.0,,0.0,5391.04038322922,0.2198186717613469,0.2107367301566376,40012,,"[""L015"", ""R000"", ""R001"", ""R003"", ""R004"", ""R005"", ""R007"", ""C000""]","[""L015"", ""R000"", ""R001"", ""R003"", ""R004"", ""R005"", ""C000""]",,,3.0,,asymmetric,3192.85366561575,0.0,,764.4906341061783,1.0,,,,,,
604.6061800553261,1.0,,3192.8536656157503,2,exp5:asymmetric:r012,,3.0,,1012.554434491099,0.1,hardening:asymmetric:r012,5,0.6600920817038022,6.0,2355.4461019902374,1.0,,0.4821801382911561,7.0,,10000.000000000004,Catalog then correct,,1079.394088185342,,,,,,moderate,3239.928537852386,1065.6254813274604,0.6423008873625375,,,0.7395417490007237,4305.554019179846,0.5,,2.0,6423.008873625375,0.3239928537852384,0.106562548132746,40012,,"[""L015"", ""R000"", ""R001"", ""R004"", ""R005"", ""C001""]","[""L015"", ""R000"", ""R001"", ""R003"", ""R004"", ""R005"", ""C000""]",,,3.0,,asymmetric,3183.0803357729887,407.9482544357728,,827.6342337827514,1.0,,,,,,
1214.0331081226966,3.0,,3192.8536656157503,2,exp5:asymmetric:r012,,3.0,,1214.0331081226966,0.1,hardening:asymmetric:r012,5,0.7395417490007237,6.0,2134.336376379076,1.0,,0.4821801382911561,7.0,,10000.000000000004,Catalog then correct,,0.0,,,,,,moderate,4076.687271301802,228.8667478780444,0.7138055879297669,,,0.7395417490007237,4305.554019179846,1.0,,4.0,7138.055879297669,0.40766872713018,0.0228866747878044,40012,,"[""R000"", ""R004"", ""R005"", ""R007"", ""R008"", ""C001""]","[""L015"", ""R000"", ""R001"", ""R003"", ""R004"", ""R005"", ""C000""]",,,3.0,,asymmetric,3061.368607995867,0.0,,927.032231616791,1.0,,,,,,
269.5748551388876,1.0,,3192.8536656157503,2,exp5:asymmetric:r012,,3.0,,269.5748551388876,0.25,hardening:asymmetric:r012,5,0.5540790853153975,8.0,2428.363031509572,1.0,,0.4821801382911561,7.0,,10000.000000000004,Catalog then correct,,2158.788176370684,,,,,,moderate,2172.412152371423,2133.1418668084234,0.5361043485593371,,,0.7395417490007237,4305.554019179846,0.0,,0.0,5361.043485593371,0.2172412152371422,0.2133141866808422,40012,,"[""L015"", ""R000"", ""R001"", ""R003"", ""R004"", ""R005"", ""R007"", ""C000""]","[""L015"", ""R000"", ""R001"", ""R003"", ""R004"", ""R005"", ""C000""]",,,3.0,,asymmetric,3188.631333221948,0.0,,760.2683017123762,1.0,,,,,,
604.6061800553261,1.0,,3192.8536656157503,2,exp5:asymmetric:r012,,3.0,,1012.554434491099,0.25,hardening:asymmetric:r012,5,0.6600920817038021,6.0,2355.4461019902374,1.0,,0.4821801382911561,7.0,,10000.000000000004,Catalog then correct,,1079.394088185342,,,,,,moderate,2999.236584008361,1306.3174351714852,0.6156140958506405,,,0.7395417490007237,4305.554019179846,0.5,,2.0,6156.140958506405,0.299923658400836,0.1306317435171484,40012,,"[""L015"", ""R000"", ""R001"", ""R004"", ""R005"", ""C001""]","[""L015"", ""R000"", ""R001"", ""R003"", ""R004"", ""R005"", ""C000""]",,,3.0,,asymmetric,3156.904374498044,407.9482544357728,,801.4582725078062,1.0,,,,,,
1214.0331081226966,3.0,,3192.8536656157503,2,exp5:asymmetric:r012,,3.0,,1214.0331081226966,0.25,hardening:asymmetric:r012,5,0.7395417490007237,6.0,2134.336376379076,1.0,,0.4821801382911561,7.0,,10000.000000000004,Catalog then correct,,0.0,,,,,,moderate,3733.387149484736,572.1668696951106,0.6752013463233317,,,0.7395417490007237,4305.554019179846,1.0,,4.0,6752.013463233317,0.3733387149484734,0.057216686969511,40012,,"[""R000"", ""R004"", ""R005"", ""R007"", ""R008"", ""C001""]","[""L015"", ""R000"", ""R001"", ""R003"", ""R004"", ""R005"", ""C000""]",,,3.0,,asymmetric,3018.6263137485817,0.0,,884.2899373695059,1.0,,,,,,
0.0,0.0,,3215.031053233879,2,exp5:asymmetric:r013,,3.0,,0.0,0.0,hardening:asymmetric:r013,5,0.6665520397665059,7.0,2290.8270834788004,1.0,,0.6665520397665059,7.0,,9999.999999999998,Catalog then correct,,2290.8270834788004,,,,,,moderate,3612.161615845702,692.4217388407433,0.6665520397665059,,,0.7429661732655479,4304.583354686445,0.0,,0.0,6665.520397665056,0.3612161615845702,0.0692421738840743,40013,,"[""R001"", ""R002"", ""R004"", ""R005"", ""R006"", ""R008"", ""C001""]","[""R001"", ""R002"", ""R004"", ""R005"", ""R006"", ""R008"", ""C001""]",,,3.0,,asymmetric,3053.3587818193546,0.0,,762.5316983405539,1.0,,,,,,
155.88752026706226,1.0,,3215.031053233879,2,exp5:asymmetric:r013,,3.0,,295.0734535736141,0.0,hardening:asymmetric:r013,5,0.7092300149125393,7.0,2307.528670439311,1.0,,0.6665520397665059,7.0,,9999.999999999998,Catalog then correct,,1145.4135417394002,,,,,,moderate,3945.748459709016,358.8348949774295,0.7092300149125393,,,0.7429661732655479,4304.583354686445,0.5,,1.0,7092.300149125393,0.3945748459709016,0.0358834894977429,40013,,"[""L032"", ""R001"", ""R002"", ""R004"", ""R005"", ""R008"", ""C001""]","[""R001"", ""R002"", ""R004"", ""R005"", ""R006"", ""R008"", ""C001""]",,,3.0,,asymmetric,3146.551689416377,139.18593330655182,,839.0230189770659,1.0,,,,,,
477.8013138590185,3.0,,3215.031053233879,2,exp5:asymmetric:r013,,3.0,,477.8013138590185,0.0,hardening:asymmetric:r013,5,0.7429661732655479,8.0,2173.1787127856146,1.0,,0.6665520397665059,7.0,,9999.999999999998,Catalog then correct,,0.0,,,,,,moderate,4304.583354686445,0.0,0.7429661732655479,,,0.7429661732655479,4304.583354686445,1.0,,2.0,7429.661732655478,0.4304583354686446,0.0,40013,,"[""L015"", ""L016"", ""L032"", ""R001"", ""R002"", ""R004"", ""R005"", ""C001""]","[""R001"", ""R002"", ""R004"", ""R005"", ""R006"", ""R008"", ""C001""]",,,3.0,,asymmetric,3125.0783779690323,0.0,,951.8996651834176,1.0,,,,,,
0.0,0.0,,3215.031053233879,2,exp5:asymmetric:r013,,3.0,,0.0,0.01,hardening:asymmetric:r013,5,0.6665520397665059,7.0,2290.8270834788004,1.0,,0.6665520397665059,7.0,,9999.999999999998,Catalog then correct,,2290.8270834788004,,,,,,moderate,3612.161615845703,692.4217388407424,0.6665520397665059,,,0.7429661732655479,4304.583354686445,0.0,,0.0,6665.520397665057,0.3612161615845703,0.0692421738840742,40013,,"[""R001"", ""R002"", ""R004"", ""R005"", ""R006"", ""R008"", ""C001""]","[""R001"", ""R002"", ""R004"", ""R005"", ""R006"", ""R008"", ""C001""]",,,3.0,,asymmetric,3053.3587818193546,0.0,,762.5316983405539,1.0,,,,,,
155.88752026706226,1.0,,3215.031053233879,2,exp5:asymmetric:r013,,3.0,,295.0734535736141,0.01,hardening:asymmetric:r013,5,0.7092300149125393,7.0,2307.528670439311,1.0,,0.6665520397665059,7.0,,9999.999999999998,Catalog then correct,,1145.4135417394002,,,,,,moderate,3942.245575400776,362.3377792856695,0.708803235161079,,,0.7429661732655479,4304.583354686445,0.5,,1.0,7088.032351610787,0.3942245575400776,0.0362337779285669,40013,,"[""L032"", ""R001"", ""R002"", ""R004"", ""R005"", ""R008"", ""C001""]","[""R001"", ""R002"", ""R004"", ""R005"", ""R006"", ""R008"", ""C001""]",,,3.0,,asymmetric,3145.786776210012,139.18593330655182,,838.2581057707007,1.0,,,,,,
477.8013138590185,3.0,,3215.031053233879,2,exp5:asymmetric:r013,,3.0,,477.8013138590185,0.01,hardening:asymmetric:r013,5,0.7429661732655479,8.0,2173.1787127856146,1.0,,0.6665520397665059,7.0,,9999.999999999998,Catalog then correct,,0.0,,,,,,moderate,4298.83562100497,5.747733681475438,0.7422020319305576,,,0.7429661732655479,4304.583354686445,1.0,,2.0,7422.020319305573,0.429883562100497,0.0005747733681475,40013,,"[""L015"", ""L016"", ""L032"", ""R001"", ""R002"", ""R004"", ""R005"", ""C001""]","[""R001"", ""R002"", ""R004"", ""R005"", ""R006"", ""R008"", ""C001""]",,,3.0,,asymmetric,3123.1846983006035,0.0,,950.0059855149892,1.0,,,,,,
0.0,0.0,,3215.031053233879,2,exp5:asymmetric:r013,,3.0,,0.0,0.1,hardening:asymmetric:r013,5,0.6665520397665059,7.0,2290.8270834788004,1.0,,0.6665520397665059,7.0,,9999.999999999998,Catalog then correct,,2290.8270834788004,,,,,,moderate,3612.161615845704,692.4217388407415,0.6665520397665059,,,0.7429661732655479,4304.583354686445,0.0,,0.0,6665.520397665058,0.3612161615845704,0.0692421738840741,40013,,"[""R001"", ""R002"", ""R004"", ""R005"", ""R006"", ""R008"", ""C001""]","[""R001"", ""R002"", ""R004"", ""R005"", ""R006"", ""R008"", ""C001""]",,,3.0,,asymmetric,3053.3587818193546,0.0,,762.531698340554,1.0,,,,,,
155.88752026706226,1.0,,3215.031053233879,2,exp5:asymmetric:r013,,3.0,,295.0734535736141,0.1,hardening:asymmetric:r013,5,0.7092300149125393,7.0,2307.528670439311,1.0,,0.6665520397665059,7.0,,9999.999999999998,Catalog then correct,,1145.4135417394002,,,,,,moderate,3910.7196166266335,393.8637380598116,0.704962217397936,,,0.7429661732655479,4304.583354686445,0.5,,1.0,7049.622173979359,0.3910719616626634,0.0393863738059811,40013,,"[""L032"", ""R001"", ""R002"", ""R004"", ""R005"", ""R008"", ""C001""]","[""R001"", ""R002"", ""R004"", ""R005"", ""R006"", ""R008"", ""C001""]",,,3.0,,asymmetric,3138.9025573527256,139.18593330655182,,831.3738869134146,1.0,,,,,,
477.8013138590185,3.0,,3215.031053233879,2,exp5:asymmetric:r013,,3.0,,477.8013138590185,0.1,hardening:asymmetric:r013,5,0.7429661732655479,8.0,2173.1787127856146,1.0,,0.6665520397665059,7.0,,9999.999999999998,Catalog then correct,,0.0,,,,,,moderate,4247.106017871691,57.47733681475438,0.7353247599156437,,,0.7429661732655479,4304.583354686445,1.0,,2.0,7353.247599156436,0.4247106017871691,0.0057477336814754,40013,,"[""L015"", ""L016"", ""L032"", ""R001"", ""R002"", ""R004"", ""R005"", ""C001""]","[""R001"", ""R002"", ""R004"", ""R005"", ""R006"", ""R008"", ""C001""]",,,3.0,,asymmetric,3106.141581284746,0.0,,932.9628684991312,1.0,,,,,,
0.0,0.0,,3215.031053233879,2,exp5:asymmetric:r013,,3.0,,0.0,0.25,hardening:asymmetric:r013,5,0.6665520397665059,7.0,2290.8270834788004,1.0,,0.6665520397665059,7.0,,9999.999999999998,Catalog then correct,,2290.8270834788004,,,,,,moderate,3612.161615845702,692.4217388407433,0.6665520397665059,,,0.7429661732655479,4304.583354686445,0.0,,0.0,6665.520397665056,0.3612161615845702,0.0692421738840743,40013,,"[""R001"", ""R002"", ""R004"", ""R005"", ""R006"", ""R008"", ""C001""]","[""R001"", ""R002"", ""R004"", ""R005"", ""R006"", ""R008"", ""C001""]",,,3.0,,asymmetric,3053.3587818193546,0.0,,762.5316983405539,1.0,,,,,,
155.88752026706226,1.0,,3215.031053233879,2,exp5:asymmetric:r013,,3.0,,295.0734535736141,0.25,hardening:asymmetric:r013,5,0.7092300149125393,7.0,2307.528670439311,1.0,,0.6665520397665059,7.0,,9999.999999999998,Catalog then correct,,1145.4135417394002,,,,,,moderate,3858.176352003058,446.40700268338696,0.698560521126031,,,0.7429661732655479,4304.583354686445,0.5,,1.0,6985.605211260307,0.3858176352003059,0.0446407002683387,40013,,"[""L032"", ""R001"", ""R002"", ""R004"", ""R005"", ""R008"", ""C001""]","[""R001"", ""R002"", ""R004"", ""R005"", ""R006"", ""R008"", ""C001""]",,,3.0,,asymmetric,3127.4288592572493,139.18593330655182,,819.900188817938,1.0,,,,,,
588.527063396006,4.0,,3215.031053233879,2,exp5:asymmetric:r013,,3.0,,588.527063396006,0.25,hardening:asymmetric:r013,5,0.762499866667003,9.0,2283.9044623226023,1.0,,0.6665520397665059,7.0,,9999.999999999998,Catalog then correct,,0.0,,,,,,moderate,4170.098046184907,134.48530850153838,0.7385129099418787,,,0.7429661732655479,4304.583354686445,1.0,,2.0,7385.129099418786,0.4170098046184907,0.0134485308501538,40013,,"[""L016"", ""L022"", ""L032"", ""L033"", ""R001"", ""R002"", ""R004"", ""R005"", ""C001""]","[""R001"", ""R002"", ""R004"", ""R005"", ""R006"", ""R008"", ""C001""]",,,3.0,,asymmetric,3215.031053233879,0.0,,931.1265909112768,1.0,,,,,,
135.35075312754083,1.0,,3226.2524599151698,2,exp5:asymmetric:r014,,3.0,,135.35075312754083,0.0,hardening:asymmetric:r014,5,0.5690699409286104,7.0,2462.8406716110103,1.0,,0.5230377264830088,6.0,,10000.0,Catalog then correct,,2327.4899184834694,,,,,,moderate,2558.468728806589,1518.637088567688,0.5690699409286104,,,0.7294900861738771,4077.1058173742767,0.0,,0.0,5690.699409286104,0.2558468728806589,0.1518637088567687,40014,,"[""L010"", ""R000"", ""R003"", ""R006"", ""R008"", ""C001"", ""C002""]","[""R000"", ""R003"", ""R006"", ""R008"", ""C001"", ""C002""]",,,3.0,,asymmetric,3132.2306804795157,0.0,,669.3900088685052,1.0,,,,,,
402.75227289544455,2.0,,3226.2524599151698,2,exp5:asymmetric:r014,,3.0,,655.66963122178,0.0,hardening:asymmetric:r014,5,0.6017445797580007,7.0,2477.3248330525785,1.0,,0.5230377264830088,6.0,,10000.0,Catalog then correct,,1163.7449592417347,,,,,,moderate,2791.193337664836,1285.9124797094414,0.6017445797580007,,,0.7294900861738771,4077.1058173742767,0.5,,1.0,6017.445797580005,0.2791193337664835,0.1285912479709441,40014,,"[""L019"", ""R000"", ""R003"", ""R006"", ""R007"", ""R008"", ""C001""]","[""R000"", ""R003"", ""R006"", ""R008"", ""C001"", ""C002""]",,,3.0,,asymmetric,3226.2524599151698,252.91735832633543,,748.9276268625913,1.0,,,,,,
1068.6489459755066,4.0,,3226.2524599151698,2,exp5:asymmetric:r014,,3.0,,1068.6489459755066,0.0,hardening:asymmetric:r014,5,0.7294900861738771,7.0,2274.637663991773,1.0,,0.5230377264830088,6.0,,10000.0,Catalog then correct,,0.0,,,,,,moderate,4077.1058173742767,0.0,0.7294900861738771,,,0.7294900861738771,4077.1058173742767,1.0,,3.0,7294.90086173877,0.4077105817374277,0.0,40014,,"[""L010"", ""R000"", ""R001"", ""R004"", ""R007"", ""R008"", ""C001""]","[""R000"", ""R003"", ""R006"", ""R008"", ""C001"", ""C002""]",,,3.0,,asymmetric,3217.795044364493,0.0,,943.1573803727196,1.0,,,,,,
135.35075312754083,1.0,,3226.2524599151698,2,exp5:asymmetric:r014,,3.0,,135.35075312754083,0.01,hardening:asymmetric:r014,5,0.5690699409286104,7.0,2462.8406716110103,1.0,,0.5230377264830088,6.0,,10000.0,Catalog then correct,,2327.4899184834694,,,,,,moderate,2554.81043439448,1522.295382979797,0.5686096187841544,,,0.7294900861738771,4077.1058173742767,0.0,,0.0,5686.096187841544,0.2554810434394479,0.1522295382979797,40014,,"[""L010"", ""R000"", ""R003"", ""R006"", ""R008"", ""C001"", ""C002""]","[""R000"", ""R003"", ""R006"", ""R008"", ""C001"", ""C002""]",,,3.0,,asymmetric,3131.285753447064,0.0,,668.445081836054,1.0,,,,,,
402.75227289544455,2.0,,3226.2524599151698,2,exp5:asymmetric:r014,,3.0,,655.66963122178,0.01,hardening:asymmetric:r014,5,0.6026878669452019,7.0,2477.3248330525785,1.0,,0.5230377264830088,6.0,,10000.0,Catalog then correct,,1163.7449592417347,,,,,,moderate,2792.661195490629,1284.444621883648,0.60189136554058,,,0.7294900861738771,4077.1058173742767,0.5,,1.0,6018.913655405799,0.2792661195490629,0.1284444621883647,40014,,"[""L019"", ""R000"", ""R003"", ""R006"", ""R007"", ""R008"", ""C001""]","[""R000"", ""R003"", ""R006"", ""R008"", ""C001"", ""C002""]",,,3.0,,asymmetric,3226.2524599151698,252.91735832633543,,748.9276268625912,1.0,,,,,,
1068.6489459755066,4.0,,3226.2524599151698,2,exp5:asymmetric:r014,,3.0,,1068.6489459755066,0.01,hardening:asymmetric:r014,5,0.7294900861738771,7.0,2274.637663991773,1.0,,0.5230377264830088,6.0,,10000.0,Catalog then correct,,0.0,,,,,,moderate,4060.1431821526826,16.962635221594155,0.7274255625769684,,,0.7294900861738771,4077.1058173742767,1.0,,3.0,7274.255625769682,0.4060143182152682,0.0016962635221594,40014,,"[""L010"", ""R000"", ""R001"", ""R004"", ""R007"", ""R008"", ""C001""]","[""R000"", ""R003"", ""R006"", ""R008"", ""C001"", ""C002""]",,,3.0,,asymmetric,3214.112443617,0.0,,939.4747796252262,1.0,,,,,,
135.35075312754083,1.0,,3226.2524599151698,2,exp5:asymmetric:r014,,3.0,,135.35075312754083,0.1,hardening:asymmetric:r014,5,0.5690699409286104,7.0,2462.8406716110103,1.0,,0.5230377264830088,6.0,,10000.0,Catalog then correct,,2327.4899184834694,,,,,,moderate,2521.8857846854976,1555.2200326887792,0.5644667194840502,,,0.7294900861738771,4077.1058173742767,0.0,,0.0,5644.667194840501,0.2521885784685497,0.1555220032688779,40014,,"[""L010"", ""R000"", ""R003"", ""R006"", ""R008"", ""C001"", ""C002""]","[""R000"", ""R003"", ""R006"", ""R008"", ""C001"", ""C002""]",,,3.0,,asymmetric,3122.7814101550034,0.0,,659.9407385439932,1.0,,,,,,
538.1030260229854,3.0,,3226.2524599151698,2,exp5:asymmetric:r014,,3.0,,948.7906245228224,0.1,hardening:asymmetric:r014,5,0.6077560639330669,7.0,2454.905346006618,1.0,,0.5230377264830088,6.0,,10000.0,Catalog then correct,,1163.7449592417347,,,,,,moderate,2766.589841965439,1310.5159754088377,0.5992842301880611,,,0.7294900861738771,4077.1058173742767,0.5,,2.0,5992.842301880609,0.2766589841965439,0.1310515975408837,40014,,"[""L010"", ""L019"", ""R000"", ""R003"", ""R007"", ""R008"", ""C001""]","[""R000"", ""R003"", ""R006"", ""R008"", ""C001"", ""C002""]",,,3.0,,asymmetric,3226.2524599151698,410.6875984998369,,771.3471139085517,1.0,,,,,,
1068.6489459755066,4.0,,3226.2524599151698,2,exp5:asymmetric:r014,,3.0,,1068.6489459755066,0.1,hardening:asymmetric:r014,5,0.7294900861738771,7.0,2274.637663991773,1.0,,0.5230377264830088,6.0,,10000.0,Catalog then correct,,0.0,,,,,,moderate,3907.479465158342,169.62635221593473,0.7088448502047903,,,0.7294900861738771,4077.1058173742767,1.0,,3.0,7088.4485020479015,0.3907479465158342,0.0169626352215934,40014,,"[""L010"", ""R000"", ""R001"", ""R004"", ""R007"", ""R008"", ""C001""]","[""R000"", ""R003"", ""R006"", ""R008"", ""C001"", ""C002""]",,,3.0,,asymmetric,3180.9690368895594,0.0,,906.331372897786,1.0,,,,,,
135.35075312754083,1.0,,3226.2524599151698,2,exp5:asymmetric:r014,,3.0,,135.35075312754083,0.25,hardening:asymmetric:r014,5,0.5690699409286104,7.0,2462.8406716110103,1.0,,0.5230377264830088,6.0,,10000.0,Catalog then correct,,2327.4899184834694,,,,,,moderate,2467.011368503864,1610.0944488704126,0.55756188731721,,,0.7294900861738771,4077.1058173742767,0.0,,0.0,5575.6188731721,0.2467011368503864,0.1610094448870412,40014,,"[""L010"", ""R000"", ""R003"", ""R006"", ""R008"", ""C001"", ""C002""]","[""R000"", ""R003"", ""R006"", ""R008"", ""C001"", ""C002""]",,,3.0,,asymmetric,3108.6075046682354,0.0,,645.7668330572251,1.0,,,,,,
594.6560353729781,2.0,,3226.2524599151698,2,exp5:asymmetric:r014,,3.0,,1005.343633872815,0.25,hardening:asymmetric:r014,5,0.6260094347728711,6.0,2511.458355356611,1.0,,0.5230377264830088,6.0,,10000.0,Catalog then correct,,1163.7449592417347,,,,,,moderate,2776.4126170888844,1300.6932002853923,0.6002665077004055,,,0.7294900861738771,4077.1058173742767,0.5,,2.0,6002.665077004054,0.2776412617088884,0.1300693200285392,40014,,"[""R000"", ""R001"", ""R003"", ""R007"", ""R008"", ""C001""]","[""R000"", ""R003"", ""R006"", ""R008"", ""C001"", ""C002""]",,,3.0,,asymmetric,3226.2524599151698,410.6875984998369,,714.794104558559,1.0,,,,,,
1068.6489459755066,4.0,,3226.2524599151698,2,exp5:asymmetric:r014,,3.0,,1068.6489459755066,0.25,hardening:asymmetric:r014,5,0.7294900861738771,7.0,2274.637663991773,1.0,,0.5230377264830088,6.0,,10000.0,Catalog then correct,,0.0,,,,,,moderate,3653.039936834439,424.065880539838,0.67787699625116,,,0.7294900861738771,4077.1058173742767,1.0,,3.0,6778.769962511598,0.3653039936834438,0.0424065880539838,40014,,"[""L010"", ""R000"", ""R001"", ""R004"", ""R007"", ""R008"", ""C001""]","[""R000"", ""R003"", ""R006"", ""R008"", ""C001"", ""C002""]",,,3.0,,asymmetric,3125.73002567716,0.0,,851.0923616853859,1.0,,,,,,
317.8206538065928,1.0,,3183.9642388539933,2,exp5:asymmetric:r015,,3.0,,899.4687700282165,0.0,hardening:asymmetric:r015,5,0.582255421682218,5.0,2490.919714351119,1.0,,0.4732639092381659,5.0,,10000.000000000002,Catalog then correct,,2173.0990605445263,,,,,,moderate,2653.29131125554,1602.384276022006,0.582255421682218,,,0.7425856663617152,4255.675587277546,0.0,,1.0,5822.55421682218,0.2653291311255539,0.1602384276022005,40015,,"[""R000"", ""R002"", ""R006"", ""C001"", ""C002""]","[""R000"", ""R002"", ""C000"", ""C001"", ""C002""]",,,3.0,,asymmetric,3169.2629055666403,581.6481162216237,,678.3431912155213,1.0,,,,,,
584.3466264723704,2.0,,3183.9642388539933,2,exp5:asymmetric:r015,,3.0,,1010.8078190502664,0.0,hardening:asymmetric:r015,5,0.6440997394925958,5.0,2330.9844944390006,1.0,,0.4732639092381659,5.0,,10000.000000000002,Catalog then correct,,1086.5495302722632,,,,,,moderate,3368.358878947783,887.3167083297626,0.6440997394925958,,,0.7425856663617152,4255.675587277546,0.5,,2.0,6440.997394925957,0.3368358878947782,0.0887316708329762,40015,,"[""R002"", ""R005"", ""R006"", ""C001"", ""C002""]","[""R000"", ""R002"", ""C000"", ""C001"", ""C002""]",,,3.0,,asymmetric,3072.6385159781744,426.4611925778961,,741.6540215391739,1.0,,,,,,
1366.8743908557933,6.0,,3183.9642388539933,2,exp5:asymmetric:r015,,3.0,,1366.8743908557933,0.0,hardening:asymmetric:r015,5,0.7425856663617152,8.0,2179.870987632576,1.0,,0.4732639092381659,5.0,,10000.000000000002,Catalog then correct,,0.0,,,,,,moderate,4255.675587277546,0.0,0.7425856663617152,,,0.7425856663617152,4255.675587277546,1.0,,3.0,7425.856663617153,0.4255675587277545,0.0,40015,,"[""L008"", ""L027"", ""L033"", ""R002"", ""R005"", ""R006"", ""R007"", ""C001""]","[""R000"", ""R002"", ""C000"", ""C001"", ""C002""]",,,3.0,,asymmetric,3170.181076339607,0.0,,990.3100887070312,1.0,,,,,,
317.8206538065928,1.0,,3183.9642388539933,2,exp5:asymmetric:r015,,3.0,,899.4687700282165,0.01,hardening:asymmetric:r015,5,0.582255421682218,5.0,2490.919714351119,1.0,,0.4732639092381659,5.0,,10000.000000000002,Catalog then correct,,2173.0990605445263,,,,,,moderate,2643.898095052544,1611.777492225002,0.5811655065577774,,,0.7425856663617152,4255.675587277546,0.0,,1.0,5811.655065577775,0.2643898095052543,0.1611777492225001,40015,,"[""R000"", ""R002"", ""R006"", ""C001"", ""C002""]","[""R000"", ""R002"", ""C000"", ""C001"", ""C002""]",,,3.0,,asymmetric,3167.756970525231,581.6481162216237,,676.8372561741119,1.0,,,,,,
584.3466264723704,2.0,,3183.9642388539933,2,exp5:asymmetric:r015,,3.0,,1010.8078190502664,0.01,hardening:asymmetric:r015,5,0.6440997394925958,5.0,2330.9844944390006,1.0,,0.4732639092381659,5.0,,10000.000000000002,Catalog then correct,,1086.5495302722632,,,,,,moderate,3353.4143392669853,902.2612480105604,0.6423913811900515,,,0.7425856663617152,4255.675587277546,0.5,,2.0,6423.913811900514,0.3353414339266984,0.090226124801056,40015,,"[""R002"", ""R005"", ""R006"", ""C001"", ""C002""]","[""R000"", ""R002"", ""C000"", ""C001"", ""C002""]",,,3.0,,asymmetric,3070.4994726335285,426.4611925778961,,739.514978194528,1.0,,,,,,
1366.8743908557933,6.0,,3183.9642388539933,2,exp5:asymmetric:r015,,3.0,,1366.8743908557933,0.01,hardening:asymmetric:r015,5,0.7425856663617152,8.0,2179.870987632576,1.0,,0.4732639092381659,5.0,,10000.000000000002,Catalog then correct,,0.0,,,,,,moderate,4233.369015581515,22.306571696030915,0.7398924487904797,,,0.7425856663617152,4255.675587277546,1.0,,3.0,7398.924487904797,0.4233369015581514,0.002230657169603,40015,,"[""L008"", ""L027"", ""L033"", ""R002"", ""R005"", ""R006"", ""R007"", ""C001""]","[""R000"", ""R002"", ""C000"", ""C001"", ""C002""]",,,3.0,,asymmetric,3165.555472323282,0.0,,985.6844846907064,1.0,,,,,,
317.8206538065928,1.0,,3183.9642388539933,2,exp5:asymmetric:r015,,3.0,,899.4687700282165,0.1,hardening:asymmetric:r015,5,0.582255421682218,5.0,2490.919714351119,1.0,,0.4732639092381659,5.0,,10000.000000000002,Catalog then correct,,2173.0990605445263,,,,,,moderate,2559.3591492255828,1696.316438051963,0.5713562704378129,,,0.7425856663617152,4255.675587277546,0.0,,1.0,5713.562704378129,0.2559359149225582,0.1696316438051962,40015,,"[""R000"", ""R002"", ""R006"", ""C001"", ""C002""]","[""R000"", ""R002"", ""C000"", ""C001"", ""C002""]",,,3.0,,asymmetric,3154.203555152546,581.6481162216237,,663.2838408014268,1.0,,,,,,
584.3466264723704,2.0,,3183.9642388539933,2,exp5:asymmetric:r015,,3.0,,1010.8078190502664,0.1,hardening:asymmetric:r015,5,0.6440997394925958,5.0,2330.9844944390006,1.0,,0.4732639092381659,5.0,,10000.000000000002,Catalog then correct,,1086.5495302722632,,,,,,moderate,3218.9134821398134,1036.7621051377323,0.6270161564671529,,,0.7425856663617152,4255.675587277546,0.5,,2.0,6270.161564671528,0.3218913482139813,0.1036762105137732,40015,,"[""R002"", ""R005"", ""R006"", ""C001"", ""C002""]","[""R000"", ""R002"", ""C000"", ""C001"", ""C002""]",,,3.0,,asymmetric,3051.2480825317148,426.4611925778961,,720.2635880927141,1.0,,,,,,
1392.0693285474638,5.0,,3183.9642388539933,2,exp5:asymmetric:r015,,3.0,,1392.0693285474638,0.1,hardening:asymmetric:r015,5,0.7534074488669897,7.0,2205.065925324246,1.0,,0.4732639092381659,5.0,,10000.000000000002,Catalog then correct,,0.0,,,,,,moderate,4096.636839818675,159.0387474588706,0.7253930949041074,,,0.7425856663617152,4255.675587277546,1.0,,3.0,7253.930949041074,0.4096636839818674,0.015903874745887,40015,,"[""L008"", ""R001"", ""R002"", ""R005"", ""R006"", ""R007"", ""C001""]","[""R000"", ""R002"", ""C000"", ""C001"", ""C002""]",,,3.0,,asymmetric,3157.294109222399,0.0,,952.2281838981532,1.0,,,,,,
317.8206538065928,1.0,,3183.9642388539933,2,exp5:asymmetric:r015,,3.0,,899.4687700282165,0.25,hardening:asymmetric:r015,5,0.582255421682218,5.0,2490.919714351119,1.0,,0.4732639092381659,5.0,,10000.000000000002,Catalog then correct,,2173.0990605445263,,,,,,moderate,2418.460906180646,1837.2146810969,0.555007543571205,,,0.7425856663617152,4255.675587277546,0.0,,1.0,5550.07543571205,0.2418460906180645,0.1837214681096899,40015,,"[""R000"", ""R002"", ""R006"", ""C001"", ""C002""]","[""R000"", ""R002"", ""C000"", ""C001"", ""C002""]",,,3.0,,asymmetric,3131.6145295314045,581.6481162216237,,640.6948151802853,1.0,,,,,,
584.3466264723704,2.0,,3183.9642388539933,2,exp5:asymmetric:r015,,3.0,,875.1706845831823,0.25,hardening:asymmetric:r015,5,0.6702302156516217,6.0,2466.621628906085,1.0,,0.4732639092381659,5.0,,10000.000000000002,Catalog then correct,,1086.5495302722632,,,,,,moderate,3025.9221516285843,1229.7534356489614,0.6209886390482577,,,0.7425856663617152,4255.675587277546,0.5,,1.0,6209.886390482578,0.3025922151628584,0.1229753435648961,40015,,"[""R000"", ""R002"", ""R005"", ""R006"", ""C001"", ""C002""]","[""R000"", ""R002"", ""C000"", ""C001"", ""C002""]",,,3.0,,asymmetric,3183.9642388539933,290.82405811081185,,717.3426099479084,1.0,,,,,,
1392.0693285474638,5.0,,3183.9642388539933,2,exp5:asymmetric:r015,,3.0,,1392.0693285474638,0.25,hardening:asymmetric:r015,5,0.7534074488669897,7.0,2205.065925324246,1.0,,0.4732639092381659,5.0,,10000.000000000002,Catalog then correct,,0.0,,,,,,moderate,3747.167946512703,508.507640764843,0.6833715639597837,,,0.7425856663617152,4255.675587277546,1.0,,3.0,6833.715639597839,0.3747167946512702,0.0508507640764842,40015,,"[""L008"", ""R001"", ""R002"", ""R005"", ""R006"", ""R007"", ""C001""]","[""R000"", ""R002"", ""C000"", ""C001"", ""C002""]",,,3.0,,asymmetric,3086.5476930851364,0.0,,881.4817677608905,1.0,,,,,,
138.44602581703217,1.0,,3191.431769562457,2,exp5:asymmetric:r016,,3.0,,138.44602581703217,0.0,hardening:asymmetric:r016,5,0.7008249574789046,7.0,2395.1979936635075,1.0,,0.674248537525143,6.0,,10000.000000000004,Catalog then correct,,2256.7519678464755,,,,,,moderate,3816.817805226589,867.9282393565668,0.7008249574789046,,,0.7875976286559998,4684.746044583156,0.0,,0.0,7008.249574789046,0.3816817805226588,0.0867928239356566,40016,,"[""L030"", ""R002"", ""R004"", ""R007"", ""R008"", ""C000"", ""C001""]","[""R002"", ""R004"", ""R007"", ""R008"", ""C000"", ""C001""]",,,3.0,,asymmetric,3191.431769562457,0.0,,796.2337758989497,1.0,,,,,,
159.49379980466637,1.0,,3191.431769562457,2,exp5:asymmetric:r016,,3.0,,298.94456032199093,0.0,hardening:asymmetric:r016,5,0.7206734555134267,6.0,2276.7950071338173,1.0,,0.674248537525143,6.0,,10000.000000000004,Catalog then correct,,1128.3759839232378,,,,,,moderate,4098.343761358592,586.4022832245637,0.7206734555134267,,,0.7875976286559998,4684.746044583156,0.5,,1.0,7206.734555134267,0.409834376135859,0.0586402283224563,40016,,"[""L025"", ""R004"", ""R007"", ""R008"", ""C000"", ""C001""]","[""R002"", ""R004"", ""R007"", ""R008"", ""C000"", ""C001""]",,,3.0,,asymmetric,3108.3907937756744,139.45076051732454,,831.5957866418571,1.0,,,,,,
618.1734214264699,3.0,,3191.431769562457,2,exp5:asymmetric:r016,,3.0,,618.1734214264699,0.0,hardening:asymmetric:r016,5,0.7875976286559998,7.0,2262.9038306797256,1.0,,0.674248537525143,6.0,,10000.000000000004,Catalog then correct,,0.0,,,,,,moderate,4684.746044583156,0.0,0.7875976286559998,,,0.7875976286559998,4684.746044583156,1.0,,2.0,7875.97628656,0.4684746044583154,0.0,40016,,"[""L008"", ""L030"", ""R001"", ""R004"", ""R007"", ""C000"", ""C001""]","[""R002"", ""R004"", ""R007"", ""R008"", ""C000"", ""C001""]",,,3.0,,asymmetric,3191.230241976844,0.0,,928.3264112971182,1.0,,,,,,
138.44602581703217,1.0,,3191.431769562457,2,exp5:asymmetric:r016,,3.0,,138.44602581703217,0.01,hardening:asymmetric:r016,5,0.7010715824317877,7.0,2395.1979936635075,1.0,,0.674248537525143,6.0,,10000.000000000004,Catalog then correct,,2256.7519678464755,,,,,,moderate,3816.601750264754,868.1442943184011,0.7008033519827213,,,0.7875976286559998,4684.746044583156,0.0,,0.0,7008.033519827211,0.3816601750264753,0.08681442943184,40016,,"[""L030"", ""R002"", ""R004"", ""R007"", ""R008"", ""C000"", ""C001""]","[""R002"", ""R004"", ""R007"", ""R008"", ""C000"", ""C001""]",,,3.0,,asymmetric,3191.431769562457,0.0,,796.2337758989494,1.0,,,,,,
159.49379980466637,1.0,,3191.431769562457,2,exp5:asymmetric:r016,,3.0,,298.94456032199093,0.01,hardening:asymmetric:r016,5,0.7206734555134267,6.0,2276.7950071338173,1.0,,0.674248537525143,6.0,,10000.000000000004,Catalog then correct,,1128.3759839232378,,,,,,moderate,4094.52479321019,590.2212513729655,0.7202092063335438,,,0.7875976286559998,4684.746044583156,0.5,,1.0,7202.092063335438,0.4094524793210188,0.0590221251372965,40016,,"[""L025"", ""R004"", ""R007"", ""R008"", ""C000"", ""C001""]","[""R002"", ""R004"", ""R007"", ""R008"", ""C000"", ""C001""]",,,3.0,,asymmetric,3107.567270125248,139.45076051732454,,830.7722629914305,1.0,,,,,,
618.1734214264699,3.0,,3191.431769562457,2,exp5:asymmetric:r016,,3.0,,618.1734214264699,0.01,hardening:asymmetric:r016,5,0.7875976286559998,7.0,2262.9038306797256,1.0,,0.674248537525143,6.0,,10000.000000000004,Catalog then correct,,0.0,,,,,,moderate,4675.201965367049,9.544079216107091,0.7864641377446913,,,0.7875976286559998,4684.746044583156,1.0,,2.0,7864.641377446913,0.4675201965367047,0.0009544079216107,40016,,"[""L008"", ""L030"", ""R001"", ""R004"", ""R007"", ""C000"", ""C001""]","[""R002"", ""R004"", ""R007"", ""R008"", ""C000"", ""C001""]",,,3.0,,asymmetric,3189.4394120798647,0.0,,926.535581400139,1.0,,,,,,
138.44602581703217,1.0,,3191.431769562457,2,exp5:asymmetric:r016,,3.0,,138.44602581703217,0.1,hardening:asymmetric:r016,5,0.7035378319606206,7.0,2395.1979936635075,1.0,,0.674248537525143,6.0,,10000.000000000004,Catalog then correct,,2256.7519678464755,,,,,,moderate,3814.657255608271,870.0887889748851,0.7006089025170729,,,0.7875976286559998,4684.746044583156,0.0,,0.0,7006.089025170728,0.3814657255608269,0.0870088788974884,40016,,"[""L030"", ""R002"", ""R004"", ""R007"", ""R008"", ""C000"", ""C001""]","[""R002"", ""R004"", ""R007"", ""R008"", ""C000"", ""C001""]",,,3.0,,asymmetric,3191.431769562457,0.0,,796.2337758989496,1.0,,,,,,
159.49379980466637,1.0,,3191.431769562457,2,exp5:asymmetric:r016,,3.0,,298.94456032199093,0.1,hardening:asymmetric:r016,5,0.7206734555134267,6.0,2276.7950071338173,1.0,,0.674248537525143,6.0,,10000.000000000004,Catalog then correct,,1128.3759839232378,,,,,,moderate,4060.1540798745737,624.591964708582,0.7160309637145983,,,0.7875976286559998,4684.746044583156,0.5,,1.0,7160.309637145983,0.4060154079874572,0.0624591964708581,40016,,"[""L025"", ""R004"", ""R007"", ""R008"", ""C000"", ""C001""]","[""R002"", ""R004"", ""R007"", ""R008"", ""C000"", ""C001""]",,,3.0,,asymmetric,3100.1555572714096,139.45076051732454,,823.3605501375924,1.0,,,,,,
635.9127893888308,3.0,,3191.431769562457,2,exp5:asymmetric:r016,,3.0,,635.9127893888308,0.1,hardening:asymmetric:r016,5,0.7928825739034528,7.0,2280.643198642086,1.0,,0.674248537525143,6.0,,10000.000000000004,Catalog then correct,,0.0,,,,,,moderate,4620.331124765812,64.41491981734362,0.7810191702656218,,,0.7875976286559998,4684.746044583156,1.0,,2.0,7810.191702656219,0.462033112476581,0.0064414919817343,40016,,"[""L025"", ""L030"", ""R001"", ""R004"", ""R007"", ""C000"", ""C001""]","[""R002"", ""R004"", ""R007"", ""R008"", ""C000"", ""C001""]",,,3.0,,asymmetric,3189.8605778904066,0.0,,909.2173792483198,1.0,,,,,,
138.44602581703217,1.0,,3191.431769562457,2,exp5:asymmetric:r016,,3.0,,138.44602581703217,0.25,hardening:asymmetric:r016,5,0.7089635809240526,7.0,2395.1979936635075,1.0,,0.674248537525143,6.0,,10000.000000000004,Catalog then correct,,2256.7519678464755,,,,,,moderate,3811.4164311807954,873.3296134023603,0.7002848200743252,,,0.7875976286559998,4684.746044583156,0.0,,0.0,7002.848200743252,0.3811416431180794,0.087332961340236,40016,,"[""L030"", ""R002"", ""R004"", ""R007"", ""R008"", ""C000"", ""C001""]","[""R002"", ""R004"", ""R007"", ""R008"", ""C000"", ""C001""]",,,3.0,,asymmetric,3191.431769562457,0.0,,796.2337758989495,1.0,,,,,,
159.49379980466637,1.0,,3191.431769562457,2,exp5:asymmetric:r016,,3.0,,298.94456032199093,0.25,hardening:asymmetric:r016,5,0.7206734555134267,6.0,2276.7950071338173,1.0,,0.674248537525143,6.0,,10000.000000000004,Catalog then correct,,1128.3759839232378,,,,,,moderate,4002.869557648544,681.8764869346114,0.7090672260163557,,,0.7875976286559998,4684.746044583156,0.5,,1.0,7090.672260163557,0.4002869557648543,0.0681876486934611,40016,,"[""L025"", ""R004"", ""R007"", ""R008"", ""C000"", ""C001""]","[""R002"", ""R004"", ""R007"", ""R008"", ""C000"", ""C001""]",,,3.0,,asymmetric,3087.802702515013,139.45076051732454,,811.0076953811956,1.0,,,,,,
639.2211954141042,3.0,,3191.431769562457,2,exp5:asymmetric:r016,,3.0,,639.2211954141042,0.25,hardening:asymmetric:r016,5,0.7996522623347095,7.0,2283.95160466736,1.0,,0.674248537525143,6.0,,10000.000000000004,Catalog then correct,,0.0,,,,,,moderate,4503.129839982421,181.6162046007348,0.7683013311323179,,,0.7875976286559998,4684.746044583156,1.0,,2.0,7683.013311323179,0.4503129839982419,0.0181616204600734,40016,,"[""L008"", ""L025"", ""R001"", ""R004"", ""R007"", ""C000"", ""C001""]","[""R002"", ""R004"", ""R007"", ""R008"", ""C000"", ""C001""]",,,3.0,,asymmetric,3179.8834713407578,0.0,,895.9318666733977,1.0,,,,,,
323.50382324290086,1.0,,3139.619133310156,2,exp5:asymmetric:r017,,3.0,,895.6842182807873,0.0,hardening:asymmetric:r017,5,0.3895587360551247,6.0,2545.502968350761,1.0,,0.2884932379322579,6.0,,9999.999999999998,Catalog then correct,,2221.99914510786,,,,,,moderate,821.0543710867969,3139.7824196139904,0.3895587360551247,,,0.7088042354807323,3960.8367907007873,0.0,,1.0,3895.587360551247,0.0821054371086797,0.3139782419613991,40017,,"[""R001"", ""R002"", ""R003"", ""R005"", ""R007"", ""C002""]","[""R001"", ""R003"", ""R005"", ""R007"", ""C000"", ""C002""]",,,3.0,,asymmetric,3074.5329894644497,572.1803950378863,,529.0300211136888,1.0,,,,,,
666.3825108707761,2.0,,3139.619133310156,2,exp5:asymmetric:r017,,3.0,,1228.476817467568,0.0,hardening:asymmetric:r017,5,0.5240724066730158,6.0,2326.2873493818443,1.0,,0.2884932379322579,6.0,,9999.999999999998,Catalog then correct,,1110.99957255393,,,,,,moderate,2246.743867127774,1714.0929235730132,0.5240724066730158,,,0.7088042354807323,3960.8367907007873,0.5,,2.0,5240.724066730158,0.2246743867127774,0.1714092923573013,40017,,"[""L015"", ""R001"", ""R003"", ""R005"", ""R007"", ""C001""]","[""R001"", ""R003"", ""R005"", ""R007"", ""C000"", ""C002""]",,,3.0,,asymmetric,2993.9801996023834,562.094306596792,,667.6928502205394,1.0,,,,,,
1575.3764377671434,6.0,,3139.619133310156,2,exp5:asymmetric:r017,,3.0,,1575.3764377671434,0.0,hardening:asymmetric:r017,5,0.7088042354807323,8.0,2118.5012983161887,1.0,,0.2884932379322579,6.0,,9999.999999999998,Catalog then correct,,0.0,,,,,,moderate,3960.8367907007873,0.0,0.7088042354807323,,,0.7088042354807323,3960.8367907007873,1.0,,4.0,7088.042354807323,0.3960836790700788,0.0,40017,,"[""L006"", ""L015"", ""L027"", ""R001"", ""R002"", ""R004"", ""R005"", ""C001""]","[""R001"", ""R003"", ""R005"", ""R007"", ""C000"", ""C002""]",,,3.0,,asymmetric,3127.205564106536,0.0,,1008.704265790347,1.0,,,,,,
323.50382324290086,1.0,,3139.619133310156,2,exp5:asymmetric:r017,,3.0,,895.6842182807873,0.01,hardening:asymmetric:r017,5,0.3895587360551247,6.0,2545.502968350761,1.0,,0.2884932379322579,6.0,,9999.999999999998,Catalog then correct,,2221.99914510786,,,,,,moderate,812.2330838088001,3148.6037068919877,0.388548081073896,,,0.7088042354807323,3960.8367907007873,0.0,,1.0,3885.48081073896,0.08122330838088,0.3148603706891988,40017,,"[""R001"", ""R002"", ""R003"", ""R005"", ""R007"", ""C002""]","[""R001"", ""R003"", ""R005"", ""R007"", ""C000"", ""C002""]",,,3.0,,asymmetric,3073.24772693016,572.1803950378863,,527.7447585793988,1.0,,,,,,
666.3825108707761,2.0,,3139.619133310156,2,exp5:asymmetric:r017,,3.0,,1228.476817467568,0.01,hardening:asymmetric:r017,5,0.5240724066730158,6.0,2326.2873493818443,1.0,,0.2884932379322579,6.0,,9999.999999999998,Catalog then correct,,1110.99957255393,,,,,,moderate,2225.8578410790583,1734.978949621729,0.5217166149856082,,,0.7088042354807323,3960.8367907007873,0.5,,2.0,5217.166149856083,0.2225857841079058,0.1734978949621729,40017,,"[""L015"", ""R001"", ""R003"", ""R005"", ""R007"", ""C001""]","[""R001"", ""R003"", ""R005"", ""R007"", ""C000"", ""C002""]",,,3.0,,asymmetric,2991.308308777025,562.094306596792,,665.0209593951809,1.0,,,,,,
1575.3764377671434,6.0,,3139.619133310156,2,exp5:asymmetric:r017,,3.0,,1575.3764377671434,0.01,hardening:asymmetric:r017,5,0.7088042354807323,8.0,2118.5012983161887,1.0,,0.2884932379322579,6.0,,9999.999999999998,Catalog then correct,,0.0,,,,,,moderate,3924.887695926997,35.949094773789966,0.7046011255052476,,,0.7088042354807323,3960.8367907007873,1.0,,4.0,7046.011255052476,0.3924887695926998,0.0035949094773789,40017,,"[""L006"", ""L015"", ""L027"", ""R001"", ""R002"", ""R004"", ""R005"", ""C001""]","[""R001"", ""R003"", ""R005"", ""R007"", ""C000"", ""C002""]",,,3.0,,asymmetric,3121.123559125479,0.0,,1002.6222608092904,1.0,,,,,,
323.50382324290086,1.0,,3139.619133310156,2,exp5:asymmetric:r017,,3.0,,895.6842182807873,0.1,hardening:asymmetric:r017,5,0.3895587360551247,6.0,2545.502968350761,1.0,,0.2884932379322579,6.0,,9999.999999999998,Catalog then correct,,2221.99914510786,,,,,,moderate,732.8414983068296,3227.9952923939577,0.379452186242838,,,0.7088042354807323,3960.8367907007873,0.0,,1.0,3794.52186242838,0.0732841498306829,0.3227995292393958,40017,,"[""R001"", ""R002"", ""R003"", ""R005"", ""R007"", ""C002""]","[""R001"", ""R003"", ""R005"", ""R007"", ""C000"", ""C002""]",,,3.0,,asymmetric,3061.68036412155,572.1803950378863,,516.177395770789,1.0,,,,,,
804.4553659569912,3.0,,3139.619133310156,2,exp5:asymmetric:r017,,3.0,,1366.5496725537832,0.1,hardening:asymmetric:r017,5,0.5448382874751826,7.0,2464.3602044680592,1.0,,0.2884932379322579,6.0,,9999.999999999998,Catalog then correct,,1110.99957255393,,,,,,moderate,2052.418691898746,1908.4180988020407,0.5192037825208902,,,0.7088042354807323,3960.8367907007873,0.5,,2.0,5192.037825208902,0.2052418691898746,0.1908418098802041,40017,,"[""L004"", ""L015"", ""R001"", ""R003"", ""R005"", ""R007"", ""C001""]","[""R001"", ""R003"", ""R005"", ""R007"", ""C000"", ""C002""]",,,3.0,,asymmetric,3139.619133310156,562.094306596792,,675.2589288420968,1.0,,,,,,
1575.3764377671434,6.0,,3139.619133310156,2,exp5:asymmetric:r017,,3.0,,1575.3764377671434,0.1,hardening:asymmetric:r017,5,0.7088042354807323,8.0,2118.5012983161887,1.0,,0.2884932379322579,6.0,,9999.999999999998,Catalog then correct,,0.0,,,,,,moderate,3601.345842962879,359.4909477379083,0.6667731357258849,,,0.7088042354807323,3960.8367907007873,1.0,,4.0,6667.731357258849,0.360134584296288,0.0359490947737908,40017,,"[""L006"", ""L015"", ""L027"", ""R001"", ""R002"", ""R004"", ""R005"", ""C001""]","[""R001"", ""R003"", ""R005"", ""R007"", ""C000"", ""C002""]",,,3.0,,asymmetric,3066.38551429597,0.0,,947.8842159797814,1.0,,,,,,
323.50382324290086,1.0,,3139.619133310156,2,exp5:asymmetric:r017,,3.0,,895.6842182807873,0.25,hardening:asymmetric:r017,5,0.3895587360551247,6.0,2545.502968350761,1.0,,0.2884932379322579,6.0,,9999.999999999998,Catalog then correct,,2221.99914510786,,,,,,moderate,600.5221891368788,3360.3146015639086,0.364292361524408,,,0.7088042354807323,3960.8367907007873,0.0,,1.0,3642.923615244079,0.0600522189136878,0.3360314601563909,40017,,"[""R001"", ""R002"", ""R003"", ""R005"", ""R007"", ""C002""]","[""R001"", ""R003"", ""R005"", ""R007"", ""C000"", ""C002""]",,,3.0,,asymmetric,3042.4014261072,572.1803950378863,,496.89845775643926,1.0,,,,,,
843.649273391045,2.0,,3139.619133310156,2,exp5:asymmetric:r017,,3.0,,1405.743579987837,0.25,hardening:asymmetric:r017,5,0.578327445327702,6.0,2503.5541119021127,1.0,,0.2884932379322579,6.0,,9999.999999999998,Catalog then correct,,1110.99957255393,,,,,,moderate,1920.1716278799763,2040.665162820811,0.5058688934788409,,,0.7088042354807323,3960.8367907007873,0.5,,2.0,5058.688934788409,0.1920171627879976,0.2040665162820811,40017,,"[""R001"", ""R002"", ""R003"", ""R005"", ""R007"", ""C001""]","[""R001"", ""R003"", ""R005"", ""R007"", ""C000"", ""C002""]",,,3.0,,asymmetric,3138.5173069084326,562.094306596792,,634.96319500632,1.0,,,,,,
1693.6966388479775,7.0,,3139.619133310156,2,exp5:asymmetric:r017,,3.0,,1693.6966388479775,0.25,hardening:asymmetric:r017,5,0.7421897712944433,9.0,2236.8214993970228,1.0,,0.2884932379322579,6.0,,9999.999999999998,Catalog then correct,,0.0,,,,,,moderate,3151.6218932896613,809.214897411126,0.628765637953897,,,0.7088042354807323,3960.8367907007873,1.0,,4.0,6287.656379538968,0.3151621893289661,0.0809214897411126,40017,,"[""L006"", ""L015"", ""L031"", ""L033"", ""R001"", ""R002"", ""R004"", ""R005"", ""C001""]","[""R001"", ""R003"", ""R005"", ""R007"", ""C000"", ""C002""]",,,3.0,,asymmetric,3136.034486249307,0.0,,899.2129868522844,1.0,,,,,,
281.1447304188385,2.0,,3122.2820399652,2,exp5:asymmetric:r018,,3.0,,281.1447304188385,0.0,hardening:asymmetric:r018,5,0.4863043302848395,9.0,2442.001632253159,1.0,,0.4222459125235644,7.0,,10000.000000000002,Catalog then correct,,2160.8569018343205,,,,,,moderate,1741.6477378669138,1772.3207293116898,0.4863043302848395,,,0.6603213978484154,3513.9684671786035,0.0,,0.0,4863.043302848394,0.1741647737866913,0.1772320729311689,40018,,"[""L007"", ""L014"", ""L019"", ""L028"", ""R001"", ""R004"", ""R007"", ""C000"", ""C002""]","[""L007"", ""L028"", ""R001"", ""R004"", ""R007"", ""C000"", ""C002""]",,,3.0,,asymmetric,3121.39556498148,0.0,,679.393932728321,1.0,,,,,,
520.7114400407661,1.0,,3122.2820399652,2,exp5:asymmetric:r018,,3.0,,763.9529138354114,0.0,hardening:asymmetric:r018,5,0.5443957942775143,7.0,2438.3268680804413,1.0,,0.4222459125235644,7.0,,10000.000000000002,Catalog then correct,,1080.4284509171605,,,,,,moderate,2321.94597724479,1192.0224899338136,0.5443957942775143,,,0.6603213978484154,3513.9684671786035,0.5,,1.0,5443.957942775142,0.2321945977244789,0.1192022489933813,40018,,"[""L007"", ""L028"", ""R001"", ""R004"", ""R007"", ""C000"", ""C001""]","[""L007"", ""L028"", ""R001"", ""R004"", ""R007"", ""C000"", ""C002""]",,,3.0,,asymmetric,3122.0119655303524,243.2414737946453,,683.6850974499109,1.0,,,,,,
1586.8327581985848,6.0,,3122.2820399652,2,exp5:asymmetric:r018,,3.0,,1586.8327581985848,0.0,hardening:asymmetric:r018,5,0.6603213978484154,8.0,2161.183220815245,1.0,,0.4222459125235644,7.0,,10000.000000000002,Catalog then correct,,0.0,,,,,,moderate,3513.9684671786035,0.0,0.6603213978484154,,,0.6603213978484154,3513.9684671786035,1.0,,5.0,6603.213978484154,0.3513968467178603,0.0,40018,,"[""L008"", ""L014"", ""L019"", ""R001"", ""R006"", ""R007"", ""R008"", ""C001""]","[""L007"", ""L028"", ""R001"", ""R004"", ""R007"", ""C000"", ""C002""]",,,3.0,,asymmetric,3089.2455113055503,0.0,,928.0622904903056,1.0,,,,,,
281.1447304188385,2.0,,3122.2820399652,2,exp5:asymmetric:r018,,3.0,,281.1447304188385,0.01,hardening:asymmetric:r018,5,0.4863043302848395,9.0,2442.001632253159,1.0,,0.4222459125235644,7.0,,10000.000000000002,Catalog then correct,,2160.8569018343205,,,,,,moderate,1736.3843750007245,1777.584092177879,0.4856637461072267,,,0.6603213978484154,3513.9684671786035,0.0,,0.0,4856.637461072267,0.1736384375000724,0.1777584092177878,40018,,"[""L007"", ""L014"", ""L019"", ""L028"", ""R001"", ""R004"", ""R007"", ""C000"", ""C002""]","[""L007"", ""L028"", ""R001"", ""R004"", ""R007"", ""C000"", ""C002""]",,,3.0,,asymmetric,3120.2530860715424,0.0,,678.2514538183834,1.0,,,,,,
520.7114400407661,1.0,,3122.2820399652,2,exp5:asymmetric:r018,,3.0,,763.9529138354114,0.01,hardening:asymmetric:r018,5,0.5443957942775143,7.0,2438.3268680804413,1.0,,0.4222459125235644,7.0,,10000.000000000002,Catalog then correct,,1080.4284509171605,,,,,,moderate,2310.9163796265498,1203.0520875520538,0.5431742954599748,,,0.6603213978484154,3513.9684671786035,0.5,,1.0,5431.742954599748,0.2310916379626549,0.1203052087552053,40018,,"[""L007"", ""L028"", ""R001"", ""R004"", ""R007"", ""C000"", ""C001""]","[""L007"", ""L028"", ""R001"", ""R004"", ""R007"", ""C000"", ""C002""]",,,3.0,,asymmetric,3120.8265749731986,243.2414737946453,,682.4997068927574,1.0,,,,,,
1586.8327581985848,6.0,,3122.2820399652,2,exp5:asymmetric:r018,,3.0,,1586.8327581985848,0.01,hardening:asymmetric:r018,5,0.6603213978484153,8.0,2161.183220815245,1.0,,0.4222459125235644,7.0,,10000.000000000002,Catalog then correct,,0.0,,,,,,moderate,3493.790081133676,20.17838604492772,0.6579406429951667,,,0.6603213978484154,3513.9684671786035,1.0,,5.0,6579.4064299516685,0.3493790081133675,0.0020178386044927,40018,,"[""L008"", ""L014"", ""L019"", ""R001"", ""R006"", ""R007"", ""R008"", ""C001""]","[""L007"", ""L028"", ""R001"", ""R004"", ""R007"", ""C000"", ""C002""]",,,3.0,,asymmetric,3085.6163488179927,0.0,,924.433128002748,1.0,,,,,,
286.0977046597008,2.0,,3122.2820399652,2,exp5:asymmetric:r018,,3.0,,286.0977046597008,0.1,hardening:asymmetric:r018,5,0.4884871289087638,9.0,2446.9546064940214,1.0,,0.4222459125235644,7.0,,10000.000000000002,Catalog then correct,,2160.8569018343205,,,,,,moderate,1699.9119091401658,1814.0565580384375,0.4818630072702439,,,0.6603213978484154,3513.9684671786035,0.0,,0.0,4818.63007270244,0.1699911909140165,0.1814056558038437,40018,,"[""L007"", ""L009"", ""L014"", ""L028"", ""R001"", ""R004"", ""R007"", ""C000"", ""C002""]","[""L007"", ""L028"", ""R001"", ""R004"", ""R007"", ""C000"", ""C002""]",,,3.0,,asymmetric,3118.718163562274,0.0,,671.7635570682529,1.0,,,,,,
520.7114400407661,1.0,,3122.2820399652,2,exp5:asymmetric:r018,,3.0,,763.9529138354114,0.1,hardening:asymmetric:r018,5,0.5443957942775143,7.0,2438.3268680804413,1.0,,0.4222459125235644,7.0,,10000.000000000002,Catalog then correct,,1080.4284509171605,,,,,,moderate,2211.650001062376,1302.3184661162277,0.5321808061021194,,,0.6603213978484154,3513.9684671786035,0.5,,1.0,5321.808061021193,0.2211650001062375,0.1302318466116227,40018,,"[""L007"", ""L028"", ""R001"", ""R004"", ""R007"", ""C000"", ""C001""]","[""L007"", ""L028"", ""R001"", ""R004"", ""R007"", ""C000"", ""C002""]",,,3.0,,asymmetric,3110.158059958817,243.2414737946453,,671.8311918783756,1.0,,,,,,
1586.8327581985848,6.0,,3122.2820399652,2,exp5:asymmetric:r018,,3.0,,1586.8327581985848,0.1,hardening:asymmetric:r018,5,0.6603213978484153,8.0,2161.183220815245,1.0,,0.4222459125235644,7.0,,10000.000000000002,Catalog then correct,,0.0,,,,,,moderate,3312.184606729328,201.78386044927583,0.6365138493159302,,,0.6603213978484154,3513.9684671786035,1.0,,5.0,6365.138493159303,0.3312184606729327,0.0201783860449275,40018,,"[""L008"", ""L014"", ""L019"", ""R001"", ""R006"", ""R007"", ""R008"", ""C001""]","[""L007"", ""L028"", ""R001"", ""R004"", ""R007"", ""C000"", ""C002""]",,,3.0,,asymmetric,3052.9538864299752,0.0,,891.7706656147307,1.0,,,,,,
287.2689161527807,2.0,,3122.2820399652,2,exp5:asymmetric:r018,,3.0,,287.2689161527807,0.25,hardening:asymmetric:r018,5,0.4920342398425842,9.0,2448.125817987101,1.0,,0.4222459125235644,7.0,,10000.000000000002,Catalog then correct,,2160.8569018343205,,,,,,moderate,1633.1927090580805,1880.7757581205235,0.4745871580128293,,,0.6603213978484154,3513.9684671786035,0.0,,0.0,4745.871580128293,0.163319270905808,0.1880775758120522,40018,,"[""L007"", ""L014"", ""L028"", ""L031"", ""R001"", ""R004"", ""R007"", ""C000"", ""C002""]","[""L007"", ""L028"", ""R001"", ""R004"", ""R007"", ""C000"", ""C002""]",,,3.0,,asymmetric,3112.678871070213,0.0,,664.5530530831122,1.0,,,,,,
520.7114400407661,1.0,,3122.2820399652,2,exp5:asymmetric:r018,,3.0,,763.9529138354114,0.25,hardening:asymmetric:r018,5,0.5443957942775143,7.0,2438.3268680804413,1.0,,0.4222459125235644,7.0,,10000.000000000002,Catalog then correct,,1080.4284509171605,,,,,,moderate,2046.2060367887543,1467.7624303898492,0.5138583238390269,,,0.6603213978484154,3513.9684671786035,0.5,,1.0,5138.583238390268,0.2046206036788753,0.1467762430389849,40018,,"[""L007"", ""L028"", ""R001"", ""R004"", ""R007"", ""C000"", ""C001""]","[""L007"", ""L028"", ""R001"", ""R004"", ""R007"", ""C000"", ""C002""]",,,3.0,,asymmetric,3092.3772016015137,243.2414737946453,,654.0503335210726,1.0,,,,,,
1586.8327581985848,6.0,,3122.2820399652,2,exp5:asymmetric:r018,,3.0,,1586.8327581985848,0.25,hardening:asymmetric:r018,5,0.6603213978484153,8.0,2161.183220815245,1.0,,0.4222459125235644,7.0,,10000.000000000002,Catalog then correct,,0.0,,,,,,moderate,3009.5088160554133,504.4596511231903,0.6008025265172026,,,0.6603213978484154,3513.9684671786035,1.0,,5.0,6008.025265172027,0.3009508816055413,0.050445965112319,40018,,"[""L008"", ""L014"", ""L019"", ""R001"", ""R006"", ""R007"", ""R008"", ""C001""]","[""L007"", ""L028"", ""R001"", ""R004"", ""R007"", ""C000"", ""C002""]",,,3.0,,asymmetric,2998.5164491166133,0.0,,837.3332283013685,1.0,,,,,,
0.0,0.0,,3154.233279599062,2,exp5:asymmetric:r019,,3.0,,0.0,0.0,hardening:asymmetric:r019,5,0.6241161211834713,8.0,2240.2951142889506,1.0,,0.6241161211834713,8.0,,9999.999999999998,Catalog then correct,,2240.2951142889506,,,,,,moderate,3200.5846650216326,344.6433293512782,0.6241161211834713,,,0.6575463214145225,3545.227994372911,0.0,,0.0,6241.161211834714,0.3200584665021633,0.0344643329351278,40019,,"[""L018"", ""R000"", ""R001"", ""R003"", ""R004"", ""R005"", ""R007"", ""R008""]","[""L018"", ""R000"", ""R001"", ""R003"", ""R004"", ""R005"", ""R007"", ""R008""]",,,3.0,,asymmetric,3040.576546813081,0.0,,800.2814325241305,1.0,,,,,,
135.8017153848612,1.0,,3154.233279599062,2,exp5:asymmetric:r019,,3.0,,204.72865905737305,0.0,hardening:asymmetric:r019,5,0.6470727833906496,8.0,2307.1698860013,1.0,,0.6241161211834713,8.0,,9999.999999999998,Catalog then correct,,1120.1475571444753,,,,,,moderate,3316.494554307436,228.73344006547492,0.6470727833906496,,,0.6575463214145225,3545.227994372911,0.5,,1.0,6470.727833906498,0.3316494554307436,0.0228733440065475,40019,,"[""L002"", ""R000"", ""R001"", ""R003"", ""R004"", ""R005"", ""R007"", ""R008""]","[""L018"", ""R000"", ""R001"", ""R003"", ""R004"", ""R005"", ""R007"", ""R008""]",,,3.0,,asymmetric,3154.233279599062,68.92694367251181,,847.0633935977621,1.0,,,,,,
328.53786575515875,2.0,,3154.233279599062,2,exp5:asymmetric:r019,,3.0,,328.53786575515875,0.0,hardening:asymmetric:r019,5,0.6575463214145225,8.0,2151.19188330956,1.0,,0.6241161211834713,8.0,,9999.999999999998,Catalog then correct,,0.0,,,,,,moderate,3545.227994372911,0.0,0.6575463214145225,,,0.6575463214145225,3545.227994372911,1.0,,2.0,6575.463214145226,0.3545227994372911,0.0,40019,,"[""L015"", ""L025"", ""R000"", ""R001"", ""R003"", ""R004"", ""R007"", ""R008""]","[""L018"", ""R000"", ""R001"", ""R003"", ""R004"", ""R005"", ""R007"", ""R008""]",,,3.0,,asymmetric,3030.235219772315,0.0,,879.0433364627554,1.0,,,,,,
0.0,0.0,,3154.233279599062,2,exp5:asymmetric:r019,,3.0,,0.0,0.01,hardening:asymmetric:r019,5,0.6241161211834713,8.0,2240.2951142889506,1.0,,0.6241161211834713,8.0,,9999.999999999998,Catalog then correct,,2240.2951142889506,,,,,,moderate,3200.584665021632,344.64332935127914,0.6241161211834713,,,0.6575463214145225,3545.227994372911,0.0,,0.0,6241.161211834713,0.3200584665021632,0.0344643329351279,40019,,"[""L018"", ""R000"", ""R001"", ""R003"", ""R004"", ""R005"", ""R007"", ""R008""]","[""L018"", ""R000"", ""R001"", ""R003"", ""R004"", ""R005"", ""R007"", ""R008""]",,,3.0,,asymmetric,3040.576546813081,0.0,,800.2814325241305,1.0,,,,,,
135.8017153848612,1.0,,3154.233279599062,2,exp5:asymmetric:r019,,3.0,,204.72865905737305,0.01,hardening:asymmetric:r019,5,0.6472981880420419,8.0,2307.1698860013,1.0,,0.6241161211834713,8.0,,9999.999999999998,Catalog then correct,,1120.1475571444753,,,,,,moderate,3316.4303941355,228.7976002374112,0.6470663673734561,,,0.6575463214145225,3545.227994372911,0.5,,1.0,6470.663673734562,0.33164303941355,0.0228797600237411,40019,,"[""L002"", ""R000"", ""R001"", ""R003"", ""R004"", ""R005"", ""R007"", ""R008""]","[""L018"", ""R000"", ""R001"", ""R003"", ""R004"", ""R005"", ""R007"", ""R008""]",,,3.0,,asymmetric,3154.233279599062,68.92694367251181,,847.063393597762,1.0,,,,,,
328.53786575515875,2.0,,3154.233279599062,2,exp5:asymmetric:r019,,3.0,,328.53786575515875,0.01,hardening:asymmetric:r019,5,0.6575463214145225,8.0,2151.19188330956,1.0,,0.6241161211834713,8.0,,9999.999999999998,Catalog then correct,,0.0,,,,,,moderate,3542.672593389192,2.5554009837192098,0.657212019412212,,,0.6575463214145225,3545.227994372911,1.0,,2.0,6572.120194122121,0.3542672593389192,0.0002555400983719,40019,,"[""L015"", ""L025"", ""R000"", ""R001"", ""R003"", ""R004"", ""R007"", ""R008""]","[""L018"", ""R000"", ""R001"", ""R003"", ""R004"", ""R005"", ""R007"", ""R008""]",,,3.0,,asymmetric,3029.447600732929,0.0,,878.2557174233692,1.0,,,,,,
0.0,0.0,,3154.233279599062,2,exp5:asymmetric:r019,,3.0,,0.0,0.1,hardening:asymmetric:r019,5,0.6241161211834713,8.0,2240.2951142889506,1.0,,0.6241161211834713,8.0,,9999.999999999998,Catalog then correct,,2240.2951142889506,,,,,,moderate,3200.5846650216326,344.6433293512782,0.6241161211834713,,,0.6575463214145225,3545.227994372911,0.0,,0.0,6241.161211834714,0.3200584665021633,0.0344643329351278,40019,,"[""L018"", ""R000"", ""R001"", ""R003"", ""R004"", ""R005"", ""R007"", ""R008""]","[""L018"", ""R000"", ""R001"", ""R003"", ""R004"", ""R005"", ""R007"", ""R008""]",,,3.0,,asymmetric,3040.576546813081,0.0,,800.2814325241305,1.0,,,,,,
135.8017153848612,1.0,,3154.233279599062,2,exp5:asymmetric:r019,,3.0,,204.72865905737305,0.1,hardening:asymmetric:r019,5,0.6495522345559642,8.0,2307.1698860013,1.0,,0.6241161211834713,8.0,,9999.999999999998,Catalog then correct,,1120.1475571444753,,,,,,moderate,3315.852952588088,229.3750417848228,0.6470086232187149,,,0.6575463214145225,3545.227994372911,0.5,,1.0,6470.08623218715,0.3315852952588088,0.0229375041784822,40019,,"[""L002"", ""R000"", ""R001"", ""R003"", ""R004"", ""R005"", ""R007"", ""R008""]","[""L018"", ""R000"", ""R001"", ""R003"", ""R004"", ""R005"", ""R007"", ""R008""]",,,3.0,,asymmetric,3154.233279599062,68.92694367251181,,847.0633935977621,1.0,,,,,,
412.22859455436185,3.0,,3154.233279599062,2,exp5:asymmetric:r019,,3.0,,412.22859455436185,0.1,hardening:asymmetric:r019,5,0.6777942291187561,9.0,2234.882612108763,1.0,,0.6241161211834713,8.0,,9999.999999999998,Catalog then correct,,0.0,,,,,,moderate,3575.186620769977,-29.958626397065927,0.6724264183252276,,,0.6575463214145225,3545.227994372911,1.0,,2.0,6724.264183252277,0.3575186620769977,-0.0029958626397065,40019,,"[""L000"", ""L002"", ""L019"", ""R000"", ""R001"", ""R003"", ""R004"", ""R007"", ""R008""]","[""L018"", ""R000"", ""R001"", ""R003"", ""R004"", ""R005"", ""R007"", ""R008""]",,,3.0,,asymmetric,3149.0775624823,0.0,,914.1949503735368,1.0,,,,,,
0.0,0.0,,3154.233279599062,2,exp5:asymmetric:r019,,3.0,,0.0,0.25,hardening:asymmetric:r019,5,0.6241161211834713,8.0,2240.2951142889506,1.0,,0.6241161211834713,8.0,,9999.999999999998,Catalog then correct,,2240.2951142889506,,,,,,moderate,3200.5846650216326,344.6433293512782,0.6241161211834713,,,0.6575463214145225,3545.227994372911,0.0,,0.0,6241.161211834714,0.3200584665021633,0.0344643329351278,40019,,"[""L018"", ""R000"", ""R001"", ""R003"", ""R004"", ""R005"", ""R007"", ""R008""]","[""L018"", ""R000"", ""R001"", ""R003"", ""R004"", ""R005"", ""R007"", ""R008""]",,,3.0,,asymmetric,3040.576546813081,0.0,,800.2814325241307,1.0,,,,,,
135.8017153848612,1.0,,3154.233279599062,2,exp5:asymmetric:r019,,3.0,,204.72865905737305,0.25,hardening:asymmetric:r019,5,0.6512496162068535,8.0,2307.1698860013,1.0,,0.6241161211834713,8.0,,9999.999999999998,Catalog then correct,,1120.1475571444753,,,,,,moderate,3295.5504765189658,249.67751785394512,0.6444662424510079,,,0.6575463214145225,3545.227994372911,0.5,,1.0,6444.66242451008,0.3295550476518966,0.0249677517853945,40019,,"[""L002"", ""R000"", ""R001"", ""R003"", ""R004"", ""R005"", ""R007"", ""R008""]","[""L018"", ""R000"", ""R001"", ""R003"", ""R004"", ""R005"", ""R007"", ""R008""]",,,3.0,,asymmetric,3149.1119479911144,68.92694367251181,,841.9420619898145,1.0,,,,,,
427.47892156235525,3.0,,3154.233279599062,2,exp5:asymmetric:r019,,3.0,,427.47892156235525,0.25,hardening:asymmetric:r019,5,0.6849660722842679,9.0,2250.1329391167565,1.0,,0.6241161211834713,8.0,,9999.999999999998,Catalog then correct,,0.0,,,,,,moderate,3545.028894512893,0.1990998600176681,0.6697535845090687,,,0.6575463214145225,3545.227994372911,1.0,,2.0,6697.535845090687,0.3545028894512894,1.990998600176681e-05,40019,,"[""L002"", ""L019"", ""L025"", ""R000"", ""R001"", ""R003"", ""R004"", ""R007"", ""R008""]","[""L018"", ""R000"", ""R001"", ""R003"", ""R004"", ""R005"", ""R007"", ""R008""]",,,3.0,,asymmetric,3152.5069505777938,0.0,,902.3740114610374,1.0,,,,,,
0.0,0.0,,3167.1915373627367,2,exp5:multi_hotspot:r000,,3.0,,0.0,0.0,hardening:multi_hotspot:r000,5,0.7419099796897557,8.0,2119.496713434438,1.0,,0.7419099796897557,8.0,,10000.0,Catalog then correct,,2119.496713434438,,,,,,moderate,4272.905589099117,94.0672436764653,0.7419099796897557,,,0.7534164370138319,4366.972832775582,0.0,,0.0,7419.099796897556,0.4272905589099117,0.0094067243676465,40000,,"[""L014"", ""L018"", ""L027"", ""R000"", ""R004"", ""R005"", ""R007"", ""C001""]","[""L014"", ""L018"", ""L027"", ""R000"", ""R004"", ""R005"", ""R007"", ""C001""]",,,3.0,,multi_hotspot,3146.194207798439,0.0,,1026.6974943640012,1.0,,,,,,
0.0,0.0,,3167.1915373627367,2,exp5:multi_hotspot:r000,,3.0,,0.0,0.0,hardening:multi_hotspot:r000,5,0.7419099796897557,8.0,2119.496713434438,1.0,,0.7419099796897557,8.0,,10000.0,Catalog then correct,,1059.748356717219,,,,,,moderate,4272.905589099117,94.0672436764653,0.7419099796897557,,,0.7534164370138319,4366.972832775582,0.5,,0.0,7419.099796897556,0.4272905589099117,0.0094067243676465,40000,,"[""L014"", ""L018"", ""L027"", ""R000"", ""R004"", ""R005"", ""R007"", ""C001""]","[""L014"", ""L018"", ""L027"", ""R000"", ""R004"", ""R005"", ""R007"", ""C001""]",,,3.0,,multi_hotspot,3146.194207798439,0.0,,1026.6974943640012,1.0,,,,,,
140.01674014543795,1.0,,3167.1915373627367,2,exp5:multi_hotspot:r000,,3.0,,140.01674014543795,0.0,hardening:multi_hotspot:r000,5,0.7534164370138319,8.0,2121.366253115396,1.0,,0.7419099796897557,8.0,,10000.0,Catalog then correct,,0.0,,,,,,moderate,4366.972832775582,0.0,0.7534164370138319,,,0.7534164370138319,4366.972832775582,1.0,,1.0,7534.164370138318,0.4366972832775582,0.0,40000,,"[""L014"", ""L018"", ""L034"", ""R000"", ""R004"", ""R005"", ""R007"", ""C001""]","[""L014"", ""L018"", ""L027"", ""R000"", ""R004"", ""R005"", ""R007"", ""C001""]",,,3.0,,multi_hotspot,3167.1915373627367,0.0,,1045.8252842473407,1.0,,,,,,
0.0,0.0,,3167.1915373627367,2,exp5:multi_hotspot:r000,,3.0,,0.0,0.01,hardening:multi_hotspot:r000,5,0.7419099796897557,8.0,2119.496713434438,1.0,,0.7419099796897557,8.0,,10000.0,Catalog then correct,,2119.496713434438,,,,,,moderate,4272.905589099117,94.0672436764653,0.7419099796897557,,,0.7534164370138319,4366.972832775582,0.0,,0.0,7419.099796897556,0.4272905589099117,0.0094067243676465,40000,,"[""L014"", ""L018"", ""L027"", ""R000"", ""R004"", ""R005"", ""R007"", ""C001""]","[""L014"", ""L018"", ""L027"", ""R000"", ""R004"", ""R005"", ""R007"", ""C001""]",,,3.0,,multi_hotspot,3146.194207798439,0.0,,1026.6974943640012,1.0,,,,,,
0.0,0.0,,3167.1915373627367,2,exp5:multi_hotspot:r000,,3.0,,0.0,0.01,hardening:multi_hotspot:r000,5,0.7419099796897557,8.0,2119.496713434438,1.0,,0.7419099796897557,8.0,,10000.0,Catalog then correct,,1059.748356717219,,,,,,moderate,4272.905589099117,94.0672436764653,0.7419099796897557,,,0.7534164370138319,4366.972832775582,0.5,,0.0,7419.099796897556,0.4272905589099117,0.0094067243676465,40000,,"[""L014"", ""L018"", ""L027"", ""R000"", ""R004"", ""R005"", ""R007"", ""C001""]","[""L014"", ""L018"", ""L027"", ""R000"", ""R004"", ""R005"", ""R007"", ""C001""]",,,3.0,,multi_hotspot,3146.194207798439,0.0,,1026.6974943640012,1.0,,,,,,
140.01674014543795,1.0,,3167.1915373627367,2,exp5:multi_hotspot:r000,,3.0,,140.01674014543795,0.01,hardening:multi_hotspot:r000,5,0.7535109489236569,8.0,2121.366253115396,1.0,,0.7419099796897557,8.0,,10000.0,Catalog then correct,,0.0,,,,,,moderate,4366.7578549504415,0.2149778251405223,0.753394939231318,,,0.7534164370138319,4366.972832775582,1.0,,1.0,7533.949392313178,0.4366757854950441,2.1497782514052237e-05,40000,,"[""L014"", ""L018"", ""L034"", ""R000"", ""R004"", ""R005"", ""R007"", ""C001""]","[""L014"", ""L018"", ""L027"", ""R000"", ""R004"", ""R005"", ""R007"", ""C001""]",,,3.0,,multi_hotspot,3167.1915373627367,0.0,,1045.8252842473407,1.0,,,,,,
0.0,0.0,,3167.1915373627367,2,exp5:multi_hotspot:r000,,3.0,,0.0,0.1,hardening:multi_hotspot:r000,5,0.7419099796897557,8.0,2119.496713434438,1.0,,0.7419099796897557,8.0,,10000.0,Catalog then correct,,2119.496713434438,,,,,,moderate,4272.905589099119,94.06724367646348,0.7419099796897557,,,0.7534164370138319,4366.972832775582,0.0,,0.0,7419.099796897557,0.4272905589099118,0.0094067243676463,40000,,"[""L014"", ""L018"", ""L027"", ""R000"", ""R004"", ""R005"", ""R007"", ""C001""]","[""L014"", ""L018"", ""L027"", ""R000"", ""R004"", ""R005"", ""R007"", ""C001""]",,,3.0,,multi_hotspot,3146.194207798439,0.0,,1026.6974943640012,1.0,,,,,,
0.0,0.0,,3167.1915373627367,2,exp5:multi_hotspot:r000,,3.0,,0.0,0.1,hardening:multi_hotspot:r000,5,0.7419099796897557,8.0,2119.496713434438,1.0,,0.7419099796897557,8.0,,10000.0,Catalog then correct,,1059.748356717219,,,,,,moderate,4272.905589099119,94.06724367646348,0.7419099796897557,,,0.7534164370138319,4366.972832775582,0.5,,0.0,7419.099796897557,0.4272905589099118,0.0094067243676463,40000,,"[""L014"", ""L018"", ""L027"", ""R000"", ""R004"", ""R005"", ""R007"", ""C001""]","[""L014"", ""L018"", ""L027"", ""R000"", ""R004"", ""R005"", ""R007"", ""C001""]",,,3.0,,multi_hotspot,3146.194207798439,0.0,,1026.6974943640012,1.0,,,,,,
140.01674014543795,1.0,,3167.1915373627367,2,exp5:multi_hotspot:r000,,3.0,,140.01674014543795,0.1,hardening:multi_hotspot:r000,5,0.754456068021907,8.0,2121.366253115396,1.0,,0.7419099796897557,8.0,,10000.0,Catalog then correct,,0.0,,,,,,moderate,4364.823054524184,2.1497782513979478,0.7532014591886919,,,0.7534164370138319,4366.972832775582,1.0,,1.0,7532.01459188692,0.4364823054524184,0.0002149778251397,40000,,"[""L014"", ""L018"", ""L034"", ""R000"", ""R004"", ""R005"", ""R007"", ""C001""]","[""L014"", ""L018"", ""L027"", ""R000"", ""R004"", ""R005"", ""R007"", ""C001""]",,,3.0,,multi_hotspot,3167.191537362736,0.0,,1045.8252842473405,1.0,,,,,,
0.0,0.0,,3167.1915373627367,2,exp5:multi_hotspot:r000,,3.0,,0.0,0.25,hardening:multi_hotspot:r000,5,0.7419099796897557,8.0,2119.496713434438,1.0,,0.7419099796897557,8.0,,10000.0,Catalog then correct,,2119.496713434438,,,,,,moderate,4272.905589099119,94.06724367646348,0.7419099796897557,,,0.7534164370138319,4366.972832775582,0.0,,0.0,7419.099796897557,0.4272905589099118,0.0094067243676463,40000,,"[""L014"", ""L018"", ""L027"", ""R000"", ""R004"", ""R005"", ""R007"", ""C001""]","[""L014"", ""L018"", ""L027"", ""R000"", ""R004"", ""R005"", ""R007"", ""C001""]",,,3.0,,multi_hotspot,3146.194207798439,0.0,,1026.6974943640012,1.0,,,,,,
0.0,0.0,,3167.1915373627367,2,exp5:multi_hotspot:r000,,3.0,,0.0,0.25,hardening:multi_hotspot:r000,5,0.7419099796897557,8.0,2119.496713434438,1.0,,0.7419099796897557,8.0,,10000.0,Catalog then correct,,1059.748356717219,,,,,,moderate,4272.905589099119,94.06724367646348,0.7419099796897557,,,0.7534164370138319,4366.972832775582,0.5,,0.0,7419.099796897557,0.4272905589099118,0.0094067243676463,40000,,"[""L014"", ""L018"", ""L027"", ""R000"", ""R004"", ""R005"", ""R007"", ""C001""]","[""L014"", ""L018"", ""L027"", ""R000"", ""R004"", ""R005"", ""R007"", ""C001""]",,,3.0,,multi_hotspot,3146.194207798439,0.0,,1026.6974943640012,1.0,,,,,,
135.33194634814453,1.0,,3167.1915373627367,2,exp5:multi_hotspot:r000,,3.0,,135.33194634814453,0.25,hardening:multi_hotspot:r000,5,0.7548574842593296,8.0,2116.681459318103,1.0,,0.7419099796897557,8.0,,10000.0,Catalog then correct,,0.0,,,,,,moderate,4351.058791300511,15.914041475070915,0.7516206081169361,,,0.7534164370138319,4366.972832775582,1.0,,1.0,7516.206081169361,0.4351058791300511,0.001591404147507,40000,,"[""L014"", ""L016"", ""L018"", ""R000"", ""R004"", ""R005"", ""R007"", ""C001""]","[""L014"", ""L018"", ""L027"", ""R000"", ""R004"", ""R005"", ""R007"", ""C001""]",,,3.0,,multi_hotspot,3165.1472898688494,0.0,,1048.4658305507464,1.0,,,,,,
151.2835923484403,1.0,,3142.794055820548,2,exp5:multi_hotspot:r001,,3.0,,752.9573410899932,0.0,hardening:multi_hotspot:r001,5,0.584035436144018,6.0,2426.001463460734,1.0,,0.5400941577768482,6.0,,10000.0,Catalog then correct,,2274.717871112294,,,,,,moderate,2703.601105862584,1685.5688129821588,0.584035436144018,,,0.7422481449023656,4389.169918844743,0.0,,1.0,5840.354361440181,0.2703601105862584,0.1685568812982159,40001,,"[""L018"", ""R001"", ""R004"", ""R005"", ""R007"", ""C001""]","[""R001"", ""R004"", ""R005"", ""R007"", ""C001"", ""C002""]",,,3.0,,multi_hotspot,3136.7532555775965,601.6737487415529,,710.7517921168622,1.0,,,,,,
311.2152684074261,1.0,,3142.794055820548,2,exp5:multi_hotspot:r001,,3.0,,612.0521427782026,0.0,hardening:multi_hotspot:r001,5,0.649130034274958,6.0,2285.0962651489435,1.0,,0.5400941577768482,6.0,,10000.0,Catalog then correct,,1137.358935556147,,,,,,moderate,3401.6249186570185,987.5450001877244,0.649130034274958,,,0.7422481449023656,4389.169918844743,0.5,,1.0,6491.3003427495805,0.3401624918657018,0.0987545000187724,40001,,"[""R001"", ""R002"", ""R004"", ""R005"", ""R007"", ""C001""]","[""R001"", ""R004"", ""R005"", ""R007"", ""C001"", ""C002""]",,,3.0,,multi_hotspot,3089.675424092562,300.83687437077646,,804.5791589436187,1.0,,,,,,
962.8806291640138,3.0,,3142.794055820548,2,exp5:multi_hotspot:r001,,3.0,,962.8806291640138,0.0,hardening:multi_hotspot:r001,5,0.7422481449023656,6.0,2079.206985330571,1.0,,0.5400941577768482,6.0,,10000.0,Catalog then correct,,0.0,,,,,,moderate,4389.169918844743,0.0,0.7422481449023656,,,0.7422481449023656,4389.169918844743,1.0,,3.0,7422.481449023656,0.4389169918844743,0.0,40001,,"[""L014"", ""R001"", ""R002"", ""R004"", ""C000"", ""C001""]","[""R001"", ""R004"", ""R005"", ""R007"", ""C001"", ""C002""]",,,3.0,,multi_hotspot,3033.311530178913,0.0,,954.1045448483418,1.0,,,,,,
151.2835923484403,1.0,,3142.794055820548,2,exp5:multi_hotspot:r001,,3.0,,752.9573410899932,0.01,hardening:multi_hotspot:r001,5,0.584035436144018,6.0,2426.001463460734,1.0,,0.5400941577768482,6.0,,10000.0,Catalog then correct,,2274.717871112294,,,,,,moderate,2699.951814305265,1689.2181045394773,0.5835960233603463,,,0.7422481449023656,4389.169918844743,0.0,,1.0,5835.960233603463,0.2699951814305265,0.1689218104539477,40001,,"[""L018"", ""R001"", ""R004"", ""R005"", ""R007"", ""C001""]","[""R001"", ""R004"", ""R005"", ""R007"", ""C001"", ""C002""]",,,3.0,,multi_hotspot,3136.0084192981976,601.6737487415529,,710.0069558374636,1.0,,,,,,
311.2152684074261,1.0,,3142.794055820548,2,exp5:multi_hotspot:r001,,3.0,,612.0521427782026,0.01,hardening:multi_hotspot:r001,5,0.649130034274958,6.0,2285.0962651489435,1.0,,0.5400941577768482,6.0,,10000.0,Catalog then correct,,1137.358935556147,,,,,,moderate,3392.404440954873,996.76547788987,0.6480396755099769,,,0.7422481449023656,4389.169918844743,0.5,,1.0,6480.396755099769,0.3392404440954872,0.099676547788987,40001,,"[""R001"", ""R002"", ""R004"", ""R005"", ""R007"", ""C001""]","[""R001"", ""R004"", ""R005"", ""R007"", ""C001"", ""C002""]",,,3.0,,multi_hotspot,3087.992314144896,300.83687437077646,,802.8960489959524,1.0,,,,,,
962.8806291640138,3.0,,3142.794055820548,2,exp5:multi_hotspot:r001,,3.0,,962.8806291640138,0.01,hardening:multi_hotspot:r001,5,0.7422481449023655,6.0,2079.206985330571,1.0,,0.5400941577768482,6.0,,10000.0,Catalog then correct,,0.0,,,,,,moderate,4372.132883938903,17.03703490583939,0.7402266050311103,,,0.7422481449023656,4389.169918844743,1.0,,3.0,7402.266050311103,0.4372132883938903,0.0017037034905839,40001,,"[""L014"", ""R001"", ""R002"", ""R004"", ""C000"", ""C001""]","[""R001"", ""R004"", ""R005"", ""R007"", ""C001"", ""C002""]",,,3.0,,multi_hotspot,3030.1331663721994,0.0,,950.9261810416282,1.0,,,,,,
151.2835923484403,1.0,,3142.794055820548,2,exp5:multi_hotspot:r001,,3.0,,752.9573410899932,0.1,hardening:multi_hotspot:r001,5,0.584035436144018,6.0,2426.001463460734,1.0,,0.5400941577768482,6.0,,10000.0,Catalog then correct,,2274.717871112294,,,,,,moderate,2667.108190289401,1722.0617285553417,0.579641308307301,,,0.7422481449023656,4389.169918844743,0.0,,1.0,5796.41308307301,0.2667108190289401,0.1722061728555341,40001,,"[""L018"", ""R001"", ""R004"", ""R005"", ""R007"", ""C001""]","[""R001"", ""R004"", ""R005"", ""R007"", ""C001"", ""C002""]",,,3.0,,multi_hotspot,3129.304892783609,601.6737487415529,,703.3034293228748,1.0,,,,,,
516.1990794342663,1.0,,3142.794055820548,2,exp5:multi_hotspot:r001,,3.0,,952.9154401680448,0.1,hardening:multi_hotspot:r001,5,0.6749855816919829,5.0,2354.200589812782,1.0,,0.5400941577768482,6.0,,10000.0,Catalog then correct,,1137.358935556147,,,,,,moderate,3475.654106021686,913.5158128230568,0.6614964393004694,,,0.7422481449023656,4389.169918844743,0.5,,2.0,6614.964393004693,0.3475654106021686,0.0913515812823057,40001,,"[""R001"", ""R004"", ""R007"", ""C000"", ""C001""]","[""R001"", ""R004"", ""R005"", ""R007"", ""C001"", ""C002""]",,,3.0,,multi_hotspot,3139.3102869830072,436.7163607337784,,785.1096971702253,1.0,,,,,,
1100.1919639876005,3.0,,3142.794055820548,2,exp5:multi_hotspot:r001,,3.0,,1100.1919639876005,0.1,hardening:multi_hotspot:r001,5,0.7702454366516783,6.0,2216.518320154158,1.0,,0.5400941577768482,6.0,,10000.0,Catalog then correct,,0.0,,,,,,moderate,4329.509031821405,59.66088702333764,0.7472303087641953,,,0.7422481449023656,4389.169918844743,1.0,,3.0,7472.303087641952,0.4329509031821405,0.0059660887023337,40001,,"[""R001"", ""R002"", ""R004"", ""R008"", ""C000"", ""C001""]","[""R001"", ""R004"", ""R005"", ""R007"", ""C001"", ""C002""]",,,3.0,,multi_hotspot,3142.794055820548,0.0,,926.2757356663892,1.0,,,,,,
135.46628132232146,1.0,,3142.794055820548,2,exp5:multi_hotspot:r001,,3.0,,737.1400300638744,0.25,hardening:multi_hotspot:r001,5,0.5842094475373547,6.0,2410.184152434615,1.0,,0.5400941577768482,6.0,,10000.0,Catalog then correct,,2274.717871112294,,,,,,moderate,2613.003483056956,1776.1664357877871,0.5731806250972281,,,0.7422481449023656,4389.169918844743,0.0,,1.0,5731.80625097228,0.2613003483056956,0.1776166435787787,40001,,"[""L014"", ""R001"", ""R004"", ""R005"", ""R007"", ""C001""]","[""R001"", ""R004"", ""R005"", ""R007"", ""C001"", ""C002""]",,,3.0,,multi_hotspot,3118.8027679153247,601.6737487415529,,708.6186154807094,1.0,,,,,,
516.1990794342663,1.0,,3142.794055820548,2,exp5:multi_hotspot:r001,,3.0,,952.9154401680448,0.25,hardening:multi_hotspot:r001,5,0.674985581691983,5.0,2354.200589812782,1.0,,0.5400941577768482,6.0,,10000.0,Catalog then correct,,1137.358935556147,,,,,,moderate,3298.123892314526,1091.0460265302167,0.6412627257131993,,,0.7422481449023656,4389.169918844743,0.5,,2.0,6412.627257131993,0.3298123892314526,0.1091046026530216,40001,,"[""R001"", ""R004"", ""R007"", ""C000"", ""C001""]","[""R001"", ""R004"", ""R005"", ""R007"", ""C001"", ""C002""]",,,3.0,,multi_hotspot,3114.503364817467,436.7163607337784,,760.3027750046855,1.0,,,,,,
1100.1919639876005,3.0,,3142.794055820548,2,exp5:multi_hotspot:r001,,3.0,,1100.1919639876005,0.25,hardening:multi_hotspot:r001,5,0.7832555763498095,6.0,2216.518320154158,1.0,,0.5400941577768482,6.0,,10000.0,Catalog then correct,,0.0,,,,,,moderate,4115.014212988604,274.1557058561384,0.7224652217065692,,,0.7422481449023656,4389.169918844743,1.0,,3.0,7224.65221706569,0.4115014212988604,0.0274155705856138,40001,,"[""R001"", ""R002"", ""R004"", ""R008"", ""C000"", ""C001""]","[""R001"", ""R004"", ""R005"", ""R007"", ""C001"", ""C002""]",,,3.0,,multi_hotspot,3109.638004077085,0.0,,893.1196839229275,1.0,,,,,,
0.0,0.0,,3131.918120974454,2,exp5:multi_hotspot:r002,,3.0,,0.0,0.0,hardening:multi_hotspot:r002,5,0.6484622613030314,7.0,2186.8760450100635,1.0,,0.6484622613030314,7.0,,10000.000000000002,Catalog then correct,,2186.8760450100635,,,,,,moderate,3493.271826121603,678.0609843730381,0.6484622613030314,,,0.7303250931469095,4171.332810494641,0.0,,0.0,6484.622613030313,0.3493271826121603,0.0678060984373038,40002,,"[""L020"", ""R000"", ""R002"", ""R004"", ""R005"", ""R006"", ""C001""]","[""L020"", ""R000"", ""R002"", ""R004"", ""R005"", ""R006"", ""C001""]",,,3.0,,multi_hotspot,2991.35078690871,0.0,,804.4747418986462,1.0,,,,,,
289.1263538987864,2.0,,3131.918120974454,2,exp5:multi_hotspot:r002,,3.0,,506.7028364976356,0.0,hardening:multi_hotspot:r002,5,0.6797708695292851,7.0,2258.425916310001,1.0,,0.6484622613030314,7.0,,10000.000000000002,Catalog then correct,,1093.4380225050318,,,,,,moderate,3666.147986704983,505.1848237896584,0.6797708695292851,,,0.7303250931469095,4171.332810494641,0.5,,2.0,6797.70869529285,0.3666147986704982,0.0505184823789658,40002,,"[""L008"", ""L032"", ""R000"", ""R002"", ""R004"", ""R005"", ""C001""]","[""L020"", ""R000"", ""R002"", ""R004"", ""R005"", ""R006"", ""C001""]",,,3.0,,multi_hotspot,3131.560708587868,217.5764825988492,,873.1347922778666,1.0,,,,,,
443.69695620835466,2.0,,3131.918120974454,2,exp5:multi_hotspot:r002,,3.0,,443.69695620835466,0.0,hardening:multi_hotspot:r002,5,0.7303250931469095,7.0,2195.4200360207205,1.0,,0.6484622613030314,7.0,,10000.000000000002,Catalog then correct,,0.0,,,,,,moderate,4171.332810494641,0.0,0.7303250931469095,,,0.7303250931469095,4171.332810494641,1.0,,2.0,7303.250931469095,0.417133281049464,0.0,40002,,"[""L031"", ""R000"", ""R002"", ""R004"", ""R005"", ""R008"", ""C001""]","[""L020"", ""R000"", ""R002"", ""R004"", ""R005"", ""R006"", ""C001""]",,,3.0,,multi_hotspot,3131.918120974454,0.0,,936.4980849537332,1.0,,,,,,
0.0,0.0,,3131.918120974454,2,exp5:multi_hotspot:r002,,3.0,,0.0,0.01,hardening:multi_hotspot:r002,5,0.6484622613030314,7.0,2186.8760450100635,1.0,,0.6484622613030314,7.0,,10000.000000000002,Catalog then correct,,2186.8760450100635,,,,,,moderate,3493.271826121603,678.0609843730381,0.6484622613030314,,,0.7303250931469095,4171.332810494641,0.0,,0.0,6484.622613030313,0.3493271826121603,0.0678060984373038,40002,,"[""L020"", ""R000"", ""R002"", ""R004"", ""R005"", ""R006"", ""C001""]","[""L020"", ""R000"", ""R002"", ""R004"", ""R005"", ""R006"", ""C001""]",,,3.0,,multi_hotspot,2991.35078690871,0.0,,804.4747418986464,1.0,,,,,,
289.1263538987864,2.0,,3131.918120974454,2,exp5:multi_hotspot:r002,,3.0,,506.7028364976356,0.01,hardening:multi_hotspot:r002,5,0.6797708695292851,7.0,2258.425916310001,1.0,,0.6484622613030314,7.0,,10000.000000000002,Catalog then correct,,1093.4380225050318,,,,,,moderate,3663.703726386149,507.629084108492,0.6794577834470226,,,0.7303250931469095,4171.332810494641,0.5,,2.0,6794.577834470225,0.3663703726386149,0.0507629084108491,40002,,"[""L008"", ""L032"", ""R000"", ""R002"", ""R004"", ""R005"", ""C001""]","[""L020"", ""R000"", ""R002"", ""R004"", ""R005"", ""R006"", ""C001""]",,,3.0,,multi_hotspot,3130.8741080840755,217.5764825988492,,872.4481917740744,1.0,,,,,,
443.69695620835466,2.0,,3131.918120974454,2,exp5:multi_hotspot:r002,,3.0,,443.69695620835466,0.01,hardening:multi_hotspot:r002,5,0.7309608419062348,7.0,2195.4200360207205,1.0,,0.6484622613030314,7.0,,10000.000000000002,Catalog then correct,,0.0,,,,,,moderate,4169.4404400275735,1.892370467067849,0.7301358561002027,,,0.7303250931469095,4171.332810494641,1.0,,2.0,7301.358561002027,0.4169440440027572,0.0001892370467067,40002,,"[""L031"", ""R000"", ""R002"", ""R004"", ""R005"", ""R008"", ""C001""]","[""L020"", ""R000"", ""R002"", ""R004"", ""R005"", ""R006"", ""C001""]",,,3.0,,multi_hotspot,3131.918120974454,0.0,,936.4980849537334,1.0,,,,,,
0.0,0.0,,3131.918120974454,2,exp5:multi_hotspot:r002,,3.0,,0.0,0.1,hardening:multi_hotspot:r002,5,0.6484622613030313,7.0,2186.8760450100635,1.0,,0.6484622613030314,7.0,,10000.000000000002,Catalog then correct,,2186.8760450100635,,,,,,moderate,3493.271826121603,678.0609843730381,0.6484622613030313,,,0.7303250931469095,4171.332810494641,0.0,,0.0,6484.622613030313,0.3493271826121603,0.0678060984373038,40002,,"[""L020"", ""R000"", ""R002"", ""R004"", ""R005"", ""R006"", ""C001""]","[""L020"", ""R000"", ""R002"", ""R004"", ""R005"", ""R006"", ""C001""]",,,3.0,,multi_hotspot,2991.35078690871,0.0,,804.4747418986462,1.0,,,,,,
278.1078575422986,2.0,,3131.918120974454,2,exp5:multi_hotspot:r002,,3.0,,495.6843401411477,0.1,hardening:multi_hotspot:r002,5,0.682964289193525,7.0,2247.407419953513,1.0,,0.6484622613030314,7.0,,10000.000000000002,Catalog then correct,,1093.4380225050318,,,,,,moderate,3663.2227430703033,508.110067424338,0.6795140864044756,,,0.7303250931469095,4171.332810494641,0.5,,2.0,6795.140864044757,0.3663222743070302,0.0508110067424337,40002,,"[""L008"", ""L031"", ""R000"", ""R002"", ""R004"", ""R005"", ""C001""]","[""L020"", ""R000"", ""R002"", ""R004"", ""R005"", ""R006"", ""C001""]",,,3.0,,multi_hotspot,3131.918120974454,217.5764825988492,,884.510701020941,1.0,,,,,,
450.66243364845707,2.0,,3131.918120974454,2,exp5:multi_hotspot:r002,,3.0,,450.66243364845707,0.1,hardening:multi_hotspot:r002,5,0.7317983137628548,7.0,2202.385513460823,1.0,,0.6484622613030314,7.0,,10000.000000000002,Catalog then correct,,0.0,,,,,,moderate,4111.767612639418,59.56519785522323,0.7234647085168724,,,0.7303250931469095,4171.332810494641,1.0,,2.0,7234.647085168724,0.4111767612639417,0.0059565197855223,40002,,"[""L031"", ""R000"", ""R002"", ""R004"", ""R005"", ""R007"", ""C001""]","[""L020"", ""R000"", ""R002"", ""R004"", ""R005"", ""R006"", ""C001""]",,,3.0,,multi_hotspot,3122.879472529307,0.0,,920.493959068484,1.0,,,,,,
0.0,0.0,,3131.918120974454,2,exp5:multi_hotspot:r002,,3.0,,0.0,0.25,hardening:multi_hotspot:r002,5,0.6484622613030314,7.0,2186.8760450100635,1.0,,0.6484622613030314,7.0,,10000.000000000002,Catalog then correct,,2186.8760450100635,,,,,,moderate,3493.271826121603,678.0609843730381,0.6484622613030314,,,0.7303250931469095,4171.332810494641,0.0,,0.0,6484.622613030313,0.3493271826121603,0.0678060984373038,40002,,"[""L020"", ""R000"", ""R002"", ""R004"", ""R005"", ""R006"", ""C001""]","[""L020"", ""R000"", ""R002"", ""R004"", ""R005"", ""R006"", ""C001""]",,,3.0,,multi_hotspot,2991.35078690871,0.0,,804.4747418986462,1.0,,,,,,
278.1078575422986,2.0,,3131.918120974454,2,exp5:multi_hotspot:r002,,3.0,,495.6843401411477,0.25,hardening:multi_hotspot:r002,5,0.6867471124872071,7.0,2247.407419953513,1.0,,0.6484622613030314,7.0,,10000.000000000002,Catalog then correct,,1093.4380225050318,,,,,,moderate,3647.2289643345193,524.103846160122,0.6771758996911632,,,0.7303250931469095,4171.332810494641,0.5,,2.0,6771.758996911631,0.3647228964334518,0.0524103846160121,40002,,"[""L008"", ""L031"", ""R000"", ""R002"", ""R004"", ""R005"", ""C001""]","[""L020"", ""R000"", ""R002"", ""R004"", ""R005"", ""R006"", ""C001""]",,,3.0,,multi_hotspot,3124.530032577112,217.5764825988492,,877.1226126235981,1.0,,,,,,
782.5299659095888,3.0,,3131.918120974454,2,exp5:multi_hotspot:r002,,3.0,,782.5299659095888,0.25,hardening:multi_hotspot:r002,5,0.7358369004216965,7.0,2194.1688550313384,1.0,,0.6484622613030314,7.0,,10000.000000000002,Catalog then correct,,0.0,,,,,,moderate,4008.014285445849,163.31852504879225,0.7139932406420303,,,0.7303250931469095,4171.332810494641,1.0,,3.0,7139.932406420303,0.4008014285445848,0.0163318525048792,40002,,"[""L031"", ""R000"", ""R001"", ""R004"", ""R005"", ""R008"", ""C001""]","[""L020"", ""R000"", ""R002"", ""R004"", ""R005"", ""R006"", ""C001""]",,,3.0,,multi_hotspot,3131.918120974454,0.0,,937.7492659431156,1.0,,,,,,
138.92443121641173,1.0,,3097.6906149428264,2,exp5:multi_hotspot:r003,,3.0,,138.92443121641173,0.0,hardening:multi_hotspot:r003,5,0.593711121921096,7.0,2273.2366125443896,1.0,,0.5502133255719991,6.0,,10000.000000000002,Catalog then correct,,2134.3121813279777,,,,,,moderate,2884.6565604683337,1187.2134683905017,0.593711121921096,,,0.7094069733452084,4071.870028858835,0.0,,0.0,5937.11121921096,0.2884656560468333,0.1187213468390501,40003,,"[""L023"", ""L029"", ""R000"", ""R006"", ""R007"", ""C001"", ""C002""]","[""L023"", ""R000"", ""R006"", ""R007"", ""C001"", ""C002""]",,,3.0,,multi_hotspot,3052.454658742626,0.0,,779.2180461982371,1.0,,,,,,
344.7493239705805,1.0,,3097.6906149428264,2,exp5:multi_hotspot:r003,,3.0,,629.8664299463761,0.0,hardening:multi_hotspot:r003,5,0.6260317379107742,6.0,2193.9443993227624,1.0,,0.5502133255719991,6.0,,10000.000000000002,Catalog then correct,,1067.1560906639888,,,,,,moderate,3248.9816901134345,822.8883387454007,0.6260317379107742,,,0.7094069733452084,4071.870028858835,0.5,,1.0,6260.317379107742,0.3248981690113434,0.08228883387454,40003,,"[""L023"", ""R000"", ""R001"", ""R006"", ""R007"", ""C001""]","[""L023"", ""R000"", ""R006"", ""R007"", ""C001"", ""C002""]",,,3.0,,multi_hotspot,3011.335688994308,285.1171059757956,,817.3912896715458,1.0,,,,,,
1054.571243502435,4.0,,3097.6906149428264,2,exp5:multi_hotspot:r003,,3.0,,1054.571243502435,0.0,hardening:multi_hotspot:r003,5,0.7094069733452084,7.0,2065.225156108603,1.0,,0.5502133255719991,6.0,,10000.000000000002,Catalog then correct,,0.0,,,,,,moderate,4071.870028858835,0.0,0.7094069733452084,,,0.7094069733452084,4071.870028858835,1.0,,3.0,7094.069733452085,0.4071870028858834,0.0,40003,,"[""L023"", ""L029"", ""R001"", ""R003"", ""R004"", ""R007"", ""C001""]","[""L023"", ""R000"", ""R006"", ""R007"", ""C001"", ""C002""]",,,3.0,,multi_hotspot,3022.1997045932494,0.0,,956.974548484646,1.0,,,,,,
138.92443121641173,1.0,,3097.6906149428264,2,exp5:multi_hotspot:r003,,3.0,,138.92443121641173,0.01,hardening:multi_hotspot:r003,5,0.593711121921096,7.0,2273.2366125443896,1.0,,0.5502133255719991,6.0,,10000.000000000002,Catalog then correct,,2134.3121813279777,,,,,,moderate,2881.0781616991167,1190.7918671597183,0.5932761439576051,,,0.7094069733452084,4071.870028858835,0.0,,0.0,5932.761439576049,0.2881078161699116,0.1190791867159718,40003,,"[""L023"", ""L029"", ""R000"", ""R006"", ""R007"", ""C001"", ""C002""]","[""L023"", ""R000"", ""R006"", ""R007"", ""C001"", ""C002""]",,,3.0,,multi_hotspot,3051.6832778769326,0.0,,778.446665332543,1.0,,,,,,
344.7493239705805,1.0,,3097.6906149428264,2,exp5:multi_hotspot:r003,,3.0,,629.8664299463761,0.01,hardening:multi_hotspot:r003,5,0.6260317379107742,6.0,2193.9443993227624,1.0,,0.5502133255719991,6.0,,10000.000000000002,Catalog then correct,,1067.1560906639888,,,,,,moderate,3242.552962179982,829.3170666788533,0.6252735537873865,,,0.7094069733452084,4071.870028858835,0.5,,1.0,6252.735537873863,0.3242552962179981,0.0829317066678853,40003,,"[""L023"", ""R000"", ""R001"", ""R006"", ""R007"", ""C001""]","[""L023"", ""R000"", ""R006"", ""R007"", ""C001"", ""C002""]",,,3.0,,multi_hotspot,3010.182575693881,285.1171059757956,,816.2381763711187,1.0,,,,,,
1054.571243502435,4.0,,3097.6906149428264,2,exp5:multi_hotspot:r003,,3.0,,1054.571243502435,0.01,hardening:multi_hotspot:r003,5,0.7094069733452084,7.0,2065.225156108603,1.0,,0.5502133255719991,6.0,,10000.000000000002,Catalog then correct,,0.0,,,,,,moderate,4058.499609970071,13.37041888876456,0.7078150368674764,,,0.7094069733452084,4071.870028858835,1.0,,3.0,7078.150368674762,0.405849960997007,0.0013370418888764,40003,,"[""L023"", ""L029"", ""R001"", ""R003"", ""R004"", ""R007"", ""C001""]","[""L023"", ""R000"", ""R006"", ""R007"", ""C001"", ""C002""]",,,3.0,,multi_hotspot,3019.6507587046917,0.0,,954.425602596088,1.0,,,,,,
138.92443121641173,1.0,,3097.6906149428264,2,exp5:multi_hotspot:r003,,3.0,,138.92443121641173,0.1,hardening:multi_hotspot:r003,5,0.593711121921096,7.0,2273.2366125443896,1.0,,0.5502133255719991,6.0,,10000.000000000002,Catalog then correct,,2134.3121813279777,,,,,,moderate,2848.872572776176,1222.9974560826597,0.5893613422861863,,,0.7094069733452084,4071.870028858835,0.0,,0.0,5893.613422861864,0.2848872572776175,0.1222997456082659,40003,,"[""L023"", ""L029"", ""R000"", ""R006"", ""R007"", ""C001"", ""C002""]","[""L023"", ""R000"", ""R006"", ""R007"", ""C001"", ""C002""]",,,3.0,,multi_hotspot,3044.740850085688,0.0,,771.5042375412988,1.0,,,,,,
344.7493239705805,1.0,,3097.6906149428264,2,exp5:multi_hotspot:r003,,3.0,,629.8664299463761,0.1,hardening:multi_hotspot:r003,5,0.6260317379107742,6.0,2193.9443993227624,1.0,,0.5502133255719991,6.0,,10000.000000000002,Catalog then correct,,1067.1560906639888,,,,,,moderate,3184.694410778928,887.175618079907,0.6184498966768966,,,0.7094069733452084,4071.870028858835,0.5,,1.0,6184.498966768967,0.3184694410778927,0.0887175618079906,40003,,"[""L023"", ""R000"", ""R001"", ""R006"", ""R007"", ""C001""]","[""L023"", ""R000"", ""R006"", ""R007"", ""C001"", ""C002""]",,,3.0,,multi_hotspot,2999.804555990039,285.1171059757956,,805.8601566672766,1.0,,,,,,
1054.571243502435,4.0,,3097.6906149428264,2,exp5:multi_hotspot:r003,,3.0,,1054.571243502435,0.1,hardening:multi_hotspot:r003,5,0.7094069733452084,7.0,2065.225156108603,1.0,,0.5502133255719991,6.0,,10000.000000000002,Catalog then correct,,0.0,,,,,,moderate,3938.165839971205,133.70418888763015,0.6934876085678875,,,0.7094069733452084,4071.870028858835,1.0,,3.0,6934.876085678875,0.3938165839971204,0.013370418888763,40003,,"[""L023"", ""L029"", ""R001"", ""R003"", ""R004"", ""R007"", ""C001""]","[""L023"", ""R000"", ""R006"", ""R007"", ""C001"", ""C002""]",,,3.0,,multi_hotspot,2996.71024570767,0.0,,931.4850895990668,1.0,,,,,,
138.92443121641173,1.0,,3097.6906149428264,2,exp5:multi_hotspot:r003,,3.0,,138.92443121641173,0.25,hardening:multi_hotspot:r003,5,0.593711121921096,7.0,2273.2366125443896,1.0,,0.5502133255719991,6.0,,10000.000000000002,Catalog then correct,,2134.3121813279777,,,,,,moderate,2795.1965912379364,1276.6734376208988,0.5828366728338218,,,0.7094069733452084,4071.870028858835,0.0,,0.0,5828.366728338217,0.2795196591237936,0.1276673437620898,40003,,"[""L023"", ""L029"", ""R000"", ""R006"", ""R007"", ""C001"", ""C002""]","[""L023"", ""R000"", ""R006"", ""R007"", ""C001"", ""C002""]",,,3.0,,multi_hotspot,3033.170137100281,0.0,,759.9335245558914,1.0,,,,,,
344.7493239705805,1.0,,3097.6906149428264,2,exp5:multi_hotspot:r003,,3.0,,629.8664299463761,0.25,hardening:multi_hotspot:r003,5,0.6260317379107742,6.0,2193.9443993227624,1.0,,0.5502133255719991,6.0,,10000.000000000002,Catalog then correct,,1067.1560906639888,,,,,,moderate,3088.263491777169,983.6065370816664,0.6070771348260804,,,0.7094069733452084,4071.870028858835,0.5,,1.0,6070.771348260804,0.3088263491777168,0.0983606537081666,40003,,"[""L023"", ""R000"", ""R001"", ""R006"", ""R007"", ""C001""]","[""L023"", ""R000"", ""R006"", ""R007"", ""C001"", ""C002""]",,,3.0,,multi_hotspot,2982.507856483636,285.1171059757956,,788.563457160873,1.0,,,,,,
1027.3672494883951,4.0,,3097.6906149428264,2,exp5:multi_hotspot:r003,,3.0,,1027.3672494883951,0.25,hardening:multi_hotspot:r003,5,0.7334721496575268,7.0,2170.820618985178,1.0,,0.5502133255719991,6.0,,10000.000000000002,Catalog then correct,,0.0,,,,,,moderate,3782.29173726666,289.578291592175,0.6876574436361449,,,0.7094069733452084,4071.870028858835,1.0,,3.0,6876.574436361448,0.378229173726666,0.0289578291592174,40003,,"[""L029"", ""R001"", ""R004"", ""R005"", ""R006"", ""R007"", ""C001""]","[""L023"", ""R000"", ""R006"", ""R007"", ""C001"", ""C002""]",,,3.0,,multi_hotspot,3094.2826990947874,0.0,,923.4620801096094,1.0,,,,,,
282.2459828309756,1.0,,3168.841656308462,2,exp5:multi_hotspot:r004,,3.0,,282.2459828309756,0.0,hardening:multi_hotspot:r004,5,0.5345962254599773,7.0,2536.321588156576,1.0,,0.4278614281485832,6.0,,10000.0,Catalog then correct,,2254.0756053256005,,,,,,moderate,2185.1515535002936,1957.7339067362143,0.5345962254599773,,,0.7248535035124507,4142.885460236508,0.0,,0.0,5345.962254599775,0.2185151553500293,0.1957733906736214,40004,,"[""R002"", ""R003"", ""R004"", ""R007"", ""R008"", ""C001"", ""C002""]","[""R002"", ""R003"", ""R004"", ""R008"", ""C001"", ""C002""]",,,3.0,,multi_hotspot,3160.810701099481,0.0,,624.4891129429045,1.0,,,,,,
564.923370563987,2.0,,3168.841656308462,2,exp5:multi_hotspot:r004,,3.0,,990.3955149768916,0.0,hardening:multi_hotspot:r004,5,0.6151834542613442,6.0,2393.5268314766827,1.0,,0.4278614281485832,6.0,,10000.0,Catalog then correct,,1127.0378026628002,,,,,,moderate,3024.003952764034,1118.8815074724744,0.6151834542613442,,,0.7248535035124507,4142.885460236508,0.5,,2.0,6151.834542613443,0.3024003952764034,0.1118881507472474,40004,,"[""R003"", ""R004"", ""R006"", ""R007"", ""R008"", ""C001""]","[""R002"", ""R003"", ""R004"", ""R008"", ""C001"", ""C002""]",,,3.0,,multi_hotspot,3127.830589849409,425.4721444129048,,734.3037583727262,1.0,,,,,,
1351.0320366989674,5.0,,3168.841656308462,2,exp5:multi_hotspot:r004,,3.0,,1351.0320366989674,0.0,hardening:multi_hotspot:r004,5,0.7248535035124507,7.0,2211.9913233048355,1.0,,0.4278614281485832,6.0,,10000.0,Catalog then correct,,0.0,,,,,,moderate,4142.885460236508,0.0,0.7248535035124507,,,0.7248535035124507,4142.885460236508,1.0,,4.0,7248.535035124507,0.4142885460236508,0.0,40004,,"[""L019"", ""R000"", ""R001"", ""R004"", ""R006"", ""R007"", ""C001""]","[""R002"", ""R003"", ""R004"", ""R008"", ""C001"", ""C002""]",,,3.0,,multi_hotspot,3105.6495748879997,0.0,,893.6582515831636,1.0,,,,,,
282.2459828309756,1.0,,3168.841656308462,2,exp5:multi_hotspot:r004,,3.0,,282.2459828309756,0.01,hardening:multi_hotspot:r004,5,0.5345962254599773,7.0,2536.321588156576,1.0,,0.4278614281485832,6.0,,10000.0,Catalog then correct,,2254.0756053256005,,,,,,moderate,2176.056321308802,1966.829138927706,0.5335288774868633,,,0.7248535035124507,4142.885460236508,0.0,,0.0,5335.288774868634,0.2176056321308802,0.1966829138927706,40004,,"[""R002"", ""R003"", ""R004"", ""R007"", ""R008"", ""C001"", ""C002""]","[""R002"", ""R003"", ""R004"", ""R008"", ""C001"", ""C002""]",,,3.0,,multi_hotspot,3159.2324535598323,0.0,,622.910865403256,1.0,,,,,,
564.923370563987,2.0,,3168.841656308462,2,exp5:multi_hotspot:r004,,3.0,,990.3955149768916,0.01,hardening:multi_hotspot:r004,5,0.6151834542613442,6.0,2393.5268314766827,1.0,,0.4278614281485832,6.0,,10000.0,Catalog then correct,,1127.0378026628002,,,,,,moderate,3007.948144146704,1134.9373160898044,0.6133102340002166,,,0.7248535035124507,4142.885460236508,0.5,,2.0,6133.102340002166,0.3007948144146704,0.1134937316089804,40004,,"[""R003"", ""R004"", ""R006"", ""R007"", ""R008"", ""C001""]","[""R002"", ""R003"", ""R004"", ""R008"", ""C001"", ""C002""]",,,3.0,,multi_hotspot,3125.154195855462,425.4721444129048,,731.6273643787796,1.0,,,,,,
1351.0320366989674,5.0,,3168.841656308462,2,exp5:multi_hotspot:r004,,3.0,,1351.0320366989674,0.01,hardening:multi_hotspot:r004,5,0.7248535035124507,7.0,2211.9913233048355,1.0,,0.4278614281485832,6.0,,10000.0,Catalog then correct,,0.0,,,,,,moderate,4117.456191626172,25.42926861033629,0.721883582758812,,,0.7248535035124507,4142.885460236508,1.0,,4.0,7218.83582758812,0.4117456191626172,0.0025429268610336,40004,,"[""L019"", ""R000"", ""R001"", ""R004"", ""R006"", ""R007"", ""C001""]","[""R002"", ""R003"", ""R004"", ""R008"", ""C001"", ""C002""]",,,3.0,,multi_hotspot,3101.379635961948,0.0,,889.3883126571126,1.0,,,,,,
282.2459828309756,1.0,,3168.841656308462,2,exp5:multi_hotspot:r004,,3.0,,282.2459828309756,0.1,hardening:multi_hotspot:r004,5,0.5345962254599773,7.0,2536.321588156576,1.0,,0.4278614281485832,6.0,,10000.0,Catalog then correct,,2254.0756053256005,,,,,,moderate,2094.1992315853845,2048.686228651124,0.5239227457288379,,,0.7248535035124507,4142.885460236508,0.0,,0.0,5239.227457288381,0.2094199231585384,0.2048686228651123,40004,,"[""R002"", ""R003"", ""R004"", ""R007"", ""R008"", ""C001"", ""C002""]","[""R002"", ""R003"", ""R004"", ""R008"", ""C001"", ""C002""]",,,3.0,,multi_hotspot,3145.028225702996,0.0,,608.7066375464202,1.0,,,,,,
606.2098396831534,2.0,,3168.841656308462,2,exp5:multi_hotspot:r004,,3.0,,1031.6819840960582,0.1,hardening:multi_hotspot:r004,5,0.6236097853109903,6.0,2434.813300595849,1.0,,0.4278614281485832,6.0,,10000.0,Catalog then correct,,1127.0378026628002,,,,,,moderate,2885.338336693135,1257.5471235433731,0.6040349495947497,,,0.7248535035124507,4142.885460236508,0.5,,2.0,6040.3494959474965,0.2885338336693134,0.1257547123543373,40004,,"[""R001"", ""R003"", ""R004"", ""R007"", ""R008"", ""C001""]","[""R002"", ""R003"", ""R004"", ""R008"", ""C001"", ""C002""]",,,3.0,,multi_hotspot,3155.0111592543617,425.4721444129048,,720.1978586585129,1.0,,,,,,
1351.0320366989674,5.0,,3168.841656308462,2,exp5:multi_hotspot:r004,,3.0,,1351.0320366989674,0.1,hardening:multi_hotspot:r004,5,0.7248535035124507,7.0,2211.9913233048355,1.0,,0.4278614281485832,6.0,,10000.0,Catalog then correct,,0.0,,,,,,moderate,3888.5927741331498,254.2926861033584,0.695154295976064,,,0.7248535035124507,4142.885460236508,1.0,,4.0,6951.542959760639,0.388859277413315,0.0254292686103358,40004,,"[""L019"", ""R000"", ""R001"", ""R004"", ""R006"", ""R007"", ""C001""]","[""R002"", ""R003"", ""R004"", ""R008"", ""C001"", ""C002""]",,,3.0,,multi_hotspot,3062.950185627489,0.0,,850.9588623226534,1.0,,,,,,
282.2459828309756,1.0,,3168.841656308462,2,exp5:multi_hotspot:r004,,3.0,,282.2459828309756,0.25,hardening:multi_hotspot:r004,5,0.5345962254599773,7.0,2536.321588156576,1.0,,0.4278614281485832,6.0,,10000.0,Catalog then correct,,2254.0756053256005,,,,,,moderate,1957.7707487130192,2185.114711523489,0.5079125261321288,,,0.7248535035124507,4142.885460236508,0.0,,0.0,5079.125261321289,0.1957770748713019,0.2185114711523489,40004,,"[""R002"", ""R003"", ""R004"", ""R007"", ""R008"", ""C001"", ""C002""]","[""R002"", ""R003"", ""R004"", ""R008"", ""C001"", ""C002""]",,,3.0,,multi_hotspot,3121.35451260827,0.0,,585.0329244516939,1.0,,,,,,
606.2098396831534,2.0,,3168.841656308462,2,exp5:multi_hotspot:r004,,3.0,,1031.6819840960582,0.25,hardening:multi_hotspot:r004,5,0.6236097853109903,6.0,2434.813300595849,1.0,,0.4278614281485832,6.0,,10000.0,Catalog then correct,,1127.0378026628002,,,,,,moderate,2633.9713842295982,1508.91407600691,0.5746726960203885,,,0.7248535035124507,4142.885460236508,0.5,,2.0,5746.726960203885,0.2633971384229598,0.150891407600691,40004,,"[""R001"", ""R003"", ""R004"", ""R007"", ""R008"", ""C001""]","[""R002"", ""R003"", ""R004"", ""R008"", ""C001"", ""C002""]",,,3.0,,multi_hotspot,3112.755575974287,425.4721444129048,,677.9422753784379,1.0,,,,,,
1197.3776206919426,4.0,,3168.841656308462,2,exp5:multi_hotspot:r004,,3.0,,1197.3776206919426,0.25,hardening:multi_hotspot:r004,5,0.7542862576073304,7.0,2325.7551191636685,1.0,,0.4278614281485832,6.0,,10000.0,Catalog then correct,,0.0,,,,,,moderate,3597.657357746134,545.2281024903741,0.6726800502426435,,,0.7248535035124507,4142.885460236508,1.0,,3.0,6726.800502426437,0.3597657357746134,0.0545228102490374,40004,,"[""R000"", ""R001"", ""R004"", ""R006"", ""R007"", ""R008"", ""C001""]","[""R002"", ""R003"", ""R004"", ""R008"", ""C001"", ""C002""]",,,3.0,,multi_hotspot,3129.1431446803026,0.0,,803.3880255166341,1.0,,,,,,
297.558712405965,1.0,,3121.037067074452,2,exp5:multi_hotspot:r005,,3.0,,585.1783426202604,0.0,hardening:multi_hotspot:r005,5,0.5182145163890074,6.0,2329.0956214536363,1.0,,0.4344481166145609,6.0,,10000.0,Catalog then correct,,2031.536909047671,,,,,,moderate,2147.2926603370297,1860.3115990560304,0.5182145163890074,,,0.7128641326467512,4007.60425939306,0.0,,1.0,5182.145163890074,0.2147292660337029,0.186031159905603,40005,,"[""L010"", ""R001"", ""R002"", ""R006"", ""C001"", ""C002""]","[""L010"", ""R002"", ""R006"", ""R007"", ""C001"", ""C002""]",,,3.0,,multi_hotspot,3034.8525035530447,287.6196302142954,,705.7568820994085,1.0,,,,,,
770.9307765551621,3.0,,3121.037067074452,2,exp5:multi_hotspot:r005,,3.0,,1339.7154239605084,0.0,hardening:multi_hotspot:r005,5,0.5885147029502692,6.0,2233.683038197487,1.0,,0.4344481166145609,6.0,,10000.0,Catalog then correct,,1015.7684545238355,,,,,,moderate,2831.3372402763835,1176.2670191166767,0.5885147029502692,,,0.7128641326467512,4007.60425939306,0.5,,3.0,5885.147029502692,0.2831337240276383,0.1176267019116676,40005,,"[""L001"", ""L010"", ""R001"", ""R002"", ""R004"", ""C001""]","[""L010"", ""R002"", ""R006"", ""R007"", ""C001"", ""C002""]",,,3.0,,multi_hotspot,3053.809789226309,568.7846474053463,,820.1267510288218,1.0,,,,,,
1210.851830289589,5.0,,3121.037067074452,2,exp5:multi_hotspot:r005,,3.0,,1210.851830289589,0.0,hardening:multi_hotspot:r005,5,0.7128641326467512,8.0,2104.819444526568,1.0,,0.4344481166145609,6.0,,10000.0,Catalog then correct,,0.0,,,,,,moderate,4007.60425939306,0.0,0.7128641326467512,,,0.7128641326467512,4007.60425939306,1.0,,3.0,7128.641326467512,0.400760425939306,0.0,40005,,"[""L010"", ""L027"", ""L031"", ""R001"", ""R002"", ""R004"", ""R008"", ""C001""]","[""L010"", ""R002"", ""R006"", ""R007"", ""C001"", ""C002""]",,,3.0,,multi_hotspot,3121.037067074452,0.0,,1016.2176225478844,1.0,,,,,,
297.558712405965,1.0,,3121.037067074452,2,exp5:multi_hotspot:r005,,3.0,,585.1783426202604,0.01,hardening:multi_hotspot:r005,5,0.5182145163890074,6.0,2329.0956214536363,1.0,,0.4344481166145609,6.0,,10000.0,Catalog then correct,,2031.536909047671,,,,,,moderate,2140.292750868531,1867.311508524529,0.517376852391263,,,0.7128641326467512,4007.60425939306,0.0,,1.0,5173.76852391263,0.2140292750868531,0.1867311508524529,40005,,"[""L010"", ""R001"", ""R002"", ""R006"", ""C001"", ""C002""]","[""L010"", ""R002"", ""R006"", ""R007"", ""C001"", ""C002""]",,,3.0,,multi_hotspot,3033.4757730440992,287.6196302142954,,704.3801515904629,1.0,,,,,,
770.9307765551621,3.0,,3121.037067074452,2,exp5:multi_hotspot:r005,,3.0,,1339.7154239605084,0.01,hardening:multi_hotspot:r005,5,0.5885147029502692,6.0,2233.683038197487,1.0,,0.4344481166145609,6.0,,10000.0,Catalog then correct,,1015.7684545238355,,,,,,moderate,2818.451010841052,1189.1532485520083,0.5869740370869121,,,0.7128641326467512,4007.60425939306,0.5,,3.0,5869.740370869121,0.2818451010841051,0.1189153248552008,40005,,"[""L001"", ""L010"", ""R001"", ""R002"", ""R004"", ""C001""]","[""L010"", ""R002"", ""R006"", ""R007"", ""C001"", ""C002""]",,,3.0,,multi_hotspot,3051.289360028069,568.7846474053463,,817.606321830582,1.0,,,,,,
1210.851830289589,5.0,,3121.037067074452,2,exp5:multi_hotspot:r005,,3.0,,1210.851830289589,0.01,hardening:multi_hotspot:r005,5,0.714357553700562,8.0,2104.819444526568,1.0,,0.4344481166145609,6.0,,10000.0,Catalog then correct,,0.0,,,,,,moderate,3995.931238288436,11.67302110462424,0.711558459329702,,,0.7128641326467512,4007.60425939306,1.0,,3.0,7115.584593297018,0.3995931238288436,0.0011673021104624,40005,,"[""L010"", ""L027"", ""L031"", ""R001"", ""R002"", ""R004"", ""R008"", ""C001""]","[""L010"", ""R002"", ""R006"", ""R007"", ""C001"", ""C002""]",,,3.0,,multi_hotspot,3119.653355008582,0.0,,1014.8339104820144,1.0,,,,,,
297.558712405965,1.0,,3121.037067074452,2,exp5:multi_hotspot:r005,,3.0,,585.1783426202604,0.1,hardening:multi_hotspot:r005,5,0.5182145163890074,6.0,2329.0956214536363,1.0,,0.4344481166145609,6.0,,10000.0,Catalog then correct,,2031.536909047671,,,,,,moderate,2077.2935656520385,1930.3106937410216,0.5098378764115628,,,0.7128641326467512,4007.60425939306,0.0,,1.0,5098.378764115628,0.2077293565652038,0.1930310693741021,40005,,"[""L010"", ""R001"", ""R002"", ""R006"", ""C001"", ""C002""]","[""L010"", ""R002"", ""R006"", ""R007"", ""C001"", ""C002""]",,,3.0,,multi_hotspot,3021.085198463589,287.6196302142954,,691.9895770099527,1.0,,,,,,
770.9307765551621,3.0,,3121.037067074452,2,exp5:multi_hotspot:r005,,3.0,,1339.7154239605084,0.1,hardening:multi_hotspot:r005,5,0.5885147029502692,6.0,2233.683038197487,1.0,,0.4344481166145609,6.0,,10000.0,Catalog then correct,,1015.7684545238355,,,,,,moderate,2702.474945923072,1305.1293134699886,0.5731080443166984,,,0.7128641326467512,4007.60425939306,0.5,,3.0,5731.080443166983,0.2702474945923072,0.1305129313469988,40005,,"[""L001"", ""L010"", ""R001"", ""R002"", ""R004"", ""C001""]","[""L010"", ""R002"", ""R006"", ""R007"", ""C001"", ""C002""]",,,3.0,,multi_hotspot,3028.6054972439115,568.7846474053463,,794.9224590464246,1.0,,,,,,
1221.0337637562177,5.0,,3121.037067074452,2,exp5:multi_hotspot:r005,,3.0,,1221.0337637562177,0.1,hardening:multi_hotspot:r005,5,0.7189374849766444,8.0,2115.0013779931965,1.0,,0.4344481166145609,6.0,,10000.0,Catalog then correct,,0.0,,,,,,moderate,3807.552873133898,200.05138625916152,0.6904885481404361,,,0.7128641326467512,4007.60425939306,1.0,,3.0,6904.885481404361,0.3807552873133898,0.0200051386259161,40005,,"[""L001"", ""L010"", ""L027"", ""R001"", ""R002"", ""R004"", ""R008"", ""C001""]","[""L010"", ""R002"", ""R006"", ""R007"", ""C001"", ""C002""]",,,3.0,,multi_hotspot,3097.332608270462,0.0,,982.3312302772656,1.0,,,,,,
297.558712405965,1.0,,3121.037067074452,2,exp5:multi_hotspot:r005,,3.0,,585.1783426202604,0.25,hardening:multi_hotspot:r005,5,0.5182145163890074,6.0,2329.0956214536363,1.0,,0.4344481166145609,6.0,,10000.0,Catalog then correct,,2031.536909047671,,,,,,moderate,1972.294923624553,2035.309335768507,0.4972729164453957,,,0.7128641326467512,4007.60425939306,0.0,,1.0,4972.729164453958,0.1972294923624553,0.2035309335768507,40005,,"[""L010"", ""R001"", ""R002"", ""R006"", ""C001"", ""C002""]","[""L010"", ""R002"", ""R006"", ""R007"", ""C001"", ""C002""]",,,3.0,,multi_hotspot,3000.434240829405,287.6196302142954,,671.3386193757689,1.0,,,,,,
770.9307765551621,3.0,,3121.037067074452,2,exp5:multi_hotspot:r005,,3.0,,1339.7154239605084,0.25,hardening:multi_hotspot:r005,5,0.5885147029502692,6.0,2233.683038197487,1.0,,0.4344481166145609,6.0,,10000.0,Catalog then correct,,1015.7684545238355,,,,,,moderate,2509.181504393104,1498.422754999956,0.5499980563663421,,,0.7128641326467512,4007.60425939306,0.5,,3.0,5499.98056366342,0.2509181504393104,0.1498422754999956,40005,,"[""L001"", ""L010"", ""R001"", ""R002"", ""R004"", ""C001""]","[""L010"", ""R002"", ""R006"", ""R007"", ""C001"", ""C002""]",,,3.0,,multi_hotspot,2990.799059270316,568.7846474053463,,757.1160210728289,1.0,,,,,,
1221.0337637562177,5.0,,3121.037067074452,2,exp5:multi_hotspot:r005,,3.0,,1221.0337637562177,0.25,hardening:multi_hotspot:r005,5,0.7189374849766444,8.0,2115.0013779931965,1.0,,0.4344481166145609,6.0,,10000.0,Catalog then correct,,0.0,,,,,,moderate,3449.860053769509,557.7442056235514,0.6478151428861235,,,0.7128641326467512,4007.60425939306,1.0,,3.0,6478.151428861235,0.3449860053769509,0.0557744205623551,40005,,"[""L001"", ""L010"", ""L027"", ""R001"", ""R002"", ""R004"", ""R008"", ""C001""]","[""L010"", ""R002"", ""R006"", ""R007"", ""C001"", ""C002""]",,,3.0,,multi_hotspot,3028.2913750917264,0.0,,913.28999709853,1.0,,,,,,
279.00008577192364,1.0,,3057.222876742177,2,exp5:multi_hotspot:r006,,3.0,,279.00008577192364,0.0,hardening:multi_hotspot:r006,5,0.5099695846371366,7.0,2377.864642321036,1.0,,0.4173219693670615,6.0,,10000.0,Catalog then correct,,2098.864556549112,,,,,,moderate,2058.1842063295708,1099.39164479902,0.5099695846371366,,,0.6196323933554714,3157.575851128591,0.0,,0.0,5099.695846371367,0.205818420632957,0.109939164479902,40006,,"[""L006"", ""R000"", ""R005"", ""R006"", ""R007"", ""C001"", ""C002""]","[""L006"", ""R000"", ""R006"", ""R007"", ""C001"", ""C002""]",,,3.0,,multi_hotspot,3041.5116400417965,0.0,,663.646997720761,1.0,,,,,,
554.4574129427316,3.0,,3057.222876742177,2,exp5:multi_hotspot:r006,,3.0,,906.9024682661768,0.0,hardening:multi_hotspot:r006,5,0.5619348773326742,7.0,2300.876914168398,1.0,,0.4173219693670615,6.0,,10000.0,Catalog then correct,,1049.432278274556,,,,,,moderate,2562.125896584565,595.4499545440258,0.5619348773326742,,,0.6196323933554714,3157.575851128591,0.5,,2.0,5619.348773326742,0.2562125896584565,0.0595449954544025,40006,,"[""L007"", ""L028"", ""R000"", ""R005"", ""R006"", ""R007"", ""C001""]","[""L006"", ""R000"", ""R006"", ""R007"", ""C001"", ""C002""]",,,3.0,,multi_hotspot,3057.222876742177,352.44505532344533,,756.3459625737793,1.0,,,,,,
753.5051308165974,4.0,,3057.222876742177,2,exp5:multi_hotspot:r006,,3.0,,753.5051308165974,0.0,hardening:multi_hotspot:r006,5,0.6196323933554714,8.0,2147.4795767188184,1.0,,0.4173219693670615,6.0,,10000.0,Catalog then correct,,0.0,,,,,,moderate,3157.575851128591,0.0,0.6196323933554714,,,0.6196323933554714,3157.575851128591,1.0,,2.0,6196.323933554713,0.315757585112859,0.0,40006,,"[""L007"", ""L020"", ""L029"", ""R000"", ""R005"", ""R006"", ""R007"", ""C001""]","[""L006"", ""R000"", ""R006"", ""R007"", ""C001"", ""C002""]",,,3.0,,multi_hotspot,3038.7480824261224,0.0,,891.2685057073039,1.0,,,,,,
279.00008577192364,1.0,,3057.222876742177,2,exp5:multi_hotspot:r006,,3.0,,279.00008577192364,0.01,hardening:multi_hotspot:r006,5,0.5099695846371366,7.0,2377.864642321036,1.0,,0.4173219693670615,6.0,,10000.0,Catalog then correct,,2098.864556549112,,,,,,moderate,2050.4332455322337,1107.142605596357,0.5090431084844358,,,0.6196323933554714,3157.575851128591,0.0,,0.0,5090.431084844358,0.2050433245532233,0.1107142605596357,40006,,"[""L006"", ""R000"", ""R005"", ""R006"", ""R007"", ""C001"", ""C002""]","[""L006"", ""R000"", ""R006"", ""R007"", ""C001"", ""C002""]",,,3.0,,multi_hotspot,3039.9978393121246,0.0,,662.1331969910887,1.0,,,,,,
554.4574129427316,3.0,,3057.222876742177,2,exp5:multi_hotspot:r006,,3.0,,906.9024682661768,0.01,hardening:multi_hotspot:r006,5,0.5632898960291284,7.0,2300.876914168398,1.0,,0.4173219693670615,6.0,,10000.0,Catalog then correct,,1049.432278274556,,,,,,moderate,2561.079290882898,596.4965602456928,0.5618302167625077,,,0.6196323933554714,3157.575851128591,0.5,,2.0,5618.302167625076,0.2561079290882898,0.0596496560245692,40006,,"[""L007"", ""L028"", ""R000"", ""R005"", ""R006"", ""R007"", ""C001""]","[""L006"", ""R000"", ""R006"", ""R007"", ""C001"", ""C002""]",,,3.0,,multi_hotspot,3057.222876742177,352.44505532344533,,756.3459625737794,1.0,,,,,,
753.5051308165974,4.0,,3057.222876742177,2,exp5:multi_hotspot:r006,,3.0,,753.5051308165974,0.01,hardening:multi_hotspot:r006,5,0.6196323933554714,8.0,2147.4795767188184,1.0,,0.4173219693670615,6.0,,10000.0,Catalog then correct,,0.0,,,,,,moderate,3141.1348245392883,16.44102658930251,0.6176092891155872,,,0.6196323933554714,3157.575851128591,1.0,,2.0,6176.092891155873,0.3141134824539288,0.0016441026589302,40006,,"[""L007"", ""L020"", ""L029"", ""R000"", ""R005"", ""R006"", ""R007"", ""C001""]","[""L006"", ""R000"", ""R006"", ""R007"", ""C001"", ""C002""]",,,3.0,,multi_hotspot,3034.958066616585,0.0,,887.4784898977662,1.0,,,,,,
279.00008577192364,1.0,,3057.222876742177,2,exp5:multi_hotspot:r006,,3.0,,279.00008577192364,0.1,hardening:multi_hotspot:r006,5,0.5099695846371366,7.0,2377.864642321036,1.0,,0.4173219693670615,6.0,,10000.0,Catalog then correct,,2098.864556549112,,,,,,moderate,1980.6745983562164,1176.9012527723744,0.5007048231101291,,,0.6196323933554714,3157.575851128591,0.0,,0.0,5007.048231101291,0.1980674598356216,0.1176901252772374,40006,,"[""L006"", ""R000"", ""R005"", ""R006"", ""R007"", ""C001"", ""C002""]","[""L006"", ""R000"", ""R006"", ""R007"", ""C001"", ""C002""]",,,3.0,,multi_hotspot,3026.3736327450747,0.0,,648.5089904240391,1.0,,,,,,
554.4574129427316,3.0,,3057.222876742177,2,exp5:multi_hotspot:r006,,3.0,,906.9024682661768,0.1,hardening:multi_hotspot:r006,5,0.5659384113039607,7.0,2300.876914168398,1.0,,0.4173219693670615,6.0,,10000.0,Catalog then correct,,1049.432278274556,,,,,,moderate,2471.3967421777907,686.1791089508001,0.5510767671102709,,,0.6196323933554714,3157.575851128591,0.5,,2.0,5510.767671102707,0.247139674217779,0.06861791089508,40006,,"[""L007"", ""L028"", ""R000"", ""R005"", ""R006"", ""R007"", ""C001""]","[""L006"", ""R000"", ""R006"", ""R007"", ""C001"", ""C002""]",,,3.0,,multi_hotspot,3039.3709289249164,352.44505532344533,,738.4940147565186,1.0,,,,,,
849.4774479153551,4.0,,3057.222876742177,2,exp5:multi_hotspot:r006,,3.0,,849.4774479153551,0.1,hardening:multi_hotspot:r006,5,0.6304128014292514,8.0,2243.451893817576,1.0,,0.4173219693670615,6.0,,10000.0,Catalog then correct,,0.0,,,,,,moderate,3039.477422807653,118.09842832093771,0.6091037182230324,,,0.6196323933554714,3157.575851128591,1.0,,2.0,6091.037182230324,0.3039477422807653,0.0118098428320937,40006,,"[""L007"", ""L028"", ""R000"", ""R004"", ""R005"", ""R006"", ""R007"", ""C001""]","[""L006"", ""R000"", ""R006"", ""R007"", ""C001"", ""C002""]",,,3.0,,multi_hotspot,3051.559759422671,0.0,,808.1078656050947,1.0,,,,,,
279.00008577192364,1.0,,3057.222876742177,2,exp5:multi_hotspot:r006,,3.0,,279.00008577192364,0.25,hardening:multi_hotspot:r006,5,0.5099695846371366,7.0,2377.864642321036,1.0,,0.4173219693670615,6.0,,10000.0,Catalog then correct,,2098.864556549112,,,,,,moderate,1864.410186396186,1293.1656647324048,0.4868076808196178,,,0.6196323933554714,3157.575851128591,0.0,,0.0,4868.076808196178,0.1864410186396186,0.1293165664732404,40006,,"[""L006"", ""R000"", ""R005"", ""R006"", ""R007"", ""C001"", ""C002""]","[""L006"", ""R000"", ""R006"", ""R007"", ""C001"", ""C002""]",,,3.0,,multi_hotspot,3003.666621799992,0.0,,625.8019794789561,1.0,,,,,,
570.8846040169853,3.0,,3057.222876742177,2,exp5:multi_hotspot:r006,,3.0,,923.3296593404308,0.25,hardening:multi_hotspot:r006,5,0.575316770434405,7.0,2317.3041052426515,1.0,,0.4173219693670615,6.0,,10000.0,Catalog then correct,,1049.432278274556,,,,,,moderate,2316.317450792096,841.258400336495,0.5358180701675691,,,0.6196323933554714,3157.575851128591,0.5,,2.0,5358.180701675692,0.2316317450792095,0.0841258400336495,40006,,"[""L007"", ""L029"", ""R000"", ""R005"", ""R006"", ""R007"", ""C001""]","[""L006"", ""R000"", ""R006"", ""R007"", ""C001"", ""C002""]",,,3.0,,multi_hotspot,3041.8632508835963,352.44505532344533,,724.5591456409446,1.0,,,,,,
848.3067590447488,5.0,,3057.222876742177,2,exp5:multi_hotspot:r006,,3.0,,848.3067590447488,0.25,hardening:multi_hotspot:r006,5,0.6387714821944194,9.0,2242.28120494697,1.0,,0.4173219693670615,6.0,,10000.0,Catalog then correct,,0.0,,,,,,moderate,2784.633215259032,372.9426358695586,0.58340910398758,,,0.6196323933554714,3157.575851128591,1.0,,2.0,5834.091039875799,0.2784633215259032,0.0372942635869558,40006,,"[""L007"", ""L028"", ""L029"", ""L033"", ""R000"", ""R005"", ""R006"", ""R007"", ""C001""]","[""L006"", ""R000"", ""R006"", ""R007"", ""C001"", ""C002""]",,,3.0,,multi_hotspot,3049.457824616766,0.0,,807.1766196697968,1.0,,,,,,
273.3722826032253,1.0,,3160.0896040703738,2,exp5:multi_hotspot:r007,,3.0,,273.3722826032253,0.0,hardening:multi_hotspot:r007,5,0.5796473134373578,7.0,2390.708584368881,1.0,,0.517099852649601,6.0,,9999.999999999998,Catalog then correct,,2117.336301765655,,,,,,moderate,2645.175048859181,573.5870460481274,0.5796473134373578,,,0.6369918518381442,3218.762094907309,0.0,,0.0,5796.4731343735775,0.2645175048859182,0.0573587046048127,40007,,"[""R000"", ""R002"", ""R003"", ""R004"", ""R006"", ""R007"", ""C001""]","[""R000"", ""R002"", ""R004"", ""R006"", ""R007"", ""C001""]",,,3.0,,multi_hotspot,3151.298085514396,0.0,,760.5895011455152,1.0,,,,,,
300.6433042518371,2.0,,3160.0896040703738,2,exp5:multi_hotspot:r007,,3.0,,443.5969945261213,0.0,hardening:multi_hotspot:r007,5,0.581619470921216,7.0,2275.0259157432083,1.0,,0.517099852649601,6.0,,9999.999999999998,Catalog then correct,,1058.6681508828276,,,,,,moderate,2731.8350522292003,486.9270426781086,0.581619470921216,,,0.6369918518381442,3218.762094907309,0.5,,1.0,5816.19470921216,0.27318350522292,0.0486927042678108,40007,,"[""L018"", ""L021"", ""R000"", ""R002"", ""R004"", ""R007"", ""C001""]","[""R000"", ""R002"", ""R004"", ""R006"", ""R007"", ""C001""]",,,3.0,,multi_hotspot,3084.35965698296,142.95369027428418,,809.3337412397514,1.0,,,,,,
886.7473158222322,6.0,,3160.0896040703738,2,exp5:multi_hotspot:r007,,3.0,,886.7473158222322,0.0,hardening:multi_hotspot:r007,5,0.6369918518381442,10.0,2150.5938896102944,1.0,,0.517099852649601,6.0,,9999.999999999998,Catalog then correct,,0.0,,,,,,moderate,3218.762094907309,0.0,0.6369918518381442,,,0.6369918518381442,3218.762094907309,1.0,,2.0,6369.9185183814425,0.3218762094907309,0.0,40007,,"[""L016"", ""L017"", ""L018"", ""L023"", ""L027"", ""L030"", ""R000"", ""R002"", ""R004"", ""R007""]","[""R000"", ""R002"", ""R004"", ""R006"", ""R007"", ""C001""]",,,3.0,,multi_hotspot,3151.1564234741336,0.0,,1000.5625338638396,1.0,,,,,,
273.3722826032253,1.0,,3160.0896040703738,2,exp5:multi_hotspot:r007,,3.0,,273.3722826032253,0.01,hardening:multi_hotspot:r007,5,0.5796473134373578,7.0,2390.708584368881,1.0,,0.517099852649601,6.0,,9999.999999999998,Catalog then correct,,2117.336301765655,,,,,,moderate,2639.888572664648,578.8735222426612,0.5790218388294802,,,0.6369918518381442,3218.762094907309,0.0,,0.0,5790.218388294802,0.2639888572664648,0.0578873522242661,40007,,"[""R000"", ""R002"", ""R003"", ""R004"", ""R006"", ""R007"", ""C001""]","[""R000"", ""R002"", ""R004"", ""R006"", ""R007"", ""C001""]",,,3.0,,multi_hotspot,3150.3298156301544,0.0,,759.6212312612738,1.0,,,,,,
300.6433042518371,2.0,,3160.0896040703738,2,exp5:multi_hotspot:r007,,3.0,,443.5969945261213,0.01,hardening:multi_hotspot:r007,5,0.581619470921216,7.0,2275.0259157432083,1.0,,0.517099852649601,6.0,,9999.999999999998,Catalog then correct,,1058.6681508828276,,,,,,moderate,2726.8388026872226,491.9232922200863,0.5809742747384999,,,0.6369918518381442,3218.762094907309,0.5,,1.0,5809.742747384998,0.2726838802687223,0.0491923292220086,40007,,"[""L018"", ""L021"", ""R000"", ""R002"", ""R004"", ""R007"", ""C001""]","[""R000"", ""R002"", ""R004"", ""R006"", ""R007"", ""C001""]",,,3.0,,multi_hotspot,3082.903944697776,142.95369027428418,,807.8780289545675,1.0,,,,,,
886.7473158222322,6.0,,3160.0896040703738,2,exp5:multi_hotspot:r007,,3.0,,886.7473158222322,0.01,hardening:multi_hotspot:r007,5,0.6369918518381442,10.0,2150.5938896102944,1.0,,0.517099852649601,6.0,,9999.999999999998,Catalog then correct,,0.0,,,,,,moderate,3210.140895199878,8.62119970743106,0.6357929318462588,,,0.6369918518381442,3218.762094907309,1.0,,2.0,6357.929318462587,0.3210140895199878,0.0008621199707431,40007,,"[""L016"", ""L017"", ""L018"", ""L023"", ""L027"", ""L030"", ""R000"", ""R002"", ""R004"", ""R007""]","[""R000"", ""R002"", ""R004"", ""R006"", ""R007"", ""C001""]",,,3.0,,multi_hotspot,3147.788423262709,0.0,,997.1945336524144,1.0,,,,,,
273.3722826032253,1.0,,3160.0896040703738,2,exp5:multi_hotspot:r007,,3.0,,273.3722826032253,0.1,hardening:multi_hotspot:r007,5,0.5796473134373578,7.0,2390.708584368881,1.0,,0.517099852649601,6.0,,9999.999999999998,Catalog then correct,,2117.336301765655,,,,,,moderate,2592.310286913842,626.4518079934669,0.573392567358582,,,0.6369918518381442,3218.762094907309,0.0,,0.0,5733.925673585822,0.2592310286913842,0.0626451807993467,40007,,"[""R000"", ""R002"", ""R003"", ""R004"", ""R006"", ""R007"", ""C001""]","[""R000"", ""R002"", ""R004"", ""R006"", ""R007"", ""C001""]",,,3.0,,multi_hotspot,3141.61538667198,0.0,,750.9068023030993,1.0,,,,,,
300.6433042518371,2.0,,3160.0896040703738,2,exp5:multi_hotspot:r007,,3.0,,443.5969945261213,0.1,hardening:multi_hotspot:r007,5,0.581619470921216,7.0,2275.0259157432083,1.0,,0.517099852649601,6.0,,9999.999999999998,Catalog then correct,,1058.6681508828276,,,,,,moderate,2681.8725568094264,536.8895380978825,0.5751675090940545,,,0.6369918518381442,3218.762094907309,0.5,,1.0,5751.675090940546,0.2681872556809427,0.0536889538097882,40007,,"[""L018"", ""L021"", ""R000"", ""R002"", ""R004"", ""R007"", ""C001""]","[""R000"", ""R002"", ""R004"", ""R006"", ""R007"", ""C001""]",,,3.0,,multi_hotspot,3069.80253413112,142.95369027428418,,794.7766183879118,1.0,,,,,,
899.0304579574886,6.0,,3160.0896040703738,2,exp5:multi_hotspot:r007,,3.0,,899.0304579574886,0.1,hardening:multi_hotspot:r007,5,0.6460099601642327,10.0,2162.8770317455505,1.0,,0.517099852649601,6.0,,9999.999999999998,Catalog then correct,,0.0,,,,,,moderate,3171.765949514656,46.99614539265304,0.6331189494127696,,,0.6369918518381442,3218.762094907309,1.0,,2.0,6331.189494127695,0.3171765949514656,0.0046996145392653,40007,,"[""L016"", ""L017"", ""L018"", ""L021"", ""L023"", ""L030"", ""R000"", ""R002"", ""R004"", ""R007""]","[""R000"", ""R002"", ""R004"", ""R006"", ""R007"", ""C001""]",,,3.0,,multi_hotspot,3159.423544613039,0.0,,996.5465128674888,1.0,,,,,,
273.3722826032253,1.0,,3160.0896040703738,2,exp5:multi_hotspot:r007,,3.0,,273.3722826032253,0.25,hardening:multi_hotspot:r007,5,0.5796473134373578,7.0,2390.708584368881,1.0,,0.517099852649601,6.0,,9999.999999999998,Catalog then correct,,2117.336301765655,,,,,,moderate,2513.013143995829,705.7489509114794,0.5640104482404186,,,0.6369918518381442,3218.762094907309,0.0,,0.0,5640.104482404186,0.251301314399583,0.0705748950911479,40007,,"[""R000"", ""R002"", ""R003"", ""R004"", ""R006"", ""R007"", ""C001""]","[""R000"", ""R002"", ""R004"", ""R006"", ""R007"", ""C001""]",,,3.0,,multi_hotspot,3127.091338408356,0.0,,736.3827540394752,1.0,,,,,,
411.3261556616653,2.0,,3160.0896040703738,2,exp5:multi_hotspot:r007,,3.0,,554.2798459359495,0.25,hardening:multi_hotspot:r007,5,0.5971886331942097,7.0,2385.708767153036,1.0,,0.517099852649601,6.0,,9999.999999999998,Catalog then correct,,1058.6681508828276,,,,,,moderate,2614.158028247981,604.604066659328,0.5771664380580576,,,0.6369918518381442,3218.762094907309,0.5,,1.0,5771.664380580576,0.2614158028247981,0.0604604066659328,40007,,"[""L017"", ""R000"", ""R002"", ""R003"", ""R004"", ""R007"", ""C001""]","[""R000"", ""R002"", ""R004"", ""R006"", ""R007"", ""C001""]",,,3.0,,multi_hotspot,3157.5063523325957,142.95369027428418,,771.7975851795591,1.0,,,,,,
899.0304579574886,6.0,,3160.0896040703738,2,exp5:multi_hotspot:r007,,3.0,,899.0304579574886,0.25,hardening:multi_hotspot:r007,5,0.6460099601642327,10.0,2162.8770317455505,1.0,,0.517099852649601,6.0,,9999.999999999998,Catalog then correct,,0.0,,,,,,moderate,3033.864788267064,184.897306640245,0.6137824332855748,,,0.6369918518381442,3218.762094907309,1.0,,2.0,6137.824332855747,0.3033864788267064,0.0184897306640245,40007,,"[""L016"", ""L017"", ""L018"", ""L021"", ""L023"", ""L030"", ""R000"", ""R002"", ""R004"", ""R007""]","[""R000"", ""R002"", ""R004"", ""R006"", ""R007"", ""C001""]",,,3.0,,multi_hotspot,3103.9595445886835,0.0,,941.0825128431331,1.0,,,,,,
141.98468349632816,1.0,,3111.814402771996,2,exp5:multi_hotspot:r008,,3.0,,636.3193065782988,0.0,hardening:multi_hotspot:r008,5,0.6592498780102933,6.0,2278.29890149234,1.0,,0.6265553842937166,6.0,,10000.0,Catalog then correct,,2136.3142179960114,,,,,,moderate,3480.684377330936,1292.5291604903318,0.6592498780102933,,,0.7876031868376837,4773.213537821268,0.0,,1.0,6592.498780102932,0.3480684377330936,0.1292529160490332,40008,,"[""L001"", ""R003"", ""R004"", ""R005"", ""R007"", ""C001""]","[""R003"", ""R004"", ""R005"", ""R007"", ""C001"", ""C002""]",,,3.0,,multi_hotspot,3111.814402771996,494.3346230819706,,833.5155012796563,1.0,,,,,,
281.503145744102,2.0,,3111.814402771996,2,exp5:multi_hotspot:r008,,3.0,,528.6704572850873,0.0,hardening:multi_hotspot:r008,5,0.7099853572928495,7.0,2170.6500521991284,1.0,,0.6265553842937166,6.0,,10000.0,Catalog then correct,,1068.1571089980057,,,,,,moderate,3993.596519917856,779.6170179034125,0.7099853572928495,,,0.7876031868376837,4773.213537821268,0.5,,1.0,7099.853572928495,0.3993596519917855,0.0779617017903412,40008,,"[""L001"", ""L020"", ""R003"", ""R004"", ""R005"", ""R007"", ""C001""]","[""R003"", ""R004"", ""R005"", ""R007"", ""C001"", ""C002""]",,,3.0,,multi_hotspot,3106.2570530106395,247.1673115409853,,935.6070008115114,1.0,,,,,,
814.6360152676409,2.0,,3111.814402771996,2,exp5:multi_hotspot:r008,,3.0,,814.6360152676409,0.0,hardening:multi_hotspot:r008,5,0.7876031868376837,6.0,2171.1913928627964,1.0,,0.6265553842937166,6.0,,10000.0,Catalog then correct,,0.0,,,,,,moderate,4773.213537821268,0.0,0.7876031868376837,,,0.7876031868376837,4773.213537821268,1.0,,2.0,7876.031868376838,0.4773213537821268,0.0,40008,,"[""R001"", ""R003"", ""R004"", ""R005"", ""C000"", ""C001""]","[""R003"", ""R004"", ""R005"", ""R007"", ""C001"", ""C002""]",,,3.0,,multi_hotspot,3102.8183305555704,0.0,,931.626937692774,1.0,,,,,,
141.98468349632816,1.0,,3111.814402771996,2,exp5:multi_hotspot:r008,,3.0,,636.3193065782988,0.01,hardening:multi_hotspot:r008,5,0.659553497024579,6.0,2278.29890149234,1.0,,0.6265553842937166,6.0,,10000.0,Catalog then correct,,2136.3142179960114,,,,,,moderate,3480.4207562007064,1292.7927816205615,0.6592235158972704,,,0.7876031868376837,4773.213537821268,0.0,,1.0,6592.235158972702,0.3480420756200706,0.1292792781620561,40008,,"[""L001"", ""R003"", ""R004"", ""R005"", ""R007"", ""C001""]","[""R003"", ""R004"", ""R005"", ""R007"", ""C001"", ""C002""]",,,3.0,,multi_hotspot,3111.814402771996,494.3346230819706,,833.5155012796564,1.0,,,,,,
281.503145744102,2.0,,3111.814402771996,2,exp5:multi_hotspot:r008,,3.0,,528.6704572850873,0.01,hardening:multi_hotspot:r008,5,0.7099853572928495,7.0,2170.6500521991284,1.0,,0.6265553842937166,6.0,,10000.0,Catalog then correct,,1068.1571089980057,,,,,,moderate,3986.817764681412,786.3957731398564,0.7091510575628581,,,0.7876031868376837,4773.213537821268,0.5,,1.0,7091.510575628581,0.3986817764681411,0.0786395773139856,40008,,"[""L001"", ""L020"", ""R003"", ""R004"", ""R005"", ""R007"", ""C001""]","[""R003"", ""R004"", ""R005"", ""R007"", ""C001"", ""C002""]",,,3.0,,multi_hotspot,3104.6928109471696,247.1673115409853,,934.0427587480413,1.0,,,,,,
814.6360152676409,2.0,,3111.814402771996,2,exp5:multi_hotspot:r008,,3.0,,814.6360152676409,0.01,hardening:multi_hotspot:r008,5,0.7876031868376837,6.0,2171.1913928627964,1.0,,0.6265553842937166,6.0,,10000.0,Catalog then correct,,0.0,,,,,,moderate,4758.633198999152,14.580338822115664,0.785992708812244,,,0.7876031868376837,4773.213537821268,1.0,,2.0,7859.92708812244,0.4758633198999152,0.0014580338822115,40008,,"[""R001"", ""R003"", ""R004"", ""R005"", ""C000"", ""C001""]","[""R003"", ""R004"", ""R005"", ""R007"", ""C001"", ""C002""]",,,3.0,,multi_hotspot,3101.2938891232875,0.0,,930.102496260491,1.0,,,,,,
141.98468349632816,1.0,,3111.814402771996,2,exp5:multi_hotspot:r008,,3.0,,636.3193065782988,0.1,hardening:multi_hotspot:r008,5,0.6625789600487297,6.0,2278.29890149234,1.0,,0.6265553842937166,6.0,,10000.0,Catalog then correct,,2136.3142179960114,,,,,,moderate,3477.951621960288,1295.26191586098,0.6589766024732284,,,0.7876031868376837,4773.213537821268,0.0,,1.0,6589.766024732284,0.3477951621960288,0.129526191586098,40008,,"[""L001"", ""R003"", ""R004"", ""R005"", ""R007"", ""C001""]","[""R003"", ""R004"", ""R005"", ""R007"", ""C001"", ""C002""]",,,3.0,,multi_hotspot,3111.814402771996,494.3346230819706,,833.5155012796564,1.0,,,,,,
286.8549237079289,2.0,,3111.814402771996,2,exp5:multi_hotspot:r008,,3.0,,534.0222352489142,0.1,hardening:multi_hotspot:r008,5,0.7138566213826539,7.0,2176.0018301629552,1.0,,0.6265553842937166,6.0,,10000.0,Catalog then correct,,1068.1571089980057,,,,,,moderate,3941.1536320455066,832.0599057757613,0.7051264976737602,,,0.7876031868376837,4773.213537821268,0.5,,1.0,7051.264976737603,0.3941153632045506,0.0832059905775761,40008,,"[""L018"", ""L020"", ""R003"", ""R004"", ""R005"", ""R007"", ""C001""]","[""R003"", ""R004"", ""R005"", ""R007"", ""C001"", ""C002""]",,,3.0,,multi_hotspot,3110.1113446920967,247.1673115409853,,934.1095145291414,1.0,,,,,,
463.4564910013409,2.0,,3111.814402771996,2,exp5:multi_hotspot:r008,,3.0,,463.4564910013409,0.1,hardening:multi_hotspot:r008,5,0.7765397680587867,7.0,2105.4360859153817,1.0,,0.6265553842937166,6.0,,10000.0,Catalog then correct,,0.0,,,,,,moderate,4504.870279930628,268.3432578906395,0.7615413296822797,,,0.7876031868376837,4773.213537821268,1.0,,1.0,7615.413296822797,0.4504870279930628,0.0268343257890639,40008,,"[""L020"", ""R001"", ""R003"", ""R004"", ""R005"", ""R007"", ""C001""]","[""R003"", ""R004"", ""R005"", ""R007"", ""C001"", ""C002""]",,,3.0,,multi_hotspot,3110.5430168921685,0.0,,1005.1069309767868,1.0,,,,,,
141.98468349632816,1.0,,3111.814402771996,2,exp5:multi_hotspot:r008,,3.0,,636.3193065782988,0.25,hardening:multi_hotspot:r008,5,0.6655407229892311,6.0,2278.29890149234,1.0,,0.6265553842937166,6.0,,10000.0,Catalog then correct,,2136.3142179960114,,,,,,moderate,3451.115068080043,1322.098469741225,0.6557943883153524,,,0.7876031868376837,4773.213537821268,0.0,,1.0,6557.943883153524,0.3451115068080043,0.1322098469741225,40008,,"[""L001"", ""R003"", ""R004"", ""R005"", ""R007"", ""C001""]","[""R003"", ""R004"", ""R005"", ""R007"", ""C001"", ""C002""]",,,3.0,,multi_hotspot,3106.8288150734816,494.3346230819706,,828.5299135811417,1.0,,,,,,
323.938028753567,1.0,,3111.814402771996,2,exp5:multi_hotspot:r008,,3.0,,571.1053402945523,0.25,hardening:multi_hotspot:r008,5,0.7320951337551682,6.0,2213.0849352085934,1.0,,0.6265553842937166,6.0,,10000.0,Catalog then correct,,1068.1571089980057,,,,,,moderate,3945.516649611478,827.6968882097899,0.7057101963898054,,,0.7876031868376837,4773.213537821268,0.5,,1.0,7057.101963898052,0.3945516649611478,0.0827696888209789,40008,,"[""R001"", ""R003"", ""R004"", ""R005"", ""R007"", ""C001""]","[""R003"", ""R004"", ""R005"", ""R007"", ""C001"", ""C002""]",,,3.0,,multi_hotspot,3111.5853142865744,247.1673115409853,,898.5003790779812,1.0,,,,,,
796.6159142166722,3.0,,3111.814402771996,2,exp5:multi_hotspot:r008,,3.0,,796.6159142166722,0.25,hardening:multi_hotspot:r008,5,0.7847689350010034,7.0,2116.0819362345705,1.0,,0.6265553842937166,6.0,,10000.0,Catalog then correct,,0.0,,,,,,moderate,4340.341070469822,432.8724673514462,0.7452155473241817,,,0.7876031868376837,4773.213537821268,1.0,,2.0,7452.155473241817,0.4340341070469822,0.0432872467351446,40008,,"[""L020"", ""R001"", ""R003"", ""R004"", ""R006"", ""R007"", ""C001""]","[""R003"", ""R004"", ""R005"", ""R007"", ""C001"", ""C002""]",,,3.0,,multi_hotspot,3111.814402771996,0.0,,995.7324665374252,1.0,,,,,,
0.0,0.0,,3134.181575541887,2,exp5:multi_hotspot:r009,,3.0,,0.0,0.0,hardening:multi_hotspot:r009,5,0.7207765711808827,7.0,2131.1733349841334,1.0,,0.7207765711808827,7.0,,9999.999999999998,Catalog then correct,,2131.1733349841334,,,,,,moderate,4134.735043493018,143.78191128424078,0.7207765711808827,,,0.7409034689294206,4278.516954777258,0.0,,0.0,7207.765711808828,0.4134735043493018,0.014378191128424,40009,,"[""L024"", ""R000"", ""R002"", ""R003"", ""R005"", ""R006"", ""C001""]","[""L024"", ""R000"", ""R002"", ""R003"", ""R005"", ""R006"", ""C001""]",,,3.0,,multi_hotspot,3073.03066831581,0.0,,941.8573333316766,1.0,,,,,,
0.0,0.0,,3134.181575541887,2,exp5:multi_hotspot:r009,,3.0,,0.0,0.0,hardening:multi_hotspot:r009,5,0.7207765711808827,7.0,2131.1733349841334,1.0,,0.7207765711808827,7.0,,9999.999999999998,Catalog then correct,,1065.586667492067,,,,,,moderate,4134.735043493018,143.78191128424078,0.7207765711808827,,,0.7409034689294206,4278.516954777258,0.5,,0.0,7207.765711808828,0.4134735043493018,0.014378191128424,40009,,"[""L024"", ""R000"", ""R002"", ""R003"", ""R005"", ""R006"", ""C001""]","[""L024"", ""R000"", ""R002"", ""R003"", ""R005"", ""R006"", ""C001""]",,,3.0,,multi_hotspot,3073.03066831581,0.0,,941.8573333316766,1.0,,,,,,
606.359890465113,2.0,,3134.181575541887,2,exp5:multi_hotspot:r009,,3.0,,606.359890465113,0.0,hardening:multi_hotspot:r009,5,0.7409034689294206,7.0,2143.965211665842,1.0,,0.7207765711808827,7.0,,9999.999999999998,Catalog then correct,,0.0,,,,,,moderate,4278.516954777258,0.0,0.7409034689294206,,,0.7409034689294206,4278.516954777258,1.0,,2.0,7409.034689294208,0.4278516954777259,0.0,40009,,"[""L024"", ""R000"", ""R003"", ""R004"", ""R006"", ""R008"", ""C001""]","[""L024"", ""R000"", ""R002"", ""R003"", ""R005"", ""R006"", ""C001""]",,,3.0,,multi_hotspot,3130.517734516949,0.0,,986.5525228511074,1.0,,,,,,
0.0,0.0,,3134.181575541887,2,exp5:multi_hotspot:r009,,3.0,,0.0,0.01,hardening:multi_hotspot:r009,5,0.7207765711808827,7.0,2131.1733349841334,1.0,,0.7207765711808827,7.0,,9999.999999999998,Catalog then correct,,2131.1733349841334,,,,,,moderate,4134.73504349302,143.78191128423896,0.7207765711808827,,,0.7409034689294206,4278.516954777258,0.0,,0.0,7207.765711808829,0.413473504349302,0.0143781911284238,40009,,"[""L024"", ""R000"", ""R002"", ""R003"", ""R005"", ""R006"", ""C001""]","[""L024"", ""R000"", ""R002"", ""R003"", ""R005"", ""R006"", ""C001""]",,,3.0,,multi_hotspot,3073.03066831581,0.0,,941.8573333316768,1.0,,,,,,
0.0,0.0,,3134.181575541887,2,exp5:multi_hotspot:r009,,3.0,,0.0,0.01,hardening:multi_hotspot:r009,5,0.7207765711808827,7.0,2131.1733349841334,1.0,,0.7207765711808827,7.0,,9999.999999999998,Catalog then correct,,1065.586667492067,,,,,,moderate,4134.73504349302,143.78191128423896,0.7207765711808827,,,0.7409034689294206,4278.516954777258,0.5,,0.0,7207.765711808829,0.413473504349302,0.0143781911284238,40009,,"[""L024"", ""R000"", ""R002"", ""R003"", ""R005"", ""R006"", ""C001""]","[""L024"", ""R000"", ""R002"", ""R003"", ""R005"", ""R006"", ""C001""]",,,3.0,,multi_hotspot,3073.03066831581,0.0,,941.8573333316768,1.0,,,,,,
606.359890465113,2.0,,3134.181575541887,2,exp5:multi_hotspot:r009,,3.0,,606.359890465113,0.01,hardening:multi_hotspot:r009,5,0.7409034689294206,7.0,2143.965211665842,1.0,,0.7207765711808827,7.0,,9999.999999999998,Catalog then correct,,0.0,,,,,,moderate,4276.951216897598,1.5657378796604462,0.7407021999519352,,,0.7409034689294206,4278.516954777258,1.0,,2.0,7407.021999519353,0.4276951216897598,0.000156573787966,40009,,"[""L024"", ""R000"", ""R003"", ""R004"", ""R006"", ""R008"", ""C001""]","[""L024"", ""R000"", ""R002"", ""R003"", ""R005"", ""R006"", ""C001""]",,,3.0,,multi_hotspot,3130.070782621756,0.0,,986.1055709559132,1.0,,,,,,
0.0,0.0,,3134.181575541887,2,exp5:multi_hotspot:r009,,3.0,,0.0,0.1,hardening:multi_hotspot:r009,5,0.7207765711808827,7.0,2131.1733349841334,1.0,,0.7207765711808827,7.0,,9999.999999999998,Catalog then correct,,2131.1733349841334,,,,,,moderate,4134.73504349302,143.78191128423896,0.7207765711808827,,,0.7409034689294206,4278.516954777258,0.0,,0.0,7207.76571180883,0.413473504349302,0.0143781911284238,40009,,"[""L024"", ""R000"", ""R002"", ""R003"", ""R005"", ""R006"", ""C001""]","[""L024"", ""R000"", ""R002"", ""R003"", ""R005"", ""R006"", ""C001""]",,,3.0,,multi_hotspot,3073.03066831581,0.0,,941.8573333316768,1.0,,,,,,
0.0,0.0,,3134.181575541887,2,exp5:multi_hotspot:r009,,3.0,,0.0,0.1,hardening:multi_hotspot:r009,5,0.7207765711808827,7.0,2131.1733349841334,1.0,,0.7207765711808827,7.0,,9999.999999999998,Catalog then correct,,1065.586667492067,,,,,,moderate,4134.73504349302,143.78191128423896,0.7207765711808827,,,0.7409034689294206,4278.516954777258,0.5,,0.0,7207.76571180883,0.413473504349302,0.0143781911284238,40009,,"[""L024"", ""R000"", ""R002"", ""R003"", ""R005"", ""R006"", ""C001""]","[""L024"", ""R000"", ""R002"", ""R003"", ""R005"", ""R006"", ""C001""]",,,3.0,,multi_hotspot,3073.03066831581,0.0,,941.8573333316768,1.0,,,,,,
315.16031107563526,1.0,,3134.181575541887,2,exp5:multi_hotspot:r009,,3.0,,315.16031107563526,0.1,hardening:multi_hotspot:r009,5,0.7365578319039647,7.0,2130.059618601593,1.0,,0.7207765711808827,7.0,,9999.999999999998,Catalog then correct,,0.0,,,,,,moderate,4263.171339785315,15.345614991943876,0.7349797058316565,,,0.7409034689294206,4278.516954777258,1.0,,1.0,7349.797058316566,0.4263171339785315,0.0015345614991943,40009,,"[""L024"", ""R000"", ""R002"", ""R003"", ""R004"", ""R006"", ""C001""]","[""L024"", ""R000"", ""R002"", ""R003"", ""R005"", ""R006"", ""C001""]",,,3.0,,multi_hotspot,3086.625718531252,0.0,,956.566099929659,1.0,,,,,,
0.0,0.0,,3134.181575541887,2,exp5:multi_hotspot:r009,,3.0,,0.0,0.25,hardening:multi_hotspot:r009,5,0.7207765711808827,7.0,2131.1733349841334,1.0,,0.7207765711808827,7.0,,9999.999999999998,Catalog then correct,,2131.1733349841334,,,,,,moderate,4134.73504349302,143.78191128423896,0.7207765711808827,,,0.7409034689294206,4278.516954777258,0.0,,0.0,7207.765711808829,0.413473504349302,0.0143781911284238,40009,,"[""L024"", ""R000"", ""R002"", ""R003"", ""R005"", ""R006"", ""C001""]","[""L024"", ""R000"", ""R002"", ""R003"", ""R005"", ""R006"", ""C001""]",,,3.0,,multi_hotspot,3073.03066831581,0.0,,941.8573333316766,1.0,,,,,,
0.0,0.0,,3134.181575541887,2,exp5:multi_hotspot:r009,,3.0,,0.0,0.25,hardening:multi_hotspot:r009,5,0.7207765711808827,7.0,2131.1733349841334,1.0,,0.7207765711808827,7.0,,9999.999999999998,Catalog then correct,,1065.586667492067,,,,,,moderate,4134.73504349302,143.78191128423896,0.7207765711808827,,,0.7409034689294206,4278.516954777258,0.5,,0.0,7207.765711808829,0.413473504349302,0.0143781911284238,40009,,"[""L024"", ""R000"", ""R002"", ""R003"", ""R005"", ""R006"", ""C001""]","[""L024"", ""R000"", ""R002"", ""R003"", ""R005"", ""R006"", ""C001""]",,,3.0,,multi_hotspot,3073.03066831581,0.0,,941.8573333316766,1.0,,,,,,
315.16031107563526,1.0,,3134.181575541887,2,exp5:multi_hotspot:r009,,3.0,,315.16031107563526,0.25,hardening:multi_hotspot:r009,5,0.7365578319039647,7.0,2130.059618601593,1.0,,0.7207765711808827,7.0,,9999.999999999998,Catalog then correct,,0.0,,,,,,moderate,4241.950909800356,36.56604497690205,0.7326125167231943,,,0.7409034689294206,4278.516954777258,1.0,,1.0,7326.125167231944,0.4241950909800357,0.0036566044976902,40009,,"[""L024"", ""R000"", ""R002"", ""R003"", ""R004"", ""R006"", ""C001""]","[""L024"", ""R000"", ""R002"", ""R003"", ""R005"", ""R006"", ""C001""]",,,3.0,,multi_hotspot,3084.174257431588,0.0,,954.1146388299952,1.0,,,,,,
146.3819609332866,1.0,,3131.0191729170765,2,exp5:multi_hotspot:r010,,3.0,,146.3819609332866,0.0,hardening:multi_hotspot:r010,5,0.5709459123275291,7.0,2242.189652295188,1.0,,0.5274522193815794,6.0,,10000.0,Catalog then correct,,2095.807691361901,,,,,,moderate,2657.451982212855,931.8391530428844,0.5709459123275291,,,0.6585625108955876,3589.2911352557394,0.0,,0.0,5709.459123275291,0.2657451982212855,0.0931839153042884,40010,,"[""L025"", ""L033"", ""R000"", ""R004"", ""R007"", ""C001"", ""C002""]","[""L025"", ""R000"", ""R004"", ""R007"", ""C001"", ""C002""]",,,3.0,,multi_hotspot,3052.007141062436,0.0,,809.817488767248,1.0,,,,,,
317.952828019289,1.0,,3131.0191729170765,2,exp5:multi_hotspot:r010,,3.0,,565.3591274489623,0.0,hardening:multi_hotspot:r010,5,0.6165462636049283,6.0,2166.354219951517,1.0,,0.5274522193815794,6.0,,10000.0,Catalog then correct,,1047.9038456809506,,,,,,moderate,3125.4830028071706,463.8081324485688,0.6165462636049283,,,0.6585625108955876,3589.2911352557394,0.5,,1.0,6165.462636049282,0.312548300280717,0.0463808132448568,40010,,"[""L025"", ""R000"", ""R004"", ""R006"", ""R007"", ""C001""]","[""L025"", ""R000"", ""R004"", ""R007"", ""C001"", ""C002""]",,,3.0,,multi_hotspot,3039.9796332421115,247.4062994296734,,873.6254132905947,1.0,,,,,,
591.7491527718491,2.0,,3131.0191729170765,2,exp5:multi_hotspot:r010,,3.0,,591.7491527718491,0.0,hardening:multi_hotspot:r010,5,0.6585625108955876,6.0,2054.057173066039,1.0,,0.5274522193815794,6.0,,10000.0,Catalog then correct,,0.0,,,,,,moderate,3589.2911352557394,0.0,0.6585625108955876,,,0.6585625108955876,3589.2911352557394,1.0,,2.0,6585.625108955876,0.3589291135255739,0.0,40010,,"[""R000"", ""R003"", ""R004"", ""R006"", ""R007"", ""C001""]","[""L025"", ""R000"", ""R004"", ""R007"", ""C001"", ""C002""]",,,3.0,,multi_hotspot,2996.333973700136,0.0,,942.2768006340972,1.0,,,,,,
146.3819609332866,1.0,,3131.0191729170765,2,exp5:multi_hotspot:r010,,3.0,,146.3819609332866,0.01,hardening:multi_hotspot:r010,5,0.5709459123275291,7.0,2242.189652295188,1.0,,0.5274522193815794,6.0,,10000.0,Catalog then correct,,2095.807691361901,,,,,,moderate,2653.94726202616,935.3438732295796,0.5705109753980696,,,0.6585625108955876,3589.2911352557394,0.0,,0.0,5705.109753980696,0.265394726202616,0.0935343873229579,40010,,"[""L025"", ""L033"", ""R000"", ""R004"", ""R007"", ""C001"", ""C002""]","[""L025"", ""R000"", ""R004"", ""R007"", ""C001"", ""C002""]",,,3.0,,multi_hotspot,3051.162491954536,0.0,,808.9728396593481,1.0,,,,,,
317.952828019289,1.0,,3131.0191729170765,2,exp5:multi_hotspot:r010,,3.0,,565.3591274489623,0.01,hardening:multi_hotspot:r010,5,0.6165462636049283,6.0,2166.354219951517,1.0,,0.5274522193815794,6.0,,10000.0,Catalog then correct,,1047.9038456809506,,,,,,moderate,3118.056326737969,471.2348085177705,0.6156553231626947,,,0.6585625108955876,3589.2911352557394,0.5,,1.0,6156.553231626947,0.3118056326737969,0.047123480851777,40010,,"[""L025"", ""R000"", ""R004"", ""R006"", ""R007"", ""C001""]","[""L025"", ""R000"", ""R004"", ""R007"", ""C001"", ""C002""]",,,3.0,,multi_hotspot,3038.4969048889784,247.4062994296734,,872.1426849374615,1.0,,,,,,
591.7491527718491,2.0,,3131.0191729170765,2,exp5:multi_hotspot:r010,,3.0,,591.7491527718491,0.01,hardening:multi_hotspot:r010,5,0.6585625108955876,6.0,2054.057173066039,1.0,,0.5274522193815794,6.0,,10000.0,Catalog then correct,,0.0,,,,,,moderate,3578.349348330906,10.941786924833195,0.6572514079804475,,,0.6585625108955876,3589.2911352557394,1.0,,2.0,6572.514079804474,0.3578349348330906,0.0010941786924833,40010,,"[""R000"", ""R003"", ""R004"", ""R006"", ""R007"", ""C001""]","[""L025"", ""R000"", ""R004"", ""R007"", ""C001"", ""C002""]",,,3.0,,multi_hotspot,2994.164731473568,0.0,,940.1075584075288,1.0,,,,,,
146.3819609332866,1.0,,3131.0191729170765,2,exp5:multi_hotspot:r010,,3.0,,146.3819609332866,0.1,hardening:multi_hotspot:r010,5,0.5709459123275291,7.0,2242.189652295188,1.0,,0.5274522193815794,6.0,,10000.0,Catalog then correct,,2095.807691361901,,,,,,moderate,2622.404780345904,966.8863549098356,0.5665965430329342,,,0.6585625108955876,3589.2911352557394,0.0,,0.0,5665.965430329341,0.2622404780345904,0.0966886354909835,40010,,"[""L025"", ""L033"", ""R000"", ""R004"", ""R007"", ""C001"", ""C002""]","[""L025"", ""R000"", ""R004"", ""R007"", ""C001"", ""C002""]",,,3.0,,multi_hotspot,3043.560649983437,0.0,,801.3709976882492,1.0,,,,,,
317.952828019289,1.0,,3131.0191729170765,2,exp5:multi_hotspot:r010,,3.0,,565.3591274489623,0.1,hardening:multi_hotspot:r010,5,0.6165462636049283,6.0,2166.354219951517,1.0,,0.5274522193815794,6.0,,10000.0,Catalog then correct,,1047.9038456809506,,,,,,moderate,3051.216242115155,538.0748931405842,0.6076368591825934,,,0.6585625108955876,3589.2911352557394,0.5,,1.0,6076.368591825933,0.3051216242115155,0.0538074893140584,40010,,"[""L025"", ""R000"", ""R004"", ""R006"", ""R007"", ""C001""]","[""L025"", ""R000"", ""R004"", ""R007"", ""C001"", ""C002""]",,,3.0,,multi_hotspot,3025.1523497107783,247.4062994296734,,858.7981297592612,1.0,,,,,,
591.7491527718491,2.0,,3131.0191729170765,2,exp5:multi_hotspot:r010,,3.0,,591.7491527718491,0.1,hardening:multi_hotspot:r010,5,0.6585625108955876,6.0,2054.057173066039,1.0,,0.5274522193815794,6.0,,10000.0,Catalog then correct,,0.0,,,,,,moderate,3479.873266007416,109.41786924832375,0.6454514817441868,,,0.6585625108955876,3589.2911352557394,1.0,,2.0,6454.514817441868,0.3479873266007415,0.0109417869248323,40010,,"[""R000"", ""R003"", ""R004"", ""R006"", ""R007"", ""C001""]","[""L025"", ""R000"", ""R004"", ""R007"", ""C001"", ""C002""]",,,3.0,,multi_hotspot,2974.6415514344526,0.0,,920.5843783684136,1.0,,,,,,
146.3819609332866,1.0,,3131.0191729170765,2,exp5:multi_hotspot:r010,,3.0,,146.3819609332866,0.25,hardening:multi_hotspot:r010,5,0.5709459123275291,7.0,2242.189652295188,1.0,,0.5274522193815794,6.0,,10000.0,Catalog then correct,,2095.807691361901,,,,,,moderate,2569.833977545478,1019.4571577102616,0.5600724890910417,,,0.6585625108955876,3589.2911352557394,0.0,,0.0,5600.724890910416,0.2569833977545477,0.1019457157710261,40010,,"[""L025"", ""L033"", ""R000"", ""R004"", ""R007"", ""C001"", ""C002""]","[""L025"", ""R000"", ""R004"", ""R007"", ""C001"", ""C002""]",,,3.0,,multi_hotspot,3030.8909133649386,0.0,,788.7012610697509,1.0,,,,,,
317.952828019289,1.0,,3131.0191729170765,2,exp5:multi_hotspot:r010,,3.0,,565.3591274489623,0.25,hardening:multi_hotspot:r010,5,0.6165462636049283,6.0,2166.354219951517,1.0,,0.5274522193815794,6.0,,10000.0,Catalog then correct,,1047.9038456809506,,,,,,moderate,2939.816101077131,649.4750341786084,0.5942727525490911,,,0.6585625108955876,3589.2911352557394,0.5,,1.0,5942.727525490909,0.2939816101077131,0.0649475034178608,40010,,"[""L025"", ""R000"", ""R004"", ""R006"", ""R007"", ""C001""]","[""L025"", ""R000"", ""R004"", ""R007"", ""C001"", ""C002""]",,,3.0,,multi_hotspot,3002.911424413778,247.4062994296734,,836.5572044622611,1.0,,,,,,
727.8890585091426,3.0,,3131.0191729170765,2,exp5:multi_hotspot:r010,,3.0,,727.8890585091426,0.25,hardening:multi_hotspot:r010,5,0.6975716073510474,7.0,2190.1970788033323,1.0,,0.5274522193815794,6.0,,10000.0,Catalog then correct,,0.0,,,,,,moderate,3420.809754550461,168.48138070527784,0.6550417603586803,,,0.6585625108955876,3589.2911352557394,1.0,,2.0,6550.417603586804,0.3420809754550462,0.0168481380705277,40010,,"[""L034"", ""R000"", ""R003"", ""R004"", ""R006"", ""R007"", ""C001""]","[""L025"", ""R000"", ""R004"", ""R007"", ""C001"", ""C002""]",,,3.0,,multi_hotspot,3129.6078490363425,0.0,,939.4107702330105,1.0,,,,,,
143.23145297742911,1.0,,3086.135330375794,2,exp5:multi_hotspot:r011,,3.0,,143.23145297742911,0.0,hardening:multi_hotspot:r011,5,0.6612245387775689,8.0,2307.7654353149483,1.0,,0.6216621474365267,7.0,,9999.999999999998,Catalog then correct,,2164.53398233752,,,,,,moderate,3527.051241917008,482.3182726238701,0.6612245387775689,,,0.7094008477285011,4009.369514540878,0.0,,0.0,6612.245387775691,0.3527051241917008,0.048231827262387,40011,,"[""L011"", ""L012"", ""L018"", ""R003"", ""R007"", ""R008"", ""C001"", ""C002""]","[""L011"", ""L012"", ""R003"", ""R007"", ""R008"", ""C001"", ""C002""]",,,3.0,,multi_hotspot,3085.194145858683,0.0,,777.4287105437347,1.0,,,,,,
307.2714993828432,1.0,,3086.135330375794,2,exp5:multi_hotspot:r011,,3.0,,469.6192216800016,0.0,hardening:multi_hotspot:r011,5,0.678254286394289,7.0,2309.457759423204,1.0,,0.6216621474365267,7.0,,9999.999999999998,Catalog then correct,,1082.2669911687597,,,,,,moderate,3696.407533567096,312.9619809737819,0.678254286394289,,,0.7094008477285011,4009.369514540878,0.5,,1.0,6782.54286394289,0.3696407533567096,0.0312961980973782,40011,,"[""L011"", ""L012"", ""R002"", ""R003"", ""R007"", ""C001"", ""C002""]","[""L011"", ""L012"", ""R003"", ""R007"", ""R008"", ""C001"", ""C002""]",,,3.0,,multi_hotspot,3086.135330375794,162.3477222971584,,776.6775709525903,1.0,,,,,,
1060.7027810208706,5.0,,3086.135330375794,2,exp5:multi_hotspot:r011,,3.0,,1060.7027810208706,0.0,hardening:multi_hotspot:r011,5,0.7094008477285011,9.0,2100.8013428899985,1.0,,0.6216621474365267,7.0,,9999.999999999998,Catalog then correct,,0.0,,,,,,moderate,4009.369514540878,0.0,0.7094008477285011,,,0.7094008477285011,4009.369514540878,1.0,,3.0,7094.008477285011,0.4009369514540878,0.0,40011,,"[""L011"", ""L012"", ""L023"", ""L029"", ""L032"", ""R001"", ""R002"", ""R003"", ""C001""]","[""L011"", ""L012"", ""R003"", ""R007"", ""R008"", ""C001"", ""C002""]",,,3.0,,multi_hotspot,3084.6389627441336,0.0,,983.837619854135,1.0,,,,,,
143.23145297742911,1.0,,3086.135330375794,2,exp5:multi_hotspot:r011,,3.0,,143.23145297742911,0.01,hardening:multi_hotspot:r011,5,0.6612245387775689,8.0,2307.7654353149483,1.0,,0.6216621474365267,7.0,,9999.999999999998,Catalog then correct,,2164.53398233752,,,,,,moderate,3523.7880099555045,485.5815045853733,0.6608289148641585,,,0.7094008477285011,4009.369514540878,0.0,,0.0,6608.289148641586,0.3523788009955505,0.0485581504585373,40011,,"[""L011"", ""L012"", ""L018"", ""R003"", ""R007"", ""R008"", ""C001"", ""C002""]","[""L011"", ""L012"", ""R003"", ""R007"", ""R008"", ""C001"", ""C002""]",,,3.0,,multi_hotspot,3084.501138686081,0.0,,776.7357033711328,1.0,,,,,,
307.2714993828432,1.0,,3086.135330375794,2,exp5:multi_hotspot:r011,,3.0,,469.6192216800016,0.01,hardening:multi_hotspot:r011,5,0.6786471666661724,7.0,2309.457759423204,1.0,,0.6216621474365267,7.0,,9999.999999999998,Catalog then correct,,1082.2669911687597,,,,,,moderate,3694.637834362967,314.7316801779112,0.678077316473876,,,0.7094008477285011,4009.369514540878,0.5,,1.0,6780.773164738761,0.3694637834362967,0.0314731680177911,40011,,"[""L011"", ""L012"", ""R002"", ""R003"", ""R007"", ""C001"", ""C002""]","[""L011"", ""L012"", ""R003"", ""R007"", ""R008"", ""C001"", ""C002""]",,,3.0,,multi_hotspot,3086.135330375794,162.3477222971584,,776.6775709525901,1.0,,,,,,
1202.1406974989852,6.0,,3086.135330375794,2,exp5:multi_hotspot:r011,,3.0,,1202.1406974989852,0.01,hardening:multi_hotspot:r011,5,0.7110997060876214,9.0,2100.5238194007784,1.0,,0.6216621474365267,7.0,,9999.999999999998,Catalog then correct,,0.0,,,,,,moderate,4021.3845319512257,-12.01501741034781,0.7102053305011105,,,0.7094008477285011,4009.369514540878,1.0,,4.0,7102.053305011105,0.4021384531951226,-0.0012015017410347,40011,,"[""L003"", ""L012"", ""L018"", ""L023"", ""L029"", ""R001"", ""R002"", ""R003"", ""C001""]","[""L011"", ""L012"", ""R003"", ""R007"", ""R008"", ""C001"", ""C002""]",,,3.0,,multi_hotspot,3080.66877305988,0.0,,980.1449536591012,1.0,,,,,,
142.01715482790712,1.0,,3086.135330375794,2,exp5:multi_hotspot:r011,,3.0,,142.01715482790712,0.1,hardening:multi_hotspot:r011,5,0.6637907419231058,8.0,2306.5511371654266,1.0,,0.6216621474365267,7.0,,9999.999999999998,Catalog then correct,,2164.53398233752,,,,,,moderate,3509.6434943686854,499.7260201721924,0.6595778824744479,,,0.7094008477285011,4009.369514540878,0.0,,0.0,6595.77882474448,0.3509643494368686,0.0499726020172192,40011,,"[""L011"", ""L012"", ""L029"", ""R003"", ""R007"", ""R008"", ""C001"", ""C002""]","[""L011"", ""L012"", ""R003"", ""R007"", ""R008"", ""C001"", ""C002""]",,,3.0,,multi_hotspot,3086.135330375794,0.0,,779.5841932103679,1.0,,,,,,
307.2714993828432,1.0,,3086.135330375794,2,exp5:multi_hotspot:r011,,3.0,,469.6192216800016,0.1,hardening:multi_hotspot:r011,5,0.6805186624455193,7.0,2309.457759423204,1.0,,0.6216621474365267,7.0,,9999.999999999998,Catalog then correct,,1082.2669911687597,,,,,,moderate,3663.458033736248,345.9114808046297,0.67463301094462,,,0.7094008477285011,4009.369514540878,0.5,,1.0,6746.330109446201,0.3663458033736249,0.0345911480804629,40011,,"[""L011"", ""L012"", ""R002"", ""R003"", ""R007"", ""C001"", ""C002""]","[""L011"", ""L012"", ""R003"", ""R007"", ""R008"", ""C001"", ""C002""]",,,3.0,,multi_hotspot,3082.872075709953,162.3477222971584,,773.4143162867489,1.0,,,,,,
1194.1694727292104,6.0,,3086.135330375794,2,exp5:multi_hotspot:r011,,3.0,,1194.1694727292104,0.1,hardening:multi_hotspot:r011,5,0.7154046013728235,9.0,2092.552594631004,1.0,,0.6216621474365267,7.0,,9999.999999999998,Catalog then correct,,0.0,,,,,,moderate,3983.9455349579976,25.423979582880293,0.7060303559791938,,,0.7094008477285011,4009.369514540878,1.0,,4.0,7060.303559791938,0.3983945534957998,0.002542397958288,40011,,"[""L012"", ""L018"", ""L023"", ""L029"", ""L035"", ""R001"", ""R002"", ""R003"", ""C001""]","[""L011"", ""L012"", ""R003"", ""R007"", ""R008"", ""C001"", ""C002""]",,,3.0,,multi_hotspot,3076.3580248339404,0.0,,983.8054302029368,1.0,,,,,,
142.01715482790712,1.0,,3086.135330375794,2,exp5:multi_hotspot:r011,,3.0,,142.01715482790712,0.25,hardening:multi_hotspot:r011,5,0.6660170247769648,8.0,2306.5511371654266,1.0,,0.6216621474365267,7.0,,9999.999999999998,Catalog then correct,,2164.53398233752,,,,,,moderate,3471.8935488779066,537.4759656629712,0.6549283054418553,,,0.7094008477285011,4009.369514540878,0.0,,0.0,6549.283054418554,0.3471893548877907,0.0537475965662971,40011,,"[""L011"", ""L012"", ""L029"", ""R003"", ""R007"", ""R008"", ""C001"", ""C002""]","[""L011"", ""L012"", ""R003"", ""R007"", ""R008"", ""C001"", ""C002""]",,,3.0,,multi_hotspot,3077.389505540647,0.0,,770.8383683752205,1.0,,,,,,
307.2714993828432,1.0,,3086.135330375794,2,exp5:multi_hotspot:r011,,3.0,,469.6192216800016,0.25,hardening:multi_hotspot:r011,5,0.6805186624455193,7.0,2309.457759423204,1.0,,0.6216621474365267,7.0,,9999.999999999998,Catalog then correct,,1082.2669911687597,,,,,,moderate,3586.0543150566264,423.3151994842515,0.6658045336932712,,,0.7094008477285011,4009.369514540878,0.5,,1.0,6658.045336932712,0.3586054315056627,0.0423315199484251,40011,,"[""L011"", ""L012"", ""R002"", ""R003"", ""R007"", ""C001"", ""C002""]","[""L011"", ""L012"", ""R003"", ""R007"", ""R008"", ""C001"", ""C002""]",,,3.0,,multi_hotspot,3071.991021876086,162.3477222971584,,762.5332624528817,1.0,,,,,,
1207.5849130670445,6.0,,3086.135330375794,2,exp5:multi_hotspot:r011,,3.0,,1207.5849130670445,0.25,hardening:multi_hotspot:r011,5,0.7216314084176507,9.0,2105.9680349688374,1.0,,0.6216621474365267,7.0,,9999.999999999998,Catalog then correct,,0.0,,,,,,moderate,3911.0610113413536,98.30850319952424,0.6966390931723697,,,0.7094008477285011,4009.369514540878,1.0,,4.0,6966.390931723698,0.3911061011341354,0.0098308503199524,40011,,"[""L012"", ""L023"", ""L029"", ""L032"", ""L035"", ""R001"", ""R002"", ""R003"", ""C001""]","[""L011"", ""L012"", ""R003"", ""R007"", ""R008"", ""C001"", ""C002""]",,,3.0,,multi_hotspot,3055.329920382344,0.0,,949.3618854135068,1.0,,,,,,
291.12156499875067,1.0,,3156.616877017109,2,exp5:multi_hotspot:r012,,3.0,,291.12156499875067,0.0,hardening:multi_hotspot:r012,5,0.5556589793066984,7.0,2474.2845384617635,1.0,,0.4765354761910494,6.0,,10000.0,Catalog then correct,,2183.162973463013,,,,,,moderate,2399.9729160498755,1312.683664344011,0.5556589793066984,,,0.6860291752473989,3712.656580393887,0.0,,0.0,5556.589793066984,0.2399972916049875,0.1312683664344011,40012,,"[""L021"", ""R000"", ""R001"", ""R007"", ""R008"", ""C001"", ""C002""]","[""L021"", ""R000"", ""R001"", ""R007"", ""C001"", ""C002""]",,,3.0,,multi_hotspot,3156.616877017109,0.0,,682.3323385553454,1.0,,,,,,
624.068296666356,2.0,,3156.616877017109,2,exp5:multi_hotspot:r012,,3.0,,1098.4687348734303,0.0,hardening:multi_hotspot:r012,5,0.5871625988131833,6.0,2332.8308319222942,1.0,,0.4765354761910494,6.0,,10000.0,Catalog then correct,,1091.5814867315064,,,,,,moderate,2760.2925895423764,952.3639908515102,0.5871625988131833,,,0.6860291752473989,3712.656580393887,0.5,,2.0,5871.625988131833,0.2760292589542376,0.095236399085151,40012,,"[""L021"", ""R001"", ""R002"", ""R005"", ""R007"", ""C001""]","[""L021"", ""R000"", ""R001"", ""R007"", ""C001"", ""C002""]",,,3.0,,multi_hotspot,3111.3333985894565,474.4004382070744,,778.5025666671623,1.0,,,,,,
1147.0906111393658,5.0,,3156.616877017109,2,exp5:multi_hotspot:r012,,3.0,,1147.0906111393658,0.0,hardening:multi_hotspot:r012,5,0.6860291752473989,8.0,2226.7775552567027,1.0,,0.4765354761910494,6.0,,10000.0,Catalog then correct,,0.0,,,,,,moderate,3712.656580393887,0.0,0.6860291752473989,,,0.6860291752473989,3712.656580393887,1.0,,3.0,6860.29175247399,0.3712656580393886,0.0,40012,,"[""L003"", ""L019"", ""R001"", ""R004"", ""R005"", ""R007"", ""R008"", ""C001""]","[""L021"", ""R000"", ""R001"", ""R007"", ""C001"", ""C002""]",,,3.0,,multi_hotspot,3147.635172080103,0.0,,920.8576168234006,1.0,,,,,,
291.12156499875067,1.0,,3156.616877017109,2,exp5:multi_hotspot:r012,,3.0,,291.12156499875067,0.01,hardening:multi_hotspot:r012,5,0.5561940518554371,7.0,2474.2845384617635,1.0,,0.4765354761910494,6.0,,10000.0,Catalog then correct,,2183.162973463013,,,,,,moderate,2397.357783970823,1315.298796423063,0.5553974660987933,,,0.6860291752473989,3712.656580393887,0.0,,0.0,5553.974660987932,0.2397357783970823,0.1315298796423063,40012,,"[""L021"", ""R000"", ""R001"", ""R007"", ""R008"", ""C001"", ""C002""]","[""L021"", ""R000"", ""R001"", ""R007"", ""C001"", ""C002""]",,,3.0,,multi_hotspot,3156.616877017109,0.0,,682.3323385553455,1.0,,,,,,
624.068296666356,2.0,,3156.616877017109,2,exp5:multi_hotspot:r012,,3.0,,1098.4687348734303,0.01,hardening:multi_hotspot:r012,5,0.5871625988131833,6.0,2332.8308319222942,1.0,,0.4765354761910494,6.0,,10000.0,Catalog then correct,,1091.5814867315064,,,,,,moderate,2751.198998866803,961.4575815270836,0.586056327586962,,,0.6860291752473989,3712.656580393887,0.5,,2.0,5860.563275869619,0.2751198998866803,0.0961457581527083,40012,,"[""L021"", ""R001"", ""R002"", ""R005"", ""R007"", ""C001""]","[""L021"", ""R000"", ""R001"", ""R007"", ""C001"", ""C002""]",,,3.0,,multi_hotspot,3109.3642770028164,474.4004382070744,,776.5334450805223,1.0,,,,,,
1151.2256849350265,5.0,,3156.616877017109,2,exp5:multi_hotspot:r012,,3.0,,1151.2256849350265,0.01,hardening:multi_hotspot:r012,5,0.6886211630524125,8.0,2230.912629052363,1.0,,0.4765354761910494,6.0,,10000.0,Catalog then correct,,0.0,,,,,,moderate,3708.38618482088,4.270395573006681,0.6865003061837989,,,0.6860291752473989,3712.656580393887,1.0,,3.0,6865.003061837989,0.370838618482088,0.0004270395573006,40012,,"[""L003"", ""L013"", ""R001"", ""R004"", ""R005"", ""R007"", ""R008"", ""C001""]","[""L021"", ""R000"", ""R001"", ""R007"", ""C001"", ""C002""]",,,3.0,,multi_hotspot,3156.616877017109,0.0,,925.7042479647458,1.0,,,,,,
291.12156499875067,1.0,,3156.616877017109,2,exp5:multi_hotspot:r012,,3.0,,291.12156499875067,0.1,hardening:multi_hotspot:r012,5,0.5614566334697966,7.0,2474.2845384617635,1.0,,0.4765354761910494,6.0,,10000.0,Catalog then correct,,2183.162973463013,,,,,,moderate,2373.0283004021103,1339.6282799917765,0.5529645177419218,,,0.6860291752473989,3712.656580393887,0.0,,0.0,5529.645177419219,0.237302830040211,0.1339628279991776,40012,,"[""L021"", ""R000"", ""R001"", ""R007"", ""R008"", ""C001"", ""C002""]","[""L021"", ""R000"", ""R001"", ""R007"", ""C001"", ""C002""]",,,3.0,,multi_hotspot,3156.616877017109,0.0,,682.3323385553454,1.0,,,,,,
624.068296666356,2.0,,3156.616877017109,2,exp5:multi_hotspot:r012,,3.0,,1098.4687348734303,0.1,hardening:multi_hotspot:r012,5,0.5871625988131833,6.0,2332.8308319222942,1.0,,0.4765354761910494,6.0,,10000.0,Catalog then correct,,1091.5814867315064,,,,,,moderate,2669.3566827866434,1043.299897607243,0.5760998865509699,,,0.6860291752473989,3712.656580393887,0.5,,2.0,5760.9988655097,0.2669356682786643,0.1043299897607243,40012,,"[""L021"", ""R001"", ""R002"", ""R005"", ""R007"", ""C001""]","[""L021"", ""R000"", ""R001"", ""R007"", ""C001"", ""C002""]",,,3.0,,multi_hotspot,3091.642182723056,474.4004382070744,,758.8113508007616,1.0,,,,,,
1151.9567951561555,5.0,,3156.616877017109,2,exp5:multi_hotspot:r012,,3.0,,1151.9567951561555,0.1,hardening:multi_hotspot:r012,5,0.7008426319970256,8.0,2231.6437392734924,1.0,,0.4765354761910494,6.0,,10000.0,Catalog then correct,,0.0,,,,,,moderate,3627.502287147171,85.1542932467155,0.678411916416428,,,0.6860291752473989,3712.656580393887,1.0,,3.0,6784.11916416428,0.3627502287147171,0.0085154293246715,40012,,"[""L001"", ""L027"", ""R001"", ""R004"", ""R005"", ""R007"", ""R008"", ""C001""]","[""L021"", ""R000"", ""R001"", ""R007"", ""C001"", ""C002""]",,,3.0,,multi_hotspot,3156.616877017109,0.0,,924.9731377436168,1.0,,,,,,
283.37109041186085,1.0,,3156.616877017109,2,exp5:multi_hotspot:r012,,3.0,,283.37109041186085,0.25,hardening:multi_hotspot:r012,5,0.564321485500964,7.0,2466.534063874873,1.0,,0.4765354761910494,6.0,,10000.0,Catalog then correct,,2183.162973463013,,,,,,moderate,2270.256626971157,1442.3999534227296,0.5423749831734853,,,0.6860291752473989,3712.656580393887,0.0,,0.0,5423.749831734853,0.2270256626971157,0.1442399953422729,40012,,"[""L021"", ""R000"", ""R001"", ""R005"", ""R007"", ""C001"", ""C002""]","[""L021"", ""R000"", ""R001"", ""R007"", ""C001"", ""C002""]",,,3.0,,multi_hotspot,3153.493204763696,0.0,,686.9591408888223,1.0,,,,,,
624.068296666356,2.0,,3156.616877017109,2,exp5:multi_hotspot:r012,,3.0,,1098.4687348734303,0.25,hardening:multi_hotspot:r012,5,0.5871625988131833,6.0,2332.8308319222942,1.0,,0.4765354761910494,6.0,,10000.0,Catalog then correct,,1091.5814867315064,,,,,,moderate,2532.9528226530438,1179.7037577408432,0.5595058181576499,,,0.6860291752473989,3712.656580393887,0.5,,2.0,5595.058181576498,0.2532952822653043,0.1179703757740843,40012,,"[""L021"", ""R001"", ""R002"", ""R005"", ""R007"", ""C001""]","[""L021"", ""R000"", ""R001"", ""R007"", ""C001"", ""C002""]",,,3.0,,multi_hotspot,3062.105358923455,474.4004382070744,,729.2745270011605,1.0,,,,,,
1211.9248750747315,4.0,,3156.616877017109,2,exp5:multi_hotspot:r012,,3.0,,1211.9248750747315,0.25,hardening:multi_hotspot:r012,5,0.7165140764709101,7.0,2291.6118191920687,1.0,,0.4765354761910494,6.0,,10000.0,Catalog then correct,,0.0,,,,,,moderate,3409.1997863107963,303.45679408309024,0.656519426400945,,,0.6860291752473989,3712.656580393887,1.0,,3.0,6565.194264009449,0.3409199786310796,0.030345679408309,40012,,"[""R001"", ""R002"", ""R003"", ""R005"", ""R007"", ""R008"", ""C001""]","[""L021"", ""R000"", ""R001"", ""R007"", ""C001"", ""C002""]",,,3.0,,multi_hotspot,3155.994477698653,0.0,,864.3826585065844,1.0,,,,,,
148.9273966704373,1.0,,3128.370898926705,2,exp5:multi_hotspot:r013,,3.0,,725.6106432644251,0.0,hardening:multi_hotspot:r013,5,0.6315107138592357,6.0,2264.744599578433,1.0,,0.5846951675538251,6.0,,9999.999999999998,Catalog then correct,,2115.817202907996,,,,,,moderate,3211.1676312636587,1629.345306361362,0.6315107138592357,,,0.7968883836551726,4840.512937625021,0.0,,1.0,6315.107138592357,0.3211167631263659,0.1629345306361362,40013,,"[""L001"", ""L009"", ""R004"", ""R005"", ""R006"", ""C001""]","[""L001"", ""R004"", ""R005"", ""R006"", ""C001"", ""C002""]",,,3.0,,multi_hotspot,3103.9395073286983,576.6832465939877,,839.1949077502654,1.0,,,,,,
294.38197042663387,1.0,,3128.370898926705,2,exp5:multi_hotspot:r013,,3.0,,582.7235937236278,0.0,hardening:multi_hotspot:r013,5,0.6734824350615276,6.0,2121.8575500376355,1.0,,0.5846951675538251,6.0,,9999.999999999998,Catalog then correct,,1057.9086014539978,,,,,,moderate,3741.947657599578,1098.565280025442,0.6734824350615276,,,0.7968883836551726,4840.512937625021,0.5,,1.0,6734.824350615276,0.3741947657599579,0.1098565280025442,40013,,"[""L001"", ""R003"", ""R004"", ""R005"", ""R006"", ""C001""]","[""L001"", ""R004"", ""R005"", ""R006"", ""C001"", ""C002""]",,,3.0,,multi_hotspot,2992.876693015697,288.3416232969939,,871.0191429780618,1.0,,,,,,
971.1921245217014,3.0,,3128.370898926705,2,exp5:multi_hotspot:r013,,3.0,,971.1921245217014,0.0,hardening:multi_hotspot:r013,5,0.7968883836551726,7.0,2181.641551602728,1.0,,0.5846951675538251,6.0,,9999.999999999998,Catalog then correct,,0.0,,,,,,moderate,4840.512937625021,0.0,0.7968883836551726,,,0.7968883836551726,4840.512937625021,1.0,,2.0,7968.883836551726,0.4840512937625021,0.0,40013,,"[""L001"", ""L004"", ""R001"", ""R005"", ""R006"", ""C000"", ""C001""]","[""L001"", ""R004"", ""R005"", ""R006"", ""C001"", ""C002""]",,,3.0,,multi_hotspot,3128.370898926705,0.0,,946.7293473239768,1.0,,,,,,
148.9273966704373,1.0,,3128.370898926705,2,exp5:multi_hotspot:r013,,3.0,,725.6106432644251,0.01,hardening:multi_hotspot:r013,5,0.6315107138592357,6.0,2264.744599578433,1.0,,0.5846951675538251,6.0,,9999.999999999998,Catalog then correct,,2115.817202907996,,,,,,moderate,3207.3259256478354,1633.1870119771852,0.6310425583961816,,,0.7968883836551726,4840.512937625021,0.0,,1.0,6310.425583961816,0.3207325925647836,0.1633187011977185,40013,,"[""L001"", ""L009"", ""R004"", ""R005"", ""R006"", ""C001""]","[""L001"", ""R004"", ""R005"", ""R006"", ""C001"", ""C002""]",,,3.0,,multi_hotspot,3103.099658313981,576.6832465939877,,838.3550587355479,1.0,,,,,,
294.38197042663387,1.0,,3128.370898926705,2,exp5:multi_hotspot:r013,,3.0,,582.7235937236278,0.01,hardening:multi_hotspot:r013,5,0.6734824350615276,6.0,2121.8575500376355,1.0,,0.5846951675538251,6.0,,9999.999999999998,Catalog then correct,,1057.9086014539978,,,,,,moderate,3734.227022215804,1106.2859154092166,0.6725945623864507,,,0.7968883836551726,4840.512937625021,0.5,,1.0,6725.945623864506,0.3734227022215804,0.1106285915409216,40013,,"[""L001"", ""R003"", ""R004"", ""R005"", ""R006"", ""C001""]","[""L001"", ""R004"", ""R005"", ""R006"", ""C001"", ""C002""]",,,3.0,,multi_hotspot,2991.718601648702,288.3416232969939,,869.8610516110664,1.0,,,,,,
971.1921245217014,3.0,,3128.370898926705,2,exp5:multi_hotspot:r013,,3.0,,971.1921245217014,0.01,hardening:multi_hotspot:r013,5,0.797824735304147,7.0,2181.641551602728,1.0,,0.5846951675538251,6.0,,9999.999999999998,Catalog then correct,,0.0,,,,,,moderate,4828.563497339732,11.949440285288802,0.7956934396266439,,,0.7968883836551726,4840.512937625021,1.0,,2.0,7956.934396266437,0.4828563497339733,0.0011949440285288,40013,,"[""L001"", ""L004"", ""R001"", ""R005"", ""R006"", ""C000"", ""C001""]","[""L001"", ""R004"", ""R005"", ""R006"", ""C001"", ""C002""]",,,3.0,,multi_hotspot,3128.370898926705,0.0,,946.729347323977,1.0,,,,,,
148.9273966704373,1.0,,3128.370898926705,2,exp5:multi_hotspot:r013,,3.0,,725.6106432644251,0.1,hardening:multi_hotspot:r013,5,0.6315107138592357,6.0,2264.744599578433,1.0,,0.5846951675538251,6.0,,9999.999999999998,Catalog then correct,,2115.817202907996,,,,,,moderate,3172.7505751054223,1667.7623625195984,0.6268291592286946,,,0.7968883836551726,4840.512937625021,0.0,,1.0,6268.291592286946,0.3172750575105423,0.1667762362519598,40013,,"[""L001"", ""L009"", ""R004"", ""R005"", ""R006"", ""C001""]","[""L001"", ""R004"", ""R005"", ""R006"", ""C001"", ""C002""]",,,3.0,,multi_hotspot,3095.541017181524,576.6832465939877,,830.7964176030912,1.0,,,,,,
294.38197042663387,1.0,,3128.370898926705,2,exp5:multi_hotspot:r013,,3.0,,582.7235937236278,0.1,hardening:multi_hotspot:r013,5,0.6734824350615276,6.0,2121.8575500376355,1.0,,0.5846951675538251,6.0,,9999.999999999998,Catalog then correct,,1057.9086014539978,,,,,,moderate,3664.74130376183,1175.7716338631908,0.6646037083107573,,,0.7968883836551726,4840.512937625021,0.5,,1.0,6646.037083107573,0.366474130376183,0.1175771633863191,40013,,"[""L001"", ""R003"", ""R004"", ""R005"", ""R006"", ""C001""]","[""L001"", ""R004"", ""R005"", ""R006"", ""C001"", ""C002""]",,,3.0,,multi_hotspot,2981.2957793457435,288.3416232969939,,859.438229308108,1.0,,,,,,
971.1921245217014,3.0,,3128.370898926705,2,exp5:multi_hotspot:r013,,3.0,,971.1921245217014,0.1,hardening:multi_hotspot:r013,5,0.8031910927834168,7.0,2181.641551602728,1.0,,0.5846951675538251,6.0,,9999.999999999998,Catalog then correct,,0.0,,,,,,moderate,4692.225781781999,148.28715584302154,0.7813415002604577,,,0.7968883836551726,4840.512937625021,1.0,,2.0,7813.415002604577,0.4692225781782,0.0148287155843021,40013,,"[""L001"", ""L004"", ""R001"", ""R005"", ""R006"", ""C000"", ""C001""]","[""L001"", ""R004"", ""R005"", ""R006"", ""C001"", ""C002""]",,,3.0,,multi_hotspot,3121.189220822578,0.0,,939.54766921985,1.0,,,,,,
148.9273966704373,1.0,,3128.370898926705,2,exp5:multi_hotspot:r013,,3.0,,725.6106432644251,0.25,hardening:multi_hotspot:r013,5,0.6315107138592357,6.0,2264.744599578433,1.0,,0.5846951675538251,6.0,,9999.999999999998,Catalog then correct,,2115.817202907996,,,,,,moderate,3115.1249908680675,1725.3879467569532,0.619806827282883,,,0.7968883836551726,4840.512937625021,0.0,,1.0,6198.06827282883,0.3115124990868068,0.1725387946756953,40013,,"[""L001"", ""L009"", ""R004"", ""R005"", ""R006"", ""C001""]","[""L001"", ""R004"", ""R005"", ""R006"", ""C001"", ""C002""]",,,3.0,,multi_hotspot,3082.9432819607628,576.6832465939877,,818.1986823823297,1.0,,,,,,
418.5979546347978,2.0,,3128.370898926705,2,exp5:multi_hotspot:r013,,3.0,,706.9395779317917,0.25,hardening:multi_hotspot:r013,5,0.6993421726037443,7.0,2246.0735342457992,1.0,,0.5846951675538251,6.0,,9999.999999999998,Catalog then correct,,1057.9086014539978,,,,,,moderate,3578.433314485941,1262.079623139079,0.6706804213412645,,,0.7968883836551726,4840.512937625021,0.5,,1.0,6706.804213412646,0.3578433314485942,0.1262079623139079,40013,,"[""L001"", ""L004"", ""R001"", ""R004"", ""R005"", ""R006"", ""C001""]","[""L001"", ""R004"", ""R005"", ""R006"", ""C001"", ""C002""]",,,3.0,,multi_hotspot,3128.3708989267047,288.3416232969939,,882.2973646809055,1.0,,,,,,
984.4621108848072,3.0,,3128.370898926705,2,exp5:multi_hotspot:r013,,3.0,,984.4621108848072,0.25,hardening:multi_hotspot:r013,5,0.8066150589779547,7.0,2194.9115379658338,1.0,,0.5846951675538251,6.0,,9999.999999999998,Catalog then correct,,0.0,,,,,,moderate,4408.537877709265,431.975059915756,0.7511350861219223,,,0.7968883836551726,4840.512937625021,1.0,,2.0,7511.350861219224,0.4408537877709265,0.0431975059915756,40013,,"[""L001"", ""L009"", ""R001"", ""R005"", ""R006"", ""C000"", ""C001""]","[""L001"", ""R004"", ""R005"", ""R006"", ""C001"", ""C002""]",,,3.0,,multi_hotspot,3102.812983509959,0.0,,907.9014455441254,1.0,,,,,,
146.95966374621435,1.0,,3172.528396547715,2,exp5:multi_hotspot:r014,,3.0,,146.95966374621435,0.0,hardening:multi_hotspot:r014,5,0.6618951780126092,8.0,2281.574588038822,1.0,,0.6178020716754026,7.0,,10000.0,Catalog then correct,,2134.614924292608,,,,,,moderate,3468.413744671914,880.6431336893438,0.6618951780126092,,,0.7406079322431478,4349.056878361258,0.0,,0.0,6618.951780126092,0.3468413744671914,0.0880643133689343,40014,,"[""L007"", ""L013"", ""R000"", ""R001"", ""R002"", ""R005"", ""R006"", ""C002""]","[""L007"", ""R000"", ""R001"", ""R002"", ""R005"", ""R006"", ""C002""]",,,3.0,,multi_hotspot,3150.5380354541776,0.0,,868.9634474153556,1.0,,,,,,
274.9987954131134,1.0,,3172.528396547715,2,exp5:multi_hotspot:r014,,3.0,,411.636260579092,0.0,hardening:multi_hotspot:r014,5,0.6898908755184804,7.0,2272.9762545397425,1.0,,0.6178020716754026,7.0,,10000.0,Catalog then correct,,1067.3074621463038,,,,,,moderate,3726.3803586370886,622.6765197241693,0.6898908755184804,,,0.7406079322431478,4349.056878361258,0.5,,1.0,6898.908755184804,0.3726380358637088,0.0622676519724169,40014,,"[""L007"", ""R000"", ""R001"", ""R002"", ""R004"", ""R005"", ""C002""]","[""L007"", ""R000"", ""R001"", ""R002"", ""R005"", ""R006"", ""C002""]",,,3.0,,multi_hotspot,3172.528396547716,136.63746516597865,,899.5521420079729,1.0,,,,,,
573.102212883356,1.0,,3172.528396547715,2,exp5:multi_hotspot:r014,,3.0,,573.102212883356,0.0,hardening:multi_hotspot:r014,5,0.7406079322431478,6.0,2164.6429230925337,1.0,,0.6178020716754026,7.0,,10000.0,Catalog then correct,,0.0,,,,,,moderate,4349.056878361258,0.0,0.7406079322431478,,,0.7406079322431478,4349.056878361258,1.0,,2.0,7406.079322431478,0.4349056878361258,0.0,40014,,"[""L007"", ""R001"", ""R002"", ""R005"", ""C001"", ""C002""]","[""L007"", ""R000"", ""R001"", ""R002"", ""R005"", ""R006"", ""C002""]",,,3.0,,multi_hotspot,3057.02244407022,0.0,,892.3795209776863,1.0,,,,,,
146.95966374621435,1.0,,3172.528396547715,2,exp5:multi_hotspot:r014,,3.0,,146.95966374621435,0.01,hardening:multi_hotspot:r014,5,0.6618951780126092,8.0,2281.574588038822,1.0,,0.6178020716754026,7.0,,10000.0,Catalog then correct,,2134.614924292608,,,,,,moderate,3464.795880836321,884.2609975249366,0.6614542469492372,,,0.7406079322431478,4349.056878361258,0.0,,0.0,6614.542469492372,0.3464795880836321,0.0884260997524936,40014,,"[""L007"", ""L013"", ""R000"", ""R001"", ""R002"", ""R005"", ""R006"", ""C002""]","[""L007"", ""R000"", ""R001"", ""R002"", ""R005"", ""R006"", ""C002""]",,,3.0,,multi_hotspot,3149.746588656051,0.0,,868.1720006172285,1.0,,,,,,
274.9987954131134,1.0,,3172.528396547715,2,exp5:multi_hotspot:r014,,3.0,,411.636260579092,0.01,hardening:multi_hotspot:r014,5,0.6903362705810087,7.0,2272.9762545397425,1.0,,0.6178020716754026,7.0,,10000.0,Catalog then correct,,1067.3074621463038,,,,,,moderate,3723.9112430131167,625.1456353481412,0.6896109285919526,,,0.7406079322431478,4349.056878361258,0.5,,1.0,6896.109285919526,0.3723911243013116,0.0625145635348141,40014,,"[""L007"", ""R000"", ""R001"", ""R002"", ""R004"", ""R005"", ""C002""]","[""L007"", ""R000"", ""R001"", ""R002"", ""R005"", ""R006"", ""C002""]",,,3.0,,multi_hotspot,3172.198042906409,136.63746516597865,,899.2217883666666,1.0,,,,,,
573.102212883356,1.0,,3172.528396547715,2,exp5:multi_hotspot:r014,,3.0,,573.102212883356,0.01,hardening:multi_hotspot:r014,5,0.7406079322431478,6.0,2164.6429230925337,1.0,,0.6178020716754026,7.0,,10000.0,Catalog then correct,,0.0,,,,,,moderate,4337.801899838235,11.254978523023055,0.7393798736374703,,,0.7406079322431478,4349.056878361258,1.0,,2.0,7393.798736374704,0.4337801899838235,0.0011254978523023,40014,,"[""L007"", ""R001"", ""R002"", ""R005"", ""C001"", ""C002""]","[""L007"", ""R000"", ""R001"", ""R002"", ""R005"", ""R006"", ""C002""]",,,3.0,,multi_hotspot,3055.9968365364693,0.0,,891.3539134439358,1.0,,,,,,
146.95966374621435,1.0,,3172.528396547715,2,exp5:multi_hotspot:r014,,3.0,,146.95966374621435,0.1,hardening:multi_hotspot:r014,5,0.6618951780126092,8.0,2281.574588038822,1.0,,0.6178020716754026,7.0,,10000.0,Catalog then correct,,2134.614924292608,,,,,,moderate,3432.2351063159804,916.8217720452776,0.6574858673788886,,,0.7406079322431478,4349.056878361258,0.0,,0.0,6574.858673788886,0.343223510631598,0.0916821772045277,40014,,"[""L007"", ""L013"", ""R000"", ""R001"", ""R002"", ""R005"", ""R006"", ""C002""]","[""L007"", ""R000"", ""R001"", ""R002"", ""R005"", ""R006"", ""C002""]",,,3.0,,multi_hotspot,3142.623567472906,0.0,,861.0489794340838,1.0,,,,,,
274.9987954131134,1.0,,3172.528396547715,2,exp5:multi_hotspot:r014,,3.0,,411.636260579092,0.1,hardening:multi_hotspot:r014,5,0.6903362705810087,7.0,2272.9762545397425,1.0,,0.6178020716754026,7.0,,10000.0,Catalog then correct,,1067.3074621463038,,,,,,moderate,3668.5761931584375,680.4806852028205,0.683082850690448,,,0.7406079322431478,4349.056878361258,0.5,,1.0,6830.8285069044805,0.3668576193158437,0.068048068520282,40014,,"[""L007"", ""R000"", ""R001"", ""R002"", ""R004"", ""R005"", ""C002""]","[""L007"", ""R000"", ""R001"", ""R002"", ""R005"", ""R006"", ""C002""]",,,3.0,,multi_hotspot,3162.252313746043,136.63746516597865,,889.2760592063005,1.0,,,,,,
573.102212883356,1.0,,3172.528396547715,2,exp5:multi_hotspot:r014,,3.0,,573.102212883356,0.1,hardening:multi_hotspot:r014,5,0.7406079322431478,6.0,2164.6429230925337,1.0,,0.6178020716754026,7.0,,10000.0,Catalog then correct,,0.0,,,,,,moderate,4236.507093131018,112.54978523023964,0.7283273461863733,,,0.7406079322431478,4349.056878361258,1.0,,2.0,7283.273461863733,0.4236507093131018,0.0112549785230239,40014,,"[""L007"", ""R001"", ""R002"", ""R005"", ""C001"", ""C002""]","[""L007"", ""R000"", ""R001"", ""R002"", ""R005"", ""R006"", ""C002""]",,,3.0,,multi_hotspot,3046.766368732716,0.0,,882.1234456401817,1.0,,,,,,
146.95966374621435,1.0,,3172.528396547715,2,exp5:multi_hotspot:r014,,3.0,,146.95966374621435,0.25,hardening:multi_hotspot:r014,5,0.6618951780126092,8.0,2281.574588038822,1.0,,0.6178020716754026,7.0,,10000.0,Catalog then correct,,2134.614924292608,,,,,,moderate,3377.967148782077,971.089729579181,0.6508719014283075,,,0.7406079322431478,4349.056878361258,0.0,,0.0,6508.719014283076,0.3377967148782076,0.0971089729579181,40014,,"[""L007"", ""L013"", ""R000"", ""R001"", ""R002"", ""R005"", ""R006"", ""C002""]","[""L007"", ""R000"", ""R001"", ""R002"", ""R005"", ""R006"", ""C002""]",,,3.0,,multi_hotspot,3130.751865500999,0.0,,849.1772774621766,1.0,,,,,,
274.9987954131134,1.0,,3172.528396547715,2,exp5:multi_hotspot:r014,,3.0,,411.636260579092,0.25,hardening:multi_hotspot:r014,5,0.6903362705810087,7.0,2272.9762545397425,1.0,,0.6178020716754026,7.0,,10000.0,Catalog then correct,,1067.3074621463038,,,,,,moderate,3576.351110067305,772.705768293953,0.6722027208546072,,,0.7406079322431478,4349.056878361258,0.5,,1.0,6722.027208546071,0.3576351110067305,0.0772705768293953,40014,,"[""L007"", ""R000"", ""R001"", ""R002"", ""R004"", ""R005"", ""C002""]","[""L007"", ""R000"", ""R001"", ""R002"", ""R005"", ""R006"", ""C002""]",,,3.0,,multi_hotspot,3145.676098478766,136.63746516597865,,872.6998439390236,1.0,,,,,,
573.102212883356,1.0,,3172.528396547715,2,exp5:multi_hotspot:r014,,3.0,,573.102212883356,0.25,hardening:multi_hotspot:r014,5,0.7406079322431478,6.0,2164.6429230925337,1.0,,0.6178020716754026,7.0,,10000.0,Catalog then correct,,0.0,,,,,,moderate,4067.682415285657,281.37446307560094,0.7099064671012115,,,0.7406079322431478,4349.056878361258,1.0,,2.0,7099.064671012116,0.4067682415285657,0.02813744630756,40014,,"[""L007"", ""R001"", ""R002"", ""R005"", ""C001"", ""C002""]","[""L007"", ""R000"", ""R001"", ""R002"", ""R005"", ""R006"", ""C002""]",,,3.0,,multi_hotspot,3031.3822557264584,0.0,,866.7393326339245,1.0,,,,,,
0.0,0.0,,3173.152608497909,2,exp5:multi_hotspot:r015,,3.0,,0.0,0.0,hardening:multi_hotspot:r015,5,0.6782619383735445,7.0,2133.7423819671253,1.0,,0.6782619383735445,7.0,,9999.999999999998,Catalog then correct,,2133.7423819671253,,,,,,moderate,3730.545937347149,501.877639457633,0.6782619383735445,,,0.7401848884456208,4232.423576804782,0.0,,0.0,6782.619383735446,0.3730545937347149,0.0501877639457633,40015,,"[""L029"", ""R000"", ""R002"", ""R003"", ""R005"", ""R006"", ""C001""]","[""L029"", ""R000"", ""R002"", ""R003"", ""R005"", ""R006"", ""C001""]",,,3.0,,multi_hotspot,3052.073446388297,0.0,,918.3310644211716,1.0,,,,,,
164.89362585785997,1.0,,3173.152608497909,2,exp5:multi_hotspot:r015,,3.0,,333.0094600897048,0.0,hardening:multi_hotspot:r015,5,0.6828481391557649,7.0,2130.5201735931405,1.0,,0.6782619383735445,7.0,,9999.999999999998,Catalog then correct,,1066.8711909835629,,,,,,moderate,3766.638145102901,465.78543170188095,0.6828481391557649,,,0.7401848884456208,4232.423576804782,0.5,,1.0,6828.48139155765,0.3766638145102902,0.0465785431701881,40015,,"[""L002"", ""L029"", ""R000"", ""R002"", ""R003"", ""R005"", ""C001""]","[""L029"", ""R000"", ""R002"", ""R003"", ""R005"", ""R006"", ""C001""]",,,3.0,,multi_hotspot,3061.8432464547486,168.1158342318448,,931.3230728616084,1.0,,,,,,
491.616277867848,2.0,,3173.152608497909,2,exp5:multi_hotspot:r015,,3.0,,491.616277867848,0.0,hardening:multi_hotspot:r015,5,0.7401848884456208,7.0,2153.1732584551723,1.0,,0.6782619383735445,7.0,,9999.999999999998,Catalog then correct,,0.0,,,,,,moderate,4232.423576804782,0.0,0.7401848884456208,,,0.7401848884456208,4232.423576804782,1.0,,2.0,7401.848884456208,0.4232423576804783,0.0,40015,,"[""L002"", ""R000"", ""R002"", ""R003"", ""R005"", ""R008"", ""C001""]","[""L029"", ""R000"", ""R002"", ""R003"", ""R005"", ""R006"", ""C001""]",,,3.0,,multi_hotspot,3169.4253076514256,0.0,,1016.2520491962532,1.0,,,,,,
0.0,0.0,,3173.152608497909,2,exp5:multi_hotspot:r015,,3.0,,0.0,0.01,hardening:multi_hotspot:r015,5,0.6782619383735445,7.0,2133.7423819671253,1.0,,0.6782619383735445,7.0,,9999.999999999998,Catalog then correct,,2133.7423819671253,,,,,,moderate,3730.545937347149,501.877639457633,0.6782619383735445,,,0.7401848884456208,4232.423576804782,0.0,,0.0,6782.619383735446,0.3730545937347149,0.0501877639457633,40015,,"[""L029"", ""R000"", ""R002"", ""R003"", ""R005"", ""R006"", ""C001""]","[""L029"", ""R000"", ""R002"", ""R003"", ""R005"", ""R006"", ""C001""]",,,3.0,,multi_hotspot,3052.073446388297,0.0,,918.3310644211714,1.0,,,,,,
164.89362585785997,1.0,,3173.152608497909,2,exp5:multi_hotspot:r015,,3.0,,333.0094600897048,0.01,hardening:multi_hotspot:r015,5,0.6828481391557649,7.0,2130.5201735931405,1.0,,0.6782619383735445,7.0,,9999.999999999998,Catalog then correct,,1066.8711909835629,,,,,,moderate,3766.309445109082,466.11413169570005,0.6828022771479427,,,0.7401848884456208,4232.423576804782,0.5,,1.0,6828.022771479426,0.3766309445109083,0.04661141316957,40015,,"[""L002"", ""L029"", ""R000"", ""R002"", ""R003"", ""R005"", ""C001""]","[""L029"", ""R000"", ""R002"", ""R003"", ""R005"", ""R006"", ""C001""]",,,3.0,,multi_hotspot,3061.7133263703445,168.1158342318448,,931.193152777204,1.0,,,,,,
491.616277867848,2.0,,3173.152608497909,2,exp5:multi_hotspot:r015,,3.0,,491.616277867848,0.01,hardening:multi_hotspot:r015,5,0.7401848884456208,7.0,2153.1732584551723,1.0,,0.6782619383735445,7.0,,9999.999999999998,Catalog then correct,,0.0,,,,,,moderate,4227.210491645326,5.213085159455659,0.7395656589449001,,,0.7401848884456208,4232.423576804782,1.0,,2.0,7395.656589449,0.4227210491645327,0.0005213085159455,40015,,"[""L002"", ""R000"", ""R002"", ""R003"", ""R005"", ""R008"", ""C001""]","[""L029"", ""R000"", ""R002"", ""R003"", ""R005"", ""R006"", ""C001""]",,,3.0,,multi_hotspot,3168.4460978036745,0.0,,1015.2728393485024,1.0,,,,,,
0.0,0.0,,3173.152608497909,2,exp5:multi_hotspot:r015,,3.0,,0.0,0.1,hardening:multi_hotspot:r015,5,0.6782619383735445,7.0,2133.7423819671253,1.0,,0.6782619383735445,7.0,,9999.999999999998,Catalog then correct,,2133.7423819671253,,,,,,moderate,3730.545937347149,501.877639457633,0.6782619383735445,,,0.7401848884456208,4232.423576804782,0.0,,0.0,6782.619383735446,0.3730545937347149,0.0501877639457633,40015,,"[""L029"", ""R000"", ""R002"", ""R003"", ""R005"", ""R006"", ""C001""]","[""L029"", ""R000"", ""R002"", ""R003"", ""R005"", ""R006"", ""C001""]",,,3.0,,multi_hotspot,3052.073446388297,0.0,,918.3310644211716,1.0,,,,,,
164.89362585785997,1.0,,3173.152608497909,2,exp5:multi_hotspot:r015,,3.0,,333.0094600897048,0.1,hardening:multi_hotspot:r015,5,0.6828481391557649,7.0,2130.5201735931405,1.0,,0.6782619383735445,7.0,,9999.999999999998,Catalog then correct,,1066.8711909835629,,,,,,moderate,3763.351145164724,469.0724316400583,0.6823895190775429,,,0.7401848884456208,4232.423576804782,0.5,,1.0,6823.895190775429,0.3763351145164724,0.0469072431640058,40015,,"[""L002"", ""L029"", ""R000"", ""R002"", ""R003"", ""R005"", ""C001""]","[""L029"", ""R000"", ""R002"", ""R003"", ""R005"", ""R006"", ""C001""]",,,3.0,,multi_hotspot,3060.5440456107053,168.1158342318448,,930.0238720175648,1.0,,,,,,
491.616277867848,2.0,,3173.152608497909,2,exp5:multi_hotspot:r015,,3.0,,491.616277867848,0.1,hardening:multi_hotspot:r015,5,0.7401848884456208,7.0,2153.1732584551723,1.0,,0.6782619383735445,7.0,,9999.999999999998,Catalog then correct,,0.0,,,,,,moderate,4180.292725210215,52.1308515945675,0.7339925934384132,,,0.7401848884456208,4232.423576804782,1.0,,2.0,7339.925934384131,0.4180292725210215,0.0052130851594567,40015,,"[""L002"", ""R000"", ""R002"", ""R003"", ""R005"", ""R008"", ""C001""]","[""L029"", ""R000"", ""R002"", ""R003"", ""R005"", ""R006"", ""C001""]",,,3.0,,multi_hotspot,3159.6332091739173,0.0,,1006.4599507187452,1.0,,,,,,
0.0,0.0,,3173.152608497909,2,exp5:multi_hotspot:r015,,3.0,,0.0,0.25,hardening:multi_hotspot:r015,5,0.6782619383735445,7.0,2133.7423819671253,1.0,,0.6782619383735445,7.0,,9999.999999999998,Catalog then correct,,2133.7423819671253,,,,,,moderate,3730.545937347149,501.877639457633,0.6782619383735445,,,0.7401848884456208,4232.423576804782,0.0,,0.0,6782.619383735446,0.3730545937347149,0.0501877639457633,40015,,"[""L029"", ""R000"", ""R002"", ""R003"", ""R005"", ""R006"", ""C001""]","[""L029"", ""R000"", ""R002"", ""R003"", ""R005"", ""R006"", ""C001""]",,,3.0,,multi_hotspot,3052.073446388297,0.0,,918.3310644211716,1.0,,,,,,
164.89362585785997,1.0,,3173.152608497909,2,exp5:multi_hotspot:r015,,3.0,,333.0094600897048,0.25,hardening:multi_hotspot:r015,5,0.6828481391557649,7.0,2130.5201735931405,1.0,,0.6782619383735445,7.0,,9999.999999999998,Catalog then correct,,1066.8711909835629,,,,,,moderate,3758.420645257459,474.002931547323,0.6817015889602098,,,0.7401848884456208,4232.423576804782,0.5,,1.0,6817.0158896020985,0.375842064525746,0.0474002931547323,40015,,"[""L002"", ""L029"", ""R000"", ""R002"", ""R003"", ""R005"", ""C001""]","[""L029"", ""R000"", ""R002"", ""R003"", ""R005"", ""R006"", ""C001""]",,,3.0,,multi_hotspot,3058.5952443446395,168.1158342318448,,928.0750707514992,1.0,,,,,,
326.722652009988,1.0,,3173.152608497909,2,exp5:multi_hotspot:r015,,3.0,,326.722652009988,0.25,hardening:multi_hotspot:r015,5,0.736531190594229,7.0,2124.2333655134235,1.0,,0.6782619383735445,7.0,,9999.999999999998,Catalog then correct,,0.0,,,,,,moderate,4106.868169632754,125.55540717202804,0.7219638775390579,,,0.7401848884456208,4232.423576804782,1.0,,1.0,7219.638775390578,0.4106868169632754,0.0125555407172028,40015,,"[""L029"", ""R000"", ""R002"", ""R003"", ""R005"", ""R008"", ""C001""]","[""L029"", ""R000"", ""R002"", ""R003"", ""R005"", ""R006"", ""C001""]",,,3.0,,multi_hotspot,3112.7706057578243,0.0,,988.5372402444008,1.0,,,,,,
0.0,0.0,,3177.084552498707,2,exp5:multi_hotspot:r016,,3.0,,0.0,0.0,hardening:multi_hotspot:r016,5,0.6916101672479752,6.0,2229.19785142334,1.0,,0.6916101672479752,6.0,,10000.0,Catalog then correct,,2229.19785142334,,,,,,moderate,3837.218181859479,395.7645180616464,0.6916101672479752,,,0.7267511885495074,4232.9826999211255,0.0,,0.0,6916.101672479753,0.3837218181859479,0.0395764518061646,40016,,"[""L023"", ""R004"", ""R006"", ""R008"", ""C001"", ""C002""]","[""L023"", ""R004"", ""R006"", ""R008"", ""C001"", ""C002""]",,,3.0,,multi_hotspot,3078.8834906202737,0.0,,849.6856391969338,1.0,,,,,,
0.0,0.0,,3177.084552498707,2,exp5:multi_hotspot:r016,,3.0,,0.0,0.0,hardening:multi_hotspot:r016,5,0.6916101672479752,6.0,2229.19785142334,1.0,,0.6916101672479752,6.0,,10000.0,Catalog then correct,,1114.59892571167,,,,,,moderate,3837.218181859479,395.7645180616464,0.6916101672479752,,,0.7267511885495074,4232.9826999211255,0.5,,0.0,6916.101672479753,0.3837218181859479,0.0395764518061646,40016,,"[""L023"", ""R004"", ""R006"", ""R008"", ""C001"", ""C002""]","[""L023"", ""R004"", ""R006"", ""R008"", ""C001"", ""C002""]",,,3.0,,multi_hotspot,3078.8834906202737,0.0,,849.6856391969338,1.0,,,,,,
586.7055485521635,2.0,,3177.084552498707,2,exp5:multi_hotspot:r016,,3.0,,586.7055485521635,0.0,hardening:multi_hotspot:r016,5,0.7267511885495074,6.0,2071.547501494323,1.0,,0.6916101672479752,6.0,,10000.0,Catalog then correct,,0.0,,,,,,moderate,4232.9826999211255,0.0,0.7267511885495074,,,0.7267511885495074,4232.9826999211255,1.0,,2.0,7267.511885495075,0.4232982699921125,0.0,40016,,"[""R001"", ""R002"", ""R004"", ""R006"", ""R008"", ""C001""]","[""L023"", ""R004"", ""R006"", ""R008"", ""C001"", ""C002""]",,,3.0,,multi_hotspot,3034.52918557395,0.0,,962.981684079627,1.0,,,,,,
0.0,0.0,,3177.084552498707,2,exp5:multi_hotspot:r016,,3.0,,0.0,0.01,hardening:multi_hotspot:r016,5,0.6916101672479752,6.0,2229.19785142334,1.0,,0.6916101672479752,6.0,,10000.0,Catalog then correct,,2229.19785142334,,,,,,moderate,3837.218181859479,395.7645180616464,0.6916101672479752,,,0.7267511885495074,4232.9826999211255,0.0,,0.0,6916.101672479753,0.3837218181859479,0.0395764518061646,40016,,"[""L023"", ""R004"", ""R006"", ""R008"", ""C001"", ""C002""]","[""L023"", ""R004"", ""R006"", ""R008"", ""C001"", ""C002""]",,,3.0,,multi_hotspot,3078.8834906202737,0.0,,849.6856391969338,1.0,,,,,,
0.0,0.0,,3177.084552498707,2,exp5:multi_hotspot:r016,,3.0,,0.0,0.01,hardening:multi_hotspot:r016,5,0.6916101672479752,6.0,2229.19785142334,1.0,,0.6916101672479752,6.0,,10000.0,Catalog then correct,,1114.59892571167,,,,,,moderate,3837.218181859479,395.7645180616464,0.6916101672479752,,,0.7267511885495074,4232.9826999211255,0.5,,0.0,6916.101672479753,0.3837218181859479,0.0395764518061646,40016,,"[""L023"", ""R004"", ""R006"", ""R008"", ""C001"", ""C002""]","[""L023"", ""R004"", ""R006"", ""R008"", ""C001"", ""C002""]",,,3.0,,multi_hotspot,3078.8834906202737,0.0,,849.6856391969338,1.0,,,,,,
586.7055485521635,2.0,,3177.084552498707,2,exp5:multi_hotspot:r016,,3.0,,586.7055485521635,0.01,hardening:multi_hotspot:r016,5,0.7267511885495074,6.0,2071.547501494323,1.0,,0.6916101672479752,6.0,,10000.0,Catalog then correct,,0.0,,,,,,moderate,4230.601558239799,2.3811416813268806,0.726399778336492,,,0.7267511885495074,4232.9826999211255,1.0,,2.0,7263.997783364922,0.4230601558239799,0.0002381141681326,40016,,"[""R001"", ""R002"", ""R004"", ""R006"", ""R008"", ""C001""]","[""L023"", ""R004"", ""R006"", ""R008"", ""C001"", ""C002""]",,,3.0,,multi_hotspot,3033.3962251251232,0.0,,961.8487236308002,1.0,,,,,,
0.0,0.0,,3177.084552498707,2,exp5:multi_hotspot:r016,,3.0,,0.0,0.1,hardening:multi_hotspot:r016,5,0.6916101672479752,6.0,2229.19785142334,1.0,,0.6916101672479752,6.0,,10000.0,Catalog then correct,,2229.19785142334,,,,,,moderate,3837.218181859479,395.7645180616464,0.6916101672479753,,,0.7267511885495074,4232.9826999211255,0.0,,0.0,6916.101672479753,0.3837218181859479,0.0395764518061646,40016,,"[""L023"", ""R004"", ""R006"", ""R008"", ""C001"", ""C002""]","[""L023"", ""R004"", ""R006"", ""R008"", ""C001"", ""C002""]",,,3.0,,multi_hotspot,3078.8834906202737,0.0,,849.6856391969338,1.0,,,,,,
0.0,0.0,,3177.084552498707,2,exp5:multi_hotspot:r016,,3.0,,0.0,0.1,hardening:multi_hotspot:r016,5,0.6916101672479752,6.0,2229.19785142334,1.0,,0.6916101672479752,6.0,,10000.0,Catalog then correct,,1114.59892571167,,,,,,moderate,3837.218181859479,395.7645180616464,0.6916101672479753,,,0.7267511885495074,4232.9826999211255,0.5,,0.0,6916.101672479753,0.3837218181859479,0.0395764518061646,40016,,"[""L023"", ""R004"", ""R006"", ""R008"", ""C001"", ""C002""]","[""L023"", ""R004"", ""R006"", ""R008"", ""C001"", ""C002""]",,,3.0,,multi_hotspot,3078.8834906202737,0.0,,849.6856391969338,1.0,,,,,,
586.7055485521635,2.0,,3177.084552498707,2,exp5:multi_hotspot:r016,,3.0,,586.7055485521635,0.1,hardening:multi_hotspot:r016,5,0.7267511885495074,6.0,2071.547501494323,1.0,,0.6916101672479752,6.0,,10000.0,Catalog then correct,,0.0,,,,,,moderate,4209.171283107862,23.81141681326335,0.7232370864193542,,,0.7267511885495074,4232.9826999211255,1.0,,2.0,7232.370864193543,0.4209171283107862,0.0023811416813263,40016,,"[""R001"", ""R002"", ""R004"", ""R006"", ""R008"", ""C001""]","[""L023"", ""R004"", ""R006"", ""R008"", ""C001"", ""C002""]",,,3.0,,multi_hotspot,3023.1995810856806,0.0,,951.6520795913576,1.0,,,,,,
0.0,0.0,,3177.084552498707,2,exp5:multi_hotspot:r016,,3.0,,0.0,0.25,hardening:multi_hotspot:r016,5,0.6916101672479752,6.0,2229.19785142334,1.0,,0.6916101672479752,6.0,,10000.0,Catalog then correct,,2229.19785142334,,,,,,moderate,3837.218181859479,395.7645180616464,0.6916101672479752,,,0.7267511885495074,4232.9826999211255,0.0,,0.0,6916.101672479753,0.3837218181859479,0.0395764518061646,40016,,"[""L023"", ""R004"", ""R006"", ""R008"", ""C001"", ""C002""]","[""L023"", ""R004"", ""R006"", ""R008"", ""C001"", ""C002""]",,,3.0,,multi_hotspot,3078.8834906202737,0.0,,849.6856391969338,1.0,,,,,,
0.0,0.0,,3177.084552498707,2,exp5:multi_hotspot:r016,,3.0,,0.0,0.25,hardening:multi_hotspot:r016,5,0.6916101672479752,6.0,2229.19785142334,1.0,,0.6916101672479752,6.0,,10000.0,Catalog then correct,,1114.59892571167,,,,,,moderate,3837.218181859479,395.7645180616464,0.6916101672479752,,,0.7267511885495074,4232.9826999211255,0.5,,0.0,6916.101672479753,0.3837218181859479,0.0395764518061646,40016,,"[""L023"", ""R004"", ""R006"", ""R008"", ""C001"", ""C002""]","[""L023"", ""R004"", ""R006"", ""R008"", ""C001"", ""C002""]",,,3.0,,multi_hotspot,3078.8834906202737,0.0,,849.6856391969338,1.0,,,,,,
726.5188618356085,3.0,,3177.084552498707,2,exp5:multi_hotspot:r016,,3.0,,726.5188618356085,0.25,hardening:multi_hotspot:r016,5,0.7519376690265743,7.0,2211.360814777768,1.0,,0.6916101672479752,6.0,,10000.0,Catalog then correct,,0.0,,,,,,moderate,4191.473383320539,41.50931660058632,0.7368557935819245,,,0.7267511885495074,4232.9826999211255,1.0,,2.0,7368.557935819246,0.4191473383320539,0.0041509316600586,40016,,"[""L013"", ""R001"", ""R002"", ""R004"", ""R006"", ""R008"", ""C001""]","[""L023"", ""R004"", ""R006"", ""R008"", ""C001"", ""C002""]",,,3.0,,multi_hotspot,3177.084552498707,0.0,,965.7237377209387,1.0,,,,,,
153.61832711045489,1.0,,3078.847843759583,2,exp5:multi_hotspot:r017,,3.0,,153.61832711045489,0.0,hardening:multi_hotspot:r017,5,0.6516426393946104,7.0,2156.9673874452637,1.0,,0.6058270146118893,6.0,,10000.0,Catalog then correct,,2003.3490603348084,,,,,,moderate,3496.861560697568,715.1200736235896,0.6516426393946104,,,0.7263680329505566,4211.981634321158,0.0,,0.0,6516.426393946103,0.3496861560697568,0.0715120073623589,40017,,"[""L003"", ""L006"", ""R001"", ""R003"", ""R007"", ""C001"", ""C002""]","[""L003"", ""R001"", ""R003"", ""R007"", ""C001"", ""C002""]",,,3.0,,multi_hotspot,3019.5648332485357,0.0,,862.5974458032719,1.0,,,,,,
153.61832711045489,1.0,,3078.847843759583,2,exp5:multi_hotspot:r017,,3.0,,153.61832711045489,0.0,hardening:multi_hotspot:r017,5,0.6516426393946104,7.0,2156.9673874452637,1.0,,0.6058270146118893,6.0,,10000.0,Catalog then correct,,1001.6745301674042,,,,,,moderate,3496.861560697568,715.1200736235896,0.6516426393946104,,,0.7263680329505566,4211.981634321158,0.5,,0.0,6516.426393946103,0.3496861560697568,0.0715120073623589,40017,,"[""L003"", ""L006"", ""R001"", ""R003"", ""R007"", ""C001"", ""C002""]","[""L003"", ""R001"", ""R003"", ""R007"", ""C001"", ""C002""]",,,3.0,,multi_hotspot,3019.5648332485357,0.0,,862.5974458032719,1.0,,,,,,
1061.5962905184588,5.0,,3078.847843759583,2,exp5:multi_hotspot:r017,,3.0,,1061.5962905184588,0.0,hardening:multi_hotspot:r017,5,0.7263680329505566,8.0,2018.6404599151065,1.0,,0.6058270146118893,6.0,,10000.0,Catalog then correct,,0.0,,,,,,moderate,4211.981634321158,0.0,0.7263680329505566,,,0.7263680329505566,4211.981634321158,1.0,,3.0,7263.680329505565,0.4211981634321158,0.0,40017,,"[""L003"", ""L006"", ""L008"", ""L027"", ""R003"", ""R004"", ""R006"", ""C001""]","[""L003"", ""R001"", ""R003"", ""R007"", ""C001"", ""C002""]",,,3.0,,multi_hotspot,3051.698695184408,0.0,,1033.058235269301,1.0,,,,,,
153.61832711045489,1.0,,3078.847843759583,2,exp5:multi_hotspot:r017,,3.0,,153.61832711045489,0.01,hardening:multi_hotspot:r017,5,0.6516426393946104,7.0,2156.9673874452637,1.0,,0.6058270146118893,6.0,,10000.0,Catalog then correct,,2003.3490603348084,,,,,,moderate,3493.102888906271,718.8787454148869,0.6511844831467832,,,0.7263680329505566,4211.981634321158,0.0,,0.0,6511.844831467831,0.3493102888906271,0.0718878745414886,40017,,"[""L003"", ""L006"", ""R001"", ""R003"", ""R007"", ""C001"", ""C002""]","[""L003"", ""R001"", ""R003"", ""R007"", ""C001"", ""C002""]",,,3.0,,multi_hotspot,3018.74194256156,0.0,,861.7745551162966,1.0,,,,,,
153.61832711045489,1.0,,3078.847843759583,2,exp5:multi_hotspot:r017,,3.0,,153.61832711045489,0.01,hardening:multi_hotspot:r017,5,0.6516426393946104,7.0,2156.9673874452637,1.0,,0.6058270146118893,6.0,,10000.0,Catalog then correct,,1001.6745301674042,,,,,,moderate,3493.102888906271,718.8787454148869,0.6511844831467832,,,0.7263680329505566,4211.981634321158,0.5,,0.0,6511.844831467831,0.3493102888906271,0.0718878745414886,40017,,"[""L003"", ""L006"", ""R001"", ""R003"", ""R007"", ""C001"", ""C002""]","[""L003"", ""R001"", ""R003"", ""R007"", ""C001"", ""C002""]",,,3.0,,multi_hotspot,3018.74194256156,0.0,,861.7745551162966,1.0,,,,,,
1094.2364433885282,5.0,,3078.847843759583,2,exp5:multi_hotspot:r017,,3.0,,1094.2364433885282,0.01,hardening:multi_hotspot:r017,5,0.7296932874575787,8.0,2051.2806127851754,1.0,,0.6058270146118893,6.0,,10000.0,Catalog then correct,,0.0,,,,,,moderate,4206.4019149150645,5.579719406093318,0.7284546247291218,,,0.7263680329505566,4211.981634321158,1.0,,3.0,7284.546247291217,0.4206401914915064,0.0005579719406093,40017,,"[""L003"", ""L006"", ""L008"", ""L018"", ""R003"", ""R004"", ""R006"", ""C001""]","[""L003"", ""R001"", ""R003"", ""R007"", ""C001"", ""C002""]",,,3.0,,multi_hotspot,3078.1443323761528,0.0,,1026.863719590977,1.0,,,,,,
138.86383692693772,1.0,,3078.847843759583,2,exp5:multi_hotspot:r017,,3.0,,138.86383692693772,0.1,hardening:multi_hotspot:r017,5,0.651082711989859,7.0,2142.212897261746,1.0,,0.6058270146118893,6.0,,10000.0,Catalog then correct,,2003.3490603348084,,,,,,moderate,3459.5545187825965,752.4271155385613,0.6465571422520621,,,0.7263680329505566,4211.981634321158,0.0,,0.0,6465.57142252062,0.3459554518782596,0.0752427115538561,40017,,"[""L003"", ""L008"", ""R001"", ""R003"", ""R007"", ""C001"", ""C002""]","[""L003"", ""R001"", ""R003"", ""R007"", ""C001"", ""C002""]",,,3.0,,multi_hotspot,3006.016903738024,0.0,,863.8040064762778,1.0,,,,,,
451.0121235092821,2.0,,3078.847843759583,2,exp5:multi_hotspot:r017,,3.0,,697.6185286875655,0.1,hardening:multi_hotspot:r017,5,0.6577832608323584,7.0,2207.754778665807,1.0,,0.6058270146118893,6.0,,10000.0,Catalog then correct,,1001.6745301674042,,,,,,moderate,3447.02851834353,764.9531159776279,0.6525876362103115,,,0.7263680329505566,4211.981634321158,0.5,,1.0,6525.876362103113,0.344702851834353,0.0764953115977628,40017,,"[""L003"", ""L019"", ""R001"", ""R003"", ""R006"", ""R007"", ""C001""]","[""L003"", ""R001"", ""R003"", ""R007"", ""C001"", ""C002""]",,,3.0,,multi_hotspot,3078.847843759583,246.60640517828327,,871.0930650937764,1.0,,,,,,
1094.2364433885282,5.0,,3078.847843759583,2,exp5:multi_hotspot:r017,,3.0,,1094.2364433885282,0.1,hardening:multi_hotspot:r017,5,0.7296932874575787,8.0,2051.2806127851754,1.0,,0.6058270146118893,6.0,,10000.0,Catalog then correct,,0.0,,,,,,moderate,4117.336391398054,94.64524292310398,0.7173066601730097,,,0.7263680329505566,4211.981634321158,1.0,,3.0,7173.066601730096,0.4117336391398054,0.0094645242923103,40017,,"[""L003"", ""L006"", ""L008"", ""L018"", ""R003"", ""R004"", ""R006"", ""C001""]","[""L003"", ""R001"", ""R003"", ""R007"", ""C001"", ""C002""]",,,3.0,,multi_hotspot,3055.730210332042,0.0,,1004.4495975468668,1.0,,,,,,
138.86383692693772,1.0,,3078.847843759583,2,exp5:multi_hotspot:r017,,3.0,,138.86383692693772,0.25,hardening:multi_hotspot:r017,5,0.651082711989859,7.0,2142.212897261746,1.0,,0.6058270146118893,6.0,,10000.0,Catalog then correct,,2003.3490603348084,,,,,,moderate,3405.586910944061,806.3947233770969,0.6397687876453666,,,0.7263680329505566,4211.981634321158,0.0,,0.0,6397.687876453665,0.3405586910944061,0.0806394723377096,40017,,"[""L003"", ""L008"", ""R001"", ""R003"", ""R007"", ""C001"", ""C002""]","[""L003"", ""R001"", ""R003"", ""R007"", ""C001"", ""C002""]",,,3.0,,multi_hotspot,2992.100965509604,0.0,,849.8880682478582,1.0,,,,,,
451.0121235092821,2.0,,3078.847843759583,2,exp5:multi_hotspot:r017,,3.0,,697.6185286875655,0.25,hardening:multi_hotspot:r017,5,0.6692516127410962,7.0,2207.754778665807,1.0,,0.6058270146118893,6.0,,10000.0,Catalog then correct,,1001.6745301674042,,,,,,moderate,3455.1067883283604,756.8748459927974,0.6533954632087945,,,0.7263680329505566,4211.981634321158,0.5,,1.0,6533.954632087944,0.345510678832836,0.0756874845992797,40017,,"[""L003"", ""L019"", ""R001"", ""R003"", ""R006"", ""R007"", ""C001""]","[""L003"", ""R001"", ""R003"", ""R007"", ""C001"", ""C002""]",,,3.0,,multi_hotspot,3078.847843759583,246.60640517828327,,871.0930650937762,1.0,,,,,,
1061.5962905184588,5.0,,3078.847843759583,2,exp5:multi_hotspot:r017,,3.0,,1061.5962905184588,0.25,hardening:multi_hotspot:r017,5,0.7263680329505566,8.0,2018.6404599151065,1.0,,0.6058270146118893,6.0,,10000.0,Catalog then correct,,0.0,,,,,,moderate,3973.816553015375,238.16508130578316,0.6962327783658897,,,0.7263680329505566,4211.981634321158,1.0,,3.0,6962.327783658897,0.3973816553015374,0.0238165081305783,40017,,"[""L003"", ""L006"", ""L008"", ""L027"", ""R003"", ""R004"", ""R006"", ""C001""]","[""L003"", ""R001"", ""R003"", ""R007"", ""C001"", ""C002""]",,,3.0,,multi_hotspot,2988.511230643522,0.0,,969.8707707284156,1.0,,,,,,
137.1847306793665,1.0,,3144.247219381794,2,exp5:multi_hotspot:r018,,3.0,,137.1847306793665,0.0,hardening:multi_hotspot:r018,5,0.6002177594455573,8.0,2259.615025280953,1.0,,0.5593330868564128,7.0,,10000.000000000002,Catalog then correct,,2122.430294601587,,,,,,moderate,2859.8571403201604,685.5050959838413,0.6002177594455573,,,0.6686435720039036,3545.3622363040017,0.0,,0.0,6002.177594455575,0.285985714032016,0.0685505095983841,40018,,"[""L002"", ""L016"", ""R000"", ""R001"", ""R002"", ""R003"", ""R007"", ""C001""]","[""L002"", ""R000"", ""R001"", ""R002"", ""R003"", ""R007"", ""C001""]",,,3.0,,multi_hotspot,3142.3204541354144,0.0,,882.7054288544607,1.0,,,,,,
301.71197956779696,2.0,,3144.247219381794,2,exp5:multi_hotspot:r018,,3.0,,560.8683446138614,0.0,hardening:multi_hotspot:r018,5,0.6135868920515452,8.0,2164.9859091233197,1.0,,0.5593330868564128,7.0,,10000.000000000002,Catalog then correct,,1061.2151473007934,,,,,,moderate,3008.678624955385,536.6836113486165,0.6135868920515452,,,0.6686435720039036,3545.3622363040017,0.5,,1.0,6135.868920515452,0.3008678624955385,0.0536683611348616,40018,,"[""L002"", ""L010"", ""L020"", ""R000"", ""R001"", ""R002"", ""R003"", ""R007""]","[""L002"", ""R000"", ""R001"", ""R002"", ""R003"", ""R007"", ""C001""]",,,3.0,,multi_hotspot,3127.190295560067,259.1563650460645,,962.204386436748,1.0,,,,,,
729.5181425634313,5.0,,3144.247219381794,2,exp5:multi_hotspot:r018,,3.0,,729.5181425634313,0.0,hardening:multi_hotspot:r018,5,0.6686435720039036,10.0,2047.7067931337097,1.0,,0.5593330868564128,7.0,,10000.000000000002,Catalog then correct,,0.0,,,,,,moderate,3545.3622363040017,0.0,0.6686435720039036,,,0.6686435720039036,3545.3622363040017,1.0,,2.0,6686.435720039037,0.3545362236304001,0.0,40018,,"[""L002"", ""L010"", ""L020"", ""L026"", ""L028"", ""L034"", ""R000"", ""R002"", ""R003"", ""R007""]","[""L002"", ""R000"", ""R001"", ""R002"", ""R003"", ""R007"", ""C001""]",,,3.0,,multi_hotspot,3141.073483735035,0.0,,1093.3666906013254,1.0,,,,,,
137.1847306793665,1.0,,3144.247219381794,2,exp5:multi_hotspot:r018,,3.0,,137.1847306793665,0.01,hardening:multi_hotspot:r018,5,0.6002177594455573,8.0,2259.615025280953,1.0,,0.5593330868564128,7.0,,10000.000000000002,Catalog then correct,,2122.430294601587,,,,,,moderate,2856.564248756345,688.7979875476572,0.599808912719666,,,0.6686435720039036,3545.3622363040017,0.0,,0.0,5998.08912719666,0.2856564248756344,0.0688797987547657,40018,,"[""L002"", ""L016"", ""R000"", ""R001"", ""R002"", ""R003"", ""R007"", ""C001""]","[""L002"", ""R000"", ""R001"", ""R002"", ""R003"", ""R007"", ""C001""]",,,3.0,,multi_hotspot,3141.524878440316,0.0,,881.9098531593622,1.0,,,,,,
301.71197956779696,2.0,,3144.247219381794,2,exp5:multi_hotspot:r018,,3.0,,560.8683446138614,0.01,hardening:multi_hotspot:r018,5,0.6135868920515452,8.0,2164.9859091233197,1.0,,0.5593330868564128,7.0,,10000.000000000002,Catalog then correct,,1061.2151473007934,,,,,,moderate,3004.843809706793,540.5184265972089,0.6130443539995939,,,0.6686435720039036,3545.3622363040017,0.5,,1.0,6130.443539995939,0.3004843809706792,0.0540518426597208,40018,,"[""L002"", ""L010"", ""L020"", ""R000"", ""R001"", ""R002"", ""R003"", ""R007""]","[""L002"", ""R000"", ""R001"", ""R002"", ""R003"", ""R007"", ""C001""]",,,3.0,,multi_hotspot,3125.5997302891465,259.1563650460645,,960.613821165827,1.0,,,,,,
729.5181425634313,5.0,,3144.247219381794,2,exp5:multi_hotspot:r018,,3.0,,729.5181425634313,0.01,hardening:multi_hotspot:r018,5,0.6686435720039036,10.0,2047.7067931337097,1.0,,0.5593330868564128,7.0,,10000.000000000002,Catalog then correct,,0.0,,,,,,moderate,3537.3333761018184,8.028860202183296,0.6675504671524287,,,0.6686435720039036,3545.3622363040017,1.0,,2.0,6675.504671524287,0.3537333376101818,0.0008028860202183,40018,,"[""L002"", ""L010"", ""L020"", ""L026"", ""L028"", ""L034"", ""R000"", ""R002"", ""R003"", ""R007""]","[""L002"", ""R000"", ""R001"", ""R002"", ""R003"", ""R007"", ""C001""]",,,3.0,,multi_hotspot,3138.1712954224686,0.0,,1090.4645022887587,1.0,,,,,,
143.9358461447357,1.0,,3144.247219381794,2,exp5:multi_hotspot:r018,,3.0,,143.9358461447357,0.1,hardening:multi_hotspot:r018,5,0.6021374973184161,8.0,2266.3661407463223,1.0,,0.5593330868564128,7.0,,10000.000000000002,Catalog then correct,,2122.430294601587,,,,,,moderate,2834.323343340366,711.0388929636356,0.5978570562722159,,,0.6686435720039036,3545.3622363040017,0.0,,0.0,5978.57056272216,0.2834323343340366,0.0711038892963635,40018,,"[""L002"", ""L028"", ""R000"", ""R001"", ""R002"", ""R003"", ""R007"", ""C001""]","[""L002"", ""R000"", ""R001"", ""R002"", ""R003"", ""R007"", ""C001""]",,,3.0,,multi_hotspot,3144.247219381793,0.0,,877.8810786354712,1.0,,,,,,
301.71197956779696,2.0,,3144.247219381794,2,exp5:multi_hotspot:r018,,3.0,,560.8683446138614,0.1,hardening:multi_hotspot:r018,5,0.6135868920515452,8.0,2164.9859091233197,1.0,,0.5593330868564128,7.0,,10000.000000000002,Catalog then correct,,1061.2151473007934,,,,,,moderate,2970.330472469464,575.0317638345377,0.6081615115320319,,,0.6686435720039036,3545.3622363040017,0.5,,1.0,6081.61511532032,0.2970330472469463,0.0575031763834537,40018,,"[""L002"", ""L010"", ""L020"", ""R000"", ""R001"", ""R002"", ""R003"", ""R007""]","[""L002"", ""R000"", ""R001"", ""R002"", ""R003"", ""R007"", ""C001""]",,,3.0,,multi_hotspot,3111.284642850856,259.1563650460645,,946.2987337275366,1.0,,,,,,
729.5181425634313,5.0,,3144.247219381794,2,exp5:multi_hotspot:r018,,3.0,,729.5181425634313,0.1,hardening:multi_hotspot:r018,5,0.6686435720039036,10.0,2047.7067931337097,1.0,,0.5593330868564128,7.0,,10000.000000000002,Catalog then correct,,0.0,,,,,,moderate,3465.0736342821792,80.2886020218225,0.6577125234891545,,,0.6686435720039036,3545.3622363040017,1.0,,2.0,6577.125234891545,0.3465073634282178,0.0080288602021822,40018,,"[""L002"", ""L010"", ""L020"", ""L026"", ""L028"", ""L034"", ""R000"", ""R002"", ""R003"", ""R007""]","[""L002"", ""R000"", ""R001"", ""R002"", ""R003"", ""R007"", ""C001""]",,,3.0,,multi_hotspot,3112.051600609366,0.0,,1064.344807475656,1.0,,,,,,
146.4596259088879,1.0,,3144.247219381794,2,exp5:multi_hotspot:r018,,3.0,,146.4596259088879,0.25,hardening:multi_hotspot:r018,5,0.6050636842932314,8.0,2268.889920510475,1.0,,0.5593330868564128,7.0,,10000.000000000002,Catalog then correct,,2122.430294601587,,,,,,moderate,2794.862467670404,750.4997686335978,0.5936310349340268,,,0.6686435720039036,3545.3622363040017,0.0,,0.0,5936.31034934027,0.2794862467670403,0.0750499768633597,40018,,"[""L002"", ""L010"", ""R000"", ""R001"", ""R002"", ""R003"", ""R007"", ""C001""]","[""L002"", ""R000"", ""R001"", ""R002"", ""R003"", ""R007"", ""C001""]",,,3.0,,multi_hotspot,3141.4478816698656,0.0,,872.557961159391,1.0,,,,,,
301.71197956779696,2.0,,3144.247219381794,2,exp5:multi_hotspot:r018,,3.0,,560.8683446138614,0.25,hardening:multi_hotspot:r018,5,0.6135868920515452,8.0,2164.9859091233197,1.0,,0.5593330868564128,7.0,,10000.000000000002,Catalog then correct,,1061.2151473007934,,,,,,moderate,2912.808243740583,632.5539925634189,0.600023440752762,,,0.6686435720039036,3545.3622363040017,0.5,,1.0,6000.234407527621,0.2912808243740582,0.0632553992563418,40018,,"[""L002"", ""L010"", ""L020"", ""R000"", ""R001"", ""R002"", ""R003"", ""R007""]","[""L002"", ""R000"", ""R001"", ""R002"", ""R003"", ""R007"", ""C001""]",,,3.0,,multi_hotspot,3087.4261637870386,259.1563650460645,,922.4402546637192,1.0,,,,,,
729.5181425634313,5.0,,3144.247219381794,2,exp5:multi_hotspot:r018,,3.0,,729.5181425634313,0.25,hardening:multi_hotspot:r018,5,0.6686435720039036,10.0,2047.7067931337097,1.0,,0.5593330868564128,7.0,,10000.000000000002,Catalog then correct,,0.0,,,,,,moderate,3344.6407312494475,200.7215050545542,0.6413159507170308,,,0.6686435720039036,3545.3622363040017,1.0,,2.0,6413.15950717031,0.3344640731249447,0.0200721505054554,40018,,"[""L002"", ""L010"", ""L020"", ""L026"", ""L028"", ""L034"", ""R000"", ""R002"", ""R003"", ""R007""]","[""L002"", ""R000"", ""R001"", ""R002"", ""R003"", ""R007"", ""C001""]",,,3.0,,multi_hotspot,3068.518775920862,0.0,,1020.811982787152,1.0,,,,,,
145.79545719020092,1.0,,3139.3042522037977,2,exp5:multi_hotspot:r019,,3.0,,145.79545719020092,0.0,hardening:multi_hotspot:r019,5,0.6072363182887728,7.0,2361.91182696887,1.0,,0.5620003219963388,6.0,,9999.999999999998,Catalog then correct,,2216.1163697786697,,,,,,moderate,2961.7451333558693,893.1075796421592,0.6072363182887728,,,0.6994156965201827,3854.852712998029,0.0,,0.0,6072.363182887728,0.296174513335587,0.0893107579642159,40019,,"[""L006"", ""L032"", ""R000"", ""R002"", ""R005"", ""C001"", ""C002""]","[""L006"", ""R000"", ""R002"", ""R005"", ""C001"", ""C002""]",,,3.0,,multi_hotspot,3110.6180495318586,0.0,,748.7062225629879,1.0,,,,,,
424.4338740854174,2.0,,3139.3042522037977,2,exp5:multi_hotspot:r019,,3.0,,738.0345870084027,0.0,hardening:multi_hotspot:r019,5,0.6152365274585594,6.0,2326.949530941102,1.0,,0.5620003219963388,6.0,,9999.999999999998,Catalog then correct,,1108.0581848893348,,,,,,moderate,3046.588319830441,808.2643931675875,0.6152365274585594,,,0.6994156965201827,3854.852712998029,0.5,,2.0,6152.365274585593,0.3046588319830441,0.0808264393167587,40019,,"[""L006"", ""L032"", ""R000"", ""R007"", ""C001"", ""C002""]","[""L006"", ""R000"", ""R002"", ""R005"", ""C001"", ""C002""]",,,3.0,,multi_hotspot,3105.7769547551525,313.6007129229853,,778.8274238140508,1.0,,,,,,
1165.693287525675,6.0,,3139.3042522037977,2,exp5:multi_hotspot:r019,,3.0,,1165.693287525675,0.0,hardening:multi_hotspot:r019,5,0.6994156965201827,9.0,2149.67649797877,1.0,,0.5620003219963388,6.0,,9999.999999999998,Catalog then correct,,0.0,,,,,,moderate,3854.852712998029,0.0,0.6994156965201827,,,0.6994156965201827,3854.852712998029,1.0,,3.0,6994.156965201826,0.3854852712998029,0.0,40019,,"[""L006"", ""L007"", ""L019"", ""L027"", ""L028"", ""R000"", ""R004"", ""R007"", ""C001""]","[""L006"", ""R000"", ""R002"", ""R005"", ""C001"", ""C002""]",,,3.0,,multi_hotspot,3139.3042522037977,0.0,,989.6277542250276,1.0,,,,,,
145.79545719020092,1.0,,3139.3042522037977,2,exp5:multi_hotspot:r019,,3.0,,145.79545719020092,0.01,hardening:multi_hotspot:r019,5,0.6072363182887728,7.0,2361.91182696887,1.0,,0.5620003219963388,6.0,,9999.999999999998,Catalog then correct,,2216.1163697786697,,,,,,moderate,2958.046832526112,896.8058804719162,0.6067839583258484,,,0.6994156965201827,3854.852712998029,0.0,,0.0,6067.839583258486,0.2958046832526113,0.0896805880471916,40019,,"[""L006"", ""L032"", ""R000"", ""R002"", ""R005"", ""C001"", ""C002""]","[""L006"", ""R000"", ""R002"", ""R005"", ""C001"", ""C002""]",,,3.0,,multi_hotspot,3109.7927507323734,0.0,,747.8809237635027,1.0,,,,,,
424.4338740854174,2.0,,3139.3042522037977,2,exp5:multi_hotspot:r019,,3.0,,738.0345870084027,0.01,hardening:multi_hotspot:r019,5,0.6152365274585594,6.0,2326.949530941102,1.0,,0.5620003219963388,6.0,,9999.999999999998,Catalog then correct,,1108.0581848893348,,,,,,moderate,3042.391210096215,812.4615029018132,0.6147041654039371,,,0.6994156965201827,3854.852712998029,0.5,,2.0,6147.041654039372,0.3042391210096216,0.0812461502901813,40019,,"[""L006"", ""L032"", ""R000"", ""R007"", ""C001"", ""C002""]","[""L006"", ""R000"", ""R002"", ""R005"", ""C001"", ""C002""]",,,3.0,,multi_hotspot,3104.6504439431565,313.6007129229853,,777.7009130020548,1.0,,,,,,
1165.693287525675,6.0,,3139.3042522037977,2,exp5:multi_hotspot:r019,,3.0,,1165.693287525675,0.01,hardening:multi_hotspot:r019,5,0.7011254526847693,9.0,2149.67649797877,1.0,,0.5620003219963388,6.0,,9999.999999999998,Catalog then correct,,0.0,,,,,,moderate,3858.037761575052,-3.185048577023736,0.699734201377885,,,0.6994156965201827,3854.852712998029,1.0,,3.0,6997.34201377885,0.3858037761575053,-0.0003185048577023,40019,,"[""L006"", ""L007"", ""L019"", ""L027"", ""L028"", ""R000"", ""R004"", ""R007"", ""C001""]","[""L006"", ""R000"", ""R002"", ""R005"", ""C001"", ""C002""]",,,3.0,,multi_hotspot,3139.3042522037977,0.0,,989.6277542250276,1.0,,,,,,
145.79545719020092,1.0,,3139.3042522037977,2,exp5:multi_hotspot:r019,,3.0,,145.79545719020092,0.1,hardening:multi_hotspot:r019,5,0.6072363182887728,7.0,2361.91182696887,1.0,,0.5620003219963388,6.0,,9999.999999999998,Catalog then correct,,2216.1163697786697,,,,,,moderate,2924.762125058289,930.0905879397396,0.6027127186595294,,,0.6994156965201827,3854.852712998029,0.0,,0.0,6027.127186595295,0.2924762125058289,0.0930090587939739,40019,,"[""L006"", ""L032"", ""R000"", ""R002"", ""R005"", ""C001"", ""C002""]","[""L006"", ""R000"", ""R002"", ""R005"", ""C001"", ""C002""]",,,3.0,,multi_hotspot,3102.365061537006,0.0,,740.4532345681357,1.0,,,,,,
424.4338740854174,2.0,,3139.3042522037977,2,exp5:multi_hotspot:r019,,3.0,,738.0345870084027,0.1,hardening:multi_hotspot:r019,5,0.6152365274585594,6.0,2326.949530941102,1.0,,0.5620003219963388,6.0,,9999.999999999998,Catalog then correct,,1108.0581848893348,,,,,,moderate,3004.61722248818,850.2354905098482,0.6099129069123373,,,0.6994156965201827,3854.852712998029,0.5,,2.0,6099.129069123374,0.300461722248818,0.0850235490509848,40019,,"[""L006"", ""L032"", ""R000"", ""R007"", ""C001"", ""C002""]","[""L006"", ""R000"", ""R002"", ""R005"", ""C001"", ""C002""]",,,3.0,,multi_hotspot,3094.511846635194,313.6007129229853,,767.5623156940921,1.0,,,,,,
1137.8842741029157,7.0,,3139.3042522037977,2,exp5:multi_hotspot:r019,,3.0,,1137.8842741029157,0.1,hardening:multi_hotspot:r019,5,0.7082234000304194,10.0,2121.8674845560104,1.0,,0.5620003219963388,6.0,,9999.999999999998,Catalog then correct,,0.0,,,,,,moderate,3803.090923478701,51.76178951932798,0.6936010922270114,,,0.6994156965201827,3854.852712998029,1.0,,3.0,6936.010922270113,0.3803090923478701,0.0051761789519327,40019,,"[""L006"", ""L007"", ""L019"", ""L022"", ""L027"", ""L029"", ""L032"", ""R000"", ""R007"", ""C001""]","[""L006"", ""R000"", ""R002"", ""R005"", ""C001"", ""C002""]",,,3.0,,multi_hotspot,3132.9199987914126,0.0,,1011.052514235402,1.0,,,,,,
145.79545719020092,1.0,,3139.3042522037977,2,exp5:multi_hotspot:r019,,3.0,,145.79545719020092,0.25,hardening:multi_hotspot:r019,5,0.6072363182887728,7.0,2361.91182696887,1.0,,0.5620003219963388,6.0,,9999.999999999998,Catalog then correct,,2216.1163697786697,,,,,,moderate,2869.287612611915,985.5651003861136,0.5959273192156642,,,0.6994156965201827,3854.852712998029,0.0,,0.0,5959.273192156643,0.2869287612611915,0.0985565100386113,40019,,"[""L006"", ""L032"", ""R000"", ""R002"", ""R005"", ""C001"", ""C002""]","[""L006"", ""R000"", ""R002"", ""R005"", ""C001"", ""C002""]",,,3.0,,multi_hotspot,3089.985579544728,0.0,,728.0737525758572,1.0,,,,,,
424.4338740854174,2.0,,3139.3042522037977,2,exp5:multi_hotspot:r019,,3.0,,738.0345870084027,0.25,hardening:multi_hotspot:r019,5,0.6152365274585594,6.0,2326.949530941102,1.0,,0.5620003219963388,6.0,,9999.999999999998,Catalog then correct,,1108.0581848893348,,,,,,moderate,2941.660576474786,913.1921365232424,0.6019274760930042,,,0.6994156965201827,3854.852712998029,0.5,,2.0,6019.274760930042,0.2941660576474786,0.0913192136523242,40019,,"[""L006"", ""L032"", ""R000"", ""R007"", ""C001"", ""C002""]","[""L006"", ""R000"", ""R002"", ""R005"", ""C001"", ""C002""]",,,3.0,,multi_hotspot,3077.614184455256,313.6007129229853,,750.6646535141543,1.0,,,,,,
1151.5841463084732,7.0,,3139.3042522037977,2,exp5:multi_hotspot:r019,,3.0,,1151.5841463084732,0.25,hardening:multi_hotspot:r019,5,0.719660339839906,10.0,2135.567356761568,1.0,,0.5620003219963388,6.0,,9999.999999999998,Catalog then correct,,0.0,,,,,,moderate,3688.1004679830144,166.75224501501407,0.6802453353790142,,,0.6994156965201827,3854.852712998029,1.0,,3.0,6802.453353790141,0.3688100467983015,0.0166752245015014,40019,,"[""L006"", ""L019"", ""L022"", ""L028"", ""L029"", ""L032"", ""L035"", ""R000"", ""R007"", ""C001""]","[""L006"", ""R000"", ""R002"", ""R005"", ""C001"", ""C002""]",,,3.0,,multi_hotspot,3114.3528858071263,0.0,,978.7855290455584,1.0,,,,,,
0.0,0.0,,3173.5643698667427,2,exp5:regular:r000,,3.0,,0.0,0.0,hardening:regular:r000,5,0.6412480110642522,7.0,2304.925519399561,1.0,,0.6412480110642522,7.0,,10000.000000000002,Catalog then correct,,2304.925519399561,,,,,,moderate,3302.2472626084755,1064.9138751952032,0.6412480110642522,,,0.7532703646834441,4367.161137803679,0.0,,0.0,6412.480110642522,0.3302247262608475,0.1064913875195203,40000,,"[""L017"", ""L019"", ""R002"", ""R006"", ""R007"", ""C000"", ""C001""]","[""L017"", ""L019"", ""R002"", ""R006"", ""R007"", ""C000"", ""C001""]",,,3.0,,regular,3110.2328480340466,0.0,,805.3073286344854,1.0,,,,,,
302.4410266697799,1.0,,3173.5643698667427,2,exp5:regular:r000,,3.0,,597.9309124475719,0.0,hardening:regular:r000,5,0.6760826734377761,7.0,2311.8766602915484,1.0,,0.6412480110642522,7.0,,10000.000000000002,Catalog then correct,,1152.4627596997805,,,,,,moderate,3587.262364511018,779.8987732926607,0.6760826734377761,,,0.7532703646834441,4367.161137803679,0.5,,1.0,6760.826734377761,0.3587262364511017,0.077989877329266,40000,,"[""L017"", ""L019"", ""R001"", ""R002"", ""R006"", ""R007"", ""C001""]","[""L017"", ""L019"", ""R002"", ""R006"", ""R007"", ""C000"", ""C001""]",,,3.0,,regular,3173.5643698667427,295.48988577779204,,861.6877095751942,1.0,,,,,,
619.0958068138254,2.0,,3173.5643698667427,2,exp5:regular:r000,,3.0,,619.0958068138254,0.0,hardening:regular:r000,5,0.7532703646834441,7.0,2195.374424629724,1.0,,0.6412480110642522,7.0,,10000.000000000002,Catalog then correct,,0.0,,,,,,moderate,4367.161137803679,0.0,0.7532703646834441,,,0.7532703646834441,4367.161137803679,1.0,,2.0,7532.70364683444,0.4367161137803678,0.0,40000,,"[""L017"", ""R001"", ""R002"", ""R005"", ""R006"", ""R007"", ""C001""]","[""L017"", ""L019"", ""R002"", ""R006"", ""R007"", ""C000"", ""C001""]",,,3.0,,regular,3165.5425090307617,0.0,,970.1680844010376,1.0,,,,,,
0.0,0.0,,3173.5643698667427,2,exp5:regular:r000,,3.0,,0.0,0.01,hardening:regular:r000,5,0.6412480110642522,7.0,2304.925519399561,1.0,,0.6412480110642522,7.0,,10000.000000000002,Catalog then correct,,2304.925519399561,,,,,,moderate,3302.2472626084755,1064.9138751952032,0.6412480110642522,,,0.7532703646834441,4367.161137803679,0.0,,0.0,6412.480110642522,0.3302247262608475,0.1064913875195203,40000,,"[""L017"", ""L019"", ""R002"", ""R006"", ""R007"", ""C000"", ""C001""]","[""L017"", ""L019"", ""R002"", ""R006"", ""R007"", ""C000"", ""C001""]",,,3.0,,regular,3110.2328480340466,0.0,,805.3073286344854,1.0,,,,,,
302.4410266697799,1.0,,3173.5643698667427,2,exp5:regular:r000,,3.0,,597.9309124475719,0.01,hardening:regular:r000,5,0.6763498255996039,7.0,2311.8766602915484,1.0,,0.6412480110642522,7.0,,10000.000000000002,Catalog then correct,,1152.4627596997805,,,,,,moderate,3586.4237046757617,780.737433127917,0.6759988074542503,,,0.7532703646834441,4367.161137803679,0.5,,1.0,6759.988074542504,0.3586423704675761,0.0780737433127916,40000,,"[""L017"", ""L019"", ""R001"", ""R002"", ""R006"", ""R007"", ""C001""]","[""L017"", ""L019"", ""R002"", ""R006"", ""R007"", ""C000"", ""C001""]",,,3.0,,regular,3173.5643698667427,295.48988577779204,,861.687709575194,1.0,,,,,,
619.0958068138254,2.0,,3173.5643698667427,2,exp5:regular:r000,,3.0,,619.0958068138254,0.01,hardening:regular:r000,5,0.7532703646834441,7.0,2195.374424629724,1.0,,0.6412480110642522,7.0,,10000.000000000002,Catalog then correct,,0.0,,,,,,moderate,4357.607509999425,9.553627804253663,0.7521501411472522,,,0.7532703646834441,4367.161137803679,1.0,,2.0,7521.501411472521,0.4357607509999424,0.0009553627804253,40000,,"[""L017"", ""R001"", ""R002"", ""R005"", ""R006"", ""R007"", ""C001""]","[""L017"", ""L019"", ""R002"", ""R006"", ""R007"", ""C000"", ""C001""]",,,3.0,,regular,3163.8939014730963,0.0,,968.519476843372,1.0,,,,,,
0.0,0.0,,3173.5643698667427,2,exp5:regular:r000,,3.0,,0.0,0.1,hardening:regular:r000,5,0.6412480110642522,7.0,2304.925519399561,1.0,,0.6412480110642522,7.0,,10000.000000000002,Catalog then correct,,2304.925519399561,,,,,,moderate,3302.2472626084755,1064.9138751952032,0.6412480110642523,,,0.7532703646834441,4367.161137803679,0.0,,0.0,6412.480110642522,0.3302247262608475,0.1064913875195203,40000,,"[""L017"", ""L019"", ""R002"", ""R006"", ""R007"", ""C000"", ""C001""]","[""L017"", ""L019"", ""R002"", ""R006"", ""R007"", ""C000"", ""C001""]",,,3.0,,regular,3110.2328480340466,0.0,,805.3073286344854,1.0,,,,,,
302.4410266697799,1.0,,3173.5643698667427,2,exp5:regular:r000,,3.0,,597.9309124475719,0.1,hardening:regular:r000,5,0.6790213472178828,7.0,2311.8766602915484,1.0,,0.6412480110642522,7.0,,10000.000000000002,Catalog then correct,,1152.4627596997805,,,,,,moderate,3578.875766158455,788.2853716452237,0.6752440136025197,,,0.7532703646834441,4367.161137803679,0.5,,1.0,6752.440136025198,0.3578875766158454,0.0788285371645223,40000,,"[""L017"", ""L019"", ""R001"", ""R002"", ""R006"", ""R007"", ""C001""]","[""L017"", ""L019"", ""R002"", ""R006"", ""R007"", ""C000"", ""C001""]",,,3.0,,regular,3173.5643698667427,295.48988577779204,,861.687709575194,1.0,,,,,,
619.0958068138254,2.0,,3173.5643698667427,2,exp5:regular:r000,,3.0,,619.0958068138254,0.1,hardening:regular:r000,5,0.7532703646834441,7.0,2195.374424629724,1.0,,0.6412480110642522,7.0,,10000.000000000002,Catalog then correct,,0.0,,,,,,moderate,4271.624859761141,95.53627804253756,0.742068129321525,,,0.7532703646834441,4367.161137803679,1.0,,2.0,7420.681293215248,0.427162485976114,0.0095536278042537,40000,,"[""L017"", ""R001"", ""R002"", ""R005"", ""R006"", ""R007"", ""C001""]","[""L017"", ""L019"", ""R002"", ""R006"", ""R007"", ""C000"", ""C001""]",,,3.0,,regular,3149.056433454107,0.0,,953.6820088243824,1.0,,,,,,
0.0,0.0,,3173.5643698667427,2,exp5:regular:r000,,3.0,,0.0,0.25,hardening:regular:r000,5,0.6412480110642522,7.0,2304.925519399561,1.0,,0.6412480110642522,7.0,,10000.000000000002,Catalog then correct,,2304.925519399561,,,,,,moderate,3302.2472626084755,1064.9138751952032,0.6412480110642522,,,0.7532703646834441,4367.161137803679,0.0,,0.0,6412.480110642522,0.3302247262608475,0.1064913875195203,40000,,"[""L017"", ""L019"", ""R002"", ""R006"", ""R007"", ""C000"", ""C001""]","[""L017"", ""L019"", ""R002"", ""R006"", ""R007"", ""C000"", ""C001""]",,,3.0,,regular,3110.2328480340466,0.0,,805.3073286344854,1.0,,,,,,
302.4410266697799,1.0,,3173.5643698667427,2,exp5:regular:r000,,3.0,,597.9309124475719,0.25,hardening:regular:r000,5,0.6848692861028174,7.0,2311.8766602915484,1.0,,0.6412480110642522,7.0,,10000.000000000002,Catalog then correct,,1152.4627596997805,,,,,,moderate,3566.0753035650177,801.0858342386609,0.6739639673431761,,,0.7532703646834441,4367.161137803679,0.5,,1.0,6739.6396734317605,0.3566075303565017,0.080108583423866,40000,,"[""L017"", ""L019"", ""R001"", ""R002"", ""R006"", ""R007"", ""C001""]","[""L017"", ""L019"", ""R002"", ""R006"", ""R007"", ""C000"", ""C001""]",,,3.0,,regular,3173.5643698667427,295.48988577779204,,861.687709575194,1.0,,,,,,
619.0958068138254,2.0,,3173.5643698667427,2,exp5:regular:r000,,3.0,,619.0958068138254,0.25,hardening:regular:r000,5,0.7532703646834441,7.0,2195.374424629724,1.0,,0.6412480110642522,7.0,,10000.000000000002,Catalog then correct,,0.0,,,,,,moderate,4128.320442697337,238.84069510634163,0.7252647762786462,,,0.7532703646834441,4367.161137803679,1.0,,2.0,7252.647762786461,0.4128320442697336,0.0238840695106341,40000,,"[""L017"", ""R001"", ""R002"", ""R005"", ""R006"", ""R007"", ""C001""]","[""L017"", ""L019"", ""R002"", ""R006"", ""R007"", ""C000"", ""C001""]",,,3.0,,regular,3124.3273200891235,0.0,,928.9528954593997,1.0,,,,,,
151.9806647447,1.0,,3169.8463396134275,2,exp5:regular:r001,,3.0,,151.9806647447,0.0,hardening:regular:r001,5,0.5752391573914156,8.0,2293.399328277196,1.0,,0.530621480135416,7.0,,9999.999999999998,Catalog then correct,,2141.418663532496,,,,,,moderate,2628.4192883790083,1898.400424732774,0.5752391573914156,,,0.7531189761763886,4526.819713111782,0.0,,0.0,5752.391573914156,0.2628419288379008,0.1898400424732774,40001,,"[""L006"", ""L026"", ""R002"", ""R004"", ""R005"", ""R007"", ""R008"", ""C000""]","[""L006"", ""R002"", ""R004"", ""R005"", ""R007"", ""R008"", ""C000""]",,,3.0,,regular,3123.9722855351474,0.0,,830.5729572579519,1.0,,,,,,
462.44444167990025,2.0,,3169.8463396134275,2,exp5:regular:r001,,3.0,,827.9646821550405,0.0,hardening:regular:r001,5,0.6379236830474185,7.0,2238.342864737256,1.0,,0.530621480135416,7.0,,9999.999999999998,Catalog then correct,,1070.709331766248,,,,,,moderate,3212.128479844085,1314.691233267697,0.6379236830474185,,,0.7531189761763886,4526.819713111782,0.5,,2.0,6379.236830474184,0.3212128479844086,0.1314691233267697,40001,,"[""L026"", ""R001"", ""R002"", ""R004"", ""R005"", ""R007"", ""R008""]","[""L006"", ""R002"", ""R004"", ""R005"", ""R007"", ""R008"", ""C000""]",,,3.0,,regular,3167.108350630099,365.5202404751402,,928.7654858928432,1.0,,,,,,
590.8848244079784,1.0,,3169.8463396134275,2,exp5:regular:r001,,3.0,,590.8848244079784,0.0,hardening:regular:r001,5,0.7531189761763886,6.0,2001.2630069901932,1.0,,0.530621480135416,7.0,,9999.999999999998,Catalog then correct,,0.0,,,,,,moderate,4526.819713111782,0.0,0.7531189761763886,,,0.7531189761763886,4526.819713111782,1.0,,2.0,7531.189761763886,0.4526819713111783,0.0,40001,,"[""R002"", ""R004"", ""R005"", ""R007"", ""R008"", ""C001""]","[""L006"", ""R002"", ""R004"", ""R005"", ""R007"", ""R008"", ""C000""]",,,3.0,,regular,3004.370048652104,0.0,,1003.1070416619106,1.0,,,,,,
151.9806647447,1.0,,3169.8463396134275,2,exp5:regular:r001,,3.0,,151.9806647447,0.01,hardening:regular:r001,5,0.5752391573914156,8.0,2293.399328277196,1.0,,0.530621480135416,7.0,,9999.999999999998,Catalog then correct,,2141.418663532496,,,,,,moderate,2624.822916072998,1901.9967970387845,0.5747929806188556,,,0.7531189761763886,4526.819713111782,0.0,,0.0,5747.9298061885565,0.2624822916072998,0.1901996797038784,40001,,"[""L006"", ""L026"", ""R002"", ""R004"", ""R005"", ""R007"", ""R008"", ""C000""]","[""L006"", ""R002"", ""R004"", ""R005"", ""R007"", ""R008"", ""C000""]",,,3.0,,regular,3123.1068901155586,0.0,,829.707561838363,1.0,,,,,,
462.44444167990025,2.0,,3169.8463396134275,2,exp5:regular:r001,,3.0,,827.9646821550405,0.01,hardening:regular:r001,5,0.6379236830474185,7.0,2238.342864737256,1.0,,0.530621480135416,7.0,,9999.999999999998,Catalog then correct,,1070.709331766248,,,,,,moderate,3203.2455802588224,1323.5741328529598,0.6368506610182986,,,0.7531189761763886,4526.819713111782,0.5,,2.0,6368.506610182983,0.3203245580258823,0.132357413285296,40001,,"[""L026"", ""R001"", ""R002"", ""R004"", ""R005"", ""R007"", ""R008""]","[""L006"", ""R002"", ""R004"", ""R005"", ""R007"", ""R008"", ""C000""]",,,3.0,,regular,3165.261029924161,365.5202404751402,,926.9181651869052,1.0,,,,,,
728.9984458849966,2.0,,3169.8463396134275,2,exp5:regular:r001,,3.0,,728.9984458849966,0.01,hardening:regular:r001,5,0.7705987639827002,7.0,2139.376628467212,1.0,,0.530621480135416,7.0,,9999.999999999998,Catalog then correct,,0.0,,,,,,moderate,4512.143571828845,14.676141282937351,0.7681989911442274,,,0.7531189761763886,4526.819713111782,1.0,,2.0,7681.989911442272,0.4512143571828845,0.0014676141282937,40001,,"[""L009"", ""R002"", ""R004"", ""R005"", ""R007"", ""R008"", ""C001""]","[""L006"", ""R002"", ""R004"", ""R005"", ""R007"", ""R008"", ""C000""]",,,3.0,,regular,3169.8463396134275,0.0,,1030.4697111462156,1.0,,,,,,
151.9806647447,1.0,,3169.8463396134275,2,exp5:regular:r001,,3.0,,151.9806647447,0.1,hardening:regular:r001,5,0.5752391573914156,8.0,2293.399328277196,1.0,,0.530621480135416,7.0,,9999.999999999998,Catalog then correct,,2141.418663532496,,,,,,moderate,2592.455565318898,1934.364147792884,0.5707773896658157,,,0.7531189761763886,4526.819713111782,0.0,,0.0,5707.773896658156,0.2592455565318898,0.1934364147792884,40001,,"[""L006"", ""L026"", ""R002"", ""R004"", ""R005"", ""R007"", ""R008"", ""C000""]","[""L006"", ""R002"", ""R004"", ""R005"", ""R007"", ""R008"", ""C000""]",,,3.0,,regular,3115.3183313392583,0.0,,821.9190030620625,1.0,,,,,,
462.44444167990025,2.0,,3169.8463396134275,2,exp5:regular:r001,,3.0,,827.9646821550405,0.1,hardening:regular:r001,5,0.6379236830474185,7.0,2238.342864737256,1.0,,0.530621480135416,7.0,,9999.999999999998,Catalog then correct,,1070.709331766248,,,,,,moderate,3123.2994839914613,1403.520229120321,0.6271934627562182,,,0.7531189761763886,4526.819713111782,0.5,,2.0,6271.934627562182,0.3123299483991462,0.1403520229120321,40001,,"[""L026"", ""R001"", ""R002"", ""R004"", ""R005"", ""R007"", ""R008""]","[""L006"", ""R002"", ""R004"", ""R005"", ""R007"", ""R008"", ""C000""]",,,3.0,,regular,3148.6351435707206,365.5202404751402,,910.2922788334648,1.0,,,,,,
737.183834258432,2.0,,3169.8463396134275,2,exp5:regular:r001,,3.0,,737.183834258432,0.1,hardening:regular:r001,5,0.7823229024823793,7.0,2147.562016840647,1.0,,0.530621480135416,7.0,,9999.999999999998,Catalog then correct,,0.0,,,,,,moderate,4401.6812628634025,125.13845024837974,0.757152760247683,,,0.7531189761763886,4526.819713111782,1.0,,2.0,7571.52760247683,0.4401681262863403,0.0125138450248379,40001,,"[""L001"", ""R002"", ""R004"", ""R005"", ""R007"", ""R008"", ""C001""]","[""L006"", ""R002"", ""R004"", ""R005"", ""R007"", ""R008"", ""C000""]",,,3.0,,regular,3169.8463396134275,0.0,,1022.2843227727806,1.0,,,,,,
151.9806647447,1.0,,3169.8463396134275,2,exp5:regular:r001,,3.0,,151.9806647447,0.25,hardening:regular:r001,5,0.5752391573914156,8.0,2293.399328277196,1.0,,0.530621480135416,7.0,,9999.999999999998,Catalog then correct,,2141.418663532496,,,,,,moderate,2538.5099807287334,1988.3097323830489,0.5640847380774157,,,0.7531189761763886,4526.819713111782,0.0,,0.0,5640.8473807741575,0.2538509980728733,0.1988309732383049,40001,,"[""L006"", ""L026"", ""R002"", ""R004"", ""R005"", ""R007"", ""R008"", ""C000""]","[""L006"", ""R002"", ""R004"", ""R005"", ""R007"", ""R008"", ""C000""]",,,3.0,,regular,3102.337400045424,0.0,,808.9380717682286,1.0,,,,,,
462.44444167990025,2.0,,3169.8463396134275,2,exp5:regular:r001,,3.0,,827.9646821550405,0.25,hardening:regular:r001,5,0.6379236830474185,7.0,2238.342864737256,1.0,,0.530621480135416,7.0,,9999.999999999998,Catalog then correct,,1070.709331766248,,,,,,moderate,2990.055990212525,1536.7637228992571,0.6110981323194179,,,0.7531189761763886,4526.819713111782,0.5,,2.0,6110.981323194178,0.2990055990212525,0.1536763722899257,40001,,"[""L026"", ""R001"", ""R002"", ""R004"", ""R005"", ""R007"", ""R008""]","[""L006"", ""R002"", ""R004"", ""R005"", ""R007"", ""R008"", ""C000""]",,,3.0,,regular,3120.925332981653,365.5202404751402,,882.5824682443972,1.0,,,,,,
742.8654891526784,2.0,,3169.8463396134275,2,exp5:regular:r001,,3.0,,742.8654891526784,0.25,hardening:regular:r001,5,0.7977366534323882,7.0,2153.2436717348937,1.0,,0.530621480135416,7.0,,9999.999999999998,Catalog then correct,,0.0,,,,,,moderate,4151.876254011788,374.94345909999447,0.7309578601081451,,,0.7531189761763886,4526.819713111782,1.0,,2.0,7309.578601081451,0.4151876254011789,0.0374943459099994,40001,,"[""L026"", ""R002"", ""R004"", ""R005"", ""R007"", ""R008"", ""C001""]","[""L006"", ""R002"", ""R004"", ""R005"", ""R007"", ""R008"", ""C000""]",,,3.0,,regular,3157.702347069663,0.0,,1004.4586753347696,1.0,,,,,,
137.04115307083018,1.0,,3160.6718778658683,2,exp5:regular:r002,,3.0,,286.09498875667805,0.0,hardening:regular:r002,5,0.5542792954610762,8.0,2335.02978334866,1.0,,0.5087755614795667,8.0,,10000.000000000002,Catalog then correct,,2197.98863027783,,,,,,moderate,2396.154748785316,1176.9104083452949,0.5542792954610762,,,0.6701295643322643,3573.0651571306107,0.0,,1.0,5542.792954610763,0.2396154748785315,0.1176910408345294,40002,,"[""L004"", ""L005"", ""L022"", ""R001"", ""R004"", ""R005"", ""R007"", ""C002""]","[""L000"", ""L004"", ""L022"", ""R001"", ""R004"", ""R005"", ""R007"", ""C002""]",,,3.0,,regular,3146.638205825448,149.05383568584787,,811.6084224767874,1.0,,,,,,
475.43789808396,2.0,,3160.6718778658683,2,exp5:regular:r002,,3.0,,902.5934985067796,0.0,hardening:regular:r002,5,0.5790691276517638,7.0,2246.270927938971,1.0,,0.5087755614795667,8.0,,10000.000000000002,Catalog then correct,,1098.994315138915,,,,,,moderate,2699.393131315598,873.6720258150126,0.5790691276517638,,,0.6701295643322643,3573.0651571306107,0.5,,3.0,5790.691276517639,0.2699393131315598,0.0873672025815012,40002,,"[""L005"", ""L022"", ""R001"", ""R002"", ""R004"", ""R005"", ""R007""]","[""L000"", ""L004"", ""L022"", ""R001"", ""R004"", ""R005"", ""R007"", ""C002""]",,,3.0,,regular,3091.2981452020404,427.1556004228195,,845.0272172630695,1.0,,,,,,
907.586753144646,5.0,,3160.6718778658683,2,exp5:regular:r002,,3.0,,907.586753144646,0.0,hardening:regular:r002,5,0.6701295643322643,9.0,2101.392716188005,1.0,,0.5087755614795667,8.0,,10000.000000000002,Catalog then correct,,0.0,,,,,,moderate,3573.0651571306107,0.0,0.6701295643322643,,,0.6701295643322643,3573.0651571306107,1.0,,4.0,6701.2956433226445,0.357306515713061,0.0,40002,,"[""L005"", ""L023"", ""L032"", ""L033"", ""R001"", ""R002"", ""R004"", ""R005"", ""R007""]","[""L000"", ""L004"", ""L022"", ""R001"", ""R004"", ""R005"", ""R007"", ""C002""]",,,3.0,,regular,3128.230486192034,0.0,,1026.8377700040285,1.0,,,,,,
137.04115307083018,1.0,,3160.6718778658683,2,exp5:regular:r002,,3.0,,286.09498875667805,0.01,hardening:regular:r002,5,0.5542792954610762,8.0,2335.02978334866,1.0,,0.5087755614795667,8.0,,10000.000000000002,Catalog then correct,,2197.98863027783,,,,,,moderate,2392.616421128265,1180.448736002346,0.5538242581212611,,,0.6701295643322643,3573.0651571306107,0.0,,1.0,5538.242581212612,0.2392616421128264,0.1180448736002345,40002,,"[""L004"", ""L005"", ""L022"", ""R001"", ""R004"", ""R005"", ""R007"", ""C002""]","[""L000"", ""L004"", ""L022"", ""R001"", ""R004"", ""R005"", ""R007"", ""C002""]",,,3.0,,regular,3145.6261600843472,149.05383568584787,,810.5963767356873,1.0,,,,,,
475.43789808396,2.0,,3160.6718778658683,2,exp5:regular:r002,,3.0,,902.5934985067796,0.01,hardening:regular:r002,5,0.5790691276517638,7.0,2246.270927938971,1.0,,0.5087755614795667,8.0,,10000.000000000002,Catalog then correct,,1098.994315138915,,,,,,moderate,2693.710008387341,879.3551487432696,0.5783661919900418,,,0.6701295643322643,3573.0651571306107,0.5,,3.0,5783.661919900419,0.269371000838734,0.0879355148743269,40002,,"[""L005"", ""L022"", ""R001"", ""R002"", ""R004"", ""R005"", ""R007""]","[""L000"", ""L004"", ""L022"", ""R001"", ""R004"", ""R005"", ""R007"", ""C002""]",,,3.0,,regular,3089.951911513078,427.1556004228195,,843.6809835741067,1.0,,,,,,
907.586753144646,5.0,,3160.6718778658683,2,exp5:regular:r002,,3.0,,907.586753144646,0.01,hardening:regular:r002,5,0.6701295643322643,9.0,2101.392716188005,1.0,,0.5087755614795667,8.0,,10000.000000000002,Catalog then correct,,0.0,,,,,,moderate,3560.094096061714,12.971061068896688,0.6685160243037374,,,0.6701295643322643,3573.0651571306107,1.0,,4.0,6685.160243037375,0.3560094096061713,0.0012971061068896,40002,,"[""L005"", ""L023"", ""L032"", ""L033"", ""R001"", ""R002"", ""R004"", ""R005"", ""R007""]","[""L000"", ""L004"", ""L022"", ""R001"", ""R004"", ""R005"", ""R007"", ""C002""]",,,3.0,,regular,3125.066146975661,0.0,,1023.673430787656,1.0,,,,,,
137.04115307083018,1.0,,3160.6718778658683,2,exp5:regular:r002,,3.0,,286.09498875667805,0.1,hardening:regular:r002,5,0.5542792954610762,8.0,2335.02978334866,1.0,,0.5087755614795667,8.0,,10000.000000000002,Catalog then correct,,2197.98863027783,,,,,,moderate,2360.771472214807,1212.2936849158036,0.5497289220629253,,,0.6701295643322643,3573.0651571306107,0.0,,1.0,5497.289220629255,0.2360771472214806,0.1212293684915803,40002,,"[""L004"", ""L005"", ""L022"", ""R001"", ""R004"", ""R005"", ""R007"", ""C002""]","[""L000"", ""L004"", ""L022"", ""R001"", ""R004"", ""R005"", ""R007"", ""C002""]",,,3.0,,regular,3136.5177484144474,149.05383568584787,,801.4879650657871,1.0,,,,,,
420.0063833611134,3.0,,3160.6718778658683,2,exp5:regular:r002,,3.0,,773.5257719367485,0.1,hardening:regular:r002,5,0.5891313216938927,9.0,2264.475625063308,1.0,,0.5087755614795667,8.0,,10000.000000000002,Catalog then correct,,1098.994315138915,,,,,,moderate,2650.2855788587344,922.7795782718764,0.5810957456724601,,,0.6701295643322643,3573.0651571306107,0.5,,2.0,5810.957456724603,0.2650285578858734,0.0922779578271876,40002,,"[""L004"", ""L022"", ""L023"", ""L031"", ""L033"", ""R001"", ""R004"", ""R005"", ""R007""]","[""L000"", ""L004"", ""L022"", ""R001"", ""R004"", ""R005"", ""R007"", ""C002""]",,,3.0,,regular,3160.6718778658683,353.519388575635,,896.1962528025601,1.0,,,,,,
907.586753144646,5.0,,3160.6718778658683,2,exp5:regular:r002,,3.0,,907.586753144646,0.1,hardening:regular:r002,5,0.6701295643322643,9.0,2101.392716188005,1.0,,0.5087755614795667,8.0,,10000.000000000002,Catalog then correct,,0.0,,,,,,moderate,3443.354546441639,129.71061068897188,0.6539941640469945,,,0.6701295643322643,3573.0651571306107,1.0,,4.0,6539.941640469948,0.3443354546441638,0.0129710610688971,40002,,"[""L005"", ""L023"", ""L032"", ""L033"", ""R001"", ""R002"", ""R004"", ""R005"", ""R007""]","[""L000"", ""L004"", ""L022"", ""R001"", ""R004"", ""R005"", ""R007"", ""C002""]",,,3.0,,regular,3096.587094028309,0.0,,995.194377840304,1.0,,,,,,
137.04115307083018,1.0,,3160.6718778658683,2,exp5:regular:r002,,3.0,,286.09498875667805,0.25,hardening:regular:r002,5,0.5542792954610762,8.0,2335.02978334866,1.0,,0.5087755614795667,8.0,,10000.000000000002,Catalog then correct,,2197.98863027783,,,,,,moderate,2307.6965573590437,1265.3685997715677,0.5429033619656989,,,0.6701295643322643,3573.0651571306107,0.0,,1.0,5429.03361965699,0.2307696557359042,0.1265368599771567,40002,,"[""L004"", ""L005"", ""L022"", ""R001"", ""R004"", ""R005"", ""R007"", ""C002""]","[""L000"", ""L004"", ""L022"", ""R001"", ""R004"", ""R005"", ""R007"", ""C002""]",,,3.0,,regular,3121.3370622979464,149.05383568584787,,786.3072789492862,1.0,,,,,,
417.3120937603262,3.0,,3160.6718778658683,2,exp5:regular:r002,,3.0,,770.8314823359613,0.25,hardening:regular:r002,5,0.6039019583989433,9.0,2261.7813354625214,1.0,,0.5087755614795667,8.0,,10000.000000000002,Catalog then correct,,1098.994315138915,,,,,,moderate,2641.2987085648456,931.7664485657652,0.5801203591690992,,,0.6701295643322643,3573.0651571306107,0.5,,2.0,5801.203591690993,0.2641298708564845,0.0931766448565765,40002,,"[""L004"", ""L005"", ""L022"", ""L023"", ""L033"", ""R001"", ""R004"", ""R005"", ""R007""]","[""L000"", ""L004"", ""L022"", ""R001"", ""R004"", ""R005"", ""R007"", ""C002""]",,,3.0,,regular,3159.904883126147,353.519388575635,,898.1235476636259,1.0,,,,,,
907.586753144646,5.0,,3160.6718778658683,2,exp5:regular:r002,,3.0,,907.586753144646,0.25,hardening:regular:r002,5,0.6701295643322643,9.0,2101.392716188005,1.0,,0.5087755614795667,8.0,,10000.000000000002,Catalog then correct,,0.0,,,,,,moderate,3248.7886304081785,324.2765267224322,0.62979106361909,,,0.6701295643322643,3573.0651571306107,1.0,,4.0,6297.910636190901,0.3248788630408178,0.0324276526722432,40002,,"[""L005"", ""L023"", ""L032"", ""L033"", ""R001"", ""R002"", ""R004"", ""R005"", ""R007""]","[""L000"", ""L004"", ""L022"", ""R001"", ""R004"", ""R005"", ""R007"", ""C002""]",,,3.0,,regular,3049.122005782722,0.0,,947.729289594717,1.0,,,,,,
0.0,0.0,,3124.359200707915,2,exp5:regular:r003,,3.0,,0.0,0.0,hardening:regular:r003,5,0.6217417855195199,6.0,2213.059267741424,1.0,,0.6217417855195199,6.0,,10000.0,Catalog then correct,,2213.059267741424,,,,,,moderate,3253.1397609931487,1124.9069003537393,0.6217417855195199,,,0.7494754662484951,4378.046661346888,0.0,,0.0,6217.417855195199,0.3253139760993149,0.1124906900353739,40003,,"[""R000"", ""R002"", ""R003"", ""R006"", ""C000"", ""C001""]","[""R000"", ""R002"", ""R003"", ""R006"", ""C000"", ""C001""]",,,3.0,,regular,2964.2780942020504,0.0,,751.2188264606265,1.0,,,,,,
273.74233205932603,2.0,,3124.359200707915,2,exp5:regular:r003,,3.0,,537.3779653028661,0.0,hardening:regular:r003,5,0.6934412756611953,7.0,2223.1659665572097,1.0,,0.6217417855195199,6.0,,10000.0,Catalog then correct,,1106.529633870712,,,,,,moderate,3810.053555904039,567.9931054428489,0.6934412756611953,,,0.7494754662484951,4378.046661346888,0.5,,1.0,6934.412756611954,0.3810053555904039,0.0567993105442848,40003,,"[""L002"", ""L025"", ""R000"", ""R002"", ""R003"", ""R006"", ""C001""]","[""R000"", ""R002"", ""R003"", ""R006"", ""C000"", ""C001""]",,,3.0,,regular,3124.359200707915,263.63563324354004,,901.1932341507052,1.0,,,,,,
464.7133820383053,2.0,,3124.359200707915,2,exp5:regular:r003,,3.0,,464.7133820383053,0.0,hardening:regular:r003,5,0.7494754662484951,7.0,2150.501383292649,1.0,,0.6217417855195199,6.0,,10000.0,Catalog then correct,,0.0,,,,,,moderate,4378.046661346888,0.0,0.7494754662484951,,,0.7494754662484951,4378.046661346888,1.0,,1.0,7494.754662484952,0.4378046661346887,0.0,40003,,"[""L002"", ""R000"", ""R002"", ""R003"", ""R006"", ""R007"", ""C001""]","[""R000"", ""R002"", ""R003"", ""R006"", ""C000"", ""C001""]",,,3.0,,regular,3116.708001138064,0.0,,966.2066178454154,1.0,,,,,,
0.0,0.0,,3124.359200707915,2,exp5:regular:r003,,3.0,,0.0,0.01,hardening:regular:r003,5,0.6217417855195199,6.0,2213.059267741424,1.0,,0.6217417855195199,6.0,,10000.0,Catalog then correct,,2213.059267741424,,,,,,moderate,3253.139760993148,1124.9069003537402,0.6217417855195199,,,0.7494754662484951,4378.046661346888,0.0,,0.0,6217.417855195198,0.3253139760993148,0.112490690035374,40003,,"[""R000"", ""R002"", ""R003"", ""R006"", ""C000"", ""C001""]","[""R000"", ""R002"", ""R003"", ""R006"", ""C000"", ""C001""]",,,3.0,,regular,2964.2780942020504,0.0,,751.2188264606265,1.0,,,,,,
273.74233205932603,2.0,,3124.359200707915,2,exp5:regular:r003,,3.0,,537.3779653028661,0.01,hardening:regular:r003,5,0.6940863598419115,7.0,2223.1659665572097,1.0,,0.6217417855195199,6.0,,10000.0,Catalog then correct,,1106.529633870712,,,,,,moderate,3809.26994027896,568.7767210679276,0.6933629140986876,,,0.7494754662484951,4378.046661346888,0.5,,1.0,6933.629140986875,0.380926994027896,0.0568776721067927,40003,,"[""L002"", ""L025"", ""R000"", ""R002"", ""R003"", ""R006"", ""C001""]","[""R000"", ""R002"", ""R003"", ""R006"", ""C000"", ""C001""]",,,3.0,,regular,3124.359200707915,263.63563324354004,,901.1932341507052,1.0,,,,,,
464.7133820383053,2.0,,3124.359200707915,2,exp5:regular:r003,,3.0,,464.7133820383053,0.01,hardening:regular:r003,5,0.7494754662484951,7.0,2150.501383292649,1.0,,0.6217417855195199,6.0,,10000.0,Catalog then correct,,0.0,,,,,,moderate,4367.423171187837,10.62349015905056,0.7481981294412055,,,0.7494754662484951,4378.046661346888,1.0,,1.0,7481.981294412054,0.4367423171187837,0.001062349015905,40003,,"[""L002"", ""R000"", ""R002"", ""R003"", ""R006"", ""R007"", ""C001""]","[""R000"", ""R002"", ""R003"", ""R006"", ""C000"", ""C001""]",,,3.0,,regular,3114.5581232242166,0.0,,964.0567399315676,1.0,,,,,,
0.0,0.0,,3124.359200707915,2,exp5:regular:r003,,3.0,,0.0,0.1,hardening:regular:r003,5,0.6217417855195199,6.0,2213.059267741424,1.0,,0.6217417855195199,6.0,,10000.0,Catalog then correct,,2213.059267741424,,,,,,moderate,3253.1397609931487,1124.9069003537393,0.6217417855195199,,,0.7494754662484951,4378.046661346888,0.0,,0.0,6217.417855195199,0.3253139760993149,0.1124906900353739,40003,,"[""R000"", ""R002"", ""R003"", ""R006"", ""C000"", ""C001""]","[""R000"", ""R002"", ""R003"", ""R006"", ""C000"", ""C001""]",,,3.0,,regular,2964.2780942020504,0.0,,751.2188264606266,1.0,,,,,,
273.74233205932603,2.0,,3124.359200707915,2,exp5:regular:r003,,3.0,,537.3779653028661,0.1,hardening:regular:r003,5,0.6963334719102999,7.0,2223.1659665572097,1.0,,0.6217417855195199,6.0,,10000.0,Catalog then correct,,1106.529633870712,,,,,,moderate,3773.2685339972327,604.7781273496553,0.6888743032712219,,,0.7494754662484951,4378.046661346888,0.5,,1.0,6888.743032712219,0.3773268533997232,0.0604778127349655,40003,,"[""L002"", ""L025"", ""R000"", ""R002"", ""R003"", ""R006"", ""C001""]","[""R000"", ""R002"", ""R003"", ""R006"", ""C000"", ""C001""]",,,3.0,,regular,3115.4744987149866,263.63563324354004,,892.3085321577768,1.0,,,,,,
464.7133820383053,2.0,,3124.359200707915,2,exp5:regular:r003,,3.0,,464.7133820383053,0.1,hardening:regular:r003,5,0.7494754662484951,7.0,2150.501383292649,1.0,,0.6217417855195199,6.0,,10000.0,Catalog then correct,,0.0,,,,,,moderate,4271.811759756391,106.23490159049652,0.7367020981755976,,,0.7494754662484951,4378.046661346888,1.0,,1.0,7367.020981755977,0.4271811759756391,0.0106234901590496,40003,,"[""L002"", ""R000"", ""R002"", ""R003"", ""R006"", ""R007"", ""C001""]","[""R000"", ""R002"", ""R003"", ""R006"", ""C000"", ""C001""]",,,3.0,,regular,3095.2092219995857,0.0,,944.7078387069366,1.0,,,,,,
0.0,0.0,,3124.359200707915,2,exp5:regular:r003,,3.0,,0.0,0.25,hardening:regular:r003,5,0.6217417855195199,6.0,2213.059267741424,1.0,,0.6217417855195199,6.0,,10000.0,Catalog then correct,,2213.059267741424,,,,,,moderate,3253.1397609931487,1124.9069003537393,0.6217417855195199,,,0.7494754662484951,4378.046661346888,0.0,,0.0,6217.417855195199,0.3253139760993149,0.1124906900353739,40003,,"[""R000"", ""R002"", ""R003"", ""R006"", ""C000"", ""C001""]","[""R000"", ""R002"", ""R003"", ""R006"", ""C000"", ""C001""]",,,3.0,,regular,2964.2780942020504,0.0,,751.2188264606266,1.0,,,,,,
296.28651747043625,2.0,,3124.359200707915,2,exp5:regular:r003,,3.0,,559.9221507139763,0.25,hardening:regular:r003,5,0.7011512510386588,7.0,2245.71015196832,1.0,,0.6217417855195199,6.0,,10000.0,Catalog then correct,,1106.529633870712,,,,,,moderate,3688.6296458808265,689.4170154660615,0.6812988846588741,,,0.7494754662484951,4378.046661346888,0.5,,1.0,6812.988846588742,0.3688629645880826,0.0689417015466061,40003,,"[""L002"", ""L003"", ""R000"", ""R002"", ""R003"", ""R006"", ""C001""]","[""R000"", ""R002"", ""R003"", ""R006"", ""C000"", ""C001""]",,,3.0,,regular,3124.359200707915,263.63563324354004,,878.6490487395952,1.0,,,,,,
464.7133820383053,2.0,,3124.359200707915,2,exp5:regular:r003,,3.0,,464.7133820383053,0.25,hardening:regular:r003,5,0.7494754662484951,7.0,2150.501383292649,1.0,,0.6217417855195199,6.0,,10000.0,Catalog then correct,,0.0,,,,,,moderate,4112.459407370647,265.5872539762413,0.7175420460662513,,,0.7494754662484951,4378.046661346888,1.0,,1.0,7175.4204606625135,0.4112459407370646,0.0265587253976241,40003,,"[""L002"", ""R000"", ""R002"", ""R003"", ""R006"", ""R007"", ""C001""]","[""R000"", ""R002"", ""R003"", ""R006"", ""C000"", ""C001""]",,,3.0,,regular,3062.961053291867,0.0,,912.4596699992182,1.0,,,,,,
0.0,0.0,,3114.147193190104,2,exp5:regular:r004,,3.0,,0.0,0.0,hardening:regular:r004,5,0.6194516301720134,7.0,2113.52060305079,1.0,,0.6194516301720134,7.0,,10000.0,Catalog then correct,,2113.52060305079,,,,,,moderate,3224.694360666428,584.8776118672013,0.6194516301720134,,,0.6884674154606688,3809.571972533629,0.0,,0.0,6194.516301720136,0.3224694360666428,0.0584877611867201,40004,,"[""L009"", ""R002"", ""R004"", ""R005"", ""R006"", ""R008"", ""C001""]","[""L009"", ""R002"", ""R004"", ""R005"", ""R006"", ""R008"", ""C001""]",,,3.0,,regular,2969.821941053708,0.0,,856.3013380029174,1.0,,,,,,
160.62154587452545,1.0,,3114.147193190104,2,exp5:regular:r004,,3.0,,231.93099555073044,0.0,hardening:regular:r004,5,0.6393659405547224,7.0,2202.83269924911,1.0,,0.6194516301720134,7.0,,10000.0,Catalog then correct,,1056.760301525395,,,,,,moderate,3285.0783980142864,524.4935745193429,0.6393659405547224,,,0.6884674154606688,3809.571972533629,0.5,,1.0,6393.659405547225,0.3285078398014286,0.0524493574519342,40004,,"[""L005"", ""R002"", ""R004"", ""R005"", ""R006"", ""R008"", ""C001""]","[""L009"", ""R002"", ""R004"", ""R005"", ""R006"", ""R008"", ""C001""]",,,3.0,,regular,3108.5810075329387,71.30944967620499,,905.748308283828,1.0,,,,,,
594.056877724536,2.0,,3114.147193190104,2,exp5:regular:r004,,3.0,,594.056877724536,0.0,hardening:regular:r004,5,0.6884674154606688,7.0,2120.4029809603003,1.0,,0.6194516301720134,7.0,,10000.0,Catalog then correct,,0.0,,,,,,moderate,3809.571972533629,0.0,0.6884674154606688,,,0.6884674154606688,3809.571972533629,1.0,,2.0,6884.67415460669,0.3809571972533629,0.0,40004,,"[""L009"", ""R000"", ""R004"", ""R005"", ""R006"", ""R007"", ""C001""]","[""L009"", ""R002"", ""R004"", ""R005"", ""R006"", ""R008"", ""C001""]",,,3.0,,regular,3075.10218207306,0.0,,954.6992011127596,1.0,,,,,,
0.0,0.0,,3114.147193190104,2,exp5:regular:r004,,3.0,,0.0,0.01,hardening:regular:r004,5,0.6194516301720134,7.0,2113.52060305079,1.0,,0.6194516301720134,7.0,,10000.0,Catalog then correct,,2113.52060305079,,,,,,moderate,3224.694360666428,584.8776118672013,0.6194516301720134,,,0.6884674154606688,3809.571972533629,0.0,,0.0,6194.516301720136,0.3224694360666428,0.0584877611867201,40004,,"[""L009"", ""R002"", ""R004"", ""R005"", ""R006"", ""R008"", ""C001""]","[""L009"", ""R002"", ""R004"", ""R005"", ""R006"", ""R008"", ""C001""]",,,3.0,,regular,2969.821941053708,0.0,,856.3013380029175,1.0,,,,,,
160.62154587452545,1.0,,3114.147193190104,2,exp5:regular:r004,,3.0,,231.93099555073044,0.01,hardening:regular:r004,5,0.6393659405547224,7.0,2202.83269924911,1.0,,0.6194516301720134,7.0,,10000.0,Catalog then correct,,1056.760301525395,,,,,,moderate,3283.5814366788245,525.9905358548049,0.6391667974508953,,,0.6884674154606688,3809.571972533629,0.5,,1.0,6391.667974508954,0.3283581436678824,0.0525990535854804,40004,,"[""L005"", ""R002"", ""R004"", ""R005"", ""R006"", ""R008"", ""C001""]","[""L009"", ""R002"", ""R004"", ""R005"", ""R006"", ""R008"", ""C001""]",,,3.0,,regular,3108.0865378301296,71.30944967620499,,905.2538385810192,1.0,,,,,,
594.056877724536,2.0,,3114.147193190104,2,exp5:regular:r004,,3.0,,594.056877724536,0.01,hardening:regular:r004,5,0.6884674154606688,7.0,2120.4029809603003,1.0,,0.6194516301720134,7.0,,10000.0,Catalog then correct,,0.0,,,,,,moderate,3803.654372635863,5.917599897766195,0.6877772576077823,,,0.6884674154606688,3809.571972533629,1.0,,2.0,6877.772576077825,0.3803654372635863,0.0005917599897766,40004,,"[""L009"", ""R000"", ""R004"", ""R005"", ""R006"", ""R007"", ""C001""]","[""L009"", ""R002"", ""R004"", ""R005"", ""R006"", ""R008"", ""C001""]",,,3.0,,regular,3074.1182034419617,0.0,,953.7152224816614,1.0,,,,,,
0.0,0.0,,3114.147193190104,2,exp5:regular:r004,,3.0,,0.0,0.1,hardening:regular:r004,5,0.6194516301720134,7.0,2113.52060305079,1.0,,0.6194516301720134,7.0,,10000.0,Catalog then correct,,2113.52060305079,,,,,,moderate,3224.694360666428,584.8776118672013,0.6194516301720134,,,0.6884674154606688,3809.571972533629,0.0,,0.0,6194.516301720136,0.3224694360666428,0.0584877611867201,40004,,"[""L009"", ""R002"", ""R004"", ""R005"", ""R006"", ""R008"", ""C001""]","[""L009"", ""R002"", ""R004"", ""R005"", ""R006"", ""R008"", ""C001""]",,,3.0,,regular,2969.821941053708,0.0,,856.3013380029174,1.0,,,,,,
160.62154587452545,1.0,,3114.147193190104,2,exp5:regular:r004,,3.0,,231.93099555073044,0.1,hardening:regular:r004,5,0.6393659405547224,7.0,2202.83269924911,1.0,,0.6194516301720134,7.0,,10000.0,Catalog then correct,,1056.760301525395,,,,,,moderate,3270.1087846596693,539.4631878739601,0.6373745095164515,,,0.6884674154606688,3809.571972533629,0.5,,1.0,6373.745095164517,0.3270108784659669,0.053946318787396,40004,,"[""L005"", ""R002"", ""R004"", ""R005"", ""R006"", ""R008"", ""C001""]","[""L009"", ""R002"", ""R004"", ""R005"", ""R006"", ""R008"", ""C001""]",,,3.0,,regular,3103.636310504848,71.30944967620499,,900.803611255737,1.0,,,,,,
594.056877724536,2.0,,3114.147193190104,2,exp5:regular:r004,,3.0,,594.056877724536,0.1,hardening:regular:r004,5,0.6884674154606688,7.0,2120.4029809603003,1.0,,0.6194516301720134,7.0,,10000.0,Catalog then correct,,0.0,,,,,,moderate,3750.395973555959,59.17599897767059,0.6815658369318033,,,0.6884674154606688,3809.571972533629,1.0,,2.0,6815.658369318035,0.3750395973555959,0.005917599897767,40004,,"[""L009"", ""R000"", ""R004"", ""R005"", ""R006"", ""R007"", ""C001""]","[""L009"", ""R002"", ""R004"", ""R005"", ""R006"", ""R008"", ""C001""]",,,3.0,,regular,3065.262395762076,0.0,,944.8594148017756,1.0,,,,,,
0.0,0.0,,3114.147193190104,2,exp5:regular:r004,,3.0,,0.0,0.25,hardening:regular:r004,5,0.6194516301720134,7.0,2113.52060305079,1.0,,0.6194516301720134,7.0,,10000.0,Catalog then correct,,2113.52060305079,,,,,,moderate,3224.694360666428,584.8776118672013,0.6194516301720134,,,0.6884674154606688,3809.571972533629,0.0,,0.0,6194.516301720136,0.3224694360666428,0.0584877611867201,40004,,"[""L009"", ""R002"", ""R004"", ""R005"", ""R006"", ""R008"", ""C001""]","[""L009"", ""R002"", ""R004"", ""R005"", ""R006"", ""R008"", ""C001""]",,,3.0,,regular,2969.821941053708,0.0,,856.3013380029175,1.0,,,,,,
160.62154587452545,1.0,,3114.147193190104,2,exp5:regular:r004,,3.0,,231.93099555073044,0.25,hardening:regular:r004,5,0.6393659405547224,7.0,2202.83269924911,1.0,,0.6194516301720134,7.0,,10000.0,Catalog then correct,,1056.760301525395,,,,,,moderate,3247.6543646277414,561.917607905888,0.6343873629590452,,,0.6884674154606688,3809.571972533629,0.5,,1.0,6343.873629590453,0.3247654364627741,0.0561917607905887,40004,,"[""L005"", ""R002"", ""R004"", ""R005"", ""R006"", ""R008"", ""C001""]","[""L009"", ""R002"", ""R004"", ""R005"", ""R006"", ""R008"", ""C001""]",,,3.0,,regular,3096.219264962712,71.30944967620499,,893.3865657136005,1.0,,,,,,
594.056877724536,2.0,,3114.147193190104,2,exp5:regular:r004,,3.0,,594.056877724536,0.25,hardening:regular:r004,5,0.6884674154606688,7.0,2120.4029809603003,1.0,,0.6194516301720134,7.0,,10000.0,Catalog then correct,,0.0,,,,,,moderate,3661.631975089451,147.93999744417852,0.671213469138505,,,0.6884674154606688,3809.571972533629,1.0,,2.0,6712.13469138505,0.3661631975089451,0.0147939997444178,40004,,"[""L009"", ""R000"", ""R004"", ""R005"", ""R006"", ""R007"", ""C001""]","[""L009"", ""R002"", ""R004"", ""R005"", ""R006"", ""R008"", ""C001""]",,,3.0,,regular,3050.5027162955994,0.0,,930.0997353352992,1.0,,,,,,
139.60129188633334,1.0,,3198.861412389728,2,exp5:regular:r005,,3.0,,289.2472560080839,0.0,hardening:regular:r005,5,0.6770187925365729,8.0,2329.100736080129,1.0,,0.651279807507733,7.0,,9999.999999999996,Catalog then correct,,2189.499444193796,,,,,,moderate,3599.5627212123054,815.7746616127824,0.6770187925365729,,,0.7581830242335966,4415.337382825088,0.0,,0.0,6770.18792536573,0.3599562721212306,0.0815774661612782,40005,,"[""L005"", ""L029"", ""R000"", ""R002"", ""R004"", ""R005"", ""R008"", ""C001""]","[""L005"", ""R000"", ""R002"", ""R004"", ""R005"", ""R008"", ""C001""]",,,3.0,,regular,3170.6252041534244,149.64596412175058,,841.5244680732953,1.0,,,,,,
324.4158344349886,1.0,,3198.861412389728,2,exp5:regular:r005,,3.0,,566.5084588416387,0.0,hardening:regular:r005,5,0.7193890093362859,6.0,2271.8226542221346,1.0,,0.651279807507733,7.0,,9999.999999999996,Catalog then correct,,1094.7497220968978,,,,,,moderate,4004.617563346837,410.71981947825134,0.7193890093362859,,,0.7581830242335966,4415.337382825088,0.5,,2.0,7193.890093362859,0.4004617563346838,0.0410719819478251,40005,,"[""R000"", ""R002"", ""R003"", ""R004"", ""R008"", ""C001""]","[""L005"", ""R000"", ""R002"", ""R004"", ""R005"", ""R008"", ""C001""]",,,3.0,,regular,3189.2725300160228,242.09262440665003,,917.4498757938884,1.0,,,,,,
468.34964864031673,2.0,,3198.861412389728,2,exp5:regular:r005,,3.0,,468.34964864031673,0.0,hardening:regular:r005,5,0.7581830242335966,7.0,2173.6638440208126,1.0,,0.651279807507733,7.0,,9999.999999999996,Catalog then correct,,0.0,,,,,,moderate,4415.337382825088,0.0,0.7581830242335966,,,0.7581830242335966,4415.337382825088,1.0,,2.0,7581.830242335966,0.4415337382825089,0.0,40005,,"[""L009"", ""R000"", ""R002"", ""R003"", ""R004"", ""R008"", ""C001""]","[""L005"", ""R000"", ""R002"", ""R004"", ""R005"", ""R008"", ""C001""]",,,3.0,,regular,3166.4928595108786,0.0,,992.829015490066,1.0,,,,,,
139.60129188633334,1.0,,3198.861412389728,2,exp5:regular:r005,,3.0,,289.2472560080839,0.01,hardening:regular:r005,5,0.6770187925365729,8.0,2329.100736080129,1.0,,0.651279807507733,7.0,,9999.999999999996,Catalog then correct,,2189.499444193796,,,,,,moderate,3597.443734750552,817.893648074536,0.6767614026862845,,,0.7581830242335966,4415.337382825088,0.0,,0.0,6767.614026862847,0.3597443734750553,0.0817893648074536,40005,,"[""L005"", ""L029"", ""R000"", ""R002"", ""R004"", ""R005"", ""R008"", ""C001""]","[""L005"", ""R000"", ""R002"", ""R004"", ""R005"", ""R008"", ""C001""]",,,3.0,,regular,3170.170292112295,149.64596412175058,,841.0695560321659,1.0,,,,,,
324.4158344349886,1.0,,3198.861412389728,2,exp5:regular:r005,,3.0,,566.5084588416387,0.01,hardening:regular:r005,5,0.7193890093362859,6.0,2271.8226542221346,1.0,,0.651279807507733,7.0,,9999.999999999996,Catalog then correct,,1094.7497220968978,,,,,,moderate,3999.020809282317,416.3165735427706,0.7187079173180003,,,0.7581830242335966,4415.337382825088,0.5,,2.0,7187.079173180005,0.3999020809282319,0.041631657354277,40005,,"[""R000"", ""R002"", ""R003"", ""R004"", ""R008"", ""C001""]","[""L005"", ""R000"", ""R002"", ""R004"", ""R005"", ""R008"", ""C001""]",,,3.0,,regular,3188.0583638976877,242.09262440665003,,916.2357096755528,1.0,,,,,,
468.34964864031673,2.0,,3198.861412389728,2,exp5:regular:r005,,3.0,,468.34964864031673,0.01,hardening:regular:r005,5,0.7581830242335966,7.0,2173.6638440208126,1.0,,0.651279807507733,7.0,,9999.999999999996,Catalog then correct,,0.0,,,,,,moderate,4406.615018667799,8.722364157289121,0.757113992066338,,,0.7581830242335966,4415.337382825088,1.0,,2.0,7571.13992066338,0.44066150186678,0.0008722364157289,40005,,"[""L009"", ""R000"", ""R002"", ""R003"", ""R004"", ""R008"", ""C001""]","[""L005"", ""R000"", ""R002"", ""R004"", ""R005"", ""R008"", ""C001""]",,,3.0,,regular,3164.5249019955813,0.0,,990.8610579747688,1.0,,,,,,
139.60129188633334,1.0,,3198.861412389728,2,exp5:regular:r005,,3.0,,289.2472560080839,0.1,hardening:regular:r005,5,0.6770187925365729,8.0,2329.100736080129,1.0,,0.651279807507733,7.0,,9999.999999999996,Catalog then correct,,2189.499444193796,,,,,,moderate,3578.3728565947617,836.9645262303261,0.674444894033689,,,0.7581830242335966,4415.337382825088,0.0,,0.0,6744.448940336892,0.3578372856594763,0.0836964526230326,40005,,"[""L005"", ""L029"", ""R000"", ""R002"", ""R004"", ""R005"", ""R008"", ""C001""]","[""L005"", ""R000"", ""R002"", ""R004"", ""R005"", ""R008"", ""C001""]",,,3.0,,regular,3166.07608374213,149.64596412175058,,836.9753476620008,1.0,,,,,,
324.4158344349886,1.0,,3198.861412389728,2,exp5:regular:r005,,3.0,,566.5084588416387,0.1,hardening:regular:r005,5,0.7193890093362859,6.0,2271.8226542221346,1.0,,0.651279807507733,7.0,,9999.999999999996,Catalog then correct,,1094.7497220968978,,,,,,moderate,3948.6500227016377,466.68736012345016,0.7125780891534307,,,0.7581830242335966,4415.337382825088,0.5,,2.0,7125.780891534307,0.3948650022701639,0.046668736012345,40005,,"[""R000"", ""R002"", ""R003"", ""R004"", ""R008"", ""C001""]","[""L005"", ""R000"", ""R002"", ""R004"", ""R005"", ""R008"", ""C001""]",,,3.0,,regular,3177.130868832669,242.09262440665003,,905.3082146105344,1.0,,,,,,
468.34964864031673,2.0,,3198.861412389728,2,exp5:regular:r005,,3.0,,468.34964864031673,0.1,hardening:regular:r005,5,0.7581830242335966,7.0,2173.6638440208126,1.0,,0.651279807507733,7.0,,9999.999999999996,Catalog then correct,,0.0,,,,,,moderate,4328.113741252196,87.22364157289212,0.7474927025610103,,,0.7581830242335966,4415.337382825088,1.0,,2.0,7474.927025610103,0.4328113741252197,0.0087223641572892,40005,,"[""L009"", ""R000"", ""R002"", ""R003"", ""R004"", ""R008"", ""C001""]","[""L005"", ""R000"", ""R002"", ""R004"", ""R005"", ""R008"", ""C001""]",,,3.0,,regular,3146.813284357907,0.0,,973.1494403370943,1.0,,,,,,
169.02394794057756,1.0,,3198.861412389728,2,exp5:regular:r005,,3.0,,318.66991206232814,0.25,hardening:regular:r005,5,0.6846987050973661,8.0,2358.5233921343734,1.0,,0.651279807507733,7.0,,9999.999999999996,Catalog then correct,,2189.499444193796,,,,,,moderate,3564.578394609851,850.758988215237,0.6763439806999577,,,0.7581830242335966,4415.337382825088,0.0,,0.0,6763.439806999579,0.3564578394609852,0.0850758988215237,40005,,"[""L005"", ""L021"", ""R000"", ""R002"", ""R004"", ""R005"", ""R008"", ""C001""]","[""L005"", ""R000"", ""R002"", ""R004"", ""R005"", ""R008"", ""C001""]",,,3.0,,regular,3198.861412389728,149.64596412175058,,840.3380202553545,1.0,,,,,,
324.4158344349886,1.0,,3198.861412389728,2,exp5:regular:r005,,3.0,,566.5084588416387,0.25,hardening:regular:r005,5,0.7193890093362859,6.0,2271.8226542221346,1.0,,0.651279807507733,7.0,,9999.999999999996,Catalog then correct,,1094.7497220968978,,,,,,moderate,3864.69871173384,550.6386710912479,0.7023617088791476,,,0.7581830242335966,4415.337382825088,0.5,,2.0,7023.617088791478,0.3864698711733841,0.0550638671091248,40005,,"[""R000"", ""R002"", ""R003"", ""R004"", ""R008"", ""C001""]","[""L005"", ""R000"", ""R002"", ""R004"", ""R005"", ""R008"", ""C001""]",,,3.0,,regular,3158.918377057638,242.09262440665003,,887.0957228355034,1.0,,,,,,
468.34964864031673,2.0,,3198.861412389728,2,exp5:regular:r005,,3.0,,468.34964864031673,0.25,hardening:regular:r005,5,0.7581830242335966,7.0,2173.6638440208126,1.0,,0.651279807507733,7.0,,9999.999999999996,Catalog then correct,,0.0,,,,,,moderate,4197.278278892857,218.0591039322308,0.7314572200521307,,,0.7581830242335966,4415.337382825088,1.0,,2.0,7314.572200521306,0.4197278278892858,0.021805910393223,40005,,"[""L009"", ""R000"", ""R002"", ""R003"", ""R004"", ""R008"", ""C001""]","[""L005"", ""R000"", ""R002"", ""R004"", ""R005"", ""R008"", ""C001""]",,,3.0,,regular,3117.2939216284494,0.0,,943.6300776076368,1.0,,,,,,
0.0,0.0,,3122.879618156244,2,exp5:regular:r006,,3.0,,0.0,0.0,hardening:regular:r006,5,0.720720729685054,7.0,2141.3045878105563,1.0,,0.720720729685054,7.0,,10000.000000000002,Catalog then correct,,2141.3045878105563,,,,,,moderate,4159.339046088547,354.81250957357315,0.720720729685054,,,0.7627544505002614,4514.15155566212,0.0,,0.0,7207.207296850539,0.4159339046088546,0.0354812509573573,40006,,"[""L034"", ""R001"", ""R004"", ""R005"", ""R007"", ""R008"", ""C001""]","[""L034"", ""R001"", ""R004"", ""R005"", ""R007"", ""R008"", ""C001""]",,,3.0,,regular,3047.8682507619924,0.0,,906.5636629514358,1.0,,,,,,
0.0,0.0,,3122.879618156244,2,exp5:regular:r006,,3.0,,0.0,0.0,hardening:regular:r006,5,0.720720729685054,7.0,2141.3045878105563,1.0,,0.720720729685054,7.0,,10000.000000000002,Catalog then correct,,1070.6522939052782,,,,,,moderate,4159.339046088547,354.81250957357315,0.720720729685054,,,0.7627544505002614,4514.15155566212,0.5,,0.0,7207.207296850539,0.4159339046088546,0.0354812509573573,40006,,"[""L034"", ""R001"", ""R004"", ""R005"", ""R007"", ""R008"", ""C001""]","[""L034"", ""R001"", ""R004"", ""R005"", ""R007"", ""R008"", ""C001""]",,,3.0,,regular,3047.8682507619924,0.0,,906.5636629514358,1.0,,,,,,
608.1925243222297,2.0,,3122.879618156244,2,exp5:regular:r006,,3.0,,608.1925243222297,0.0,hardening:regular:r006,5,0.7627544505002614,7.0,2173.764441606428,1.0,,0.720720729685054,7.0,,10000.000000000002,Catalog then correct,,0.0,,,,,,moderate,4514.15155566212,0.0,0.7627544505002614,,,0.7627544505002614,4514.15155566212,1.0,,2.0,7627.544505002612,0.4514151555662119,0.0,40006,,"[""L034"", ""R001"", ""R002"", ""R003"", ""R004"", ""R007"", ""C001""]","[""L034"", ""R001"", ""R004"", ""R005"", ""R007"", ""R008"", ""C001""]",,,3.0,,regular,3113.392949340492,0.0,,939.6285077340644,1.0,,,,,,
0.0,0.0,,3122.879618156244,2,exp5:regular:r006,,3.0,,0.0,0.01,hardening:regular:r006,5,0.720720729685054,7.0,2141.3045878105563,1.0,,0.720720729685054,7.0,,10000.000000000002,Catalog then correct,,2141.3045878105563,,,,,,moderate,4159.339046088548,354.81250957357224,0.720720729685054,,,0.7627544505002614,4514.15155566212,0.0,,0.0,7207.20729685054,0.4159339046088546,0.0354812509573572,40006,,"[""L034"", ""R001"", ""R004"", ""R005"", ""R007"", ""R008"", ""C001""]","[""L034"", ""R001"", ""R004"", ""R005"", ""R007"", ""R008"", ""C001""]",,,3.0,,regular,3047.8682507619924,0.0,,906.5636629514358,1.0,,,,,,
0.0,0.0,,3122.879618156244,2,exp5:regular:r006,,3.0,,0.0,0.01,hardening:regular:r006,5,0.720720729685054,7.0,2141.3045878105563,1.0,,0.720720729685054,7.0,,10000.000000000002,Catalog then correct,,1070.6522939052782,,,,,,moderate,4159.339046088548,354.81250957357224,0.720720729685054,,,0.7627544505002614,4514.15155566212,0.5,,0.0,7207.20729685054,0.4159339046088546,0.0354812509573572,40006,,"[""L034"", ""R001"", ""R004"", ""R005"", ""R007"", ""R008"", ""C001""]","[""L034"", ""R001"", ""R004"", ""R005"", ""R007"", ""R008"", ""C001""]",,,3.0,,regular,3047.8682507619924,0.0,,906.5636629514358,1.0,,,,,,
608.1925243222297,2.0,,3122.879618156244,2,exp5:regular:r006,,3.0,,608.1925243222297,0.01,hardening:regular:r006,5,0.7627544505002614,7.0,2173.764441606428,1.0,,0.720720729685054,7.0,,10000.000000000002,Catalog then correct,,0.0,,,,,,moderate,4510.278832028426,3.872723633693568,0.7623341132921093,,,0.7627544505002614,4514.15155566212,1.0,,2.0,7623.341132921092,0.4510278832028425,0.0003872723633693,40006,,"[""L034"", ""R001"", ""R002"", ""R003"", ""R004"", ""R007"", ""C001""]","[""L034"", ""R001"", ""R004"", ""R005"", ""R007"", ""R008"", ""C001""]",,,3.0,,regular,3113.062300892666,0.0,,939.297859286238,1.0,,,,,,
0.0,0.0,,3122.879618156244,2,exp5:regular:r006,,3.0,,0.0,0.1,hardening:regular:r006,5,0.720720729685054,7.0,2141.3045878105563,1.0,,0.720720729685054,7.0,,10000.000000000002,Catalog then correct,,2141.3045878105563,,,,,,moderate,4159.339046088548,354.81250957357224,0.720720729685054,,,0.7627544505002614,4514.15155566212,0.0,,0.0,7207.20729685054,0.4159339046088546,0.0354812509573572,40006,,"[""L034"", ""R001"", ""R004"", ""R005"", ""R007"", ""R008"", ""C001""]","[""L034"", ""R001"", ""R004"", ""R005"", ""R007"", ""R008"", ""C001""]",,,3.0,,regular,3047.8682507619924,0.0,,906.563662951436,1.0,,,,,,
0.0,0.0,,3122.879618156244,2,exp5:regular:r006,,3.0,,0.0,0.1,hardening:regular:r006,5,0.720720729685054,7.0,2141.3045878105563,1.0,,0.720720729685054,7.0,,10000.000000000002,Catalog then correct,,1070.6522939052782,,,,,,moderate,4159.339046088548,354.81250957357224,0.720720729685054,,,0.7627544505002614,4514.15155566212,0.5,,0.0,7207.20729685054,0.4159339046088546,0.0354812509573572,40006,,"[""L034"", ""R001"", ""R004"", ""R005"", ""R007"", ""R008"", ""C001""]","[""L034"", ""R001"", ""R004"", ""R005"", ""R007"", ""R008"", ""C001""]",,,3.0,,regular,3047.8682507619924,0.0,,906.563662951436,1.0,,,,,,
608.1925243222297,2.0,,3122.879618156244,2,exp5:regular:r006,,3.0,,608.1925243222297,0.1,hardening:regular:r006,5,0.7627544505002614,7.0,2173.764441606428,1.0,,0.720720729685054,7.0,,10000.000000000002,Catalog then correct,,0.0,,,,,,moderate,4475.424319325176,38.72723633694386,0.7585510784187406,,,0.7627544505002614,4514.15155566212,1.0,,2.0,7585.510784187405,0.4475424319325175,0.0038727236336943,40006,,"[""L034"", ""R001"", ""R002"", ""R003"", ""R004"", ""R007"", ""C001""]","[""L034"", ""R001"", ""R004"", ""R005"", ""R007"", ""R008"", ""C001""]",,,3.0,,regular,3110.086464862229,0.0,,936.3220232558016,1.0,,,,,,
0.0,0.0,,3122.879618156244,2,exp5:regular:r006,,3.0,,0.0,0.25,hardening:regular:r006,5,0.720720729685054,7.0,2141.3045878105563,1.0,,0.720720729685054,7.0,,10000.000000000002,Catalog then correct,,2141.3045878105563,,,,,,moderate,4159.339046088548,354.81250957357224,0.720720729685054,,,0.7627544505002614,4514.15155566212,0.0,,0.0,7207.20729685054,0.4159339046088546,0.0354812509573572,40006,,"[""L034"", ""R001"", ""R004"", ""R005"", ""R007"", ""R008"", ""C001""]","[""L034"", ""R001"", ""R004"", ""R005"", ""R007"", ""R008"", ""C001""]",,,3.0,,regular,3047.8682507619924,0.0,,906.5636629514358,1.0,,,,,,
0.0,0.0,,3122.879618156244,2,exp5:regular:r006,,3.0,,0.0,0.25,hardening:regular:r006,5,0.720720729685054,7.0,2141.3045878105563,1.0,,0.720720729685054,7.0,,10000.000000000002,Catalog then correct,,1070.6522939052782,,,,,,moderate,4159.339046088548,354.81250957357224,0.720720729685054,,,0.7627544505002614,4514.15155566212,0.5,,0.0,7207.20729685054,0.4159339046088546,0.0354812509573572,40006,,"[""L034"", ""R001"", ""R004"", ""R005"", ""R007"", ""R008"", ""C001""]","[""L034"", ""R001"", ""R004"", ""R005"", ""R007"", ""R008"", ""C001""]",,,3.0,,regular,3047.8682507619924,0.0,,906.5636629514358,1.0,,,,,,
763.1197169902271,3.0,,3122.879618156244,2,exp5:regular:r006,,3.0,,763.1197169902271,0.25,hardening:regular:r006,5,0.765309974264829,7.0,2189.2666961819154,1.0,,0.720720729685054,7.0,,10000.000000000002,Catalog then correct,,0.0,,,,,,moderate,4418.747013042608,95.40454261951164,0.7541626631198852,,,0.7627544505002614,4514.15155566212,1.0,,3.0,7541.626631198852,0.4418747013042607,0.0095404542619511,40006,,"[""L013"", ""R001"", ""R002"", ""R003"", ""R004"", ""R007"", ""C001""]","[""L034"", ""R001"", ""R004"", ""R005"", ""R007"", ""R008"", ""C001""]",,,3.0,,regular,3122.879618156244,0.0,,933.6129219743286,1.0,,,,,,
147.4378180157771,1.0,,3115.6062898195664,2,exp5:regular:r007,,3.0,,645.9550653691089,0.0,hardening:regular:r007,5,0.4097476826168196,7.0,2405.495212408028,1.0,,0.3637433706536435,7.0,,9999.999999999998,Catalog then correct,,2258.05739439225,,,,,,moderate,1135.7883675774565,2848.7899310506464,0.4097476826168196,,,0.7096109314429406,3984.578298628103,0.0,,1.0,4097.476826168197,0.1135788367577456,0.2848789931050647,40007,,"[""L029"", ""L030"", ""R003"", ""R004"", ""R006"", ""R008"", ""C002""]","[""L029"", ""R003"", ""R004"", ""R006"", ""R008"", ""C000"", ""C002""]",,,3.0,,regular,2961.68845859074,498.51724735333175,,556.1932461827125,1.0,,,,,,
599.0963668194081,3.0,,3115.6062898195664,2,exp5:regular:r007,,3.0,,1095.680737773896,0.0,hardening:regular:r007,5,0.5108553478183268,8.0,2360.56939025717,1.0,,0.3637433706536435,7.0,,9999.999999999998,Catalog then correct,,1129.028697196125,,,,,,moderate,1996.2289165675493,1988.3493820605536,0.5108553478183268,,,0.7096109314429406,3984.578298628103,0.5,,2.0,5108.553478183268,0.1996228916567549,0.1988349382060553,40007,,"[""L029"", ""L030"", ""L033"", ""R003"", ""R004"", ""R006"", ""R007"", ""R008""]","[""L029"", ""R003"", ""R004"", ""R006"", ""R008"", ""C000"", ""C002""]",,,3.0,,regular,3112.3245616157183,496.584370954488,,751.7551713585481,1.0,,,,,,
1853.825600314364,6.0,,3115.6062898195664,2,exp5:regular:r007,,3.0,,1853.825600314364,0.0,hardening:regular:r007,5,0.7096109314429406,7.0,2129.646010762552,1.0,,0.3637433706536435,7.0,,9999.999999999998,Catalog then correct,,0.0,,,,,,moderate,3984.578298628103,0.0,0.7096109314429406,,,0.7096109314429406,3984.578298628103,1.0,,6.0,7096.109314429406,0.3984578298628103,0.0,40007,,"[""L012"", ""L030"", ""R000"", ""R001"", ""R004"", ""R007"", ""C001""]","[""L029"", ""R003"", ""R004"", ""R006"", ""R008"", ""C000"", ""C002""]",,,3.0,,regular,3111.5310158013035,0.0,,981.8850050387516,1.0,,,,,,
147.4378180157771,1.0,,3115.6062898195664,2,exp5:regular:r007,,3.0,,645.9550653691089,0.01,hardening:regular:r007,5,0.4097476826168196,7.0,2405.495212408028,1.0,,0.3637433706536435,7.0,,9999.999999999998,Catalog then correct,,2258.05739439225,,,,,,moderate,1131.9995675546802,2852.5787310734227,0.4092876394971879,,,0.7096109314429406,3984.578298628103,0.0,,1.0,4092.876394971879,0.113199956755468,0.2852578731073423,40007,,"[""L029"", ""L030"", ""R003"", ""R004"", ""R006"", ""R008"", ""C002""]","[""L029"", ""R003"", ""R004"", ""R006"", ""R008"", ""C000"", ""C002""]",,,3.0,,regular,2960.876827417199,498.51724735333175,,555.3816150091716,1.0,,,,,,
599.0963668194081,3.0,,3115.6062898195664,2,exp5:regular:r007,,3.0,,1095.680737773896,0.01,hardening:regular:r007,5,0.5108553478183268,8.0,2360.56939025717,1.0,,0.3637433706536435,7.0,,9999.999999999998,Catalog then correct,,1129.028697196125,,,,,,moderate,1984.2849692763807,2000.2933293517224,0.5093842280466799,,,0.7096109314429406,3984.578298628103,0.5,,2.0,5093.8422804668,0.1984284969276381,0.2000293329351722,40007,,"[""L029"", ""L030"", ""L033"", ""R003"", ""R004"", ""R006"", ""R007"", ""R008""]","[""L029"", ""R003"", ""R004"", ""R006"", ""R008"", ""C000"", ""C002""]",,,3.0,,regular,3109.557311190419,496.584370954488,,748.9879209332489,1.0,,,,,,
1853.825600314364,6.0,,3115.6062898195664,2,exp5:regular:r007,,3.0,,1853.825600314364,0.01,hardening:regular:r007,5,0.7096109314429406,7.0,2129.646010762552,1.0,,0.3637433706536435,7.0,,9999.999999999998,Catalog then correct,,0.0,,,,,,moderate,3955.060091311275,29.51820731682801,0.7061522558350477,,,0.7096109314429406,3984.578298628103,1.0,,6.0,7061.522558350477,0.3955060091311275,0.0029518207316828,40007,,"[""L012"", ""L030"", ""R000"", ""R001"", ""R004"", ""R007"", ""C001""]","[""L029"", ""R003"", ""R004"", ""R006"", ""R008"", ""C000"", ""C002""]",,,3.0,,regular,3106.4624670392022,0.0,,976.81645627665,1.0,,,,,,
299.88114045560343,1.0,,3115.6062898195664,2,exp5:regular:r007,,3.0,,798.3983878089352,0.1,hardening:regular:r007,5,0.4288699391042519,7.0,2557.9385348478536,1.0,,0.3637433706536435,7.0,,9999.999999999998,Catalog then correct,,2258.05739439225,,,,,,moderate,1107.9665327723435,2876.611765855759,0.4223572822591911,,,0.7096109314429406,3984.578298628103,0.0,,1.0,4223.57282259191,0.1107966532772344,0.2876611765855759,40007,,"[""L029"", ""R000"", ""R003"", ""R004"", ""R006"", ""R008"", ""C002""]","[""L029"", ""R003"", ""R004"", ""R006"", ""R008"", ""C000"", ""C002""]",,,3.0,,regular,3115.6062898195664,498.51724735333175,,557.667754971713,1.0,,,,,,
756.9889306312937,3.0,,3115.6062898195664,2,exp5:regular:r007,,3.0,,1392.4330698504489,0.1,hardening:regular:r007,5,0.5203760040499884,7.0,2379.6021858043887,1.0,,0.3637433706536435,7.0,,9999.999999999998,Catalog then correct,,1129.028697196125,,,,,,moderate,1943.967158657662,2040.611139970441,0.5047127407103539,,,0.7096109314429406,3984.578298628103,0.5,,3.0,5047.127407103539,0.1943967158657662,0.2040611139970441,40007,,"[""L029"", ""L030"", ""R000"", ""R004"", ""R006"", ""R007"", ""R008""]","[""L029"", ""R003"", ""R004"", ""R006"", ""R008"", ""C000"", ""C002""]",,,3.0,,regular,3103.1602484458767,635.4441392191552,,723.5580626414879,1.0,,,,,,
1853.825600314364,6.0,,3115.6062898195664,2,exp5:regular:r007,,3.0,,1853.825600314364,0.1,hardening:regular:r007,5,0.7096109314429406,7.0,2129.646010762552,1.0,,0.3637433706536435,7.0,,9999.999999999998,Catalog then correct,,0.0,,,,,,moderate,3689.396225459819,295.1820731682837,0.6750241753640109,,,0.7096109314429406,3984.578298628103,1.0,,6.0,6750.24175364011,0.368939622545982,0.0295182073168283,40007,,"[""L012"", ""L030"", ""R000"", ""R001"", ""R004"", ""R007"", ""C001""]","[""L029"", ""R003"", ""R004"", ""R006"", ""R008"", ""C000"", ""C002""]",,,3.0,,regular,3060.845528180291,0.0,,931.1995174177384,1.0,,,,,,
285.9562392695199,2.0,,3115.6062898195664,2,exp5:regular:r007,,3.0,,784.4734866228516,0.25,hardening:regular:r007,5,0.437366634264093,8.0,2544.0136336617697,1.0,,0.3637433706536435,7.0,,9999.999999999998,Catalog then correct,,2258.05739439225,,,,,,moderate,1074.0438405622726,2910.53445806583,0.4189608183614806,,,0.7096109314429406,3984.578298628103,0.0,,1.0,4189.608183614806,0.1074043840562272,0.2910534458065831,40007,,"[""L027"", ""L029"", ""L030"", ""R003"", ""R004"", ""R006"", ""R008"", ""C002""]","[""L029"", ""R003"", ""R004"", ""R006"", ""R008"", ""C000"", ""C002""]",,,3.0,,regular,3115.5643430525333,498.51724735333175,,571.5507093907637,1.0,,,,,,
756.9889306312937,3.0,,3115.6062898195664,2,exp5:regular:r007,,3.0,,1392.4330698504489,0.25,hardening:regular:r007,5,0.5203760040499884,7.0,2379.6021858043887,1.0,,0.3637433706536435,7.0,,9999.999999999998,Catalog then correct,,1129.028697196125,,,,,,moderate,1750.4395308652893,2234.1387677628136,0.4812178457009021,,,0.7096109314429406,3984.578298628103,0.5,,3.0,4812.178457009021,0.1750439530865289,0.2234138767762814,40007,,"[""L029"", ""L030"", ""R000"", ""R004"", ""R006"", ""R007"", ""R008""]","[""L029"", ""R003"", ""R004"", ""R006"", ""R008"", ""C000"", ""C002""]",,,3.0,,regular,3061.738926143732,635.4441392191552,,682.1367403393434,1.0,,,,,,
1821.18797636786,6.0,,3115.6062898195664,2,exp5:regular:r007,,3.0,,1821.18797636786,0.25,hardening:regular:r007,5,0.7372135152751109,8.0,2233.8032395236646,1.0,,0.3637433706536435,7.0,,9999.999999999998,Catalog then correct,,0.0,,,,,,moderate,3324.799461151978,659.7788374761249,0.6438459791197441,,,0.7096109314429406,3984.578298628103,1.0,,5.0,6438.459791197441,0.3324799461151979,0.0659778837476125,40007,,"[""L029"", ""L030"", ""L033"", ""R000"", ""R001"", ""R004"", ""R007"", ""C001""]","[""L029"", ""R003"", ""R004"", ""R006"", ""R008"", ""C000"", ""C002""]",,,3.0,,regular,3113.6603300454626,0.0,,879.8570905217982,1.0,,,,,,
156.2582941864771,1.0,,3204.768007661325,2,exp5:regular:r008,,3.0,,156.2582941864771,0.0,hardening:regular:r008,5,0.6000625884476385,8.0,2357.55291134176,1.0,,0.5560942817252541,7.0,,9999.999999999998,Catalog then correct,,2201.294617155283,,,,,,moderate,2795.85787681506,655.1146541104554,0.6000625884476385,,,0.6537931786684548,3450.9725309255155,0.0,,0.0,6000.625884476385,0.279585787681506,0.0655114654110455,40008,,"[""L026"", ""L032"", ""R000"", ""R001"", ""R002"", ""R004"", ""R008"", ""C002""]","[""L026"", ""R000"", ""R001"", ""R002"", ""R004"", ""R008"", ""C002""]",,,3.0,,regular,3204.768007661325,0.0,,847.215096319565,1.0,,,,,,
424.217218184557,2.0,,3204.768007661325,2,exp5:regular:r008,,3.0,,700.7042678246241,0.0,hardening:regular:r008,5,0.6017374227426369,8.0,2349.024785699773,1.0,,0.5560942817252541,7.0,,9999.999999999998,Catalog then correct,,1100.6473085776415,,,,,,moderate,2821.8219671790853,629.1505637464302,0.6017374227426369,,,0.6537931786684548,3450.9725309255155,0.5,,1.0,6017.374227426368,0.2821821967179085,0.062915056374643,40008,,"[""L008"", ""L026"", ""R000"", ""R001"", ""R002"", ""R004"", ""R005"", ""R008""]","[""L026"", ""R000"", ""R001"", ""R002"", ""R004"", ""R008"", ""C002""]",,,3.0,,regular,3195.5522602472824,276.48704964006714,,846.5274745475094,1.0,,,,,,
930.0055862107134,4.0,,3204.768007661325,2,exp5:regular:r008,,3.0,,930.0055862107134,0.0,hardening:regular:r008,5,0.6537931786684548,8.0,2138.841852912563,1.0,,0.5560942817252541,7.0,,9999.999999999998,Catalog then correct,,0.0,,,,,,moderate,3450.9725309255155,0.0,0.6537931786684548,,,0.6537931786684548,3450.9725309255155,1.0,,3.0,6537.931786684548,0.3450972530925516,0.0,40008,,"[""L021"", ""L032"", ""R000"", ""R001"", ""R003"", ""R004"", ""R005"", ""R008""]","[""L026"", ""R000"", ""R001"", ""R002"", ""R004"", ""R008"", ""C002""]",,,3.0,,regular,3086.959255759032,0.0,,948.1174028464696,1.0,,,,,,
156.2582941864771,1.0,,3204.768007661325,2,exp5:regular:r008,,3.0,,156.2582941864771,0.01,hardening:regular:r008,5,0.6004404532035347,8.0,2357.55291134176,1.0,,0.5560942817252541,7.0,,9999.999999999998,Catalog then correct,,2201.294617155283,,,,,,moderate,2795.2019072261937,655.7706236993217,0.5999969914887519,,,0.6537931786684548,3450.9725309255155,0.0,,0.0,5999.969914887519,0.2795201907226194,0.0655770623699321,40008,,"[""L026"", ""L032"", ""R000"", ""R001"", ""R002"", ""R004"", ""R008"", ""C002""]","[""L026"", ""R000"", ""R001"", ""R002"", ""R004"", ""R008"", ""C002""]",,,3.0,,regular,3204.768007661325,0.0,,847.215096319565,1.0,,,,,,
424.217218184557,2.0,,3204.768007661325,2,exp5:regular:r008,,3.0,,700.7042678246241,0.01,hardening:regular:r008,5,0.6017374227426369,8.0,2349.024785699773,1.0,,0.5560942817252541,7.0,,9999.999999999998,Catalog then correct,,1100.6473085776415,,,,,,moderate,2817.9909368003955,632.98159412512,0.601280991332463,,,0.6537931786684548,3450.9725309255155,0.5,,1.0,6012.809913324631,0.2817990936800396,0.063298159412512,40008,,"[""L008"", ""L026"", ""R000"", ""R001"", ""R002"", ""R004"", ""R005"", ""R008""]","[""L026"", ""R000"", ""R001"", ""R002"", ""R004"", ""R008"", ""C002""]",,,3.0,,regular,3194.818976524235,276.48704964006714,,845.7941908244618,1.0,,,,,,
930.0055862107134,4.0,,3204.768007661325,2,exp5:regular:r008,,3.0,,930.0055862107134,0.01,hardening:regular:r008,5,0.6537931786684548,8.0,2138.841852912563,1.0,,0.5560942817252541,7.0,,9999.999999999998,Catalog then correct,,0.0,,,,,,moderate,3442.9518242372333,8.02070668828219,0.6528161896990227,,,0.6537931786684548,3450.9725309255155,1.0,,3.0,6528.161896990228,0.3442951824237233,0.0008020706688282,40008,,"[""L021"", ""L032"", ""R000"", ""R001"", ""R003"", ""R004"", ""R005"", ""R008""]","[""L026"", ""R000"", ""R001"", ""R002"", ""R004"", ""R008"", ""C002""]",,,3.0,,regular,3085.210072752995,0.0,,946.3682198404322,1.0,,,,,,
156.2582941864771,1.0,,3204.768007661325,2,exp5:regular:r008,,3.0,,156.2582941864771,0.1,hardening:regular:r008,5,0.6022351229421274,8.0,2357.55291134176,1.0,,0.5560942817252541,7.0,,9999.999999999998,Catalog then correct,,2201.294617155283,,,,,,moderate,2774.975296590891,675.9972343346244,0.5976210388204402,,,0.6537931786684548,3450.9725309255155,0.0,,0.0,5976.210388204401,0.2774975296590891,0.0675997234334624,40008,,"[""L026"", ""L032"", ""R000"", ""R001"", ""R002"", ""R004"", ""R008"", ""C002""]","[""L026"", ""R000"", ""R001"", ""R002"", ""R004"", ""R008"", ""C002""]",,,3.0,,regular,3201.23509161351,0.0,,843.68218027175,1.0,,,,,,
424.217218184557,2.0,,3204.768007661325,2,exp5:regular:r008,,3.0,,700.7042678246241,0.1,hardening:regular:r008,5,0.6017374227426369,8.0,2349.024785699773,1.0,,0.5560942817252541,7.0,,9999.999999999998,Catalog then correct,,1100.6473085776415,,,,,,moderate,2783.5116633921807,667.4608675333347,0.5971731086408987,,,0.6537931786684548,3450.9725309255155,0.5,,1.0,5971.731086408986,0.2783511663392181,0.0667460867533334,40008,,"[""L008"", ""L026"", ""R000"", ""R001"", ""R002"", ""R004"", ""R005"", ""R008""]","[""L026"", ""R000"", ""R001"", ""R002"", ""R004"", ""R008"", ""C002""]",,,3.0,,regular,3188.219423016805,276.48704964006714,,839.1946373170323,1.0,,,,,,
930.0055862107134,4.0,,3204.768007661325,2,exp5:regular:r008,,3.0,,930.0055862107134,0.1,hardening:regular:r008,5,0.6537931786684548,8.0,2138.841852912563,1.0,,0.5560942817252541,7.0,,9999.999999999998,Catalog then correct,,0.0,,,,,,moderate,3370.765464042688,80.20706688282735,0.6440232889741347,,,0.6537931786684548,3450.9725309255155,1.0,,3.0,6440.232889741347,0.3370765464042689,0.0080207066882827,40008,,"[""L021"", ""L032"", ""R000"", ""R001"", ""R003"", ""R004"", ""R005"", ""R008""]","[""L026"", ""R000"", ""R001"", ""R002"", ""R004"", ""R008"", ""C002""]",,,3.0,,regular,3069.467425698659,0.0,,930.6255727860964,1.0,,,,,,
156.2582941864771,1.0,,3204.768007661325,2,exp5:regular:r008,,3.0,,156.2582941864771,0.25,hardening:regular:r008,5,0.6022351229421274,8.0,2357.55291134176,1.0,,0.5560942817252541,7.0,,9999.999999999998,Catalog then correct,,2201.294617155283,,,,,,moderate,2717.511214437081,733.461316488434,0.5906999126379091,,,0.6537931786684548,3450.9725309255155,0.0,,0.0,5906.99912637909,0.2717511214437081,0.0733461316488434,40008,,"[""L026"", ""L032"", ""R000"", ""R001"", ""R002"", ""R004"", ""R008"", ""C002""]","[""L026"", ""R000"", ""R001"", ""R002"", ""R004"", ""R008"", ""C002""]",,,3.0,,regular,3189.4879119420084,0.0,,831.9350006002481,1.0,,,,,,
444.3177938936577,2.0,,3204.768007661325,2,exp5:regular:r008,,3.0,,720.8048435337248,0.25,hardening:regular:r008,5,0.6081177869315001,8.0,2369.1253614088737,1.0,,0.5560942817252541,7.0,,9999.999999999998,Catalog then correct,,1100.6473085776415,,,,,,moderate,2746.3510986380606,704.6214322874548,0.5951119106299386,,,0.6537931786684548,3450.9725309255155,0.5,,1.0,5951.119106299386,0.2746351098638061,0.0704621432287455,40008,,"[""L026"", ""L032"", ""R000"", ""R001"", ""R002"", ""R004"", ""R005"", ""R008""]","[""L026"", ""R000"", ""R001"", ""R002"", ""R004"", ""R008"", ""C002""]",,,3.0,,regular,3204.768007661325,276.48704964006714,,835.6426462524515,1.0,,,,,,
1054.1089447344953,5.0,,3204.768007661325,2,exp5:regular:r008,,3.0,,1054.1089447344953,0.25,hardening:regular:r008,5,0.6808851492021429,9.0,2262.945211436345,1.0,,0.5560942817252541,7.0,,9999.999999999998,Catalog then correct,,0.0,,,,,,moderate,3292.106315667882,158.86621525763348,0.6496874323329207,,,0.6537931786684548,3450.9725309255155,1.0,,3.0,6496.874323329207,0.3292106315667882,0.0158866215257633,40008,,"[""L008"", ""L027"", ""L032"", ""R000"", ""R001"", ""R003"", ""R004"", ""R005"", ""R008""]","[""L026"", ""R000"", ""R001"", ""R002"", ""R004"", ""R008"", ""C002""]",,,3.0,,regular,3204.768007661325,0.0,,941.8227962249802,1.0,,,,,,
144.98858118397473,1.0,,3136.9553617898514,2,exp5:regular:r009,,3.0,,144.98858118397473,0.0,hardening:regular:r009,5,0.6700840204874611,9.0,2189.0406406390184,1.0,,0.6335202879321218,8.0,,9999.999999999998,Catalog then correct,,2044.0520594550435,,,,,,moderate,3563.8848430847584,912.8955313514124,0.6700840204874611,,,0.7598549679995223,4476.780374436171,0.0,,0.0,6700.84020487461,0.3563884843084759,0.0912895531351412,40009,,"[""L002"", ""L003"", ""L005"", ""R000"", ""R001"", ""R002"", ""R003"", ""R006"", ""R008""]","[""L002"", ""L005"", ""R000"", ""R001"", ""R002"", ""R003"", ""R006"", ""R008""]",,,3.0,,regular,3136.955361789852,0.0,,947.9147211508332,1.0,,,,,,
144.98858118397473,1.0,,3136.9553617898514,2,exp5:regular:r009,,3.0,,212.59893417670023,0.0,hardening:regular:r009,5,0.6631096593748591,8.0,2121.4302876462925,1.0,,0.6335202879321218,8.0,,9999.999999999998,Catalog then correct,,1022.0260297275216,,,,,,moderate,3576.8308069571794,899.9495674789914,0.6631096593748591,,,0.7598549679995223,4476.780374436171,0.5,,1.0,6631.096593748591,0.357683080695718,0.0899949567478991,40009,,"[""L002"", ""L003"", ""R000"", ""R001"", ""R002"", ""R003"", ""R006"", ""R008""]","[""L002"", ""L005"", ""R000"", ""R001"", ""R002"", ""R003"", ""R006"", ""R008""]",,,3.0,,regular,3054.2657867914118,67.61035299272554,,932.8354991451184,1.0,,,,,,
869.4290306293562,2.0,,3136.9553617898514,2,exp5:regular:r009,,3.0,,869.4290306293562,0.0,hardening:regular:r009,5,0.7598549679995223,7.0,2176.828360032627,1.0,,0.6335202879321218,8.0,,9999.999999999998,Catalog then correct,,0.0,,,,,,moderate,4476.780374436171,0.0,0.7598549679995223,,,0.7598549679995223,4476.780374436171,1.0,,3.0,7598.549679995223,0.4476780374436171,0.0,40009,,"[""L002"", ""R000"", ""R001"", ""R002"", ""R003"", ""R007"", ""C001""]","[""L002"", ""L005"", ""R000"", ""R001"", ""R002"", ""R003"", ""R006"", ""R008""]",,,3.0,,regular,3121.769305559053,0.0,,944.9409455264253,1.0,,,,,,
144.98858118397473,1.0,,3136.9553617898514,2,exp5:regular:r009,,3.0,,144.98858118397473,0.01,hardening:regular:r009,5,0.670372959341817,9.0,2189.0406406390184,1.0,,0.6335202879321218,8.0,,9999.999999999998,Catalog then correct,,2044.0520594550435,,,,,,moderate,3563.088964487348,913.6914099488232,0.67000443262772,,,0.7598549679995223,4476.780374436171,0.0,,0.0,6700.0443262772,0.3563088964487348,0.0913691409948823,40009,,"[""L002"", ""L003"", ""L005"", ""R000"", ""R001"", ""R002"", ""R003"", ""R006"", ""R008""]","[""L002"", ""L005"", ""R000"", ""R001"", ""R002"", ""R003"", ""R006"", ""R008""]",,,3.0,,regular,3136.955361789852,0.0,,947.9147211508332,1.0,,,,,,
144.98858118397473,1.0,,3136.9553617898514,2,exp5:regular:r009,,3.0,,212.59893417670023,0.01,hardening:regular:r009,5,0.6631096593748591,8.0,2121.4302876462925,1.0,,0.6335202879321218,8.0,,9999.999999999998,Catalog then correct,,1022.0260297275216,,,,,,moderate,3574.3397640224352,902.4406104137356,0.6628137656604317,,,0.7598549679995223,4476.780374436171,0.5,,1.0,6628.137656604317,0.3574339764022436,0.0902440610413735,40009,,"[""L002"", ""L003"", ""R000"", ""R001"", ""R002"", ""R003"", ""R006"", ""R008""]","[""L002"", ""L005"", ""R000"", ""R001"", ""R002"", ""R003"", ""R006"", ""R008""]",,,3.0,,regular,3053.797892581882,67.61035299272554,,932.3676049355894,1.0,,,,,,
869.4290306293562,2.0,,3136.9553617898514,2,exp5:regular:r009,,3.0,,869.4290306293562,0.01,hardening:regular:r009,5,0.7598549679995223,7.0,2176.828360032627,1.0,,0.6335202879321218,8.0,,9999.999999999998,Catalog then correct,,0.0,,,,,,moderate,4464.735855102774,12.044519333397147,0.7585916211988484,,,0.7598549679995223,4476.780374436171,1.0,,3.0,7585.916211988483,0.4464735855102774,0.0012044519333397,40009,,"[""L002"", ""R000"", ""R001"", ""R002"", ""R003"", ""R007"", ""C001""]","[""L002"", ""L005"", ""R000"", ""R001"", ""R002"", ""R003"", ""R006"", ""R008""]",,,3.0,,regular,3121.18035688571,0.0,,944.3519968530828,1.0,,,,,,
144.98858118397473,1.0,,3136.9553617898514,2,exp5:regular:r009,,3.0,,144.98858118397473,0.1,hardening:regular:r009,5,0.673262347885375,9.0,2189.0406406390184,1.0,,0.6335202879321218,8.0,,9999.999999999998,Catalog then correct,,2044.0520594550435,,,,,,moderate,3555.926057110645,920.8543173255256,0.6692881418900497,,,0.7598549679995223,4476.780374436171,0.0,,0.0,6692.881418900497,0.3555926057110646,0.0920854317325525,40009,,"[""L002"", ""L003"", ""L005"", ""R000"", ""R001"", ""R002"", ""R003"", ""R006"", ""R008""]","[""L002"", ""L005"", ""R000"", ""R001"", ""R002"", ""R003"", ""R006"", ""R008""]",,,3.0,,regular,3136.955361789852,0.0,,947.9147211508332,1.0,,,,,,
144.98858118397473,1.0,,3136.9553617898514,2,exp5:regular:r009,,3.0,,144.98858118397473,0.1,hardening:regular:r009,5,0.6732623478853748,9.0,2189.0406406390184,1.0,,0.6335202879321218,8.0,,9999.999999999998,Catalog then correct,,1022.0260297275216,,,,,,moderate,3555.926057110644,920.8543173255276,0.6692881418900495,,,0.7598549679995223,4476.780374436171,0.5,,0.0,6692.881418900495,0.3555926057110644,0.0920854317325527,40009,,"[""L002"", ""L003"", ""L005"", ""R000"", ""R001"", ""R002"", ""R003"", ""R006"", ""R008""]","[""L002"", ""L005"", ""R000"", ""R001"", ""R002"", ""R003"", ""R006"", ""R008""]",,,3.0,,regular,3136.955361789852,0.0,,947.9147211508332,1.0,,,,,,
869.4290306293562,2.0,,3136.9553617898514,2,exp5:regular:r009,,3.0,,869.4290306293562,0.1,hardening:regular:r009,5,0.7598549679995223,7.0,2176.828360032627,1.0,,0.6335202879321218,8.0,,9999.999999999998,Catalog then correct,,0.0,,,,,,moderate,4356.335181102192,120.44519333397876,0.7472214999927823,,,0.7598549679995223,4476.780374436171,1.0,,3.0,7472.214999927823,0.4356335181102193,0.0120445193333978,40009,,"[""L002"", ""R000"", ""R001"", ""R002"", ""R003"", ""R007"", ""C001""]","[""L002"", ""L005"", ""R000"", ""R001"", ""R002"", ""R003"", ""R006"", ""R008""]",,,3.0,,regular,3115.8798188256305,0.0,,939.0514587930036,1.0,,,,,,
144.98858118397473,1.0,,3136.9553617898514,2,exp5:regular:r009,,3.0,,144.98858118397473,0.25,hardening:regular:r009,5,0.676871401797727,9.0,2189.0406406390184,1.0,,0.6335202879321218,8.0,,9999.999999999998,Catalog then correct,,2044.0520594550435,,,,,,moderate,3527.784524436055,948.9958500001158,0.6660336233313258,,,0.7598549679995223,4476.780374436171,0.0,,0.0,6660.336233313257,0.3527784524436055,0.0948995850000116,40009,,"[""L002"", ""L003"", ""L005"", ""R000"", ""R001"", ""R002"", ""R003"", ""R006"", ""R008""]","[""L002"", ""L005"", ""R000"", ""R001"", ""R002"", ""R003"", ""R006"", ""R008""]",,,3.0,,regular,3132.551708877202,0.0,,943.5110682381836,1.0,,,,,,
144.98858118397473,1.0,,3136.9553617898514,2,exp5:regular:r009,,3.0,,144.98858118397473,0.25,hardening:regular:r009,5,0.676871401797727,9.0,2189.0406406390184,1.0,,0.6335202879321218,8.0,,9999.999999999998,Catalog then correct,,1022.0260297275216,,,,,,moderate,3527.784524436055,948.9958500001158,0.6660336233313258,,,0.7598549679995223,4476.780374436171,0.5,,0.0,6660.336233313257,0.3527784524436055,0.0948995850000116,40009,,"[""L002"", ""L003"", ""L005"", ""R000"", ""R001"", ""R002"", ""R003"", ""R006"", ""R008""]","[""L002"", ""L005"", ""R000"", ""R001"", ""R002"", ""R003"", ""R006"", ""R008""]",,,3.0,,regular,3132.551708877202,0.0,,943.5110682381836,1.0,,,,,,
849.1700731763206,2.0,,3136.9553617898514,2,exp5:regular:r009,,3.0,,849.1700731763206,0.25,hardening:regular:r009,5,0.7568804950851747,7.0,2156.5694025795915,1.0,,0.6335202879321218,8.0,,9999.999999999998,Catalog then correct,,0.0,,,,,,moderate,4177.044022780918,299.7363516552532,0.7260404432969114,,,0.7598549679995223,4476.780374436171,1.0,,3.0,7260.404432969115,0.4177044022780918,0.0299736351655253,40009,,"[""L002"", ""R000"", ""R001"", ""R002"", ""R003"", ""R005"", ""C001""]","[""L002"", ""L005"", ""R000"", ""R001"", ""R002"", ""R003"", ""R006"", ""R008""]",,,3.0,,regular,3083.3604101881974,0.0,,926.7910076086056,1.0,,,,,,
135.95882624925358,1.0,,3156.668444536349,2,exp5:regular:r010,,3.0,,135.95882624925358,0.0,hardening:regular:r010,5,0.5478577730256298,8.0,2318.1264715110315,1.0,,0.5171621528751755,7.0,,10000.0,Catalog then correct,,2182.167645261778,,,,,,moderate,2321.9092857199485,1568.5100111120018,0.5478577730256298,,,0.701949122608566,3890.4192968319503,0.0,,0.0,5478.577730256297,0.2321909285719948,0.1568510011112001,40010,,"[""L017"", ""L029"", ""R000"", ""R003"", ""R005"", ""R007"", ""R008"", ""C000""]","[""L029"", ""R000"", ""R003"", ""R005"", ""R007"", ""R008"", ""C000""]",,,3.0,,regular,3156.668444536349,0.0,,838.5419730253172,1.0,,,,,,
324.4847446458311,1.0,,3156.668444536349,2,exp5:regular:r010,,3.0,,656.2987370088683,0.0,hardening:regular:r010,5,0.5947483068485644,6.0,2174.838397544572,1.0,,0.5171621528751755,7.0,,10000.0,Catalog then correct,,1091.083822630889,,,,,,moderate,2887.434445600673,1002.9848512312774,0.5947483068485644,,,0.701949122608566,3890.4192968319503,0.5,,2.0,5947.483068485644,0.2887434445600673,0.1002984851231277,40010,,"[""R000"", ""R001"", ""R003"", ""R005"", ""R007"", ""R008""]","[""L029"", ""R000"", ""R003"", ""R005"", ""R007"", ""R008"", ""C000""]",,,3.0,,regular,3060.048622884972,331.81399236303724,,885.2102253403993,1.0,,,,,,
1191.92519326246,5.0,,3156.668444536349,2,exp5:regular:r010,,3.0,,1191.92519326246,0.0,hardening:regular:r010,5,0.701949122608566,8.0,2064.60969865872,1.0,,0.5171621528751755,7.0,,10000.0,Catalog then correct,,0.0,,,,,,moderate,3890.4192968319503,0.0,0.701949122608566,,,0.701949122608566,3890.4192968319503,1.0,,4.0,7019.49122608566,0.389041929683195,0.0,40010,,"[""L000"", ""L007"", ""L013"", ""L025"", ""R000"", ""R005"", ""R007"", ""C001""]","[""L029"", ""R000"", ""R003"", ""R005"", ""R007"", ""R008"", ""C000""]",,,3.0,,regular,3129.0719292537096,0.0,,1064.4622305949897,1.0,,,,,,
135.95882624925358,1.0,,3156.668444536349,2,exp5:regular:r010,,3.0,,135.95882624925358,0.01,hardening:regular:r010,5,0.5481373101784064,8.0,2318.1264715110315,1.0,,0.5171621528751755,7.0,,10000.0,Catalog then correct,,2182.167645261778,,,,,,moderate,2321.6071415173924,1568.812155314558,0.547827558605374,,,0.701949122608566,3890.4192968319503,0.0,,0.0,5478.275586053741,0.2321607141517392,0.1568812155314558,40010,,"[""L017"", ""L029"", ""R000"", ""R003"", ""R005"", ""R007"", ""R008"", ""C000""]","[""L029"", ""R000"", ""R003"", ""R005"", ""R007"", ""R008"", ""C000""]",,,3.0,,regular,3156.6684445363485,0.0,,838.5419730253171,1.0,,,,,,
324.4847446458311,1.0,,3156.668444536349,2,exp5:regular:r010,,3.0,,656.2987370088683,0.01,hardening:regular:r010,5,0.5947483068485644,6.0,2174.838397544572,1.0,,0.5171621528751755,7.0,,10000.0,Catalog then correct,,1091.083822630889,,,,,,moderate,2880.7787642428348,1009.6405325891157,0.5939724453088304,,,0.701949122608566,3890.4192968319503,0.5,,2.0,5939.724453088305,0.2880778764242834,0.1009640532589115,40010,,"[""R000"", ""R001"", ""R003"", ""R005"", ""R007"", ""R008""]","[""L029"", ""R000"", ""R003"", ""R005"", ""R007"", ""R008"", ""C000""]",,,3.0,,regular,3058.9456888454706,331.81399236303724,,884.1072913008982,1.0,,,,,,
1191.92519326246,5.0,,3156.668444536349,2,exp5:regular:r010,,3.0,,1191.92519326246,0.01,hardening:regular:r010,5,0.701949122608566,8.0,2064.60969865872,1.0,,0.5171621528751755,7.0,,10000.0,Catalog then correct,,0.0,,,,,,moderate,3874.836053950657,15.583242881293245,0.700101252911232,,,0.701949122608566,3890.4192968319503,1.0,,4.0,7001.01252911232,0.3874836053950657,0.0015583242881293,40010,,"[""L000"", ""L007"", ""L013"", ""L025"", ""R000"", ""R005"", ""R007"", ""C001""]","[""L029"", ""R000"", ""R003"", ""R005"", ""R007"", ""R008"", ""C000""]",,,3.0,,regular,3126.1764751616624,0.0,,1061.5667765029425,1.0,,,,,,
135.95882624925358,1.0,,3156.668444536349,2,exp5:regular:r010,,3.0,,135.95882624925358,0.1,hardening:regular:r010,5,0.5509320799075194,8.0,2318.1264715110315,1.0,,0.5171621528751755,7.0,,10000.0,Catalog then correct,,2182.167645261778,,,,,,moderate,2318.8824275065017,1571.5368693254486,0.547555087204285,,,0.701949122608566,3890.4192968319503,0.0,,0.0,5475.550872042851,0.2318882427506501,0.1571536869325448,40010,,"[""L017"", ""L029"", ""R000"", ""R003"", ""R005"", ""R007"", ""R008"", ""C000""]","[""L029"", ""R000"", ""R003"", ""R005"", ""R007"", ""R008"", ""C000""]",,,3.0,,regular,3156.668444536349,0.0,,838.5419730253172,1.0,,,,,,
324.4847446458311,1.0,,3156.668444536349,2,exp5:regular:r010,,3.0,,656.2987370088683,0.1,hardening:regular:r010,5,0.5947483068485644,6.0,2174.838397544572,1.0,,0.5171621528751755,7.0,,10000.0,Catalog then correct,,1091.083822630889,,,,,,moderate,2820.877632022294,1069.541664809656,0.5869896914512256,,,0.701949122608566,3890.4192968319503,0.5,,2.0,5869.896914512256,0.2820877632022294,0.1069541664809656,40010,,"[""R000"", ""R001"", ""R003"", ""R005"", ""R007"", ""R008""]","[""L029"", ""R000"", ""R003"", ""R005"", ""R007"", ""R008"", ""C000""]",,,3.0,,regular,3049.0192824899614,331.81399236303724,,874.1808849453892,1.0,,,,,,
1191.92519326246,5.0,,3156.668444536349,2,exp5:regular:r010,,3.0,,1191.92519326246,0.1,hardening:regular:r010,5,0.701949122608566,8.0,2064.60969865872,1.0,,0.5171621528751755,7.0,,10000.0,Catalog then correct,,0.0,,,,,,moderate,3734.5868680190288,155.8324288129215,0.683470425635227,,,0.701949122608566,3890.4192968319503,1.0,,4.0,6834.704256352269,0.3734586868019028,0.0155832428812921,40010,,"[""L000"", ""L007"", ""L013"", ""L025"", ""R000"", ""R005"", ""R007"", ""C001""]","[""L029"", ""R000"", ""R003"", ""R005"", ""R007"", ""R008"", ""C000""]",,,3.0,,regular,3100.1173883332403,0.0,,1035.5076896745202,1.0,,,,,,
135.95882624925358,1.0,,3156.668444536349,2,exp5:regular:r010,,3.0,,135.95882624925358,0.25,hardening:regular:r010,5,0.5570331306758471,8.0,2318.1264715110315,1.0,,0.5171621528751755,7.0,,10000.0,Catalog then correct,,2182.167645261778,,,,,,moderate,2313.985417720444,1576.433879111507,0.5470653862256792,,,0.701949122608566,3890.4192968319503,0.0,,0.0,5470.653862256792,0.2313985417720443,0.1576433879111507,40010,,"[""L017"", ""L029"", ""R000"", ""R003"", ""R005"", ""R007"", ""R008"", ""C000""]","[""L029"", ""R000"", ""R003"", ""R005"", ""R007"", ""R008"", ""C000""]",,,3.0,,regular,3156.668444536349,0.0,,838.5419730253174,1.0,,,,,,
307.2006121648164,1.0,,3156.668444536349,2,exp5:regular:r010,,3.0,,639.0146045278536,0.25,hardening:regular:r010,5,0.5924223048900302,6.0,2157.554265063557,1.0,,0.5171621528751755,7.0,,10000.0,Catalog then correct,,1091.083822630889,,,,,,moderate,2721.960038876734,1168.4592579552163,0.5736072668863166,,,0.701949122608566,3890.4192968319503,0.5,,2.0,5736.072668863166,0.2721960038876734,0.1168459257955216,40010,,"[""R000"", ""R003"", ""R004"", ""R005"", ""R007"", ""R008""]","[""L029"", ""R000"", ""R003"", ""R005"", ""R007"", ""R008"", ""C000""]",,,3.0,,regular,3014.112629986432,331.81399236303724,,856.5583649228747,1.0,,,,,,
1191.92519326246,5.0,,3156.668444536349,2,exp5:regular:r010,,3.0,,1191.92519326246,0.25,hardening:regular:r010,5,0.701949122608566,8.0,2064.60969865872,1.0,,0.5171621528751755,7.0,,10000.0,Catalog then correct,,0.0,,,,,,moderate,3500.838224799647,389.5810720323034,0.6557523801752184,,,0.701949122608566,3890.4192968319503,1.0,,4.0,6557.523801752183,0.3500838224799646,0.0389581072032303,40010,,"[""L000"", ""L007"", ""L013"", ""L025"", ""R000"", ""R005"", ""R007"", ""C001""]","[""L029"", ""R000"", ""R003"", ""R005"", ""R007"", ""R008"", ""C000""]",,,3.0,,regular,3056.6855769525364,0.0,,992.0758782938166,1.0,,,,,,
0.0,0.0,,3160.557603079724,2,exp5:regular:r011,,3.0,,0.0,0.0,hardening:regular:r011,5,0.5925644098738743,7.0,2133.810335365187,1.0,,0.5925644098738743,7.0,,10000.000000000002,Catalog then correct,,2133.810335365187,,,,,,moderate,2931.029019666119,1478.592553532275,0.5925644098738743,,,0.7555959929813905,4409.621573198394,0.0,,0.0,5925.644098738744,0.2931029019666118,0.1478592553532274,40011,,"[""L014"", ""R002"", ""R003"", ""R004"", ""R005"", ""R008"", ""C000""]","[""L014"", ""R002"", ""R003"", ""R004"", ""R005"", ""R008"", ""C000""]",,,3.0,,regular,2994.615079072625,0.0,,860.8047437074381,1.0,,,,,,
524.574705627447,1.0,,3160.557603079724,2,exp5:regular:r011,,3.0,,934.4240640626904,0.0,hardening:regular:r011,5,0.6721588613577479,6.0,2248.535682557391,1.0,,0.5925644098738743,7.0,,10000.000000000002,Catalog then correct,,1066.9051676825934,,,,,,moderate,3561.031010497756,848.5905627006377,0.6721588613577479,,,0.7555959929813905,4409.621573198394,0.5,,2.0,6721.58861357748,0.3561031010497755,0.0848590562700637,40011,,"[""L014"", ""R002"", ""R003"", ""R004"", ""R008"", ""C001""]","[""L014"", ""R002"", ""R003"", ""R004"", ""R005"", ""R008"", ""C000""]",,,3.0,,regular,3160.557603079724,409.8493584352433,,912.0219205223332,1.0,,,,,,
957.3093749307606,3.0,,3160.557603079724,2,exp5:regular:r011,,3.0,,957.3093749307606,0.0,hardening:regular:r011,5,0.7555959929813905,7.0,2125.167307084085,1.0,,0.5925644098738743,7.0,,10000.000000000002,Catalog then correct,,0.0,,,,,,moderate,4409.621573198394,0.0,0.7555959929813905,,,0.7555959929813905,4409.621573198394,1.0,,3.0,7555.959929813905,0.4409621573198393,0.0,40011,,"[""L026"", ""R000"", ""R002"", ""R003"", ""R004"", ""R008"", ""C001""]","[""L014"", ""R002"", ""R003"", ""R004"", ""R005"", ""R008"", ""C000""]",,,3.0,,regular,3146.338356615511,0.0,,1021.171049531426,1.0,,,,,,
0.0,0.0,,3160.557603079724,2,exp5:regular:r011,,3.0,,0.0,0.01,hardening:regular:r011,5,0.5925644098738743,7.0,2133.810335365187,1.0,,0.5925644098738743,7.0,,10000.000000000002,Catalog then correct,,2133.810335365187,,,,,,moderate,2931.029019666119,1478.592553532275,0.5925644098738743,,,0.7555959929813905,4409.621573198394,0.0,,0.0,5925.644098738744,0.2931029019666118,0.1478592553532274,40011,,"[""L014"", ""R002"", ""R003"", ""R004"", ""R005"", ""R008"", ""C000""]","[""L014"", ""R002"", ""R003"", ""R004"", ""R005"", ""R008"", ""C000""]",,,3.0,,regular,2994.615079072625,0.0,,860.8047437074381,1.0,,,,,,
524.574705627447,1.0,,3160.557603079724,2,exp5:regular:r011,,3.0,,934.4240640626904,0.01,hardening:regular:r011,5,0.6724350250472139,6.0,2248.535682557391,1.0,,0.5925644098738743,7.0,,10000.000000000002,Catalog then correct,,1066.9051676825934,,,,,,moderate,3555.80558587508,853.815987323314,0.6716363188954805,,,0.7555959929813905,4409.621573198394,0.5,,2.0,6716.363188954804,0.3555805585875079,0.0853815987323313,40011,,"[""L014"", ""R002"", ""R003"", ""R004"", ""R008"", ""C001""]","[""L014"", ""R002"", ""R003"", ""R004"", ""R005"", ""R008"", ""C000""]",,,3.0,,regular,3160.557603079724,409.8493584352433,,912.0219205223332,1.0,,,,,,
957.3093749307606,3.0,,3160.557603079724,2,exp5:regular:r011,,3.0,,957.3093749307606,0.01,hardening:regular:r011,5,0.7555959929813905,7.0,2125.167307084085,1.0,,0.5925644098738743,7.0,,10000.000000000002,Catalog then correct,,0.0,,,,,,moderate,4394.922077945882,14.699495252511952,0.7539656771503153,,,0.7555959929813905,4409.621573198394,1.0,,3.0,7539.656771503153,0.4394922077945881,0.0014699495252511,40011,,"[""L026"", ""R000"", ""R002"", ""R003"", ""R004"", ""R008"", ""C001""]","[""L014"", ""R002"", ""R003"", ""R004"", ""R005"", ""R008"", ""C000""]",,,3.0,,regular,3144.7346935572714,0.0,,1019.567386473186,1.0,,,,,,
0.0,0.0,,3160.557603079724,2,exp5:regular:r011,,3.0,,0.0,0.1,hardening:regular:r011,5,0.5925644098738743,7.0,2133.810335365187,1.0,,0.5925644098738743,7.0,,10000.000000000002,Catalog then correct,,2133.810335365187,,,,,,moderate,2931.029019666118,1478.5925535322758,0.5925644098738744,,,0.7555959929813905,4409.621573198394,0.0,,0.0,5925.644098738743,0.2931029019666117,0.1478592553532275,40011,,"[""L014"", ""R002"", ""R003"", ""R004"", ""R005"", ""R008"", ""C000""]","[""L014"", ""R002"", ""R003"", ""R004"", ""R005"", ""R008"", ""C000""]",,,3.0,,regular,2994.615079072625,0.0,,860.8047437074381,1.0,,,,,,
524.574705627447,1.0,,3160.557603079724,2,exp5:regular:r011,,3.0,,934.4240640626904,0.1,hardening:regular:r011,5,0.6751947818822428,6.0,2248.535682557391,1.0,,0.5925644098738743,7.0,,10000.000000000002,Catalog then correct,,1066.9051676825934,,,,,,moderate,3508.7598437343368,900.8617294640572,0.666931744681406,,,0.7555959929813905,4409.621573198394,0.5,,2.0,6669.3174468140605,0.3508759843734336,0.0900861729464057,40011,,"[""L014"", ""R002"", ""R003"", ""R004"", ""R008"", ""C001""]","[""L014"", ""R002"", ""R003"", ""R004"", ""R005"", ""R008"", ""C000""]",,,3.0,,regular,3160.557603079724,409.8493584352433,,912.0219205223332,1.0,,,,,,
804.9984486676321,3.0,,3160.557603079724,2,exp5:regular:r011,,3.0,,804.9984486676321,0.1,hardening:regular:r011,5,0.7531390373928949,8.0,2119.1100671623326,1.0,,0.5925644098738743,7.0,,10000.000000000002,Catalog then correct,,0.0,,,,,,moderate,4210.258143330206,199.36342986818815,0.7370815746409929,,,0.7555959929813905,4409.621573198394,1.0,,2.0,7370.8157464099295,0.4210258143330205,0.0199363429868188,40011,,"[""L007"", ""L014"", ""L026"", ""R002"", ""R003"", ""R004"", ""R008"", ""C001""]","[""L014"", ""R002"", ""R003"", ""R004"", ""R005"", ""R008"", ""C000""]",,,3.0,,regular,3160.557603079724,0.0,,1041.447535917391,1.0,,,,,,
0.0,0.0,,3160.557603079724,2,exp5:regular:r011,,3.0,,0.0,0.25,hardening:regular:r011,5,0.5925644098738743,7.0,2133.810335365187,1.0,,0.5925644098738743,7.0,,10000.000000000002,Catalog then correct,,2133.810335365187,,,,,,moderate,2931.029019666119,1478.592553532275,0.5925644098738743,,,0.7555959929813905,4409.621573198394,0.0,,0.0,5925.644098738744,0.2931029019666118,0.1478592553532274,40011,,"[""L014"", ""R002"", ""R003"", ""R004"", ""R005"", ""R008"", ""C000""]","[""L014"", ""R002"", ""R003"", ""R004"", ""R005"", ""R008"", ""C000""]",,,3.0,,regular,2994.615079072625,0.0,,860.8047437074381,1.0,,,,,,
524.574705627447,1.0,,3160.557603079724,2,exp5:regular:r011,,3.0,,934.4240640626904,0.25,hardening:regular:r011,5,0.6812411201485676,6.0,2248.535682557391,1.0,,0.5925644098738743,7.0,,10000.000000000002,Catalog then correct,,1066.9051676825934,,,,,,moderate,3430.16182271922,979.4597504791744,0.6590719425798943,,,0.7555959929813905,4409.621573198394,0.5,,2.0,6590.719425798943,0.3430161822719219,0.0979459750479174,40011,,"[""L014"", ""R002"", ""R003"", ""R004"", ""R008"", ""C001""]","[""L014"", ""R002"", ""R003"", ""R004"", ""R005"", ""R008"", ""C000""]",,,3.0,,regular,3160.557603079724,409.8493584352433,,912.0219205223332,1.0,,,,,,
804.9984486676321,3.0,,3160.557603079724,2,exp5:regular:r011,,3.0,,804.9984486676321,0.25,hardening:regular:r011,5,0.7645849258350077,8.0,2119.1100671623326,1.0,,0.5925644098738743,7.0,,10000.000000000002,Catalog then correct,,0.0,,,,,,moderate,4068.364012375706,341.257560822688,0.7215797968447243,,,0.7555959929813905,4409.621573198394,1.0,,2.0,7215.797968447244,0.4068364012375705,0.0341257560822687,40011,,"[""L007"", ""L014"", ""L026"", ""R002"", ""R003"", ""R004"", ""R008"", ""C001""]","[""L014"", ""R002"", ""R003"", ""R004"", ""R005"", ""R008"", ""C000""]",,,3.0,,regular,3147.433956071538,0.0,,1028.3238889092054,1.0,,,,,,
0.0,0.0,,3192.099663508026,2,exp5:regular:r012,,3.0,,0.0,0.0,hardening:regular:r012,5,0.6339707249973966,7.0,2148.546993120903,1.0,,0.6339707249973966,7.0,,9999.999999999998,Catalog then correct,,2148.546993120903,,,,,,moderate,3273.0972323149485,594.0922166185214,0.6339707249973966,,,0.70155951356645,3867.18944893347,0.0,,0.0,6339.707249973965,0.3273097232314949,0.0594092216618521,40012,,"[""R001"", ""R002"", ""R004"", ""R005"", ""R006"", ""R007"", ""R008""]","[""R001"", ""R002"", ""R004"", ""R005"", ""R006"", ""R007"", ""R008""]",,,3.0,,regular,3066.6100176590166,0.0,,918.0630245381136,1.0,,,,,,
153.094851155045,1.0,,3192.099663508026,2,exp5:regular:r012,,3.0,,292.61132053265453,0.0,hardening:regular:r012,5,0.6448864408848356,7.0,2162.125374898338,1.0,,0.6339707249973966,7.0,,9999.999999999998,Catalog then correct,,1074.2734965604516,,,,,,moderate,3336.627598448092,530.5618504853783,0.6448864408848356,,,0.70155951356645,3867.18944893347,0.5,,1.0,6448.864408848356,0.3336627598448092,0.0530561850485378,40012,,"[""L008"", ""R001"", ""R002"", ""R004"", ""R005"", ""R006"", ""R007""]","[""R001"", ""R002"", ""R004"", ""R005"", ""R006"", ""R007"", ""R008""]",,,3.0,,regular,3112.2368104002644,139.51646937760955,,950.1114355019264,1.0,,,,,,
612.4701109453663,1.0,,3192.099663508026,2,exp5:regular:r012,,3.0,,612.4701109453663,0.0,hardening:regular:r012,5,0.70155951356645,6.0,2212.409310172163,1.0,,0.6339707249973966,7.0,,9999.999999999998,Catalog then correct,,0.0,,,,,,moderate,3867.18944893347,0.0,0.70155951356645,,,0.70155951356645,3867.18944893347,1.0,,2.0,7015.5951356645,0.386718944893347,0.0,40012,,"[""R001"", ""R004"", ""R005"", ""R006"", ""R007"", ""C001""]","[""R001"", ""R002"", ""R004"", ""R005"", ""R006"", ""R007"", ""R008""]",,,3.0,,regular,3148.40568673103,0.0,,935.9963765588674,1.0,,,,,,
0.0,0.0,,3192.099663508026,2,exp5:regular:r012,,3.0,,0.0,0.01,hardening:regular:r012,5,0.6339707249973966,7.0,2148.546993120903,1.0,,0.6339707249973966,7.0,,9999.999999999998,Catalog then correct,,2148.546993120903,,,,,,moderate,3273.097232314949,594.0922166185205,0.6339707249973966,,,0.70155951356645,3867.18944893347,0.0,,0.0,6339.707249973966,0.327309723231495,0.059409221661852,40012,,"[""R001"", ""R002"", ""R004"", ""R005"", ""R006"", ""R007"", ""R008""]","[""R001"", ""R002"", ""R004"", ""R005"", ""R006"", ""R007"", ""R008""]",,,3.0,,regular,3066.6100176590166,0.0,,918.0630245381136,1.0,,,,,,
153.094851155045,1.0,,3192.099663508026,2,exp5:regular:r012,,3.0,,292.61132053265453,0.01,hardening:regular:r012,5,0.6448864408848356,7.0,2162.125374898338,1.0,,0.6339707249973966,7.0,,9999.999999999998,Catalog then correct,,1074.2734965604516,,,,,,moderate,3335.8565109689857,531.3329379644842,0.6447772837259612,,,0.70155951356645,3867.18944893347,0.5,,1.0,6447.772837259612,0.3335856510968986,0.0531332937964484,40012,,"[""L008"", ""R001"", ""R002"", ""R004"", ""R005"", ""R006"", ""R007""]","[""R001"", ""R002"", ""R004"", ""R005"", ""R006"", ""R007"", ""R008""]",,,3.0,,regular,3111.9163262906263,139.51646937760955,,949.7909513922882,1.0,,,,,,
612.4701109453663,1.0,,3192.099663508026,2,exp5:regular:r012,,3.0,,612.4701109453663,0.01,hardening:regular:r012,5,0.70155951356645,6.0,2212.409310172163,1.0,,0.6339707249973966,7.0,,9999.999999999998,Catalog then correct,,0.0,,,,,,moderate,3860.6099035967727,6.579545336697265,0.7008836256807595,,,0.70155951356645,3867.18944893347,1.0,,2.0,7008.836256807595,0.3860609903596773,0.0006579545336697,40012,,"[""R001"", ""R004"", ""R005"", ""R006"", ""R007"", ""C001""]","[""R001"", ""R002"", ""R004"", ""R005"", ""R006"", ""R007"", ""R008""]",,,3.0,,regular,3148.2263532108227,0.0,,935.81704303866,1.0,,,,,,
0.0,0.0,,3192.099663508026,2,exp5:regular:r012,,3.0,,0.0,0.1,hardening:regular:r012,5,0.6339707249973966,7.0,2148.546993120903,1.0,,0.6339707249973966,7.0,,9999.999999999998,Catalog then correct,,2148.546993120903,,,,,,moderate,3273.0972323149485,594.0922166185214,0.6339707249973966,,,0.70155951356645,3867.18944893347,0.0,,0.0,6339.707249973965,0.3273097232314949,0.0594092216618521,40012,,"[""R001"", ""R002"", ""R004"", ""R005"", ""R006"", ""R007"", ""R008""]","[""R001"", ""R002"", ""R004"", ""R005"", ""R006"", ""R007"", ""R008""]",,,3.0,,regular,3066.6100176590166,0.0,,918.0630245381136,1.0,,,,,,
153.094851155045,1.0,,3192.099663508026,2,exp5:regular:r012,,3.0,,292.61132053265453,0.1,hardening:regular:r012,5,0.6448864408848356,7.0,2162.125374898338,1.0,,0.6339707249973966,7.0,,9999.999999999998,Catalog then correct,,1074.2734965604516,,,,,,moderate,3328.9167236570333,538.2727252764366,0.6437948692960918,,,0.70155951356645,3867.18944893347,0.5,,1.0,6437.948692960917,0.3328916723657034,0.0538272725276436,40012,,"[""L008"", ""R001"", ""R002"", ""R004"", ""R005"", ""R006"", ""R007""]","[""R001"", ""R002"", ""R004"", ""R005"", ""R006"", ""R007"", ""R008""]",,,3.0,,regular,3109.031969303883,139.51646937760955,,946.906594405545,1.0,,,,,,
612.4701109453663,1.0,,3192.099663508026,2,exp5:regular:r012,,3.0,,612.4701109453663,0.1,hardening:regular:r012,5,0.70155951356645,6.0,2212.409310172163,1.0,,0.6339707249973966,7.0,,9999.999999999998,Catalog then correct,,0.0,,,,,,moderate,3801.393995566492,65.79545336697811,0.6948006347095447,,,0.70155951356645,3867.18944893347,1.0,,2.0,6948.006347095447,0.3801393995566492,0.0065795453366978,40012,,"[""R001"", ""R004"", ""R005"", ""R006"", ""R007"", ""C001""]","[""R001"", ""R002"", ""R004"", ""R005"", ""R006"", ""R007"", ""R008""]",,,3.0,,regular,3146.6123515289546,0.0,,934.203041356792,1.0,,,,,,
0.0,0.0,,3192.099663508026,2,exp5:regular:r012,,3.0,,0.0,0.25,hardening:regular:r012,5,0.6339707249973966,7.0,2148.546993120903,1.0,,0.6339707249973966,7.0,,9999.999999999998,Catalog then correct,,2148.546993120903,,,,,,moderate,3273.097232314949,594.0922166185205,0.6339707249973966,,,0.70155951356645,3867.18944893347,0.0,,0.0,6339.707249973966,0.327309723231495,0.059409221661852,40012,,"[""R001"", ""R002"", ""R004"", ""R005"", ""R006"", ""R007"", ""R008""]","[""R001"", ""R002"", ""R004"", ""R005"", ""R006"", ""R007"", ""R008""]",,,3.0,,regular,3066.6100176590166,0.0,,918.0630245381136,1.0,,,,,,
153.094851155045,1.0,,3192.099663508026,2,exp5:regular:r012,,3.0,,292.61132053265453,0.25,hardening:regular:r012,5,0.6448864408848356,7.0,2162.125374898338,1.0,,0.6339707249973966,7.0,,9999.999999999998,Catalog then correct,,1074.2734965604516,,,,,,moderate,3317.3504114704474,549.8390374630226,0.6421575119129759,,,0.70155951356645,3867.18944893347,0.5,,1.0,6421.575119129759,0.3317350411470448,0.0549839037463022,40012,,"[""L008"", ""R001"", ""R002"", ""R004"", ""R005"", ""R006"", ""R007""]","[""R001"", ""R002"", ""R004"", ""R005"", ""R006"", ""R007"", ""R008""]",,,3.0,,regular,3104.224707659311,139.51646937760955,,942.0993327609732,1.0,,,,,,
612.4701109453663,1.0,,3192.099663508026,2,exp5:regular:r012,,3.0,,612.4701109453663,0.25,hardening:regular:r012,5,0.6994158562656521,6.0,2178.142386713706,1.0,,0.6339707249973966,7.0,,9999.999999999998,Catalog then correct,,0.0,,,,,,moderate,3705.83851504298,161.35093389049052,0.6830545734485881,,,0.70155951356645,3867.18944893347,1.0,,2.0,6830.545734485881,0.370583851504298,0.016135093389049,40012,,"[""R002"", ""R004"", ""R005"", ""R006"", ""R007"", ""C001""]","[""R001"", ""R002"", ""R004"", ""R005"", ""R006"", ""R007"", ""R008""]",,,3.0,,regular,3124.707219442902,0.0,,946.5648327291964,1.0,,,,,,
136.9475783669733,1.0,,3184.1865156025765,2,exp5:regular:r013,,3.0,,136.9475783669733,0.0,hardening:regular:r013,5,0.6225859547567472,8.0,2310.612857524621,1.0,,0.5960961433884806,7.0,,9999.999999999998,Catalog then correct,,2173.665279157648,,,,,,moderate,3041.673031964896,1258.7832406975394,0.6225859547567472,,,0.7477257128554277,4300.456272662435,0.0,,0.0,6225.859547567472,0.3041673031964896,0.1258783240697539,40013,,"[""L030"", ""L033"", ""R001"", ""R002"", ""R005"", ""R007"", ""R008"", ""C000""]","[""L030"", ""R001"", ""R002"", ""R005"", ""R007"", ""R008"", ""C000""]",,,3.0,,regular,3184.186515602576,0.0,,873.5736580779551,1.0,,,,,,
298.5271190848946,2.0,,3184.1865156025765,2,exp5:regular:r013,,3.0,,554.0043086949263,0.0,hardening:regular:r013,5,0.6251304055434481,8.0,2216.7152086325104,1.0,,0.5960961433884806,7.0,,9999.999999999998,Catalog then correct,,1086.832639578824,,,,,,moderate,3094.447394050084,1206.0088786123515,0.6251304055434481,,,0.7477257128554277,4300.456272662435,0.5,,1.0,6251.304055434481,0.3094447394050084,0.1206008878612351,40013,,"[""L030"", ""L032"", ""L033"", ""R001"", ""R002"", ""R005"", ""R007"", ""R008""]","[""L030"", ""R001"", ""R002"", ""R005"", ""R007"", ""R008"", ""C000""]",,,3.0,,regular,3156.856661384397,255.47718961003167,,940.1414527518866,1.0,,,,,,
1120.3964733592752,4.0,,3184.1865156025765,2,exp5:regular:r013,,3.0,,1120.3964733592752,0.0,hardening:regular:r013,5,0.7477257128554277,8.0,2168.4064714020096,1.0,,0.5960961433884806,7.0,,9999.999999999998,Catalog then correct,,0.0,,,,,,moderate,4300.456272662435,0.0,0.7477257128554277,,,0.7477257128554277,4300.456272662435,1.0,,3.0,7477.257128554276,0.4300456272662436,0.0,40013,,"[""L028"", ""L030"", ""L033"", ""R001"", ""R002"", ""R004"", ""R008"", ""C001""]","[""L030"", ""R001"", ""R002"", ""R005"", ""R007"", ""R008"", ""C000""]",,,3.0,,regular,3176.800855891841,0.0,,1008.3943844898312,1.0,,,,,,
136.9475783669733,1.0,,3184.1865156025765,2,exp5:regular:r013,,3.0,,136.9475783669733,0.01,hardening:regular:r013,5,0.6228063471504199,8.0,2310.612857524621,1.0,,0.5960961433884806,7.0,,9999.999999999998,Catalog then correct,,2173.665279157648,,,,,,moderate,3041.205935525428,1259.2503371370071,0.6225392451128006,,,0.7477257128554277,4300.456272662435,0.0,,0.0,6225.392451128005,0.3041205935525429,0.1259250337137007,40013,,"[""L030"", ""L033"", ""R001"", ""R002"", ""R005"", ""R007"", ""R008"", ""C000""]","[""L030"", ""R001"", ""R002"", ""R005"", ""R007"", ""R008"", ""C000""]",,,3.0,,regular,3184.1865156025765,0.0,,873.5736580779553,1.0,,,,,,
298.5271190848946,2.0,,3184.1865156025765,2,exp5:regular:r013,,3.0,,554.0043086949263,0.01,hardening:regular:r013,5,0.6251304055434481,8.0,2216.7152086325104,1.0,,0.5960961433884806,7.0,,9999.999999999998,Catalog then correct,,1086.832639578824,,,,,,moderate,3092.6418897320177,1207.8143829304177,0.6248400629218984,,,0.7477257128554277,4300.456272662435,0.5,,1.0,6248.400629218983,0.3092641889732018,0.1207814382930417,40013,,"[""L030"", ""L032"", ""L033"", ""R001"", ""R002"", ""R005"", ""R007"", ""R008""]","[""L030"", ""R001"", ""R002"", ""R005"", ""R007"", ""R008"", ""C000""]",,,3.0,,regular,3155.7587394869656,255.47718961003167,,939.0435308544552,1.0,,,,,,
1120.3964733592752,4.0,,3184.1865156025765,2,exp5:regular:r013,,3.0,,1120.3964733592752,0.01,hardening:regular:r013,5,0.7477257128554277,8.0,2168.4064714020096,1.0,,0.5960961433884806,7.0,,9999.999999999998,Catalog then correct,,0.0,,,,,,moderate,4287.073766930551,13.38250573188452,0.7462094171607582,,,0.7477257128554277,4300.456272662435,1.0,,3.0,7462.09417160758,0.4287073766930551,0.0013382505731884,40013,,"[""L028"", ""L030"", ""L033"", ""R001"", ""R002"", ""R004"", ""R008"", ""C001""]","[""L030"", ""R001"", ""R002"", ""R005"", ""R007"", ""R008"", ""C000""]",,,3.0,,regular,3175.02040467703,0.0,,1006.6139332750204,1.0,,,,,,
136.9475783669733,1.0,,3184.1865156025765,2,exp5:regular:r013,,3.0,,136.9475783669733,0.1,hardening:regular:r013,5,0.6249707870582022,8.0,2310.612857524621,1.0,,0.5960961433884806,7.0,,9999.999999999998,Catalog then correct,,2173.665279157648,,,,,,moderate,3036.646711309724,1263.8095613527116,0.62208332269123,,,0.7477257128554277,4300.456272662435,0.0,,0.0,6220.8332269123,0.3036646711309724,0.1263809561352711,40013,,"[""L030"", ""L033"", ""R001"", ""R002"", ""R005"", ""R007"", ""R008"", ""C000""]","[""L030"", ""R001"", ""R002"", ""R005"", ""R007"", ""R008"", ""C000""]",,,3.0,,regular,3184.1865156025765,0.0,,873.5736580779552,1.0,,,,,,
298.5271190848946,2.0,,3184.1865156025765,2,exp5:regular:r013,,3.0,,554.0043086949263,0.1,hardening:regular:r013,5,0.6251304055434481,8.0,2216.7152086325104,1.0,,0.5960961433884806,7.0,,9999.999999999998,Catalog then correct,,1086.832639578824,,,,,,moderate,3076.392350869429,1224.0639217930066,0.6222269793279513,,,0.7477257128554277,4300.456272662435,0.5,,1.0,6222.269793279513,0.3076392350869429,0.1224063921793006,40013,,"[""L030"", ""L032"", ""L033"", ""R001"", ""R002"", ""R005"", ""R007"", ""R008""]","[""L030"", ""R001"", ""R002"", ""R005"", ""R007"", ""R008"", ""C000""]",,,3.0,,regular,3145.877442410084,255.47718961003167,,929.1622337775734,1.0,,,,,,
843.4804663874174,3.0,,3184.1865156025765,2,exp5:regular:r013,,3.0,,843.4804663874174,0.1,hardening:regular:r013,5,0.7520409625056148,8.0,2211.930684826956,1.0,,0.5960961433884806,7.0,,9999.999999999998,Catalog then correct,,0.0,,,,,,moderate,4180.278290336438,120.17798232599762,0.7364464805939014,,,0.7477257128554277,4300.456272662435,1.0,,2.0,7364.464805939014,0.4180278290336438,0.0120177982325997,40013,,"[""L009"", ""L030"", ""L033"", ""R001"", ""R002"", ""R005"", ""R008"", ""C001""]","[""L030"", ""R001"", ""R002"", ""R005"", ""R007"", ""R008"", ""C000""]",,,3.0,,regular,3184.186515602576,0.0,,972.25583077562,1.0,,,,,,
136.9475783669733,1.0,,3184.1865156025765,2,exp5:regular:r013,,3.0,,136.9475783669733,0.25,hardening:regular:r013,5,0.62968129427234,8.0,2310.612857524621,1.0,,0.5960961433884806,7.0,,9999.999999999998,Catalog then correct,,2173.665279157648,,,,,,moderate,3028.663549911176,1271.79272275126,0.6212850065513751,,,0.7477257128554277,4300.456272662435,0.0,,0.0,6212.850065513751,0.3028663549911176,0.127179272275126,40013,,"[""L030"", ""L033"", ""R001"", ""R002"", ""R005"", ""R007"", ""R008"", ""C000""]","[""L030"", ""R001"", ""R002"", ""R005"", ""R007"", ""R008"", ""C000""]",,,3.0,,regular,3184.186515602576,0.0,,873.5736580779551,1.0,,,,,,
298.5271190848946,2.0,,3184.1865156025765,2,exp5:regular:r013,,3.0,,554.0043086949263,0.25,hardening:regular:r013,5,0.6251304055434481,8.0,2216.7152086325104,1.0,,0.5960961433884806,7.0,,9999.999999999998,Catalog then correct,,1086.832639578824,,,,,,moderate,3049.309786098448,1251.1464865639878,0.6178718400047063,,,0.7477257128554277,4300.456272662435,0.5,,1.0,6178.718400047062,0.3049309786098448,0.1251146486563988,40013,,"[""L030"", ""L032"", ""L033"", ""R001"", ""R002"", ""R005"", ""R007"", ""R008""]","[""L030"", ""R001"", ""R002"", ""R005"", ""R007"", ""R008"", ""C000""]",,,3.0,,regular,3129.408613948614,255.47718961003167,,912.6934053161036,1.0,,,,,,
843.4804663874174,3.0,,3184.1865156025765,2,exp5:regular:r013,,3.0,,843.4804663874174,0.25,hardening:regular:r013,5,0.7666849359066282,8.0,2211.930684826956,1.0,,0.5960961433884806,7.0,,9999.999999999998,Catalog then correct,,0.0,,,,,,moderate,4056.190862168337,244.2654104940989,0.7240377377770912,,,0.7477257128554277,4300.456272662435,1.0,,2.0,7240.377377770913,0.4056190862168337,0.0244265410494098,40013,,"[""L009"", ""L030"", ""L033"", ""R001"", ""R002"", ""R005"", ""R008"", ""C001""]","[""L030"", ""R001"", ""R002"", ""R005"", ""R007"", ""R008"", ""C000""]",,,3.0,,regular,3184.1865156025765,0.0,,972.2558307756204,1.0,,,,,,
165.25279045583056,1.0,,3149.994846744082,2,exp5:regular:r014,,3.0,,165.25279045583056,0.0,hardening:regular:r014,5,0.6085850674207466,8.0,2249.7947002594988,1.0,,0.5625259930979497,7.0,,10000.0,Catalog then correct,,2084.541909803668,,,,,,moderate,2999.8901094228254,1597.8206418015675,0.6085850674207466,,,0.774176231283154,4597.710751224393,0.0,,0.0,6085.850674207466,0.2999890109422825,0.1597820641801567,40014,,"[""L017"", ""L031"", ""R000"", ""R002"", ""R005"", ""R006"", ""R007"", ""C000""]","[""L017"", ""R000"", ""R002"", ""R005"", ""R006"", ""R007"", ""C000""]",,,3.0,,regular,3085.9605647846406,0.0,,836.1658645251418,1.0,,,,,,
439.6986861398917,2.0,,3149.994846744082,2,exp5:regular:r014,,3.0,,708.1401986387814,0.0,hardening:regular:r014,5,0.6458525278965485,8.0,2255.79908344467,1.0,,0.5625259930979497,7.0,,10000.0,Catalog then correct,,1042.270954901834,,,,,,moderate,3308.530432221401,1289.1803190029918,0.6458525278965485,,,0.774176231283154,4597.710751224393,0.5,,1.0,6458.525278965483,0.3308530432221401,0.1289180319002991,40014,,"[""L006"", ""L017"", ""R000"", ""R001"", ""R002"", ""R005"", ""R006"", ""R007""]","[""L017"", ""R000"", ""R002"", ""R005"", ""R006"", ""R007"", ""C000""]",,,3.0,,regular,3149.994846744082,268.44151249888967,,894.1957632994122,1.0,,,,,,
1198.230157269595,3.0,,3149.994846744082,2,exp5:regular:r014,,3.0,,1198.230157269595,0.0,hardening:regular:r014,5,0.774176231283154,7.0,2142.4661804344587,1.0,,0.5625259930979497,7.0,,10000.0,Catalog then correct,,0.0,,,,,,moderate,4597.710751224393,0.0,0.774176231283154,,,0.774176231283154,4597.710751224393,1.0,,3.0,7741.762312831541,0.4597710751224393,0.0,40014,,"[""L017"", ""R000"", ""R001"", ""R004"", ""R005"", ""R007"", ""C001""]","[""L017"", ""R000"", ""R002"", ""R005"", ""R006"", ""R007"", ""C000""]",,,3.0,,regular,3144.051561607148,0.0,,1001.585381172689,1.0,,,,,,
165.25279045583056,1.0,,3149.994846744082,2,exp5:regular:r014,,3.0,,165.25279045583056,0.01,hardening:regular:r014,5,0.6085850674207466,8.0,2249.7947002594988,1.0,,0.5625259930979497,7.0,,10000.0,Catalog then correct,,2084.541909803668,,,,,,moderate,2996.190475039341,1601.5202761850514,0.6081244766775187,,,0.774176231283154,4597.710751224393,0.0,,0.0,6081.244766775186,0.2996190475039341,0.1601520276185051,40014,,"[""L017"", ""L031"", ""R000"", ""R002"", ""R005"", ""R006"", ""R007"", ""C000""]","[""L017"", ""R000"", ""R002"", ""R005"", ""R006"", ""R007"", ""C000""]",,,3.0,,regular,3085.0542917358443,0.0,,835.2595914763456,1.0,,,,,,
439.6986861398917,2.0,,3149.994846744082,2,exp5:regular:r014,,3.0,,708.1401986387814,0.01,hardening:regular:r014,5,0.646666776134203,8.0,2255.79908344467,1.0,,0.5625259930979497,7.0,,10000.0,Catalog then correct,,1042.270954901834,,,,,,moderate,3308.258836294321,1289.4519149300718,0.6458253683038404,,,0.774176231283154,4597.710751224393,0.5,,1.0,6458.253683038403,0.3308258836294321,0.1289451914930071,40014,,"[""L006"", ""L017"", ""R000"", ""R001"", ""R002"", ""R005"", ""R006"", ""R007""]","[""L017"", ""R000"", ""R002"", ""R005"", ""R006"", ""R007"", ""C000""]",,,3.0,,regular,3149.994846744082,268.44151249888967,,894.1957632994121,1.0,,,,,,
1198.230157269595,3.0,,3149.994846744082,2,exp5:regular:r014,,3.0,,1198.230157269595,0.01,hardening:regular:r014,5,0.7741762312831542,7.0,2142.4661804344587,1.0,,0.5625259930979497,7.0,,10000.0,Catalog then correct,,0.0,,,,,,moderate,4579.106195621145,18.60455560324772,0.7720597289013021,,,0.774176231283154,4597.710751224393,1.0,,3.0,7720.597289013021,0.4579106195621145,0.0018604555603247,40014,,"[""L017"", ""R000"", ""R001"", ""R004"", ""R005"", ""R007"", ""C001""]","[""L017"", ""R000"", ""R002"", ""R005"", ""R006"", ""R007"", ""C000""]",,,3.0,,regular,3141.491093391876,0.0,,999.0249129574172,1.0,,,,,,
165.25279045583056,1.0,,3149.994846744082,2,exp5:regular:r014,,3.0,,165.25279045583056,0.1,hardening:regular:r014,5,0.6085850674207466,8.0,2249.7947002594988,1.0,,0.5625259930979497,7.0,,10000.0,Catalog then correct,,2084.541909803668,,,,,,moderate,2962.893765587992,1634.8169856364011,0.603979159988467,,,0.774176231283154,4597.710751224393,0.0,,0.0,6039.791599884669,0.2962893765587991,0.1634816985636401,40014,,"[""L017"", ""L031"", ""R000"", ""R002"", ""R005"", ""R006"", ""R007"", ""C000""]","[""L017"", ""R000"", ""R002"", ""R005"", ""R006"", ""R007"", ""C000""]",,,3.0,,regular,3076.897834296677,0.0,,827.1031340371786,1.0,,,,,,
439.6986861398917,2.0,,3149.994846744082,2,exp5:regular:r014,,3.0,,708.1401986387814,0.1,hardening:regular:r014,5,0.6486123128654266,8.0,2255.79908344467,1.0,,0.5625259930979497,7.0,,10000.0,Catalog then correct,,1042.270954901834,,,,,,moderate,3260.286386032093,1337.4243651922998,0.640003680888679,,,0.774176231283154,4597.710751224393,0.5,,1.0,6400.036808886789,0.3260286386032093,0.1337424365192299,40014,,"[""L006"", ""L017"", ""R000"", ""R001"", ""R002"", ""R005"", ""R006"", ""R007""]","[""L017"", ""R000"", ""R002"", ""R005"", ""R006"", ""R007"", ""C000""]",,,3.0,,regular,3139.750422854696,268.44151249888967,,883.9513394100261,1.0,,,,,,
1198.230157269595,3.0,,3149.994846744082,2,exp5:regular:r014,,3.0,,1198.230157269595,0.1,hardening:regular:r014,5,0.774176231283154,7.0,2142.4661804344587,1.0,,0.5625259930979497,7.0,,10000.0,Catalog then correct,,0.0,,,,,,moderate,4411.665195191907,186.04555603248627,0.7530112074646337,,,0.774176231283154,4597.710751224393,1.0,,3.0,7530.112074646337,0.4411665195191906,0.0186045556032486,40014,,"[""L017"", ""R000"", ""R001"", ""R004"", ""R005"", ""R007"", ""C001""]","[""L017"", ""R000"", ""R002"", ""R005"", ""R006"", ""R007"", ""C000""]",,,3.0,,regular,3118.44687945443,0.0,,975.9806990199712,1.0,,,,,,
165.25279045583056,1.0,,3149.994846744082,2,exp5:regular:r014,,3.0,,165.25279045583056,0.25,hardening:regular:r014,5,0.6085850674207466,8.0,2249.7947002594988,1.0,,0.5625259930979497,7.0,,10000.0,Catalog then correct,,2084.541909803668,,,,,,moderate,2907.399249835741,1690.3115013886518,0.5970702988400474,,,0.774176231283154,4597.710751224393,0.0,,0.0,5970.702988400473,0.2907399249835741,0.1690311501388652,40014,,"[""L017"", ""L031"", ""R000"", ""R002"", ""R005"", ""R006"", ""R007"", ""C000""]","[""L017"", ""R000"", ""R002"", ""R005"", ""R006"", ""R007"", ""C000""]",,,3.0,,regular,3063.303738564732,0.0,,813.5090383052336,1.0,,,,,,
455.2980700621522,2.0,,3149.994846744082,2,exp5:regular:r014,,3.0,,723.7395825610419,0.25,hardening:regular:r014,5,0.6544602734035719,8.0,2271.398467366931,1.0,,0.5625259930979497,7.0,,10000.0,Catalog then correct,,1042.270954901834,,,,,,moderate,3168.240825286003,1429.4699259383897,0.6314767033271663,,,0.774176231283154,4597.710751224393,0.5,,1.0,6314.767033271663,0.3168240825286003,0.1429469925938389,40014,,"[""L005"", ""L017"", ""R000"", ""R002"", ""R004"", ""R005"", ""R006"", ""R007""]","[""L017"", ""R000"", ""R002"", ""R005"", ""R006"", ""R007"", ""C000""]",,,3.0,,regular,3146.52620798566,268.44151249888967,,875.1277406187293,1.0,,,,,,
1198.230157269595,3.0,,3149.994846744082,2,exp5:regular:r014,,3.0,,1198.230157269595,0.25,hardening:regular:r014,5,0.774176231283154,7.0,2142.4661804344587,1.0,,0.5625259930979497,7.0,,10000.0,Catalog then correct,,0.0,,,,,,moderate,4132.596861143176,465.1138900812166,0.7212636717368529,,,0.774176231283154,4597.710751224393,1.0,,3.0,7212.636717368529,0.4132596861143176,0.0465113890081216,40014,,"[""L017"", ""R000"", ""R001"", ""R004"", ""R005"", ""R007"", ""C001""]","[""L017"", ""R000"", ""R002"", ""R005"", ""R006"", ""R007"", ""C000""]",,,3.0,,regular,3080.0398562253527,0.0,,937.573675790894,1.0,,,,,,
0.0,0.0,,3157.5449359068625,2,exp5:regular:r015,,3.0,,0.0,0.0,hardening:regular:r015,5,0.5905436544588097,7.0,2284.582416020416,1.0,,0.5905436544588097,7.0,,9999.999999999998,Catalog then correct,,2284.582416020416,,,,,,moderate,2887.17691525188,1097.7352928027567,0.5905436544588097,,,0.71424571439615,3984.9122080546367,0.0,,0.0,5905.436544588098,0.288717691525188,0.1097735292802756,40015,,"[""R000"", ""R001"", ""R004"", ""R005"", ""R006"", ""R008"", ""C000""]","[""R000"", ""R001"", ""R004"", ""R005"", ""R006"", ""R008"", ""C000""]",,,3.0,,regular,3018.2596293362176,0.0,,733.6772133158021,1.0,,,,,,
271.86299680163813,2.0,,3157.5449359068625,2,exp5:regular:r015,,3.0,,536.3509341389924,0.0,hardening:regular:r015,5,0.6161259038753644,8.0,2291.9574754846994,1.0,,0.5905436544588097,7.0,,9999.999999999998,Catalog then correct,,1142.2912080102078,,,,,,moderate,3003.7141028467813,981.1981052078554,0.6161259038753644,,,0.71424571439615,3984.9122080546367,0.5,,1.0,6161.259038753644,0.3003714102846782,0.0981198105207855,40015,,"[""L004"", ""L009"", ""R000"", ""R001"", ""R004"", ""R005"", ""R006"", ""R008""]","[""R000"", ""R001"", ""R004"", ""R005"", ""R006"", ""R008"", ""C000""]",,,3.0,,regular,3157.5449359068625,264.4879373373544,,865.587460422163,1.0,,,,,,
1233.46805302451,6.0,,3157.5449359068625,2,exp5:regular:r015,,3.0,,1233.46805302451,0.0,hardening:regular:r015,5,0.71424571439615,9.0,2121.7478636443047,1.0,,0.5905436544588097,7.0,,9999.999999999998,Catalog then correct,,0.0,,,,,,moderate,3984.9122080546367,0.0,0.71424571439615,,,0.71424571439615,3984.9122080546367,1.0,,4.0,7142.457143961499,0.3984912208054637,0.0,40015,,"[""L004"", ""L009"", ""L013"", ""L028"", ""L035"", ""R001"", ""R004"", ""R008"", ""C001""]","[""R000"", ""R001"", ""R004"", ""R005"", ""R006"", ""R008"", ""C000""]",,,3.0,,regular,3157.5449359068625,0.0,,1035.797072262558,1.0,,,,,,
0.0,0.0,,3157.5449359068625,2,exp5:regular:r015,,3.0,,0.0,0.01,hardening:regular:r015,5,0.5905436544588097,7.0,2284.582416020416,1.0,,0.5905436544588097,7.0,,9999.999999999998,Catalog then correct,,2284.582416020416,,,,,,moderate,2887.176915251879,1097.7352928027576,0.5905436544588097,,,0.71424571439615,3984.9122080546367,0.0,,0.0,5905.436544588097,0.2887176915251879,0.1097735292802757,40015,,"[""R000"", ""R001"", ""R004"", ""R005"", ""R006"", ""R008"", ""C000""]","[""R000"", ""R001"", ""R004"", ""R005"", ""R006"", ""R008"", ""C000""]",,,3.0,,regular,3018.2596293362176,0.0,,733.6772133158021,1.0,,,,,,
271.86299680163813,2.0,,3157.5449359068625,2,exp5:regular:r015,,3.0,,536.3509341389924,0.01,hardening:regular:r015,5,0.6168224243636868,8.0,2291.9574754846994,1.0,,0.5905436544588097,7.0,,9999.999999999998,Catalog then correct,,1142.2912080102078,,,,,,moderate,3008.0514307395183,976.8607773151184,0.6165596366646381,,,0.71424571439615,3984.9122080546367,0.5,,1.0,6165.59636664638,0.3008051430739519,0.0976860777315118,40015,,"[""L004"", ""L009"", ""R000"", ""R001"", ""R004"", ""R005"", ""R006"", ""R008""]","[""R000"", ""R001"", ""R004"", ""R005"", ""R006"", ""R008"", ""C000""]",,,3.0,,regular,3157.544935906862,264.4879373373544,,865.5874604221627,1.0,,,,,,
1233.46805302451,6.0,,3157.5449359068625,2,exp5:regular:r015,,3.0,,1233.46805302451,0.01,hardening:regular:r015,5,0.715568896175136,9.0,2121.7478636443047,1.0,,0.5905436544588097,7.0,,9999.999999999998,Catalog then correct,,0.0,,,,,,moderate,3985.641501672864,-0.7292936182275298,0.7143186437579727,,,0.71424571439615,3984.9122080546367,1.0,,4.0,7143.186437579728,0.3985641501672865,-7.2929361822753e-05,40015,,"[""L004"", ""L009"", ""L013"", ""L028"", ""L035"", ""R001"", ""R004"", ""R008"", ""C001""]","[""R000"", ""R001"", ""R004"", ""R005"", ""R006"", ""R008"", ""C000""]",,,3.0,,regular,3157.5449359068634,0.0,,1035.7970722625585,1.0,,,,,,
0.0,0.0,,3157.5449359068625,2,exp5:regular:r015,,3.0,,0.0,0.1,hardening:regular:r015,5,0.5905436544588097,7.0,2284.582416020416,1.0,,0.5905436544588097,7.0,,9999.999999999998,Catalog then correct,,2284.582416020416,,,,,,moderate,2887.17691525188,1097.7352928027567,0.5905436544588097,,,0.71424571439615,3984.9122080546367,0.0,,0.0,5905.436544588098,0.288717691525188,0.1097735292802756,40015,,"[""R000"", ""R001"", ""R004"", ""R005"", ""R006"", ""R008"", ""C000""]","[""R000"", ""R001"", ""R004"", ""R005"", ""R006"", ""R008"", ""C000""]",,,3.0,,regular,3018.2596293362176,0.0,,733.6772133158022,1.0,,,,,,
271.86299680163813,2.0,,3157.5449359068625,2,exp5:regular:r015,,3.0,,536.3509341389924,0.1,hardening:regular:r015,5,0.623787629246912,8.0,2291.9574754846994,1.0,,0.5905436544588097,7.0,,9999.999999999998,Catalog then correct,,1142.2912080102078,,,,,,moderate,3047.087381774156,937.8248262804808,0.6204632317681018,,,0.71424571439615,3984.9122080546367,0.5,,1.0,6204.632317681018,0.3047087381774156,0.0937824826280481,40015,,"[""L004"", ""L009"", ""R000"", ""R001"", ""R004"", ""R005"", ""R006"", ""R008""]","[""R000"", ""R001"", ""R004"", ""R005"", ""R006"", ""R008"", ""C000""]",,,3.0,,regular,3157.5449359068625,264.4879373373544,,865.5874604221628,1.0,,,,,,
1266.852136119478,6.0,,3157.5449359068625,2,exp5:regular:r015,,3.0,,1266.852136119478,0.1,hardening:regular:r015,5,0.7202322379685011,9.0,2155.1319467392727,1.0,,0.5905436544588097,7.0,,9999.999999999998,Catalog then correct,,0.0,,,,,,moderate,3918.136361952309,66.7758461023277,0.7072633796175319,,,0.71424571439615,3984.9122080546367,1.0,,4.0,7072.63379617532,0.3918136361952309,0.0066775846102327,40015,,"[""L004"", ""L009"", ""L013"", ""L026"", ""L035"", ""R001"", ""R004"", ""R008"", ""C001""]","[""R000"", ""R001"", ""R004"", ""R005"", ""R006"", ""R008"", ""C000""]",,,3.0,,regular,3154.4974342230107,0.0,,999.365487483738,1.0,,,,,,
0.0,0.0,,3157.5449359068625,2,exp5:regular:r015,,3.0,,0.0,0.25,hardening:regular:r015,5,0.5905436544588097,7.0,2284.582416020416,1.0,,0.5905436544588097,7.0,,9999.999999999998,Catalog then correct,,2284.582416020416,,,,,,moderate,2887.17691525188,1097.7352928027567,0.5905436544588097,,,0.71424571439615,3984.9122080546367,0.0,,0.0,5905.436544588098,0.288717691525188,0.1097735292802756,40015,,"[""R000"", ""R001"", ""R004"", ""R005"", ""R006"", ""R008"", ""C000""]","[""R000"", ""R001"", ""R004"", ""R005"", ""R006"", ""R008"", ""C000""]",,,3.0,,regular,3018.2596293362176,0.0,,733.6772133158021,1.0,,,,,,
270.73241896754223,2.0,,3157.5449359068625,2,exp5:regular:r015,,3.0,,535.2203563048965,0.25,hardening:regular:r015,5,0.631319634353678,8.0,2290.8268976506038,1.0,,0.5905436544588097,7.0,,9999.999999999998,Catalog then correct,,1142.2912080102078,,,,,,moderate,3056.889213169962,928.0229948846744,0.6211256393799609,,,0.71424571439615,3984.9122080546367,0.5,,1.0,6211.256393799609,0.3056889213169962,0.0928022994884674,40015,,"[""L009"", ""L013"", ""R000"", ""R001"", ""R004"", ""R005"", ""R006"", ""R008""]","[""R000"", ""R001"", ""R004"", ""R005"", ""R006"", ""R008"", ""C000""]",,,3.0,,regular,3154.367180629647,264.4879373373544,,863.5402829790437,1.0,,,,,,
1233.46805302451,6.0,,3157.5449359068625,2,exp5:regular:r015,,3.0,,1233.46805302451,0.25,hardening:regular:r015,5,0.7180554703621811,9.0,2121.7478636443047,1.0,,0.5905436544588097,7.0,,9999.999999999998,Catalog then correct,,0.0,,,,,,moderate,3773.169636537889,211.74257151674735,0.6861775163863383,,,0.71424571439615,3984.9122080546367,1.0,,4.0,6861.775163863382,0.377316963653789,0.0211742571516747,40015,,"[""L004"", ""L009"", ""L013"", ""L028"", ""L035"", ""R001"", ""R004"", ""R008"", ""C001""]","[""R000"", ""R001"", ""R004"", ""R005"", ""R006"", ""R008"", ""C000""]",,,3.0,,regular,3088.6055273254924,0.0,,966.8576636811874,1.0,,,,,,
143.53544570454906,1.0,,3157.122265676465,2,exp5:regular:r016,,3.0,,143.53544570454906,0.0,hardening:regular:r016,5,0.5790609546063431,8.0,2343.235214866862,1.0,,0.5427365755746135,7.0,,10000.000000000002,Catalog then correct,,2199.699769162313,,,,,,moderate,2634.673723871829,1548.899686758427,0.5790609546063431,,,0.733586184417362,4183.573410630256,0.0,,0.0,5790.609546063431,0.2634673723871829,0.1548899686758426,40016,,"[""L020"", ""L032"", ""R001"", ""R002"", ""R003"", ""R004"", ""R008"", ""C000""]","[""L020"", ""R001"", ""R002"", ""R003"", ""R004"", ""R008"", ""C000""]",,,3.0,,regular,3155.9358221916013,0.0,,812.7006073247394,1.0,,,,,,
509.2146997840613,1.0,,3157.122265676465,2,exp5:regular:r016,,3.0,,951.3238819987218,0.0,hardening:regular:r016,5,0.6305983521167227,6.0,2266.8052867317137,1.0,,0.5427365755746135,7.0,,10000.000000000002,Catalog then correct,,1099.8498845811564,,,,,,moderate,3203.85970000439,979.713710625866,0.6305983521167227,,,0.733586184417362,4183.573410630256,0.5,,2.0,6305.983521167226,0.3203859700004389,0.0979713710625865,40016,,"[""L020"", ""R002"", ""R003"", ""R004"", ""R008"", ""C001""]","[""L020"", ""R001"", ""R002"", ""R003"", ""R004"", ""R008"", ""C000""]",,,3.0,,regular,3102.123821162836,442.1091822146605,,835.3185344311223,1.0,,,,,,
1122.0693078547388,4.0,,3157.122265676465,2,exp5:regular:r016,,3.0,,1122.0693078547388,0.0,hardening:regular:r016,5,0.733586184417362,8.0,2132.539278197888,1.0,,0.5427365755746135,7.0,,10000.000000000002,Catalog then correct,,0.0,,,,,,moderate,4183.573410630256,0.0,0.733586184417362,,,0.733586184417362,4183.573410630256,1.0,,3.0,7335.861844173619,0.4183573410630255,0.0,40016,,"[""L020"", ""L025"", ""L035"", ""R002"", ""R003"", ""R004"", ""R005"", ""C001""]","[""L020"", ""R001"", ""R002"", ""R003"", ""R004"", ""R008"", ""C000""]",,,3.0,,regular,3152.2884335433628,0.0,,1019.749155345475,1.0,,,,,,
143.53544570454906,1.0,,3157.122265676465,2,exp5:regular:r016,,3.0,,143.53544570454906,0.01,hardening:regular:r016,5,0.5790609546063431,8.0,2343.235214866862,1.0,,0.5427365755746135,7.0,,10000.000000000002,Catalog then correct,,2199.699769162313,,,,,,moderate,2631.660986807466,1551.91242382279,0.5786977108160257,,,0.733586184417362,4183.573410630256,0.0,,0.0,5786.977108160258,0.2631660986807466,0.1551912423822789,40016,,"[""L020"", ""L032"", ""R001"", ""R002"", ""R003"", ""R004"", ""R008"", ""C000""]","[""L020"", ""R001"", ""R002"", ""R003"", ""R004"", ""R008"", ""C000""]",,,3.0,,regular,3155.3161213527915,0.0,,812.0809064859294,1.0,,,,,,
509.2146997840613,1.0,,3157.122265676465,2,exp5:regular:r016,,3.0,,951.3238819987218,0.01,hardening:regular:r016,5,0.6305983521167227,6.0,2266.8052867317137,1.0,,0.5427365755746135,7.0,,10000.000000000002,Catalog then correct,,1099.8498845811564,,,,,,moderate,3195.9194024600524,987.6540081702036,0.6297197343513016,,,0.733586184417362,4183.573410630256,0.5,,2.0,6297.197343513015,0.3195919402460052,0.0987654008170203,40016,,"[""L020"", ""R002"", ""R003"", ""R004"", ""R008"", ""C001""]","[""L020"", ""R001"", ""R002"", ""R003"", ""R004"", ""R008"", ""C000""]",,,3.0,,regular,3101.2779410529624,442.1091822146605,,834.4726543212486,1.0,,,,,,
1122.0693078547388,4.0,,3157.122265676465,2,exp5:regular:r016,,3.0,,1122.0693078547388,0.01,hardening:regular:r016,5,0.733586184417362,8.0,2132.539278197888,1.0,,0.5427365755746135,7.0,,10000.000000000002,Catalog then correct,,0.0,,,,,,moderate,4167.178636064999,16.39477456525674,0.7316776883289344,,,0.733586184417362,4183.573410630256,1.0,,3.0,7316.776883289345,0.4167178636064998,0.0016394774565256,40016,,"[""L020"", ""L025"", ""L035"", ""R002"", ""R003"", ""R004"", ""R005"", ""C001""]","[""L020"", ""R001"", ""R002"", ""R003"", ""R004"", ""R008"", ""C000""]",,,3.0,,regular,3149.598247224346,0.0,,1017.0589690264576,1.0,,,,,,
143.53544570454906,1.0,,3157.122265676465,2,exp5:regular:r016,,3.0,,143.53544570454906,0.1,hardening:regular:r016,5,0.5790609546063431,8.0,2343.235214866862,1.0,,0.5427365755746135,7.0,,10000.000000000002,Catalog then correct,,2199.699769162313,,,,,,moderate,2604.5463532281988,1579.0270574020574,0.5754285167031702,,,0.733586184417362,4183.573410630256,0.0,,0.0,5754.2851670317,0.2604546353228198,0.1579027057402057,40016,,"[""L020"", ""L032"", ""R001"", ""R002"", ""R003"", ""R004"", ""R008"", ""C000""]","[""L020"", ""R001"", ""R002"", ""R003"", ""R004"", ""R008"", ""C000""]",,,3.0,,regular,3149.7388138035017,0.0,,806.5035989366396,1.0,,,,,,
509.2146997840613,1.0,,3157.122265676465,2,exp5:regular:r016,,3.0,,951.3238819987218,0.1,hardening:regular:r016,5,0.6305983521167227,6.0,2266.8052867317137,1.0,,0.5427365755746135,7.0,,10000.000000000002,Catalog then correct,,1099.8498845811564,,,,,,moderate,3124.4567245610187,1059.1166860692374,0.6218121744625118,,,0.733586184417362,4183.573410630256,0.5,,2.0,6218.121744625117,0.3124456724561018,0.1059116686069237,40016,,"[""L020"", ""R002"", ""R003"", ""R004"", ""R008"", ""C001""]","[""L020"", ""R001"", ""R002"", ""R003"", ""R004"", ""R008"", ""C000""]",,,3.0,,regular,3093.665020064098,442.1091822146605,,826.8597333323844,1.0,,,,,,
1124.7441722001467,4.0,,3157.122265676465,2,exp5:regular:r016,,3.0,,1124.7441722001467,0.1,hardening:regular:r016,5,0.7350694002122975,8.0,2135.2141425432965,1.0,,0.5427365755746135,7.0,,10000.000000000002,Catalog then correct,,0.0,,,,,,moderate,4021.377160869537,162.19624976071964,0.7158361177485292,,,0.733586184417362,4183.573410630256,1.0,,3.0,7158.36117748529,0.4021377160869536,0.0162196249760719,40016,,"[""L000"", ""L020"", ""L035"", ""R002"", ""R003"", ""R004"", ""R005"", ""C001""]","[""L020"", ""R001"", ""R002"", ""R003"", ""R004"", ""R008"", ""C000""]",,,3.0,,regular,3136.9840166157533,0.0,,1001.7698740724568,1.0,,,,,,
140.29868556455878,1.0,,3157.122265676465,2,exp5:regular:r016,,3.0,,140.29868556455878,0.25,hardening:regular:r016,5,0.5817585379875413,8.0,2339.9984547268714,1.0,,0.5427365755746135,7.0,,10000.000000000002,Catalog then correct,,2199.699769162313,,,,,,moderate,2570.039552440324,1613.5338581899323,0.5720030473843093,,,0.733586184417362,4183.573410630256,0.0,,0.0,5720.030473843093,0.2570039552440323,0.1613533858189932,40016,,"[""L013"", ""L020"", ""R001"", ""R002"", ""R003"", ""R004"", ""R008"", ""C000""]","[""L020"", ""R001"", ""R002"", ""R003"", ""R004"", ""R008"", ""C000""]",,,3.0,,regular,3149.9909214027693,0.0,,809.9924666758982,1.0,,,,,,
509.2146997840613,1.0,,3157.122265676465,2,exp5:regular:r016,,3.0,,951.3238819987218,0.25,hardening:regular:r016,5,0.6305983521167227,6.0,2266.8052867317137,1.0,,0.5427365755746135,7.0,,10000.000000000002,Catalog then correct,,1099.8498845811564,,,,,,moderate,3005.352261395961,1178.221149234295,0.6086329079811954,,,0.733586184417362,4183.573410630256,0.5,,2.0,6086.329079811952,0.300535226139596,0.1178221149234294,40016,,"[""L020"", ""R002"", ""R003"", ""R004"", ""R008"", ""C001""]","[""L020"", ""R001"", ""R002"", ""R003"", ""R004"", ""R008"", ""C000""]",,,3.0,,regular,3080.976818415991,442.1091822146605,,814.1715316842774,1.0,,,,,,
1141.9573078850617,4.0,,3157.122265676465,2,exp5:regular:r016,,3.0,,1141.9573078850617,0.25,hardening:regular:r016,5,0.739504499167997,8.0,2152.427278228211,1.0,,0.5427365755746135,7.0,,10000.000000000002,Catalog then correct,,0.0,,,,,,moderate,3779.1468070966566,404.4266035335995,0.6903125182696511,,,0.733586184417362,4183.573410630256,1.0,,3.0,6903.125182696511,0.3779146807096656,0.0404426603533599,40016,,"[""L000"", ""L020"", ""L035"", ""R002"", ""R003"", ""R004"", ""R007"", ""C001""]","[""L020"", ""R001"", ""R002"", ""R003"", ""R004"", ""R008"", ""C000""]",,,3.0,,regular,3123.978375599854,0.0,,971.5510973716434,1.0,,,,,,
0.0,0.0,,3219.934328513683,2,exp5:regular:r017,,3.0,,0.0,0.0,hardening:regular:r017,5,0.5825924616288779,6.0,2316.286113825685,1.0,,0.5825924616288779,6.0,,10000.000000000002,Catalog then correct,,2316.286113825685,,,,,,moderate,2756.777592661724,895.5372609212463,0.5825924616288779,,,0.6872249182096654,3652.3148535829705,0.0,,0.0,5825.924616288779,0.2756777592661724,0.0895537260921246,40017,,"[""R001"", ""R004"", ""R007"", ""R008"", ""C001"", ""C002""]","[""R001"", ""R004"", ""R007"", ""R008"", ""C001"", ""C002""]",,,3.0,,regular,3069.147023627055,0.0,,752.8609098013706,1.0,,,,,,
295.03486604404964,1.0,,3219.934328513683,2,exp5:regular:r017,,3.0,,543.1926892378277,0.0,hardening:regular:r017,5,0.6387819247373303,6.0,2363.1631566759565,1.0,,0.5825924616288779,6.0,,10000.000000000002,Catalog then correct,,1158.1430569128424,,,,,,moderate,3177.3659113346102,474.94894224836025,0.6387819247373303,,,0.6872249182096654,3652.3148535829705,0.5,,1.0,6387.819247373303,0.317736591133461,0.047494894224836,40017,,"[""R000"", ""R001"", ""R004"", ""R007"", ""R008"", ""C001""]","[""R001"", ""R004"", ""R007"", ""R008"", ""C001"", ""C002""]",,,3.0,,regular,3210.453336038693,248.15782319377809,,847.2901793627364,1.0,,,,,,
1269.1037719519934,6.0,,3219.934328513683,2,exp5:regular:r017,,3.0,,1269.1037719519934,0.0,hardening:regular:r017,5,0.6872249182096654,9.0,2182.3499857481675,1.0,,0.5825924616288779,6.0,,10000.000000000002,Catalog then correct,,0.0,,,,,,moderate,3652.3148535829705,0.0,0.6872249182096654,,,0.6872249182096654,3652.3148535829705,1.0,,3.0,6872.249182096653,0.3652314853582969,0.0,40017,,"[""L009"", ""L014"", ""L020"", ""R000"", ""R001"", ""R002"", ""R004"", ""R005"", ""R008""]","[""R001"", ""R004"", ""R007"", ""R008"", ""C001"", ""C002""]",,,3.0,,regular,3219.934328513683,0.0,,1037.5843427655154,1.0,,,,,,
0.0,0.0,,3219.934328513683,2,exp5:regular:r017,,3.0,,0.0,0.01,hardening:regular:r017,5,0.5825924616288779,6.0,2316.286113825685,1.0,,0.5825924616288779,6.0,,10000.000000000002,Catalog then correct,,2316.286113825685,,,,,,moderate,2756.7775926617232,895.5372609212473,0.5825924616288778,,,0.6872249182096654,3652.3148535829705,0.0,,0.0,5825.924616288778,0.2756777592661723,0.0895537260921247,40017,,"[""R001"", ""R004"", ""R007"", ""R008"", ""C001"", ""C002""]","[""R001"", ""R004"", ""R007"", ""R008"", ""C001"", ""C002""]",,,3.0,,regular,3069.147023627055,0.0,,752.8609098013706,1.0,,,,,,
295.03486604404964,1.0,,3219.934328513683,2,exp5:regular:r017,,3.0,,543.1926892378277,0.01,hardening:regular:r017,5,0.6387819247373303,6.0,2363.1631566759565,1.0,,0.5825924616288779,6.0,,10000.000000000002,Catalog then correct,,1158.1430569128424,,,,,,moderate,3172.6912577193784,479.6235958635921,0.6382200301062457,,,0.6872249182096654,3652.3148535829705,0.5,,1.0,6382.200301062458,0.3172691257719378,0.0479623595863592,40017,,"[""R000"", ""R001"", ""R004"", ""R007"", ""R008"", ""C001""]","[""R001"", ""R004"", ""R007"", ""R008"", ""C001"", ""C002""]",,,3.0,,regular,3209.509043343079,248.15782319377809,,846.3458866671227,1.0,,,,,,
1269.1037719519934,6.0,,3219.934328513683,2,exp5:regular:r017,,3.0,,1269.1037719519934,0.01,hardening:regular:r017,5,0.6885565929369936,9.0,2182.3499857481675,1.0,,0.5825924616288779,6.0,,10000.000000000002,Catalog then correct,,0.0,,,,,,moderate,3655.035187725441,-2.72033414247062,0.6874969516239123,,,0.6872249182096654,3652.3148535829705,1.0,,3.0,6874.969516239124,0.365503518772544,-0.000272033414247,40017,,"[""L009"", ""L014"", ""L020"", ""R000"", ""R001"", ""R002"", ""R004"", ""R005"", ""R008""]","[""R001"", ""R004"", ""R007"", ""R008"", ""C001"", ""C002""]",,,3.0,,regular,3219.9343285136824,0.0,,1037.584342765515,1.0,,,,,,
0.0,0.0,,3219.934328513683,2,exp5:regular:r017,,3.0,,0.0,0.1,hardening:regular:r017,5,0.5825924616288779,6.0,2316.286113825685,1.0,,0.5825924616288779,6.0,,10000.000000000002,Catalog then correct,,2316.286113825685,,,,,,moderate,2756.7775926617232,895.5372609212473,0.5825924616288779,,,0.6872249182096654,3652.3148535829705,0.0,,0.0,5825.924616288778,0.2756777592661723,0.0895537260921247,40017,,"[""R001"", ""R004"", ""R007"", ""R008"", ""C001"", ""C002""]","[""R001"", ""R004"", ""R007"", ""R008"", ""C001"", ""C002""]",,,3.0,,regular,3069.147023627055,0.0,,752.8609098013706,1.0,,,,,,
295.03486604404964,1.0,,3219.934328513683,2,exp5:regular:r017,,3.0,,543.1926892378277,0.1,hardening:regular:r017,5,0.6387819247373303,6.0,2363.1631566759565,1.0,,0.5825924616288779,6.0,,10000.000000000002,Catalog then correct,,1158.1430569128424,,,,,,moderate,3130.619375182295,521.6954784006757,0.6331629784264851,,,0.6872249182096654,3652.3148535829705,0.5,,1.0,6331.629784264851,0.3130619375182294,0.0521695478400675,40017,,"[""R000"", ""R001"", ""R004"", ""R007"", ""R008"", ""C001""]","[""R001"", ""R004"", ""R007"", ""R008"", ""C001"", ""C002""]",,,3.0,,regular,3201.010409082556,248.15782319377809,,837.8472524065998,1.0,,,,,,
1272.291600140214,6.0,,3219.934328513683,2,exp5:regular:r017,,3.0,,1272.291600140214,0.1,hardening:regular:r017,5,0.699359450182924,9.0,2185.5378139363884,1.0,,0.5825924616288779,6.0,,10000.000000000002,Catalog then correct,,0.0,,,,,,moderate,3661.796320470308,-9.481466887337774,0.6876827513275194,,,0.6872249182096654,3652.3148535829705,1.0,,3.0,6876.827513275194,0.3661796320470307,-0.0009481466887337,40017,,"[""L009"", ""L020"", ""L024"", ""R000"", ""R001"", ""R002"", ""R004"", ""R005"", ""R008""]","[""R001"", ""R004"", ""R007"", ""R008"", ""C001"", ""C002""]",,,3.0,,regular,3215.031192804886,0.0,,1029.4933788684978,1.0,,,,,,
0.0,0.0,,3219.934328513683,2,exp5:regular:r017,,3.0,,0.0,0.25,hardening:regular:r017,5,0.5825924616288779,6.0,2316.286113825685,1.0,,0.5825924616288779,6.0,,10000.000000000002,Catalog then correct,,2316.286113825685,,,,,,moderate,2756.7775926617232,895.5372609212473,0.5825924616288779,,,0.6872249182096654,3652.3148535829705,0.0,,0.0,5825.924616288778,0.2756777592661723,0.0895537260921247,40017,,"[""R001"", ""R004"", ""R007"", ""R008"", ""C001"", ""C002""]","[""R001"", ""R004"", ""R007"", ""R008"", ""C001"", ""C002""]",,,3.0,,regular,3069.147023627055,0.0,,752.8609098013706,1.0,,,,,,
295.03486604404964,1.0,,3219.934328513683,2,exp5:regular:r017,,3.0,,543.1926892378277,0.25,hardening:regular:r017,5,0.6387819247373303,6.0,2363.1631566759565,1.0,,0.5825924616288779,6.0,,10000.000000000002,Catalog then correct,,1158.1430569128424,,,,,,moderate,3060.49957095382,591.8152826291507,0.6247345589602172,,,0.6872249182096654,3652.3148535829705,0.5,,1.0,6247.345589602172,0.3060499570953819,0.059181528262915,40017,,"[""R000"", ""R001"", ""R004"", ""R007"", ""R008"", ""C001""]","[""R001"", ""R004"", ""R007"", ""R008"", ""C001"", ""C002""]",,,3.0,,regular,3186.846018648352,248.15782319377809,,823.6828619723949,1.0,,,,,,
1305.3829935076214,6.0,,3219.934328513683,2,exp5:regular:r017,,3.0,,1305.3829935076214,0.25,hardening:regular:r017,5,0.7091718830800919,9.0,2218.629207303796,1.0,,0.5825924616288779,6.0,,10000.000000000002,Catalog then correct,,0.0,,,,,,moderate,3557.279172564394,95.03568101857672,0.6775270277172883,,,0.6872249182096654,3652.3148535829705,1.0,,3.0,6775.270277172885,0.3557279172564393,0.0095035681018576,40017,,"[""L009"", ""L020"", ""L032"", ""R000"", ""R001"", ""R002"", ""R004"", ""R005"", ""R008""]","[""R001"", ""R004"", ""R007"", ""R008"", ""C001"", ""C002""]",,,3.0,,regular,3217.991104608491,0.0,,999.3618973046948,1.0,,,,,,
0.0,0.0,,3175.553828239308,2,exp5:regular:r018,,3.0,,0.0,0.0,hardening:regular:r018,5,0.5610701172847007,8.0,2224.60803274958,1.0,,0.5610701172847007,8.0,,9999.999999999996,Catalog then correct,,2224.60803274958,,,,,,moderate,2598.705672833329,1588.5469355811829,0.5610701172847007,,,0.7305845734760166,4187.252608414512,0.0,,0.0,5610.701172847006,0.259870567283333,0.1588546935581183,40018,,"[""L007"", ""L016"", ""R000"", ""R003"", ""R004"", ""R005"", ""R006"", ""C002""]","[""L007"", ""L016"", ""R000"", ""R003"", ""R004"", ""R005"", ""R006"", ""C002""]",,,3.0,,regular,3011.995500013677,0.0,,787.387467264097,1.0,,,,,,
289.000244120576,2.0,,3175.553828239308,2,exp5:regular:r018,,3.0,,552.728674211874,0.0,hardening:regular:r018,5,0.6164111181064263,9.0,2249.8798467788583,1.0,,0.5610701172847007,8.0,,9999.999999999996,Catalog then correct,,1112.30401637479,,,,,,moderate,2988.557352824955,1198.6952555895568,0.6164111181064263,,,0.7305845734760166,4187.252608414512,0.5,,1.0,6164.111181064263,0.2988557352824956,0.1198695255589557,40018,,"[""L007"", ""L016"", ""L021"", ""L024"", ""R000"", ""R003"", ""R004"", ""R005"", ""R006""]","[""L007"", ""L016"", ""R000"", ""R003"", ""R004"", ""R005"", ""R006"", ""C002""]",,,3.0,,regular,3175.553828239308,263.72843009129804,,925.67398146045,1.0,,,,,,
1166.2694138624267,3.0,,3175.553828239308,2,exp5:regular:r018,,3.0,,1166.2694138624267,0.0,hardening:regular:r018,5,0.7305845734760166,7.0,2153.450660811356,1.0,,0.5610701172847007,8.0,,9999.999999999996,Catalog then correct,,0.0,,,,,,moderate,4187.252608414512,0.0,0.7305845734760166,,,0.7305845734760166,4187.252608414512,1.0,,4.0,7305.845734760165,0.4187252608414513,0.0,40018,,"[""L016"", ""R000"", ""R001"", ""R003"", ""R005"", ""R007"", ""C001""]","[""L007"", ""L016"", ""R000"", ""R003"", ""R004"", ""R005"", ""R006"", ""C002""]",,,3.0,,regular,3118.5931263456537,0.0,,965.142465534298,1.0,,,,,,
0.0,0.0,,3175.553828239308,2,exp5:regular:r018,,3.0,,0.0,0.01,hardening:regular:r018,5,0.5610701172847007,8.0,2224.60803274958,1.0,,0.5610701172847007,8.0,,9999.999999999996,Catalog then correct,,2224.60803274958,,,,,,moderate,2598.70567283333,1588.546935581182,0.5610701172847007,,,0.7305845734760166,4187.252608414512,0.0,,0.0,5610.701172847007,0.2598705672833331,0.1588546935581182,40018,,"[""L007"", ""L016"", ""R000"", ""R003"", ""R004"", ""R005"", ""R006"", ""C002""]","[""L007"", ""L016"", ""R000"", ""R003"", ""R004"", ""R005"", ""R006"", ""C002""]",,,3.0,,regular,3011.995500013677,0.0,,787.387467264097,1.0,,,,,,
289.000244120576,2.0,,3175.553828239308,2,exp5:regular:r018,,3.0,,552.728674211874,0.01,hardening:regular:r018,5,0.6170837072164367,9.0,2249.8798467788583,1.0,,0.5610701172847007,8.0,,9999.999999999996,Catalog then correct,,1112.30401637479,,,,,,moderate,2989.6818849318847,1197.5707234826273,0.6165235713171193,,,0.7305845734760166,4187.252608414512,0.5,,1.0,6165.235713171193,0.2989681884931885,0.1197570723482627,40018,,"[""L007"", ""L016"", ""L021"", ""L024"", ""R000"", ""R003"", ""R004"", ""R005"", ""R006""]","[""L007"", ""L016"", ""R000"", ""R003"", ""R004"", ""R005"", ""R006"", ""C002""]",,,3.0,,regular,3175.5538282393086,263.72843009129804,,925.67398146045,1.0,,,,,,
1166.2694138624267,3.0,,3175.553828239308,2,exp5:regular:r018,,3.0,,1166.2694138624267,0.01,hardening:regular:r018,5,0.7305845734760166,7.0,2153.450660811356,1.0,,0.5610701172847007,8.0,,9999.999999999996,Catalog then correct,,0.0,,,,,,moderate,4172.078712778082,15.173895636429734,0.7288894289141035,,,0.7305845734760166,4187.252608414512,1.0,,4.0,7288.894289141034,0.4172078712778084,0.0015173895636429,40018,,"[""L016"", ""R000"", ""R001"", ""R003"", ""R005"", ""R007"", ""C001""]","[""L007"", ""L016"", ""R000"", ""R003"", ""R004"", ""R005"", ""R006"", ""C002""]",,,3.0,,regular,3116.815576362952,0.0,,963.364915551596,1.0,,,,,,
0.0,0.0,,3175.553828239308,2,exp5:regular:r018,,3.0,,0.0,0.1,hardening:regular:r018,5,0.5610701172847007,8.0,2224.60803274958,1.0,,0.5610701172847007,8.0,,9999.999999999996,Catalog then correct,,2224.60803274958,,,,,,moderate,2598.705672833329,1588.5469355811829,0.5610701172847007,,,0.7305845734760166,4187.252608414512,0.0,,0.0,5610.701172847006,0.259870567283333,0.1588546935581183,40018,,"[""L007"", ""L016"", ""R000"", ""R003"", ""R004"", ""R005"", ""R006"", ""C002""]","[""L007"", ""L016"", ""R000"", ""R003"", ""R004"", ""R005"", ""R006"", ""C002""]",,,3.0,,regular,3011.995500013677,0.0,,787.387467264097,1.0,,,,,,
289.000244120576,2.0,,3175.553828239308,2,exp5:regular:r018,,3.0,,552.728674211874,0.1,hardening:regular:r018,5,0.6237905187205606,9.0,2249.8798467788583,1.0,,0.5610701172847007,8.0,,9999.999999999996,Catalog then correct,,1112.30401637479,,,,,,moderate,2999.6309575304385,1187.6216508840737,0.6175184785769746,,,0.7305845734760166,4187.252608414512,0.5,,1.0,6175.184785769747,0.299963095753044,0.1187621650884074,40018,,"[""L007"", ""L016"", ""L021"", ""L024"", ""R000"", ""R003"", ""R004"", ""R005"", ""R006""]","[""L007"", ""L016"", ""R000"", ""R003"", ""R004"", ""R005"", ""R006"", ""C002""]",,,3.0,,regular,3175.553828239308,263.72843009129804,,925.67398146045,1.0,,,,,,
1166.2694138624267,3.0,,3175.553828239308,2,exp5:regular:r018,,3.0,,1166.2694138624267,0.1,hardening:regular:r018,5,0.7305845734760166,7.0,2153.450660811356,1.0,,0.5610701172847007,8.0,,9999.999999999996,Catalog then correct,,0.0,,,,,,moderate,4035.513652050216,151.73895636429643,0.713633127856885,,,0.7305845734760166,4187.252608414512,1.0,,4.0,7136.3312785688495,0.4035513652050217,0.0151738956364296,40018,,"[""L016"", ""R000"", ""R001"", ""R003"", ""R005"", ""R007"", ""C001""]","[""L007"", ""L016"", ""R000"", ""R003"", ""R004"", ""R005"", ""R006"", ""C002""]",,,3.0,,regular,3100.817626518634,0.0,,947.366965707278,1.0,,,,,,
0.0,0.0,,3175.553828239308,2,exp5:regular:r018,,3.0,,0.0,0.25,hardening:regular:r018,5,0.5610701172847007,8.0,2224.60803274958,1.0,,0.5610701172847007,8.0,,9999.999999999996,Catalog then correct,,2224.60803274958,,,,,,moderate,2598.705672833329,1588.5469355811829,0.5610701172847007,,,0.7305845734760166,4187.252608414512,0.0,,0.0,5610.701172847006,0.259870567283333,0.1588546935581183,40018,,"[""L007"", ""L016"", ""R000"", ""R003"", ""R004"", ""R005"", ""R006"", ""C002""]","[""L007"", ""L016"", ""R000"", ""R003"", ""R004"", ""R005"", ""R006"", ""C002""]",,,3.0,,regular,3011.995500013677,0.0,,787.387467264097,1.0,,,,,,
331.5440007008807,1.0,,3175.553828239308,2,exp5:regular:r018,,3.0,,595.2724307921787,0.25,hardening:regular:r018,5,0.6385654602823442,8.0,2292.423603359163,1.0,,0.5610701172847007,8.0,,9999.999999999996,Catalog then correct,,1112.30401637479,,,,,,moderate,3026.412002998752,1160.8406054157604,0.6191916245329333,,,0.7305845734760166,4187.252608414512,0.5,,1.0,6191.916245329333,0.3026412002998753,0.116084060541576,40018,,"[""L007"", ""L016"", ""R000"", ""R001"", ""R003"", ""R004"", ""R005"", ""R006""]","[""L007"", ""L016"", ""R000"", ""R003"", ""R004"", ""R005"", ""R006"", ""C002""]",,,3.0,,regular,3165.5042423305813,263.72843009129804,,873.0806389714182,1.0,,,,,,
1166.2694138624267,3.0,,3175.553828239308,2,exp5:regular:r018,,3.0,,1166.2694138624267,0.25,hardening:regular:r018,5,0.7305845734760166,7.0,2153.450660811356,1.0,,0.5610701172847007,8.0,,9999.999999999996,Catalog then correct,,0.0,,,,,,moderate,3807.905217503772,379.3473909107397,0.6882059594281876,,,0.7305845734760166,4187.252608414512,1.0,,4.0,6882.059594281875,0.3807905217503773,0.0379347390910739,40018,,"[""L016"", ""R000"", ""R001"", ""R003"", ""R005"", ""R007"", ""C001""]","[""L007"", ""L016"", ""R000"", ""R003"", ""R004"", ""R005"", ""R006"", ""C002""]",,,3.0,,regular,3074.154376778103,0.0,,920.7037159667476,1.0,,,,,,
142.4859670192647,1.0,,3116.235950464716,2,exp5:regular:r019,,3.0,,142.4859670192647,0.0,hardening:regular:r019,5,0.6129589313012357,7.0,2408.1841449954427,1.0,,0.5854726926845273,6.0,,10000.000000000002,Catalog then correct,,2265.698177976178,,,,,,moderate,3013.353362547641,1181.1857443369136,0.6129589313012357,,,0.7279366348338256,4194.539106884555,0.0,,0.0,6129.589313012357,0.301335336254764,0.1181185744336913,40019,,"[""L009"", ""R000"", ""R001"", ""R002"", ""R003"", ""C000"", ""C001""]","[""R000"", ""R001"", ""R002"", ""R003"", ""C000"", ""C001""]",,,3.0,,regular,3116.235950464716,0.0,,708.0518054692732,1.0,,,,,,
445.8807221467737,2.0,,3116.235950464716,2,exp5:regular:r019,,3.0,,839.0879214102332,0.0,hardening:regular:r019,5,0.6611849245781422,6.0,2318.371700859492,1.0,,0.5854726926845273,6.0,,10000.000000000002,Catalog then correct,,1132.849088988089,,,,,,moderate,3495.613295316706,698.9258115678485,0.6611849245781422,,,0.7279366348338256,4194.539106884555,0.5,,2.0,6611.849245781422,0.3495613295316706,0.0698925811567848,40019,,"[""L009"", ""R001"", ""R002"", ""R003"", ""R007"", ""C001""]","[""R000"", ""R001"", ""R002"", ""R003"", ""C000"", ""C001""]",,,3.0,,regular,3116.235950464716,393.20719926345953,,797.8642496052234,1.0,,,,,,
909.210806227163,5.0,,3116.235950464716,2,exp5:regular:r019,,3.0,,909.210806227163,0.0,hardening:regular:r019,5,0.7279366348338256,8.0,2101.0019697968014,1.0,,0.5854726926845273,6.0,,10000.000000000002,Catalog then correct,,0.0,,,,,,moderate,4194.539106884555,0.0,0.7279366348338256,,,0.7279366348338256,4194.539106884555,1.0,,3.0,7279.366348338257,0.4194539106884554,0.0,40019,,"[""L007"", ""L014"", ""L031"", ""L035"", ""R001"", ""R002"", ""R007"", ""C001""]","[""R000"", ""R001"", ""R002"", ""R003"", ""C000"", ""C001""]",,,3.0,,regular,3084.8272414537028,0.0,,983.8252716569014,1.0,,,,,,
142.4859670192647,1.0,,3116.235950464716,2,exp5:regular:r019,,3.0,,142.4859670192647,0.01,hardening:regular:r019,5,0.6132329371256421,7.0,2408.1841449954427,1.0,,0.5854726926845273,6.0,,10000.000000000002,Catalog then correct,,2265.698177976178,,,,,,moderate,3013.3173963475947,1181.22171053696,0.612955334681231,,,0.7279366348338256,4194.539106884555,0.0,,0.0,6129.55334681231,0.3013317396347594,0.1181221710536959,40019,,"[""L009"", ""R000"", ""R001"", ""R002"", ""R003"", ""C000"", ""C001""]","[""R000"", ""R001"", ""R002"", ""R003"", ""C000"", ""C001""]",,,3.0,,regular,3116.235950464716,0.0,,708.0518054692732,1.0,,,,,,
445.8807221467737,2.0,,3116.235950464716,2,exp5:regular:r019,,3.0,,839.0879214102332,0.01,hardening:regular:r019,5,0.6619532535471966,6.0,2318.371700859492,1.0,,0.5854726926845273,6.0,,10000.000000000002,Catalog then correct,,1132.849088988089,,,,,,moderate,3495.648528920983,698.8905779635716,0.6611884479385699,,,0.7279366348338256,4194.539106884555,0.5,,2.0,6611.884479385699,0.3495648528920982,0.0698890577963571,40019,,"[""L009"", ""R001"", ""R002"", ""R003"", ""R007"", ""C001""]","[""R000"", ""R001"", ""R002"", ""R003"", ""C000"", ""C001""]",,,3.0,,regular,3116.235950464716,393.20719926345953,,797.8642496052237,1.0,,,,,,
909.210806227163,5.0,,3116.235950464716,2,exp5:regular:r019,,3.0,,909.210806227163,0.01,hardening:regular:r019,5,0.7279366348338256,8.0,2101.0019697968014,1.0,,0.5854726926845273,6.0,,10000.000000000002,Catalog then correct,,0.0,,,,,,moderate,4183.535383693839,11.003723190715393,0.7265119954123327,,,0.7279366348338256,4194.539106884555,1.0,,3.0,7265.119954123325,0.4183535383693839,0.0011003723190715,40019,,"[""L007"", ""L014"", ""L031"", ""L035"", ""R001"", ""R002"", ""R007"", ""C001""]","[""R000"", ""R001"", ""R002"", ""R003"", ""C000"", ""C001""]",,,3.0,,regular,3081.5845704294866,0.0,,980.5826006326852,1.0,,,,,,
142.4859670192647,1.0,,3116.235950464716,2,exp5:regular:r019,,3.0,,142.4859670192647,0.1,hardening:regular:r019,5,0.6159378433603656,7.0,2408.1841449954427,1.0,,0.5854726926845273,6.0,,10000.000000000002,Catalog then correct,,2265.698177976178,,,,,,moderate,3012.6773324631013,1181.8617744214534,0.6128913282927818,,,0.7279366348338256,4194.539106884555,0.0,,0.0,6128.913282927817,0.30126773324631,0.1181861774421453,40019,,"[""L009"", ""R000"", ""R001"", ""R002"", ""R003"", ""C000"", ""C001""]","[""R000"", ""R001"", ""R002"", ""R003"", ""C000"", ""C001""]",,,3.0,,regular,3116.235950464716,0.0,,708.0518054692731,1.0,,,,,,
450.91862346266646,2.0,,3116.235950464716,2,exp5:regular:r019,,3.0,,844.125822726126,0.1,hardening:regular:r019,5,0.6683936610898296,6.0,2323.409602175385,1.0,,0.5854726926845273,6.0,,10000.000000000002,Catalog then correct,,1132.849088988089,,,,,,moderate,3484.779692028278,709.7594148562766,0.6601015642492994,,,0.7279366348338256,4194.539106884555,0.5,,2.0,6601.015642492994,0.3484779692028277,0.0709759414856276,40019,,"[""L014"", ""R001"", ""R002"", ""R003"", ""R007"", ""C001""]","[""R000"", ""R001"", ""R002"", ""R003"", ""C000"", ""C001""]",,,3.0,,regular,3116.235950464716,393.20719926345953,,792.8263482893309,1.0,,,,,,
884.7547705447096,5.0,,3116.235950464716,2,exp5:regular:r019,,3.0,,884.7547705447096,0.1,hardening:regular:r019,5,0.7249167574813516,8.0,2076.545934114348,1.0,,0.5854726926845273,6.0,,10000.000000000002,Catalog then correct,,0.0,,,,,,moderate,4085.250340518768,109.2887663657866,0.7109723510016692,,,0.7279366348338256,4194.539106884555,1.0,,3.0,7109.723510016692,0.4085250340518767,0.0109288766365786,40019,,"[""L009"", ""L014"", ""L031"", ""L035"", ""R001"", ""R002"", ""R007"", ""C001""]","[""R000"", ""R001"", ""R002"", ""R003"", ""C000"", ""C001""]",,,3.0,,regular,3024.473169497924,0.0,,947.9272353835756,1.0,,,,,,
142.4859670192647,1.0,,3116.235950464716,2,exp5:regular:r019,,3.0,,142.4859670192647,0.25,hardening:regular:r019,5,0.6218649353546672,7.0,2408.1841449954427,1.0,,0.5854726926845273,6.0,,10000.000000000002,Catalog then correct,,2265.698177976178,,,,,,moderate,3011.432796406607,1183.1063104779478,0.6127668746871322,,,0.7279366348338256,4194.539106884555,0.0,,0.0,6127.668746871323,0.3011432796406606,0.1183106310477947,40019,,"[""L009"", ""R000"", ""R001"", ""R002"", ""R003"", ""C000"", ""C001""]","[""R000"", ""R001"", ""R002"", ""R003"", ""C000"", ""C001""]",,,3.0,,regular,3116.235950464716,0.0,,708.0518054692732,1.0,,,,,,
450.91862346266646,2.0,,3116.235950464716,2,exp5:regular:r019,,3.0,,844.125822726126,0.25,hardening:regular:r019,5,0.6693571997241615,6.0,2323.409602175385,1.0,,0.5854726926845273,6.0,,10000.000000000002,Catalog then correct,,1132.849088988089,,,,,,moderate,3388.557581946253,805.9815249383018,0.648386072964253,,,0.7279366348338256,4194.539106884555,0.5,,2.0,6483.860729642531,0.3388557581946252,0.0805981524938301,40019,,"[""L014"", ""R001"", ""R002"", ""R003"", ""R007"", ""C001""]","[""R000"", ""R001"", ""R002"", ""R003"", ""C000"", ""C001""]",,,3.0,,regular,3095.303147696278,393.20719926345953,,771.8935455208932,1.0,,,,,,
729.0981249666015,4.0,,3116.235950464716,2,exp5:regular:r019,,3.0,,729.0981249666015,0.25,hardening:regular:r019,5,0.75344262815629,8.0,2208.381904415861,1.0,,0.5854726926845273,6.0,,10000.000000000002,Catalog then correct,,0.0,,,,,,moderate,4005.8436200760016,188.69548680855317,0.7114501442883493,,,0.7279366348338256,4194.539106884555,1.0,,2.0,7114.501442883493,0.4005843620076,0.0188695486808553,40019,,"[""L009"", ""L014"", ""L035"", ""R001"", ""R002"", ""R003"", ""R007"", ""C001""]","[""R000"", ""R001"", ""R002"", ""R003"", ""C000"", ""C001""]",,,3.0,,regular,3108.657822807492,0.0,,900.2759183916307,1.0,,,,,,
