added_fixed_cost,added_sites,algorithm,budget,budget_index,case_id,central_sites,compute_ratio,compute_used,correction_cost,detection_fraction,environment_id,experiment,final_coverage,final_sites,fixed_cost,fixed_cost_multiplier,information,initial_coverage,initial_sites,local_sites,max_revenue,method,multi_operator_sites,nonrefundable_initial_commitment,operator_0_coverage,operator_1_coverage,operator_2_coverage,planning_error,planning_profit,profile,profit,profit_difference,qualifying_coverage,qualifying_demand,realized_profit,reference_coverage,reference_profit,refund_fraction,regional_sites,removed_sites,revenue,revenue_normalized_profit,revenue_normalized_profit_difference,seed,selected_sites,selected_sites_final,selected_sites_initial,sites,stranded_expenditure,throughput_ratio,throughput_used,topology,total_expenditure,unrecovered_expenditure,unserved_demand,variable_cost,variable_cost_multiplier,no_deployment,individually_affordable_sites,selected_compute_capacity,selected_interface_capacity,compute_utilization,interface_utilization
,,greedy_local_search,3178.14460467704,2,exp4:asymmetric:c0.75:t0.75:r000,0.0,0.75,0.0,,,hardening:asymmetric:r000,4,,,0.0,1.0,catalog/geography,,,0.0,9999.999999999996,Catalog + geography,0.0,,0.0,0.0,0.0,0.0,0.0,moderate,0.0,,0.0,0.0,0.0,,,,0.0,,0.0,0.0,,40000,[],,,0.0,0.0,0.75,0.0,asymmetric,0.0,,10000.0,0.0,1.0,1.0,48.0,0.0,0.0,0.0,0.0
,,greedy_local_search,3178.14460467704,2,exp4:asymmetric:c0.75:t0.75:r000,0.0,0.75,0.0,,,hardening:asymmetric:r000,4,,,0.0,1.0,truthful resolved feasibility,,,0.0,9999.999999999996,Current feasibility,0.0,,0.0,0.0,0.0,0.0,0.0,moderate,0.0,,0.0,0.0,0.0,,,,0.0,,0.0,0.0,,40000,[],,,0.0,0.0,0.75,0.0,asymmetric,0.0,,10000.0,0.0,1.0,1.0,48.0,0.0,0.0,0.0,0.0
,,greedy_local_search,3160.754947153236,2,exp4:asymmetric:c0.75:t0.75:r001,1.0,0.75,297.4044072372942,,,hardening:asymmetric:r001,4,,,522.6867896705586,1.0,catalog/geography,,,0.0,10000.0,Catalog + geography,0.0,,0.0,0.0,0.0991348024124314,370.34447220978217,27.776725406732453,moderate,-342.5677468030497,,0.0198269604824862,198.2696048248628,-342.5677468030497,,,,0.0,,198.2696048248628,-0.0342567746803049,,40001,"[""C002""]",,,1.0,0.0,0.75,198.2696048248628,asymmetric,540.8373516279125,,9801.730395175138,18.15056195735391,1.0,0.0,48.0,936.1094243962937,624.0729495975291,0.3177026098515067,0.31770260985150667
,,greedy_local_search,3160.754947153236,2,exp4:asymmetric:c0.75:t0.75:r001,0.0,0.75,0.0,,,hardening:asymmetric:r001,4,,,0.0,1.0,truthful resolved feasibility,,,0.0,10000.0,Current feasibility,0.0,,0.0,0.0,0.0,0.0,0.0,moderate,0.0,,0.0,0.0,0.0,,,,0.0,,0.0,0.0,,40001,[],,,0.0,0.0,0.75,0.0,asymmetric,0.0,,10000.0,0.0,1.0,1.0,48.0,0.0,0.0,0.0,0.0
,,greedy_local_search,3133.056593146416,2,exp4:asymmetric:c0.75:t0.75:r002,0.0,0.75,0.0,,,hardening:asymmetric:r002,4,,,0.0,1.0,catalog/geography,,,0.0,10000.000000000002,Catalog + geography,0.0,,0.0,0.0,0.0,0.0,0.0,moderate,0.0,,0.0,0.0,0.0,,,,0.0,,0.0,0.0,,40002,[],,,0.0,0.0,0.75,0.0,asymmetric,0.0,,10000.000000000002,0.0,1.0,1.0,48.0,0.0,0.0,0.0,0.0
,,greedy_local_search,3133.056593146416,2,exp4:asymmetric:c0.75:t0.75:r002,0.0,0.75,0.0,,,hardening:asymmetric:r002,4,,,0.0,1.0,truthful resolved feasibility,,,0.0,10000.000000000002,Current feasibility,0.0,,0.0,0.0,0.0,0.0,0.0,moderate,0.0,,0.0,0.0,0.0,,,,0.0,,0.0,0.0,,40002,[],,,0.0,0.0,0.75,0.0,asymmetric,0.0,,10000.000000000002,0.0,1.0,1.0,48.0,0.0,0.0,0.0,0.0
,,greedy_local_search,3160.085619378712,2,exp4:asymmetric:c0.75:t0.75:r003,0.0,0.75,0.0,,,hardening:asymmetric:r003,4,,,0.0,1.0,catalog/geography,,,0.0,10000.000000000002,Catalog + geography,0.0,,0.0,0.0,0.0,0.0,0.0,moderate,0.0,,0.0,0.0,0.0,,,,0.0,,0.0,0.0,,40003,[],,,0.0,0.0,0.75,0.0,asymmetric,0.0,,10000.0,0.0,1.0,1.0,48.0,0.0,0.0,0.0,0.0
,,greedy_local_search,3160.085619378712,2,exp4:asymmetric:c0.75:t0.75:r003,0.0,0.75,0.0,,,hardening:asymmetric:r003,4,,,0.0,1.0,truthful resolved feasibility,,,0.0,10000.000000000002,Current feasibility,0.0,,0.0,0.0,0.0,0.0,0.0,moderate,0.0,,0.0,0.0,0.0,,,,0.0,,0.0,0.0,,40003,[],,,0.0,0.0,0.75,0.0,asymmetric,0.0,,10000.0,0.0,1.0,1.0,48.0,0.0,0.0,0.0,0.0
,,greedy_local_search,3189.1083616392616,2,exp4:asymmetric:c0.75:t0.75:r004,0.0,0.75,0.0,,,hardening:asymmetric:r004,4,,,0.0,1.0,catalog/geography,,,0.0,9999.999999999998,Catalog + geography,0.0,,0.0,0.0,0.0,0.0,0.0,moderate,0.0,,0.0,0.0,0.0,,,,0.0,,0.0,0.0,,40004,[],,,0.0,0.0,0.75,0.0,asymmetric,0.0,,10000.0,0.0,1.0,1.0,48.0,0.0,0.0,0.0,0.0
,,greedy_local_search,3189.1083616392616,2,exp4:asymmetric:c0.75:t0.75:r004,0.0,0.75,0.0,,,hardening:asymmetric:r004,4,,,0.0,1.0,truthful resolved feasibility,,,0.0,9999.999999999998,Current feasibility,0.0,,0.0,0.0,0.0,0.0,0.0,moderate,0.0,,0.0,0.0,0.0,,,,0.0,,0.0,0.0,,40004,[],,,0.0,0.0,0.75,0.0,asymmetric,0.0,,10000.0,0.0,1.0,1.0,48.0,0.0,0.0,0.0,0.0
,,greedy_local_search,3216.051041216963,2,exp4:asymmetric:c0.75:t0.75:r005,1.0,0.75,798.4758655448115,,,hardening:asymmetric:r005,4,,,503.9762246700092,1.0,catalog/geography,,,0.0,10000.0,Catalog + geography,1.0,,0.0552780971887295,0.0,0.1417829031736291,56.7304888636304,29.66163689280313,moderate,-27.068851970827268,,0.0532317243696541,532.317243696541,-27.068851970827268,,,,0.0,,532.317243696541,-0.0027068851970827,,40005,"[""C001""]",,,1.0,0.0,0.75,532.317243696541,asymmetric,559.3860956673683,,9467.68275630346,55.40987099735912,1.0,0.0,48.0,893.4563445044249,595.6375630029501,0.8936932066755916,0.8936932066755914
,,greedy_local_search,3216.051041216963,2,exp4:asymmetric:c0.75:t0.75:r005,0.0,0.75,0.0,,,hardening:asymmetric:r005,4,,,0.0,1.0,truthful resolved feasibility,,,0.0,10000.0,Current feasibility,0.0,,0.0,0.0,0.0,0.0,0.0,moderate,0.0,,0.0,0.0,0.0,,,,0.0,,0.0,0.0,,40005,[],,,0.0,0.0,0.75,0.0,asymmetric,0.0,,10000.0,0.0,1.0,1.0,48.0,0.0,0.0,0.0,0.0
,,greedy_local_search,3105.939528570514,2,exp4:asymmetric:c0.75:t0.75:r006,1.0,0.75,800.54537803501,,,hardening:asymmetric:r006,4,,,485.6391377351431,1.0,catalog/geography,,,0.0,9999.999999999998,Catalog + geography,1.0,,0.032242651551392,0.1110299962024978,0.0,0.5015078989376889,6.505279775821009,moderate,6.00377187688332,,0.0533696918690006,533.6969186900067,6.00377187688332,,,,0.0,,533.6969186900067,0.0006003771876883,,40006,"[""C001""]",,,1.0,0.0,0.75,533.6969186900066,asymmetric,527.6931468131233,,9466.303081309992,42.0540090779802,1.0,0.0,48.0,800.54537803501,533.6969186900066,1.0,1.0
,,greedy_local_search,3105.939528570514,2,exp4:asymmetric:c0.75:t0.75:r006,1.0,0.75,800.54537803501,,,hardening:asymmetric:r006,4,,,485.6391377351431,1.0,truthful resolved feasibility,,,0.0,9999.999999999998,Current feasibility,1.0,,0.032242651551392,0.1110299962024978,0.0,0.0,6.00377187688332,moderate,6.00377187688332,,0.0533696918690006,533.6969186900067,6.00377187688332,,,,0.0,,533.6969186900067,0.0006003771876883,,40006,"[""C001""]",,,1.0,0.0,0.75,533.6969186900066,asymmetric,527.6931468131233,,9466.303081309992,42.0540090779802,1.0,0.0,48.0,800.54537803501,533.6969186900066,1.0,1.0
,,greedy_local_search,3145.357852427541,2,exp4:asymmetric:c0.75:t0.75:r007,1.0,0.75,647.6925922275611,,,hardening:asymmetric:r007,4,,,498.93571828432965,1.0,catalog/geography,,,0.0,9999.999999999998,Catalog + geography,1.0,,0.0188171847961995,0.0,0.1735588649510713,114.18734226602696,11.786561896668331,moderate,-102.40078036935864,,0.043179506148504,431.7950614850408,-102.40078036935864,,,,0.0,,431.7950614850408,-0.0102400780369358,,40007,"[""C002""]",,,1.0,0.0,0.75,431.7950614850408,asymmetric,534.1958418543994,,9568.204938514958,35.26012357006978,1.0,0.0,48.0,829.1356522560618,552.757101504041,0.781166013625397,0.7811660136253973
,,greedy_local_search,3145.357852427541,2,exp4:asymmetric:c0.75:t0.75:r007,0.0,0.75,0.0,,,hardening:asymmetric:r007,4,,,0.0,1.0,truthful resolved feasibility,,,0.0,9999.999999999998,Current feasibility,0.0,,0.0,0.0,0.0,0.0,0.0,moderate,0.0,,0.0,0.0,0.0,,,,0.0,,0.0,0.0,,40007,[],,,0.0,0.0,0.75,0.0,asymmetric,0.0,,10000.0,0.0,1.0,1.0,48.0,0.0,0.0,0.0,0.0
,,greedy_local_search,3186.473778113356,2,exp4:asymmetric:c0.75:t0.75:r008,1.0,0.75,821.2707335967142,,,hardening:asymmetric:r008,4,,,487.4666437913928,1.0,catalog/geography,,,0.0,9999.999999999998,Catalog + geography,1.0,,0.0695950554657414,0.0426065586912678,0.0426065586912678,79.59345767564287,83.1972974558762,moderate,3.603839780233329,,0.0547513822397809,547.5138223978095,3.603839780233329,,,,0.0,,547.5138223978095,0.0003603839780233,,40008,"[""C000""]",,,1.0,0.0,0.75,547.5138223978095,asymmetric,543.9099826175761,,9452.48617760219,56.44333882618341,1.0,0.0,48.0,946.0670277755964,630.7113518503975,0.8680893736754522,0.8680893736754525
,,greedy_local_search,3186.473778113356,2,exp4:asymmetric:c0.75:t0.75:r008,1.0,0.75,821.2707335967142,,,hardening:asymmetric:r008,4,,,487.4666437913928,1.0,truthful resolved feasibility,,,0.0,9999.999999999998,Current feasibility,1.0,,0.0695950554657414,0.0426065586912678,0.0426065586912678,0.0,3.603839780233329,moderate,3.603839780233329,,0.0547513822397809,547.5138223978095,3.603839780233329,,,,0.0,,547.5138223978095,0.0003603839780233,,40008,"[""C000""]",,,1.0,0.0,0.75,547.5138223978095,asymmetric,543.9099826175761,,9452.48617760219,56.44333882618341,1.0,0.0,48.0,946.0670277755964,630.7113518503975,0.8680893736754522,0.8680893736754525
,,greedy_local_search,3182.8115459264554,2,exp4:asymmetric:c0.75:t0.75:r009,1.0,0.75,782.4195930249304,,,hardening:asymmetric:r009,4,,,482.83946023078266,1.0,catalog/geography,,,0.0,10000.0,Catalog + geography,1.0,,0.02972042667783,0.11082032627611,0.0,25.558092481074027,15.479544027178347,moderate,-10.078548453895678,,0.052161306201662,521.6130620166202,-10.078548453895678,,,,0.0,,521.6130620166202,-0.0010078548453895,,40009,"[""C001""]",,,1.0,0.0,0.75,521.6130620166202,asymmetric,531.6916104705159,,9478.38693798338,48.85215023973326,1.0,0.0,48.0,824.6421136581554,549.7614091054368,0.9487989760237642,0.9487989760237644
,,greedy_local_search,3182.8115459264554,2,exp4:asymmetric:c0.75:t0.75:r009,0.0,0.75,0.0,,,hardening:asymmetric:r009,4,,,0.0,1.0,truthful resolved feasibility,,,0.0,10000.0,Current feasibility,0.0,,0.0,0.0,0.0,0.0,0.0,moderate,0.0,,0.0,0.0,0.0,,,,0.0,,0.0,0.0,,40009,[],,,0.0,0.0,0.75,0.0,asymmetric,0.0,,10000.0,0.0,1.0,1.0,48.0,0.0,0.0,0.0,0.0
,,greedy_local_search,3145.9474472763204,2,exp4:asymmetric:c0.75:t0.75:r010,2.0,0.75,1059.566561704123,,,hardening:asymmetric:r010,4,,,992.0338174674732,1.0,catalog/geography,,,0.0,10000.0,Catalog + geography,1.0,,0.092555647709204,0.0523364383878367,0.0533498793769509,464.0032300367318,109.92618534066514,moderate,-354.07704469606665,,0.0706377707802748,706.3777078027487,-354.07704469606665,,,,0.0,,706.3777078027488,-0.0354077044696066,,40010,"[""C001"", ""C002""]",,,2.0,0.0,0.75,706.3777078027487,asymmetric,1060.4547524988154,,9293.622292197251,68.42093503134211,1.0,0.0,48.0,1820.8541754660487,1213.9027836440323,0.5819063250536942,0.5819063250536943
,,greedy_local_search,3145.9474472763204,2,exp4:asymmetric:c0.75:t0.75:r010,1.0,0.75,938.3607108077084,,,hardening:asymmetric:r010,4,,,511.86949061320246,1.0,truthful resolved feasibility,,,0.0,10000.0,Current feasibility,1.0,,0.0745992253541796,0.0523364383878367,0.0533498793769509,0.0,53.81370520777443,moderate,53.81370520777443,,0.0625573807205138,625.5738072051389,53.81370520777443,,,,0.0,,625.573807205139,0.0053813705207774,,40010,"[""C001""]",,,1.0,0.0,0.75,625.5738072051389,asymmetric,571.7601019973646,,9374.426192794865,59.8906113841621,1.0,0.0,48.0,938.3607108077084,625.573807205139,1.0,0.9999999999999998
,,greedy_local_search,3167.666805407142,2,exp4:asymmetric:c0.75:t0.75:r011,1.0,0.75,0.0,,,hardening:asymmetric:r011,4,,,564.461798066436,1.0,catalog/geography,,,0.0,10000.000000000002,Catalog + geography,0.0,,0.0,0.0,0.0,589.0226109126532,24.56081284621723,moderate,-564.461798066436,,0.0,0.0,-564.461798066436,,,,0.0,,0.0,-0.0564461798066435,,40011,"[""C002""]",,,1.0,564.461798066436,0.75,0.0,asymmetric,564.461798066436,,10000.0,0.0,1.0,0.0,48.0,955.275085136235,636.8500567574903,0.0,0.0
,,greedy_local_search,3167.666805407142,2,exp4:asymmetric:c0.75:t0.75:r011,0.0,0.75,0.0,,,hardening:asymmetric:r011,4,,,0.0,1.0,truthful resolved feasibility,,,0.0,10000.000000000002,Current feasibility,0.0,,0.0,0.0,0.0,0.0,0.0,moderate,0.0,,0.0,0.0,0.0,,,,0.0,,0.0,0.0,,40011,[],,,0.0,0.0,0.75,0.0,asymmetric,0.0,,10000.0,0.0,1.0,1.0,48.0,0.0,0.0,0.0,0.0
,,greedy_local_search,3192.8536656157503,2,exp4:asymmetric:c0.75:t0.75:r012,1.0,0.75,354.54674138924963,,,hardening:asymmetric:r012,4,,,520.2465658718984,1.0,catalog/geography,,,0.0,10000.000000000004,Catalog + geography,1.0,,0.0340381104404313,0.0237694277935882,0.0,336.586494783584,29.08389590497177,moderate,-307.5025988786122,,0.0236364494259499,236.3644942594997,-307.5025988786122,,,,0.0,,236.3644942594997,-0.0307502598878612,,40012,"[""C002""]",,,1.0,0.0,0.75,236.3644942594997,asymmetric,543.867093138112,,9763.635505740502,23.62052726621352,1.0,0.0,48.0,907.1675623955973,604.7783749303983,0.3908282836447353,0.3908282836447352
,,greedy_local_search,3192.8536656157503,2,exp4:asymmetric:c0.75:t0.75:r012,0.0,0.75,0.0,,,hardening:asymmetric:r012,4,,,0.0,1.0,truthful resolved feasibility,,,0.0,10000.000000000004,Current feasibility,0.0,,0.0,0.0,0.0,0.0,0.0,moderate,0.0,,0.0,0.0,0.0,,,,0.0,,0.0,0.0,,40012,[],,,0.0,0.0,0.75,0.0,asymmetric,0.0,,10000.0,0.0,1.0,1.0,48.0,0.0,0.0,0.0,0.0
,,greedy_local_search,3215.031053233879,2,exp4:asymmetric:c0.75:t0.75:r013,1.0,0.75,922.2902803415286,,,hardening:asymmetric:r013,4,,,505.5659710964805,1.0,catalog/geography,,,0.0,9999.999999999998,Catalog + geography,1.0,,0.0563652073196161,0.0706754628546914,0.0569263169823298,0.0,60.08555906054107,moderate,60.08555906054107,,0.0614860186894352,614.8601868943525,60.08555906054107,,,,0.0,,614.8601868943524,0.0060085559060541,,40013,"[""C001""]",,,1.0,0.0,0.75,614.8601868943525,asymmetric,554.7746278338113,,9385.139813105648,49.20865673733083,1.0,0.0,48.0,922.290280341529,614.8601868943524,0.9999999999999997,1.0000000000000002
,,greedy_local_search,3215.031053233879,2,exp4:asymmetric:c0.75:t0.75:r013,1.0,0.75,922.2902803415286,,,hardening:asymmetric:r013,4,,,505.5659710964805,1.0,truthful resolved feasibility,,,0.0,9999.999999999998,Current feasibility,1.0,,0.0563652073196161,0.0706754628546914,0.0569263169823298,0.0,60.08555906054107,moderate,60.08555906054107,,0.0614860186894352,614.8601868943525,60.08555906054107,,,,0.0,,614.8601868943524,0.0060085559060541,,40013,"[""C001""]",,,1.0,0.0,0.75,614.8601868943525,asymmetric,554.7746278338113,,9385.139813105648,49.20865673733083,1.0,0.0,48.0,922.290280341529,614.8601868943524,0.9999999999999997,1.0000000000000002
,,greedy_local_search,3226.2524599151698,2,exp4:asymmetric:c0.75:t0.75:r014,1.0,0.75,463.63427917312174,,,hardening:asymmetric:r014,4,,,505.8347166526709,1.0,catalog/geography,,,0.0,10000.0,Catalog + geography,0.0,,0.0686865598774995,0.0,0.0,262.31121656538016,37.92327975564649,moderate,-224.38793680973367,,0.0309089519448747,309.08951944874786,-224.38793680973367,,,,0.0,,309.08951944874786,-0.0224387936809733,,40014,"[""C002""]",,,1.0,0.0,0.75,309.08951944874786,asymmetric,533.4774562584815,,9690.91048055125,27.642739605810565,1.0,0.0,48.0,883.013682495809,588.6757883305396,0.5250589977979444,0.5250589977979442
,,greedy_local_search,3226.2524599151698,2,exp4:asymmetric:c0.75:t0.75:r014,0.0,0.75,0.0,,,hardening:asymmetric:r014,4,,,0.0,1.0,truthful resolved feasibility,,,0.0,10000.0,Current feasibility,0.0,,0.0,0.0,0.0,0.0,0.0,moderate,0.0,,0.0,0.0,0.0,,,,0.0,,0.0,0.0,,40014,[],,,0.0,0.0,0.75,0.0,asymmetric,0.0,,9999.999999999998,0.0,1.0,1.0,48.0,0.0,0.0,0.0,0.0
,,greedy_local_search,3183.9642388539933,2,exp4:asymmetric:c0.75:t0.75:r015,1.0,0.75,959.645262502013,,,hardening:asymmetric:r015,4,,,507.1800786119514,1.0,catalog/geography,,,0.0,10000.000000000002,Catalog + geography,1.0,,0.0444789703530594,0.1236968105304004,0.003334652444753,2.3779262084225365,67.02950325184952,moderate,64.65157704342698,,0.0639763508334675,639.7635083346753,64.65157704342698,,,,0.0,,639.7635083346753,0.0064651577043426,,40015,"[""C002""]",,,1.0,0.0,0.75,639.7635083346753,asymmetric,575.1119312912483,,9360.236491665326,67.93185267929688,1.0,0.0,48.0,959.645262502013,639.7635083346755,1.0,0.9999999999999997
,,greedy_local_search,3183.9642388539933,2,exp4:asymmetric:c0.75:t0.75:r015,1.0,0.75,959.645262502013,,,hardening:asymmetric:r015,4,,,507.1800786119514,1.0,truthful resolved feasibility,,,0.0,10000.000000000002,Current feasibility,1.0,,0.0444789703530594,0.1236968105304004,0.003334652444753,0.0,64.65157704342698,moderate,64.65157704342698,,0.0639763508334675,639.7635083346753,64.65157704342698,,,,0.0,,639.7635083346753,0.0064651577043426,,40015,"[""C002""]",,,1.0,0.0,0.75,639.7635083346753,asymmetric,575.1119312912483,,9360.236491665326,67.93185267929688,1.0,0.0,48.0,959.645262502013,639.7635083346755,1.0,0.9999999999999997
,,greedy_local_search,3191.431769562457,2,exp4:asymmetric:c0.75:t0.75:r016,0.0,0.75,0.0,,,hardening:asymmetric:r016,4,,,0.0,1.0,catalog/geography,,,0.0,10000.000000000004,Catalog + geography,0.0,,0.0,0.0,0.0,0.0,0.0,moderate,0.0,,0.0,0.0,0.0,,,,0.0,,0.0,0.0,,40016,[],,,0.0,0.0,0.75,0.0,asymmetric,0.0,,10000.0,0.0,1.0,1.0,48.0,0.0,0.0,0.0,0.0
,,greedy_local_search,3191.431769562457,2,exp4:asymmetric:c0.75:t0.75:r016,0.0,0.75,0.0,,,hardening:asymmetric:r016,4,,,0.0,1.0,truthful resolved feasibility,,,0.0,10000.000000000004,Current feasibility,0.0,,0.0,0.0,0.0,0.0,0.0,moderate,0.0,,0.0,0.0,0.0,,,,0.0,,0.0,0.0,,40016,[],,,0.0,0.0,0.75,0.0,asymmetric,0.0,,10000.0,0.0,1.0,1.0,48.0,0.0,0.0,0.0,0.0
,,greedy_local_search,3139.619133310156,2,exp4:asymmetric:c0.75:t0.75:r017,0.0,0.75,0.0,,,hardening:asymmetric:r017,4,,,0.0,1.0,catalog/geography,,,0.0,9999.999999999998,Catalog + geography,0.0,,0.0,0.0,0.0,0.0,0.0,moderate,0.0,,0.0,0.0,0.0,,,,0.0,,0.0,0.0,,40017,[],,,0.0,0.0,0.75,0.0,asymmetric,0.0,,10000.0,0.0,1.0,1.0,48.0,0.0,0.0,0.0,0.0
,,greedy_local_search,3139.619133310156,2,exp4:asymmetric:c0.75:t0.75:r017,0.0,0.75,0.0,,,hardening:asymmetric:r017,4,,,0.0,1.0,truthful resolved feasibility,,,0.0,9999.999999999998,Current feasibility,0.0,,0.0,0.0,0.0,0.0,0.0,moderate,0.0,,0.0,0.0,0.0,,,,0.0,,0.0,0.0,,40017,[],,,0.0,0.0,0.75,0.0,asymmetric,0.0,,10000.0,0.0,1.0,1.0,48.0,0.0,0.0,0.0,0.0
,,greedy_local_search,3122.2820399652,2,exp4:asymmetric:c0.75:t0.75:r018,2.0,0.75,1043.5828554794216,,,hardening:asymmetric:r018,4,,,1020.3183173505042,1.0,catalog/geography,,,0.0,10000.000000000002,Catalog + geography,1.0,,0.0695007773248638,0.0813970126183905,0.0490394307633468,445.62609138345465,55.212363935031135,moderate,-390.4137274484235,,0.0695721903652947,695.7219036529478,-390.4137274484235,,,,0.0,,695.721903652948,-0.0390413727448423,,40018,"[""C000"", ""C002""]",,,2.0,0.0,0.75,695.7219036529478,asymmetric,1086.1356311013717,,9304.278096347054,65.81731375086729,1.0,0.0,48.0,1770.1118464486356,1180.07456429909,0.589557579411242,0.5895575794112422
,,greedy_local_search,3122.2820399652,2,exp4:asymmetric:c0.75:t0.75:r018,0.0,0.75,0.0,,,hardening:asymmetric:r018,4,,,0.0,1.0,truthful resolved feasibility,,,0.0,10000.000000000002,Current feasibility,0.0,,0.0,0.0,0.0,0.0,0.0,moderate,0.0,,0.0,0.0,0.0,,,,0.0,,0.0,0.0,,40018,[],,,0.0,0.0,0.75,0.0,asymmetric,0.0,,10000.0,0.0,1.0,1.0,48.0,0.0,0.0,0.0,0.0
,,greedy_local_search,3154.233279599062,2,exp4:asymmetric:c0.75:t0.75:r019,1.0,0.75,201.01220342430597,,,hardening:asymmetric:r019,4,,,524.0214087205719,1.0,catalog/geography,,,0.0,9999.999999999998,Catalog + geography,0.0,,0.0297795856924897,0.0,0.0,421.06750368783344,17.670555822942333,moderate,-403.3969478648911,,0.0134008135616203,134.00813561620396,-403.3969478648911,,,,0.0,,134.00813561620396,-0.0403396947864891,,40019,"[""C001""]",,,1.0,0.0,0.75,134.00813561620396,asymmetric,537.4050834810951,,9865.991864383795,13.383674760523204,1.0,0.0,48.0,903.1426124300349,602.0950749533565,0.22256972559788069,0.22256972559788069
,,greedy_local_search,3154.233279599062,2,exp4:asymmetric:c0.75:t0.75:r019,0.0,0.75,0.0,,,hardening:asymmetric:r019,4,,,0.0,1.0,truthful resolved feasibility,,,0.0,9999.999999999998,Current feasibility,0.0,,0.0,0.0,0.0,0.0,0.0,moderate,0.0,,0.0,0.0,0.0,,,,0.0,,0.0,0.0,,40019,[],,,0.0,0.0,0.75,0.0,asymmetric,0.0,,10000.0,0.0,1.0,1.0,48.0,0.0,0.0,0.0,0.0
,,greedy_local_search,3178.14460467704,2,exp4:asymmetric:c0.75:t1.5:r000,0.0,0.75,0.0,,,hardening:asymmetric:r000,4,,,0.0,1.0,catalog/geography,,,0.0,9999.999999999996,Catalog + geography,0.0,,0.0,0.0,0.0,0.0,0.0,moderate,0.0,,0.0,0.0,0.0,,,,0.0,,0.0,0.0,,40000,[],,,0.0,0.0,1.5,0.0,asymmetric,0.0,,10000.0,0.0,1.0,1.0,48.0,0.0,0.0,0.0,0.0
,,greedy_local_search,3178.14460467704,2,exp4:asymmetric:c0.75:t1.5:r000,0.0,0.75,0.0,,,hardening:asymmetric:r000,4,,,0.0,1.0,truthful resolved feasibility,,,0.0,9999.999999999996,Current feasibility,0.0,,0.0,0.0,0.0,0.0,0.0,moderate,0.0,,0.0,0.0,0.0,,,,0.0,,0.0,0.0,,40000,[],,,0.0,0.0,1.5,0.0,asymmetric,0.0,,10000.0,0.0,1.0,1.0,48.0,0.0,0.0,0.0,0.0
,,greedy_local_search,3160.754947153236,2,exp4:asymmetric:c0.75:t1.5:r001,1.0,0.75,594.8088144745884,,,hardening:asymmetric:r001,4,,,522.6867896705586,1.0,catalog/geography,,,0.0,10000.0,Catalog + geography,0.0,,0.0,0.0,0.1982696048248628,212.16639394074437,48.80584297603343,moderate,-163.3605509647109,,0.0396539209649725,396.5392096497257,-163.3605509647109,,,,0.0,,396.5392096497257,-0.016336055096471,,40001,"[""C002""]",,,1.0,0.0,1.5,396.5392096497257,asymmetric,559.8997606144366,,9603.460790350273,37.21297094387791,1.0,0.0,48.0,936.1094243962937,1248.1458991950583,0.6354052197030134,0.3177026098515068
,,greedy_local_search,3160.754947153236,2,exp4:asymmetric:c0.75:t1.5:r001,0.0,0.75,0.0,,,hardening:asymmetric:r001,4,,,0.0,1.0,truthful resolved feasibility,,,0.0,10000.0,Current feasibility,0.0,,0.0,0.0,0.0,0.0,0.0,moderate,0.0,,0.0,0.0,0.0,,,,0.0,,0.0,0.0,,40001,[],,,0.0,0.0,1.5,0.0,asymmetric,0.0,,10000.0,0.0,1.0,1.0,48.0,0.0,0.0,0.0,0.0
,,greedy_local_search,3133.056593146416,2,exp4:asymmetric:c0.75:t1.5:r002,0.0,0.75,0.0,,,hardening:asymmetric:r002,4,,,0.0,1.0,catalog/geography,,,0.0,10000.000000000002,Catalog + geography,0.0,,0.0,0.0,0.0,0.0,0.0,moderate,0.0,,0.0,0.0,0.0,,,,0.0,,0.0,0.0,,40002,[],,,0.0,0.0,1.5,0.0,asymmetric,0.0,,10000.000000000002,0.0,1.0,1.0,48.0,0.0,0.0,0.0,0.0
,,greedy_local_search,3133.056593146416,2,exp4:asymmetric:c0.75:t1.5:r002,0.0,0.75,0.0,,,hardening:asymmetric:r002,4,,,0.0,1.0,truthful resolved feasibility,,,0.0,10000.000000000002,Current feasibility,0.0,,0.0,0.0,0.0,0.0,0.0,moderate,0.0,,0.0,0.0,0.0,,,,0.0,,0.0,0.0,,40002,[],,,0.0,0.0,1.5,0.0,asymmetric,0.0,,10000.000000000002,0.0,1.0,1.0,48.0,0.0,0.0,0.0,0.0
,,greedy_local_search,3160.085619378712,2,exp4:asymmetric:c0.75:t1.5:r003,0.0,0.75,0.0,,,hardening:asymmetric:r003,4,,,0.0,1.0,catalog/geography,,,0.0,10000.000000000002,Catalog + geography,0.0,,0.0,0.0,0.0,0.0,0.0,moderate,0.0,,0.0,0.0,0.0,,,,0.0,,0.0,0.0,,40003,[],,,0.0,0.0,1.5,0.0,asymmetric,0.0,,10000.0,0.0,1.0,1.0,48.0,0.0,0.0,0.0,0.0
,,greedy_local_search,3160.085619378712,2,exp4:asymmetric:c0.75:t1.5:r003,0.0,0.75,0.0,,,hardening:asymmetric:r003,4,,,0.0,1.0,truthful resolved feasibility,,,0.0,10000.000000000002,Current feasibility,0.0,,0.0,0.0,0.0,0.0,0.0,moderate,0.0,,0.0,0.0,0.0,,,,0.0,,0.0,0.0,,40003,[],,,0.0,0.0,1.5,0.0,asymmetric,0.0,,10000.0,0.0,1.0,1.0,48.0,0.0,0.0,0.0,0.0
,,greedy_local_search,3189.1083616392616,2,exp4:asymmetric:c0.75:t1.5:r004,0.0,0.75,0.0,,,hardening:asymmetric:r004,4,,,0.0,1.0,catalog/geography,,,0.0,9999.999999999998,Catalog + geography,0.0,,0.0,0.0,0.0,0.0,0.0,moderate,0.0,,0.0,0.0,0.0,,,,0.0,,0.0,0.0,,40004,[],,,0.0,0.0,1.5,0.0,asymmetric,0.0,,10000.0,0.0,1.0,1.0,48.0,0.0,0.0,0.0,0.0
,,greedy_local_search,3189.1083616392616,2,exp4:asymmetric:c0.75:t1.5:r004,0.0,0.75,0.0,,,hardening:asymmetric:r004,4,,,0.0,1.0,truthful resolved feasibility,,,0.0,9999.999999999998,Current feasibility,0.0,,0.0,0.0,0.0,0.0,0.0,moderate,0.0,,0.0,0.0,0.0,,,,0.0,,0.0,0.0,,40004,[],,,0.0,0.0,1.5,0.0,asymmetric,0.0,,10000.0,0.0,1.0,1.0,48.0,0.0,0.0,0.0,0.0
,,greedy_local_search,3216.051041216963,2,exp4:asymmetric:c0.75:t1.5:r005,1.0,0.75,893.4563445044249,,,hardening:asymmetric:r005,4,,,503.9762246700092,1.0,catalog/geography,,,0.0,10000.0,Catalog + geography,1.0,,0.050083483677164,0.0,0.1851309432278557,0.0016645992852772,29.66163689280313,moderate,29.659972293517853,,0.0595637563002949,595.63756300295,29.659972293517853,,,,0.0,,595.63756300295,0.0029659972293517,,40005,"[""C001""]",,,1.0,0.0,1.5,595.63756300295,asymmetric,565.9775907094321,,9404.36243699705,62.00136603942284,1.0,0.0,48.0,893.4563445044249,1191.2751260059001,1.0,0.4999999999999999
,,greedy_local_search,3216.051041216963,2,exp4:asymmetric:c0.75:t1.5:r005,1.0,0.75,893.4563445044249,,,hardening:asymmetric:r005,4,,,503.9762246700092,1.0,truthful resolved feasibility,,,0.0,10000.0,Current feasibility,1.0,,0.050083483677164,0.0,0.1851309432278557,0.0,29.659972293517853,moderate,29.659972293517853,,0.0595637563002949,595.63756300295,29.659972293517853,,,,0.0,,595.63756300295,0.0029659972293517,,40005,"[""C001""]",,,1.0,0.0,1.5,595.63756300295,asymmetric,565.9775907094321,,9404.36243699705,62.00136603942284,1.0,0.0,48.0,893.4563445044249,1191.2751260059001,1.0,0.4999999999999999
,,greedy_local_search,3105.939528570514,2,exp4:asymmetric:c0.75:t1.5:r006,2.0,0.75,1391.7540030092998,,,hardening:asymmetric:r006,4,,,1035.469482066566,1.0,catalog/geography,,,0.0,9999.999999999998,Catalog + geography,0.0,,0.087586462959154,0.1524848339114305,0.0,219.69917887671815,27.60599100864601,moderate,-192.09318786807216,,0.0927836002006199,927.8360020062,-192.09318786807216,,,,0.0,,927.8360020061998,-0.0192093187868072,,40006,"[""C000"", ""C001""]",,,2.0,0.0,1.5,927.8360020061998,asymmetric,1119.929189874272,,9072.1639979938,84.45970780770614,1.0,0.0,48.0,1751.5541912981266,2335.4055883975016,0.7945823257559798,0.39729116287799
,,greedy_local_search,3105.939528570514,2,exp4:asymmetric:c0.75:t1.5:r006,1.0,0.75,800.54537803501,,,hardening:asymmetric:r006,4,,,485.6391377351431,1.0,truthful resolved feasibility,,,0.0,9999.999999999998,Current feasibility,1.0,,0.0181332859284953,0.1291706091462222,0.0,0.0,6.101233219963319,moderate,6.101233219963319,,0.0533696918690006,533.6969186900067,6.101233219963319,,,,0.0,,533.6969186900067,0.0006101233219963,,40006,"[""C001""]",,,1.0,0.0,1.5,533.6969186900067,asymmetric,527.5956854700433,,9466.303081309992,41.95654773490024,1.0,0.0,48.0,800.54537803501,1067.393837380013,1.0,0.5000000000000001
,,greedy_local_search,3145.357852427541,2,exp4:asymmetric:c0.75:t1.5:r007,1.0,0.75,829.1356522560617,,,hardening:asymmetric:r007,4,,,498.93571828432965,1.0,catalog/geography,,,0.0,9999.999999999998,Catalog + geography,1.0,,0.0376343695923991,0.0,0.1917012191691225,2.906552542535451,11.984288140864692,moderate,9.07773559832924,,0.0552757101504041,552.7571015040412,9.07773559832924,,,,0.0,,552.7571015040412,0.0009077735598329,,40007,"[""C002""]",,,1.0,0.0,1.5,552.7571015040412,asymmetric,543.679365905712,,9447.24289849596,44.74364762138232,1.0,0.0,48.0,829.1356522560618,1105.514203008082,0.9999999999999999,0.5000000000000002
,,greedy_local_search,3145.357852427541,2,exp4:asymmetric:c0.75:t1.5:r007,1.0,0.75,829.1356522560617,,,hardening:asymmetric:r007,4,,,498.93571828432965,1.0,truthful resolved feasibility,,,0.0,9999.999999999998,Current feasibility,1.0,,0.0376343695923991,0.0,0.1917012191691225,0.0,9.07773559832924,moderate,9.07773559832924,,0.0552757101504041,552.7571015040412,9.07773559832924,,,,0.0,,552.7571015040412,0.0009077735598329,,40007,"[""C002""]",,,1.0,0.0,1.5,552.7571015040412,asymmetric,543.679365905712,,9447.24289849596,44.74364762138232,1.0,0.0,48.0,829.1356522560618,1105.514203008082,0.9999999999999999,0.5000000000000002
,,greedy_local_search,3186.473778113356,2,exp4:asymmetric:c0.75:t1.5:r008,1.0,0.75,946.0670277755966,,,hardening:asymmetric:r008,4,,,487.4666437913928,1.0,catalog/geography,,,0.0,9999.999999999998,Catalog + geography,1.0,,0.0880833953440944,0.0426065586912678,0.0426065586912678,5.30891807687658,83.19729745587631,moderate,77.88837937899973,,0.0630711351850397,630.7113518503977,77.88837937899973,,,,0.0,,630.7113518503977,0.0077888379378999,,40008,"[""C000""]",,,1.0,0.0,1.5,630.7113518503977,asymmetric,552.822972471398,,9369.2886481496,65.35632868000518,1.0,0.0,48.0,946.0670277755964,1261.422703700795,1.0000000000000002,0.5000000000000002
,,greedy_local_search,3186.473778113356,2,exp4:asymmetric:c0.75:t1.5:r008,1.0,0.75,946.0670277755966,,,hardening:asymmetric:r008,4,,,487.4666437913928,1.0,truthful resolved feasibility,,,0.0,9999.999999999998,Current feasibility,1.0,,0.0880833953440944,0.0426065586912678,0.0426065586912678,0.0,77.88837937899973,moderate,77.88837937899973,,0.0630711351850397,630.7113518503977,77.88837937899973,,,,0.0,,630.7113518503977,0.0077888379378999,,40008,"[""C000""]",,,1.0,0.0,1.5,630.7113518503977,asymmetric,552.822972471398,,9369.2886481496,65.35632868000518,1.0,0.0,48.0,946.0670277755964,1261.422703700795,1.0000000000000002,0.5000000000000002
,,greedy_local_search,3182.8115459264554,2,exp4:asymmetric:c0.75:t1.5:r009,1.0,0.75,824.6421136581554,,,hardening:asymmetric:r009,4,,,482.83946023078266,1.0,catalog/geography,,,0.0,10000.0,Catalog + geography,1.0,,0.05944085335566,0.0806507340014189,0.0,0.0355487040084199,15.494420595742554,moderate,15.458871891734134,,0.0549761409105437,549.761409105437,15.458871891734134,,,,0.0,,549.761409105437,0.0015458871891734,,40009,"[""C001""]",,,1.0,0.0,1.5,549.761409105437,asymmetric,534.3025372137029,,9450.238590894563,51.463076982920256,1.0,0.0,48.0,824.6421136581554,1099.5228182108735,1.0,0.5000000000000002
,,greedy_local_search,3182.8115459264554,2,exp4:asymmetric:c0.75:t1.5:r009,1.0,0.75,824.6421136581554,,,hardening:asymmetric:r009,4,,,482.83946023078266,1.0,truthful resolved feasibility,,,0.0,10000.0,Current feasibility,1.0,,0.05944085335566,0.0806507340014189,0.0,0.0,15.458871891734134,moderate,15.458871891734134,,0.0549761409105437,549.761409105437,15.458871891734134,,,,0.0,,549.761409105437,0.0015458871891734,,40009,"[""C001""]",,,1.0,0.0,1.5,549.761409105437,asymmetric,534.3025372137029,,9450.238590894563,51.463076982920256,1.0,0.0,48.0,824.6421136581554,1099.5228182108735,1.0,0.5000000000000002
,,greedy_local_search,3145.9474472763204,2,exp4:asymmetric:c0.75:t1.5:r010,2.0,0.75,1059.566561704123,,,hardening:asymmetric:r010,4,,,992.0338174674732,1.0,catalog/geography,,,0.0,10000.0,Catalog + geography,1.0,,0.0917674158287818,0.0533498793769509,0.0533498793769509,464.0032300367319,109.92638052018832,moderate,-354.0768495165436,,0.0706377707802748,706.3777078027487,-354.0768495165436,,,,0.0,,706.3777078027487,-0.0354076849516543,,40010,"[""C001"", ""C002""]",,,2.0,0.0,1.5,706.3777078027487,asymmetric,1060.4545573192922,,9293.622292197251,68.42073985181895,1.0,0.0,48.0,1820.8541754660487,2427.8055672880646,0.5819063250536942,0.29095316252684716
,,greedy_local_search,3145.9474472763204,2,exp4:asymmetric:c0.75:t1.5:r010,1.0,0.75,938.3607108077084,,,hardening:asymmetric:r010,4,,,511.86949061320246,1.0,truthful resolved feasibility,,,0.0,10000.0,Current feasibility,1.0,,0.0738109934737574,0.0533498793769509,0.0533498793769509,0.0,53.81390038729751,moderate,53.81390038729751,,0.0625573807205138,625.5738072051389,53.81390038729751,,,,0.0,,625.5738072051389,0.0053813900387297,,40010,"[""C001""]",,,1.0,0.0,1.5,625.5738072051389,asymmetric,571.7599068178414,,9374.426192794865,59.89041620463895,1.0,0.0,48.0,938.3607108077084,1251.147614410278,1.0,0.4999999999999999
,,greedy_local_search,3167.666805407142,2,exp4:asymmetric:c0.75:t1.5:r011,1.0,0.75,0.0,,,hardening:asymmetric:r011,4,,,564.461798066436,1.0,catalog/geography,,,0.0,10000.000000000002,Catalog + geography,0.0,,0.0,0.0,0.0,589.0226109126532,24.56081284621723,moderate,-564.461798066436,,0.0,0.0,-564.461798066436,,,,0.0,,0.0,-0.0564461798066435,,40011,"[""C002""]",,,1.0,564.461798066436,1.5,0.0,asymmetric,564.461798066436,,10000.0,0.0,1.0,0.0,48.0,955.275085136235,1273.7001135149806,0.0,0.0
,,greedy_local_search,3167.666805407142,2,exp4:asymmetric:c0.75:t1.5:r011,0.0,0.75,0.0,,,hardening:asymmetric:r011,4,,,0.0,1.0,truthful resolved feasibility,,,0.0,10000.000000000002,Current feasibility,0.0,,0.0,0.0,0.0,0.0,0.0,moderate,0.0,,0.0,0.0,0.0,,,,0.0,,0.0,0.0,,40011,[],,,0.0,0.0,1.5,0.0,asymmetric,0.0,,10000.0,0.0,1.0,1.0,48.0,0.0,0.0,0.0,0.0
,,greedy_local_search,3192.8536656157503,2,exp4:asymmetric:c0.75:t1.5:r012,1.0,0.75,354.54674138924963,,,hardening:asymmetric:r012,4,,,520.2465658718984,1.0,catalog/geography,,,0.0,10000.000000000004,Catalog + geography,1.0,,0.0340381104404313,0.0237694277935882,0.0,336.59028862821623,29.08768974960401,moderate,-307.5025988786122,,0.0236364494259499,236.3644942594997,-307.5025988786122,,,,0.0,,236.3644942594997,-0.0307502598878612,,40012,"[""C002""]",,,1.0,0.0,1.5,236.3644942594997,asymmetric,543.867093138112,,9763.635505740502,23.62052726621352,1.0,0.0,48.0,907.1675623955973,1209.5567498607966,0.3908282836447353,0.1954141418223676
,,greedy_local_search,3192.8536656157503,2,exp4:asymmetric:c0.75:t1.5:r012,0.0,0.75,0.0,,,hardening:asymmetric:r012,4,,,0.0,1.0,truthful resolved feasibility,,,0.0,10000.000000000004,Current feasibility,0.0,,0.0,0.0,0.0,0.0,0.0,moderate,0.0,,0.0,0.0,0.0,,,,0.0,,0.0,0.0,,40012,[],,,0.0,0.0,1.5,0.0,asymmetric,0.0,,10000.0,0.0,1.0,1.0,48.0,0.0,0.0,0.0,0.0
,,greedy_local_search,3215.031053233879,2,exp4:asymmetric:c0.75:t1.5:r013,1.0,0.75,922.2902803415288,,,hardening:asymmetric:r013,4,,,505.5659710964805,1.0,catalog/geography,,,0.0,9999.999999999998,Catalog + geography,1.0,,0.067058987442564,0.0569263169823298,0.0569263169823298,0.0,60.08582554660052,moderate,60.08582554660052,,0.0614860186894352,614.8601868943526,60.08582554660052,,,,0.0,,614.8601868943526,0.00600858255466,,40013,"[""C001""]",,,1.0,0.0,1.5,614.8601868943526,asymmetric,554.7743613477521,,9385.139813105648,49.20839025127165,1.0,0.0,48.0,922.290280341529,1229.7203737887048,0.9999999999999999,0.5000000000000002
,,greedy_local_search,3215.031053233879,2,exp4:asymmetric:c0.75:t1.5:r013,1.0,0.75,922.2902803415288,,,hardening:asymmetric:r013,4,,,505.5659710964805,1.0,truthful resolved feasibility,,,0.0,9999.999999999998,Current feasibility,1.0,,0.067058987442564,0.0569263169823298,0.0569263169823298,0.0,60.08582554660052,moderate,60.08582554660052,,0.0614860186894352,614.8601868943526,60.08582554660052,,,,0.0,,614.8601868943526,0.00600858255466,,40013,"[""C001""]",,,1.0,0.0,1.5,614.8601868943526,asymmetric,554.7743613477521,,9385.139813105648,49.20839025127165,1.0,0.0,48.0,922.290280341529,1229.7203737887048,0.9999999999999999,0.5000000000000002
,,greedy_local_search,3226.2524599151698,2,exp4:asymmetric:c0.75:t1.5:r014,1.0,0.75,883.013682495809,,,hardening:asymmetric:r014,4,,,505.8347166526709,1.0,catalog/geography,,,0.0,10000.0,Catalog + geography,0.0,,0.130816841851231,0.0,0.0,8.791961896237012,37.92327975564661,moderate,29.13131785940959,,0.0588675788330539,588.6757883305394,29.13131785940959,,,,0.0,,588.6757883305394,0.0029131317859409,,40014,"[""C002""]",,,1.0,0.0,1.5,588.6757883305394,asymmetric,559.5444704711298,,9411.324211669458,53.709753818458864,1.0,0.0,48.0,883.013682495809,1177.3515766610792,1.0,0.49999999999999983
,,greedy_local_search,3226.2524599151698,2,exp4:asymmetric:c0.75:t1.5:r014,1.0,0.75,883.013682495809,,,hardening:asymmetric:r014,4,,,505.8347166526709,1.0,truthful resolved feasibility,,,0.0,10000.0,Current feasibility,0.0,,0.130816841851231,0.0,0.0,0.0,29.13131785940959,moderate,29.13131785940959,,0.0588675788330539,588.6757883305394,29.13131785940959,,,,0.0,,588.6757883305394,0.0029131317859409,,40014,"[""C002""]",,,1.0,0.0,1.5,588.6757883305394,asymmetric,559.5444704711298,,9411.324211669458,53.709753818458864,1.0,0.0,48.0,883.013682495809,1177.3515766610792,1.0,0.49999999999999983
,,greedy_local_search,3183.9642388539933,2,exp4:asymmetric:c0.75:t1.5:r015,1.0,0.75,959.6452625020128,,,hardening:asymmetric:r015,4,,,507.1800786119514,1.0,catalog/geography,,,0.0,10000.000000000002,Catalog + geography,1.0,,0.0057375234091291,0.1754127579981697,0.0,2.099546062063609,67.11921019217857,moderate,65.01966413011496,,0.0639763508334675,639.7635083346753,65.01966413011496,,,,0.0,,639.7635083346752,0.0065019664130114,,40015,"[""C002""]",,,1.0,0.0,1.5,639.7635083346752,asymmetric,574.7438442045602,,9360.236491665324,67.56376559260875,1.0,0.0,48.0,959.645262502013,1279.527016669351,0.9999999999999998,0.4999999999999997
,,greedy_local_search,3183.9642388539933,2,exp4:asymmetric:c0.75:t1.5:r015,1.0,0.75,959.6452625020128,,,hardening:asymmetric:r015,4,,,507.1800786119514,1.0,truthful resolved feasibility,,,0.0,10000.000000000002,Current feasibility,1.0,,0.0057375234091291,0.1754127579981697,0.0,0.0,65.01966413011496,moderate,65.01966413011496,,0.0639763508334675,639.7635083346753,65.01966413011496,,,,0.0,,639.7635083346752,0.0065019664130114,,40015,"[""C002""]",,,1.0,0.0,1.5,639.7635083346752,asymmetric,574.7438442045602,,9360.236491665324,67.56376559260875,1.0,0.0,48.0,959.645262502013,1279.527016669351,0.9999999999999998,0.4999999999999997
,,greedy_local_search,3191.431769562457,2,exp4:asymmetric:c0.75:t1.5:r016,0.0,0.75,0.0,,,hardening:asymmetric:r016,4,,,0.0,1.0,catalog/geography,,,0.0,10000.000000000004,Catalog + geography,0.0,,0.0,0.0,0.0,0.0,0.0,moderate,0.0,,0.0,0.0,0.0,,,,0.0,,0.0,0.0,,40016,[],,,0.0,0.0,1.5,0.0,asymmetric,0.0,,10000.0,0.0,1.0,1.0,48.0,0.0,0.0,0.0,0.0
,,greedy_local_search,3191.431769562457,2,exp4:asymmetric:c0.75:t1.5:r016,0.0,0.75,0.0,,,hardening:asymmetric:r016,4,,,0.0,1.0,truthful resolved feasibility,,,0.0,10000.000000000004,Current feasibility,0.0,,0.0,0.0,0.0,0.0,0.0,moderate,0.0,,0.0,0.0,0.0,,,,0.0,,0.0,0.0,,40016,[],,,0.0,0.0,1.5,0.0,asymmetric,0.0,,10000.0,0.0,1.0,1.0,48.0,0.0,0.0,0.0,0.0
,,greedy_local_search,3139.619133310156,2,exp4:asymmetric:c0.75:t1.5:r017,0.0,0.75,0.0,,,hardening:asymmetric:r017,4,,,0.0,1.0,catalog/geography,,,0.0,9999.999999999998,Catalog + geography,0.0,,0.0,0.0,0.0,0.0,0.0,moderate,0.0,,0.0,0.0,0.0,,,,0.0,,0.0,0.0,,40017,[],,,0.0,0.0,1.5,0.0,asymmetric,0.0,,10000.0,0.0,1.0,1.0,48.0,0.0,0.0,0.0,0.0
,,greedy_local_search,3139.619133310156,2,exp4:asymmetric:c0.75:t1.5:r017,0.0,0.75,0.0,,,hardening:asymmetric:r017,4,,,0.0,1.0,truthful resolved feasibility,,,0.0,9999.999999999998,Current feasibility,0.0,,0.0,0.0,0.0,0.0,0.0,moderate,0.0,,0.0,0.0,0.0,,,,0.0,,0.0,0.0,,40017,[],,,0.0,0.0,1.5,0.0,asymmetric,0.0,,10000.0,0.0,1.0,1.0,48.0,0.0,0.0,0.0,0.0
,,greedy_local_search,3122.2820399652,2,exp4:asymmetric:c0.75:t1.5:r018,2.0,0.75,1296.1678355447837,,,hardening:asymmetric:r018,4,,,1020.3183173505042,1.0,catalog/geography,,,0.0,10000.000000000002,Catalog + geography,1.0,,0.0570698158109505,0.1562685503337194,0.0301788965229468,291.2301270734872,55.24032713781708,moderate,-235.9897999356701,,0.0864111890363189,864.1118903631891,-235.9897999356701,,,,0.0,,864.1118903631891,-0.023598979993567,,40018,"[""C000"", ""C002""]",,,2.0,0.0,1.5,864.1118903631891,asymmetric,1100.1016902988592,,9135.888109636811,79.78337294835501,1.0,0.0,48.0,1770.1118464486356,2360.14912859818,0.7322519411105446,0.3661259705552724
,,greedy_local_search,3122.2820399652,2,exp4:asymmetric:c0.75:t1.5:r018,1.0,0.75,910.9465788208672,,,hardening:asymmetric:r018,4,,,533.8353697612137,1.0,truthful resolved feasibility,,,0.0,10000.000000000002,Current feasibility,1.0,,0.0,0.1562685503337194,0.0301788965229468,0.0,21.793136826421343,moderate,21.793136826421343,,0.0607297719213911,607.2977192139116,21.793136826421343,,,,0.0,,607.2977192139116,0.0021793136826421,,40018,"[""C000""]",,,1.0,0.0,1.5,607.2977192139116,asymmetric,585.5045823874902,,9392.70228078609,51.66921262627662,1.0,0.0,48.0,910.9465788208674,1214.5954384278232,0.9999999999999998,0.5
,,greedy_local_search,3154.233279599062,2,exp4:asymmetric:c0.75:t1.5:r019,1.0,0.75,402.0244068486119,,,hardening:asymmetric:r019,4,,,524.0214087205719,1.0,catalog/geography,,,0.0,9999.999999999998,Catalog + geography,0.0,,0.0595591713849795,0.0,0.0,300.581036934512,17.704356435090062,moderate,-282.8766804994219,,0.0268016271232407,268.0162712324079,-282.8766804994219,,,,0.0,,268.0162712324079,-0.0282876680499421,,40019,"[""C001""]",,,1.0,0.0,1.5,268.0162712324079,asymmetric,550.8929517318298,,9731.983728767593,26.871543011257963,1.0,0.0,48.0,903.1426124300349,1204.190149906713,0.4451394511957613,0.22256972559788069
,,greedy_local_search,3154.233279599062,2,exp4:asymmetric:c0.75:t1.5:r019,0.0,0.75,0.0,,,hardening:asymmetric:r019,4,,,0.0,1.0,truthful resolved feasibility,,,0.0,9999.999999999998,Current feasibility,0.0,,0.0,0.0,0.0,0.0,0.0,moderate,0.0,,0.0,0.0,0.0,,,,0.0,,0.0,0.0,,40019,[],,,0.0,0.0,1.5,0.0,asymmetric,0.0,,10000.0,0.0,1.0,1.0,48.0,0.0,0.0,0.0,0.0
,,greedy_local_search,3178.14460467704,2,exp4:asymmetric:c0.75:t3.0:r000,0.0,0.75,0.0,,,hardening:asymmetric:r000,4,,,0.0,1.0,catalog/geography,,,0.0,9999.999999999996,Catalog + geography,0.0,,0.0,0.0,0.0,0.0,0.0,moderate,0.0,,0.0,0.0,0.0,,,,0.0,,0.0,0.0,,40000,[],,,0.0,0.0,3.0,0.0,asymmetric,0.0,,10000.0,0.0,1.0,1.0,48.0,0.0,0.0,0.0,0.0
,,greedy_local_search,3178.14460467704,2,exp4:asymmetric:c0.75:t3.0:r000,0.0,0.75,0.0,,,hardening:asymmetric:r000,4,,,0.0,1.0,truthful resolved feasibility,,,0.0,9999.999999999996,Current feasibility,0.0,,0.0,0.0,0.0,0.0,0.0,moderate,0.0,,0.0,0.0,0.0,,,,0.0,,0.0,0.0,,40000,[],,,0.0,0.0,3.0,0.0,asymmetric,0.0,,10000.0,0.0,1.0,1.0,48.0,0.0,0.0,0.0,0.0
,,greedy_local_search,3160.754947153236,2,exp4:asymmetric:c0.75:t3.0:r001,1.0,0.75,812.759980985624,,,hardening:asymmetric:r001,4,,,522.6867896705586,1.0,catalog/geography,,,0.0,10000.0,Catalog + geography,0.0,,0.0,0.0,0.2709199936618747,81.16935887826219,48.80584297603343,moderate,-32.363515902228755,,0.0541839987323749,541.8399873237494,-32.363515902228755,,,,0.0,,541.8399873237494,-0.0032363515902228,,40001,"[""C002""]",,,1.0,0.0,3.0,541.8399873237494,asymmetric,574.2035032259781,,9458.16001267625,51.51671355541957,1.0,0.0,48.0,936.1094243962937,2496.2917983901166,0.8682318111579541,0.21705795278948853
,,greedy_local_search,3160.754947153236,2,exp4:asymmetric:c0.75:t3.0:r001,0.0,0.75,0.0,,,hardening:asymmetric:r001,4,,,0.0,1.0,truthful resolved feasibility,,,0.0,10000.0,Current feasibility,0.0,,0.0,0.0,0.0,0.0,0.0,moderate,0.0,,0.0,0.0,0.0,,,,0.0,,0.0,0.0,,40001,[],,,0.0,0.0,3.0,0.0,asymmetric,0.0,,10000.0,0.0,1.0,1.0,48.0,0.0,0.0,0.0,0.0
,,greedy_local_search,3133.056593146416,2,exp4:asymmetric:c0.75:t3.0:r002,0.0,0.75,0.0,,,hardening:asymmetric:r002,4,,,0.0,1.0,catalog/geography,,,0.0,10000.000000000002,Catalog + geography,0.0,,0.0,0.0,0.0,0.0,0.0,moderate,0.0,,0.0,0.0,0.0,,,,0.0,,0.0,0.0,,40002,[],,,0.0,0.0,3.0,0.0,asymmetric,0.0,,10000.000000000002,0.0,1.0,1.0,48.0,0.0,0.0,0.0,0.0
,,greedy_local_search,3133.056593146416,2,exp4:asymmetric:c0.75:t3.0:r002,0.0,0.75,0.0,,,hardening:asymmetric:r002,4,,,0.0,1.0,truthful resolved feasibility,,,0.0,10000.000000000002,Current feasibility,0.0,,0.0,0.0,0.0,0.0,0.0,moderate,0.0,,0.0,0.0,0.0,,,,0.0,,0.0,0.0,,40002,[],,,0.0,0.0,3.0,0.0,asymmetric,0.0,,10000.000000000002,0.0,1.0,1.0,48.0,0.0,0.0,0.0,0.0
,,greedy_local_search,3160.085619378712,2,exp4:asymmetric:c0.75:t3.0:r003,0.0,0.75,0.0,,,hardening:asymmetric:r003,4,,,0.0,1.0,catalog/geography,,,0.0,10000.000000000002,Catalog + geography,0.0,,0.0,0.0,0.0,0.0,0.0,moderate,0.0,,0.0,0.0,0.0,,,,0.0,,0.0,0.0,,40003,[],,,0.0,0.0,3.0,0.0,asymmetric,0.0,,10000.0,0.0,1.0,1.0,48.0,0.0,0.0,0.0,0.0
,,greedy_local_search,3160.085619378712,2,exp4:asymmetric:c0.75:t3.0:r003,0.0,0.75,0.0,,,hardening:asymmetric:r003,4,,,0.0,1.0,truthful resolved feasibility,,,0.0,10000.000000000002,Current feasibility,0.0,,0.0,0.0,0.0,0.0,0.0,moderate,0.0,,0.0,0.0,0.0,,,,0.0,,0.0,0.0,,40003,[],,,0.0,0.0,3.0,0.0,asymmetric,0.0,,10000.0,0.0,1.0,1.0,48.0,0.0,0.0,0.0,0.0
,,greedy_local_search,3189.1083616392616,2,exp4:asymmetric:c0.75:t3.0:r004,0.0,0.75,0.0,,,hardening:asymmetric:r004,4,,,0.0,1.0,catalog/geography,,,0.0,9999.999999999998,Catalog + geography,0.0,,0.0,0.0,0.0,0.0,0.0,moderate,0.0,,0.0,0.0,0.0,,,,0.0,,0.0,0.0,,40004,[],,,0.0,0.0,3.0,0.0,asymmetric,0.0,,10000.0,0.0,1.0,1.0,48.0,0.0,0.0,0.0,0.0
,,greedy_local_search,3189.1083616392616,2,exp4:asymmetric:c0.75:t3.0:r004,0.0,0.75,0.0,,,hardening:asymmetric:r004,4,,,0.0,1.0,truthful resolved feasibility,,,0.0,9999.999999999998,Current feasibility,0.0,,0.0,0.0,0.0,0.0,0.0,moderate,0.0,,0.0,0.0,0.0,,,,0.0,,0.0,0.0,,40004,[],,,0.0,0.0,3.0,0.0,asymmetric,0.0,,10000.0,0.0,1.0,1.0,48.0,0.0,0.0,0.0,0.0
,,greedy_local_search,3216.051041216963,2,exp4:asymmetric:c0.75:t3.0:r005,1.0,0.75,893.4563445044248,,,hardening:asymmetric:r005,4,,,503.9762246700092,1.0,catalog/geography,,,0.0,10000.0,Catalog + geography,1.0,,0.1133857011683712,0.0,0.0427009538726396,0.0016645992853909,29.66163689280313,moderate,29.65997229351774,,0.0595637563002949,595.6375630029498,29.65997229351774,,,,0.0,,595.6375630029498,0.0029659972293517,,40005,"[""C001""]",,,1.0,0.0,3.0,595.6375630029498,asymmetric,565.9775907094321,,9404.36243699705,62.001366039422834,1.0,0.0,48.0,893.4563445044249,2382.5502520118002,0.9999999999999999,0.24999999999999992
,,greedy_local_search,3216.051041216963,2,exp4:asymmetric:c0.75:t3.0:r005,1.0,0.75,893.4563445044248,,,hardening:asymmetric:r005,4,,,503.9762246700092,1.0,truthful resolved feasibility,,,0.0,10000.0,Current feasibility,1.0,,0.1133857011683712,0.0,0.0427009538726396,0.0,29.65997229351774,moderate,29.65997229351774,,0.0595637563002949,595.6375630029498,29.65997229351774,,,,0.0,,595.6375630029498,0.0029659972293517,,40005,"[""C001""]",,,1.0,0.0,3.0,595.6375630029498,asymmetric,565.9775907094321,,9404.36243699705,62.001366039422834,1.0,0.0,48.0,893.4563445044249,2382.5502520118002,0.9999999999999999,0.24999999999999992
,,greedy_local_search,3105.939528570514,2,exp4:asymmetric:c0.75:t3.0:r006,2.0,0.75,1478.2583745309712,,,hardening:asymmetric:r006,4,,,1035.469482066566,1.0,catalog/geography,,,0.0,9999.999999999998,Catalog + geography,0.0,,0.100401925406809,0.1524848339114305,0.0,168.51078537908893,27.60599100864601,moderate,-140.90479437044291,,0.0985505583020647,985.5055830206476,-140.90479437044291,,,,0.0,,985.5055830206476,-0.0140904794370442,,40006,"[""C000"", ""C001""]",,,2.0,0.0,3.0,985.5055830206472,asymmetric,1126.4103773910904,,9014.494416979353,90.94089532452448,1.0,0.0,48.0,1751.5541912981266,4670.811176795003,0.8439695339573775,0.21099238348934438
,,greedy_local_search,3105.939528570514,2,exp4:asymmetric:c0.75:t3.0:r006,1.0,0.75,800.54537803501,,,hardening:asymmetric:r006,4,,,485.6391377351431,1.0,truthful resolved feasibility,,,0.0,9999.999999999998,Current feasibility,1.0,,0.0181332859284953,0.1291706091462222,0.0,0.0,6.101233219963319,moderate,6.101233219963319,,0.0533696918690006,533.6969186900067,6.101233219963319,,,,0.0,,533.6969186900067,0.0006101233219963,,40006,"[""C001""]",,,1.0,0.0,3.0,533.6969186900067,asymmetric,527.5956854700433,,9466.303081309992,41.95654773490024,1.0,0.0,48.0,800.54537803501,2134.787674760026,1.0,0.25000000000000006
,,greedy_local_search,3145.357852427541,2,exp4:asymmetric:c0.75:t3.0:r007,1.0,0.75,829.1356522560618,,,hardening:asymmetric:r007,4,,,498.93571828432965,1.0,catalog/geography,,,0.0,9999.999999999998,Catalog + geography,1.0,,0.0733642144251456,0.0,0.1113090682954429,2.157063318692167,12.146459902770175,moderate,9.989396584078008,,0.0552757101504041,552.7571015040412,9.989396584078008,,,,0.0,,552.7571015040412,0.0009989396584078,,40007,"[""C002""]",,,1.0,0.0,3.0,552.7571015040412,asymmetric,542.7677049199632,,9447.24289849596,43.83198663563354,1.0,0.0,48.0,829.1356522560618,2211.028406016164,1.0,0.2500000000000001
,,greedy_local_search,3145.357852427541,2,exp4:asymmetric:c0.75:t3.0:r007,1.0,0.75,829.1356522560618,,,hardening:asymmetric:r007,4,,,498.93571828432965,1.0,truthful resolved feasibility,,,0.0,9999.999999999998,Current feasibility,1.0,,0.0733642144251456,0.0,0.1113090682954429,0.0,9.989396584078008,moderate,9.989396584078008,,0.0552757101504041,552.7571015040412,9.989396584078008,,,,0.0,,552.7571015040412,0.0009989396584078,,40007,"[""C002""]",,,1.0,0.0,3.0,552.7571015040412,asymmetric,542.7677049199632,,9447.24289849596,43.83198663563354,1.0,0.0,48.0,829.1356522560618,2211.028406016164,1.0,0.2500000000000001
,,greedy_local_search,3186.473778113356,2,exp4:asymmetric:c0.75:t3.0:r008,1.0,0.75,946.0670277755966,,,hardening:asymmetric:r008,4,,,487.4666437913928,1.0,catalog/geography,,,0.0,9999.999999999998,Catalog + geography,1.0,,0.0880833953440944,0.0426065586912678,0.0426065586912678,5.30891807687658,83.19729745587631,moderate,77.88837937899973,,0.0630711351850397,630.7113518503977,77.88837937899973,,,,0.0,,630.7113518503977,0.0077888379378999,,40008,"[""C000""]",,,1.0,0.0,3.0,630.7113518503977,asymmetric,552.822972471398,,9369.2886481496,65.35632868000518,1.0,0.0,48.0,946.0670277755964,2522.84540740159,1.0000000000000002,0.2500000000000001
,,greedy_local_search,3186.473778113356,2,exp4:asymmetric:c0.75:t3.0:r008,1.0,0.75,946.0670277755966,,,hardening:asymmetric:r008,4,,,487.4666437913928,1.0,truthful resolved feasibility,,,0.0,9999.999999999998,Current feasibility,1.0,,0.0880833953440944,0.0426065586912678,0.0426065586912678,0.0,77.88837937899973,moderate,77.88837937899973,,0.0630711351850397,630.7113518503977,77.88837937899973,,,,0.0,,630.7113518503977,0.0077888379378999,,40008,"[""C000""]",,,1.0,0.0,3.0,630.7113518503977,asymmetric,552.822972471398,,9369.2886481496,65.35632868000518,1.0,0.0,48.0,946.0670277755964,2522.84540740159,1.0000000000000002,0.2500000000000001
,,greedy_local_search,3182.8115459264554,2,exp4:asymmetric:c0.75:t3.0:r009,1.0,0.75,824.6421136581554,,,hardening:asymmetric:r009,4,,,482.83946023078266,1.0,catalog/geography,,,0.0,10000.0,Catalog + geography,1.0,,0.0669550117750166,0.070989673176532,0.0,0.0292798971398724,15.494420595742554,moderate,15.46514069860268,,0.0549761409105437,549.761409105437,15.46514069860268,,,,0.0,,549.761409105437,0.0015465140698602,,40009,"[""C001""]",,,1.0,0.0,3.0,549.761409105437,asymmetric,534.2962684068343,,9450.238590894563,51.456808176051695,1.0,0.0,48.0,824.6421136581554,2199.045636421747,1.0,0.2500000000000001
,,greedy_local_search,3182.8115459264554,2,exp4:asymmetric:c0.75:t3.0:r009,1.0,0.75,824.6421136581554,,,hardening:asymmetric:r009,4,,,482.83946023078266,1.0,truthful resolved feasibility,,,0.0,10000.0,Current feasibility,1.0,,0.0669550117750166,0.070989673176532,0.0,0.0,15.46514069860268,moderate,15.46514069860268,,0.0549761409105437,549.761409105437,15.46514069860268,,,,0.0,,549.761409105437,0.0015465140698602,,40009,"[""C001""]",,,1.0,0.0,3.0,549.761409105437,asymmetric,534.2962684068343,,9450.238590894563,51.456808176051695,1.0,0.0,48.0,824.6421136581554,2199.045636421747,1.0,0.2500000000000001
,,greedy_local_search,3145.9474472763204,2,exp4:asymmetric:c0.75:t3.0:r010,2.0,0.75,1059.566561704123,,,hardening:asymmetric:r010,4,,,992.0338174674732,1.0,catalog/geography,,,0.0,10000.0,Catalog + geography,1.0,,0.0819161242539068,0.0533498793769509,0.0755152854204197,464.003230036732,109.92638052018832,moderate,-354.0768495165437,,0.0706377707802748,706.3777078027485,-354.0768495165437,,,,0.0,,706.3777078027485,-0.0354076849516543,,40010,"[""C001"", ""C002""]",,,2.0,0.0,3.0,706.3777078027487,asymmetric,1060.4545573192922,,9293.622292197251,68.42073985181895,1.0,0.0,48.0,1820.8541754660487,4855.611134576129,0.5819063250536942,0.14547658126342358
,,greedy_local_search,3145.9474472763204,2,exp4:asymmetric:c0.75:t3.0:r010,1.0,0.75,938.3607108077084,,,hardening:asymmetric:r010,4,,,511.86949061320246,1.0,truthful resolved feasibility,,,0.0,10000.0,Current feasibility,1.0,,0.0639597018988824,0.0533498793769509,0.0755152854204197,0.0,53.813900387297394,moderate,53.813900387297394,,0.0625573807205138,625.5738072051388,53.813900387297394,,,,0.0,,625.5738072051388,0.0053813900387297,,40010,"[""C001""]",,,1.0,0.0,3.0,625.5738072051389,asymmetric,571.7599068178414,,9374.42619279486,59.89041620463895,1.0,0.0,48.0,938.3607108077084,2502.295228820556,1.0,0.24999999999999994
,,greedy_local_search,3167.666805407142,2,exp4:asymmetric:c0.75:t3.0:r011,1.0,0.75,0.0,,,hardening:asymmetric:r011,4,,,564.461798066436,1.0,catalog/geography,,,0.0,10000.000000000002,Catalog + geography,0.0,,0.0,0.0,0.0,589.0226109126532,24.56081284621723,moderate,-564.461798066436,,0.0,0.0,-564.461798066436,,,,0.0,,0.0,-0.0564461798066435,,40011,"[""C002""]",,,1.0,564.461798066436,3.0,0.0,asymmetric,564.461798066436,,10000.0,0.0,1.0,0.0,48.0,955.275085136235,2547.400227029961,0.0,0.0
,,greedy_local_search,3167.666805407142,2,exp4:asymmetric:c0.75:t3.0:r011,0.0,0.75,0.0,,,hardening:asymmetric:r011,4,,,0.0,1.0,truthful resolved feasibility,,,0.0,10000.000000000002,Current feasibility,0.0,,0.0,0.0,0.0,0.0,0.0,moderate,0.0,,0.0,0.0,0.0,,,,0.0,,0.0,0.0,,40011,[],,,0.0,0.0,3.0,0.0,asymmetric,0.0,,10000.0,0.0,1.0,1.0,48.0,0.0,0.0,0.0,0.0
,,greedy_local_search,3192.8536656157503,2,exp4:asymmetric:c0.75:t3.0:r012,1.0,0.75,354.54674138924963,,,hardening:asymmetric:r012,4,,,520.2465658718984,1.0,catalog/geography,,,0.0,10000.000000000004,Catalog + geography,1.0,,0.0340381104404313,0.0237694277935882,0.0,336.59028862821623,29.08768974960401,moderate,-307.5025988786122,,0.0236364494259499,236.3644942594997,-307.5025988786122,,,,0.0,,236.3644942594997,-0.0307502598878612,,40012,"[""C002""]",,,1.0,0.0,3.0,236.3644942594997,asymmetric,543.867093138112,,9763.635505740502,23.62052726621352,1.0,0.0,48.0,907.1675623955973,2419.113499721593,0.3908282836447353,0.0977070709111838
,,greedy_local_search,3192.8536656157503,2,exp4:asymmetric:c0.75:t3.0:r012,0.0,0.75,0.0,,,hardening:asymmetric:r012,4,,,0.0,1.0,truthful resolved feasibility,,,0.0,10000.000000000004,Current feasibility,0.0,,0.0,0.0,0.0,0.0,0.0,moderate,0.0,,0.0,0.0,0.0,,,,0.0,,0.0,0.0,,40012,[],,,0.0,0.0,3.0,0.0,asymmetric,0.0,,10000.0,0.0,1.0,1.0,48.0,0.0,0.0,0.0,0.0
,,greedy_local_search,3215.031053233879,2,exp4:asymmetric:c0.75:t3.0:r013,1.0,0.75,922.2902803415288,,,hardening:asymmetric:r013,4,,,505.5659710964805,1.0,catalog/geography,,,0.0,9999.999999999998,Catalog + geography,1.0,,0.067058987442564,0.0569263169823298,0.0569263169823298,0.0,60.08582554660052,moderate,60.08582554660052,,0.0614860186894352,614.8601868943526,60.08582554660052,,,,0.0,,614.8601868943526,0.00600858255466,,40013,"[""C001""]",,,1.0,0.0,3.0,614.8601868943526,asymmetric,554.7743613477521,,9385.139813105648,49.20839025127165,1.0,0.0,48.0,922.290280341529,2459.4407475774096,0.9999999999999999,0.2500000000000001
,,greedy_local_search,3215.031053233879,2,exp4:asymmetric:c0.75:t3.0:r013,1.0,0.75,922.2902803415288,,,hardening:asymmetric:r013,4,,,505.5659710964805,1.0,truthful resolved feasibility,,,0.0,9999.999999999998,Current feasibility,1.0,,0.067058987442564,0.0569263169823298,0.0569263169823298,0.0,60.08582554660052,moderate,60.08582554660052,,0.0614860186894352,614.8601868943526,60.08582554660052,,,,0.0,,614.8601868943526,0.00600858255466,,40013,"[""C001""]",,,1.0,0.0,3.0,614.8601868943526,asymmetric,554.7743613477521,,9385.139813105648,49.20839025127165,1.0,0.0,48.0,922.290280341529,2459.4407475774096,0.9999999999999999,0.2500000000000001
,,greedy_local_search,3226.2524599151698,2,exp4:asymmetric:c0.75:t3.0:r014,1.0,0.75,883.013682495809,,,hardening:asymmetric:r014,4,,,505.8347166526709,1.0,catalog/geography,,,0.0,10000.0,Catalog + geography,0.0,,0.130816841851231,0.0,0.0,8.791961896237012,37.92327975564661,moderate,29.13131785940959,,0.0588675788330539,588.6757883305394,29.13131785940959,,,,0.0,,588.6757883305394,0.0029131317859409,,40014,"[""C002""]",,,1.0,0.0,3.0,588.6757883305394,asymmetric,559.5444704711298,,9411.324211669458,53.709753818458864,1.0,0.0,48.0,883.013682495809,2354.7031533221584,1.0,0.24999999999999992
,,greedy_local_search,3226.2524599151698,2,exp4:asymmetric:c0.75:t3.0:r014,1.0,0.75,883.013682495809,,,hardening:asymmetric:r014,4,,,505.8347166526709,1.0,truthful resolved feasibility,,,0.0,10000.0,Current feasibility,0.0,,0.130816841851231,0.0,0.0,0.0,29.13131785940959,moderate,29.13131785940959,,0.0588675788330539,588.6757883305394,29.13131785940959,,,,0.0,,588.6757883305394,0.0029131317859409,,40014,"[""C002""]",,,1.0,0.0,3.0,588.6757883305394,asymmetric,559.5444704711298,,9411.324211669458,53.709753818458864,1.0,0.0,48.0,883.013682495809,2354.7031533221584,1.0,0.24999999999999992
,,greedy_local_search,3183.9642388539933,2,exp4:asymmetric:c0.75:t3.0:r015,1.0,0.75,959.6452625020128,,,hardening:asymmetric:r015,4,,,507.1800786119514,1.0,catalog/geography,,,0.0,10000.000000000002,Catalog + geography,1.0,,0.0341824126975059,0.1388407574845423,0.0,2.099546062063382,67.11921019217846,moderate,65.01966413011507,,0.0639763508334675,639.7635083346753,65.01966413011507,,,,0.0,,639.7635083346753,0.0065019664130115,,40015,"[""C002""]",,,1.0,0.0,3.0,639.7635083346753,asymmetric,574.7438442045602,,9360.236491665324,67.56376559260875,1.0,0.0,48.0,959.645262502013,2559.054033338702,0.9999999999999998,0.24999999999999992
,,greedy_local_search,3183.9642388539933,2,exp4:asymmetric:c0.75:t3.0:r015,1.0,0.75,959.6452625020128,,,hardening:asymmetric:r015,4,,,507.1800786119514,1.0,truthful resolved feasibility,,,0.0,10000.000000000002,Current feasibility,1.0,,0.0341824126975059,0.1388407574845423,0.0,0.0,65.01966413011507,moderate,65.01966413011507,,0.0639763508334675,639.7635083346753,65.01966413011507,,,,0.0,,639.7635083346753,0.0065019664130115,,40015,"[""C002""]",,,1.0,0.0,3.0,639.7635083346753,asymmetric,574.7438442045602,,9360.236491665324,67.56376559260875,1.0,0.0,48.0,959.645262502013,2559.054033338702,0.9999999999999998,0.24999999999999992
,,greedy_local_search,3191.431769562457,2,exp4:asymmetric:c0.75:t3.0:r016,0.0,0.75,0.0,,,hardening:asymmetric:r016,4,,,0.0,1.0,catalog/geography,,,0.0,10000.000000000004,Catalog + geography,0.0,,0.0,0.0,0.0,0.0,0.0,moderate,0.0,,0.0,0.0,0.0,,,,0.0,,0.0,0.0,,40016,[],,,0.0,0.0,3.0,0.0,asymmetric,0.0,,10000.0,0.0,1.0,1.0,48.0,0.0,0.0,0.0,0.0
,,greedy_local_search,3191.431769562457,2,exp4:asymmetric:c0.75:t3.0:r016,0.0,0.75,0.0,,,hardening:asymmetric:r016,4,,,0.0,1.0,truthful resolved feasibility,,,0.0,10000.000000000004,Current feasibility,0.0,,0.0,0.0,0.0,0.0,0.0,moderate,0.0,,0.0,0.0,0.0,,,,0.0,,0.0,0.0,,40016,[],,,0.0,0.0,3.0,0.0,asymmetric,0.0,,10000.0,0.0,1.0,1.0,48.0,0.0,0.0,0.0,0.0
,,greedy_local_search,3139.619133310156,2,exp4:asymmetric:c0.75:t3.0:r017,0.0,0.75,0.0,,,hardening:asymmetric:r017,4,,,0.0,1.0,catalog/geography,,,0.0,9999.999999999998,Catalog + geography,0.0,,0.0,0.0,0.0,0.0,0.0,moderate,0.0,,0.0,0.0,0.0,,,,0.0,,0.0,0.0,,40017,[],,,0.0,0.0,3.0,0.0,asymmetric,0.0,,10000.0,0.0,1.0,1.0,48.0,0.0,0.0,0.0,0.0
,,greedy_local_search,3139.619133310156,2,exp4:asymmetric:c0.75:t3.0:r017,0.0,0.75,0.0,,,hardening:asymmetric:r017,4,,,0.0,1.0,truthful resolved feasibility,,,0.0,9999.999999999998,Current feasibility,0.0,,0.0,0.0,0.0,0.0,0.0,moderate,0.0,,0.0,0.0,0.0,,,,0.0,,0.0,0.0,,40017,[],,,0.0,0.0,3.0,0.0,asymmetric,0.0,,10000.0,0.0,1.0,1.0,48.0,0.0,0.0,0.0,0.0
,,greedy_local_search,3122.2820399652,2,exp4:asymmetric:c0.75:t3.0:r018,2.0,0.75,1296.1678355447837,,,hardening:asymmetric:r018,4,,,1020.3183173505042,1.0,catalog/geography,,,0.0,10000.000000000002,Catalog + geography,1.0,,0.0570698158109505,0.1562685503337194,0.0301788965229468,291.2301270734872,55.24032713781708,moderate,-235.9897999356701,,0.0864111890363189,864.1118903631891,-235.9897999356701,,,,0.0,,864.1118903631891,-0.023598979993567,,40018,"[""C000"", ""C002""]",,,2.0,0.0,3.0,864.1118903631891,asymmetric,1100.1016902988592,,9135.888109636811,79.78337294835501,1.0,0.0,48.0,1770.1118464486356,4720.29825719636,0.7322519411105446,0.1830629852776362
,,greedy_local_search,3122.2820399652,2,exp4:asymmetric:c0.75:t3.0:r018,1.0,0.75,910.9465788208672,,,hardening:asymmetric:r018,4,,,533.8353697612137,1.0,truthful resolved feasibility,,,0.0,10000.000000000002,Current feasibility,1.0,,0.0,0.1562685503337194,0.0301788965229468,0.0,21.793136826421343,moderate,21.793136826421343,,0.0607297719213911,607.2977192139116,21.793136826421343,,,,0.0,,607.2977192139116,0.0021793136826421,,40018,"[""C000""]",,,1.0,0.0,3.0,607.2977192139116,asymmetric,585.5045823874902,,9392.70228078609,51.66921262627662,1.0,0.0,48.0,910.9465788208674,2429.1908768556464,0.9999999999999998,0.25
,,greedy_local_search,3154.233279599062,2,exp4:asymmetric:c0.75:t3.0:r019,1.0,0.75,804.0488136972237,,,hardening:asymmetric:r019,4,,,524.0214087205719,1.0,catalog/geography,,,0.0,9999.999999999998,Catalog + geography,0.0,,0.119118342769959,0.0,0.0,59.75297890741842,17.704356435090062,moderate,-42.04862247232836,,0.0536032542464815,536.0325424648158,-42.04862247232836,,,,0.0,,536.0325424648158,-0.0042048622472328,,40019,"[""C001""]",,,1.0,0.0,3.0,536.0325424648158,asymmetric,578.0811649371442,,9463.967457535184,54.059756216572296,1.0,0.0,48.0,903.1426124300349,2408.380299813426,0.8902789023915226,0.22256972559788069
,,greedy_local_search,3154.233279599062,2,exp4:asymmetric:c0.75:t3.0:r019,0.0,0.75,0.0,,,hardening:asymmetric:r019,4,,,0.0,1.0,truthful resolved feasibility,,,0.0,9999.999999999998,Current feasibility,0.0,,0.0,0.0,0.0,0.0,0.0,moderate,0.0,,0.0,0.0,0.0,,,,0.0,,0.0,0.0,,40019,[],,,0.0,0.0,3.0,0.0,asymmetric,0.0,,10000.0,0.0,1.0,1.0,48.0,0.0,0.0,0.0,0.0
,,greedy_local_search,3178.14460467704,2,exp4:asymmetric:c1.5:t0.75:r000,0.0,1.5,0.0,,,hardening:asymmetric:r000,4,,,0.0,1.0,catalog/geography,,,0.0,9999.999999999996,Catalog + geography,0.0,,0.0,0.0,0.0,0.0,0.0,moderate,0.0,,0.0,0.0,0.0,,,,0.0,,0.0,0.0,,40000,[],,,0.0,0.0,0.75,0.0,asymmetric,0.0,,10000.0,0.0,1.0,1.0,48.0,0.0,0.0,0.0,0.0
,,greedy_local_search,3178.14460467704,2,exp4:asymmetric:c1.5:t0.75:r000,0.0,1.5,0.0,,,hardening:asymmetric:r000,4,,,0.0,1.0,truthful resolved feasibility,,,0.0,9999.999999999996,Current feasibility,0.0,,0.0,0.0,0.0,0.0,0.0,moderate,0.0,,0.0,0.0,0.0,,,,0.0,,0.0,0.0,,40000,[],,,0.0,0.0,0.75,0.0,asymmetric,0.0,,10000.0,0.0,1.0,1.0,48.0,0.0,0.0,0.0,0.0
,,greedy_local_search,3160.754947153236,2,exp4:asymmetric:c1.5:t0.75:r001,1.0,1.5,297.4044072372942,,,hardening:asymmetric:r001,4,,,522.6867896705586,1.0,catalog/geography,,,0.0,10000.0,Catalog + geography,0.0,,0.0,0.0,0.0991348024124314,370.34447220978217,27.776725406732453,moderate,-342.5677468030497,,0.0198269604824862,198.2696048248628,-342.5677468030497,,,,0.0,,198.2696048248628,-0.0342567746803049,,40001,"[""C002""]",,,1.0,0.0,0.75,198.2696048248628,asymmetric,540.8373516279125,,9801.730395175138,18.15056195735391,1.0,0.0,48.0,1872.2188487925873,624.0729495975291,0.15885130492575336,0.31770260985150667
,,greedy_local_search,3160.754947153236,2,exp4:asymmetric:c1.5:t0.75:r001,0.0,1.5,0.0,,,hardening:asymmetric:r001,4,,,0.0,1.0,truthful resolved feasibility,,,0.0,10000.0,Current feasibility,0.0,,0.0,0.0,0.0,0.0,0.0,moderate,0.0,,0.0,0.0,0.0,,,,0.0,,0.0,0.0,,40001,[],,,0.0,0.0,0.75,0.0,asymmetric,0.0,,10000.0,0.0,1.0,1.0,48.0,0.0,0.0,0.0,0.0
,,greedy_local_search,3133.056593146416,2,exp4:asymmetric:c1.5:t0.75:r002,0.0,1.5,0.0,,,hardening:asymmetric:r002,4,,,0.0,1.0,catalog/geography,,,0.0,10000.000000000002,Catalog + geography,0.0,,0.0,0.0,0.0,0.0,0.0,moderate,0.0,,0.0,0.0,0.0,,,,0.0,,0.0,0.0,,40002,[],,,0.0,0.0,0.75,0.0,asymmetric,0.0,,10000.000000000002,0.0,1.0,1.0,48.0,0.0,0.0,0.0,0.0
,,greedy_local_search,3133.056593146416,2,exp4:asymmetric:c1.5:t0.75:r002,0.0,1.5,0.0,,,hardening:asymmetric:r002,4,,,0.0,1.0,truthful resolved feasibility,,,0.0,10000.000000000002,Current feasibility,0.0,,0.0,0.0,0.0,0.0,0.0,moderate,0.0,,0.0,0.0,0.0,,,,0.0,,0.0,0.0,,40002,[],,,0.0,0.0,0.75,0.0,asymmetric,0.0,,10000.000000000002,0.0,1.0,1.0,48.0,0.0,0.0,0.0,0.0
,,greedy_local_search,3160.085619378712,2,exp4:asymmetric:c1.5:t0.75:r003,0.0,1.5,0.0,,,hardening:asymmetric:r003,4,,,0.0,1.0,catalog/geography,,,0.0,10000.000000000002,Catalog + geography,0.0,,0.0,0.0,0.0,0.0,0.0,moderate,0.0,,0.0,0.0,0.0,,,,0.0,,0.0,0.0,,40003,[],,,0.0,0.0,0.75,0.0,asymmetric,0.0,,10000.0,0.0,1.0,1.0,48.0,0.0,0.0,0.0,0.0
,,greedy_local_search,3160.085619378712,2,exp4:asymmetric:c1.5:t0.75:r003,0.0,1.5,0.0,,,hardening:asymmetric:r003,4,,,0.0,1.0,truthful resolved feasibility,,,0.0,10000.000000000002,Current feasibility,0.0,,0.0,0.0,0.0,0.0,0.0,moderate,0.0,,0.0,0.0,0.0,,,,0.0,,0.0,0.0,,40003,[],,,0.0,0.0,0.75,0.0,asymmetric,0.0,,10000.0,0.0,1.0,1.0,48.0,0.0,0.0,0.0,0.0
,,greedy_local_search,3189.1083616392616,2,exp4:asymmetric:c1.5:t0.75:r004,0.0,1.5,0.0,,,hardening:asymmetric:r004,4,,,0.0,1.0,catalog/geography,,,0.0,9999.999999999998,Catalog + geography,0.0,,0.0,0.0,0.0,0.0,0.0,moderate,0.0,,0.0,0.0,0.0,,,,0.0,,0.0,0.0,,40004,[],,,0.0,0.0,0.75,0.0,asymmetric,0.0,,10000.0,0.0,1.0,1.0,48.0,0.0,0.0,0.0,0.0
,,greedy_local_search,3189.1083616392616,2,exp4:asymmetric:c1.5:t0.75:r004,0.0,1.5,0.0,,,hardening:asymmetric:r004,4,,,0.0,1.0,truthful resolved feasibility,,,0.0,9999.999999999998,Current feasibility,0.0,,0.0,0.0,0.0,0.0,0.0,moderate,0.0,,0.0,0.0,0.0,,,,0.0,,0.0,0.0,,40004,[],,,0.0,0.0,0.75,0.0,asymmetric,0.0,,10000.0,0.0,1.0,1.0,48.0,0.0,0.0,0.0,0.0
,,greedy_local_search,3216.051041216963,2,exp4:asymmetric:c1.5:t0.75:r005,1.0,1.5,798.4758655448115,,,hardening:asymmetric:r005,4,,,503.9762246700092,1.0,catalog/geography,,,0.0,10000.0,Catalog + geography,1.0,,0.0552780971887295,0.0,0.1417829031736291,56.73048886363063,29.66163689280336,moderate,-27.068851970827268,,0.0532317243696541,532.317243696541,-27.068851970827268,,,,0.0,,532.317243696541,-0.0027068851970827,,40005,"[""C001""]",,,1.0,0.0,0.75,532.317243696541,asymmetric,559.3860956673683,,9467.68275630346,55.40987099735912,1.0,0.0,48.0,1786.9126890088498,595.6375630029501,0.4468466033377958,0.8936932066755914
,,greedy_local_search,3216.051041216963,2,exp4:asymmetric:c1.5:t0.75:r005,0.0,1.5,0.0,,,hardening:asymmetric:r005,4,,,0.0,1.0,truthful resolved feasibility,,,0.0,10000.0,Current feasibility,0.0,,0.0,0.0,0.0,0.0,0.0,moderate,0.0,,0.0,0.0,0.0,,,,0.0,,0.0,0.0,,40005,[],,,0.0,0.0,0.75,0.0,asymmetric,0.0,,10000.0,0.0,1.0,1.0,48.0,0.0,0.0,0.0,0.0
,,greedy_local_search,3105.939528570514,2,exp4:asymmetric:c1.5:t0.75:r006,1.0,1.5,800.54537803501,,,hardening:asymmetric:r006,4,,,485.6391377351431,1.0,catalog/geography,,,0.0,9999.999999999998,Catalog + geography,1.0,,0.032242651551392,0.1110299962024978,0.0,0.5015078989376889,6.505279775821009,moderate,6.00377187688332,,0.0533696918690006,533.6969186900067,6.00377187688332,,,,0.0,,533.6969186900067,0.0006003771876883,,40006,"[""C001""]",,,1.0,0.0,0.75,533.6969186900066,asymmetric,527.6931468131233,,9466.303081309992,42.0540090779802,1.0,0.0,48.0,1601.09075607002,533.6969186900066,0.5,1.0
,,greedy_local_search,3105.939528570514,2,exp4:asymmetric:c1.5:t0.75:r006,1.0,1.5,800.54537803501,,,hardening:asymmetric:r006,4,,,485.6391377351431,1.0,truthful resolved feasibility,,,0.0,9999.999999999998,Current feasibility,1.0,,0.032242651551392,0.1110299962024978,0.0,0.0,6.00377187688332,moderate,6.00377187688332,,0.0533696918690006,533.6969186900067,6.00377187688332,,,,0.0,,533.6969186900067,0.0006003771876883,,40006,"[""C001""]",,,1.0,0.0,0.75,533.6969186900066,asymmetric,527.6931468131233,,9466.303081309992,42.0540090779802,1.0,0.0,48.0,1601.09075607002,533.6969186900066,0.5,1.0
,,greedy_local_search,3145.357852427541,2,exp4:asymmetric:c1.5:t0.75:r007,1.0,1.5,647.6925922275611,,,hardening:asymmetric:r007,4,,,498.93571828432965,1.0,catalog/geography,,,0.0,9999.999999999998,Catalog + geography,1.0,,0.0188171847961995,0.0,0.1735588649510713,114.18734226602696,11.786561896668331,moderate,-102.40078036935864,,0.043179506148504,431.7950614850408,-102.40078036935864,,,,0.0,,431.7950614850408,-0.0102400780369358,,40007,"[""C002""]",,,1.0,0.0,0.75,431.7950614850408,asymmetric,534.1958418543994,,9568.204938514958,35.26012357006978,1.0,0.0,48.0,1658.2713045121236,552.757101504041,0.3905830068126985,0.7811660136253973
,,greedy_local_search,3145.357852427541,2,exp4:asymmetric:c1.5:t0.75:r007,0.0,1.5,0.0,,,hardening:asymmetric:r007,4,,,0.0,1.0,truthful resolved feasibility,,,0.0,9999.999999999998,Current feasibility,0.0,,0.0,0.0,0.0,0.0,0.0,moderate,0.0,,0.0,0.0,0.0,,,,0.0,,0.0,0.0,,40007,[],,,0.0,0.0,0.75,0.0,asymmetric,0.0,,10000.0,0.0,1.0,1.0,48.0,0.0,0.0,0.0,0.0
,,greedy_local_search,3186.473778113356,2,exp4:asymmetric:c1.5:t0.75:r008,1.0,1.5,821.2707335967142,,,hardening:asymmetric:r008,4,,,487.4666437913928,1.0,catalog/geography,,,0.0,9999.999999999998,Catalog + geography,1.0,,0.0695950554657414,0.0426065586912678,0.0426065586912678,79.59345767564287,83.1972974558762,moderate,3.603839780233329,,0.0547513822397809,547.5138223978095,3.603839780233329,,,,0.0,,547.5138223978095,0.0003603839780233,,40008,"[""C000""]",,,1.0,0.0,0.75,547.5138223978095,asymmetric,543.9099826175761,,9452.48617760219,56.44333882618341,1.0,0.0,48.0,1892.134055551193,630.7113518503975,0.4340446868377261,0.8680893736754525
,,greedy_local_search,3186.473778113356,2,exp4:asymmetric:c1.5:t0.75:r008,1.0,1.5,821.2707335967142,,,hardening:asymmetric:r008,4,,,487.4666437913928,1.0,truthful resolved feasibility,,,0.0,9999.999999999998,Current feasibility,1.0,,0.0695950554657414,0.0426065586912678,0.0426065586912678,0.0,3.603839780233329,moderate,3.603839780233329,,0.0547513822397809,547.5138223978095,3.603839780233329,,,,0.0,,547.5138223978095,0.0003603839780233,,40008,"[""C000""]",,,1.0,0.0,0.75,547.5138223978095,asymmetric,543.9099826175761,,9452.48617760219,56.44333882618341,1.0,0.0,48.0,1892.134055551193,630.7113518503975,0.4340446868377261,0.8680893736754525
,,greedy_local_search,3182.8115459264554,2,exp4:asymmetric:c1.5:t0.75:r009,1.0,1.5,782.4195930249304,,,hardening:asymmetric:r009,4,,,482.83946023078266,1.0,catalog/geography,,,0.0,10000.0,Catalog + geography,1.0,,0.02972042667783,0.11082032627611,0.0,25.558092481074027,15.479544027178347,moderate,-10.078548453895678,,0.052161306201662,521.6130620166202,-10.078548453895678,,,,0.0,,521.6130620166202,-0.0010078548453895,,40009,"[""C001""]",,,1.0,0.0,0.75,521.6130620166202,asymmetric,531.6916104705159,,9478.38693798338,48.85215023973326,1.0,0.0,48.0,1649.2842273163108,549.7614091054368,0.4743994880118821,0.9487989760237644
,,greedy_local_search,3182.8115459264554,2,exp4:asymmetric:c1.5:t0.75:r009,0.0,1.5,0.0,,,hardening:asymmetric:r009,4,,,0.0,1.0,truthful resolved feasibility,,,0.0,10000.0,Current feasibility,0.0,,0.0,0.0,0.0,0.0,0.0,moderate,0.0,,0.0,0.0,0.0,,,,0.0,,0.0,0.0,,40009,[],,,0.0,0.0,0.75,0.0,asymmetric,0.0,,10000.0,0.0,1.0,1.0,48.0,0.0,0.0,0.0,0.0
,,greedy_local_search,3145.9474472763204,2,exp4:asymmetric:c1.5:t0.75:r010,2.0,1.5,1059.5665617041232,,,hardening:asymmetric:r010,4,,,992.0338174674732,1.0,catalog/geography,,,0.0,10000.0,Catalog + geography,1.0,,0.092555647709204,0.0523364383878367,0.0533498793769509,464.003230036732,109.92618534066536,moderate,-354.07704469606665,,0.0706377707802748,706.3777078027488,-354.07704469606665,,,,0.0,,706.3777078027488,-0.0354077044696066,,40010,"[""C001"", ""C002""]",,,2.0,0.0,0.75,706.3777078027489,asymmetric,1060.4547524988154,,9293.622292197251,68.42093503134213,1.0,0.0,48.0,3641.7083509320973,1213.9027836440323,0.29095316252684716,0.5819063250536946
,,greedy_local_search,3145.9474472763204,2,exp4:asymmetric:c1.5:t0.75:r010,1.0,1.5,938.3607108077084,,,hardening:asymmetric:r010,4,,,511.86949061320246,1.0,truthful resolved feasibility,,,0.0,10000.0,Current feasibility,1.0,,0.0745992253541796,0.0523364383878367,0.0533498793769509,0.0,53.81370520777443,moderate,53.81370520777443,,0.0625573807205139,625.573807205139,53.81370520777443,,,,0.0,,625.573807205139,0.0053813705207774,,40010,"[""C001""]",,,1.0,0.0,0.75,625.5738072051391,asymmetric,571.7601019973646,,9374.426192794865,59.89061138416211,1.0,0.0,48.0,1876.7214216154168,625.573807205139,0.5,1.0000000000000002
,,greedy_local_search,3167.666805407142,2,exp4:asymmetric:c1.5:t0.75:r011,1.0,1.5,0.0,,,hardening:asymmetric:r011,4,,,564.461798066436,1.0,catalog/geography,,,0.0,10000.000000000002,Catalog + geography,0.0,,0.0,0.0,0.0,589.0226109126536,24.560812846217573,moderate,-564.461798066436,,0.0,0.0,-564.461798066436,,,,0.0,,0.0,-0.0564461798066435,,40011,"[""C002""]",,,1.0,564.461798066436,0.75,0.0,asymmetric,564.461798066436,,10000.0,0.0,1.0,0.0,48.0,1910.55017027247,636.8500567574903,0.0,0.0
,,greedy_local_search,3167.666805407142,2,exp4:asymmetric:c1.5:t0.75:r011,0.0,1.5,0.0,,,hardening:asymmetric:r011,4,,,0.0,1.0,truthful resolved feasibility,,,0.0,10000.000000000002,Current feasibility,0.0,,0.0,0.0,0.0,0.0,0.0,moderate,0.0,,0.0,0.0,0.0,,,,0.0,,0.0,0.0,,40011,[],,,0.0,0.0,0.75,0.0,asymmetric,0.0,,10000.0,0.0,1.0,1.0,48.0,0.0,0.0,0.0,0.0
,,greedy_local_search,3192.8536656157503,2,exp4:asymmetric:c1.5:t0.75:r012,1.0,1.5,354.54674138924963,,,hardening:asymmetric:r012,4,,,520.2465658718984,1.0,catalog/geography,,,0.0,10000.000000000004,Catalog + geography,1.0,,0.0340381104404313,0.0237694277935882,0.0,336.586494783584,29.08389590497177,moderate,-307.5025988786122,,0.0236364494259499,236.3644942594997,-307.5025988786122,,,,0.0,,236.3644942594997,-0.0307502598878612,,40012,"[""C002""]",,,1.0,0.0,0.75,236.3644942594997,asymmetric,543.867093138112,,9763.635505740502,23.62052726621352,1.0,0.0,48.0,1814.3351247911946,604.7783749303983,0.19541414182236766,0.3908282836447352
,,greedy_local_search,3192.8536656157503,2,exp4:asymmetric:c1.5:t0.75:r012,0.0,1.5,0.0,,,hardening:asymmetric:r012,4,,,0.0,1.0,truthful resolved feasibility,,,0.0,10000.000000000004,Current feasibility,0.0,,0.0,0.0,0.0,0.0,0.0,moderate,0.0,,0.0,0.0,0.0,,,,0.0,,0.0,0.0,,40012,[],,,0.0,0.0,0.75,0.0,asymmetric,0.0,,10000.0,0.0,1.0,1.0,48.0,0.0,0.0,0.0,0.0
,,greedy_local_search,3215.031053233879,2,exp4:asymmetric:c1.5:t0.75:r013,1.0,1.5,922.2902803415286,,,hardening:asymmetric:r013,4,,,505.5659710964805,1.0,catalog/geography,,,0.0,9999.999999999998,Catalog + geography,1.0,,0.0563652073196161,0.0706754628546914,0.0569263169823298,0.0,60.08555906054107,moderate,60.08555906054107,,0.0614860186894352,614.8601868943525,60.08555906054107,,,,0.0,,614.8601868943524,0.0060085559060541,,40013,"[""C001""]",,,1.0,0.0,0.75,614.8601868943525,asymmetric,554.7746278338113,,9385.139813105648,49.20865673733083,1.0,0.0,48.0,1844.580560683058,614.8601868943524,0.49999999999999983,1.0000000000000002
,,greedy_local_search,3215.031053233879,2,exp4:asymmetric:c1.5:t0.75:r013,1.0,1.5,922.2902803415286,,,hardening:asymmetric:r013,4,,,505.5659710964805,1.0,truthful resolved feasibility,,,0.0,9999.999999999998,Current feasibility,1.0,,0.0563652073196161,0.0706754628546914,0.0569263169823298,0.0,60.08555906054107,moderate,60.08555906054107,,0.0614860186894352,614.8601868943525,60.08555906054107,,,,0.0,,614.8601868943524,0.0060085559060541,,40013,"[""C001""]",,,1.0,0.0,0.75,614.8601868943525,asymmetric,554.7746278338113,,9385.139813105648,49.20865673733083,1.0,0.0,48.0,1844.580560683058,614.8601868943524,0.49999999999999983,1.0000000000000002
,,greedy_local_search,3226.2524599151698,2,exp4:asymmetric:c1.5:t0.75:r014,1.0,1.5,463.63427917312174,,,hardening:asymmetric:r014,4,,,505.8347166526709,1.0,catalog/geography,,,0.0,10000.0,Catalog + geography,0.0,,0.0686865598774995,0.0,0.0,262.3112165653804,37.92327975564672,moderate,-224.38793680973367,,0.0309089519448747,309.08951944874786,-224.38793680973367,,,,0.0,,309.08951944874786,-0.0224387936809733,,40014,"[""C002""]",,,1.0,0.0,0.75,309.08951944874786,asymmetric,533.4774562584815,,9690.91048055125,27.642739605810565,1.0,0.0,48.0,1766.027364991618,588.6757883305396,0.2625294988989722,0.5250589977979442
,,greedy_local_search,3226.2524599151698,2,exp4:asymmetric:c1.5:t0.75:r014,0.0,1.5,0.0,,,hardening:asymmetric:r014,4,,,0.0,1.0,truthful resolved feasibility,,,0.0,10000.0,Current feasibility,0.0,,0.0,0.0,0.0,0.0,0.0,moderate,0.0,,0.0,0.0,0.0,,,,0.0,,0.0,0.0,,40014,[],,,0.0,0.0,0.75,0.0,asymmetric,0.0,,9999.999999999998,0.0,1.0,1.0,48.0,0.0,0.0,0.0,0.0
,,greedy_local_search,3183.9642388539933,2,exp4:asymmetric:c1.5:t0.75:r015,1.0,1.5,959.6452625020132,,,hardening:asymmetric:r015,4,,,507.1800786119514,1.0,catalog/geography,,,0.0,10000.000000000002,Catalog + geography,1.0,,0.0444789703530594,0.1236968105304004,0.0033346524447532,2.3779262084226502,67.02950325184986,moderate,64.65157704342721,,0.0639763508334675,639.7635083346756,64.65157704342721,,,,0.0,,639.7635083346755,0.0064651577043427,,40015,"[""C002""]",,,1.0,0.0,0.75,639.7635083346756,asymmetric,575.1119312912483,,9360.236491665326,67.93185267929691,1.0,0.0,48.0,1919.290525004026,639.7635083346755,0.5000000000000001,1.0000000000000002
,,greedy_local_search,3183.9642388539933,2,exp4:asymmetric:c1.5:t0.75:r015,1.0,1.5,959.6452625020132,,,hardening:asymmetric:r015,4,,,507.1800786119514,1.0,truthful resolved feasibility,,,0.0,10000.000000000002,Current feasibility,1.0,,0.0444789703530594,0.1236968105304004,0.0033346524447532,0.0,64.65157704342721,moderate,64.65157704342721,,0.0639763508334675,639.7635083346756,64.65157704342721,,,,0.0,,639.7635083346755,0.0064651577043427,,40015,"[""C002""]",,,1.0,0.0,0.75,639.7635083346756,asymmetric,575.1119312912483,,9360.236491665326,67.93185267929691,1.0,0.0,48.0,1919.290525004026,639.7635083346755,0.5000000000000001,1.0000000000000002
,,greedy_local_search,3191.431769562457,2,exp4:asymmetric:c1.5:t0.75:r016,0.0,1.5,0.0,,,hardening:asymmetric:r016,4,,,0.0,1.0,catalog/geography,,,0.0,10000.000000000004,Catalog + geography,0.0,,0.0,0.0,0.0,0.0,0.0,moderate,0.0,,0.0,0.0,0.0,,,,0.0,,0.0,0.0,,40016,[],,,0.0,0.0,0.75,0.0,asymmetric,0.0,,10000.0,0.0,1.0,1.0,48.0,0.0,0.0,0.0,0.0
,,greedy_local_search,3191.431769562457,2,exp4:asymmetric:c1.5:t0.75:r016,0.0,1.5,0.0,,,hardening:asymmetric:r016,4,,,0.0,1.0,truthful resolved feasibility,,,0.0,10000.000000000004,Current feasibility,0.0,,0.0,0.0,0.0,0.0,0.0,moderate,0.0,,0.0,0.0,0.0,,,,0.0,,0.0,0.0,,40016,[],,,0.0,0.0,0.75,0.0,asymmetric,0.0,,10000.0,0.0,1.0,1.0,48.0,0.0,0.0,0.0,0.0
,,greedy_local_search,3139.619133310156,2,exp4:asymmetric:c1.5:t0.75:r017,0.0,1.5,0.0,,,hardening:asymmetric:r017,4,,,0.0,1.0,catalog/geography,,,0.0,9999.999999999998,Catalog + geography,0.0,,0.0,0.0,0.0,0.0,0.0,moderate,0.0,,0.0,0.0,0.0,,,,0.0,,0.0,0.0,,40017,[],,,0.0,0.0,0.75,0.0,asymmetric,0.0,,10000.0,0.0,1.0,1.0,48.0,0.0,0.0,0.0,0.0
,,greedy_local_search,3139.619133310156,2,exp4:asymmetric:c1.5:t0.75:r017,0.0,1.5,0.0,,,hardening:asymmetric:r017,4,,,0.0,1.0,truthful resolved feasibility,,,0.0,9999.999999999998,Current feasibility,0.0,,0.0,0.0,0.0,0.0,0.0,moderate,0.0,,0.0,0.0,0.0,,,,0.0,,0.0,0.0,,40017,[],,,0.0,0.0,0.75,0.0,asymmetric,0.0,,10000.0,0.0,1.0,1.0,48.0,0.0,0.0,0.0,0.0
,,greedy_local_search,3122.2820399652,2,exp4:asymmetric:c1.5:t0.75:r018,2.0,1.5,1043.5828554794216,,,hardening:asymmetric:r018,4,,,1020.3183173505042,1.0,catalog/geography,,,0.0,10000.000000000002,Catalog + geography,1.0,,0.0695007773248638,0.0813970126183905,0.0490394307633468,445.62609138345465,55.212363935031135,moderate,-390.4137274484235,,0.0695721903652947,695.7219036529478,-390.4137274484235,,,,0.0,,695.721903652948,-0.0390413727448423,,40018,"[""C000"", ""C002""]",,,2.0,0.0,0.75,695.7219036529478,asymmetric,1086.1356311013717,,9304.278096347054,65.81731375086729,1.0,0.0,48.0,3540.223692897271,1180.07456429909,0.294778789705621,0.5895575794112422
,,greedy_local_search,3122.2820399652,2,exp4:asymmetric:c1.5:t0.75:r018,0.0,1.5,0.0,,,hardening:asymmetric:r018,4,,,0.0,1.0,truthful resolved feasibility,,,0.0,10000.000000000002,Current feasibility,0.0,,0.0,0.0,0.0,0.0,0.0,moderate,0.0,,0.0,0.0,0.0,,,,0.0,,0.0,0.0,,40018,[],,,0.0,0.0,0.75,0.0,asymmetric,0.0,,10000.0,0.0,1.0,1.0,48.0,0.0,0.0,0.0,0.0
,,greedy_local_search,3154.233279599062,2,exp4:asymmetric:c1.5:t0.75:r019,1.0,1.5,201.01220342430597,,,hardening:asymmetric:r019,4,,,524.0214087205719,1.0,catalog/geography,,,0.0,9999.999999999998,Catalog + geography,0.0,,0.0297795856924897,0.0,0.0,421.0675036878333,17.67055582294222,moderate,-403.3969478648911,,0.0134008135616203,134.00813561620396,-403.3969478648911,,,,0.0,,134.00813561620396,-0.0403396947864891,,40019,"[""C001""]",,,1.0,0.0,0.75,134.00813561620396,asymmetric,537.4050834810951,,9865.991864383795,13.383674760523204,1.0,0.0,48.0,1806.2852248600698,602.0950749533565,0.11128486279894034,0.22256972559788069
,,greedy_local_search,3154.233279599062,2,exp4:asymmetric:c1.5:t0.75:r019,0.0,1.5,0.0,,,hardening:asymmetric:r019,4,,,0.0,1.0,truthful resolved feasibility,,,0.0,9999.999999999998,Current feasibility,0.0,,0.0,0.0,0.0,0.0,0.0,moderate,0.0,,0.0,0.0,0.0,,,,0.0,,0.0,0.0,,40019,[],,,0.0,0.0,0.75,0.0,asymmetric,0.0,,10000.0,0.0,1.0,1.0,48.0,0.0,0.0,0.0,0.0
,,greedy_local_search,3178.14460467704,2,exp4:asymmetric:c1.5:t1.5:r000,2.0,1.5,4824.09855630752,,,hardening:asymmetric:r000,4,,,2557.973803861405,1.0,catalog/geography,,,0.0,9999.999999999996,Catalog + geography,6.0,,0.2269554777802312,0.3611900362932606,0.4653004635837804,1220.822509921326,1496.8022061415504,moderate,275.97969622022447,,0.3216065704205013,3216.0657042050134,275.97969622022447,,,,5.0,,3216.0657042050134,0.0275979696220224,,40000,"[""R003"", ""R004"", ""R005"", ""R007"", ""R008"", ""C000"", ""C001""]",,,7.0,0.0,1.5,3216.0657042050134,asymmetric,2940.086007984789,,6783.934295794987,382.11220412338366,1.0,0.0,48.0,6942.382883562144,4628.2552557080935,0.6948764764515941,0.6948764764515944
,,greedy_local_search,3178.14460467704,2,exp4:asymmetric:c1.5:t1.5:r000,1.0,1.5,6325.837395246224,,,hardening:asymmetric:r000,4,,,2565.676703644084,1.0,truthful resolved feasibility,,,2.0,9999.999999999996,Current feasibility,9.0,,0.3226468101206461,0.4125507806814642,0.6606932761180585,0.0,1111.452920256796,moderate,1111.452920256796,,0.4217224930164149,4217.22493016415,1111.452920256796,,,,6.0,,4217.22493016415,0.1111452920256796,,40000,"[""L031"", ""L034"", ""R000"", ""R001"", ""R002"", ""R003"", ""R004"", ""R007"", ""C001""]",,,9.0,0.0,1.5,4217.22493016415,asymmetric,3105.772009907353,,5782.77506983585,540.0953062632702,1.0,0.0,48.0,6506.152781362322,4337.435187574879,0.9722854054960662,0.9722854054960668
,,greedy_local_search,3160.754947153236,2,exp4:asymmetric:c1.5:t1.5:r001,2.0,1.5,5309.300290033596,,,hardening:asymmetric:r001,4,,,2540.032653107223,1.0,catalog/geography,,,2.0,10000.0,Catalog + geography,7.0,,0.2778667437027859,0.3466254558456534,0.5379720422833705,579.6715688647573,1102.7531235569832,moderate,523.0815546922258,,0.3539533526689063,3539.533526689064,523.0815546922258,,,,4.0,,3539.5335266890643,0.0523081554692225,,40001,"[""L011"", ""L015"", ""R000"", ""R002"", ""R004"", ""R007"", ""C001"", ""C002""]",,,8.0,0.0,1.5,3539.533526689064,asymmetric,3016.4519719968384,,6460.466473310935,476.4193188896159,1.0,0.0,48.0,7027.434239856555,4684.95615990437,0.7555104905744333,0.7555104905744333
,,greedy_local_search,3160.754947153236,2,exp4:asymmetric:c1.5:t1.5:r001,1.0,1.5,6067.5408263995305,,,hardening:asymmetric:r001,4,,,2460.335747050828,1.0,truthful resolved feasibility,,,5.0,10000.0,Current feasibility,10.0,,0.311458812187213,0.4289398071701751,0.5710866188308078,0.0,977.9452969216218,moderate,977.9452969216218,,0.4045027217599687,4045.027217599687,977.9452969216218,,,,4.0,,4045.027217599686,0.0977945296921621,,40001,"[""L002"", ""L011"", ""L015"", ""L021"", ""L033"", ""R000"", ""R001"", ""R004"", ""R005"", ""C001""]",,,10.0,0.0,1.5,4045.027217599687,asymmetric,3067.0819206780643,,5954.972782400312,606.7461736272364,1.0,0.0,48.0,6067.540826399531,4045.027217599687,0.9999999999999999,1.0
,,greedy_local_search,3133.056593146416,2,exp4:asymmetric:c1.5:t1.5:r002,1.0,1.5,5272.570891340427,,,hardening:asymmetric:r002,4,,,2448.0456244161464,1.0,catalog/geography,,,3.0,10000.000000000002,Catalog + geography,8.0,,0.2634760304799068,0.4453303678021627,0.3853744182132337,605.8217834603588,1205.291510718611,moderate,599.4697272582525,,0.3515047260893617,3515.047260893618,599.4697272582525,,,,5.0,,3515.0472608936184,0.0599469727258252,,40002,"[""L015"", ""L019"", ""L020"", ""R000"", ""R003"", ""R006"", ""R007"", ""R008"", ""C001""]",,,9.0,137.6393948798095,1.5,3515.047260893618,asymmetric,2915.577533635366,,6484.952739106384,467.53190921921953,1.0,0.0,48.0,6318.163863242784,4212.109242161857,0.8345099945911012,0.8345099945911011
,,greedy_local_search,3133.056593146416,2,exp4:asymmetric:c1.5:t1.5:r002,1.0,1.5,6204.398507819874,,,hardening:asymmetric:r002,4,,,2538.6210976403195,1.0,truthful resolved feasibility,,,4.0,10000.000000000002,Current feasibility,9.0,,0.3638902916971513,0.4456217170307735,0.4695416748175134,0.0,1027.7469482006582,moderate,1027.7469482006582,,0.4136265671879915,4136.265671879916,1027.7469482006582,,,,5.0,,4136.265671879915,0.1027746948200657,,40002,"[""L015"", ""L020"", ""L027"", ""L032"", ""R000"", ""R003"", ""R004"", ""R007"", ""R008"", ""C000""]",,,10.0,0.0,1.5,4136.265671879916,asymmetric,3108.518723679257,,5863.734328120085,569.8976260389375,1.0,0.0,48.0,6800.51366292264,4533.67577528176,0.9123426281233916,0.9123426281233916
,,greedy_local_search,3160.085619378712,2,exp4:asymmetric:c1.5:t1.5:r003,2.0,1.5,4580.397575162808,,,hardening:asymmetric:r003,4,,,2541.214101046368,1.0,catalog/geography,,,0.0,10000.000000000002,Catalog + geography,5.0,,0.2628818483888046,0.3059601342264493,0.399884797949839,1386.967468811611,1561.7445940549333,moderate,174.7771252433222,,0.3053598383441871,3053.598383441871,174.7771252433222,,,,5.0,,3053.598383441872,0.0174777125243322,,40003,"[""R000"", ""R001"", ""R002"", ""R005"", ""R006"", ""C000"", ""C001""]",,,7.0,0.0,1.5,3053.598383441871,asymmetric,2878.821258198549,,6946.401616558128,337.6071571521816,1.0,0.0,48.0,6916.968376191117,4611.312250794079,0.6621972699671412,0.662197269967141
,,greedy_local_search,3160.085619378712,2,exp4:asymmetric:c1.5:t1.5:r003,1.0,1.5,6150.20827991961,,,hardening:asymmetric:r003,4,,,2549.5307406470984,1.0,truthful resolved feasibility,,,5.0,10000.000000000002,Current feasibility,10.0,,0.3136476136042541,0.4919914663944252,0.4833772298400537,0.0,977.0469311540082,moderate,977.0469311540082,,0.4100138853279739,4100.138853279739,977.0469311540082,,,,4.0,,4100.138853279739,0.0977046931154008,,40003,"[""L002"", ""L006"", ""L020"", ""L024"", ""L034"", ""R001"", ""R003"", ""R006"", ""R007"", ""C001""]",,,10.0,0.0,1.5,4100.13885327974,asymmetric,3123.091922125731,,5899.861146720261,573.5611814786325,1.0,0.0,48.0,6220.853898910887,4147.235932607259,0.9886437424605574,0.9886437424605572
,,greedy_local_search,3189.1083616392616,2,exp4:asymmetric:c1.5:t1.5:r004,3.0,1.5,4576.327908862285,,,hardening:asymmetric:r004,4,,,2548.776266127204,1.0,catalog/geography,,,0.0,9999.999999999998,Catalog + geography,6.0,,0.2760949098454752,0.3586444608754609,0.2766012826030525,1481.2414893886416,1610.400930214278,moderate,129.15944082563647,,0.3050885272574856,3050.885272574857,129.15944082563647,,,,3.0,,3050.885272574857,0.0129159440825636,,40004,"[""R000"", ""R003"", ""R008"", ""C000"", ""C001"", ""C002""]",,,6.0,0.0,1.5,3050.885272574857,asymmetric,2921.72583174922,,6949.114727425143,372.949565622016,1.0,0.0,48.0,7162.169359017544,4774.779572678363,0.6389583489952594,0.6389583489952594
,,greedy_local_search,3189.1083616392616,2,exp4:asymmetric:c1.5:t1.5:r004,1.0,1.5,6345.576395333298,,,hardening:asymmetric:r004,4,,,2564.777961717793,1.0,truthful resolved feasibility,,,4.0,9999.999999999998,Current feasibility,10.0,,0.3419188880872816,0.4657115721922626,0.5308793822449225,0.0,1056.492967500531,moderate,1056.492967500531,,0.4230384263555531,4230.384263555531,1056.492967500531,,,,5.0,,4230.384263555531,0.1056492967500531,,40004,"[""L008"", ""L009"", ""L022"", ""L030"", ""R000"", ""R003"", ""R005"", ""R006"", ""R007"", ""C001""]",,,10.0,0.0,1.5,4230.384263555532,asymmetric,3173.891296055,,5769.615736444468,609.1133343372071,1.0,0.0,48.0,6442.297929575298,4294.865286383533,0.9849864853660413,0.9849864853660412
,,greedy_local_search,3216.051041216963,2,exp4:asymmetric:c1.5:t1.5:r005,1.0,1.5,6129.643735161703,,,hardening:asymmetric:r005,4,,,2609.74947045061,1.0,catalog/geography,,,2.0,10000.0,Catalog + geography,7.0,,0.3465388727468591,0.3749122220486162,0.6074057261217226,484.6573688764388,1419.258728598504,moderate,934.6013597220654,,0.4086429156774468,4086.429156774469,934.6013597220654,,,,6.0,,4086.429156774469,0.0934601359722065,,40005,"[""L025"", ""L034"", ""R002"", ""R003"", ""R004"", ""R006"", ""R007"", ""R008"", ""C001""]",,,9.0,0.0,1.5,4086.429156774469,asymmetric,3151.827797052403,,5913.570843225532,542.0783266017932,1.0,0.0,48.0,6979.119294909231,4652.746196606154,0.8782832727379858,0.8782832727379859
,,greedy_local_search,3216.051041216963,2,exp4:asymmetric:c1.5:t1.5:r005,1.0,1.5,6536.429802984163,,,hardening:asymmetric:r005,4,,,2509.3003623151094,1.0,truthful resolved feasibility,,,1.0,10000.0,Current feasibility,8.0,,0.3701858624242377,0.4472621496957475,0.5631829819059613,0.0,1275.2240372052147,moderate,1275.2240372052147,,0.4357619868656108,4357.619868656108,1275.2240372052147,,,,6.0,,4357.619868656109,0.1275224037205214,,40005,"[""L025"", ""R002"", ""R003"", ""R004"", ""R005"", ""R007"", ""R008"", ""C001""]",,,8.0,0.0,1.5,4357.619868656109,asymmetric,3082.3958314508945,,5642.380131343892,573.0954691357852,1.0,0.0,48.0,6744.756548143836,4496.504365429225,0.9691127850690171,0.969112785069017
,,greedy_local_search,3105.939528570514,2,exp4:asymmetric:c1.5:t1.5:r006,2.0,1.5,5258.669663593485,,,hardening:asymmetric:r006,4,,,2554.5237606937108,1.0,catalog/geography,,,1.0,9999.999999999998,Catalog + geography,6.0,,0.2897404683739885,0.5015255294703643,0.2233041574498837,1099.143715692598,1640.140413116313,moderate,540.996697423715,,0.350577977572899,3505.77977572899,540.996697423715,,,,5.0,,3505.77977572899,0.0540996697423715,,40006,"[""L035"", ""R002"", ""R003"", ""R004"", ""R007"", ""R008"", ""C001"", ""C002""]",,,8.0,0.0,1.5,3505.7797757289904,asymmetric,2964.783078305275,,6494.220224271009,410.2593176115641,1.0,0.0,48.0,7190.771045558215,4793.847363705475,0.731308176866763,0.7313081768667633
,,greedy_local_search,3105.939528570514,2,exp4:asymmetric:c1.5:t1.5:r006,1.0,1.5,6217.166796091445,,,hardening:asymmetric:r006,4,,,2428.475673550265,1.0,truthful resolved feasibility,,,1.0,9999.999999999998,Current feasibility,8.0,,0.3500890799632564,0.6293676641652979,0.1832950898238834,0.0,1191.0837518422422,moderate,1191.0837518422422,,0.4144777864060963,4144.777864060963,1191.0837518422422,,,,6.0,,4144.777864060963,0.1191083751842242,,40006,"[""L033"", ""R001"", ""R002"", ""R003"", ""R004"", ""R005"", ""R008"", ""C001""]",,,8.0,0.0,1.5,4144.777864060963,asymmetric,2953.694112218721,,5855.222135939037,525.2184386684556,1.0,0.0,48.0,6313.993214292193,4209.328809528128,0.9846647889988898,0.9846647889988901
,,greedy_local_search,3145.357852427541,2,exp4:asymmetric:c1.5:t1.5:r007,1.0,1.5,5099.6731224218365,,,hardening:asymmetric:r007,4,,,2566.9761646125085,1.0,catalog/geography,,,2.0,9999.999999999998,Catalog + geography,8.0,,0.1926123100933365,0.5561696997142292,0.2932163685973702,793.5258088910182,1151.2404158102445,moderate,357.7146069192263,,0.3399782081614557,3399.7820816145577,357.7146069192263,,,,6.0,,3399.782081614557,0.0357714606919226,,40007,"[""L007"", ""L029"", ""R000"", ""R001"", ""R003"", ""R004"", ""R005"", ""R006"", ""C000""]",,,9.0,0.0,1.5,3399.7820816145577,asymmetric,3042.067474695331,,6600.217918385442,475.0913100828223,1.0,0.0,48.0,6652.999236269032,4435.332824179353,0.7665224271514733,0.7665224271514736
,,greedy_local_search,3145.357852427541,2,exp4:asymmetric:c1.5:t1.5:r007,1.0,1.5,6165.987139857074,,,hardening:asymmetric:r007,4,,,2515.9458083756613,1.0,truthful resolved feasibility,,,3.0,9999.999999999998,Current feasibility,9.0,,0.3191814654962432,0.477982201423126,0.5007018967620069,0.0,1054.7913353261597,moderate,1054.7913353261597,,0.4110658093238049,4110.658093238049,1054.7913353261597,,,,5.0,,4110.658093238049,0.105479133532616,,40007,"[""L007"", ""L013"", ""L029"", ""R001"", ""R003"", ""R004"", ""R006"", ""R007"", ""C001""]",,,9.0,0.0,1.5,4110.658093238049,asymmetric,3055.8667579118896,,5889.341906761951,539.9209495362282,1.0,0.0,48.0,6235.969767084795,4157.31317805653,0.9887775871529862,0.9887775871529864
,,greedy_local_search,3186.473778113356,2,exp4:asymmetric:c1.5:t1.5:r008,2.0,1.5,4879.263298063715,,,hardening:asymmetric:r008,4,,,2560.4408820059134,1.0,catalog/geography,,,1.0,9999.999999999998,Catalog + geography,6.0,,0.2713733191458716,0.2646142437355399,0.5527562047391662,1063.3192913114603,1342.667549096338,moderate,279.34825778487766,,0.3252842198709144,3252.842198709144,279.34825778487766,,,,4.0,,3252.8421987091438,0.0279348257784877,,40008,"[""L002"", ""R002"", ""R004"", ""R006"", ""R007"", ""C001"", ""C002""]",,,7.0,589.5666448259198,1.5,3252.842198709144,asymmetric,2973.4939409242656,,6747.157801290856,413.0530589183524,1.0,0.0,48.0,6669.014137888787,4446.009425259192,0.7316318719948531,0.7316318719948534
,,greedy_local_search,3186.473778113356,2,exp4:asymmetric:c1.5:t1.5:r008,2.0,1.5,6782.938465783982,,,hardening:asymmetric:r008,4,,,2599.832340036073,1.0,truthful resolved feasibility,,,2.0,9999.999999999998,Current feasibility,8.0,,0.4350801185548891,0.3114034223653303,0.7370932327068321,0.0,1351.500888699105,moderate,1351.500888699105,,0.4521958977189322,4521.958977189322,1351.500888699105,,,,4.0,,4521.9589771893225,0.1351500888699105,,40008,"[""L007"", ""L013"", ""R001"", ""R002"", ""R004"", ""R006"", ""C000"", ""C001""]",,,8.0,0.0,1.5,4521.958977189322,asymmetric,3170.458088490217,,5478.0410228106775,570.6257484541444,1.0,0.0,48.0,7395.247613972699,4930.1650759817985,0.9172023466757475,0.9172023466757477
,,greedy_local_search,3182.8115459264554,2,exp4:asymmetric:c1.5:t1.5:r009,3.0,1.5,5661.080143088916,,,hardening:asymmetric:r009,4,,,2634.9177663204327,1.0,catalog/geography,,,1.0,10000.0,Catalog + geography,6.0,,0.2290533829312473,0.5257144260279264,0.4516563572187945,764.6741306112781,1458.616490826984,moderate,693.9423602157058,,0.3774053428725944,3774.053428725944,693.9423602157058,,,,3.0,,3774.053428725944,0.0693942360215705,,40009,"[""L010"", ""R003"", ""R005"", ""R007"", ""C000"", ""C001"", ""C002""]",,,7.0,0.0,1.5,3774.053428725944,asymmetric,3080.1110685102385,,6225.946571274057,445.1933021898056,1.0,0.0,48.0,7333.543367792437,4889.028911861624,0.7719433647793413,0.7719433647793413
,,greedy_local_search,3182.8115459264554,2,exp4:asymmetric:c1.5:t1.5:r009,2.0,1.5,6720.725989178862,,,hardening:asymmetric:r009,4,,,2528.008404425119,1.0,truthful resolved feasibility,,,2.0,10000.0,Current feasibility,8.0,,0.2978729670716202,0.591595120956541,0.5347363588078616,0.0,1395.9618821288664,moderate,1395.9618821288664,,0.4480483992785908,4480.483992785908,1395.9618821288664,,,,4.0,,4480.483992785908,0.1395961882128866,,40009,"[""L014"", ""L015"", ""R001"", ""R003"", ""R005"", ""R007"", ""C000"", ""C001""]",,,8.0,0.0,1.5,4480.483992785908,asymmetric,3084.522110657042,,5519.5160072140925,556.5137062319232,1.0,0.0,48.0,6805.1710304453145,4536.780686963541,0.9875910479121452,0.9875910479121459
,,greedy_local_search,3145.9474472763204,2,exp4:asymmetric:c1.5:t1.5:r010,2.0,1.5,6232.432643337028,,,hardening:asymmetric:r010,4,,,2530.183273418202,1.0,catalog/geography,,,1.0,10000.0,Catalog + geography,7.0,,0.4124728233056612,0.2393471542102897,0.730556175473264,763.3011514319887,1844.203288751284,moderate,1080.9021373192954,,0.4154955095558017,4154.955095558018,1080.9021373192954,,,,5.0,,4154.955095558018,0.1080902137319295,,40010,"[""L009"", ""R001"", ""R004"", ""R005"", ""R006"", ""R007"", ""C001"", ""C002""]",,,8.0,0.0,1.5,4154.955095558018,asymmetric,3074.0529582387226,,5845.044904441983,543.8696848205207,1.0,0.0,48.0,7944.15072191608,5296.100481277386,0.7845310167823457,0.7845310167823456
,,greedy_local_search,3145.9474472763204,2,exp4:asymmetric:c1.5:t1.5:r010,1.0,1.5,6790.94663082707,,,hardening:asymmetric:r010,4,,,2377.9861493105414,1.0,truthful resolved feasibility,,,1.0,10000.0,Current feasibility,8.0,,0.479358940447506,0.2443393988082684,0.7574973130209982,0.0,1539.7895878536729,moderate,1539.7895878536729,,0.4527297753884712,4527.2977538847135,1539.7895878536729,,,,6.0,,4527.2977538847135,0.1539789587853673,,40010,"[""L009"", ""R001"", ""R003"", ""R004"", ""R005"", ""R006"", ""R007"", ""C001""]",,,8.0,0.0,1.5,4527.2977538847135,asymmetric,2987.5081660310407,,5472.702246115287,609.5220167204993,1.0,0.0,48.0,6874.746204818511,4583.164136545674,0.9878105210730972,0.9878105210730971
,,greedy_local_search,3167.666805407142,2,exp4:asymmetric:c1.5:t1.5:r011,2.0,1.5,4935.112313384296,,,hardening:asymmetric:r011,4,,,2580.821686770681,1.0,catalog/geography,,,0.0,10000.000000000002,Catalog + geography,5.0,,0.3097032016419419,0.3103451822294731,0.4051011651988179,1425.48018501976,1733.1930049615362,moderate,307.71281994177616,,0.329007487558953,3290.07487558953,307.71281994177616,,,,5.0,,3290.07487558953,0.0307712819941776,,40011,"[""R002"", ""R003"", ""R004"", ""R006"", ""R008"", ""C001"", ""C002""]",,,7.0,564.461798066436,1.5,3290.07487558953,asymmetric,2982.362055647754,,6709.925124410469,401.54036887707343,1.0,0.0,48.0,7282.236108209867,4854.824072139913,0.6776918847523408,0.6776918847523404
,,greedy_local_search,3167.666805407142,2,exp4:asymmetric:c1.5:t1.5:r011,1.0,1.5,6492.294119784504,,,hardening:asymmetric:r011,4,,,2596.7649651722318,1.0,truthful resolved feasibility,,,2.0,10000.000000000002,Current feasibility,8.0,,0.3588009692769622,0.4562631216897853,0.5583353960978786,0.0,1172.650458188059,moderate,1172.650458188059,,0.4328196079856335,4328.196079856336,1172.650458188059,,,,6.0,,4328.196079856336,0.1172650458188058,,40011,"[""L006"", ""L030"", ""R002"", ""R003"", ""R005"", ""R006"", ""R007"", ""R008"", ""C001""]",,,9.0,0.0,1.5,4328.196079856335,asymmetric,3155.545621668277,,5671.803920143664,558.7806564960456,1.0,0.0,48.0,6672.197418562854,4448.131612375239,0.9730368741371714,0.9730368741371707
,,greedy_local_search,3192.8536656157503,2,exp4:asymmetric:c1.5:t1.5:r012,2.0,1.5,3861.39631084891,,,hardening:asymmetric:r012,4,,,2534.1069601806744,1.0,catalog/geography,,,0.0,10000.000000000004,Catalog + geography,6.0,,0.1846463087696006,0.2117146225933555,0.5011773193463296,1615.6066083056207,1313.8176445577033,moderate,-301.7889637479175,,0.2574264207232607,2574.264207232607,-301.7889637479175,,,,5.0,,2574.264207232607,-0.0301788963747917,,40012,"[""R000"", ""R001"", ""R003"", ""R004"", ""R005"", ""C000"", ""C002""]",,,7.0,0.0,1.5,2574.2642072326066,asymmetric,2876.053170980525,,7425.735792767393,341.9462107998502,1.0,0.0,48.0,7013.9203452085985,4675.946896805734,0.550533242580483,0.5505332425804828
,,greedy_local_search,3192.8536656157503,2,exp4:asymmetric:c1.5:t1.5:r012,1.0,1.5,6620.282668850628,,,hardening:asymmetric:r012,4,,,2553.9729201698674,1.0,truthful resolved feasibility,,,1.0,10000.000000000004,Current feasibility,8.0,,0.4104452059081483,0.4232464277091494,0.5425779278325306,0.0,1278.2378818919778,moderate,1278.2378818919778,,0.4413521779233751,4413.521779233752,1278.2378818919778,,,,6.0,,4413.521779233752,0.1278237881891977,,40012,"[""L031"", ""R000"", ""R001"", ""R004"", ""R005"", ""R007"", ""R008"", ""C001""]",,,8.0,0.0,1.5,4413.521779233752,asymmetric,3135.283897341774,,5586.478220766249,581.3109771719064,1.0,0.0,48.0,6620.282668850628,4413.5217792337535,1.0,0.9999999999999996
,,greedy_local_search,3215.031053233879,2,exp4:asymmetric:c1.5:t1.5:r013,2.0,1.5,5369.737191497018,,,hardening:asymmetric:r013,4,,,2588.4759249293243,1.0,catalog/geography,,,0.0,9999.999999999998,Catalog + geography,6.0,,0.2959878408548467,0.2989746446838278,0.6007341270455687,781.606334705752,1374.013111948162,moderate,592.40677724241,,0.3579824794331345,3579.8247943313445,592.40677724241,,,,5.0,,3579.8247943313445,0.059240677724241,,40013,"[""R000"", ""R002"", ""R004"", ""R005"", ""R006"", ""C000"", ""C001""]",,,7.0,0.0,1.5,3579.824794331345,asymmetric,2987.4180170889344,,6420.175205668654,398.94209215961007,1.0,0.0,48.0,7052.804237528806,4701.869491685869,0.7613620073167509,0.761362007316751
,,greedy_local_search,3215.031053233879,2,exp4:asymmetric:c1.5:t1.5:r013,1.0,1.5,6579.988053241479,,,hardening:asymmetric:r013,4,,,2628.5305880583546,1.0,truthful resolved feasibility,,,2.0,9999.999999999998,Current feasibility,9.0,,0.3867681646659652,0.4091765186414858,0.6070420729594717,0.0,1221.6910745520572,moderate,1221.6910745520572,,0.4386658702160987,4386.658702160987,1221.6910745520572,,,,6.0,,4386.658702160987,0.1221691074552057,,40013,"[""L016"", ""L035"", ""R000"", ""R001"", ""R002"", ""R004"", ""R005"", ""R008"", ""C001""]",,,9.0,0.0,1.5,4386.658702160987,asymmetric,3164.967627608929,,5613.341297839012,536.4370395505746,1.0,0.0,48.0,6697.107473787548,4464.738315858363,0.9825119395194905,0.982511939519491
,,greedy_local_search,3226.2524599151698,2,exp4:asymmetric:c1.5:t1.5:r014,3.0,1.5,6093.414737867148,,,hardening:asymmetric:r014,4,,,2701.669917587831,1.0,catalog/geography,,,1.0,10000.0,Catalog + geography,5.0,,0.3929130329892372,0.4123083198872879,0.4255443619271786,894.5021318784338,1808.4606227224765,moderate,913.9584908440424,,0.4062276491911432,4062.276491911432,913.9584908440424,,,,3.0,,4062.276491911432,0.0913958490844042,,40014,"[""L010"", ""R000"", ""R003"", ""R008"", ""C000"", ""C001"", ""C002""]",,,7.0,0.0,1.5,4062.276491911432,asymmetric,3148.3180010673896,,5937.723508088568,446.6480834795585,1.0,0.0,48.0,7578.105602239138,5052.0704014927605,0.8040815287750409,0.8040815287750406
,,greedy_local_search,3226.2524599151698,2,exp4:asymmetric:c1.5:t1.5:r014,2.0,1.5,6558.302039579694,,,hardening:asymmetric:r014,4,,,2625.558094913461,1.0,truthful resolved feasibility,,,2.0,10000.0,Current feasibility,8.0,,0.3741026506559704,0.4638260258987764,0.5326741705611062,0.0,1221.2900380319938,moderate,1221.2900380319938,,0.4372201359719797,4372.2013597197965,1221.2900380319938,,,,4.0,,4372.2013597197965,0.1221290038031993,,40014,"[""L010"", ""L019"", ""R000"", ""R001"", ""R007"", ""R008"", ""C000"", ""C001""]",,,8.0,0.0,1.5,4372.2013597197965,asymmetric,3150.9113216878027,,5627.798640280202,525.3532267743418,1.0,0.0,48.0,6721.976499202446,4481.317666134966,0.9756508432241363,0.9756508432241359
,,greedy_local_search,3183.9642388539933,2,exp4:asymmetric:c1.5:t1.5:r015,3.0,1.5,5307.165456267626,,,hardening:asymmetric:r015,4,,,2594.7335605177345,1.0,catalog/geography,,,1.0,10000.000000000002,Catalog + geography,6.0,,0.2753772352704218,0.4404727820739307,0.3786290041013804,1403.4960359742845,1922.336418414361,moderate,518.8403824400766,,0.3538110304178417,3538.110304178417,518.8403824400766,,,,3.0,,3538.110304178417,0.0518840382440076,,40015,"[""L008"", ""R000"", ""R002"", ""R003"", ""C000"", ""C001"", ""C002""]",,,7.0,581.6481162216237,1.5,3538.110304178417,asymmetric,3019.2699217383406,,6461.889695821584,424.5363612206062,1.0,0.0,48.0,7648.350689518935,5098.90045967929,0.693896719921643,0.693896719921643
,,greedy_local_search,3183.9642388539933,2,exp4:asymmetric:c1.5:t1.5:r015,2.0,1.5,7074.900064712935,,,hardening:asymmetric:r015,4,,,2469.131748451091,1.0,truthful resolved feasibility,,,2.0,10000.000000000002,Current feasibility,8.0,,0.4113069089386019,0.5408700494197829,0.4863368899745035,0.0,1664.816831623516,moderate,1664.816831623516,,0.4716600043141956,4716.600043141956,1664.816831623516,,,,4.0,,4716.600043141956,0.1664816831623515,,40015,"[""L008"", ""L033"", ""R000"", ""R002"", ""R005"", ""R006"", ""C001"", ""C002""]",,,8.0,0.0,1.5,4716.600043141956,asymmetric,3051.78321151844,,5283.399956858044,582.6514630673493,1.0,0.0,48.0,7193.648481883982,4795.765654589322,0.9834926021934356,0.9834926021934353
,,greedy_local_search,3191.431769562457,2,exp4:asymmetric:c1.5:t1.5:r016,2.0,1.5,6225.621385301147,,,hardening:asymmetric:r016,4,,,2594.595864371223,1.0,catalog/geography,,,0.0,10000.000000000004,Catalog + geography,5.0,,0.3299811588255922,0.4773438885346469,0.497397716140501,677.5971910689709,1753.152900074082,moderate,1075.555709005111,,0.4150414256867431,4150.414256867432,1075.555709005111,,,,5.0,,4150.414256867432,0.107555570900511,,40016,"[""R002"", ""R003"", ""R004"", ""R005"", ""R007"", ""C000"", ""C001""]",,,7.0,0.0,1.5,4150.414256867432,asymmetric,3074.8585478623204,,5849.585743132569,480.2626834910975,1.0,0.0,48.0,7364.696190807116,4909.79746053808,0.8453330896489927,0.8453330896489926
,,greedy_local_search,3191.431769562457,2,exp4:asymmetric:c1.5:t1.5:r016,2.0,1.5,6891.572471198247,,,hardening:asymmetric:r016,4,,,2653.667307103706,1.0,truthful resolved feasibility,,,0.0,10000.000000000004,Current feasibility,6.0,,0.3299811588255922,0.514513635809171,0.6543343537091169,0.0,1402.9498779030405,moderate,1402.9498779030405,,0.4594381647465497,4594.381647465498,1402.9498779030405,,,,5.0,,4594.381647465498,0.140294987790304,,40016,"[""R001"", ""R003"", ""R004"", ""R005"", ""R007"", ""C000"", ""C001""]",,,7.0,0.0,1.5,4594.381647465498,asymmetric,3191.431769562457,,5405.618352534503,537.764462458751,1.0,0.0,48.0,7455.525624936283,4970.35041662419,0.9243576935941581,0.9243576935941579
,,greedy_local_search,3139.619133310156,2,exp4:asymmetric:c1.5:t1.5:r017,2.0,1.5,3279.043532142365,,,hardening:asymmetric:r017,4,,,2545.5029683507605,1.0,catalog/geography,,,0.0,9999.999999999998,Catalog + geography,6.0,,0.1776974242003457,0.2359303213427364,0.280317243913555,2304.20688869177,1653.8642784613637,moderate,-650.3426102304065,,0.2186029021428243,2186.029021428243,-650.3426102304065,,,,5.0,,2186.029021428243,-0.0650342610230406,,40017,"[""R001"", ""R002"", ""R003"", ""R005"", ""R007"", ""C000"", ""C002""]",,,7.0,572.1803950378863,1.5,2186.029021428243,asymmetric,2836.3716316586497,,7813.970978571757,290.8686633078894,1.0,0.0,48.0,7102.397889807275,4734.93192653818,0.46168119317113376,0.461681193171134
,,greedy_local_search,3139.619133310156,2,exp4:asymmetric:c1.5:t1.5:r017,1.0,1.5,6152.412769089926,,,hardening:asymmetric:r017,4,,,2426.722840133479,1.0,truthful resolved feasibility,,,3.0,9999.999999999998,Current feasibility,9.0,,0.2848633022194388,0.583849086461802,0.388125925061418,0.0,1098.324346259029,moderate,1098.324346259029,,0.4101608512726618,4101.608512726618,1098.324346259029,,,,5.0,,4101.608512726618,0.1098324346259029,,40017,"[""L004"", ""L015"", ""L033"", ""R000"", ""R001"", ""R002"", ""R004"", ""R005"", ""C001""]",,,9.0,0.0,1.5,4101.608512726617,asymmetric,3003.284166467589,,5898.391487273382,576.5613263341099,1.0,0.0,48.0,6332.368372945709,4221.578915297137,0.9715816274011123,0.9715816274011128
,,greedy_local_search,3122.2820399652,2,exp4:asymmetric:c1.5:t1.5:r018,3.0,1.5,4274.507505327472,,,hardening:asymmetric:r018,4,,,2545.701249915835,1.0,catalog/geography,,,1.0,10000.000000000002,Catalog + geography,3.0,,0.4049774966740695,0.250117781452086,0.0759303500513505,2005.5601809037955,1980.1704082717376,moderate,-25.38977263205743,,0.2849671670218315,2849.671670218316,-25.38977263205743,,,,3.0,,2849.6716702183157,-0.0025389772632057,,40018,"[""L028"", ""R001"", ""R004"", ""R005"", ""C000"", ""C001"", ""C002""]",,,7.0,0.0,1.5,2849.671670218315,asymmetric,2875.0614428503727,,7150.328329781686,329.3601929345376,1.0,0.0,48.0,7891.516736456679,5261.011157637785,0.5416585490569134,0.5416585490569134
,,greedy_local_search,3122.2820399652,2,exp4:asymmetric:c1.5:t1.5:r018,2.0,1.5,5940.813512071257,,,hardening:asymmetric:r018,4,,,2520.081088694986,1.0,truthful resolved feasibility,,,2.0,10000.000000000002,Current feasibility,7.0,,0.4280727700844169,0.4041245434103573,0.3098894870323553,0.0,940.5904995714404,moderate,940.5904995714404,,0.3960542341380838,3960.5423413808394,940.5904995714404,,,,4.0,,3960.542341380838,0.094059049957144,,40018,"[""L001"", ""L019"", ""R001"", ""R006"", ""R007"", ""R008"", ""C000"", ""C001""]",,,8.0,0.0,1.5,3960.542341380838,asymmetric,3019.9518418093976,,6039.457658619163,499.8707531144108,1.0,0.0,48.0,7192.498642164757,4794.9990947765045,0.8259735326530732,0.8259735326530733
,,greedy_local_search,3154.233279599062,2,exp4:asymmetric:c1.5:t1.5:r019,2.0,1.5,5108.170336683939,,,hardening:asymmetric:r019,4,,,2588.0619366434757,1.0,catalog/geography,,,0.0,9999.999999999998,Catalog + geography,5.0,,0.2667158477725408,0.3544380141342596,0.4823462633381418,1078.2592187984324,1491.902818510965,moderate,413.6435997125327,,0.3405446891122625,3405.4468911226254,413.6435997125327,,,,5.0,,3405.4468911226254,0.0413643599712532,,40019,"[""R000"", ""R001"", ""R003"", ""R004"", ""R007"", ""C000"", ""C001""]",,,7.0,0.0,1.5,3405.446891122626,asymmetric,2991.8032914100927,,6594.553108877373,403.7413547666174,1.0,0.0,48.0,7341.294945239257,4894.196630159504,0.6958132556704492,0.6958132556704492
,,greedy_local_search,3154.233279599062,2,exp4:asymmetric:c1.5:t1.5:r019,0.0,1.5,6014.740901913363,,,hardening:asymmetric:r019,4,,,2571.954040469791,1.0,truthful resolved feasibility,,,3.0,9999.999999999998,Current feasibility,10.0,,0.4157280219172227,0.3162476181641392,0.5160922528701261,0.0,886.3796288652384,moderate,886.3796288652384,,0.4009827267942241,4009.8272679422407,886.3796288652384,,,,7.0,,4009.8272679422416,0.0886379628865238,,40019,"[""L020"", ""L025"", ""L031"", ""R000"", ""R001"", ""R002"", ""R003"", ""R004"", ""R007"", ""R008""]",,,10.0,0.0,1.5,4009.827267942241,asymmetric,3123.4476390770037,,5990.172732057758,551.4935986072123,1.0,0.0,48.0,6014.740901913363,4009.827267942241,1.0,1.0
,,greedy_local_search,3178.14460467704,2,exp4:asymmetric:c1.5:t3.0:r000,2.0,1.5,5134.168681280376,,,hardening:asymmetric:r000,4,,,2557.973803861405,1.0,catalog/geography,,,0.0,9999.999999999996,Catalog + geography,5.0,,0.2516820675201529,0.4041093445854247,0.4379135554819546,1039.2279013475818,1496.8022061415522,moderate,457.5743047939704,,0.3422779120853583,3422.779120853584,457.5743047939704,,,,5.0,,3422.779120853584,0.045757430479397,,40000,"[""R003"", ""R004"", ""R005"", ""R007"", ""R008"", ""C000"", ""C001""]",,,7.0,0.0,3.0,3422.779120853584,asymmetric,2965.204816059613,,6577.220879146416,407.231012198208,1.0,0.0,48.0,6942.382883562144,9256.510511416187,0.7395398334247489,0.3697699167123747
,,greedy_local_search,3178.14460467704,2,exp4:asymmetric:c1.5:t3.0:r000,1.0,1.5,6656.035775038792,,,hardening:asymmetric:r000,4,,,2563.8868540506537,1.0,truthful resolved feasibility,,,0.0,9999.999999999996,Current feasibility,7.0,,0.4515916840577588,0.3737942329323999,0.5484573949179405,0.0,1324.7108904303636,moderate,1324.7108904303636,,0.4437357183359195,4437.357183359196,1324.7108904303636,,,,7.0,,4437.357183359195,0.1324710890430364,,40000,"[""R000"", ""R001"", ""R002"", ""R003"", ""R004"", ""R005"", ""R007"", ""C001""]",,,8.0,0.0,3.0,4437.357183359196,asymmetric,3112.646292928832,,5562.642816640804,548.7594388781777,1.0,0.0,48.0,6656.035775038794,8874.714366718388,0.9999999999999998,0.5000000000000002
,,greedy_local_search,3160.754947153236,2,exp4:asymmetric:c1.5:t3.0:r001,2.0,1.5,5967.97537204959,,,hardening:asymmetric:r001,4,,,2540.032653107223,1.0,catalog/geography,,,2.0,10000.0,Catalog + geography,6.0,,0.4379085032787299,0.3267139752300574,0.4322815349867876,265.8244355962638,1173.65039787461,moderate,907.8259622783462,,0.397865024803306,3978.650248033061,907.8259622783462,,,,4.0,,3978.65024803306,0.0907825962278346,,40001,"[""L011"", ""L015"", ""R000"", ""R002"", ""R004"", ""R007"", ""C001"", ""C002""]",,,8.0,0.0,3.0,3978.650248033061,asymmetric,3070.824285754714,,6021.349751966938,530.7916326474909,1.0,0.0,48.0,7027.434239856555,9369.91231980874,0.8492395899205752,0.42461979496028773
,,greedy_local_search,3160.754947153236,2,exp4:asymmetric:c1.5:t3.0:r001,1.0,1.5,6355.525721065467,,,hardening:asymmetric:r001,4,,,2552.9852273813485,1.0,truthful resolved feasibility,,,1.0,10000.0,Current feasibility,8.0,,0.4121560635962575,0.4661550544745216,0.3753860852664971,0.0,1082.402178757412,moderate,1082.402178757412,,0.4237017147376978,4237.017147376979,1082.402178757412,,,,6.0,,4237.017147376979,0.1082402178757412,,40001,"[""L011"", ""R000"", ""R002"", ""R004"", ""R005"", ""R006"", ""R007"", ""C001""]",,,8.0,0.0,3.0,4237.017147376979,asymmetric,3154.6149686195668,,5762.982852623021,601.6297412382185,1.0,0.0,48.0,6355.525721065468,8474.034294753958,0.9999999999999999,0.5
,,greedy_local_search,3133.056593146416,2,exp4:asymmetric:c1.5:t3.0:r002,1.0,1.5,5974.05920286982,,,hardening:asymmetric:r002,4,,,2448.0456244161464,1.0,catalog/geography,,,3.0,10000.000000000002,Catalog + geography,7.0,,0.427042607339123,0.3921969608134633,0.3441625196866855,190.4951932140002,1205.9071129648855,moderate,1015.4119197508852,,0.3982706135246546,3982.706135246547,1015.4119197508852,,,,5.0,,3982.706135246546,0.1015411919750885,,40002,"[""L015"", ""L019"", ""L020"", ""R000"", ""R003"", ""R006"", ""R007"", ""R008"", ""C001""]",,,9.0,137.6393948798095,3.0,3982.706135246546,asymmetric,2967.2942154956613,,6017.293864753455,519.2485910795149,1.0,0.0,48.0,6318.163863242784,8424.218484323714,0.9455372371117401,0.4727686185558699
,,greedy_local_search,3133.056593146416,2,exp4:asymmetric:c1.5:t3.0:r002,2.0,1.5,6723.830871921574,,,hardening:asymmetric:r002,4,,,2565.964168261912,1.0,truthful resolved feasibility,,,0.0,10000.000000000002,Current feasibility,6.0,,0.4963490660528501,0.3999082745743889,0.4246520781830975,0.0,1376.4999961723706,moderate,1376.4999961723706,,0.4482553914614381,4482.553914614382,1376.4999961723706,,,,5.0,,4482.553914614382,0.137649999617237,,40002,"[""R000"", ""R003"", ""R006"", ""R007"", ""R008"", ""C000"", ""C001""]",,,7.0,0.0,3.0,4482.553914614382,asymmetric,3106.0539184420118,,5517.446085385619,540.0897501800989,1.0,0.0,48.0,7046.9749307398115,9395.96657431975,0.9541442871594956,0.47707214357974775
,,greedy_local_search,3160.085619378712,2,exp4:asymmetric:c1.5:t3.0:r003,2.0,1.5,6100.148409981974,,,hardening:asymmetric:r003,4,,,2541.214101046368,1.0,catalog/geography,,,0.0,10000.000000000002,Catalog + geography,5.0,,0.4405811783304158,0.4087285188433783,0.3268002441079767,497.4651999652069,1561.9420605520809,moderate,1064.476860586874,,0.4066765606654648,4066.7656066546488,1064.476860586874,,,,5.0,,4066.7656066546488,0.1064476860586873,,40003,"[""R000"", ""R001"", ""R002"", ""R005"", ""R006"", ""C000"", ""C001""]",,,7.0,0.0,3.0,4066.7656066546488,asymmetric,3002.288746067775,,5933.234393345351,461.0746450214068,1.0,0.0,48.0,6916.968376191117,9222.624501588158,0.8819106981866914,0.4409553490933456
,,greedy_local_search,3160.085619378712,2,exp4:asymmetric:c1.5:t3.0:r003,2.0,1.5,6459.787085930178,,,hardening:asymmetric:r003,4,,,2507.1434203069266,1.0,truthful resolved feasibility,,,2.0,10000.000000000002,Current feasibility,6.0,,0.5236621827013532,0.3290408816868652,0.3992009079466669,0.0,1276.66465115757,moderate,1276.66465115757,,0.4306524723953452,4306.524723953452,1276.66465115757,,,,4.0,,4306.524723953452,0.1276664651157569,,40003,"[""L000"", ""L006"", ""R000"", ""R001"", ""R005"", ""R006"", ""C000"", ""C001""]",,,8.0,0.0,3.0,4306.524723953452,asymmetric,3029.860072795882,,5693.475276046548,522.7166524889553,1.0,0.0,48.0,6842.181681533504,9122.90890871134,0.9441121833061846,0.4720560916530922
,,greedy_local_search,3189.1083616392616,2,exp4:asymmetric:c1.5:t3.0:r004,3.0,1.5,5453.066795318161,,,hardening:asymmetric:r004,4,,,2548.776266127204,1.0,catalog/geography,,,0.0,9999.999999999998,Catalog + geography,5.0,,0.3169315866218673,0.3703216240067435,0.4565300198617177,967.524289256909,1610.940871308334,moderate,643.4165820514249,,0.3635377863545441,3635.377863545441,643.4165820514249,,,,3.0,,3635.377863545441,0.0643416582051425,,40004,"[""R000"", ""R003"", ""R008"", ""C000"", ""C001"", ""C002""]",,,6.0,0.0,3.0,3635.377863545441,asymmetric,2991.961281494016,,6364.622136454558,443.185015366812,1.0,0.0,48.0,7162.169359017544,9549.559145356727,0.7613708252308312,0.3806854126154156
,,greedy_local_search,3189.1083616392616,2,exp4:asymmetric:c1.5:t3.0:r004,1.0,1.5,6550.721634136522,,,hardening:asymmetric:r004,4,,,2584.1074712209147,1.0,truthful resolved feasibility,,,2.0,9999.999999999998,Current feasibility,6.0,,0.374332771222335,0.3850369300060395,0.6675105152846845,0.0,1183.760572831662,moderate,1183.760572831662,,0.4367147756091014,4367.147756091014,1183.760572831662,,,,6.0,,4367.147756091014,0.1183760572831662,,40004,"[""L000"", ""L009"", ""R000"", ""R003"", ""R005"", ""R006"", ""R007"", ""R008"", ""C001""]",,,9.0,0.0,3.0,4367.147756091014,asymmetric,3183.387183259352,,5632.852243908985,599.2797120384375,1.0,0.0,48.0,6610.22456986993,8813.632759826574,0.9909983488299886,0.4954991744149942
,,greedy_local_search,3216.051041216963,2,exp4:asymmetric:c1.5:t3.0:r005,1.0,1.5,6864.545855832348,,,hardening:asymmetric:r005,4,,,2609.74947045061,1.0,catalog/geography,,,2.0,10000.0,Catalog + geography,6.0,,0.4850959522313696,0.395918530247406,0.5038586314905739,63.75838833982925,1424.0712510110984,moderate,1360.3128626712692,,0.4576363903888232,4576.363903888232,1360.3128626712692,,,,6.0,,4576.363903888232,0.1360312862671269,,40005,"[""L025"", ""L034"", ""R002"", ""R003"", ""R004"", ""R006"", ""R007"", ""R008"", ""C001""]",,,9.0,0.0,3.0,4576.363903888233,asymmetric,3216.051041216963,,5423.636096111768,606.3015707663529,1.0,0.0,48.0,6979.119294909231,9305.492393212307,0.983583395807483,0.49179169790374166
,,greedy_local_search,3216.051041216963,2,exp4:asymmetric:c1.5:t3.0:r005,1.0,1.5,6744.756548143836,,,hardening:asymmetric:r005,4,,,2509.3003623151094,1.0,truthful resolved feasibility,,,1.0,10000.0,Current feasibility,8.0,,0.4241147178243393,0.4445082026439427,0.5161047129829485,0.0,1403.6830302181174,moderate,1403.6830302181174,,0.4496504365429224,4496.504365429224,1403.6830302181174,,,,6.0,,4496.504365429224,0.1403683030218117,,40005,"[""L025"", ""R002"", ""R003"", ""R004"", ""R005"", ""R007"", ""R008"", ""C001""]",,,8.0,0.0,3.0,4496.504365429224,asymmetric,3092.8213352111065,,5503.495634570776,583.520972895997,1.0,0.0,48.0,6744.756548143836,8993.00873085845,1.0,0.4999999999999999
,,greedy_local_search,3105.939528570514,2,exp4:asymmetric:c1.5:t3.0:r006,2.0,1.5,5561.971212836952,,,hardening:asymmetric:r006,4,,,2554.5237606937108,1.0,catalog/geography,,,1.0,9999.999999999998,Catalog + geography,4.0,,0.3148438072286748,0.5115422303021383,0.2503929349857236,976.07312817274,1691.537095818661,moderate,715.4639676459215,,0.3707980808557968,3707.980808557968,715.4639676459215,,,,5.0,,3707.980808557968,0.0715463967645921,,40006,"[""L035"", ""R002"", ""R003"", ""R004"", ""R007"", ""R008"", ""C001"", ""C002""]",,,8.0,0.0,3.0,3707.980808557967,asymmetric,2992.516840912046,,6292.019191442032,437.9930802183351,1.0,0.0,48.0,7190.771045558215,9587.69472741095,0.7734874574087041,0.3867437287043521
,,greedy_local_search,3105.939528570514,2,exp4:asymmetric:c1.5:t3.0:r006,1.0,1.5,6615.4057900833,,,hardening:asymmetric:r006,4,,,2490.718667221154,1.0,truthful resolved feasibility,,,2.0,9999.999999999998,Current feasibility,6.0,,0.3184206953717259,0.7075975793079963,0.2503929349857236,0.0,1343.2815014670075,moderate,1343.2815014670075,,0.4410270526722201,4410.270526722201,1343.2815014670075,,,,6.0,,4410.2705267222,0.1343281501467008,,40006,"[""L017"", ""L033"", ""R002"", ""R003"", ""R004"", ""R005"", ""R007"", ""R008"", ""C001""]",,,9.0,0.0,3.0,4410.2705267222,asymmetric,3066.989025255192,,5589.729473277799,576.2703580340374,1.0,0.0,48.0,6684.157260862055,8912.209681149405,0.9897142649259141,0.49485713246295715
,,greedy_local_search,3145.357852427541,2,exp4:asymmetric:c1.5:t3.0:r007,3.0,1.5,5562.241230167001,,,hardening:asymmetric:r007,4,,,2628.961774267918,1.0,catalog/geography,,,1.0,9999.999999999998,Catalog + geography,6.0,,0.2762831381159794,0.4208165332566665,0.4960144160955466,734.4542784957248,1397.9229801053389,moderate,663.4687016096141,,0.3708160820111334,3708.160820111334,663.4687016096141,,,,3.0,,3708.1608201113336,0.0663468701609614,,40007,"[""L007"", ""R000"", ""R001"", ""R003"", ""C000"", ""C001"", ""C002""]",,,7.0,0.0,3.0,3708.160820111334,asymmetric,3044.6921185017195,,6291.839179888666,415.7303442338017,1.0,0.0,48.0,7388.740417716078,9851.6538902881,0.7527996540290337,0.37639982701451696
,,greedy_local_search,3145.357852427541,2,exp4:asymmetric:c1.5:t3.0:r007,2.0,1.5,6423.0815499006685,,,hardening:asymmetric:r007,4,,,2556.8979665325173,1.0,truthful resolved feasibility,,,2.0,9999.999999999998,Current feasibility,8.0,,0.3423053951294348,0.4779303742622052,0.5344618893001355,0.0,1216.5006196312784,moderate,1216.5006196312784,,0.4282054366600447,4282.054366600447,1216.5006196312784,,,,4.0,,4282.054366600446,0.1216500619631278,,40007,"[""L007"", ""L029"", ""R000"", ""R001"", ""R003"", ""R006"", ""C001"", ""C002""]",,,8.0,0.0,3.0,4282.054366600446,asymmetric,3065.553746969168,,5717.945633399553,508.6557804366501,1.0,0.0,48.0,6870.008056077904,9160.010741437203,0.9349452718935549,0.46747263594677757
,,greedy_local_search,3186.473778113356,2,exp4:asymmetric:c1.5:t3.0:r008,2.0,1.5,5198.800787082204,,,hardening:asymmetric:r008,4,,,2560.4408820059134,1.0,catalog/geography,,,1.0,9999.999999999998,Catalog + geography,6.0,,0.368745653166593,0.2935554434664822,0.3895338500028896,877.6857489280587,1343.171114786719,moderate,465.4853658586603,,0.3465867191388136,3465.867191388136,465.4853658586603,,,,4.0,,3465.867191388136,0.046548536585866,,40008,"[""L002"", ""R002"", ""R004"", ""R006"", ""R007"", ""C001"", ""C002""]",,,7.0,589.5666448259198,3.0,3465.867191388136,asymmetric,3000.381825529475,,6534.132808611864,439.9409435235615,1.0,0.0,48.0,6669.014137888787,8892.018850518383,0.7795456239245566,0.3897728119622783
,,greedy_local_search,3186.473778113356,2,exp4:asymmetric:c1.5:t3.0:r008,2.0,1.5,7419.85065801987,,,hardening:asymmetric:r008,4,,,2606.9305176034118,1.0,truthful resolved feasibility,,,0.0,9999.999999999998,Current feasibility,7.0,,0.6273586566529887,0.2496477246881739,0.6248430569997608,0.0,1760.0933272332236,moderate,1760.0933272332236,,0.494656710534658,4946.567105346579,1760.0933272332236,,,,5.0,,4946.567105346579,0.1760093327233224,,40008,"[""R000"", ""R001"", ""R004"", ""R006"", ""R007"", ""C000"", ""C001""]",,,7.0,0.0,3.0,4946.567105346579,asymmetric,3186.473778113356,,5053.432894653421,579.5432605099444,1.0,0.0,48.0,7431.690994209622,9908.921325612828,0.9984067776500696,0.4992033888250348
,,greedy_local_search,3182.8115459264554,2,exp4:asymmetric:c1.5:t3.0:r009,3.0,1.5,6053.937692477195,,,hardening:asymmetric:r009,4,,,2634.9177663204327,1.0,catalog/geography,,,1.0,10000.0,Catalog + geography,4.0,,0.3007801890281182,0.5239126655989559,0.4243766407142929,601.8190029057296,1531.0900356987931,moderate,929.2710327930636,,0.4035958461651464,4035.958461651464,929.2710327930636,,,,3.0,,4035.958461651463,0.0929271032793063,,40009,"[""L010"", ""R003"", ""R005"", ""R007"", ""C000"", ""C001"", ""C002""]",,,7.0,0.0,3.0,4035.958461651463,asymmetric,3106.6874288583995,,5964.041538348537,471.7696625379668,1.0,0.0,48.0,7333.543367792437,9778.057823723248,0.8255133144865506,0.4127566572432753
,,greedy_local_search,3182.8115459264554,2,exp4:asymmetric:c1.5:t3.0:r009,2.0,1.5,6749.735878316475,,,hardening:asymmetric:r009,4,,,2497.1394121281137,1.0,truthful resolved feasibility,,,0.0,10000.0,Current feasibility,5.0,,0.4174446216529011,0.4931198661818142,0.4477017949016224,0.0,1474.9839910270448,moderate,1474.9839910270448,,0.4499823918877649,4499.82391887765,1474.9839910270448,,,,5.0,,4499.82391887765,0.1474983991027044,,40009,"[""R000"", ""R001"", ""R003"", ""R005"", ""R007"", ""C000"", ""C001""]",,,7.0,0.0,3.0,4499.82391887765,asymmetric,3024.839927850605,,5500.17608112235,527.700515722491,1.0,0.0,48.0,6749.735878316474,8999.647837755296,1.0000000000000002,0.5000000000000002
,,greedy_local_search,3145.9474472763204,2,exp4:asymmetric:c1.5:t3.0:r010,2.0,1.5,6300.369643495815,,,hardening:asymmetric:r010,4,,,2530.183273418202,1.0,catalog/geography,,,1.0,10000.0,Catalog + geography,6.0,,0.3852297133333653,0.3508364768965272,0.6193925249296102,720.1054496589186,1844.6427036513232,moderate,1124.5372539924049,,0.4200246428997208,4200.2464289972095,1124.5372539924049,,,,5.0,,4200.2464289972095,0.1124537253992404,,40010,"[""L009"", ""R001"", ""R004"", ""R005"", ""R006"", ""R007"", ""C001"", ""C002""]",,,8.0,0.0,3.0,4200.2464289972095,asymmetric,3075.709175004805,,5799.753571002791,545.5259015866027,1.0,0.0,48.0,7944.15072191608,10592.200962554773,0.7930828434705484,0.39654142173527424
,,greedy_local_search,3145.9474472763204,2,exp4:asymmetric:c1.5:t3.0:r010,1.0,1.5,7138.088371339978,,,hardening:asymmetric:r010,4,,,2490.459727970504,1.0,truthful resolved feasibility,,,2.0,10000.0,Current feasibility,6.0,,0.4540386638164141,0.3955151734422668,0.6656242433357605,0.0,1622.1310293132256,moderate,1622.1310293132256,,0.4758725580893317,4758.725580893319,1622.1310293132256,,,,6.0,,4758.725580893319,0.1622131029313225,,40010,"[""L009"", ""L034"", ""R001"", ""R004"", ""R005"", ""R006"", ""R007"", ""R008"", ""C001""]",,,9.0,0.0,3.0,4758.725580893319,asymmetric,3136.594551580093,,5241.274419106682,646.1348236095894,1.0,0.0,48.0,7138.088371339978,9517.451161786637,1.0,0.5
,,greedy_local_search,3167.666805407142,2,exp4:asymmetric:c1.5:t3.0:r011,2.0,1.5,5371.685937937397,,,hardening:asymmetric:r011,4,,,2580.821686770681,1.0,catalog/geography,,,0.0,10000.000000000002,Catalog + geography,5.0,,0.3464718710891476,0.3882574438175286,0.3315497426812087,1181.806972853784,1733.462196565415,moderate,551.6552237116312,,0.3581123958624931,3581.123958624932,551.6552237116312,,,,5.0,,3581.123958624931,0.0551655223711631,,40011,"[""R002"", ""R003"", ""R004"", ""R006"", ""R008"", ""C001"", ""C002""]",,,7.0,564.461798066436,3.0,3581.123958624931,asymmetric,3029.4687349133,,6418.876041375068,448.6470481426195,1.0,0.0,48.0,7282.236108209867,9709.648144279827,0.737642374967965,0.36882118748398235
,,greedy_local_search,3167.666805407142,2,exp4:asymmetric:c1.5:t3.0:r011,1.0,1.5,6737.82011334911,,,hardening:asymmetric:r011,4,,,2574.5375241652464,1.0,truthful resolved feasibility,,,2.0,10000.000000000002,Current feasibility,6.0,,0.3652765916145658,0.4664730649978832,0.607739842903968,0.0,1324.2424771438027,moderate,1324.2424771438027,,0.4491880075566073,4491.880075566073,1324.2424771438027,,,,6.0,,4491.880075566074,0.1324242477143802,,40011,"[""L006"", ""L030"", ""R002"", ""R003"", ""R004"", ""R005"", ""R006"", ""R008"", ""C001""]",,,9.0,0.0,3.0,4491.880075566073,asymmetric,3167.637598422272,,5508.119924433926,593.1000742570252,1.0,0.0,48.0,6737.820113349111,8983.760151132152,0.9999999999999999,0.4999999999999997
,,greedy_local_search,3192.8536656157503,2,exp4:asymmetric:c1.5:t3.0:r012,2.0,1.5,4178.829227094768,,,hardening:asymmetric:r012,4,,,2534.1069601806744,1.0,catalog/geography,,,0.0,10000.000000000004,Catalog + geography,6.0,,0.2437579287056658,0.1597940842347608,0.5648480886996762,1435.2530725953393,1313.8706047455412,moderate,-121.3824678497981,,0.2785886151396512,2785.886151396512,-121.3824678497981,,,,5.0,,2785.886151396512,-0.0121382467849798,,40012,"[""R000"", ""R001"", ""R003"", ""R004"", ""R005"", ""C000"", ""C002""]",,,7.0,0.0,3.0,2785.886151396512,asymmetric,2907.26861924631,,7214.113848603489,373.1616590656357,1.0,0.0,48.0,7013.9203452085985,9351.893793611467,0.595790801922842,0.297895400961421
,,greedy_local_search,3192.8536656157503,2,exp4:asymmetric:c1.5:t3.0:r012,1.0,1.5,6612.463635045327,,,hardening:asymmetric:r012,4,,,2488.160162508588,1.0,truthful resolved feasibility,,,1.0,10000.000000000004,Current feasibility,8.0,,0.4291924732425043,0.3886297220697448,0.5583694665974209,0.0,1330.9270509367034,moderate,1330.9270509367034,,0.4408309090030218,4408.309090030218,1330.9270509367034,,,,6.0,,4408.309090030218,0.1330927050936703,,40012,"[""L031"", ""R000"", ""R001"", ""R003"", ""R004"", ""R005"", ""R007"", ""C001""]",,,8.0,0.0,3.0,4408.309090030218,asymmetric,3077.3820390935143,,5591.690909969782,589.2218765849263,1.0,0.0,48.0,6612.4636350453275,8816.618180060439,0.9999999999999999,0.4999999999999998
,,greedy_local_search,3215.031053233879,2,exp4:asymmetric:c1.5:t3.0:r013,2.0,1.5,5508.858701799506,,,hardening:asymmetric:r013,4,,,2588.4759249293243,1.0,catalog/geography,,,0.0,9999.999999999998,Catalog + geography,5.0,,0.3986921932414168,0.2565368766796795,0.4902892649505416,854.3107595003844,1531.8553149863442,moderate,677.5445554859598,,0.3672572467866337,3672.572467866337,677.5445554859598,,,,5.0,,3672.572467866337,0.067754455548596,,40013,"[""R000"", ""R002"", ""R004"", ""R005"", ""R006"", ""C000"", ""C001""]",,,7.0,0.0,3.0,3672.572467866337,asymmetric,2995.027912380377,,6327.427532133662,406.5519874510534,1.0,0.0,48.0,7052.804237528806,9403.738983371739,0.7810877086997845,0.3905438543498923
,,greedy_local_search,3215.031053233879,2,exp4:asymmetric:c1.5:t3.0:r013,1.0,1.5,6750.666547827097,,,hardening:asymmetric:r013,4,,,2631.2293346561564,1.0,truthful resolved feasibility,,,4.0,9999.999999999998,Current feasibility,6.0,,0.3535872092641276,0.4854526367485799,0.6051088474547308,0.0,1295.2117147398094,moderate,1295.2117147398094,,0.4500444365218066,4500.444365218065,1295.2117147398094,,,,5.0,,4500.444365218065,0.1295211714739809,,40013,"[""L012"", ""L016"", ""L022"", ""L035"", ""R000"", ""R002"", ""R004"", ""R005"", ""R008"", ""C001""]",,,10.0,0.0,3.0,4500.444365218065,asymmetric,3205.232650478256,,5499.555634781933,574.0033158220992,1.0,0.0,48.0,6750.666547827098,9000.888730436127,0.9999999999999999,0.5000000000000002
,,greedy_local_search,3226.2524599151698,2,exp4:asymmetric:c1.5:t3.0:r014,3.0,1.5,6661.194614222841,,,hardening:asymmetric:r014,4,,,2701.669917587831,1.0,catalog/geography,,,1.0,10000.0,Catalog + geography,4.0,,0.4788203822361704,0.4123083198872879,0.4215127849068098,564.1532334075146,1811.39104016418,moderate,1247.2378067566656,,0.4440796409481894,4440.7964094818935,1247.2378067566656,,,,3.0,,4440.796409481894,0.1247237806756665,,40014,"[""L010"", ""R000"", ""R003"", ""R008"", ""C000"", ""C001"", ""C002""]",,,7.0,0.0,3.0,4440.796409481894,asymmetric,3193.558602725229,,5559.203590518106,491.8886851373977,1.0,0.0,48.0,7578.105602239138,10104.140802985521,0.8790052506334336,0.4395026253167167
,,greedy_local_search,3226.2524599151698,2,exp4:asymmetric:c1.5:t3.0:r014,3.0,1.5,6834.748735430856,,,hardening:asymmetric:r014,4,,,2669.103324942896,1.0,truthful resolved feasibility,,,1.0,10000.0,Current feasibility,5.0,,0.5095671383193237,0.4000012574433035,0.4317213167326933,0.0,1373.7059561117858,moderate,1373.7059561117858,,0.4556499156953905,4556.499156953904,1373.7059561117858,,,,3.0,,4556.499156953904,0.1373705956111786,,40014,"[""L010"", ""R000"", ""R007"", ""R008"", ""C000"", ""C001"", ""C002""]",,,7.0,0.0,3.0,4556.499156953904,asymmetric,3182.7932008421185,,5443.500843046095,513.689875899223,1.0,0.0,48.0,7444.621162049708,9926.161549399614,0.9180787828764496,0.4590393914382247
,,greedy_local_search,3183.9642388539933,2,exp4:asymmetric:c1.5:t3.0:r015,3.0,1.5,5400.221389163702,,,hardening:asymmetric:r015,4,,,2594.7335605177345,1.0,catalog/geography,,,1.0,10000.000000000002,Catalog + geography,4.0,,0.3744267044522458,0.3261588350354261,0.3868357500583514,1350.380335072543,1922.6845454638124,moderate,572.3042103912694,,0.3600147592775801,3600.147592775801,572.3042103912694,,,,3.0,,3600.147592775801,0.0572304210391269,,40015,"[""L008"", ""R000"", ""R002"", ""R003"", ""C000"", ""C001"", ""C002""]",,,7.0,581.6481162216237,3.0,3600.147592775801,asymmetric,3027.843382384532,,6399.8524072242,433.1098218667975,1.0,0.0,48.0,7648.350689518935,10197.80091935858,0.7060635172709849,0.3530317586354924
,,greedy_local_search,3183.9642388539933,2,exp4:asymmetric:c1.5:t3.0:r015,2.0,1.5,7102.564830358695,,,hardening:asymmetric:r015,4,,,2469.131748451091,1.0,truthful resolved feasibility,,,2.0,10000.000000000002,Current feasibility,7.0,,0.530927939836772,0.4667650890135127,0.3560948397131803,0.0,1681.690057708014,moderate,1681.690057708014,,0.473504322023913,4735.04322023913,1681.690057708014,,,,4.0,,4735.043220239129,0.1681690057708013,,40015,"[""L008"", ""L033"", ""R000"", ""R002"", ""R005"", ""R006"", ""C001"", ""C002""]",,,8.0,0.0,3.0,4735.043220239129,asymmetric,3053.3531625311152,,5264.956779760872,584.2214140800244,1.0,0.0,48.0,7193.648481883982,9591.531309178645,0.9873383232785609,0.4936691616392802
,,greedy_local_search,3191.431769562457,2,exp4:asymmetric:c1.5:t3.0:r016,2.0,1.5,6932.272831974504,,,hardening:asymmetric:r016,4,,,2594.595864371223,1.0,catalog/geography,,,0.0,10000.000000000004,Catalog + geography,5.0,,0.4857576026620108,0.5052904958057444,0.3335446370085904,265.46078320004744,1754.7193590585875,moderate,1489.25857585854,,0.4621515221316334,4621.515221316335,1489.25857585854,,,,5.0,,4621.515221316335,0.1489258575858539,,40016,"[""R002"", ""R003"", ""R004"", ""R005"", ""R007"", ""C000"", ""C001""]",,,7.0,0.0,3.0,4621.515221316335,asymmetric,3132.2566454577945,,5378.484778683665,537.6607810865717,1.0,0.0,48.0,7364.696190807116,9819.59492107616,0.9412842909430019,0.47064214547150063
,,greedy_local_search,3191.431769562457,2,exp4:asymmetric:c1.5:t3.0:r016,2.0,1.5,7308.420498543427,,,hardening:asymmetric:r016,4,,,2595.8948009959117,1.0,truthful resolved feasibility,,,2.0,10000.000000000004,Current feasibility,5.0,,0.5638210298009315,0.4696650708201125,0.34562897519385,0.0,1686.2855247877492,moderate,1686.2855247877492,,0.4872280332362285,4872.280332362285,1686.2855247877492,,,,4.0,,4872.280332362285,0.1686285524787748,,40016,"[""L008"", ""L030"", ""R003"", ""R004"", ""R005"", ""R007"", ""C000"", ""C001""]",,,8.0,0.0,3.0,4872.280332362285,asymmetric,3185.994807574536,,5127.719667637715,590.1000065786242,1.0,0.0,48.0,7308.420498543429,9744.560664724577,0.9999999999999998,0.4999999999999996
,,greedy_local_search,3139.619133310156,2,exp4:asymmetric:c1.5:t3.0:r017,2.0,1.5,5700.373953358754,,,hardening:asymmetric:r017,4,,,2493.4680234610187,1.0,catalog/geography,,,0.0,9999.999999999998,Catalog + geography,6.0,,0.3052098839016046,0.526869940640194,0.2913800162206351,833.6713273746936,1671.62677861487,moderate,837.9554512401764,,0.3800249302239169,3800.249302239169,837.9554512401764,,,,5.0,,3800.2493022391695,0.0837955451240176,,40017,"[""R001"", ""R002"", ""R003"", ""R005"", ""R007"", ""C001"", ""C002""]",,,7.0,0.0,3.0,3800.2493022391695,asymmetric,2962.293850998993,,6199.75069776083,468.8258275379745,1.0,0.0,48.0,7069.040784205348,9425.387712273794,0.8063857781235803,0.40319288906179035
,,greedy_local_search,3139.619133310156,2,exp4:asymmetric:c1.5:t3.0:r017,1.0,1.5,6794.256582360912,,,hardening:asymmetric:r017,4,,,2505.7157139869214,1.0,truthful resolved feasibility,,,2.0,9999.999999999998,Current feasibility,8.0,,0.3523192944271966,0.6549851028915044,0.3258098515989788,0.0,1416.077856408108,moderate,1416.077856408108,,0.4529504388240608,4529.504388240608,1416.077856408108,,,,6.0,,4529.504388240608,0.1416077856408108,,40017,"[""L004"", ""L015"", ""R001"", ""R002"", ""R003"", ""R004"", ""R005"", ""R007"", ""C001""]",,,9.0,0.0,3.0,4529.504388240608,asymmetric,3113.4265318325,,5470.495611759392,607.7108178455787,1.0,0.0,48.0,6858.213807894569,9144.285077192755,0.990674361090925,0.4953371805454627
,,greedy_local_search,3122.2820399652,2,exp4:asymmetric:c1.5:t3.0:r018,3.0,1.5,5902.453873205385,,,hardening:asymmetric:r018,4,,,2545.701249915835,1.0,catalog/geography,,,1.0,10000.000000000002,Catalog + geography,3.0,,0.6317160212271987,0.2686818437652838,0.0759303500513505,1111.8632544873908,2039.94366497122,moderate,928.0804104838294,,0.393496924880359,3934.96924880359,928.0804104838294,,,,3.0,,3934.969248803589,0.0928080410483829,,40018,"[""L028"", ""R001"", ""R004"", ""R005"", ""C000"", ""C001"", ""C002""]",,,7.0,0.0,3.0,3934.96924880359,asymmetric,3006.88883831976,,6065.030751196412,461.18758840392496,1.0,0.0,48.0,7891.516736456679,10522.02231527557,0.7479492308414731,0.3739746154207366
,,greedy_local_search,3122.2820399652,2,exp4:asymmetric:c1.5:t3.0:r018,2.0,1.5,6881.721645063286,,,hardening:asymmetric:r018,4,,,2530.7096598350217,1.0,truthful resolved feasibility,,,0.0,10000.000000000002,Current feasibility,5.0,,0.625569345560676,0.4201788343480212,0.1510632274005371,0.0,1527.6631794477412,moderate,1527.6631794477412,,0.4587814430042191,4587.814430042191,1527.6631794477412,,,,5.0,,4587.814430042191,0.152766317944774,,40018,"[""R001"", ""R004"", ""R006"", ""R007"", ""R008"", ""C000"", ""C001""]",,,7.0,0.0,3.0,4587.814430042191,asymmetric,3060.1512505944497,,5412.185569957811,529.4415907594279,1.0,0.0,48.0,7318.79263891092,9758.390185214557,0.9402809977804382,0.47014049889021925
,,greedy_local_search,3154.233279599062,2,exp4:asymmetric:c1.5:t3.0:r019,2.0,1.5,5794.434027747977,,,hardening:asymmetric:r019,4,,,2588.0619366434757,1.0,catalog/geography,,,0.0,9999.999999999998,Catalog + geography,5.0,,0.4350283917895827,0.338895351526813,0.3595972625508419,718.981176509817,1543.8418702099952,moderate,824.8606937001782,,0.3862956018498651,3862.9560184986512,824.8606937001782,,,,5.0,,3862.9560184986512,0.0824860693700178,,40019,"[""R000"", ""R001"", ""R003"", ""R004"", ""R007"", ""C000"", ""C001""]",,,7.0,0.0,3.0,3862.9560184986512,asymmetric,3038.095324798473,,6137.043981501348,450.03338815499774,1.0,0.0,48.0,7341.294945239257,9788.393260319008,0.7892931793328368,0.3946465896664184
,,greedy_local_search,3154.233279599062,2,exp4:asymmetric:c1.5:t3.0:r019,1.0,1.5,6291.696286041506,,,hardening:asymmetric:r019,4,,,2626.1004688167504,1.0,truthful resolved feasibility,,,0.0,9999.999999999998,Current feasibility,7.0,,0.4123839783436749,0.3942911450047178,0.4793586403156443,0.0,1060.4337414345473,moderate,1060.4337414345473,,0.4194464190694338,4194.464190694338,1060.4337414345473,,,,7.0,,4194.464190694338,0.1060433741434547,,40019,"[""R000"", ""R001"", ""R003"", ""R004"", ""R005"", ""R007"", ""R008"", ""C000""]",,,8.0,0.0,3.0,4194.464190694338,asymmetric,3134.0304492597907,,5805.535809305662,507.9299804430405,1.0,0.0,48.0,6836.32079236994,9115.094389826587,0.920333681980475,0.46016684099023764
,,greedy_local_search,3178.14460467704,2,exp4:asymmetric:c3.0:t0.75:r000,0.0,3.0,0.0,,,hardening:asymmetric:r000,4,,,0.0,1.0,catalog/geography,,,0.0,9999.999999999996,Catalog + geography,0.0,,0.0,0.0,0.0,0.0,0.0,moderate,0.0,,0.0,0.0,0.0,,,,0.0,,0.0,0.0,,40000,[],,,0.0,0.0,0.75,0.0,asymmetric,0.0,,10000.0,0.0,1.0,1.0,48.0,0.0,0.0,0.0,0.0
,,greedy_local_search,3178.14460467704,2,exp4:asymmetric:c3.0:t0.75:r000,0.0,3.0,0.0,,,hardening:asymmetric:r000,4,,,0.0,1.0,truthful resolved feasibility,,,0.0,9999.999999999996,Current feasibility,0.0,,0.0,0.0,0.0,0.0,0.0,moderate,0.0,,0.0,0.0,0.0,,,,0.0,,0.0,0.0,,40000,[],,,0.0,0.0,0.75,0.0,asymmetric,0.0,,10000.0,0.0,1.0,1.0,48.0,0.0,0.0,0.0,0.0
,,greedy_local_search,3160.754947153236,2,exp4:asymmetric:c3.0:t0.75:r001,1.0,3.0,297.4044072372942,,,hardening:asymmetric:r001,4,,,522.6867896705586,1.0,catalog/geography,,,0.0,10000.0,Catalog + geography,0.0,,0.0,0.0,0.0991348024124314,370.34447220978217,27.776725406732453,moderate,-342.5677468030497,,0.0198269604824862,198.2696048248628,-342.5677468030497,,,,0.0,,198.2696048248628,-0.0342567746803049,,40001,"[""C002""]",,,1.0,0.0,0.75,198.2696048248628,asymmetric,540.8373516279125,,9801.730395175138,18.15056195735391,1.0,0.0,48.0,3744.4376975851746,624.0729495975291,0.07942565246287668,0.31770260985150667
,,greedy_local_search,3160.754947153236,2,exp4:asymmetric:c3.0:t0.75:r001,0.0,3.0,0.0,,,hardening:asymmetric:r001,4,,,0.0,1.0,truthful resolved feasibility,,,0.0,10000.0,Current feasibility,0.0,,0.0,0.0,0.0,0.0,0.0,moderate,0.0,,0.0,0.0,0.0,,,,0.0,,0.0,0.0,,40001,[],,,0.0,0.0,0.75,0.0,asymmetric,0.0,,10000.0,0.0,1.0,1.0,48.0,0.0,0.0,0.0,0.0
,,greedy_local_search,3133.056593146416,2,exp4:asymmetric:c3.0:t0.75:r002,0.0,3.0,0.0,,,hardening:asymmetric:r002,4,,,0.0,1.0,catalog/geography,,,0.0,10000.000000000002,Catalog + geography,0.0,,0.0,0.0,0.0,0.0,0.0,moderate,0.0,,0.0,0.0,0.0,,,,0.0,,0.0,0.0,,40002,[],,,0.0,0.0,0.75,0.0,asymmetric,0.0,,10000.000000000002,0.0,1.0,1.0,48.0,0.0,0.0,0.0,0.0
,,greedy_local_search,3133.056593146416,2,exp4:asymmetric:c3.0:t0.75:r002,0.0,3.0,0.0,,,hardening:asymmetric:r002,4,,,0.0,1.0,truthful resolved feasibility,,,0.0,10000.000000000002,Current feasibility,0.0,,0.0,0.0,0.0,0.0,0.0,moderate,0.0,,0.0,0.0,0.0,,,,0.0,,0.0,0.0,,40002,[],,,0.0,0.0,0.75,0.0,asymmetric,0.0,,10000.000000000002,0.0,1.0,1.0,48.0,0.0,0.0,0.0,0.0
,,greedy_local_search,3160.085619378712,2,exp4:asymmetric:c3.0:t0.75:r003,0.0,3.0,0.0,,,hardening:asymmetric:r003,4,,,0.0,1.0,catalog/geography,,,0.0,10000.000000000002,Catalog + geography,0.0,,0.0,0.0,0.0,0.0,0.0,moderate,0.0,,0.0,0.0,0.0,,,,0.0,,0.0,0.0,,40003,[],,,0.0,0.0,0.75,0.0,asymmetric,0.0,,10000.0,0.0,1.0,1.0,48.0,0.0,0.0,0.0,0.0
,,greedy_local_search,3160.085619378712,2,exp4:asymmetric:c3.0:t0.75:r003,0.0,3.0,0.0,,,hardening:asymmetric:r003,4,,,0.0,1.0,truthful resolved feasibility,,,0.0,10000.000000000002,Current feasibility,0.0,,0.0,0.0,0.0,0.0,0.0,moderate,0.0,,0.0,0.0,0.0,,,,0.0,,0.0,0.0,,40003,[],,,0.0,0.0,0.75,0.0,asymmetric,0.0,,10000.0,0.0,1.0,1.0,48.0,0.0,0.0,0.0,0.0
,,greedy_local_search,3189.1083616392616,2,exp4:asymmetric:c3.0:t0.75:r004,0.0,3.0,0.0,,,hardening:asymmetric:r004,4,,,0.0,1.0,catalog/geography,,,0.0,9999.999999999998,Catalog + geography,0.0,,0.0,0.0,0.0,0.0,0.0,moderate,0.0,,0.0,0.0,0.0,,,,0.0,,0.0,0.0,,40004,[],,,0.0,0.0,0.75,0.0,asymmetric,0.0,,10000.0,0.0,1.0,1.0,48.0,0.0,0.0,0.0,0.0
,,greedy_local_search,3189.1083616392616,2,exp4:asymmetric:c3.0:t0.75:r004,0.0,3.0,0.0,,,hardening:asymmetric:r004,4,,,0.0,1.0,truthful resolved feasibility,,,0.0,9999.999999999998,Current feasibility,0.0,,0.0,0.0,0.0,0.0,0.0,moderate,0.0,,0.0,0.0,0.0,,,,0.0,,0.0,0.0,,40004,[],,,0.0,0.0,0.75,0.0,asymmetric,0.0,,10000.0,0.0,1.0,1.0,48.0,0.0,0.0,0.0,0.0
,,greedy_local_search,3216.051041216963,2,exp4:asymmetric:c3.0:t0.75:r005,1.0,3.0,798.4758655448115,,,hardening:asymmetric:r005,4,,,503.9762246700092,1.0,catalog/geography,,,0.0,10000.0,Catalog + geography,1.0,,0.0552780971887295,0.0,0.1417829031736291,56.73048886363063,29.66163689280336,moderate,-27.068851970827268,,0.0532317243696541,532.317243696541,-27.068851970827268,,,,0.0,,532.317243696541,-0.0027068851970827,,40005,"[""C001""]",,,1.0,0.0,0.75,532.317243696541,asymmetric,559.3860956673683,,9467.68275630346,55.40987099735912,1.0,0.0,48.0,3573.8253780176997,595.6375630029501,0.2234233016688979,0.8936932066755914
,,greedy_local_search,3216.051041216963,2,exp4:asymmetric:c3.0:t0.75:r005,0.0,3.0,0.0,,,hardening:asymmetric:r005,4,,,0.0,1.0,truthful resolved feasibility,,,0.0,10000.0,Current feasibility,0.0,,0.0,0.0,0.0,0.0,0.0,moderate,0.0,,0.0,0.0,0.0,,,,0.0,,0.0,0.0,,40005,[],,,0.0,0.0,0.75,0.0,asymmetric,0.0,,10000.0,0.0,1.0,1.0,48.0,0.0,0.0,0.0,0.0
,,greedy_local_search,3105.939528570514,2,exp4:asymmetric:c3.0:t0.75:r006,1.0,3.0,800.54537803501,,,hardening:asymmetric:r006,4,,,485.6391377351431,1.0,catalog/geography,,,0.0,9999.999999999998,Catalog + geography,1.0,,0.032242651551392,0.1110299962024978,0.0,0.5015078989376889,6.505279775821009,moderate,6.00377187688332,,0.0533696918690006,533.6969186900067,6.00377187688332,,,,0.0,,533.6969186900067,0.0006003771876883,,40006,"[""C001""]",,,1.0,0.0,0.75,533.6969186900066,asymmetric,527.6931468131233,,9466.303081309992,42.0540090779802,1.0,0.0,48.0,3202.18151214004,533.6969186900066,0.25,1.0
,,greedy_local_search,3105.939528570514,2,exp4:asymmetric:c3.0:t0.75:r006,1.0,3.0,800.54537803501,,,hardening:asymmetric:r006,4,,,485.6391377351431,1.0,truthful resolved feasibility,,,0.0,9999.999999999998,Current feasibility,1.0,,0.032242651551392,0.1110299962024978,0.0,0.0,6.00377187688332,moderate,6.00377187688332,,0.0533696918690006,533.6969186900067,6.00377187688332,,,,0.0,,533.6969186900067,0.0006003771876883,,40006,"[""C001""]",,,1.0,0.0,0.75,533.6969186900066,asymmetric,527.6931468131233,,9466.303081309992,42.0540090779802,1.0,0.0,48.0,3202.18151214004,533.6969186900066,0.25,1.0
,,greedy_local_search,3145.357852427541,2,exp4:asymmetric:c3.0:t0.75:r007,1.0,3.0,647.6925922275611,,,hardening:asymmetric:r007,4,,,498.93571828432965,1.0,catalog/geography,,,0.0,9999.999999999998,Catalog + geography,1.0,,0.0188171847961995,0.0,0.1735588649510713,114.18734226602696,11.786561896668331,moderate,-102.40078036935864,,0.043179506148504,431.7950614850408,-102.40078036935864,,,,0.0,,431.7950614850408,-0.0102400780369358,,40007,"[""C002""]",,,1.0,0.0,0.75,431.7950614850408,asymmetric,534.1958418543994,,9568.204938514958,35.26012357006978,1.0,0.0,48.0,3316.542609024247,552.757101504041,0.19529150340634924,0.7811660136253973
,,greedy_local_search,3145.357852427541,2,exp4:asymmetric:c3.0:t0.75:r007,0.0,3.0,0.0,,,hardening:asymmetric:r007,4,,,0.0,1.0,truthful resolved feasibility,,,0.0,9999.999999999998,Current feasibility,0.0,,0.0,0.0,0.0,0.0,0.0,moderate,0.0,,0.0,0.0,0.0,,,,0.0,,0.0,0.0,,40007,[],,,0.0,0.0,0.75,0.0,asymmetric,0.0,,10000.0,0.0,1.0,1.0,48.0,0.0,0.0,0.0,0.0
,,greedy_local_search,3186.473778113356,2,exp4:asymmetric:c3.0:t0.75:r008,1.0,3.0,821.2707335967142,,,hardening:asymmetric:r008,4,,,487.4666437913928,1.0,catalog/geography,,,0.0,9999.999999999998,Catalog + geography,1.0,,0.0695950554657414,0.0426065586912678,0.0426065586912678,79.59345767564287,83.1972974558762,moderate,3.603839780233329,,0.0547513822397809,547.5138223978095,3.603839780233329,,,,0.0,,547.5138223978095,0.0003603839780233,,40008,"[""C000""]",,,1.0,0.0,0.75,547.5138223978095,asymmetric,543.9099826175761,,9452.48617760219,56.44333882618341,1.0,0.0,48.0,3784.268111102386,630.7113518503975,0.21702234341886306,0.8680893736754525
,,greedy_local_search,3186.473778113356,2,exp4:asymmetric:c3.0:t0.75:r008,1.0,3.0,821.2707335967142,,,hardening:asymmetric:r008,4,,,487.4666437913928,1.0,truthful resolved feasibility,,,0.0,9999.999999999998,Current feasibility,1.0,,0.0695950554657414,0.0426065586912678,0.0426065586912678,0.0,3.603839780233329,moderate,3.603839780233329,,0.0547513822397809,547.5138223978095,3.603839780233329,,,,0.0,,547.5138223978095,0.0003603839780233,,40008,"[""C000""]",,,1.0,0.0,0.75,547.5138223978095,asymmetric,543.9099826175761,,9452.48617760219,56.44333882618341,1.0,0.0,48.0,3784.268111102386,630.7113518503975,0.21702234341886306,0.8680893736754525
,,greedy_local_search,3182.8115459264554,2,exp4:asymmetric:c3.0:t0.75:r009,1.0,3.0,782.4195930249304,,,hardening:asymmetric:r009,4,,,482.83946023078266,1.0,catalog/geography,,,0.0,10000.0,Catalog + geography,1.0,,0.02972042667783,0.11082032627611,0.0,25.558092481074027,15.479544027178347,moderate,-10.078548453895678,,0.052161306201662,521.6130620166202,-10.078548453895678,,,,0.0,,521.6130620166202,-0.0010078548453895,,40009,"[""C001""]",,,1.0,0.0,0.75,521.6130620166202,asymmetric,531.6916104705159,,9478.38693798338,48.85215023973326,1.0,0.0,48.0,3298.5684546326215,549.7614091054368,0.23719974400594104,0.9487989760237644
,,greedy_local_search,3182.8115459264554,2,exp4:asymmetric:c3.0:t0.75:r009,0.0,3.0,0.0,,,hardening:asymmetric:r009,4,,,0.0,1.0,truthful resolved feasibility,,,0.0,10000.0,Current feasibility,0.0,,0.0,0.0,0.0,0.0,0.0,moderate,0.0,,0.0,0.0,0.0,,,,0.0,,0.0,0.0,,40009,[],,,0.0,0.0,0.75,0.0,asymmetric,0.0,,10000.0,0.0,1.0,1.0,48.0,0.0,0.0,0.0,0.0
,,greedy_local_search,3145.9474472763204,2,exp4:asymmetric:c3.0:t0.75:r010,2.0,3.0,1059.5665617041232,,,hardening:asymmetric:r010,4,,,992.0338174674732,1.0,catalog/geography,,,0.0,10000.0,Catalog + geography,1.0,,0.092555647709204,0.0523364383878367,0.0533498793769509,464.003230036732,109.92618534066536,moderate,-354.07704469606665,,0.0706377707802748,706.3777078027488,-354.07704469606665,,,,0.0,,706.3777078027488,-0.0354077044696066,,40010,"[""C001"", ""C002""]",,,2.0,0.0,0.75,706.3777078027489,asymmetric,1060.4547524988154,,9293.622292197251,68.42093503134213,1.0,0.0,48.0,7283.416701864195,1213.9027836440323,0.14547658126342358,0.5819063250536946
,,greedy_local_search,3145.9474472763204,2,exp4:asymmetric:c3.0:t0.75:r010,1.0,3.0,938.3607108077084,,,hardening:asymmetric:r010,4,,,511.86949061320246,1.0,truthful resolved feasibility,,,0.0,10000.0,Current feasibility,1.0,,0.0745992253541796,0.0523364383878367,0.0533498793769509,0.0,53.81370520777443,moderate,53.81370520777443,,0.0625573807205139,625.573807205139,53.81370520777443,,,,0.0,,625.573807205139,0.0053813705207774,,40010,"[""C001""]",,,1.0,0.0,0.75,625.5738072051391,asymmetric,571.7601019973646,,9374.426192794865,59.89061138416211,1.0,0.0,48.0,3753.4428432308337,625.573807205139,0.25,1.0000000000000002
,,greedy_local_search,3167.666805407142,2,exp4:asymmetric:c3.0:t0.75:r011,1.0,3.0,0.0,,,hardening:asymmetric:r011,4,,,564.461798066436,1.0,catalog/geography,,,0.0,10000.000000000002,Catalog + geography,0.0,,0.0,0.0,0.0,589.0226109126536,24.560812846217573,moderate,-564.461798066436,,0.0,0.0,-564.461798066436,,,,0.0,,0.0,-0.0564461798066435,,40011,"[""C002""]",,,1.0,564.461798066436,0.75,0.0,asymmetric,564.461798066436,,10000.0,0.0,1.0,0.0,48.0,3821.10034054494,636.8500567574903,0.0,0.0
,,greedy_local_search,3167.666805407142,2,exp4:asymmetric:c3.0:t0.75:r011,0.0,3.0,0.0,,,hardening:asymmetric:r011,4,,,0.0,1.0,truthful resolved feasibility,,,0.0,10000.000000000002,Current feasibility,0.0,,0.0,0.0,0.0,0.0,0.0,moderate,0.0,,0.0,0.0,0.0,,,,0.0,,0.0,0.0,,40011,[],,,0.0,0.0,0.75,0.0,asymmetric,0.0,,10000.0,0.0,1.0,1.0,48.0,0.0,0.0,0.0,0.0
,,greedy_local_search,3192.8536656157503,2,exp4:asymmetric:c3.0:t0.75:r012,1.0,3.0,354.54674138924963,,,hardening:asymmetric:r012,4,,,520.2465658718984,1.0,catalog/geography,,,0.0,10000.000000000004,Catalog + geography,1.0,,0.0340381104404313,0.0237694277935882,0.0,336.586494783584,29.08389590497177,moderate,-307.5025988786122,,0.0236364494259499,236.3644942594997,-307.5025988786122,,,,0.0,,236.3644942594997,-0.0307502598878612,,40012,"[""C002""]",,,1.0,0.0,0.75,236.3644942594997,asymmetric,543.867093138112,,9763.635505740502,23.62052726621352,1.0,0.0,48.0,3628.6702495823893,604.7783749303983,0.09770707091118383,0.3908282836447352
,,greedy_local_search,3192.8536656157503,2,exp4:asymmetric:c3.0:t0.75:r012,0.0,3.0,0.0,,,hardening:asymmetric:r012,4,,,0.0,1.0,truthful resolved feasibility,,,0.0,10000.000000000004,Current feasibility,0.0,,0.0,0.0,0.0,0.0,0.0,moderate,0.0,,0.0,0.0,0.0,,,,0.0,,0.0,0.0,,40012,[],,,0.0,0.0,0.75,0.0,asymmetric,0.0,,10000.0,0.0,1.0,1.0,48.0,0.0,0.0,0.0,0.0
,,greedy_local_search,3215.031053233879,2,exp4:asymmetric:c3.0:t0.75:r013,1.0,3.0,922.2902803415286,,,hardening:asymmetric:r013,4,,,505.5659710964805,1.0,catalog/geography,,,0.0,9999.999999999998,Catalog + geography,1.0,,0.0563652073196161,0.0706754628546914,0.0569263169823298,0.0,60.08555906054107,moderate,60.08555906054107,,0.0614860186894352,614.8601868943525,60.08555906054107,,,,0.0,,614.8601868943524,0.0060085559060541,,40013,"[""C001""]",,,1.0,0.0,0.75,614.8601868943525,asymmetric,554.7746278338113,,9385.139813105648,49.20865673733083,1.0,0.0,48.0,3689.161121366116,614.8601868943524,0.24999999999999992,1.0000000000000002
,,greedy_local_search,3215.031053233879,2,exp4:asymmetric:c3.0:t0.75:r013,1.0,3.0,922.2902803415286,,,hardening:asymmetric:r013,4,,,505.5659710964805,1.0,truthful resolved feasibility,,,0.0,9999.999999999998,Current feasibility,1.0,,0.0563652073196161,0.0706754628546914,0.0569263169823298,0.0,60.08555906054107,moderate,60.08555906054107,,0.0614860186894352,614.8601868943525,60.08555906054107,,,,0.0,,614.8601868943524,0.0060085559060541,,40013,"[""C001""]",,,1.0,0.0,0.75,614.8601868943525,asymmetric,554.7746278338113,,9385.139813105648,49.20865673733083,1.0,0.0,48.0,3689.161121366116,614.8601868943524,0.24999999999999992,1.0000000000000002
,,greedy_local_search,3226.2524599151698,2,exp4:asymmetric:c3.0:t0.75:r014,1.0,3.0,463.63427917312174,,,hardening:asymmetric:r014,4,,,505.8347166526709,1.0,catalog/geography,,,0.0,10000.0,Catalog + geography,0.0,,0.0686865598774995,0.0,0.0,262.3112165653804,37.92327975564672,moderate,-224.38793680973367,,0.0309089519448747,309.08951944874786,-224.38793680973367,,,,0.0,,309.08951944874786,-0.0224387936809733,,40014,"[""C002""]",,,1.0,0.0,0.75,309.08951944874786,asymmetric,533.4774562584815,,9690.91048055125,27.642739605810565,1.0,0.0,48.0,3532.054729983236,588.6757883305396,0.1312647494494861,0.5250589977979442
,,greedy_local_search,3226.2524599151698,2,exp4:asymmetric:c3.0:t0.75:r014,0.0,3.0,0.0,,,hardening:asymmetric:r014,4,,,0.0,1.0,truthful resolved feasibility,,,0.0,10000.0,Current feasibility,0.0,,0.0,0.0,0.0,0.0,0.0,moderate,0.0,,0.0,0.0,0.0,,,,0.0,,0.0,0.0,,40014,[],,,0.0,0.0,0.75,0.0,asymmetric,0.0,,9999.999999999998,0.0,1.0,1.0,48.0,0.0,0.0,0.0,0.0
,,greedy_local_search,3183.9642388539933,2,exp4:asymmetric:c3.0:t0.75:r015,1.0,3.0,959.6452625020132,,,hardening:asymmetric:r015,4,,,507.1800786119514,1.0,catalog/geography,,,0.0,10000.000000000002,Catalog + geography,1.0,,0.0444789703530594,0.1236968105304004,0.0033346524447532,2.3779262084226502,67.02950325184986,moderate,64.65157704342721,,0.0639763508334675,639.7635083346756,64.65157704342721,,,,0.0,,639.7635083346755,0.0064651577043427,,40015,"[""C002""]",,,1.0,0.0,0.75,639.7635083346756,asymmetric,575.1119312912483,,9360.236491665326,67.93185267929691,1.0,0.0,48.0,3838.581050008052,639.7635083346755,0.25000000000000006,1.0000000000000002
,,greedy_local_search,3183.9642388539933,2,exp4:asymmetric:c3.0:t0.75:r015,1.0,3.0,959.6452625020132,,,hardening:asymmetric:r015,4,,,507.1800786119514,1.0,truthful resolved feasibility,,,0.0,10000.000000000002,Current feasibility,1.0,,0.0444789703530594,0.1236968105304004,0.0033346524447532,0.0,64.65157704342721,moderate,64.65157704342721,,0.0639763508334675,639.7635083346756,64.65157704342721,,,,0.0,,639.7635083346755,0.0064651577043427,,40015,"[""C002""]",,,1.0,0.0,0.75,639.7635083346756,asymmetric,575.1119312912483,,9360.236491665326,67.93185267929691,1.0,0.0,48.0,3838.581050008052,639.7635083346755,0.25000000000000006,1.0000000000000002
,,greedy_local_search,3191.431769562457,2,exp4:asymmetric:c3.0:t0.75:r016,0.0,3.0,0.0,,,hardening:asymmetric:r016,4,,,0.0,1.0,catalog/geography,,,0.0,10000.000000000004,Catalog + geography,0.0,,0.0,0.0,0.0,0.0,0.0,moderate,0.0,,0.0,0.0,0.0,,,,0.0,,0.0,0.0,,40016,[],,,0.0,0.0,0.75,0.0,asymmetric,0.0,,10000.0,0.0,1.0,1.0,48.0,0.0,0.0,0.0,0.0
,,greedy_local_search,3191.431769562457,2,exp4:asymmetric:c3.0:t0.75:r016,0.0,3.0,0.0,,,hardening:asymmetric:r016,4,,,0.0,1.0,truthful resolved feasibility,,,0.0,10000.000000000004,Current feasibility,0.0,,0.0,0.0,0.0,0.0,0.0,moderate,0.0,,0.0,0.0,0.0,,,,0.0,,0.0,0.0,,40016,[],,,0.0,0.0,0.75,0.0,asymmetric,0.0,,10000.0,0.0,1.0,1.0,48.0,0.0,0.0,0.0,0.0
,,greedy_local_search,3139.619133310156,2,exp4:asymmetric:c3.0:t0.75:r017,0.0,3.0,0.0,,,hardening:asymmetric:r017,4,,,0.0,1.0,catalog/geography,,,0.0,9999.999999999998,Catalog + geography,0.0,,0.0,0.0,0.0,0.0,0.0,moderate,0.0,,0.0,0.0,0.0,,,,0.0,,0.0,0.0,,40017,[],,,0.0,0.0,0.75,0.0,asymmetric,0.0,,10000.0,0.0,1.0,1.0,48.0,0.0,0.0,0.0,0.0
,,greedy_local_search,3139.619133310156,2,exp4:asymmetric:c3.0:t0.75:r017,0.0,3.0,0.0,,,hardening:asymmetric:r017,4,,,0.0,1.0,truthful resolved feasibility,,,0.0,9999.999999999998,Current feasibility,0.0,,0.0,0.0,0.0,0.0,0.0,moderate,0.0,,0.0,0.0,0.0,,,,0.0,,0.0,0.0,,40017,[],,,0.0,0.0,0.75,0.0,asymmetric,0.0,,10000.0,0.0,1.0,1.0,48.0,0.0,0.0,0.0,0.0
,,greedy_local_search,3122.2820399652,2,exp4:asymmetric:c3.0:t0.75:r018,2.0,3.0,1043.5828554794216,,,hardening:asymmetric:r018,4,,,1020.3183173505042,1.0,catalog/geography,,,0.0,10000.000000000002,Catalog + geography,1.0,,0.0695007773248638,0.0813970126183905,0.0490394307633468,445.62609138345465,55.212363935031135,moderate,-390.4137274484235,,0.0695721903652947,695.7219036529478,-390.4137274484235,,,,0.0,,695.721903652948,-0.0390413727448423,,40018,"[""C000"", ""C002""]",,,2.0,0.0,0.75,695.7219036529478,asymmetric,1086.1356311013717,,9304.278096347054,65.81731375086729,1.0,0.0,48.0,7080.447385794542,1180.07456429909,0.1473893948528105,0.5895575794112422
,,greedy_local_search,3122.2820399652,2,exp4:asymmetric:c3.0:t0.75:r018,0.0,3.0,0.0,,,hardening:asymmetric:r018,4,,,0.0,1.0,truthful resolved feasibility,,,0.0,10000.000000000002,Current feasibility,0.0,,0.0,0.0,0.0,0.0,0.0,moderate,0.0,,0.0,0.0,0.0,,,,0.0,,0.0,0.0,,40018,[],,,0.0,0.0,0.75,0.0,asymmetric,0.0,,10000.0,0.0,1.0,1.0,48.0,0.0,0.0,0.0,0.0
,,greedy_local_search,3154.233279599062,2,exp4:asymmetric:c3.0:t0.75:r019,1.0,3.0,201.01220342430597,,,hardening:asymmetric:r019,4,,,524.0214087205719,1.0,catalog/geography,,,0.0,9999.999999999998,Catalog + geography,0.0,,0.0297795856924897,0.0,0.0,421.0675036878333,17.67055582294222,moderate,-403.3969478648911,,0.0134008135616203,134.00813561620396,-403.3969478648911,,,,0.0,,134.00813561620396,-0.0403396947864891,,40019,"[""C001""]",,,1.0,0.0,0.75,134.00813561620396,asymmetric,537.4050834810951,,9865.991864383795,13.383674760523204,1.0,0.0,48.0,3612.5704497201395,602.0950749533565,0.05564243139947017,0.22256972559788069
,,greedy_local_search,3154.233279599062,2,exp4:asymmetric:c3.0:t0.75:r019,0.0,3.0,0.0,,,hardening:asymmetric:r019,4,,,0.0,1.0,truthful resolved feasibility,,,0.0,9999.999999999998,Current feasibility,0.0,,0.0,0.0,0.0,0.0,0.0,moderate,0.0,,0.0,0.0,0.0,,,,0.0,,0.0,0.0,,40019,[],,,0.0,0.0,0.75,0.0,asymmetric,0.0,,10000.0,0.0,1.0,1.0,48.0,0.0,0.0,0.0,0.0
,,greedy_local_search,3178.14460467704,2,exp4:asymmetric:c3.0:t1.5:r000,2.0,3.0,4824.09855630752,,,hardening:asymmetric:r000,4,,,2557.973803861405,1.0,catalog/geography,,,0.0,9999.999999999996,Catalog + geography,6.0,,0.2269554777802312,0.3611900362932606,0.4653004635837804,1220.822509921326,1496.8022061415504,moderate,275.97969622022447,,0.3216065704205013,3216.0657042050134,275.97969622022447,,,,5.0,,3216.0657042050134,0.0275979696220224,,40000,"[""R003"", ""R004"", ""R005"", ""R007"", ""R008"", ""C000"", ""C001""]",,,7.0,0.0,1.5,3216.0657042050134,asymmetric,2940.086007984789,,6783.934295794987,382.11220412338366,1.0,0.0,48.0,13884.765767124289,4628.2552557080935,0.34743823822579706,0.6948764764515944
,,greedy_local_search,3178.14460467704,2,exp4:asymmetric:c3.0:t1.5:r000,1.0,3.0,6325.837395246224,,,hardening:asymmetric:r000,4,,,2565.676703644084,1.0,truthful resolved feasibility,,,2.0,9999.999999999996,Current feasibility,9.0,,0.3226468101206461,0.4125507806814642,0.6606932761180585,0.0,1111.452920256796,moderate,1111.452920256796,,0.4217224930164149,4217.22493016415,1111.452920256796,,,,6.0,,4217.22493016415,0.1111452920256796,,40000,"[""L031"", ""L034"", ""R000"", ""R001"", ""R002"", ""R003"", ""R004"", ""R007"", ""C001""]",,,9.0,0.0,1.5,4217.22493016415,asymmetric,3105.772009907353,,5782.77506983585,540.0953062632702,1.0,0.0,48.0,13012.305562724643,4337.435187574879,0.4861427027480331,0.9722854054960668
,,greedy_local_search,3160.754947153236,2,exp4:asymmetric:c3.0:t1.5:r001,2.0,3.0,5309.300290033596,,,hardening:asymmetric:r001,4,,,2540.032653107223,1.0,catalog/geography,,,2.0,10000.0,Catalog + geography,7.0,,0.2778667437027859,0.3466254558456534,0.5379720422833705,579.6715688647573,1102.7531235569832,moderate,523.0815546922258,,0.3539533526689064,3539.5335266890643,523.0815546922258,,,,4.0,,3539.5335266890643,0.0523081554692225,,40001,"[""L011"", ""L015"", ""R000"", ""R002"", ""R004"", ""R007"", ""C001"", ""C002""]",,,8.0,0.0,1.5,3539.5335266890643,asymmetric,3016.4519719968384,,6460.466473310935,476.4193188896159,1.0,0.0,48.0,14054.86847971311,4684.95615990437,0.37775524528721666,0.7555104905744334
,,greedy_local_search,3160.754947153236,2,exp4:asymmetric:c3.0:t1.5:r001,1.0,3.0,6067.5408263995305,,,hardening:asymmetric:r001,4,,,2460.335747050828,1.0,truthful resolved feasibility,,,5.0,10000.0,Current feasibility,10.0,,0.311458812187213,0.4289398071701751,0.5710866188308078,0.0,977.9452969216222,moderate,977.9452969216222,,0.4045027217599687,4045.027217599687,977.9452969216222,,,,4.0,,4045.027217599687,0.0977945296921622,,40001,"[""L002"", ""L011"", ""L015"", ""L021"", ""L033"", ""R000"", ""R001"", ""R004"", ""R005"", ""C001""]",,,10.0,0.0,1.5,4045.027217599687,asymmetric,3067.0819206780643,,5954.972782400312,606.7461736272364,1.0,0.0,48.0,12135.081652799063,4045.027217599687,0.49999999999999994,1.0
,,greedy_local_search,3133.056593146416,2,exp4:asymmetric:c3.0:t1.5:r002,1.0,3.0,5272.570891340427,,,hardening:asymmetric:r002,4,,,2448.0456244161464,1.0,catalog/geography,,,3.0,10000.000000000002,Catalog + geography,8.0,,0.2634760304799068,0.4453303678021627,0.3853744182132337,605.8217834603597,1205.2915107186122,moderate,599.4697272582525,,0.3515047260893618,3515.0472608936184,599.4697272582525,,,,5.0,,3515.0472608936184,0.0599469727258252,,40002,"[""L015"", ""L019"", ""L020"", ""R000"", ""R003"", ""R006"", ""R007"", ""R008"", ""C001""]",,,9.0,137.6393948798095,1.5,3515.0472608936184,asymmetric,2915.577533635366,,6484.952739106383,467.5319092192196,1.0,0.0,48.0,12636.327726485568,4212.109242161857,0.4172549972955506,0.8345099945911012
,,greedy_local_search,3133.056593146416,2,exp4:asymmetric:c3.0:t1.5:r002,1.0,3.0,6204.398507819875,,,hardening:asymmetric:r002,4,,,2538.6210976403195,1.0,truthful resolved feasibility,,,4.0,10000.000000000002,Current feasibility,9.0,,0.3638902916971514,0.4456217170307735,0.4695416748175134,0.0,1027.746948200659,moderate,1027.746948200659,,0.4136265671879916,4136.265671879917,1027.746948200659,,,,5.0,,4136.265671879916,0.1027746948200658,,40002,"[""L015"", ""L020"", ""L027"", ""L032"", ""R000"", ""R003"", ""R004"", ""R007"", ""R008"", ""C000""]",,,10.0,0.0,1.5,4136.265671879916,asymmetric,3108.518723679257,,5863.734328120085,569.8976260389375,1.0,0.0,48.0,13601.02732584528,4533.67577528176,0.45617131406169587,0.9123426281233916
,,greedy_local_search,3160.085619378712,2,exp4:asymmetric:c3.0:t1.5:r003,2.0,3.0,4580.397575162808,,,hardening:asymmetric:r003,4,,,2541.214101046368,1.0,catalog/geography,,,0.0,10000.000000000002,Catalog + geography,5.0,,0.2628818483888046,0.3059601342264493,0.399884797949839,1386.9674688116106,1561.7445940549333,moderate,174.77712524332264,,0.3053598383441872,3053.598383441872,174.77712524332264,,,,5.0,,3053.598383441872,0.0174777125243322,,40003,"[""R000"", ""R001"", ""R002"", ""R005"", ""R006"", ""C000"", ""C001""]",,,7.0,0.0,1.5,3053.598383441872,asymmetric,2878.821258198549,,6946.401616558128,337.6071571521816,1.0,0.0,48.0,13833.936752382235,4611.312250794079,0.3310986349835706,0.6621972699671412
,,greedy_local_search,3160.085619378712,2,exp4:asymmetric:c3.0:t1.5:r003,1.0,3.0,6150.208279919611,,,hardening:asymmetric:r003,4,,,2549.5307406470984,1.0,truthful resolved feasibility,,,5.0,10000.000000000002,Current feasibility,10.0,,0.3136476136042541,0.4919914663944253,0.4833772298400539,0.0,977.04693115401,moderate,977.04693115401,,0.4100138853279741,4100.138853279741,977.04693115401,,,,4.0,,4100.138853279741,0.0977046931154009,,40003,"[""L002"", ""L006"", ""L020"", ""L024"", ""L034"", ""R001"", ""R003"", ""R006"", ""R007"", ""C001""]",,,10.0,0.0,1.5,4100.138853279741,asymmetric,3123.091922125731,,5899.861146720259,573.5611814786328,1.0,0.0,48.0,12441.707797821775,4147.235932607259,0.4943218712302788,0.9886437424605574
,,greedy_local_search,3189.1083616392616,2,exp4:asymmetric:c3.0:t1.5:r004,3.0,3.0,4576.327908862285,,,hardening:asymmetric:r004,4,,,2548.776266127204,1.0,catalog/geography,,,0.0,9999.999999999998,Catalog + geography,6.0,,0.2760949098454752,0.3586444608754609,0.2766012826030525,1481.2414893886416,1610.400930214278,moderate,129.15944082563647,,0.3050885272574856,3050.885272574857,129.15944082563647,,,,3.0,,3050.885272574857,0.0129159440825636,,40004,"[""R000"", ""R003"", ""R008"", ""C000"", ""C001"", ""C002""]",,,6.0,0.0,1.5,3050.885272574857,asymmetric,2921.72583174922,,6949.114727425143,372.949565622016,1.0,0.0,48.0,14324.338718035087,4774.779572678363,0.3194791744976297,0.6389583489952594
,,greedy_local_search,3189.1083616392616,2,exp4:asymmetric:c3.0:t1.5:r004,1.0,3.0,6345.576395333298,,,hardening:asymmetric:r004,4,,,2564.777961717793,1.0,truthful resolved feasibility,,,4.0,9999.999999999998,Current feasibility,10.0,,0.3419188880872816,0.4657115721922626,0.5308793822449225,0.0,1056.492967500531,moderate,1056.492967500531,,0.4230384263555531,4230.384263555531,1056.492967500531,,,,5.0,,4230.384263555531,0.1056492967500531,,40004,"[""L008"", ""L009"", ""L022"", ""L030"", ""R000"", ""R003"", ""R005"", ""R006"", ""R007"", ""C001""]",,,10.0,0.0,1.5,4230.384263555532,asymmetric,3173.891296055,,5769.615736444468,609.1133343372071,1.0,0.0,48.0,12884.595859150597,4294.865286383533,0.49249324268302064,0.9849864853660412
,,greedy_local_search,3216.051041216963,2,exp4:asymmetric:c3.0:t1.5:r005,1.0,3.0,6129.643735161702,,,hardening:asymmetric:r005,4,,,2609.74947045061,1.0,catalog/geography,,,2.0,10000.0,Catalog + geography,7.0,,0.3465388727468591,0.3749122220486162,0.6074057261217226,484.6573688764384,1419.2587285985032,moderate,934.6013597220648,,0.4086429156774468,4086.429156774469,934.6013597220648,,,,6.0,,4086.429156774468,0.0934601359722065,,40005,"[""L025"", ""L034"", ""R002"", ""R003"", ""R004"", ""R006"", ""R007"", ""R008"", ""C001""]",,,9.0,0.0,1.5,4086.429156774468,asymmetric,3151.827797052403,,5913.570843225532,542.0783266017932,1.0,0.0,48.0,13958.238589818462,4652.746196606154,0.43914163636899284,0.8782832727379857
,,greedy_local_search,3216.051041216963,2,exp4:asymmetric:c3.0:t1.5:r005,1.0,3.0,6536.429802984163,,,hardening:asymmetric:r005,4,,,2509.3003623151094,1.0,truthful resolved feasibility,,,1.0,10000.0,Current feasibility,8.0,,0.3701858624242377,0.4472621496957476,0.5631829819059613,0.0,1275.2240372052147,moderate,1275.2240372052147,,0.4357619868656109,4357.619868656109,1275.2240372052147,,,,6.0,,4357.619868656109,0.1275224037205214,,40005,"[""L025"", ""R002"", ""R003"", ""R004"", ""R005"", ""R007"", ""R008"", ""C001""]",,,8.0,0.0,1.5,4357.619868656109,asymmetric,3082.3958314508945,,5642.380131343892,573.0954691357852,1.0,0.0,48.0,13489.513096287672,4496.504365429225,0.48455639253450855,0.969112785069017
,,greedy_local_search,3105.939528570514,2,exp4:asymmetric:c3.0:t1.5:r006,2.0,3.0,5258.669663593485,,,hardening:asymmetric:r006,4,,,2554.5237606937108,1.0,catalog/geography,,,1.0,9999.999999999998,Catalog + geography,6.0,,0.2897404683739885,0.5015255294703643,0.2233041574498837,1099.143715692598,1640.140413116313,moderate,540.996697423715,,0.350577977572899,3505.77977572899,540.996697423715,,,,5.0,,3505.77977572899,0.0540996697423715,,40006,"[""L035"", ""R002"", ""R003"", ""R004"", ""R007"", ""R008"", ""C001"", ""C002""]",,,8.0,0.0,1.5,3505.7797757289904,asymmetric,2964.783078305275,,6494.220224271009,410.2593176115641,1.0,0.0,48.0,14381.54209111643,4793.847363705475,0.3656540884333815,0.7313081768667633
,,greedy_local_search,3105.939528570514,2,exp4:asymmetric:c3.0:t1.5:r006,1.0,3.0,6217.166796091445,,,hardening:asymmetric:r006,4,,,2428.475673550265,1.0,truthful resolved feasibility,,,1.0,9999.999999999998,Current feasibility,8.0,,0.3500890799632564,0.6293676641652979,0.1832950898238834,0.0,1191.0837518422422,moderate,1191.0837518422422,,0.4144777864060963,4144.777864060963,1191.0837518422422,,,,6.0,,4144.777864060963,0.1191083751842242,,40006,"[""L033"", ""R001"", ""R002"", ""R003"", ""R004"", ""R005"", ""R008"", ""C001""]",,,8.0,0.0,1.5,4144.777864060963,asymmetric,2953.694112218721,,5855.222135939037,525.2184386684556,1.0,0.0,48.0,12627.986428584387,4209.328809528128,0.4923323944994449,0.9846647889988901
,,greedy_local_search,3145.357852427541,2,exp4:asymmetric:c3.0:t1.5:r007,1.0,3.0,5099.6731224218365,,,hardening:asymmetric:r007,4,,,2566.9761646125085,1.0,catalog/geography,,,2.0,9999.999999999998,Catalog + geography,8.0,,0.1926123100933365,0.5561696997142292,0.2932163685973702,793.5258088910182,1151.2404158102445,moderate,357.7146069192263,,0.3399782081614557,3399.7820816145577,357.7146069192263,,,,6.0,,3399.782081614557,0.0357714606919226,,40007,"[""L007"", ""L029"", ""R000"", ""R001"", ""R003"", ""R004"", ""R005"", ""R006"", ""C000""]",,,9.0,0.0,1.5,3399.7820816145577,asymmetric,3042.067474695331,,6600.217918385442,475.0913100828223,1.0,0.0,48.0,13305.998472538064,4435.332824179353,0.38326121357573667,0.7665224271514736
,,greedy_local_search,3145.357852427541,2,exp4:asymmetric:c3.0:t1.5:r007,1.0,3.0,6165.987139857074,,,hardening:asymmetric:r007,4,,,2515.9458083756613,1.0,truthful resolved feasibility,,,3.0,9999.999999999998,Current feasibility,9.0,,0.3191814654962432,0.477982201423126,0.5007018967620069,0.0,1054.7913353261597,moderate,1054.7913353261597,,0.4110658093238049,4110.658093238049,1054.7913353261597,,,,5.0,,4110.658093238049,0.105479133532616,,40007,"[""L007"", ""L013"", ""L029"", ""R001"", ""R003"", ""R004"", ""R006"", ""R007"", ""C001""]",,,9.0,0.0,1.5,4110.658093238049,asymmetric,3055.8667579118896,,5889.341906761951,539.9209495362282,1.0,0.0,48.0,12471.93953416959,4157.31317805653,0.4943887935764931,0.9887775871529864
,,greedy_local_search,3186.473778113356,2,exp4:asymmetric:c3.0:t1.5:r008,2.0,3.0,4879.263298063715,,,hardening:asymmetric:r008,4,,,2560.4408820059134,1.0,catalog/geography,,,1.0,9999.999999999998,Catalog + geography,6.0,,0.2713733191458716,0.2646142437355399,0.5527562047391662,1063.3192913114603,1342.667549096338,moderate,279.34825778487766,,0.3252842198709144,3252.842198709144,279.34825778487766,,,,4.0,,3252.8421987091438,0.0279348257784877,,40008,"[""L002"", ""R002"", ""R004"", ""R006"", ""R007"", ""C001"", ""C002""]",,,7.0,589.5666448259198,1.5,3252.842198709144,asymmetric,2973.4939409242656,,6747.157801290856,413.0530589183524,1.0,0.0,48.0,13338.028275777575,4446.009425259192,0.36581593599742657,0.7316318719948534
,,greedy_local_search,3186.473778113356,2,exp4:asymmetric:c3.0:t1.5:r008,2.0,3.0,6782.938465783983,,,hardening:asymmetric:r008,4,,,2599.832340036073,1.0,truthful resolved feasibility,,,2.0,9999.999999999998,Current feasibility,8.0,,0.4350801185548891,0.3114034223653303,0.7370932327068321,0.0,1351.500888699105,moderate,1351.500888699105,,0.4521958977189322,4521.958977189322,1351.500888699105,,,,4.0,,4521.9589771893225,0.1351500888699105,,40008,"[""L007"", ""L013"", ""R001"", ""R002"", ""R004"", ""R006"", ""C000"", ""C001""]",,,8.0,0.0,1.5,4521.958977189322,asymmetric,3170.458088490217,,5478.0410228106775,570.6257484541444,1.0,0.0,48.0,14790.495227945397,4930.1650759817985,0.4586011733378738,0.9172023466757477
,,greedy_local_search,3182.8115459264554,2,exp4:asymmetric:c3.0:t1.5:r009,3.0,3.0,5661.080143088916,,,hardening:asymmetric:r009,4,,,2634.9177663204327,1.0,catalog/geography,,,1.0,10000.0,Catalog + geography,6.0,,0.2290533829312473,0.5257144260279264,0.4516563572187945,764.6741306112781,1458.616490826984,moderate,693.9423602157058,,0.3774053428725944,3774.053428725944,693.9423602157058,,,,3.0,,3774.053428725944,0.0693942360215705,,40009,"[""L010"", ""R003"", ""R005"", ""R007"", ""C000"", ""C001"", ""C002""]",,,7.0,0.0,1.5,3774.053428725944,asymmetric,3080.1110685102385,,6225.946571274057,445.1933021898056,1.0,0.0,48.0,14667.086735584873,4889.028911861624,0.38597168238967067,0.7719433647793413
,,greedy_local_search,3182.8115459264554,2,exp4:asymmetric:c3.0:t1.5:r009,2.0,3.0,6720.725989178862,,,hardening:asymmetric:r009,4,,,2528.008404425119,1.0,truthful resolved feasibility,,,2.0,10000.0,Current feasibility,8.0,,0.2978729670716202,0.591595120956541,0.5347363588078616,0.0,1395.9618821288664,moderate,1395.9618821288664,,0.4480483992785908,4480.483992785908,1395.9618821288664,,,,4.0,,4480.483992785908,0.1395961882128866,,40009,"[""L014"", ""L015"", ""R001"", ""R003"", ""R005"", ""R007"", ""C000"", ""C001""]",,,8.0,0.0,1.5,4480.483992785908,asymmetric,3084.522110657042,,5519.5160072140925,556.5137062319232,1.0,0.0,48.0,13610.342060890629,4536.780686963541,0.4937955239560726,0.9875910479121459
,,greedy_local_search,3145.9474472763204,2,exp4:asymmetric:c3.0:t1.5:r010,2.0,3.0,6232.432643337028,,,hardening:asymmetric:r010,4,,,2530.183273418202,1.0,catalog/geography,,,1.0,10000.0,Catalog + geography,7.0,,0.4124728233056613,0.2393471542102897,0.730556175473264,763.3011514319892,1844.203288751284,moderate,1080.902137319295,,0.4154955095558017,4154.955095558018,1080.902137319295,,,,5.0,,4154.955095558018,0.1080902137319295,,40010,"[""L009"", ""R001"", ""R004"", ""R005"", ""R006"", ""R007"", ""C001"", ""C002""]",,,8.0,0.0,1.5,4154.955095558018,asymmetric,3074.052958238723,,5845.044904441982,543.8696848205208,1.0,0.0,48.0,15888.30144383216,5296.100481277386,0.39226550839117286,0.7845310167823456
,,greedy_local_search,3145.9474472763204,2,exp4:asymmetric:c3.0:t1.5:r010,1.0,3.0,6790.946630827071,,,hardening:asymmetric:r010,4,,,2377.9861493105414,1.0,truthful resolved feasibility,,,1.0,10000.0,Current feasibility,8.0,,0.479358940447506,0.2443393988082684,0.7574973130209982,0.0,1539.7895878536729,moderate,1539.7895878536729,,0.4527297753884712,4527.2977538847135,1539.7895878536729,,,,6.0,,4527.2977538847135,0.1539789587853673,,40010,"[""L009"", ""R001"", ""R003"", ""R004"", ""R005"", ""R006"", ""R007"", ""C001""]",,,8.0,0.0,1.5,4527.2977538847135,asymmetric,2987.5081660310407,,5472.702246115287,609.5220167204994,1.0,0.0,48.0,13749.492409637021,4583.164136545674,0.49390526053654865,0.9878105210730971
,,greedy_local_search,3167.666805407142,2,exp4:asymmetric:c3.0:t1.5:r011,2.0,3.0,4935.1123133842975,,,hardening:asymmetric:r011,4,,,2580.821686770681,1.0,catalog/geography,,,0.0,10000.000000000002,Catalog + geography,5.0,,0.3097032016419419,0.3103451822294731,0.4051011651988186,1425.4801850197623,1733.1930049615394,moderate,307.71281994177707,,0.3290074875589532,3290.074875589532,307.71281994177707,,,,5.0,,3290.0748755895315,0.0307712819941777,,40011,"[""R002"", ""R003"", ""R004"", ""R006"", ""R008"", ""C001"", ""C002""]",,,7.0,564.461798066436,1.5,3290.0748755895315,asymmetric,2982.3620556477545,,6709.925124410467,401.54036887707366,1.0,0.0,48.0,14564.472216419734,4854.824072139913,0.3388459423761705,0.6776918847523407
,,greedy_local_search,3167.666805407142,2,exp4:asymmetric:c3.0:t1.5:r011,1.0,3.0,6492.294119784507,,,hardening:asymmetric:r011,4,,,2596.7649651722318,1.0,truthful resolved feasibility,,,2.0,10000.000000000002,Current feasibility,8.0,,0.3588009692769626,0.4562631216897853,0.5583353960978786,0.0,1172.6504581880608,moderate,1172.6504581880608,,0.4328196079856337,4328.196079856337,1172.6504581880608,,,,6.0,,4328.196079856338,0.117265045818806,,40011,"[""L006"", ""L030"", ""R002"", ""R003"", ""R005"", ""R006"", ""R007"", ""R008"", ""C001""]",,,9.0,0.0,1.5,4328.196079856338,asymmetric,3155.545621668277,,5671.803920143662,558.7806564960458,1.0,0.0,48.0,13344.394837125708,4448.131612375239,0.4865184370685859,0.9730368741371713
,,greedy_local_search,3192.8536656157503,2,exp4:asymmetric:c3.0:t1.5:r012,2.0,3.0,3861.396310848911,,,hardening:asymmetric:r012,4,,,2534.1069601806744,1.0,catalog/geography,,,0.0,10000.000000000004,Catalog + geography,6.0,,0.1846463087696006,0.2117146225933555,0.5011773193463298,1615.6066083056216,1313.8176445577042,moderate,-301.7889637479175,,0.2574264207232607,2574.264207232607,-301.7889637479175,,,,5.0,,2574.264207232607,-0.0301788963747917,,40012,"[""R000"", ""R001"", ""R003"", ""R004"", ""R005"", ""C000"", ""C002""]",,,7.0,0.0,1.5,2574.264207232607,asymmetric,2876.053170980525,,7425.735792767393,341.9462107998502,1.0,0.0,48.0,14027.840690417197,4675.946896805734,0.27526662129024154,0.5505332425804829
,,greedy_local_search,3192.8536656157503,2,exp4:asymmetric:c3.0:t1.5:r012,1.0,3.0,6620.282668850628,,,hardening:asymmetric:r012,4,,,2553.9729201698674,1.0,truthful resolved feasibility,,,1.0,10000.000000000004,Current feasibility,8.0,,0.4104452059081483,0.4232464277091496,0.5425779278325306,0.0,1278.2378818919788,moderate,1278.2378818919788,,0.4413521779233753,4413.5217792337535,1278.2378818919788,,,,6.0,,4413.521779233753,0.1278237881891978,,40012,"[""L031"", ""R000"", ""R001"", ""R004"", ""R005"", ""R007"", ""R008"", ""C001""]",,,8.0,0.0,1.5,4413.5217792337535,asymmetric,3135.283897341774,,5586.478220766248,581.3109771719066,1.0,0.0,48.0,13240.565337701257,4413.5217792337535,0.5,1.0
,,greedy_local_search,3215.031053233879,2,exp4:asymmetric:c3.0:t1.5:r013,2.0,3.0,5369.737191497018,,,hardening:asymmetric:r013,4,,,2588.4759249293243,1.0,catalog/geography,,,0.0,9999.999999999998,Catalog + geography,6.0,,0.2959878408548467,0.2989746446838278,0.6007341270455687,781.606334705752,1374.013111948162,moderate,592.40677724241,,0.3579824794331345,3579.8247943313445,592.40677724241,,,,5.0,,3579.8247943313445,0.059240677724241,,40013,"[""R000"", ""R002"", ""R004"", ""R005"", ""R006"", ""C000"", ""C001""]",,,7.0,0.0,1.5,3579.824794331345,asymmetric,2987.4180170889344,,6420.175205668654,398.94209215961007,1.0,0.0,48.0,14105.608475057612,4701.869491685869,0.3806810036583754,0.761362007316751
,,greedy_local_search,3215.031053233879,2,exp4:asymmetric:c3.0:t1.5:r013,1.0,3.0,6579.988053241479,,,hardening:asymmetric:r013,4,,,2628.5305880583546,1.0,truthful resolved feasibility,,,2.0,9999.999999999998,Current feasibility,9.0,,0.3867681646659652,0.4091765186414858,0.6070420729594717,0.0,1221.6910745520572,moderate,1221.6910745520572,,0.4386658702160987,4386.658702160987,1221.6910745520572,,,,6.0,,4386.658702160987,0.1221691074552057,,40013,"[""L016"", ""L035"", ""R000"", ""R001"", ""R002"", ""R004"", ""R005"", ""R008"", ""C001""]",,,9.0,0.0,1.5,4386.658702160987,asymmetric,3164.967627608929,,5613.341297839012,536.4370395505746,1.0,0.0,48.0,13394.214947575096,4464.738315858363,0.4912559697597452,0.982511939519491
,,greedy_local_search,3226.2524599151698,2,exp4:asymmetric:c3.0:t1.5:r014,3.0,3.0,6093.414737867148,,,hardening:asymmetric:r014,4,,,2701.669917587831,1.0,catalog/geography,,,1.0,10000.0,Catalog + geography,5.0,,0.3929130329892374,0.4123083198872879,0.4255443619271788,894.5021318784334,1808.4606227224765,moderate,913.9584908440428,,0.4062276491911433,4062.276491911433,913.9584908440428,,,,3.0,,4062.276491911433,0.0913958490844042,,40014,"[""L010"", ""R000"", ""R003"", ""R008"", ""C000"", ""C001"", ""C002""]",,,7.0,0.0,1.5,4062.276491911433,asymmetric,3148.3180010673896,,5937.723508088567,446.6480834795585,1.0,0.0,48.0,15156.211204478275,5052.0704014927605,0.40204076438752046,0.8040815287750408
,,greedy_local_search,3226.2524599151698,2,exp4:asymmetric:c3.0:t1.5:r014,2.0,3.0,6558.302039579697,,,hardening:asymmetric:r014,4,,,2625.558094913461,1.0,truthful resolved feasibility,,,2.0,10000.0,Current feasibility,8.0,,0.3741026506559705,0.4638260258987767,0.5326741705611062,0.0,1221.2900380319943,moderate,1221.2900380319943,,0.4372201359719798,4372.201359719797,1221.2900380319943,,,,4.0,,4372.201359719797,0.1221290038031994,,40014,"[""L010"", ""L019"", ""R000"", ""R001"", ""R007"", ""R008"", ""C000"", ""C001""]",,,8.0,0.0,1.5,4372.201359719797,asymmetric,3150.911321687803,,5627.798640280201,525.3532267743419,1.0,0.0,48.0,13443.952998404891,4481.317666134966,0.4878254216120684,0.9756508432241361
,,greedy_local_search,3183.9642388539933,2,exp4:asymmetric:c3.0:t1.5:r015,3.0,3.0,5307.165456267627,,,hardening:asymmetric:r015,4,,,2594.7335605177345,1.0,catalog/geography,,,1.0,10000.000000000002,Catalog + geography,6.0,,0.2753772352704219,0.4404727820739307,0.3786290041013803,1403.4960359742854,1922.336418414362,moderate,518.8403824400766,,0.3538110304178417,3538.110304178417,518.8403824400766,,,,3.0,,3538.110304178417,0.0518840382440076,,40015,"[""L008"", ""R000"", ""R002"", ""R003"", ""C000"", ""C001"", ""C002""]",,,7.0,581.6481162216237,1.5,3538.110304178417,asymmetric,3019.2699217383406,,6461.889695821584,424.5363612206062,1.0,0.0,48.0,15296.70137903787,5098.90045967929,0.3469483599608216,0.693896719921643
,,greedy_local_search,3183.9642388539933,2,exp4:asymmetric:c3.0:t1.5:r015,2.0,3.0,7074.900064712936,,,hardening:asymmetric:r015,4,,,2469.131748451091,1.0,truthful resolved feasibility,,,2.0,10000.000000000002,Current feasibility,8.0,,0.4113069089386019,0.540870049419783,0.4863368899745035,0.0,1664.816831623516,moderate,1664.816831623516,,0.4716600043141957,4716.600043141957,1664.816831623516,,,,4.0,,4716.600043141956,0.1664816831623515,,40015,"[""L008"", ""L033"", ""R000"", ""R002"", ""R005"", ""R006"", ""C001"", ""C002""]",,,8.0,0.0,1.5,4716.600043141956,asymmetric,3051.78321151844,,5283.399956858044,582.6514630673493,1.0,0.0,48.0,14387.296963767963,4795.765654589322,0.4917463010967179,0.9834926021934353
,,greedy_local_search,3191.431769562457,2,exp4:asymmetric:c3.0:t1.5:r016,2.0,3.0,6225.621385301149,,,hardening:asymmetric:r016,4,,,2594.595864371223,1.0,catalog/geography,,,0.0,10000.000000000004,Catalog + geography,5.0,,0.3299811588255922,0.4773438885346469,0.4973977161405015,677.5971910689727,1753.1529000740848,moderate,1075.555709005112,,0.4150414256867432,4150.414256867432,1075.555709005112,,,,5.0,,4150.414256867432,0.1075555709005111,,40016,"[""R002"", ""R003"", ""R004"", ""R005"", ""R007"", ""C000"", ""C001""]",,,7.0,0.0,1.5,4150.414256867432,asymmetric,3074.8585478623204,,5849.585743132568,480.2626834910976,1.0,0.0,48.0,14729.392381614232,4909.79746053808,0.42266654482449645,0.8453330896489926
,,greedy_local_search,3191.431769562457,2,exp4:asymmetric:c3.0:t1.5:r016,2.0,3.0,6891.572471198247,,,hardening:asymmetric:r016,4,,,2653.667307103706,1.0,truthful resolved feasibility,,,0.0,10000.000000000004,Current feasibility,6.0,,0.3299811588255922,0.514513635809171,0.654334353709117,0.0,1402.9498779030405,moderate,1402.9498779030405,,0.4594381647465497,4594.381647465498,1402.9498779030405,,,,5.0,,4594.381647465498,0.140294987790304,,40016,"[""R001"", ""R003"", ""R004"", ""R005"", ""R007"", ""C000"", ""C001""]",,,7.0,0.0,1.5,4594.381647465498,asymmetric,3191.431769562457,,5405.618352534502,537.764462458751,1.0,0.0,48.0,14911.051249872566,4970.35041662419,0.46217884679707905,0.9243576935941579
,,greedy_local_search,3139.619133310156,2,exp4:asymmetric:c3.0:t1.5:r017,2.0,3.0,3279.043532142365,,,hardening:asymmetric:r017,4,,,2545.5029683507605,1.0,catalog/geography,,,0.0,9999.999999999998,Catalog + geography,6.0,,0.1776974242003457,0.2359303213427364,0.280317243913555,2304.20688869177,1653.8642784613637,moderate,-650.3426102304065,,0.2186029021428243,2186.029021428243,-650.3426102304065,,,,5.0,,2186.029021428243,-0.0650342610230406,,40017,"[""R001"", ""R002"", ""R003"", ""R005"", ""R007"", ""C000"", ""C002""]",,,7.0,572.1803950378863,1.5,2186.029021428243,asymmetric,2836.3716316586497,,7813.970978571757,290.8686633078894,1.0,0.0,48.0,14204.79577961455,4734.93192653818,0.23084059658556688,0.461681193171134
,,greedy_local_search,3139.619133310156,2,exp4:asymmetric:c3.0:t1.5:r017,1.0,3.0,6152.412769089926,,,hardening:asymmetric:r017,4,,,2426.722840133479,1.0,truthful resolved feasibility,,,3.0,9999.999999999998,Current feasibility,9.0,,0.2848633022194388,0.583849086461802,0.388125925061418,0.0,1098.324346259029,moderate,1098.324346259029,,0.4101608512726618,4101.608512726618,1098.324346259029,,,,5.0,,4101.608512726618,0.1098324346259029,,40017,"[""L004"", ""L015"", ""L033"", ""R000"", ""R001"", ""R002"", ""R004"", ""R005"", ""C001""]",,,9.0,0.0,1.5,4101.608512726617,asymmetric,3003.284166467589,,5898.391487273382,576.5613263341099,1.0,0.0,48.0,12664.736745891418,4221.578915297137,0.48579081370055616,0.9715816274011128
,,greedy_local_search,3122.2820399652,2,exp4:asymmetric:c3.0:t1.5:r018,3.0,3.0,4274.507505327472,,,hardening:asymmetric:r018,4,,,2545.701249915835,1.0,catalog/geography,,,1.0,10000.000000000002,Catalog + geography,3.0,,0.4049774966740695,0.250117781452086,0.0759303500513505,2005.5601809037955,1980.1704082717376,moderate,-25.38977263205743,,0.2849671670218315,2849.671670218316,-25.38977263205743,,,,3.0,,2849.6716702183157,-0.0025389772632057,,40018,"[""L028"", ""R001"", ""R004"", ""R005"", ""C000"", ""C001"", ""C002""]",,,7.0,0.0,1.5,2849.671670218315,asymmetric,2875.0614428503727,,7150.328329781686,329.3601929345376,1.0,0.0,48.0,15783.033472913357,5261.011157637785,0.2708292745284567,0.5416585490569134
,,greedy_local_search,3122.2820399652,2,exp4:asymmetric:c3.0:t1.5:r018,2.0,3.0,5940.813512071258,,,hardening:asymmetric:r018,4,,,2520.081088694986,1.0,truthful resolved feasibility,,,2.0,10000.000000000002,Current feasibility,7.0,,0.4280727700844169,0.4041245434103573,0.3098894870323554,0.0,940.5904995714408,moderate,940.5904995714408,,0.3960542341380838,3960.5423413808394,940.5904995714408,,,,4.0,,3960.5423413808394,0.094059049957144,,40018,"[""L001"", ""L019"", ""R001"", ""R006"", ""R007"", ""R008"", ""C000"", ""C001""]",,,8.0,0.0,1.5,3960.5423413808394,asymmetric,3019.9518418093976,,6039.457658619163,499.8707531144108,1.0,0.0,48.0,14384.997284329515,4794.9990947765045,0.4129867663265367,0.8259735326530736
,,greedy_local_search,3154.233279599062,2,exp4:asymmetric:c3.0:t1.5:r019,2.0,3.0,5108.170336683939,,,hardening:asymmetric:r019,4,,,2588.0619366434757,1.0,catalog/geography,,,0.0,9999.999999999998,Catalog + geography,5.0,,0.2667158477725408,0.3544380141342596,0.4823462633381418,1078.2592187984324,1491.902818510965,moderate,413.6435997125327,,0.3405446891122625,3405.4468911226254,413.6435997125327,,,,5.0,,3405.4468911226254,0.0413643599712532,,40019,"[""R000"", ""R001"", ""R003"", ""R004"", ""R007"", ""C000"", ""C001""]",,,7.0,0.0,1.5,3405.446891122626,asymmetric,2991.8032914100927,,6594.553108877373,403.7413547666174,1.0,0.0,48.0,14682.589890478514,4894.196630159504,0.3479066278352246,0.6958132556704492
,,greedy_local_search,3154.233279599062,2,exp4:asymmetric:c3.0:t1.5:r019,0.0,3.0,6014.740901913361,,,hardening:asymmetric:r019,4,,,2571.954040469791,1.0,truthful resolved feasibility,,,3.0,9999.999999999998,Current feasibility,10.0,,0.4157280219172227,0.3162476181641392,0.5160922528701261,0.0,886.3796288652384,moderate,886.3796288652384,,0.4009827267942241,4009.8272679422407,886.3796288652384,,,,7.0,,4009.8272679422416,0.0886379628865238,,40019,"[""L020"", ""L025"", ""L031"", ""R000"", ""R001"", ""R002"", ""R003"", ""R004"", ""R007"", ""R008""]",,,10.0,0.0,1.5,4009.827267942241,asymmetric,3123.4476390770037,,5990.172732057758,551.4935986072123,1.0,0.0,48.0,12029.481803826726,4009.827267942241,0.49999999999999983,1.0
,,greedy_local_search,3178.14460467704,2,exp4:asymmetric:c3.0:t3.0:r000,1.0,3.0,5172.777156356651,,,hardening:asymmetric:r000,4,,,2174.2907608632395,1.0,catalog/geography,,,1.0,9999.999999999996,Catalog + geography,5.0,,0.2886708383618498,0.354504366513033,0.4543670244069139,3703.1315134576703,4508.134819468932,moderate,805.0033060112614,,0.3448518104237768,3448.518104237768,805.0033060112614,,,,5.0,,3448.518104237768,0.0805003306011261,,40000,"[""L034"", ""R003"", ""R004"", ""R005"", ""R007"", ""R008"", ""C000""]",,,7.0,292.84073585513823,3.0,3448.518104237768,asymmetric,2643.514798226506,,6551.481895762232,469.2240373632672,1.0,0.0,48.0,11504.882356807577,7669.921571205046,0.44961582360691044,0.44961582360691077
,,greedy_local_search,3178.14460467704,2,exp4:asymmetric:c3.0:t3.0:r000,1.0,3.0,10997.494394956517,,,hardening:asymmetric:r000,4,,,2271.046118195515,1.0,truthful resolved feasibility,,,0.0,9999.999999999996,Current feasibility,7.0,,0.5944647980226283,0.7953206643022851,0.9364745069055932,0.0,4153.518325293971,moderate,4153.518325293971,,0.7331662929971011,7331.662929971011,4153.518325293971,,,,6.0,,7331.662929971011,0.4153518325293973,,40000,"[""R000"", ""R001"", ""R002"", ""R003"", ""R004"", ""R007"", ""C001""]",,,7.0,0.0,3.0,7331.662929971012,asymmetric,3178.14460467704,,2668.3370700289884,907.0984864815246,1.0,0.0,48.0,11658.256080344394,7772.170720229592,0.9433224248263075,0.9433224248263081
,,greedy_local_search,3160.754947153236,2,exp4:asymmetric:c3.0:t3.0:r001,1.0,3.0,9938.544969478782,,,hardening:asymmetric:r001,4,,,2143.416965055161,1.0,catalog/geography,,,1.0,10000.0,Catalog + geography,7.0,,0.6119959030927409,0.7083369671867242,0.6962678486241597,379.985079468292,3936.940444628008,moderate,3556.955365159716,,0.6625696646319188,6625.696646319188,3556.955365159716,,,,5.0,,6625.696646319188,0.3556955365159716,,40001,"[""L011"", ""R000"", ""R001"", ""R002"", ""R004"", ""R007"", ""C001""]",,,7.0,0.0,3.0,6625.696646319188,asymmetric,3068.741281159472,,3374.303353680811,925.3243161043106,1.0,0.0,48.0,10886.02000967563,7257.3466731170865,0.9129640548745344,0.9129640548745346
,,greedy_local_search,3160.754947153236,2,exp4:asymmetric:c3.0:t3.0:r001,1.0,3.0,10538.628970762094,,,hardening:asymmetric:r001,4,,,2165.52113239564,1.0,truthful resolved feasibility,,,1.0,10000.0,Current feasibility,7.0,,0.6053168675693755,0.8013009113760875,0.7486367766481167,0.0,3864.997700021494,moderate,3864.997700021494,,0.702575264717473,7025.75264717473,3864.997700021494,,,,5.0,,7025.75264717473,0.3864997700021494,,40001,"[""L011"", ""R000"", ""R001"", ""R002"", ""R004"", ""R005"", ""C001""]",,,7.0,0.0,3.0,7025.75264717473,asymmetric,3160.754947153236,,2974.24735282527,995.2338147575958,1.0,0.0,48.0,10917.364745316107,7278.243163544072,0.965308864969772,0.9653088649697719
,,greedy_local_search,3133.056593146416,2,exp4:asymmetric:c3.0:t3.0:r002,1.0,3.0,8556.141982121122,,,hardening:asymmetric:r002,4,,,2169.472168943132,1.0,catalog/geography,,,1.0,10000.000000000002,Catalog + geography,6.0,,0.4568909918758582,0.7086426629927103,0.5839179354157831,1584.0534053511465,4409.993027851029,moderate,2825.9396224998827,,0.5704094654747414,5704.094654747415,2825.9396224998827,,,,5.0,,5704.094654747414,0.2825939622499882,,40002,"[""L019"", ""R000"", ""R003"", ""R006"", ""R007"", ""R008"", ""C001""]",,,7.0,137.6393948798095,3.0,5704.094654747414,asymmetric,2878.1550322475314,,4295.905345252588,708.6828633043995,1.0,0.0,48.0,11305.501021901633,7537.000681267756,0.7568122779827003,0.7568122779827002
,,greedy_local_search,3133.056593146416,2,exp4:asymmetric:c3.0:t3.0:r002,0.0,3.0,10068.542879483275,,,hardening:asymmetric:r002,4,,,2061.8694942355783,1.0,truthful resolved feasibility,,,4.0,10000.000000000002,Current feasibility,9.0,,0.4502413531544603,0.8617393154200376,0.835094113245157,0.0,3638.5224714329615,moderate,3638.5224714329615,,0.6712361919655517,6712.361919655518,3638.5224714329615,,,,5.0,,6712.361919655518,0.3638522471432961,,40002,"[""L015"", ""L020"", ""L027"", ""L032"", ""R000"", ""R003"", ""R004"", ""R005"", ""R007""]",,,9.0,0.0,3.0,6712.361919655517,asymmetric,3073.8394482225567,,3287.638080344484,1011.9699539869786,1.0,0.0,48.0,10068.542879483277,6712.361919655518,0.9999999999999998,0.9999999999999999
,,greedy_local_search,3160.085619378712,2,exp4:asymmetric:c3.0:t3.0:r003,1.0,3.0,6739.400596931315,,,hardening:asymmetric:r003,4,,,2088.4483428009967,1.0,catalog/geography,,,1.0,10000.000000000002,Catalog + geography,5.0,,0.4818405305430539,0.2415019683901649,0.7396972272391116,2689.892489259972,4483.348386380935,moderate,1793.4558971209635,,0.4492933731287543,4492.933731287543,1793.4558971209635,,,,5.0,,4492.933731287543,0.1793455897120963,,40003,"[""L006"", ""R000"", ""R001"", ""R002"", ""R005"", ""R006"", ""C000""]",,,7.0,0.0,3.0,4492.933731287543,asymmetric,2699.47783416658,,5507.066268712457,611.0294913655832,1.0,0.0,48.0,11277.63987048175,7518.4265803211665,0.5975896264049995,0.5975896264049995
,,greedy_local_search,3160.085619378712,2,exp4:asymmetric:c3.0:t3.0:r003,1.0,3.0,10226.63726042018,,,hardening:asymmetric:r003,4,,,2246.029614048444,1.0,truthful resolved feasibility,,,3.0,10000.000000000002,Current feasibility,8.0,,0.5388648362336005,0.7895093234762054,0.8147918891977666,0.0,3657.672554234742,moderate,3657.672554234742,,0.6817758173613454,6817.758173613454,3657.672554234742,,,,4.0,,6817.758173613454,0.3657672554234741,,40003,"[""L002"", ""L006"", ""L033"", ""R001"", ""R003"", ""R004"", ""R006"", ""C001""]",,,8.0,0.0,3.0,6817.758173613454,asymmetric,3160.085619378712,,3182.2418263865457,914.0560053302686,1.0,0.0,48.0,10934.071321950476,7289.380881300318,0.9353000322843971,0.9353000322843971
,,greedy_local_search,3189.1083616392616,2,exp4:asymmetric:c3.0:t3.0:r004,2.0,3.0,7444.228120068567,,,hardening:asymmetric:r004,4,,,2094.837802538344,1.0,catalog/geography,,,1.0,9999.999999999998,Catalog + geography,6.0,,0.4593242794529802,0.5023547353368265,0.5688089577475368,2469.097075696935,4678.9986010655375,moderate,2209.9015253686025,,0.4962818746712377,4962.818746712377,2209.9015253686025,,,,3.0,,4962.818746712378,0.2209901525368603,,40004,"[""L009"", ""R000"", ""R003"", ""R008"", ""C000"", ""C001""]",,,6.0,0.0,3.0,4962.818746712378,asymmetric,2752.9172213437755,,5037.181253287621,658.0794188054319,1.0,0.0,48.0,11835.882219849194,7890.588146566131,0.6289542242642743,0.6289542242642742
,,greedy_local_search,3189.1083616392616,2,exp4:asymmetric:c3.0:t3.0:r004,1.0,3.0,10391.572537573262,,,hardening:asymmetric:r004,4,,,2117.1375911946925,1.0,truthful resolved feasibility,,,1.0,9999.999999999998,Current feasibility,7.0,,0.5871578080644235,0.7659660607419289,0.8023118380810922,0.0,3851.953969751556,moderate,3851.953969751556,,0.6927715025048842,6927.715025048841,3851.953969751556,,,,5.0,,6927.715025048841,0.3851953969751557,,40004,"[""L009"", ""R000"", ""R003"", ""R005"", ""R006"", ""R007"", ""C001""]",,,7.0,0.0,3.0,6927.715025048841,asymmetric,3075.761055297285,,3072.284974951159,958.6234641025926,1.0,0.0,48.0,10964.326817516816,7309.551211677877,0.9477620204618025,0.9477620204618025
,,greedy_local_search,3216.051041216963,2,exp4:asymmetric:c3.0:t3.0:r005,1.0,3.0,8856.462329472453,,,hardening:asymmetric:r005,4,,,2172.0228448809976,1.0,catalog/geography,,,1.0,10000.0,Catalog + geography,4.0,,0.6520645129156134,0.5079956667912923,0.5960165388792592,1770.715407757647,4735.318709469071,moderate,2964.603301711424,,0.5904308219648302,5904.308219648302,2964.603301711424,,,,5.0,,5904.308219648303,0.2964603301711424,,40005,"[""L034"", ""R002"", ""R003"", ""R004"", ""R007"", ""R008"", ""C001""]",,,7.0,139.60129188633334,3.0,5904.308219648303,asymmetric,2939.7049179368787,,4095.691780351699,767.6820730558812,1.0,0.0,48.0,11923.559656322763,7949.039770881842,0.7427699935879547,0.7427699935879547
,,greedy_local_search,3216.051041216963,2,exp4:asymmetric:c3.0:t3.0:r005,1.0,3.0,10366.538389072031,,,hardening:asymmetric:r005,4,,,2184.1046412451665,1.0,truthful resolved feasibility,,,3.0,10000.0,Current feasibility,8.0,,0.8759982927760069,0.4349061169523495,0.723430932944716,0.0,3720.5743493452464,moderate,3720.5743493452464,,0.6911025592714688,6911.025592714688,3720.5743493452464,,,,4.0,,6911.025592714688,0.3720574349345246,,40005,"[""L019"", ""L022"", ""L025"", ""R000"", ""R003"", ""R004"", ""R005"", ""C001""]",,,8.0,0.0,3.0,6911.025592714687,asymmetric,3190.4512433694417,,3088.974407285313,1006.346602124275,1.0,0.0,48.0,11226.113465484264,7484.075643656178,0.9234307510738176,0.9234307510738173
,,greedy_local_search,3105.939528570514,2,exp4:asymmetric:c3.0:t3.0:r006,1.0,3.0,6713.27436061383,,,hardening:asymmetric:r006,4,,,2080.5534542492114,1.0,catalog/geography,,,1.0,9999.999999999998,Catalog + geography,4.0,,0.3702483093477305,0.5483223624415992,0.4451352898994177,2687.5323623829463,4463.230484101387,moderate,1775.6981217184411,,0.4475516240409219,4475.51624040922,1775.6981217184411,,,,5.0,,4475.516240409219,0.1775698121718441,,40006,"[""L035"", ""R002"", ""R003"", ""R004"", ""R005"", ""R007"", ""C002""]",,,7.0,0.0,3.0,4475.51624040922,asymmetric,2699.8181186907777,,5524.483759590779,619.2646644415661,1.0,0.0,48.0,11252.669808194252,7501.7798721295,0.5965939172697655,0.5965939172697656
,,greedy_local_search,3105.939528570514,2,exp4:asymmetric:c3.0:t3.0:r006,1.0,3.0,10298.893468524184,,,hardening:asymmetric:r006,4,,,2122.407584483948,1.0,truthful resolved feasibility,,,5.0,9999.999999999998,Current feasibility,9.0,,0.619960730620771,0.8328300899398393,0.5806001882166087,0.0,3801.502329381234,moderate,3801.502329381234,,0.6865928979016124,6865.928979016124,3801.502329381234,,,,3.0,,6865.928979016124,0.3801502329381235,,40006,"[""L013"", ""L014"", ""L016"", ""L021"", ""L033"", ""R002"", ""R004"", ""R008"", ""C001""]",,,9.0,0.0,3.0,6865.928979016124,asymmetric,3064.4266496348896,,3134.0710209838758,942.0190651509416,1.0,0.0,48.0,10772.789797945768,7181.859865297178,0.9560098787491472,0.9560098787491476
,,greedy_local_search,3145.357852427541,2,exp4:asymmetric:c3.0:t3.0:r007,0.0,3.0,9339.67772816294,,,hardening:asymmetric:r007,4,,,2147.9652626082698,1.0,catalog/geography,,,2.0,9999.999999999998,Catalog + geography,8.0,,0.4685032332576047,0.9004001036939955,0.4833934530935437,679.3058854549472,3874.1682354020186,moderate,3194.8623499470714,,0.6226451818775294,6226.451818775294,3194.8623499470714,,,,6.0,,6226.451818775294,0.3194862349947072,,40007,"[""L013"", ""L017"", ""R000"", ""R001"", ""R003"", ""R004"", ""R006"", ""R007""]",,,8.0,0.0,3.0,6226.451818775294,asymmetric,3031.5894688282224,,3773.548181224706,883.6242062199526,1.0,0.0,48.0,10487.742757752412,6991.828505168273,0.8905326860023491,0.8905326860023494
,,greedy_local_search,3145.357852427541,2,exp4:asymmetric:c3.0:t3.0:r007,1.0,3.0,10536.420204283171,,,hardening:asymmetric:r007,4,,,2216.453816728647,1.0,truthful resolved feasibility,,,3.0,9999.999999999998,Current feasibility,7.0,,0.610385404539123,0.7495772784631687,0.8270126705708188,0.0,3878.9222837612415,moderate,3878.9222837612415,,0.7024280136188782,7024.280136188782,3878.9222837612415,,,,4.0,,7024.280136188782,0.3878922283761242,,40007,"[""L005"", ""L007"", ""L029"", ""R001"", ""R003"", ""R004"", ""R007"", ""C001""]",,,8.0,0.0,3.0,7024.280136188781,asymmetric,3145.357852427541,,2975.7198638112177,928.904035698894,1.0,0.0,48.0,11018.340440203358,7345.560293468903,0.9562619943960189,0.9562619943960192
,,greedy_local_search,3186.473778113356,2,exp4:asymmetric:c3.0:t3.0:r008,2.0,3.0,6850.406411512868,,,hardening:asymmetric:r008,4,,,2265.27416526577,1.0,catalog/geography,,,1.0,9999.999999999998,Catalog + geography,3.0,,0.425102982567057,0.3496048540159335,0.7151785985338609,2757.136876601859,4520.929838231186,moderate,1763.7929616293272,,0.4566937607675246,4566.937607675245,1763.7929616293272,,,,3.0,,4566.937607675245,0.1763792961629327,,40008,"[""L018"", ""R002"", ""R006"", ""R007"", ""C001"", ""C002""]",,,6.0,589.5666448259198,3.0,4566.937607675245,asymmetric,2803.144646045918,,5433.062392324754,537.8704807801477,1.0,0.0,48.0,11768.429683557606,7845.619789038405,0.5821002967867489,0.5821002967867488
,,greedy_local_search,3186.473778113356,2,exp4:asymmetric:c3.0:t3.0:r008,1.0,3.0,9561.852735021988,,,hardening:asymmetric:r008,4,,,2183.3163299713306,1.0,truthful resolved feasibility,,,4.0,9999.999999999998,Current feasibility,6.0,,0.6975049913631356,0.480730243327907,0.7766200886164377,0.0,3321.8037107200275,moderate,3321.8037107200275,,0.637456849001466,6374.56849001466,3321.8037107200275,,,,3.0,,6374.568490014659,0.3321803710720028,,40008,"[""L008"", ""L019"", ""L021"", ""L030"", ""R001"", ""R004"", ""R008"", ""C001""]",,,8.0,0.0,3.0,6374.56849001466,asymmetric,3052.764779294632,,3625.43150998534,869.4484493233008,1.0,0.0,48.0,10464.175263191824,6976.1168421278835,0.9137703158180279,0.9137703158180279
,,greedy_local_search,3182.8115459264554,2,exp4:asymmetric:c3.0:t3.0:r009,0.0,3.0,9337.958563227396,,,hardening:asymmetric:r009,4,,,2174.1838911869368,1.0,catalog/geography,,,5.0,10000.0,Catalog + geography,10.0,,0.6490101858556991,0.5703239900451155,0.6543129536548572,481.3482740163304,3588.502958741286,moderate,3107.154684724956,,0.6225305708818265,6225.305708818265,3107.154684724956,,,,5.0,,6225.305708818265,0.3107154684724955,,40009,"[""L004"", ""L006"", ""L007"", ""L010"", ""L018"", ""R000"", ""R001"", ""R003"", ""R005"", ""R007""]",,,10.0,0.0,3.0,6225.305708818265,asymmetric,3118.1510240933094,,3774.694291181735,943.9671329063726,1.0,0.0,48.0,10200.68181803695,6800.454545357968,0.9154249421559176,0.9154249421559176
,,greedy_local_search,3182.8115459264554,2,exp4:asymmetric:c3.0:t3.0:r009,1.0,3.0,11105.061159351888,,,hardening:asymmetric:r009,4,,,2154.333331688701,1.0,truthful resolved feasibility,,,1.0,10000.0,Current feasibility,7.0,,0.6236401729604041,0.9192597128141592,0.6897921665316082,0.0,4270.035273199587,moderate,4270.035273199587,,0.7403374106234593,7403.374106234593,4270.035273199587,,,,5.0,,7403.374106234593,0.4270035273199587,,40009,"[""L014"", ""R001"", ""R003"", ""R004"", ""R005"", ""R007"", ""C001""]",,,7.0,0.0,3.0,7403.374106234593,asymmetric,3133.3388330350053,,2596.625893765408,979.0055013463044,1.0,0.0,48.0,11311.693077194626,7541.128718129749,0.9817328921114977,0.9817328921114981
,,greedy_local_search,3145.9474472763204,2,exp4:asymmetric:c3.0:t3.0:r010,1.0,3.0,7722.427258145599,,,hardening:asymmetric:r010,4,,,2041.100807223624,1.0,catalog/geography,,,1.0,10000.0,Catalog + geography,6.0,,0.578536097565638,0.1650358163507213,0.9836235212454184,2698.303723825576,5057.999789575913,moderate,2359.6960657503378,,0.5148284838763731,5148.284838763732,2359.6960657503378,,,,5.0,,5148.284838763731,0.2359696065750337,,40010,"[""L034"", ""R001"", ""R004"", ""R005"", ""R006"", ""R007"", ""C002""]",,,7.0,0.0,3.0,5148.284838763732,asymmetric,2788.5887730133936,,4851.715161236269,747.4879657897694,1.0,0.0,48.0,12191.740827431106,8127.827218287404,0.6334146507421101,0.6334146507421101
,,greedy_local_search,3145.9474472763204,2,exp4:asymmetric:c3.0:t3.0:r010,1.0,3.0,10847.580530429104,,,hardening:asymmetric:r010,4,,,2070.1653555522826,1.0,truthful resolved feasibility,,,3.0,10000.0,Current feasibility,7.0,,0.8110781102980829,0.4943016626430104,0.925906519013746,0.0,4161.320733373571,moderate,4161.320733373571,,0.72317203536194,7231.720353619401,4161.320733373571,,,,4.0,,7231.720353619402,0.4161320733373571,,40010,"[""L009"", ""L014"", ""L015"", ""R001"", ""R004"", ""R005"", ""R007"", ""C001""]",,,8.0,0.0,3.0,7231.720353619402,asymmetric,3070.399620245831,,2768.279646380599,1000.2342646935488,1.0,0.0,48.0,11981.506069794304,7987.670713196203,0.9053603501296171,0.905360350129617
,,greedy_local_search,3167.666805407142,2,exp4:asymmetric:c3.0:t3.0:r011,1.0,3.0,7411.411935064933,,,hardening:asymmetric:r011,4,,,2140.5570008648974,1.0,catalog/geography,,,1.0,10000.000000000002,Catalog + geography,5.0,,0.5306188242063471,0.3652657890994947,0.6373631596332473,2401.682685430716,4466.926626008854,moderate,2065.2439405781383,,0.4940941290043287,4940.941290043287,2065.2439405781383,,,,5.0,,4940.941290043288,0.2065243940578138,,40011,"[""L006"", ""R002"", ""R003"", ""R004"", ""R006"", ""R008"", ""C002""]",,,7.0,564.461798066436,3.0,4940.941290043287,asymmetric,2875.6973494651497,,5059.058709956711,735.1403486002523,1.0,0.0,48.0,12168.307374468543,8112.204916312367,0.6090750099406188,0.6090750099406183
,,greedy_local_search,3167.666805407142,2,exp4:asymmetric:c3.0:t3.0:r011,1.0,3.0,10805.395881633196,,,hardening:asymmetric:r011,4,,,2162.877545952941,1.0,truthful resolved feasibility,,,3.0,10000.000000000002,Current feasibility,7.0,,0.7239677437969267,0.6116606385632997,0.9024650861822052,0.0,4092.931641860543,moderate,4092.931641860543,,0.7203597254422129,7203.5972544221295,4092.931641860543,,,,4.0,,7203.597254422131,0.4092931641860542,,40011,"[""L006"", ""L015"", ""L030"", ""R002"", ""R003"", ""R006"", ""R008"", ""C001""]",,,8.0,0.0,3.0,7203.59725442213,asymmetric,3110.665612561588,,2796.402745577869,947.7880666086472,1.0,0.0,48.0,11162.37778173627,7441.585187824184,0.9680191884665325,0.9680191884665319
,,greedy_local_search,3192.8536656157503,2,exp4:asymmetric:c3.0:t3.0:r012,1.0,3.0,7232.702074367342,,,hardening:asymmetric:r012,4,,,2158.788176370684,1.0,catalog/geography,,,1.0,10000.000000000004,Catalog + geography,6.0,,0.3575849670910042,0.3805566751697984,0.9403603339538736,2260.02944381968,4252.464184227476,moderate,1992.434740407796,,0.4821801382911561,4821.801382911561,1992.434740407796,,,,5.0,,4821.801382911561,0.1992434740407795,,40012,"[""L015"", ""R000"", ""R001"", ""R003"", ""R004"", ""R005"", ""C000""]",,,7.0,0.0,3.0,4821.801382911562,asymmetric,2829.366642503765,,5178.198617088439,670.5784661330808,1.0,0.0,48.0,11097.971847412407,7398.647898274942,0.6517138603170733,0.651713860317073
,,greedy_local_search,3192.8536656157503,2,exp4:asymmetric:c3.0:t3.0:r012,1.0,3.0,11093.126235010855,,,hardening:asymmetric:r012,4,,,2134.336376379076,1.0,truthful resolved feasibility,,,0.0,10000.000000000004,Current feasibility,6.0,,0.7627640374778427,0.6864043886475281,0.7802819805452986,0.0,4305.554019179846,moderate,4305.554019179846,,0.7395417490007237,7395.417490007237,4305.554019179846,,,,5.0,,7395.417490007237,0.4305554019179844,,40012,"[""R000"", ""R004"", ""R005"", ""R007"", ""R008"", ""C001""]",,,6.0,0.0,3.0,7395.417490007238,asymmetric,3089.86347082739,,2604.582509992764,955.5270944483142,1.0,0.0,48.0,11131.194464532828,7420.796309688552,0.9965800409252332,0.9965800409252332
,,greedy_local_search,3215.031053233879,2,exp4:asymmetric:c3.0:t3.0:r013,1.0,3.0,9998.280596497583,,,hardening:asymmetric:r013,4,,,2290.8270834788004,1.0,catalog/geography,,,0.0,9999.999999999998,Catalog + geography,6.0,,0.5965879704558281,0.672083847544269,0.8142905321044449,1083.2821490072192,4695.443764852921,moderate,3612.161615845702,,0.6665520397665059,6665.520397665057,3612.161615845702,,,,6.0,,6665.520397665056,0.3612161615845702,,40013,"[""R001"", ""R002"", ""R004"", ""R005"", ""R006"", ""R008"", ""C001""]",,,7.0,0.0,3.0,6665.520397665057,asymmetric,3053.3587818193546,,3334.479602334941,762.5316983405539,1.0,0.0,48.0,11855.389291933676,7903.592861289115,0.8433532084265123,0.8433532084265127
,,greedy_local_search,3215.031053233879,2,exp4:asymmetric:c3.0:t3.0:r013,1.0,3.0,11144.492598983215,,,hardening:asymmetric:r013,4,,,2173.1787127856146,1.0,truthful resolved feasibility,,,3.0,9999.999999999998,Current feasibility,8.0,,0.6596473782334015,0.8093335618275094,0.8142905321044449,0.0,4304.583354686445,moderate,4304.583354686445,,0.7429661732655479,7429.661732655478,4304.583354686445,,,,4.0,,7429.661732655478,0.4304583354686446,,40013,"[""L015"", ""L016"", ""L032"", ""R001"", ""R002"", ""R004"", ""R005"", ""C001""]",,,8.0,0.0,3.0,7429.661732655479,asymmetric,3125.0783779690323,,2570.3382673445203,951.8996651834176,1.0,0.0,48.0,11144.49259898322,7429.661732655479,0.9999999999999996,1.0
,,greedy_local_search,3226.2524599151698,2,exp4:asymmetric:c3.0:t3.0:r014,2.0,3.0,7845.565897245131,,,hardening:asymmetric:r014,4,,,2327.4899184834694,1.0,catalog/geography,,,0.0,10000.0,Catalog + geography,3.0,,0.5560820837126176,0.4734275217549368,0.5355057809905153,2895.430523062577,5223.42056378581,moderate,2327.990040723233,,0.5230377264830088,5230.377264830087,2327.990040723233,,,,4.0,,5230.377264830087,0.2327990040723233,,40014,"[""R000"", ""R003"", ""R006"", ""R008"", ""C001"", ""C002""]",,,6.0,0.0,3.0,5230.377264830087,asymmetric,2902.387224106854,,4769.622735169912,574.8973056233847,1.0,0.0,48.0,12842.595120592832,8561.730080395226,0.6109019106788574,0.610901910678857
,,greedy_local_search,3226.2524599151698,2,exp4:asymmetric:c3.0:t3.0:r014,1.0,3.0,10942.351292608151,,,hardening:asymmetric:r014,4,,,2274.637663991773,1.0,truthful resolved feasibility,,,1.0,10000.0,Current feasibility,7.0,,0.8009708537714125,0.6552581151967247,0.6985643082894393,0.0,4077.1058173742767,moderate,4077.1058173742767,,0.7294900861738771,7294.90086173877,4077.1058173742767,,,,5.0,,7294.90086173877,0.4077105817374277,,40014,"[""L010"", ""R000"", ""R001"", ""R004"", ""R007"", ""R008"", ""C001""]",,,7.0,0.0,3.0,7294.90086173877,asymmetric,3217.795044364493,,2705.099138261229,943.1573803727196,1.0,0.0,48.0,11269.70021185366,7513.133474569108,0.9709531830402021,0.9709531830402022
,,greedy_local_search,3183.9642388539933,2,exp4:asymmetric:c3.0:t3.0:r015,3.0,3.0,7098.958638572491,,,hardening:asymmetric:r015,4,,,2173.0990605445263,1.0,catalog/geography,,,0.0,10000.000000000002,Catalog + geography,3.0,,0.4374843179275484,0.52577163667623,0.4618794666704434,3141.094394246206,5172.884739008763,moderate,2031.7903447625567,,0.4732639092381659,4732.63909238166,2031.7903447625567,,,,2.0,,4732.639092381661,0.2031790344762556,,40015,"[""R000"", ""R002"", ""C000"", ""C001"", ""C002""]",,,5.0,581.6481162216237,3.0,4732.639092381661,asymmetric,2700.8487476191035,,5267.36090761834,527.7496870745772,1.0,0.0,48.0,13015.736059505607,8677.15737300374,0.5454135368232212,0.5454135368232212
,,greedy_local_search,3183.9642388539933,2,exp4:asymmetric:c3.0:t3.0:r015,1.0,3.0,11138.784995425724,,,hardening:asymmetric:r015,4,,,2179.870987632576,1.0,truthful resolved feasibility,,,3.0,10000.000000000002,Current feasibility,8.0,,0.7973220338159592,0.6893378946631866,0.7126124400620905,0.0,4255.675587277546,moderate,4255.675587277546,,0.7425856663617152,7425.856663617152,4255.675587277546,,,,4.0,,7425.856663617153,0.4255675587277545,,40015,"[""L008"", ""L027"", ""L033"", ""R002"", ""R005"", ""R006"", ""R007"", ""C001""]",,,8.0,0.0,3.0,7425.856663617152,asymmetric,3170.181076339607,,2574.143336382849,990.3100887070312,1.0,0.0,48.0,11138.784995425729,7425.856663617153,0.9999999999999996,0.9999999999999999
,,greedy_local_search,3191.431769562457,2,exp4:asymmetric:c3.0:t3.0:r016,2.0,3.0,10113.728062877144,,,hardening:asymmetric:r016,4,,,2256.7519678464755,1.0,catalog/geography,,,0.0,10000.000000000004,Catalog + geography,4.0,,0.5249463823511251,0.8172904352725948,0.759855065608642,1064.5568370768742,4801.046822882618,moderate,3736.4899858057433,,0.674248537525143,6742.48537525143,3736.4899858057433,,,,4.0,,6742.48537525143,0.3736489985805742,,40016,"[""R002"", ""R004"", ""R007"", ""R008"", ""C000"", ""C001""]",,,6.0,0.0,3.0,6742.48537525143,asymmetric,3005.9953894456867,,3257.514624748572,749.2434215992114,1.0,0.0,48.0,13109.057756708538,8739.371837805695,0.7715068657548221,0.771506865754822
,,greedy_local_search,3191.431769562457,2,exp4:asymmetric:c3.0:t3.0:r016,2.0,3.0,11813.964429839998,,,hardening:asymmetric:r016,4,,,2262.9038306797256,1.0,truthful resolved feasibility,,,2.0,10000.000000000004,Current feasibility,6.0,,0.6486817379886003,0.9271743870833568,0.8558990554097742,0.0,4684.746044583156,moderate,4684.746044583156,,0.7875976286559998,7875.976286559998,4684.746044583156,,,,3.0,,7875.97628656,0.4684746044583154,,40016,"[""L008"", ""L030"", ""R001"", ""R004"", ""R007"", ""C000"", ""C001""]",,,7.0,0.0,3.0,7875.976286559999,asymmetric,3191.230241976844,,2124.0237134400013,928.3264112971182,1.0,0.0,48.0,12925.998742032276,8617.332494688188,0.9139691768206502,0.9139691768206497
,,greedy_local_search,3139.619133310156,2,exp4:asymmetric:c3.0:t3.0:r017,2.0,3.0,4327.398568983868,,,hardening:asymmetric:r017,4,,,2221.99914510786,1.0,catalog/geography,,,0.0,9999.999999999998,Catalog + geography,5.0,,0.2380493557997995,0.3646373534151543,0.2687397706352206,4753.722319475218,5016.151786005245,moderate,262.42946653002764,,0.2884932379322579,2884.932379322579,262.42946653002764,,,,4.0,,2884.9323793225785,0.0262429466530027,,40017,"[""R001"", ""R003"", ""R005"", ""R007"", ""C000"", ""C002""]",,,6.0,572.1803950378863,3.0,2884.932379322579,asymmetric,2622.502912792551,,7115.067620677421,400.5037676846909,1.0,0.0,48.0,12687.830649185129,8458.553766123416,0.34106686072940245,0.3410668607294026
,,greedy_local_search,3139.619133310156,2,exp4:asymmetric:c3.0:t3.0:r017,1.0,3.0,10632.063532210985,,,hardening:asymmetric:r017,4,,,2118.5012983161887,1.0,truthful resolved feasibility,,,3.0,9999.999999999998,Current feasibility,8.0,,0.5470295543785172,0.920389969464476,0.7025222334891655,0.0,3960.8367907007873,moderate,3960.8367907007873,,0.7088042354807323,7088.042354807323,3960.8367907007873,,,,4.0,,7088.042354807323,0.3960836790700788,,40017,"[""L006"", ""L015"", ""L027"", ""R001"", ""R002"", ""R004"", ""R005"", ""C001""]",,,8.0,0.0,3.0,7088.042354807323,asymmetric,3127.205564106536,,2911.957645192676,1008.704265790347,1.0,0.0,48.0,11218.001039951958,7478.667359967969,0.9477681000693255,0.9477681000693259
,,greedy_local_search,3122.2820399652,2,exp4:asymmetric:c3.0:t3.0:r018,2.0,3.0,6333.688687853467,,,hardening:asymmetric:r018,4,,,2160.8569018343205,1.0,catalog/geography,,,2.0,10000.000000000002,Catalog + geography,4.0,,0.4815137569480061,0.4379168515797946,0.2614691192201673,3513.2413969658023,5009.697578632569,moderate,1496.456181666767,,0.4222459125235644,4222.459125235644,1496.456181666767,,,,3.0,,4222.459125235645,0.1496456181666766,,40018,"[""L007"", ""L028"", ""R001"", ""R004"", ""R007"", ""C000"", ""C002""]",,,7.0,0.0,3.0,4222.459125235644,asymmetric,2726.002943568878,,5777.540874764357,565.1460417345575,1.0,0.0,48.0,12991.239853057648,8660.826568705097,0.48753535147476745,0.4875353514747675
,,greedy_local_search,3122.2820399652,2,exp4:asymmetric:c3.0:t3.0:r018,1.0,3.0,9904.820967726231,,,hardening:asymmetric:r018,4,,,2161.183220815245,1.0,truthful resolved feasibility,,,3.0,10000.000000000002,Current feasibility,7.0,,0.7656375793970644,0.5553092395026132,0.607131266469108,0.0,3513.9684671786035,moderate,3513.9684671786035,,0.6603213978484154,6603.213978484154,3513.9684671786035,,,,4.0,,6603.213978484154,0.3513968467178603,,40018,"[""L008"", ""L014"", ""L019"", ""R001"", ""R006"", ""R007"", ""R008"", ""C001""]",,,8.0,0.0,3.0,6603.213978484153,asymmetric,3089.2455113055503,,3396.786021515848,928.0622904903056,1.0,0.0,48.0,11290.90417196207,7527.269447974713,0.877238954194846,0.877238954194846
,,greedy_local_search,3154.233279599062,2,exp4:asymmetric:c3.0:t3.0:r019,0.0,3.0,9361.74181775207,,,hardening:asymmetric:r019,4,,,2240.2951142889506,1.0,catalog/geography,,,1.0,9999.999999999998,Catalog + geography,6.0,,0.6325072002513441,0.530683289436862,0.7687436488373242,834.5589935969506,4035.1436586185832,moderate,3200.5846650216326,,0.6241161211834713,6241.161211834713,3200.5846650216326,,,,7.0,,6241.161211834714,0.3200584665021633,,40019,"[""L018"", ""R000"", ""R001"", ""R003"", ""R004"", ""R005"", ""R007"", ""R008""]",,,8.0,0.0,3.0,6241.161211834714,asymmetric,3040.576546813081,,3758.838788165286,800.2814325241305,1.0,0.0,48.0,10805.844771298554,7203.896514199035,0.8663590876872328,0.866359087687233
,,greedy_local_search,3154.233279599062,2,exp4:asymmetric:c3.0:t3.0:r019,0.0,3.0,9863.19482121784,,,hardening:asymmetric:r019,4,,,2151.19188330956,1.0,truthful resolved feasibility,,,2.0,9999.999999999998,Current feasibility,8.0,,0.6425105442595274,0.5636881852062272,0.8556285583777786,0.0,3545.227994372911,moderate,3545.227994372911,,0.6575463214145225,6575.463214145226,3545.227994372911,,,,6.0,,6575.463214145226,0.3545227994372911,,40019,"[""L015"", ""L025"", ""R000"", ""R001"", ""R003"", ""R004"", ""R007"", ""R008""]",,,8.0,0.0,3.0,6575.463214145227,asymmetric,3030.235219772315,,3424.5367858547743,879.0433364627554,1.0,0.0,48.0,10200.455543672759,6800.303695781838,0.9669366999335516,0.9669366999335519
,,greedy_local_search,3167.1915373627367,2,exp4:multi_hotspot:c0.75:t0.75:r000,1.0,0.75,940.5605137711266,,,hardening:multi_hotspot:r000,4,,,529.4157164299909,1.0,catalog/geography,,,0.0,10000.0,Catalog + geography,1.0,,0.0638414375031599,0.0970725353571042,0.0,1.026341622816176,29.7013608458235,moderate,28.675019223007325,,0.0627040342514084,627.0403425140844,28.675019223007325,,,,0.0,,627.0403425140844,0.0028675019223007,,40000,"[""C001""]",,,1.0,0.0,0.75,627.0403425140844,multi_hotspot,598.3653232910771,,9372.959657485912,68.94960686108621,1.0,0.0,48.0,940.9201150610484,627.2800767073658,0.999617819532003,0.9996178195320028
,,greedy_local_search,3167.1915373627367,2,exp4:multi_hotspot:c0.75:t0.75:r000,1.0,0.75,940.5605137711266,,,hardening:multi_hotspot:r000,4,,,529.4157164299909,1.0,truthful resolved feasibility,,,0.0,10000.0,Current feasibility,1.0,,0.0638414375031599,0.0970725353571042,0.0,0.0,28.675019223007325,moderate,28.675019223007325,,0.0627040342514084,627.0403425140844,28.675019223007325,,,,0.0,,627.0403425140844,0.0028675019223007,,40000,"[""C001""]",,,1.0,0.0,0.75,627.0403425140844,multi_hotspot,598.3653232910771,,9372.959657485912,68.94960686108621,1.0,0.0,48.0,940.9201150610484,627.2800767073658,0.999617819532003,0.9996178195320028
,,greedy_local_search,3142.794055820548,2,exp4:multi_hotspot:c0.75:t0.75:r001,0.0,0.75,0.0,,,hardening:multi_hotspot:r001,4,,,0.0,1.0,catalog/geography,,,0.0,10000.0,Catalog + geography,0.0,,0.0,0.0,0.0,0.0,0.0,moderate,0.0,,0.0,0.0,0.0,,,,0.0,,0.0,0.0,,40001,[],,,0.0,0.0,0.75,0.0,multi_hotspot,0.0,,10000.0,0.0,1.0,1.0,48.0,0.0,0.0,0.0,0.0
,,greedy_local_search,3142.794055820548,2,exp4:multi_hotspot:c0.75:t0.75:r001,0.0,0.75,0.0,,,hardening:multi_hotspot:r001,4,,,0.0,1.0,truthful resolved feasibility,,,0.0,10000.0,Current feasibility,0.0,,0.0,0.0,0.0,0.0,0.0,moderate,0.0,,0.0,0.0,0.0,,,,0.0,,0.0,0.0,,40001,[],,,0.0,0.0,0.75,0.0,multi_hotspot,0.0,,10000.0,0.0,1.0,1.0,48.0,0.0,0.0,0.0,0.0
,,greedy_local_search,3131.918120974454,2,exp4:multi_hotspot:c0.75:t0.75:r002,0.0,0.75,0.0,,,hardening:multi_hotspot:r002,4,,,0.0,1.0,catalog/geography,,,0.0,10000.000000000002,Catalog + geography,0.0,,0.0,0.0,0.0,0.0,0.0,moderate,0.0,,0.0,0.0,0.0,,,,0.0,,0.0,0.0,,40002,[],,,0.0,0.0,0.75,0.0,multi_hotspot,0.0,,10000.0,0.0,1.0,1.0,48.0,0.0,0.0,0.0,0.0
,,greedy_local_search,3131.918120974454,2,exp4:multi_hotspot:c0.75:t0.75:r002,0.0,0.75,0.0,,,hardening:multi_hotspot:r002,4,,,0.0,1.0,truthful resolved feasibility,,,0.0,10000.000000000002,Current feasibility,0.0,,0.0,0.0,0.0,0.0,0.0,moderate,0.0,,0.0,0.0,0.0,,,,0.0,,0.0,0.0,,40002,[],,,0.0,0.0,0.75,0.0,multi_hotspot,0.0,,10000.0,0.0,1.0,1.0,48.0,0.0,0.0,0.0,0.0
,,greedy_local_search,3097.6906149428264,2,exp4:multi_hotspot:c0.75:t0.75:r003,0.0,0.75,0.0,,,hardening:multi_hotspot:r003,4,,,0.0,1.0,catalog/geography,,,0.0,10000.000000000002,Catalog + geography,0.0,,0.0,0.0,0.0,0.0,0.0,moderate,0.0,,0.0,0.0,0.0,,,,0.0,,0.0,0.0,,40003,[],,,0.0,0.0,0.75,0.0,multi_hotspot,0.0,,10000.0,0.0,1.0,1.0,48.0,0.0,0.0,0.0,0.0
,,greedy_local_search,3097.6906149428264,2,exp4:multi_hotspot:c0.75:t0.75:r003,0.0,0.75,0.0,,,hardening:multi_hotspot:r003,4,,,0.0,1.0,truthful resolved feasibility,,,0.0,10000.000000000002,Current feasibility,0.0,,0.0,0.0,0.0,0.0,0.0,moderate,0.0,,0.0,0.0,0.0,,,,0.0,,0.0,0.0,,40003,[],,,0.0,0.0,0.75,0.0,multi_hotspot,0.0,,10000.0,0.0,1.0,1.0,48.0,0.0,0.0,0.0,0.0
,,greedy_local_search,3168.841656308462,2,exp4:multi_hotspot:c0.75:t0.75:r004,0.0,0.75,0.0,,,hardening:multi_hotspot:r004,4,,,0.0,1.0,catalog/geography,,,0.0,10000.0,Catalog + geography,0.0,,0.0,0.0,0.0,0.0,0.0,moderate,0.0,,0.0,0.0,0.0,,,,0.0,,0.0,0.0,,40004,[],,,0.0,0.0,0.75,0.0,multi_hotspot,0.0,,10000.0,0.0,1.0,1.0,48.0,0.0,0.0,0.0,0.0
,,greedy_local_search,3168.841656308462,2,exp4:multi_hotspot:c0.75:t0.75:r004,0.0,0.75,0.0,,,hardening:multi_hotspot:r004,4,,,0.0,1.0,truthful resolved feasibility,,,0.0,10000.0,Current feasibility,0.0,,0.0,0.0,0.0,0.0,0.0,moderate,0.0,,0.0,0.0,0.0,,,,0.0,,0.0,0.0,,40004,[],,,0.0,0.0,0.75,0.0,multi_hotspot,0.0,,10000.0,0.0,1.0,1.0,48.0,0.0,0.0,0.0,0.0
,,greedy_local_search,3121.037067074452,2,exp4:multi_hotspot:c0.75:t0.75:r005,2.0,0.75,1445.2127507999598,,,hardening:multi_hotspot:r005,4,,,1001.549985287741,1.0,catalog/geography,,,0.0,10000.0,Catalog + geography,1.0,,0.0442726508295805,0.0996399794212072,0.2077541552463177,170.5354452500785,23.29979278955216,moderate,-147.23565246052635,,0.0963475167199973,963.4751671999732,-147.23565246052635,,,,0.0,,963.4751671999732,-0.0147235652460526,,40005,"[""C001"", ""C002""]",,,2.0,0.0,0.75,963.4751671999732,multi_hotspot,1110.7108196604995,,9036.524832800029,109.16083437275844,1.0,0.0,48.0,1731.9473983268508,1154.6315988845674,0.834443789803379,0.8344437898033787
,,greedy_local_search,3121.037067074452,2,exp4:multi_hotspot:c0.75:t0.75:r005,1.0,0.75,821.9502850610064,,,hardening:multi_hotspot:r005,4,,,482.4022002591152,1.0,truthful resolved feasibility,,,0.0,10000.0,Current feasibility,1.0,,0.0442726508295805,0.0996399794212072,0.0,0.0,3.27050474510736,moderate,3.27050474510736,,0.0547966856707337,547.9668567073377,3.27050474510736,,,,0.0,,547.9668567073377,0.0003270504745107,,40005,"[""C001""]",,,1.0,0.0,0.75,547.9668567073377,multi_hotspot,544.6963519622303,,9452.03314329266,62.29415170311516,1.0,0.0,48.0,821.9502850610065,547.9668567073377,0.9999999999999999,1.0
,,greedy_local_search,3057.222876742177,2,exp4:multi_hotspot:c0.75:t0.75:r006,1.0,0.75,111.13594828878762,,,hardening:multi_hotspot:r006,4,,,546.2064853884543,1.0,catalog/geography,,,0.0,10000.0,Catalog + geography,0.0,,0.0164645849316722,0.0,0.0,500.35260167172953,21.14899488536946,moderate,-479.20360678636007,,0.0074090632192525,74.09063219252508,-479.20360678636007,,,,0.0,,74.09063219252508,-0.047920360678636,,40006,"[""C002""]",,,1.0,0.0,0.75,74.09063219252508,multi_hotspot,553.2942389788851,,9925.909367807477,7.087753590430779,1.0,0.0,48.0,928.8679856314018,619.2453237542678,0.11964665593813367,0.11964665593813367
,,greedy_local_search,3057.222876742177,2,exp4:multi_hotspot:c0.75:t0.75:r006,1.0,0.75,902.6538232940776,,,hardening:multi_hotspot:r006,4,,,481.79294909144687,1.0,truthful resolved feasibility,,,0.0,10000.0,Current feasibility,1.0,,0.0,0.0776976247451886,0.1649137644606123,0.0,48.749524976036014,moderate,48.749524976036014,,0.0601769215529384,601.769215529385,48.749524976036014,,,,0.0,,601.769215529385,0.0048749524976036,,40006,"[""C000""]",,,1.0,0.0,0.75,601.769215529385,multi_hotspot,553.0196905533489,,9398.230784470616,71.2267414619021,1.0,0.0,48.0,902.6538232940775,601.769215529385,1.0000000000000002,1.0
,,greedy_local_search,3160.0896040703738,2,exp4:multi_hotspot:c0.75:t0.75:r007,0.0,0.75,0.0,,,hardening:multi_hotspot:r007,4,,,0.0,1.0,catalog/geography,,,0.0,9999.999999999998,Catalog + geography,0.0,,0.0,0.0,0.0,0.0,0.0,moderate,0.0,,0.0,0.0,0.0,,,,0.0,,0.0,0.0,,40007,[],,,0.0,0.0,0.75,0.0,multi_hotspot,0.0,,10000.0,0.0,1.0,1.0,48.0,0.0,0.0,0.0,0.0
,,greedy_local_search,3160.0896040703738,2,exp4:multi_hotspot:c0.75:t0.75:r007,0.0,0.75,0.0,,,hardening:multi_hotspot:r007,4,,,0.0,1.0,truthful resolved feasibility,,,0.0,9999.999999999998,Current feasibility,0.0,,0.0,0.0,0.0,0.0,0.0,moderate,0.0,,0.0,0.0,0.0,,,,0.0,,0.0,0.0,,40007,[],,,0.0,0.0,0.75,0.0,multi_hotspot,0.0,,10000.0,0.0,1.0,1.0,48.0,0.0,0.0,0.0,0.0
,,greedy_local_search,3111.814402771996,2,exp4:multi_hotspot:c0.75:t0.75:r008,2.0,0.75,873.89998469929,,,hardening:multi_hotspot:r008,4,,,995.487033795672,1.0,catalog/geography,,,0.0,10000.0,Catalog + geography,1.0,,0.0550033194877017,0.0550033194877017,0.0712867169489564,549.6191734447293,76.46205991499482,moderate,-473.1571135297345,,0.0582599989799526,582.5999897995266,-473.1571135297345,,,,0.0,,582.5999897995266,-0.0473157113529734,,40008,"[""C001"", ""C002""]",,,2.0,494.3346230819706,0.75,582.5999897995267,multi_hotspot,1055.757103329261,,9417.400010200472,60.27006953358909,1.0,0.0,48.0,1766.1380879525618,1177.4253919683752,0.49480841314756974,0.4948084131475695
,,greedy_local_search,3111.814402771996,2,exp4:multi_hotspot:c0.75:t0.75:r008,1.0,0.75,873.89998469929,,,hardening:multi_hotspot:r008,4,,,501.1524107137014,1.0,truthful resolved feasibility,,,0.0,10000.0,Current feasibility,1.0,,0.0550033194877017,0.0550033194877017,0.0712867169489564,0.0,21.177509552236188,moderate,21.177509552236188,,0.0582599989799526,582.5999897995266,21.177509552236188,,,,0.0,,582.5999897995266,0.0021177509552236,,40008,"[""C001""]",,,1.0,0.0,0.75,582.5999897995267,multi_hotspot,561.4224802472904,,9417.400010200472,60.27006953358909,1.0,0.0,48.0,873.89998469929,582.599989799527,1.0,0.9999999999999996
,,greedy_local_search,3134.181575541887,2,exp4:multi_hotspot:c0.75:t0.75:r009,1.0,0.75,756.210435347361,,,hardening:multi_hotspot:r009,4,,,485.45747738819705,1.0,catalog/geography,,,0.0,9999.999999999998,Catalog + geography,1.0,,0.0343372887333493,0.0998921402661433,0.0,45.87882015248511,8.655301107331184,moderate,-37.22351904515392,,0.0504140290231573,504.140290231574,-37.22351904515392,,,,0.0,,504.140290231574,-0.0037223519045153,,40009,"[""C001""]",,,1.0,0.0,0.75,504.14029023157406,multi_hotspot,541.3638092767279,,9495.859709768429,55.90633188853091,1.0,0.0,48.0,833.5096055042249,555.6730703361497,0.9072606126595237,0.9072606126595241
,,greedy_local_search,3134.181575541887,2,exp4:multi_hotspot:c0.75:t0.75:r009,0.0,0.75,0.0,,,hardening:multi_hotspot:r009,4,,,0.0,1.0,truthful resolved feasibility,,,0.0,9999.999999999998,Current feasibility,0.0,,0.0,0.0,0.0,0.0,0.0,moderate,0.0,,0.0,0.0,0.0,,,,0.0,,0.0,0.0,,40009,[],,,0.0,0.0,0.75,0.0,multi_hotspot,0.0,,10000.000000000002,0.0,1.0,1.0,48.0,0.0,0.0,0.0,0.0
,,greedy_local_search,3131.0191729170765,2,exp4:multi_hotspot:c0.75:t0.75:r010,1.0,0.75,147.07663538871083,,,hardening:multi_hotspot:r010,4,,,494.8125988593468,1.0,catalog/geography,,,0.0,10000.0,Catalog + geography,0.0,,0.0,0.0,0.0490255451295702,426.7512812189636,19.781649123533494,moderate,-406.9696320954301,,0.009805109025914,98.05109025914057,-406.9696320954301,,,,0.0,,98.05109025914057,-0.040696963209543,,40010,"[""C002""]",,,1.0,0.0,0.75,98.05109025914057,multi_hotspot,505.0207223545706,,9901.94890974086,10.20812349522382,1.0,0.0,48.0,856.2766785191787,570.8511190127857,0.17176298161367784,0.1717629816136779
,,greedy_local_search,3131.0191729170765,2,exp4:multi_hotspot:c0.75:t0.75:r010,0.0,0.75,0.0,,,hardening:multi_hotspot:r010,4,,,0.0,1.0,truthful resolved feasibility,,,0.0,10000.0,Current feasibility,0.0,,0.0,0.0,0.0,0.0,0.0,moderate,0.0,,0.0,0.0,0.0,,,,0.0,,0.0,0.0,,40010,[],,,0.0,0.0,0.75,0.0,multi_hotspot,0.0,,10000.0,0.0,1.0,1.0,48.0,0.0,0.0,0.0,0.0
,,greedy_local_search,3086.135330375794,2,exp4:multi_hotspot:c0.75:t0.75:r011,0.0,0.75,0.0,,,hardening:multi_hotspot:r011,4,,,0.0,1.0,catalog/geography,,,0.0,9999.999999999998,Catalog + geography,0.0,,0.0,0.0,0.0,0.0,0.0,moderate,0.0,,0.0,0.0,0.0,,,,0.0,,0.0,0.0,,40011,[],,,0.0,0.0,0.75,0.0,multi_hotspot,0.0,,10000.0,0.0,1.0,1.0,48.0,0.0,0.0,0.0,0.0
,,greedy_local_search,3086.135330375794,2,exp4:multi_hotspot:c0.75:t0.75:r011,0.0,0.75,0.0,,,hardening:multi_hotspot:r011,4,,,0.0,1.0,truthful resolved feasibility,,,0.0,9999.999999999998,Current feasibility,0.0,,0.0,0.0,0.0,0.0,0.0,moderate,0.0,,0.0,0.0,0.0,,,,0.0,,0.0,0.0,,40011,[],,,0.0,0.0,0.75,0.0,multi_hotspot,0.0,,10000.0,0.0,1.0,1.0,48.0,0.0,0.0,0.0,0.0
,,greedy_local_search,3156.616877017109,2,exp4:multi_hotspot:c0.75:t0.75:r012,2.0,0.75,854.3928854266584,,,hardening:multi_hotspot:r012,4,,,1076.943822750609,1.0,catalog/geography,,,0.0,10000.0,Catalog + geography,1.0,,0.0710453143694459,0.0,0.1249456711442993,588.5578369272412,28.54404070066039,moderate,-560.0137962265808,,0.0569595256951105,569.5952569511055,-560.0137962265808,,,,0.0,,569.5952569511055,-0.056001379622658,,40012,"[""C000"", ""C001""]",,,2.0,0.0,0.75,569.5952569511055,multi_hotspot,1129.6090531776863,,9430.404743048895,52.6652304270773,1.0,0.0,48.0,1832.697302056931,1221.7982013712872,0.46619421792552923,0.46619421792552923
,,greedy_local_search,3156.616877017109,2,exp4:multi_hotspot:c0.75:t0.75:r012,0.0,0.75,0.0,,,hardening:multi_hotspot:r012,4,,,0.0,1.0,truthful resolved feasibility,,,0.0,10000.0,Current feasibility,0.0,,0.0,0.0,0.0,0.0,0.0,moderate,0.0,,0.0,0.0,0.0,,,,0.0,,0.0,0.0,,40012,[],,,0.0,0.0,0.75,0.0,multi_hotspot,0.0,,10000.0,0.0,1.0,1.0,48.0,0.0,0.0,0.0,0.0
,,greedy_local_search,3128.370898926705,2,exp4:multi_hotspot:c0.75:t0.75:r013,0.0,0.75,0.0,,,hardening:multi_hotspot:r013,4,,,0.0,1.0,catalog/geography,,,0.0,9999.999999999998,Catalog + geography,0.0,,0.0,0.0,0.0,0.0,0.0,moderate,0.0,,0.0,0.0,0.0,,,,0.0,,0.0,0.0,,40013,[],,,0.0,0.0,0.75,0.0,multi_hotspot,0.0,,10000.0,0.0,1.0,1.0,48.0,0.0,0.0,0.0,0.0
,,greedy_local_search,3128.370898926705,2,exp4:multi_hotspot:c0.75:t0.75:r013,0.0,0.75,0.0,,,hardening:multi_hotspot:r013,4,,,0.0,1.0,truthful resolved feasibility,,,0.0,9999.999999999998,Current feasibility,0.0,,0.0,0.0,0.0,0.0,0.0,moderate,0.0,,0.0,0.0,0.0,,,,0.0,,0.0,0.0,,40013,[],,,0.0,0.0,0.75,0.0,multi_hotspot,0.0,,10000.0,0.0,1.0,1.0,48.0,0.0,0.0,0.0,0.0
,,greedy_local_search,3172.528396547715,2,exp4:multi_hotspot:c0.75:t0.75:r014,0.0,0.75,0.0,,,hardening:multi_hotspot:r014,4,,,0.0,1.0,catalog/geography,,,0.0,10000.0,Catalog + geography,0.0,,0.0,0.0,0.0,0.0,0.0,moderate,0.0,,0.0,0.0,0.0,,,,0.0,,0.0,0.0,,40014,[],,,0.0,0.0,0.75,0.0,multi_hotspot,0.0,,10000.0,0.0,1.0,1.0,48.0,0.0,0.0,0.0,0.0
,,greedy_local_search,3172.528396547715,2,exp4:multi_hotspot:c0.75:t0.75:r014,0.0,0.75,0.0,,,hardening:multi_hotspot:r014,4,,,0.0,1.0,truthful resolved feasibility,,,0.0,10000.0,Current feasibility,0.0,,0.0,0.0,0.0,0.0,0.0,moderate,0.0,,0.0,0.0,0.0,,,,0.0,,0.0,0.0,,40014,[],,,0.0,0.0,0.75,0.0,multi_hotspot,0.0,,10000.0,0.0,1.0,1.0,48.0,0.0,0.0,0.0,0.0
,,greedy_local_search,3173.152608497909,2,exp4:multi_hotspot:c0.75:t0.75:r015,0.0,0.75,0.0,,,hardening:multi_hotspot:r015,4,,,0.0,1.0,catalog/geography,,,0.0,9999.999999999998,Catalog + geography,0.0,,0.0,0.0,0.0,0.0,0.0,moderate,0.0,,0.0,0.0,0.0,,,,0.0,,0.0,0.0,,40015,[],,,0.0,0.0,0.75,0.0,multi_hotspot,0.0,,10000.0,0.0,1.0,1.0,48.0,0.0,0.0,0.0,0.0
,,greedy_local_search,3173.152608497909,2,exp4:multi_hotspot:c0.75:t0.75:r015,0.0,0.75,0.0,,,hardening:multi_hotspot:r015,4,,,0.0,1.0,truthful resolved feasibility,,,0.0,9999.999999999998,Current feasibility,0.0,,0.0,0.0,0.0,0.0,0.0,moderate,0.0,,0.0,0.0,0.0,,,,0.0,,0.0,0.0,,40015,[],,,0.0,0.0,0.75,0.0,multi_hotspot,0.0,,10000.0,0.0,1.0,1.0,48.0,0.0,0.0,0.0,0.0
,,greedy_local_search,3177.084552498707,2,exp4:multi_hotspot:c0.75:t0.75:r016,0.0,0.75,0.0,,,hardening:multi_hotspot:r016,4,,,0.0,1.0,catalog/geography,,,0.0,10000.0,Catalog + geography,0.0,,0.0,0.0,0.0,0.0,0.0,moderate,0.0,,0.0,0.0,0.0,,,,0.0,,0.0,0.0,,40016,[],,,0.0,0.0,0.75,0.0,multi_hotspot,0.0,,10000.000000000002,0.0,1.0,1.0,48.0,0.0,0.0,0.0,0.0
,,greedy_local_search,3177.084552498707,2,exp4:multi_hotspot:c0.75:t0.75:r016,0.0,0.75,0.0,,,hardening:multi_hotspot:r016,4,,,0.0,1.0,truthful resolved feasibility,,,0.0,10000.0,Current feasibility,0.0,,0.0,0.0,0.0,0.0,0.0,moderate,0.0,,0.0,0.0,0.0,,,,0.0,,0.0,0.0,,40016,[],,,0.0,0.0,0.75,0.0,multi_hotspot,0.0,,10000.000000000002,0.0,1.0,1.0,48.0,0.0,0.0,0.0,0.0
,,greedy_local_search,3078.847843759583,2,exp4:multi_hotspot:c0.75:t0.75:r017,2.0,0.75,1785.5961157617648,,,hardening:multi_hotspot:r017,4,,,1011.2460599250104,1.0,catalog/geography,,,0.0,10000.0,Catalog + geography,2.0,,0.1048074539170911,0.1657214020018112,0.0693694804372969,12.525562379513758,60.91034981988196,moderate,48.3847874403682,,0.1190397410507843,1190.397410507843,48.3847874403682,,,,0.0,,1190.3974105078432,0.0048384787440368,,40017,"[""C001"", ""C002""]",,,2.0,0.0,0.75,1190.3974105078432,multi_hotspot,1142.012623067475,,8809.602589492155,130.76656314246486,1.0,0.0,48.0,1799.140678122476,1199.4271187483173,0.9924716490903615,0.9924716490903615
,,greedy_local_search,3078.847843759583,2,exp4:multi_hotspot:c0.75:t0.75:r017,2.0,0.75,1785.5961157617648,,,hardening:multi_hotspot:r017,4,,,1011.2460599250104,1.0,truthful resolved feasibility,,,0.0,10000.0,Current feasibility,2.0,,0.1048074539170911,0.1657214020018112,0.0693694804372969,0.0,48.3847874403682,moderate,48.3847874403682,,0.1190397410507843,1190.397410507843,48.3847874403682,,,,0.0,,1190.3974105078432,0.0048384787440368,,40017,"[""C001"", ""C002""]",,,2.0,0.0,0.75,1190.3974105078432,multi_hotspot,1142.012623067475,,8809.602589492155,130.76656314246486,1.0,0.0,48.0,1799.140678122476,1199.4271187483173,0.9924716490903615,0.9924716490903615
,,greedy_local_search,3144.247219381794,2,exp4:multi_hotspot:c0.75:t0.75:r018,0.0,0.75,0.0,,,hardening:multi_hotspot:r018,4,,,0.0,1.0,catalog/geography,,,0.0,10000.000000000002,Catalog + geography,0.0,,0.0,0.0,0.0,0.0,0.0,moderate,0.0,,0.0,0.0,0.0,,,,0.0,,0.0,0.0,,40018,[],,,0.0,0.0,0.75,0.0,multi_hotspot,0.0,,10000.000000000002,0.0,1.0,1.0,48.0,0.0,0.0,0.0,0.0
,,greedy_local_search,3144.247219381794,2,exp4:multi_hotspot:c0.75:t0.75:r018,0.0,0.75,0.0,,,hardening:multi_hotspot:r018,4,,,0.0,1.0,truthful resolved feasibility,,,0.0,10000.000000000002,Current feasibility,0.0,,0.0,0.0,0.0,0.0,0.0,moderate,0.0,,0.0,0.0,0.0,,,,0.0,,0.0,0.0,,40018,[],,,0.0,0.0,0.75,0.0,multi_hotspot,0.0,,10000.000000000002,0.0,1.0,1.0,48.0,0.0,0.0,0.0,0.0
,,greedy_local_search,3139.3042522037977,2,exp4:multi_hotspot:c0.75:t0.75:r019,0.0,0.75,0.0,,,hardening:multi_hotspot:r019,4,,,0.0,1.0,catalog/geography,,,0.0,9999.999999999998,Catalog + geography,0.0,,0.0,0.0,0.0,0.0,0.0,moderate,0.0,,0.0,0.0,0.0,,,,0.0,,0.0,0.0,,40019,[],,,0.0,0.0,0.75,0.0,multi_hotspot,0.0,,10000.0,0.0,1.0,1.0,48.0,0.0,0.0,0.0,0.0
,,greedy_local_search,3139.3042522037977,2,exp4:multi_hotspot:c0.75:t0.75:r019,0.0,0.75,0.0,,,hardening:multi_hotspot:r019,4,,,0.0,1.0,truthful resolved feasibility,,,0.0,9999.999999999998,Current feasibility,0.0,,0.0,0.0,0.0,0.0,0.0,moderate,0.0,,0.0,0.0,0.0,,,,0.0,,0.0,0.0,,40019,[],,,0.0,0.0,0.75,0.0,multi_hotspot,0.0,,10000.0,0.0,1.0,1.0,48.0,0.0,0.0,0.0,0.0
,,greedy_local_search,3167.1915373627367,2,exp4:multi_hotspot:c0.75:t1.5:r000,1.0,0.75,940.9201150610484,,,hardening:multi_hotspot:r000,4,,,529.4157164299909,1.0,catalog/geography,,,0.0,10000.0,Catalog + geography,1.0,,0.1075528756243551,0.0409406103993622,0.0,0.8132793350827114,29.70136084582361,moderate,28.888081510740903,,0.0627280076707365,627.2800767073657,28.888081510740903,,,,0.0,,627.2800767073657,0.002888808151074,,40000,"[""C001""]",,,1.0,0.0,1.5,627.2800767073657,multi_hotspot,598.3919951966247,,9372.719923292632,68.97627876663388,1.0,0.0,48.0,940.9201150610484,1254.5601534147315,1.0,0.4999999999999999
,,greedy_local_search,3167.1915373627367,2,exp4:multi_hotspot:c0.75:t1.5:r000,2.0,0.75,1854.2398712211896,,,hardening:multi_hotspot:r000,4,,,1049.632645075895,1.0,truthful resolved feasibility,,,0.0,10000.0,Current feasibility,2.0,,0.2241885543913317,0.0409406103993622,0.0420096414943497,0.0,46.2712147667321,moderate,46.2712147667321,,0.1236159914147459,1236.15991414746,46.2712147667321,,,,0.0,,1236.15991414746,0.0046271214766732,,40000,"[""C000"", ""C001""]",,,2.0,0.0,1.5,1236.15991414746,multi_hotspot,1189.8886993807278,,8763.840085852538,140.25605430483282,1.0,0.0,48.0,1854.2398712211893,2472.31982829492,1.0000000000000002,0.5
,,greedy_local_search,3142.794055820548,2,exp4:multi_hotspot:c0.75:t1.5:r001,0.0,0.75,0.0,,,hardening:multi_hotspot:r001,4,,,0.0,1.0,catalog/geography,,,0.0,10000.0,Catalog + geography,0.0,,0.0,0.0,0.0,0.0,0.0,moderate,0.0,,0.0,0.0,0.0,,,,0.0,,0.0,0.0,,40001,[],,,0.0,0.0,1.5,0.0,multi_hotspot,0.0,,10000.0,0.0,1.0,1.0,48.0,0.0,0.0,0.0,0.0
,,greedy_local_search,3142.794055820548,2,exp4:multi_hotspot:c0.75:t1.5:r001,0.0,0.75,0.0,,,hardening:multi_hotspot:r001,4,,,0.0,1.0,truthful resolved feasibility,,,0.0,10000.0,Current feasibility,0.0,,0.0,0.0,0.0,0.0,0.0,moderate,0.0,,0.0,0.0,0.0,,,,0.0,,0.0,0.0,,40001,[],,,0.0,0.0,1.5,0.0,multi_hotspot,0.0,,10000.0,0.0,1.0,1.0,48.0,0.0,0.0,0.0,0.0
,,greedy_local_search,3131.918120974454,2,exp4:multi_hotspot:c0.75:t1.5:r002,0.0,0.75,0.0,,,hardening:multi_hotspot:r002,4,,,0.0,1.0,catalog/geography,,,0.0,10000.000000000002,Catalog + geography,0.0,,0.0,0.0,0.0,0.0,0.0,moderate,0.0,,0.0,0.0,0.0,,,,0.0,,0.0,0.0,,40002,[],,,0.0,0.0,1.5,0.0,multi_hotspot,0.0,,10000.0,0.0,1.0,1.0,48.0,0.0,0.0,0.0,0.0
,,greedy_local_search,3131.918120974454,2,exp4:multi_hotspot:c0.75:t1.5:r002,1.0,0.75,950.7679701274382,,,hardening:multi_hotspot:r002,4,,,549.9264176467283,1.0,truthful resolved feasibility,,,0.0,10000.000000000002,Current feasibility,1.0,,0.0437069481731576,0.0,0.2185820233195413,0.0,27.54145279410386,moderate,27.54145279410386,,0.0633845313418292,633.8453134182921,27.54145279410386,,,,0.0,,633.8453134182921,0.0027541452794103,,40002,"[""C000""]",,,1.0,0.0,1.5,633.8453134182921,multi_hotspot,606.3038606241882,,9366.154686581707,56.377442977460014,1.0,0.0,48.0,950.7679701274383,1267.6906268365842,0.9999999999999999,0.5
,,greedy_local_search,3097.6906149428264,2,exp4:multi_hotspot:c0.75:t1.5:r003,0.0,0.75,0.0,,,hardening:multi_hotspot:r003,4,,,0.0,1.0,catalog/geography,,,0.0,10000.000000000002,Catalog + geography,0.0,,0.0,0.0,0.0,0.0,0.0,moderate,0.0,,0.0,0.0,0.0,,,,0.0,,0.0,0.0,,40003,[],,,0.0,0.0,1.5,0.0,multi_hotspot,0.0,,10000.0,0.0,1.0,1.0,48.0,0.0,0.0,0.0,0.0
,,greedy_local_search,3097.6906149428264,2,exp4:multi_hotspot:c0.75:t1.5:r003,0.0,0.75,0.0,,,hardening:multi_hotspot:r003,4,,,0.0,1.0,truthful resolved feasibility,,,0.0,10000.000000000002,Current feasibility,0.0,,0.0,0.0,0.0,0.0,0.0,moderate,0.0,,0.0,0.0,0.0,,,,0.0,,0.0,0.0,,40003,[],,,0.0,0.0,1.5,0.0,multi_hotspot,0.0,,10000.0,0.0,1.0,1.0,48.0,0.0,0.0,0.0,0.0
,,greedy_local_search,3168.841656308462,2,exp4:multi_hotspot:c0.75:t1.5:r004,0.0,0.75,0.0,,,hardening:multi_hotspot:r004,4,,,0.0,1.0,catalog/geography,,,0.0,10000.0,Catalog + geography,0.0,,0.0,0.0,0.0,0.0,0.0,moderate,0.0,,0.0,0.0,0.0,,,,0.0,,0.0,0.0,,40004,[],,,0.0,0.0,1.5,0.0,multi_hotspot,0.0,,10000.0,0.0,1.0,1.0,48.0,0.0,0.0,0.0,0.0
,,greedy_local_search,3168.841656308462,2,exp4:multi_hotspot:c0.75:t1.5:r004,0.0,0.75,0.0,,,hardening:multi_hotspot:r004,4,,,0.0,1.0,truthful resolved feasibility,,,0.0,10000.0,Current feasibility,0.0,,0.0,0.0,0.0,0.0,0.0,moderate,0.0,,0.0,0.0,0.0,,,,0.0,,0.0,0.0,,40004,[],,,0.0,0.0,1.5,0.0,multi_hotspot,0.0,,10000.0,0.0,1.0,1.0,48.0,0.0,0.0,0.0,0.0
,,greedy_local_search,3121.037067074452,2,exp4:multi_hotspot:c0.75:t1.5:r005,2.0,0.75,1670.06172871026,,,hardening:multi_hotspot:r005,4,,,1001.549985287741,1.0,catalog/geography,,,0.0,10000.0,Catalog + geography,1.0,,0.088545301659161,0.0427179997831751,0.2827038145497512,37.85416333755643,23.36867227884568,moderate,-14.48549105871075,,0.1113374485806839,1113.37448580684,-14.48549105871075,,,,0.0,,1113.37448580684,-0.001448549105871,,40005,"[""C001"", ""C002""]",,,2.0,0.0,1.5,1113.37448580684,multi_hotspot,1127.8599768655508,,8886.62551419316,126.30999157780984,1.0,0.0,48.0,1731.9473983268508,2309.263197769135,0.9642681586771195,0.4821340793385597
,,greedy_local_search,3121.037067074452,2,exp4:multi_hotspot:c0.75:t1.5:r005,1.0,0.75,821.9502850610063,,,hardening:multi_hotspot:r005,4,,,482.4022002591152,1.0,truthful resolved feasibility,,,0.0,10000.0,Current feasibility,1.0,,0.088545301659161,0.0427179997831751,0.0,0.0,3.27050474510736,moderate,3.27050474510736,,0.0547966856707337,547.9668567073377,3.27050474510736,,,,0.0,,547.9668567073377,0.0003270504745107,,40005,"[""C001""]",,,1.0,0.0,1.5,547.9668567073376,multi_hotspot,544.6963519622303,,9452.03314329266,62.29415170311516,1.0,0.0,48.0,821.9502850610065,1095.9337134146754,0.9999999999999998,0.4999999999999999
,,greedy_local_search,3057.222876742177,2,exp4:multi_hotspot:c0.75:t1.5:r006,1.0,0.75,111.13594828878762,,,hardening:multi_hotspot:r006,4,,,546.2064853884543,1.0,catalog/geography,,,0.0,10000.0,Catalog + geography,0.0,,0.0164645849316722,0.0,0.0,500.35260167172953,21.14899488536946,moderate,-479.20360678636007,,0.0074090632192525,74.09063219252508,-479.20360678636007,,,,0.0,,74.09063219252508,-0.047920360678636,,40006,"[""C002""]",,,1.0,0.0,1.5,74.09063219252508,multi_hotspot,553.2942389788851,,9925.909367807477,7.087753590430779,1.0,0.0,48.0,928.8679856314018,1238.4906475085356,0.11964665593813367,0.059823327969066836
,,greedy_local_search,3057.222876742177,2,exp4:multi_hotspot:c0.75:t1.5:r006,1.0,0.75,902.6538232940776,,,hardening:multi_hotspot:r006,4,,,481.79294909144687,1.0,truthful resolved feasibility,,,0.0,10000.0,Current feasibility,1.0,,0.0,0.1365926330950976,0.0618474998482717,0.0,49.08671345602704,moderate,49.08671345602704,,0.0601769215529384,601.769215529385,49.08671345602704,,,,0.0,,601.7692155293851,0.0049086713456027,,40006,"[""C000""]",,,1.0,0.0,1.5,601.7692155293851,multi_hotspot,552.682502073358,,9398.230784470616,70.88955298191112,1.0,0.0,48.0,902.6538232940775,1203.53843105877,1.0000000000000002,0.5000000000000001
,,greedy_local_search,3160.0896040703738,2,exp4:multi_hotspot:c0.75:t1.5:r007,0.0,0.75,0.0,,,hardening:multi_hotspot:r007,4,,,0.0,1.0,catalog/geography,,,0.0,9999.999999999998,Catalog + geography,0.0,,0.0,0.0,0.0,0.0,0.0,moderate,0.0,,0.0,0.0,0.0,,,,0.0,,0.0,0.0,,40007,[],,,0.0,0.0,1.5,0.0,multi_hotspot,0.0,,10000.0,0.0,1.0,1.0,48.0,0.0,0.0,0.0,0.0
,,greedy_local_search,3160.0896040703738,2,exp4:multi_hotspot:c0.75:t1.5:r007,0.0,0.75,0.0,,,hardening:multi_hotspot:r007,4,,,0.0,1.0,truthful resolved feasibility,,,0.0,9999.999999999998,Current feasibility,0.0,,0.0,0.0,0.0,0.0,0.0,moderate,0.0,,0.0,0.0,0.0,,,,0.0,,0.0,0.0,,40007,[],,,0.0,0.0,1.5,0.0,multi_hotspot,0.0,,10000.0,0.0,1.0,1.0,48.0,0.0,0.0,0.0,0.0
,,greedy_local_search,3111.814402771996,2,exp4:multi_hotspot:c0.75:t1.5:r008,2.0,0.75,873.8999846992899,,,hardening:multi_hotspot:r008,4,,,995.487033795672,1.0,catalog/geography,,,0.0,10000.0,Catalog + geography,1.0,,0.0622403850260371,0.0550033194877017,0.0550033194877017,549.6900374221716,76.53292389243711,moderate,-473.1571135297345,,0.0582599989799526,582.5999897995266,-473.1571135297345,,,,0.0,,582.5999897995266,-0.0473157113529734,,40008,"[""C001"", ""C002""]",,,2.0,494.3346230819706,1.5,582.5999897995267,multi_hotspot,1055.757103329261,,9417.400010200472,60.27006953358909,1.0,0.0,48.0,1766.1380879525618,2354.8507839367503,0.4948084131475696,0.24740420657378476
,,greedy_local_search,3111.814402771996,2,exp4:multi_hotspot:c0.75:t1.5:r008,2.0,0.75,1688.940786647685,,,hardening:multi_hotspot:r008,4,,,991.8503972277754,1.0,truthful resolved feasibility,,,0.0,10000.0,Current feasibility,2.0,,0.1394609396224366,0.0880036548382993,0.0951867520983887,0.0,26.413116611694026,moderate,26.413116611694026,,0.112596052443179,1125.96052443179,26.413116611694026,,,,0.0,,1125.96052443179,0.0026413116611694,,40008,"[""C000"", ""C001""]",,,2.0,0.0,1.5,1125.96052443179,multi_hotspot,1099.547407820096,,8874.03947556821,107.6970105923206,1.0,0.0,48.0,1688.940786647685,2251.921048863581,1.0,0.4999999999999998
,,greedy_local_search,3134.181575541887,2,exp4:multi_hotspot:c0.75:t1.5:r009,1.0,0.75,833.5096055042247,,,hardening:multi_hotspot:r009,4,,,485.45747738819705,1.0,catalog/geography,,,0.0,9999.999999999998,Catalog + geography,1.0,,0.0686745774666987,0.07046784906743,0.0,0.0548080885681656,8.65787505950982,moderate,8.603066970941654,,0.0555673070336149,555.6730703361499,8.603066970941654,,,,0.0,,555.6730703361499,0.0008603066970941,,40009,"[""C001""]",,,1.0,0.0,1.5,555.6730703361499,multi_hotspot,547.0700033652082,,9444.32692966385,61.61252597701117,1.0,0.0,48.0,833.5096055042249,1111.3461406722995,0.9999999999999999,0.5000000000000001
,,greedy_local_search,3134.181575541887,2,exp4:multi_hotspot:c0.75:t1.5:r009,1.0,0.75,833.5096055042247,,,hardening:multi_hotspot:r009,4,,,485.45747738819705,1.0,truthful resolved feasibility,,,0.0,9999.999999999998,Current feasibility,1.0,,0.0686745774666987,0.07046784906743,0.0,0.0,8.603066970941654,moderate,8.603066970941654,,0.0555673070336149,555.6730703361499,8.603066970941654,,,,0.0,,555.6730703361499,0.0008603066970941,,40009,"[""C001""]",,,1.0,0.0,1.5,555.6730703361499,multi_hotspot,547.0700033652082,,9444.32692966385,61.61252597701117,1.0,0.0,48.0,833.5096055042249,1111.3461406722995,0.9999999999999999,0.5000000000000001
,,greedy_local_search,3131.0191729170765,2,exp4:multi_hotspot:c0.75:t1.5:r010,1.0,0.75,147.07663538871083,,,hardening:multi_hotspot:r010,4,,,494.8125988593468,1.0,catalog/geography,,,0.0,10000.0,Catalog + geography,0.0,,0.0,0.0,0.0490255451295702,426.7512812189637,19.78164912353361,moderate,-406.9696320954301,,0.009805109025914,98.05109025914057,-406.9696320954301,,,,0.0,,98.05109025914057,-0.040696963209543,,40010,"[""C002""]",,,1.0,0.0,1.5,98.05109025914057,multi_hotspot,505.0207223545706,,9901.94890974086,10.20812349522382,1.0,0.0,48.0,856.2766785191787,1141.7022380255714,0.17176298161367784,0.08588149080683895
,,greedy_local_search,3131.0191729170765,2,exp4:multi_hotspot:c0.75:t1.5:r010,0.0,0.75,0.0,,,hardening:multi_hotspot:r010,4,,,0.0,1.0,truthful resolved feasibility,,,0.0,10000.0,Current feasibility,0.0,,0.0,0.0,0.0,0.0,0.0,moderate,0.0,,0.0,0.0,0.0,,,,0.0,,0.0,0.0,,40010,[],,,0.0,0.0,1.5,0.0,multi_hotspot,0.0,,10000.0,0.0,1.0,1.0,48.0,0.0,0.0,0.0,0.0
,,greedy_local_search,3086.135330375794,2,exp4:multi_hotspot:c0.75:t1.5:r011,0.0,0.75,0.0,,,hardening:multi_hotspot:r011,4,,,0.0,1.0,catalog/geography,,,0.0,9999.999999999998,Catalog + geography,0.0,,0.0,0.0,0.0,0.0,0.0,moderate,0.0,,0.0,0.0,0.0,,,,0.0,,0.0,0.0,,40011,[],,,0.0,0.0,1.5,0.0,multi_hotspot,0.0,,10000.0,0.0,1.0,1.0,48.0,0.0,0.0,0.0,0.0
,,greedy_local_search,3086.135330375794,2,exp4:multi_hotspot:c0.75:t1.5:r011,0.0,0.75,0.0,,,hardening:multi_hotspot:r011,4,,,0.0,1.0,truthful resolved feasibility,,,0.0,9999.999999999998,Current feasibility,0.0,,0.0,0.0,0.0,0.0,0.0,moderate,0.0,,0.0,0.0,0.0,,,,0.0,,0.0,0.0,,40011,[],,,0.0,0.0,1.5,0.0,multi_hotspot,0.0,,10000.0,0.0,1.0,1.0,48.0,0.0,0.0,0.0,0.0
,,greedy_local_search,3156.616877017109,2,exp4:multi_hotspot:c0.75:t1.5:r012,2.0,0.75,1080.050289895222,,,hardening:multi_hotspot:r012,4,,,1076.943822750609,1.0,catalog/geography,,,0.0,10000.0,Catalog + geography,1.0,,0.1114052362575866,0.0,0.1093549817188373,451.55820340368905,28.635407801119527,moderate,-422.9227956025695,,0.0720033526596814,720.0335265968147,-422.9227956025695,,,,0.0,,720.0335265968147,-0.0422922795602569,,40012,"[""C000"", ""C001""]",,,2.0,0.0,1.5,720.0335265968147,multi_hotspot,1142.9563221993842,,9279.966473403189,66.01249944877523,1.0,0.0,48.0,1832.697302056931,2443.5964027425744,0.5893227914304374,0.2946613957152187
,,greedy_local_search,3156.616877017109,2,exp4:multi_hotspot:c0.75:t1.5:r012,0.0,0.75,0.0,,,hardening:multi_hotspot:r012,4,,,0.0,1.0,truthful resolved feasibility,,,0.0,10000.0,Current feasibility,0.0,,0.0,0.0,0.0,0.0,0.0,moderate,0.0,,0.0,0.0,0.0,,,,0.0,,0.0,0.0,,40012,[],,,0.0,0.0,1.5,0.0,multi_hotspot,0.0,,10000.0,0.0,1.0,1.0,48.0,0.0,0.0,0.0,0.0
,,greedy_local_search,3128.370898926705,2,exp4:multi_hotspot:c0.75:t1.5:r013,0.0,0.75,0.0,,,hardening:multi_hotspot:r013,4,,,0.0,1.0,catalog/geography,,,0.0,9999.999999999998,Catalog + geography,0.0,,0.0,0.0,0.0,0.0,0.0,moderate,0.0,,0.0,0.0,0.0,,,,0.0,,0.0,0.0,,40013,[],,,0.0,0.0,1.5,0.0,multi_hotspot,0.0,,10000.0,0.0,1.0,1.0,48.0,0.0,0.0,0.0,0.0
,,greedy_local_search,3128.370898926705,2,exp4:multi_hotspot:c0.75:t1.5:r013,0.0,0.75,0.0,,,hardening:multi_hotspot:r013,4,,,0.0,1.0,truthful resolved feasibility,,,0.0,9999.999999999998,Current feasibility,0.0,,0.0,0.0,0.0,0.0,0.0,moderate,0.0,,0.0,0.0,0.0,,,,0.0,,0.0,0.0,,40013,[],,,0.0,0.0,1.5,0.0,multi_hotspot,0.0,,10000.0,0.0,1.0,1.0,48.0,0.0,0.0,0.0,0.0
,,greedy_local_search,3172.528396547715,2,exp4:multi_hotspot:c0.75:t1.5:r014,0.0,0.75,0.0,,,hardening:multi_hotspot:r014,4,,,0.0,1.0,catalog/geography,,,0.0,10000.0,Catalog + geography,0.0,,0.0,0.0,0.0,0.0,0.0,moderate,0.0,,0.0,0.0,0.0,,,,0.0,,0.0,0.0,,40014,[],,,0.0,0.0,1.5,0.0,multi_hotspot,0.0,,10000.0,0.0,1.0,1.0,48.0,0.0,0.0,0.0,0.0
,,greedy_local_search,3172.528396547715,2,exp4:multi_hotspot:c0.75:t1.5:r014,0.0,0.75,0.0,,,hardening:multi_hotspot:r014,4,,,0.0,1.0,truthful resolved feasibility,,,0.0,10000.0,Current feasibility,0.0,,0.0,0.0,0.0,0.0,0.0,moderate,0.0,,0.0,0.0,0.0,,,,0.0,,0.0,0.0,,40014,[],,,0.0,0.0,1.5,0.0,multi_hotspot,0.0,,10000.0,0.0,1.0,1.0,48.0,0.0,0.0,0.0,0.0
,,greedy_local_search,3173.152608497909,2,exp4:multi_hotspot:c0.75:t1.5:r015,0.0,0.75,0.0,,,hardening:multi_hotspot:r015,4,,,0.0,1.0,catalog/geography,,,0.0,9999.999999999998,Catalog + geography,0.0,,0.0,0.0,0.0,0.0,0.0,moderate,0.0,,0.0,0.0,0.0,,,,0.0,,0.0,0.0,,40015,[],,,0.0,0.0,1.5,0.0,multi_hotspot,0.0,,10000.0,0.0,1.0,1.0,48.0,0.0,0.0,0.0,0.0
,,greedy_local_search,3173.152608497909,2,exp4:multi_hotspot:c0.75:t1.5:r015,0.0,0.75,0.0,,,hardening:multi_hotspot:r015,4,,,0.0,1.0,truthful resolved feasibility,,,0.0,9999.999999999998,Current feasibility,0.0,,0.0,0.0,0.0,0.0,0.0,moderate,0.0,,0.0,0.0,0.0,,,,0.0,,0.0,0.0,,40015,[],,,0.0,0.0,1.5,0.0,multi_hotspot,0.0,,10000.0,0.0,1.0,1.0,48.0,0.0,0.0,0.0,0.0
,,greedy_local_search,3177.084552498707,2,exp4:multi_hotspot:c0.75:t1.5:r016,0.0,0.75,0.0,,,hardening:multi_hotspot:r016,4,,,0.0,1.0,catalog/geography,,,0.0,10000.0,Catalog + geography,0.0,,0.0,0.0,0.0,0.0,0.0,moderate,0.0,,0.0,0.0,0.0,,,,0.0,,0.0,0.0,,40016,[],,,0.0,0.0,1.5,0.0,multi_hotspot,0.0,,10000.000000000002,0.0,1.0,1.0,48.0,0.0,0.0,0.0,0.0
,,greedy_local_search,3177.084552498707,2,exp4:multi_hotspot:c0.75:t1.5:r016,0.0,0.75,0.0,,,hardening:multi_hotspot:r016,4,,,0.0,1.0,truthful resolved feasibility,,,0.0,10000.0,Current feasibility,0.0,,0.0,0.0,0.0,0.0,0.0,moderate,0.0,,0.0,0.0,0.0,,,,0.0,,0.0,0.0,,40016,[],,,0.0,0.0,1.5,0.0,multi_hotspot,0.0,,10000.000000000002,0.0,1.0,1.0,48.0,0.0,0.0,0.0,0.0
,,greedy_local_search,3078.847843759583,2,exp4:multi_hotspot:c0.75:t1.5:r017,2.0,0.75,1799.140678122476,,,hardening:multi_hotspot:r017,4,,,1011.2460599250104,1.0,catalog/geography,,,0.0,10000.0,Catalog + geography,2.0,,0.1052530888838802,0.1580434502078792,0.0863180715216395,4.600814547160098,60.94984821838921,moderate,56.34903367122911,,0.1199427118748317,1199.4271187483173,56.34903367122911,,,,0.0,,1199.4271187483173,0.0056349033671229,,40017,"[""C001"", ""C002""]",,,2.0,0.0,1.5,1199.4271187483173,multi_hotspot,1143.0780850770882,,8800.572881251683,131.832025152078,1.0,0.0,48.0,1799.140678122476,2398.8542374966346,1.0,0.5
,,greedy_local_search,3078.847843759583,2,exp4:multi_hotspot:c0.75:t1.5:r017,2.0,0.75,1799.140678122476,,,hardening:multi_hotspot:r017,4,,,1011.2460599250104,1.0,truthful resolved feasibility,,,0.0,10000.0,Current feasibility,2.0,,0.1052530888838802,0.1580434502078792,0.0863180715216395,0.0,56.34903367122911,moderate,56.34903367122911,,0.1199427118748317,1199.4271187483173,56.34903367122911,,,,0.0,,1199.4271187483173,0.0056349033671229,,40017,"[""C001"", ""C002""]",,,2.0,0.0,1.5,1199.4271187483173,multi_hotspot,1143.0780850770882,,8800.572881251683,131.832025152078,1.0,0.0,48.0,1799.140678122476,2398.8542374966346,1.0,0.5
,,greedy_local_search,3144.247219381794,2,exp4:multi_hotspot:c0.75:t1.5:r018,0.0,0.75,0.0,,,hardening:multi_hotspot:r018,4,,,0.0,1.0,catalog/geography,,,0.0,10000.000000000002,Catalog + geography,0.0,,0.0,0.0,0.0,0.0,0.0,moderate,0.0,,0.0,0.0,0.0,,,,0.0,,0.0,0.0,,40018,[],,,0.0,0.0,1.5,0.0,multi_hotspot,0.0,,10000.000000000002,0.0,1.0,1.0,48.0,0.0,0.0,0.0,0.0
,,greedy_local_search,3144.247219381794,2,exp4:multi_hotspot:c0.75:t1.5:r018,0.0,0.75,0.0,,,hardening:multi_hotspot:r018,4,,,0.0,1.0,truthful resolved feasibility,,,0.0,10000.000000000002,Current feasibility,0.0,,0.0,0.0,0.0,0.0,0.0,moderate,0.0,,0.0,0.0,0.0,,,,0.0,,0.0,0.0,,40018,[],,,0.0,0.0,1.5,0.0,multi_hotspot,0.0,,10000.000000000002,0.0,1.0,1.0,48.0,0.0,0.0,0.0,0.0
,,greedy_local_search,3139.3042522037977,2,exp4:multi_hotspot:c0.75:t1.5:r019,0.0,0.75,0.0,,,hardening:multi_hotspot:r019,4,,,0.0,1.0,catalog/geography,,,0.0,9999.999999999998,Catalog + geography,0.0,,0.0,0.0,0.0,0.0,0.0,moderate,0.0,,0.0,0.0,0.0,,,,0.0,,0.0,0.0,,40019,[],,,0.0,0.0,1.5,0.0,multi_hotspot,0.0,,10000.0,0.0,1.0,1.0,48.0,0.0,0.0,0.0,0.0
,,greedy_local_search,3139.3042522037977,2,exp4:multi_hotspot:c0.75:t1.5:r019,0.0,0.75,0.0,,,hardening:multi_hotspot:r019,4,,,0.0,1.0,truthful resolved feasibility,,,0.0,9999.999999999998,Current feasibility,0.0,,0.0,0.0,0.0,0.0,0.0,moderate,0.0,,0.0,0.0,0.0,,,,0.0,,0.0,0.0,,40019,[],,,0.0,0.0,1.5,0.0,multi_hotspot,0.0,,10000.0,0.0,1.0,1.0,48.0,0.0,0.0,0.0,0.0
,,greedy_local_search,3167.1915373627367,2,exp4:multi_hotspot:c0.75:t3.0:r000,1.0,0.75,940.9201150610484,,,hardening:multi_hotspot:r000,4,,,529.4157164299909,1.0,catalog/geography,,,0.0,10000.0,Catalog + geography,1.0,,0.1075528756243551,0.0409406103993622,0.0,0.8132793350825978,29.7013608458235,moderate,28.888081510740903,,0.0627280076707365,627.2800767073657,28.888081510740903,,,,0.0,,627.2800767073657,0.002888808151074,,40000,"[""C001""]",,,1.0,0.0,3.0,627.2800767073657,multi_hotspot,598.3919951966247,,9372.719923292632,68.97627876663388,1.0,0.0,48.0,940.9201150610484,2509.120306829463,1.0,0.24999999999999994
,,greedy_local_search,3167.1915373627367,2,exp4:multi_hotspot:c0.75:t3.0:r000,2.0,0.75,1854.2398712211896,,,hardening:multi_hotspot:r000,4,,,1049.632645075895,1.0,truthful resolved feasibility,,,0.0,10000.0,Current feasibility,2.0,,0.1575762891663387,0.1265849514029245,0.0420096414943497,0.0,46.2712147667321,moderate,46.2712147667321,,0.1236159914147459,1236.15991414746,46.2712147667321,,,,0.0,,1236.15991414746,0.0046271214766732,,40000,"[""C000"", ""C001""]",,,2.0,0.0,3.0,1236.15991414746,multi_hotspot,1189.8886993807278,,8763.840085852538,140.25605430483282,1.0,0.0,48.0,1854.2398712211893,4944.63965658984,1.0000000000000002,0.25
,,greedy_local_search,3142.794055820548,2,exp4:multi_hotspot:c0.75:t3.0:r001,0.0,0.75,0.0,,,hardening:multi_hotspot:r001,4,,,0.0,1.0,catalog/geography,,,0.0,10000.0,Catalog + geography,0.0,,0.0,0.0,0.0,0.0,0.0,moderate,0.0,,0.0,0.0,0.0,,,,0.0,,0.0,0.0,,40001,[],,,0.0,0.0,3.0,0.0,multi_hotspot,0.0,,10000.0,0.0,1.0,1.0,48.0,0.0,0.0,0.0,0.0
,,greedy_local_search,3142.794055820548,2,exp4:multi_hotspot:c0.75:t3.0:r001,0.0,0.75,0.0,,,hardening:multi_hotspot:r001,4,,,0.0,1.0,truthful resolved feasibility,,,0.0,10000.0,Current feasibility,0.0,,0.0,0.0,0.0,0.0,0.0,moderate,0.0,,0.0,0.0,0.0,,,,0.0,,0.0,0.0,,40001,[],,,0.0,0.0,3.0,0.0,multi_hotspot,0.0,,10000.0,0.0,1.0,1.0,48.0,0.0,0.0,0.0,0.0
,,greedy_local_search,3131.918120974454,2,exp4:multi_hotspot:c0.75:t3.0:r002,0.0,0.75,0.0,,,hardening:multi_hotspot:r002,4,,,0.0,1.0,catalog/geography,,,0.0,10000.000000000002,Catalog + geography,0.0,,0.0,0.0,0.0,0.0,0.0,moderate,0.0,,0.0,0.0,0.0,,,,0.0,,0.0,0.0,,40002,[],,,0.0,0.0,3.0,0.0,multi_hotspot,0.0,,10000.0,0.0,1.0,1.0,48.0,0.0,0.0,0.0,0.0
,,greedy_local_search,3131.918120974454,2,exp4:multi_hotspot:c0.75:t3.0:r002,1.0,0.75,950.7679701274384,,,hardening:multi_hotspot:r002,4,,,549.9264176467283,1.0,truthful resolved feasibility,,,0.0,10000.000000000002,Current feasibility,1.0,,0.0225745675876825,0.0,0.2661298796368602,0.0,27.54145279410386,moderate,27.54145279410386,,0.0633845313418292,633.8453134182921,27.54145279410386,,,,0.0,,633.8453134182921,0.0027541452794103,,40002,"[""C000""]",,,1.0,0.0,3.0,633.8453134182922,multi_hotspot,606.3038606241882,,9366.154686581707,56.37744297746002,1.0,0.0,48.0,950.7679701274383,2535.3812536731684,1.0000000000000002,0.25000000000000006
,,greedy_local_search,3097.6906149428264,2,exp4:multi_hotspot:c0.75:t3.0:r003,0.0,0.75,0.0,,,hardening:multi_hotspot:r003,4,,,0.0,1.0,catalog/geography,,,0.0,10000.000000000002,Catalog + geography,0.0,,0.0,0.0,0.0,0.0,0.0,moderate,0.0,,0.0,0.0,0.0,,,,0.0,,0.0,0.0,,40003,[],,,0.0,0.0,3.0,0.0,multi_hotspot,0.0,,10000.0,0.0,1.0,1.0,48.0,0.0,0.0,0.0,0.0
,,greedy_local_search,3097.6906149428264,2,exp4:multi_hotspot:c0.75:t3.0:r003,0.0,0.75,0.0,,,hardening:multi_hotspot:r003,4,,,0.0,1.0,truthful resolved feasibility,,,0.0,10000.000000000002,Current feasibility,0.0,,0.0,0.0,0.0,0.0,0.0,moderate,0.0,,0.0,0.0,0.0,,,,0.0,,0.0,0.0,,40003,[],,,0.0,0.0,3.0,0.0,multi_hotspot,0.0,,10000.0,0.0,1.0,1.0,48.0,0.0,0.0,0.0,0.0
,,greedy_local_search,3168.841656308462,2,exp4:multi_hotspot:c0.75:t3.0:r004,0.0,0.75,0.0,,,hardening:multi_hotspot:r004,4,,,0.0,1.0,catalog/geography,,,0.0,10000.0,Catalog + geography,0.0,,0.0,0.0,0.0,0.0,0.0,moderate,0.0,,0.0,0.0,0.0,,,,0.0,,0.0,0.0,,40004,[],,,0.0,0.0,3.0,0.0,multi_hotspot,0.0,,10000.0,0.0,1.0,1.0,48.0,0.0,0.0,0.0,0.0
,,greedy_local_search,3168.841656308462,2,exp4:multi_hotspot:c0.75:t3.0:r004,0.0,0.75,0.0,,,hardening:multi_hotspot:r004,4,,,0.0,1.0,truthful resolved feasibility,,,0.0,10000.0,Current feasibility,0.0,,0.0,0.0,0.0,0.0,0.0,moderate,0.0,,0.0,0.0,0.0,,,,0.0,,0.0,0.0,,40004,[],,,0.0,0.0,3.0,0.0,multi_hotspot,0.0,,10000.0,0.0,1.0,1.0,48.0,0.0,0.0,0.0,0.0
,,greedy_local_search,3121.037067074452,2,exp4:multi_hotspot:c0.75:t3.0:r005,2.0,0.75,1670.06172871026,,,hardening:multi_hotspot:r005,4,,,1001.549985287741,1.0,catalog/geography,,,0.0,10000.0,Catalog + geography,1.0,,0.094583939045953,0.0349540374287282,0.2827038145497512,37.85416333755643,23.36867227884568,moderate,-14.48549105871075,,0.1113374485806839,1113.37448580684,-14.48549105871075,,,,0.0,,1113.37448580684,-0.001448549105871,,40005,"[""C001"", ""C002""]",,,2.0,0.0,3.0,1113.3744858068403,multi_hotspot,1127.8599768655508,,8886.62551419316,126.30999157780984,1.0,0.0,48.0,1731.9473983268508,4618.52639553827,0.9642681586771195,0.2410670396692799
,,greedy_local_search,3121.037067074452,2,exp4:multi_hotspot:c0.75:t3.0:r005,1.0,0.75,821.9502850610064,,,hardening:multi_hotspot:r005,4,,,482.4022002591152,1.0,truthful resolved feasibility,,,0.0,10000.0,Current feasibility,1.0,,0.094583939045953,0.0349540374287282,0.0,0.0,3.27050474510736,moderate,3.27050474510736,,0.0547966856707337,547.9668567073377,3.27050474510736,,,,0.0,,547.9668567073377,0.0003270504745107,,40005,"[""C001""]",,,1.0,0.0,3.0,547.9668567073377,multi_hotspot,544.6963519622303,,9452.03314329266,62.29415170311516,1.0,0.0,48.0,821.9502850610065,2191.8674268293507,0.9999999999999999,0.25
,,greedy_local_search,3057.222876742177,2,exp4:multi_hotspot:c0.75:t3.0:r006,1.0,0.75,111.13594828878762,,,hardening:multi_hotspot:r006,4,,,546.2064853884543,1.0,catalog/geography,,,0.0,10000.0,Catalog + geography,0.0,,0.0164645849316722,0.0,0.0,500.35260167172953,21.14899488536946,moderate,-479.20360678636007,,0.0074090632192525,74.09063219252508,-479.20360678636007,,,,0.0,,74.09063219252508,-0.047920360678636,,40006,"[""C002""]",,,1.0,0.0,3.0,74.09063219252508,multi_hotspot,553.2942389788851,,9925.909367807477,7.087753590430779,1.0,0.0,48.0,928.8679856314018,2476.9812950170713,0.11964665593813367,0.029911663984533418
,,greedy_local_search,3057.222876742177,2,exp4:multi_hotspot:c0.75:t3.0:r006,1.0,0.75,902.6538232940776,,,hardening:multi_hotspot:r006,4,,,481.79294909144687,1.0,truthful resolved feasibility,,,0.0,10000.0,Current feasibility,1.0,,0.0,0.1365926330950976,0.0618474998482717,0.0,49.08671345602704,moderate,49.08671345602704,,0.0601769215529384,601.769215529385,49.08671345602704,,,,0.0,,601.7692155293851,0.0049086713456027,,40006,"[""C000""]",,,1.0,0.0,3.0,601.7692155293851,multi_hotspot,552.682502073358,,9398.230784470616,70.88955298191112,1.0,0.0,48.0,902.6538232940775,2407.07686211754,1.0000000000000002,0.25000000000000006
,,greedy_local_search,3160.0896040703738,2,exp4:multi_hotspot:c0.75:t3.0:r007,0.0,0.75,0.0,,,hardening:multi_hotspot:r007,4,,,0.0,1.0,catalog/geography,,,0.0,9999.999999999998,Catalog + geography,0.0,,0.0,0.0,0.0,0.0,0.0,moderate,0.0,,0.0,0.0,0.0,,,,0.0,,0.0,0.0,,40007,[],,,0.0,0.0,3.0,0.0,multi_hotspot,0.0,,10000.0,0.0,1.0,1.0,48.0,0.0,0.0,0.0,0.0
,,greedy_local_search,3160.0896040703738,2,exp4:multi_hotspot:c0.75:t3.0:r007,0.0,0.75,0.0,,,hardening:multi_hotspot:r007,4,,,0.0,1.0,truthful resolved feasibility,,,0.0,9999.999999999998,Current feasibility,0.0,,0.0,0.0,0.0,0.0,0.0,moderate,0.0,,0.0,0.0,0.0,,,,0.0,,0.0,0.0,,40007,[],,,0.0,0.0,3.0,0.0,multi_hotspot,0.0,,10000.0,0.0,1.0,1.0,48.0,0.0,0.0,0.0,0.0
,,greedy_local_search,3111.814402771996,2,exp4:multi_hotspot:c0.75:t3.0:r008,2.0,0.75,873.8999846992899,,,hardening:multi_hotspot:r008,4,,,995.487033795672,1.0,catalog/geography,,,0.0,10000.0,Catalog + geography,1.0,,0.0622403850260371,0.0550033194877017,0.0550033194877017,549.6900374221716,76.53292389243711,moderate,-473.1571135297345,,0.0582599989799526,582.5999897995266,-473.1571135297345,,,,0.0,,582.5999897995266,-0.0473157113529734,,40008,"[""C001"", ""C002""]",,,2.0,494.3346230819706,3.0,582.5999897995267,multi_hotspot,1055.757103329261,,9417.400010200472,60.27006953358909,1.0,0.0,48.0,1766.1380879525618,4709.701567873501,0.4948084131475696,0.12370210328689238
,,greedy_local_search,3111.814402771996,2,exp4:multi_hotspot:c0.75:t3.0:r008,2.0,0.75,1688.940786647685,,,hardening:multi_hotspot:r008,4,,,991.8503972277754,1.0,truthful resolved feasibility,,,0.0,10000.0,Current feasibility,2.0,,0.1394609396224366,0.0880036548382993,0.0951867520983887,0.0,26.413116611694026,moderate,26.413116611694026,,0.112596052443179,1125.96052443179,26.413116611694026,,,,0.0,,1125.96052443179,0.0026413116611694,,40008,"[""C000"", ""C001""]",,,2.0,0.0,3.0,1125.96052443179,multi_hotspot,1099.547407820096,,8874.03947556821,107.6970105923206,1.0,0.0,48.0,1688.940786647685,4503.842097727162,1.0,0.2499999999999999
,,greedy_local_search,3134.181575541887,2,exp4:multi_hotspot:c0.75:t3.0:r009,1.0,0.75,833.5096055042247,,,hardening:multi_hotspot:r009,4,,,485.45747738819705,1.0,catalog/geography,,,0.0,9999.999999999998,Catalog + geography,1.0,,0.0578103346287114,0.0844361612876995,0.0,0.0548080885681656,8.65787505950982,moderate,8.603066970941654,,0.0555673070336149,555.6730703361499,8.603066970941654,,,,0.0,,555.6730703361499,0.0008603066970941,,40009,"[""C001""]",,,1.0,0.0,3.0,555.6730703361499,multi_hotspot,547.0700033652082,,9444.32692966385,61.61252597701117,1.0,0.0,48.0,833.5096055042249,2222.692281344599,0.9999999999999999,0.25000000000000006
,,greedy_local_search,3134.181575541887,2,exp4:multi_hotspot:c0.75:t3.0:r009,1.0,0.75,833.5096055042247,,,hardening:multi_hotspot:r009,4,,,485.45747738819705,1.0,truthful resolved feasibility,,,0.0,9999.999999999998,Current feasibility,1.0,,0.0578103346287114,0.0844361612876995,0.0,0.0,8.603066970941654,moderate,8.603066970941654,,0.0555673070336149,555.6730703361499,8.603066970941654,,,,0.0,,555.6730703361499,0.0008603066970941,,40009,"[""C001""]",,,1.0,0.0,3.0,555.6730703361499,multi_hotspot,547.0700033652082,,9444.32692966385,61.61252597701117,1.0,0.0,48.0,833.5096055042249,2222.692281344599,0.9999999999999999,0.25000000000000006
,,greedy_local_search,3131.0191729170765,2,exp4:multi_hotspot:c0.75:t3.0:r010,1.0,0.75,147.07663538871083,,,hardening:multi_hotspot:r010,4,,,494.8125988593468,1.0,catalog/geography,,,0.0,10000.0,Catalog + geography,0.0,,0.0,0.0,0.0490255451295702,426.7512812189637,19.78164912353361,moderate,-406.9696320954301,,0.009805109025914,98.05109025914057,-406.9696320954301,,,,0.0,,98.05109025914057,-0.040696963209543,,40010,"[""C002""]",,,1.0,0.0,3.0,98.05109025914057,multi_hotspot,505.0207223545706,,9901.94890974086,10.20812349522382,1.0,0.0,48.0,856.2766785191787,2283.404476051143,0.17176298161367784,0.042940745403419474
,,greedy_local_search,3131.0191729170765,2,exp4:multi_hotspot:c0.75:t3.0:r010,0.0,0.75,0.0,,,hardening:multi_hotspot:r010,4,,,0.0,1.0,truthful resolved feasibility,,,0.0,10000.0,Current feasibility,0.0,,0.0,0.0,0.0,0.0,0.0,moderate,0.0,,0.0,0.0,0.0,,,,0.0,,0.0,0.0,,40010,[],,,0.0,0.0,3.0,0.0,multi_hotspot,0.0,,10000.0,0.0,1.0,1.0,48.0,0.0,0.0,0.0,0.0
,,greedy_local_search,3086.135330375794,2,exp4:multi_hotspot:c0.75:t3.0:r011,0.0,0.75,0.0,,,hardening:multi_hotspot:r011,4,,,0.0,1.0,catalog/geography,,,0.0,9999.999999999998,Catalog + geography,0.0,,0.0,0.0,0.0,0.0,0.0,moderate,0.0,,0.0,0.0,0.0,,,,0.0,,0.0,0.0,,40011,[],,,0.0,0.0,3.0,0.0,multi_hotspot,0.0,,10000.0,0.0,1.0,1.0,48.0,0.0,0.0,0.0,0.0
,,greedy_local_search,3086.135330375794,2,exp4:multi_hotspot:c0.75:t3.0:r011,0.0,0.75,0.0,,,hardening:multi_hotspot:r011,4,,,0.0,1.0,truthful resolved feasibility,,,0.0,9999.999999999998,Current feasibility,0.0,,0.0,0.0,0.0,0.0,0.0,moderate,0.0,,0.0,0.0,0.0,,,,0.0,,0.0,0.0,,40011,[],,,0.0,0.0,3.0,0.0,multi_hotspot,0.0,,10000.0,0.0,1.0,1.0,48.0,0.0,0.0,0.0,0.0
,,greedy_local_search,3156.616877017109,2,exp4:multi_hotspot:c0.75:t3.0:r012,2.0,0.75,1080.050289895222,,,hardening:multi_hotspot:r012,4,,,1076.943822750609,1.0,catalog/geography,,,0.0,10000.0,Catalog + geography,1.0,,0.1134605617223539,0.0,0.1047304994231108,451.55820340368905,28.635407801119527,moderate,-422.9227956025695,,0.0720033526596814,720.0335265968147,-422.9227956025695,,,,0.0,,720.0335265968147,-0.0422922795602569,,40012,"[""C000"", ""C001""]",,,2.0,0.0,3.0,720.0335265968147,multi_hotspot,1142.9563221993842,,9279.966473403189,66.01249944877523,1.0,0.0,48.0,1832.697302056931,4887.192805485149,0.5893227914304374,0.14733069785760936
,,greedy_local_search,3156.616877017109,2,exp4:multi_hotspot:c0.75:t3.0:r012,0.0,0.75,0.0,,,hardening:multi_hotspot:r012,4,,,0.0,1.0,truthful resolved feasibility,,,0.0,10000.0,Current feasibility,0.0,,0.0,0.0,0.0,0.0,0.0,moderate,0.0,,0.0,0.0,0.0,,,,0.0,,0.0,0.0,,40012,[],,,0.0,0.0,3.0,0.0,multi_hotspot,0.0,,10000.0,0.0,1.0,1.0,48.0,0.0,0.0,0.0,0.0
,,greedy_local_search,3128.370898926705,2,exp4:multi_hotspot:c0.75:t3.0:r013,0.0,0.75,0.0,,,hardening:multi_hotspot:r013,4,,,0.0,1.0,catalog/geography,,,0.0,9999.999999999998,Catalog + geography,0.0,,0.0,0.0,0.0,0.0,0.0,moderate,0.0,,0.0,0.0,0.0,,,,0.0,,0.0,0.0,,40013,[],,,0.0,0.0,3.0,0.0,multi_hotspot,0.0,,10000.0,0.0,1.0,1.0,48.0,0.0,0.0,0.0,0.0
,,greedy_local_search,3128.370898926705,2,exp4:multi_hotspot:c0.75:t3.0:r013,0.0,0.75,0.0,,,hardening:multi_hotspot:r013,4,,,0.0,1.0,truthful resolved feasibility,,,0.0,9999.999999999998,Current feasibility,0.0,,0.0,0.0,0.0,0.0,0.0,moderate,0.0,,0.0,0.0,0.0,,,,0.0,,0.0,0.0,,40013,[],,,0.0,0.0,3.0,0.0,multi_hotspot,0.0,,10000.0,0.0,1.0,1.0,48.0,0.0,0.0,0.0,0.0
,,greedy_local_search,3172.528396547715,2,exp4:multi_hotspot:c0.75:t3.0:r014,0.0,0.75,0.0,,,hardening:multi_hotspot:r014,4,,,0.0,1.0,catalog/geography,,,0.0,10000.0,Catalog + geography,0.0,,0.0,0.0,0.0,0.0,0.0,moderate,0.0,,0.0,0.0,0.0,,,,0.0,,0.0,0.0,,40014,[],,,0.0,0.0,3.0,0.0,multi_hotspot,0.0,,10000.0,0.0,1.0,1.0,48.0,0.0,0.0,0.0,0.0
,,greedy_local_search,3172.528396547715,2,exp4:multi_hotspot:c0.75:t3.0:r014,0.0,0.75,0.0,,,hardening:multi_hotspot:r014,4,,,0.0,1.0,truthful resolved feasibility,,,0.0,10000.0,Current feasibility,0.0,,0.0,0.0,0.0,0.0,0.0,moderate,0.0,,0.0,0.0,0.0,,,,0.0,,0.0,0.0,,40014,[],,,0.0,0.0,3.0,0.0,multi_hotspot,0.0,,10000.0,0.0,1.0,1.0,48.0,0.0,0.0,0.0,0.0
,,greedy_local_search,3173.152608497909,2,exp4:multi_hotspot:c0.75:t3.0:r015,0.0,0.75,0.0,,,hardening:multi_hotspot:r015,4,,,0.0,1.0,catalog/geography,,,0.0,9999.999999999998,Catalog + geography,0.0,,0.0,0.0,0.0,0.0,0.0,moderate,0.0,,0.0,0.0,0.0,,,,0.0,,0.0,0.0,,40015,[],,,0.0,0.0,3.0,0.0,multi_hotspot,0.0,,10000.0,0.0,1.0,1.0,48.0,0.0,0.0,0.0,0.0
,,greedy_local_search,3173.152608497909,2,exp4:multi_hotspot:c0.75:t3.0:r015,0.0,0.75,0.0,,,hardening:multi_hotspot:r015,4,,,0.0,1.0,truthful resolved feasibility,,,0.0,9999.999999999998,Current feasibility,0.0,,0.0,0.0,0.0,0.0,0.0,moderate,0.0,,0.0,0.0,0.0,,,,0.0,,0.0,0.0,,40015,[],,,0.0,0.0,3.0,0.0,multi_hotspot,0.0,,10000.0,0.0,1.0,1.0,48.0,0.0,0.0,0.0,0.0
,,greedy_local_search,3177.084552498707,2,exp4:multi_hotspot:c0.75:t3.0:r016,0.0,0.75,0.0,,,hardening:multi_hotspot:r016,4,,,0.0,1.0,catalog/geography,,,0.0,10000.0,Catalog + geography,0.0,,0.0,0.0,0.0,0.0,0.0,moderate,0.0,,0.0,0.0,0.0,,,,0.0,,0.0,0.0,,40016,[],,,0.0,0.0,3.0,0.0,multi_hotspot,0.0,,10000.000000000002,0.0,1.0,1.0,48.0,0.0,0.0,0.0,0.0
,,greedy_local_search,3177.084552498707,2,exp4:multi_hotspot:c0.75:t3.0:r016,0.0,0.75,0.0,,,hardening:multi_hotspot:r016,4,,,0.0,1.0,truthful resolved feasibility,,,0.0,10000.0,Current feasibility,0.0,,0.0,0.0,0.0,0.0,0.0,moderate,0.0,,0.0,0.0,0.0,,,,0.0,,0.0,0.0,,40016,[],,,0.0,0.0,3.0,0.0,multi_hotspot,0.0,,10000.000000000002,0.0,1.0,1.0,48.0,0.0,0.0,0.0,0.0
,,greedy_local_search,3078.847843759583,2,exp4:multi_hotspot:c0.75:t3.0:r017,2.0,0.75,1799.1406781224762,,,hardening:multi_hotspot:r017,4,,,1011.2460599250104,1.0,catalog/geography,,,0.0,10000.0,Catalog + geography,2.0,,0.0924468426919265,0.1745086238832482,0.0863180715216395,4.600814547160326,60.94984821838921,moderate,56.34903367122888,,0.1199427118748317,1199.4271187483173,56.34903367122888,,,,0.0,,1199.4271187483173,0.0056349033671228,,40017,"[""C001"", ""C002""]",,,2.0,0.0,3.0,1199.4271187483175,multi_hotspot,1143.0780850770884,,8800.57288125168,131.83202515207802,1.0,0.0,48.0,1799.140678122476,4797.708474993269,1.0000000000000002,0.25000000000000006
,,greedy_local_search,3078.847843759583,2,exp4:multi_hotspot:c0.75:t3.0:r017,2.0,0.75,1799.1406781224762,,,hardening:multi_hotspot:r017,4,,,1011.2460599250104,1.0,truthful resolved feasibility,,,0.0,10000.0,Current feasibility,2.0,,0.0924468426919265,0.1745086238832482,0.0863180715216395,0.0,56.34903367122888,moderate,56.34903367122888,,0.1199427118748317,1199.4271187483173,56.34903367122888,,,,0.0,,1199.4271187483173,0.0056349033671228,,40017,"[""C001"", ""C002""]",,,2.0,0.0,3.0,1199.4271187483175,multi_hotspot,1143.0780850770884,,8800.57288125168,131.83202515207802,1.0,0.0,48.0,1799.140678122476,4797.708474993269,1.0000000000000002,0.25000000000000006
,,greedy_local_search,3144.247219381794,2,exp4:multi_hotspot:c0.75:t3.0:r018,0.0,0.75,0.0,,,hardening:multi_hotspot:r018,4,,,0.0,1.0,catalog/geography,,,0.0,10000.000000000002,Catalog + geography,0.0,,0.0,0.0,0.0,0.0,0.0,moderate,0.0,,0.0,0.0,0.0,,,,0.0,,0.0,0.0,,40018,[],,,0.0,0.0,3.0,0.0,multi_hotspot,0.0,,10000.000000000002,0.0,1.0,1.0,48.0,0.0,0.0,0.0,0.0
,,greedy_local_search,3144.247219381794,2,exp4:multi_hotspot:c0.75:t3.0:r018,0.0,0.75,0.0,,,hardening:multi_hotspot:r018,4,,,0.0,1.0,truthful resolved feasibility,,,0.0,10000.000000000002,Current feasibility,0.0,,0.0,0.0,0.0,0.0,0.0,moderate,0.0,,0.0,0.0,0.0,,,,0.0,,0.0,0.0,,40018,[],,,0.0,0.0,3.0,0.0,multi_hotspot,0.0,,10000.000000000002,0.0,1.0,1.0,48.0,0.0,0.0,0.0,0.0
,,greedy_local_search,3139.3042522037977,2,exp4:multi_hotspot:c0.75:t3.0:r019,0.0,0.75,0.0,,,hardening:multi_hotspot:r019,4,,,0.0,1.0,catalog/geography,,,0.0,9999.999999999998,Catalog + geography,0.0,,0.0,0.0,0.0,0.0,0.0,moderate,0.0,,0.0,0.0,0.0,,,,0.0,,0.0,0.0,,40019,[],,,0.0,0.0,3.0,0.0,multi_hotspot,0.0,,10000.0,0.0,1.0,1.0,48.0,0.0,0.0,0.0,0.0
,,greedy_local_search,3139.3042522037977,2,exp4:multi_hotspot:c0.75:t3.0:r019,0.0,0.75,0.0,,,hardening:multi_hotspot:r019,4,,,0.0,1.0,truthful resolved feasibility,,,0.0,9999.999999999998,Current feasibility,0.0,,0.0,0.0,0.0,0.0,0.0,moderate,0.0,,0.0,0.0,0.0,,,,0.0,,0.0,0.0,,40019,[],,,0.0,0.0,3.0,0.0,multi_hotspot,0.0,,10000.0,0.0,1.0,1.0,48.0,0.0,0.0,0.0,0.0
,,greedy_local_search,3167.1915373627367,2,exp4:multi_hotspot:c1.5:t0.75:r000,1.0,1.5,940.5605137711266,,,hardening:multi_hotspot:r000,4,,,529.4157164299909,1.0,catalog/geography,,,0.0,10000.0,Catalog + geography,1.0,,0.0638414375031599,0.0970725353571042,0.0,1.0263416228162896,29.70136084582361,moderate,28.675019223007325,,0.0627040342514084,627.0403425140844,28.675019223007325,,,,0.0,,627.0403425140844,0.0028675019223007,,40000,"[""C001""]",,,1.0,0.0,0.75,627.0403425140844,multi_hotspot,598.3653232910771,,9372.959657485912,68.94960686108621,1.0,0.0,48.0,1881.8402301220967,627.2800767073658,0.4998089097660015,0.9996178195320028
,,greedy_local_search,3167.1915373627367,2,exp4:multi_hotspot:c1.5:t0.75:r000,1.0,1.5,940.5605137711266,,,hardening:multi_hotspot:r000,4,,,529.4157164299909,1.0,truthful resolved feasibility,,,0.0,10000.0,Current feasibility,1.0,,0.0638414375031599,0.0970725353571042,0.0,0.0,28.675019223007325,moderate,28.675019223007325,,0.0627040342514084,627.0403425140844,28.675019223007325,,,,0.0,,627.0403425140844,0.0028675019223007,,40000,"[""C001""]",,,1.0,0.0,0.75,627.0403425140844,multi_hotspot,598.3653232910771,,9372.959657485912,68.94960686108621,1.0,0.0,48.0,1881.8402301220967,627.2800767073658,0.4998089097660015,0.9996178195320028
,,greedy_local_search,3142.794055820548,2,exp4:multi_hotspot:c1.5:t0.75:r001,0.0,1.5,0.0,,,hardening:multi_hotspot:r001,4,,,0.0,1.0,catalog/geography,,,0.0,10000.0,Catalog + geography,0.0,,0.0,0.0,0.0,0.0,0.0,moderate,0.0,,0.0,0.0,0.0,,,,0.0,,0.0,0.0,,40001,[],,,0.0,0.0,0.75,0.0,multi_hotspot,0.0,,10000.0,0.0,1.0,1.0,48.0,0.0,0.0,0.0,0.0
,,greedy_local_search,3142.794055820548,2,exp4:multi_hotspot:c1.5:t0.75:r001,0.0,1.5,0.0,,,hardening:multi_hotspot:r001,4,,,0.0,1.0,truthful resolved feasibility,,,0.0,10000.0,Current feasibility,0.0,,0.0,0.0,0.0,0.0,0.0,moderate,0.0,,0.0,0.0,0.0,,,,0.0,,0.0,0.0,,40001,[],,,0.0,0.0,0.75,0.0,multi_hotspot,0.0,,10000.0,0.0,1.0,1.0,48.0,0.0,0.0,0.0,0.0
,,greedy_local_search,3131.918120974454,2,exp4:multi_hotspot:c1.5:t0.75:r002,0.0,1.5,0.0,,,hardening:multi_hotspot:r002,4,,,0.0,1.0,catalog/geography,,,0.0,10000.000000000002,Catalog + geography,0.0,,0.0,0.0,0.0,0.0,0.0,moderate,0.0,,0.0,0.0,0.0,,,,0.0,,0.0,0.0,,40002,[],,,0.0,0.0,0.75,0.0,multi_hotspot,0.0,,10000.0,0.0,1.0,1.0,48.0,0.0,0.0,0.0,0.0
,,greedy_local_search,3131.918120974454,2,exp4:multi_hotspot:c1.5:t0.75:r002,0.0,1.5,0.0,,,hardening:multi_hotspot:r002,4,,,0.0,1.0,truthful resolved feasibility,,,0.0,10000.000000000002,Current feasibility,0.0,,0.0,0.0,0.0,0.0,0.0,moderate,0.0,,0.0,0.0,0.0,,,,0.0,,0.0,0.0,,40002,[],,,0.0,0.0,0.75,0.0,multi_hotspot,0.0,,10000.0,0.0,1.0,1.0,48.0,0.0,0.0,0.0,0.0
,,greedy_local_search,3097.6906149428264,2,exp4:multi_hotspot:c1.5:t0.75:r003,0.0,1.5,0.0,,,hardening:multi_hotspot:r003,4,,,0.0,1.0,catalog/geography,,,0.0,10000.000000000002,Catalog + geography,0.0,,0.0,0.0,0.0,0.0,0.0,moderate,0.0,,0.0,0.0,0.0,,,,0.0,,0.0,0.0,,40003,[],,,0.0,0.0,0.75,0.0,multi_hotspot,0.0,,10000.0,0.0,1.0,1.0,48.0,0.0,0.0,0.0,0.0
,,greedy_local_search,3097.6906149428264,2,exp4:multi_hotspot:c1.5:t0.75:r003,0.0,1.5,0.0,,,hardening:multi_hotspot:r003,4,,,0.0,1.0,truthful resolved feasibility,,,0.0,10000.000000000002,Current feasibility,0.0,,0.0,0.0,0.0,0.0,0.0,moderate,0.0,,0.0,0.0,0.0,,,,0.0,,0.0,0.0,,40003,[],,,0.0,0.0,0.75,0.0,multi_hotspot,0.0,,10000.0,0.0,1.0,1.0,48.0,0.0,0.0,0.0,0.0
,,greedy_local_search,3168.841656308462,2,exp4:multi_hotspot:c1.5:t0.75:r004,0.0,1.5,0.0,,,hardening:multi_hotspot:r004,4,,,0.0,1.0,catalog/geography,,,0.0,10000.0,Catalog + geography,0.0,,0.0,0.0,0.0,0.0,0.0,moderate,0.0,,0.0,0.0,0.0,,,,0.0,,0.0,0.0,,40004,[],,,0.0,0.0,0.75,0.0,multi_hotspot,0.0,,10000.0,0.0,1.0,1.0,48.0,0.0,0.0,0.0,0.0
,,greedy_local_search,3168.841656308462,2,exp4:multi_hotspot:c1.5:t0.75:r004,0.0,1.5,0.0,,,hardening:multi_hotspot:r004,4,,,0.0,1.0,truthful resolved feasibility,,,0.0,10000.0,Current feasibility,0.0,,0.0,0.0,0.0,0.0,0.0,moderate,0.0,,0.0,0.0,0.0,,,,0.0,,0.0,0.0,,40004,[],,,0.0,0.0,0.75,0.0,multi_hotspot,0.0,,10000.0,0.0,1.0,1.0,48.0,0.0,0.0,0.0,0.0
,,greedy_local_search,3121.037067074452,2,exp4:multi_hotspot:c1.5:t0.75:r005,2.0,1.5,1445.2127507999596,,,hardening:multi_hotspot:r005,4,,,1001.549985287741,1.0,catalog/geography,,,0.0,10000.0,Catalog + geography,1.0,,0.0442726508295805,0.0996399794212072,0.2077541552463177,170.5354452500785,23.29979278955216,moderate,-147.23565246052635,,0.0963475167199973,963.4751671999732,-147.23565246052635,,,,0.0,,963.4751671999732,-0.0147235652460526,,40005,"[""C001"", ""C002""]",,,2.0,0.0,0.75,963.4751671999732,multi_hotspot,1110.7108196604995,,9036.524832800029,109.16083437275844,1.0,0.0,48.0,3463.8947966537016,1154.6315988845674,0.4172218949016894,0.8344437898033787
,,greedy_local_search,3121.037067074452,2,exp4:multi_hotspot:c1.5:t0.75:r005,1.0,1.5,821.9502850610063,,,hardening:multi_hotspot:r005,4,,,482.4022002591152,1.0,truthful resolved feasibility,,,0.0,10000.0,Current feasibility,1.0,,0.0442726508295805,0.0996399794212072,0.0,0.0,3.27050474510736,moderate,3.27050474510736,,0.0547966856707337,547.9668567073377,3.27050474510736,,,,0.0,,547.9668567073377,0.0003270504745107,,40005,"[""C001""]",,,1.0,0.0,0.75,547.9668567073376,multi_hotspot,544.6963519622303,,9452.03314329266,62.29415170311516,1.0,0.0,48.0,1643.900570122013,547.9668567073377,0.4999999999999999,0.9999999999999998
,,greedy_local_search,3057.222876742177,2,exp4:multi_hotspot:c1.5:t0.75:r006,1.0,1.5,111.13594828878762,,,hardening:multi_hotspot:r006,4,,,546.2064853884543,1.0,catalog/geography,,,0.0,10000.0,Catalog + geography,0.0,,0.0164645849316722,0.0,0.0,500.35260167172953,21.14899488536946,moderate,-479.20360678636007,,0.0074090632192525,74.09063219252508,-479.20360678636007,,,,0.0,,74.09063219252508,-0.047920360678636,,40006,"[""C002""]",,,1.0,0.0,0.75,74.09063219252508,multi_hotspot,553.2942389788851,,9925.909367807477,7.087753590430779,1.0,0.0,48.0,1857.7359712628036,619.2453237542678,0.059823327969066836,0.11964665593813367
,,greedy_local_search,3057.222876742177,2,exp4:multi_hotspot:c1.5:t0.75:r006,1.0,1.5,902.6538232940776,,,hardening:multi_hotspot:r006,4,,,481.79294909144687,1.0,truthful resolved feasibility,,,0.0,10000.0,Current feasibility,1.0,,0.0,0.0776976247451886,0.1649137644606123,0.0,48.749524976036014,moderate,48.749524976036014,,0.0601769215529384,601.769215529385,48.749524976036014,,,,0.0,,601.769215529385,0.0048749524976036,,40006,"[""C000""]",,,1.0,0.0,0.75,601.769215529385,multi_hotspot,553.0196905533489,,9398.230784470616,71.2267414619021,1.0,0.0,48.0,1805.307646588155,601.769215529385,0.5000000000000001,1.0
,,greedy_local_search,3160.0896040703738,2,exp4:multi_hotspot:c1.5:t0.75:r007,0.0,1.5,0.0,,,hardening:multi_hotspot:r007,4,,,0.0,1.0,catalog/geography,,,0.0,9999.999999999998,Catalog + geography,0.0,,0.0,0.0,0.0,0.0,0.0,moderate,0.0,,0.0,0.0,0.0,,,,0.0,,0.0,0.0,,40007,[],,,0.0,0.0,0.75,0.0,multi_hotspot,0.0,,10000.0,0.0,1.0,1.0,48.0,0.0,0.0,0.0,0.0
,,greedy_local_search,3160.0896040703738,2,exp4:multi_hotspot:c1.5:t0.75:r007,0.0,1.5,0.0,,,hardening:multi_hotspot:r007,4,,,0.0,1.0,truthful resolved feasibility,,,0.0,9999.999999999998,Current feasibility,0.0,,0.0,0.0,0.0,0.0,0.0,moderate,0.0,,0.0,0.0,0.0,,,,0.0,,0.0,0.0,,40007,[],,,0.0,0.0,0.75,0.0,multi_hotspot,0.0,,10000.0,0.0,1.0,1.0,48.0,0.0,0.0,0.0,0.0
,,greedy_local_search,3111.814402771996,2,exp4:multi_hotspot:c1.5:t0.75:r008,2.0,1.5,873.8999846992904,,,hardening:multi_hotspot:r008,4,,,995.487033795672,1.0,catalog/geography,,,0.0,10000.0,Catalog + geography,1.0,,0.0550033194877017,0.0550033194877017,0.0712867169489565,549.6191734447292,76.46205991499505,moderate,-473.15711352973415,,0.0582599989799526,582.599989799527,-473.15711352973415,,,,0.0,,582.599989799527,-0.0473157113529734,,40008,"[""C001"", ""C002""]",,,2.0,494.3346230819706,0.75,582.5999897995271,multi_hotspot,1055.757103329261,,9417.400010200472,60.27006953358912,1.0,0.0,48.0,3532.2761759051236,1177.4253919683752,0.24740420657378495,0.4948084131475698
,,greedy_local_search,3111.814402771996,2,exp4:multi_hotspot:c1.5:t0.75:r008,1.0,1.5,873.8999846992904,,,hardening:multi_hotspot:r008,4,,,501.1524107137014,1.0,truthful resolved feasibility,,,0.0,10000.0,Current feasibility,1.0,,0.0550033194877017,0.0550033194877017,0.0712867169489565,0.0,21.177509552236412,moderate,21.177509552236412,,0.0582599989799526,582.599989799527,21.177509552236412,,,,0.0,,582.599989799527,0.0021177509552236,,40008,"[""C001""]",,,1.0,0.0,0.75,582.5999897995271,multi_hotspot,561.4224802472905,,9417.400010200472,60.27006953358912,1.0,0.0,48.0,1747.79996939858,582.599989799527,0.5000000000000002,1.0000000000000002
,,greedy_local_search,3134.181575541887,2,exp4:multi_hotspot:c1.5:t0.75:r009,1.0,1.5,756.210435347361,,,hardening:multi_hotspot:r009,4,,,485.45747738819705,1.0,catalog/geography,,,0.0,9999.999999999998,Catalog + geography,1.0,,0.0343372887333493,0.0998921402661433,0.0,45.87882015248511,8.655301107331184,moderate,-37.22351904515392,,0.0504140290231573,504.140290231574,-37.22351904515392,,,,0.0,,504.140290231574,-0.0037223519045153,,40009,"[""C001""]",,,1.0,0.0,0.75,504.14029023157406,multi_hotspot,541.3638092767279,,9495.859709768429,55.90633188853091,1.0,0.0,48.0,1667.0192110084497,555.6730703361497,0.45363030632976187,0.9072606126595241
,,greedy_local_search,3134.181575541887,2,exp4:multi_hotspot:c1.5:t0.75:r009,0.0,1.5,0.0,,,hardening:multi_hotspot:r009,4,,,0.0,1.0,truthful resolved feasibility,,,0.0,9999.999999999998,Current feasibility,0.0,,0.0,0.0,0.0,0.0,0.0,moderate,0.0,,0.0,0.0,0.0,,,,0.0,,0.0,0.0,,40009,[],,,0.0,0.0,0.75,0.0,multi_hotspot,0.0,,10000.000000000002,0.0,1.0,1.0,48.0,0.0,0.0,0.0,0.0
,,greedy_local_search,3131.0191729170765,2,exp4:multi_hotspot:c1.5:t0.75:r010,1.0,1.5,147.07663538871083,,,hardening:multi_hotspot:r010,4,,,494.8125988593468,1.0,catalog/geography,,,0.0,10000.0,Catalog + geography,0.0,,0.0,0.0,0.0490255451295702,426.7512812189636,19.781649123533494,moderate,-406.9696320954301,,0.009805109025914,98.05109025914057,-406.9696320954301,,,,0.0,,98.05109025914057,-0.040696963209543,,40010,"[""C002""]",,,1.0,0.0,0.75,98.05109025914057,multi_hotspot,505.0207223545706,,9901.94890974086,10.20812349522382,1.0,0.0,48.0,1712.5533570383575,570.8511190127857,0.08588149080683892,0.1717629816136779
,,greedy_local_search,3131.0191729170765,2,exp4:multi_hotspot:c1.5:t0.75:r010,0.0,1.5,0.0,,,hardening:multi_hotspot:r010,4,,,0.0,1.0,truthful resolved feasibility,,,0.0,10000.0,Current feasibility,0.0,,0.0,0.0,0.0,0.0,0.0,moderate,0.0,,0.0,0.0,0.0,,,,0.0,,0.0,0.0,,40010,[],,,0.0,0.0,0.75,0.0,multi_hotspot,0.0,,10000.0,0.0,1.0,1.0,48.0,0.0,0.0,0.0,0.0
,,greedy_local_search,3086.135330375794,2,exp4:multi_hotspot:c1.5:t0.75:r011,0.0,1.5,0.0,,,hardening:multi_hotspot:r011,4,,,0.0,1.0,catalog/geography,,,0.0,9999.999999999998,Catalog + geography,0.0,,0.0,0.0,0.0,0.0,0.0,moderate,0.0,,0.0,0.0,0.0,,,,0.0,,0.0,0.0,,40011,[],,,0.0,0.0,0.75,0.0,multi_hotspot,0.0,,10000.0,0.0,1.0,1.0,48.0,0.0,0.0,0.0,0.0
,,greedy_local_search,3086.135330375794,2,exp4:multi_hotspot:c1.5:t0.75:r011,0.0,1.5,0.0,,,hardening:multi_hotspot:r011,4,,,0.0,1.0,truthful resolved feasibility,,,0.0,9999.999999999998,Current feasibility,0.0,,0.0,0.0,0.0,0.0,0.0,moderate,0.0,,0.0,0.0,0.0,,,,0.0,,0.0,0.0,,40011,[],,,0.0,0.0,0.75,0.0,multi_hotspot,0.0,,10000.0,0.0,1.0,1.0,48.0,0.0,0.0,0.0,0.0
,,greedy_local_search,3156.616877017109,2,exp4:multi_hotspot:c1.5:t0.75:r012,2.0,1.5,854.3928854266584,,,hardening:multi_hotspot:r012,4,,,1076.943822750609,1.0,catalog/geography,,,0.0,10000.0,Catalog + geography,1.0,,0.0710453143694459,0.0,0.1249456711442993,588.5578369272412,28.54404070066039,moderate,-560.0137962265808,,0.0569595256951105,569.5952569511055,-560.0137962265808,,,,0.0,,569.5952569511055,-0.056001379622658,,40012,"[""C000"", ""C001""]",,,2.0,0.0,0.75,569.5952569511055,multi_hotspot,1129.6090531776863,,9430.404743048895,52.6652304270773,1.0,0.0,48.0,3665.394604113862,1221.7982013712872,0.23309710896276462,0.46619421792552923
,,greedy_local_search,3156.616877017109,2,exp4:multi_hotspot:c1.5:t0.75:r012,0.0,1.5,0.0,,,hardening:multi_hotspot:r012,4,,,0.0,1.0,truthful resolved feasibility,,,0.0,10000.0,Current feasibility,0.0,,0.0,0.0,0.0,0.0,0.0,moderate,0.0,,0.0,0.0,0.0,,,,0.0,,0.0,0.0,,40012,[],,,0.0,0.0,0.75,0.0,multi_hotspot,0.0,,10000.0,0.0,1.0,1.0,48.0,0.0,0.0,0.0,0.0
,,greedy_local_search,3128.370898926705,2,exp4:multi_hotspot:c1.5:t0.75:r013,0.0,1.5,0.0,,,hardening:multi_hotspot:r013,4,,,0.0,1.0,catalog/geography,,,0.0,9999.999999999998,Catalog + geography,0.0,,0.0,0.0,0.0,0.0,0.0,moderate,0.0,,0.0,0.0,0.0,,,,0.0,,0.0,0.0,,40013,[],,,0.0,0.0,0.75,0.0,multi_hotspot,0.0,,10000.0,0.0,1.0,1.0,48.0,0.0,0.0,0.0,0.0
,,greedy_local_search,3128.370898926705,2,exp4:multi_hotspot:c1.5:t0.75:r013,0.0,1.5,0.0,,,hardening:multi_hotspot:r013,4,,,0.0,1.0,truthful resolved feasibility,,,0.0,9999.999999999998,Current feasibility,0.0,,0.0,0.0,0.0,0.0,0.0,moderate,0.0,,0.0,0.0,0.0,,,,0.0,,0.0,0.0,,40013,[],,,0.0,0.0,0.75,0.0,multi_hotspot,0.0,,10000.0,0.0,1.0,1.0,48.0,0.0,0.0,0.0,0.0
,,greedy_local_search,3172.528396547715,2,exp4:multi_hotspot:c1.5:t0.75:r014,0.0,1.5,0.0,,,hardening:multi_hotspot:r014,4,,,0.0,1.0,catalog/geography,,,0.0,10000.0,Catalog + geography,0.0,,0.0,0.0,0.0,0.0,0.0,moderate,0.0,,0.0,0.0,0.0,,,,0.0,,0.0,0.0,,40014,[],,,0.0,0.0,0.75,0.0,multi_hotspot,0.0,,10000.0,0.0,1.0,1.0,48.0,0.0,0.0,0.0,0.0
,,greedy_local_search,3172.528396547715,2,exp4:multi_hotspot:c1.5:t0.75:r014,0.0,1.5,0.0,,,hardening:multi_hotspot:r014,4,,,0.0,1.0,truthful resolved feasibility,,,0.0,10000.0,Current feasibility,0.0,,0.0,0.0,0.0,0.0,0.0,moderate,0.0,,0.0,0.0,0.0,,,,0.0,,0.0,0.0,,40014,[],,,0.0,0.0,0.75,0.0,multi_hotspot,0.0,,10000.0,0.0,1.0,1.0,48.0,0.0,0.0,0.0,0.0
,,greedy_local_search,3173.152608497909,2,exp4:multi_hotspot:c1.5:t0.75:r015,0.0,1.5,0.0,,,hardening:multi_hotspot:r015,4,,,0.0,1.0,catalog/geography,,,0.0,9999.999999999998,Catalog + geography,0.0,,0.0,0.0,0.0,0.0,0.0,moderate,0.0,,0.0,0.0,0.0,,,,0.0,,0.0,0.0,,40015,[],,,0.0,0.0,0.75,0.0,multi_hotspot,0.0,,10000.0,0.0,1.0,1.0,48.0,0.0,0.0,0.0,0.0
,,greedy_local_search,3173.152608497909,2,exp4:multi_hotspot:c1.5:t0.75:r015,0.0,1.5,0.0,,,hardening:multi_hotspot:r015,4,,,0.0,1.0,truthful resolved feasibility,,,0.0,9999.999999999998,Current feasibility,0.0,,0.0,0.0,0.0,0.0,0.0,moderate,0.0,,0.0,0.0,0.0,,,,0.0,,0.0,0.0,,40015,[],,,0.0,0.0,0.75,0.0,multi_hotspot,0.0,,10000.0,0.0,1.0,1.0,48.0,0.0,0.0,0.0,0.0
,,greedy_local_search,3177.084552498707,2,exp4:multi_hotspot:c1.5:t0.75:r016,0.0,1.5,0.0,,,hardening:multi_hotspot:r016,4,,,0.0,1.0,catalog/geography,,,0.0,10000.0,Catalog + geography,0.0,,0.0,0.0,0.0,0.0,0.0,moderate,0.0,,0.0,0.0,0.0,,,,0.0,,0.0,0.0,,40016,[],,,0.0,0.0,0.75,0.0,multi_hotspot,0.0,,10000.000000000002,0.0,1.0,1.0,48.0,0.0,0.0,0.0,0.0
,,greedy_local_search,3177.084552498707,2,exp4:multi_hotspot:c1.5:t0.75:r016,0.0,1.5,0.0,,,hardening:multi_hotspot:r016,4,,,0.0,1.0,truthful resolved feasibility,,,0.0,10000.0,Current feasibility,0.0,,0.0,0.0,0.0,0.0,0.0,moderate,0.0,,0.0,0.0,0.0,,,,0.0,,0.0,0.0,,40016,[],,,0.0,0.0,0.75,0.0,multi_hotspot,0.0,,10000.000000000002,0.0,1.0,1.0,48.0,0.0,0.0,0.0,0.0
,,greedy_local_search,3078.847843759583,2,exp4:multi_hotspot:c1.5:t0.75:r017,2.0,1.5,1785.5961157617648,,,hardening:multi_hotspot:r017,4,,,1011.2460599250104,1.0,catalog/geography,,,0.0,10000.0,Catalog + geography,2.0,,0.1048074539170911,0.1657214020018112,0.0693694804372969,12.525562379513758,60.91034981988196,moderate,48.3847874403682,,0.1190397410507843,1190.397410507843,48.3847874403682,,,,0.0,,1190.3974105078432,0.0048384787440368,,40017,"[""C001"", ""C002""]",,,2.0,0.0,0.75,1190.3974105078432,multi_hotspot,1142.012623067475,,8809.602589492155,130.76656314246486,1.0,0.0,48.0,3598.281356244952,1199.4271187483173,0.4962358245451807,0.9924716490903615
,,greedy_local_search,3078.847843759583,2,exp4:multi_hotspot:c1.5:t0.75:r017,2.0,1.5,1785.5961157617648,,,hardening:multi_hotspot:r017,4,,,1011.2460599250104,1.0,truthful resolved feasibility,,,0.0,10000.0,Current feasibility,2.0,,0.1048074539170911,0.1657214020018112,0.0693694804372969,0.0,48.3847874403682,moderate,48.3847874403682,,0.1190397410507843,1190.397410507843,48.3847874403682,,,,0.0,,1190.3974105078432,0.0048384787440368,,40017,"[""C001"", ""C002""]",,,2.0,0.0,0.75,1190.3974105078432,multi_hotspot,1142.012623067475,,8809.602589492155,130.76656314246486,1.0,0.0,48.0,3598.281356244952,1199.4271187483173,0.4962358245451807,0.9924716490903615
,,greedy_local_search,3144.247219381794,2,exp4:multi_hotspot:c1.5:t0.75:r018,0.0,1.5,0.0,,,hardening:multi_hotspot:r018,4,,,0.0,1.0,catalog/geography,,,0.0,10000.000000000002,Catalog + geography,0.0,,0.0,0.0,0.0,0.0,0.0,moderate,0.0,,0.0,0.0,0.0,,,,0.0,,0.0,0.0,,40018,[],,,0.0,0.0,0.75,0.0,multi_hotspot,0.0,,10000.000000000002,0.0,1.0,1.0,48.0,0.0,0.0,0.0,0.0
,,greedy_local_search,3144.247219381794,2,exp4:multi_hotspot:c1.5:t0.75:r018,0.0,1.5,0.0,,,hardening:multi_hotspot:r018,4,,,0.0,1.0,truthful resolved feasibility,,,0.0,10000.000000000002,Current feasibility,0.0,,0.0,0.0,0.0,0.0,0.0,moderate,0.0,,0.0,0.0,0.0,,,,0.0,,0.0,0.0,,40018,[],,,0.0,0.0,0.75,0.0,multi_hotspot,0.0,,10000.000000000002,0.0,1.0,1.0,48.0,0.0,0.0,0.0,0.0
,,greedy_local_search,3139.3042522037977,2,exp4:multi_hotspot:c1.5:t0.75:r019,0.0,1.5,0.0,,,hardening:multi_hotspot:r019,4,,,0.0,1.0,catalog/geography,,,0.0,9999.999999999998,Catalog + geography,0.0,,0.0,0.0,0.0,0.0,0.0,moderate,0.0,,0.0,0.0,0.0,,,,0.0,,0.0,0.0,,40019,[],,,0.0,0.0,0.75,0.0,multi_hotspot,0.0,,10000.0,0.0,1.0,1.0,48.0,0.0,0.0,0.0,0.0
,,greedy_local_search,3139.3042522037977,2,exp4:multi_hotspot:c1.5:t0.75:r019,0.0,1.5,0.0,,,hardening:multi_hotspot:r019,4,,,0.0,1.0,truthful resolved feasibility,,,0.0,9999.999999999998,Current feasibility,0.0,,0.0,0.0,0.0,0.0,0.0,moderate,0.0,,0.0,0.0,0.0,,,,0.0,,0.0,0.0,,40019,[],,,0.0,0.0,0.75,0.0,multi_hotspot,0.0,,10000.0,0.0,1.0,1.0,48.0,0.0,0.0,0.0,0.0
,,greedy_local_search,3167.1915373627367,2,exp4:multi_hotspot:c1.5:t1.5:r000,1.0,1.5,6435.751826566769,,,hardening:multi_hotspot:r000,4,,,2526.294886577156,1.0,catalog/geography,,,1.0,10000.0,Catalog + geography,8.0,,0.3856954761516633,0.4531817915158923,0.4843676523615356,99.20050513671868,1303.221570030929,moderate,1204.0210648942102,,0.4290501217711179,4290.501217711179,1204.0210648942102,,,,6.0,,4290.5012177111785,0.120402106489421,,40000,"[""L014"", ""R000"", ""R002"", ""R004"", ""R005"", ""R007"", ""R008"", ""C001""]",,,8.0,0.0,1.5,4290.501217711179,multi_hotspot,3086.4801528169683,,5709.49878228882,560.1852662398124,1.0,0.0,48.0,6596.213839583992,4397.4758930559965,0.9756736186970943,0.975673618697094
,,greedy_local_search,3167.1915373627367,2,exp4:multi_hotspot:c1.5:t1.5:r000,1.0,1.5,6584.912823691107,,,hardening:multi_hotspot:r000,4,,,2525.2789835055983,1.0,truthful resolved feasibility,,,1.0,10000.0,Current feasibility,8.0,,0.4010361188885066,0.4958741917773501,0.4248598381208667,0.0,1288.193702876687,moderate,1288.193702876687,,0.4389941882460738,4389.941882460738,1288.193702876687,,,,6.0,,4389.941882460738,0.1288193702876687,,40000,"[""L014"", ""R000"", ""R002"", ""R004"", ""R005"", ""R006"", ""R007"", ""C001""]",,,8.0,0.0,1.5,4389.941882460738,multi_hotspot,3101.7481795840517,,5610.058117539261,576.4691960784533,1.0,0.0,48.0,6585.6320262709505,4390.421350847302,0.9998907921704441,0.9998907921704436
,,greedy_local_search,3142.794055820548,2,exp4:multi_hotspot:c1.5:t1.5:r001,2.0,1.5,4871.084515324088,,,hardening:multi_hotspot:r001,4,,,2585.93313951972,1.0,catalog/geography,,,0.0,10000.0,Catalog + geography,5.0,,0.3186861607895783,0.361892361899494,0.273339343340697,1250.3973254335751,1513.9983800232408,moderate,263.60105458966564,,0.3247389676882725,3247.3896768827253,263.60105458966564,,,,5.0,,3247.3896768827253,0.0263601054589665,,40001,"[""R001"", ""R002"", ""R004"", ""R005"", ""R007"", ""C001"", ""C002""]",,,7.0,601.6737487415529,1.5,3247.3896768827253,multi_hotspot,2983.78862229306,,6752.610323117275,397.85548277334,1.0,0.0,48.0,6947.223925203558,4631.48261680237,0.7011555360483593,0.7011555360483597
,,greedy_local_search,3142.794055820548,2,exp4:multi_hotspot:c1.5:t1.5:r001,2.0,1.5,6786.482533348928,,,hardening:multi_hotspot:r001,4,,,2501.477113632337,1.0,truthful resolved feasibility,,,0.0,10000.0,Current feasibility,7.0,,0.4323646601294796,0.5039995160019609,0.407341206154882,0.0,1465.084515113885,moderate,1465.084515113885,,0.4524321688899285,4524.321688899286,1465.084515113885,,,,5.0,,4524.321688899286,0.1465084515113884,,40001,"[""R001"", ""R002"", ""R004"", ""R007"", ""R008"", ""C000"", ""C001""]",,,7.0,0.0,1.5,4524.321688899285,multi_hotspot,3059.237173785401,,5475.678311100715,557.7600601530636,1.0,0.0,48.0,6786.48253334893,4524.3216888992865,0.9999999999999998,0.9999999999999996
,,greedy_local_search,3131.918120974454,2,exp4:multi_hotspot:c1.5:t1.5:r002,1.0,1.5,5715.761870235346,,,hardening:multi_hotspot:r002,4,,,2505.7076581479137,1.0,catalog/geography,,,1.0,10000.000000000002,Catalog + geography,7.0,,0.3178502915883793,0.4012492107022643,0.4879046819422993,486.5937617379027,1277.0357637951247,moderate,790.442002057222,,0.3810507913490231,3810.507913490231,790.442002057222,,,,6.0,,3810.507913490231,0.0790442002057221,,40002,"[""L031"", ""R000"", ""R001"", ""R003"", ""R004"", ""R005"", ""R006"", ""C001""]",,,8.0,0.0,1.5,3810.507913490231,multi_hotspot,3020.0659114330088,,6189.49208650977,514.3582532850951,1.0,0.0,48.0,6555.184269718195,4370.122846478796,0.8719452627196801,0.8719452627196803
,,greedy_local_search,3131.918120974454,2,exp4:multi_hotspot:c1.5:t1.5:r002,2.0,1.5,6459.975756272179,,,hardening:multi_hotspot:r002,4,,,2578.5061740120104,1.0,truthful resolved feasibility,,,2.0,10000.000000000002,Current feasibility,8.0,,0.2814449663919914,0.4996532444116499,0.645680899988358,0.0,1180.291101228268,moderate,1180.291101228268,,0.4306650504181452,4306.650504181453,1180.291101228268,,,,4.0,,4306.650504181453,0.1180291101228267,,40002,"[""L008"", ""L031"", ""R000"", ""R001"", ""R004"", ""R005"", ""C000"", ""C001""]",,,8.0,0.0,1.5,4306.650504181453,multi_hotspot,3126.3594029531846,,5693.349495818547,547.8532289411742,1.0,0.0,48.0,7278.70397950867,4852.469319672446,0.8875173072649456,0.8875173072649458
,,greedy_local_search,3097.6906149428264,2,exp4:multi_hotspot:c1.5:t1.5:r003,2.0,1.5,5091.064518374522,,,hardening:multi_hotspot:r003,4,,,2484.778481904801,1.0,catalog/geography,,,1.0,10000.000000000002,Catalog + geography,4.0,,0.306933062029477,0.35838809072784,0.3792429577847967,947.3844177548835,1420.5394286845376,moderate,473.15501092965405,,0.339404301224968,3394.0430122496805,473.15501092965405,,,,4.0,,3394.043012249681,0.0473155010929653,,40003,"[""L031"", ""R000"", ""R001"", ""R005"", ""R007"", ""C001"", ""C002""]",,,7.0,0.0,1.5,3394.0430122496805,multi_hotspot,2920.888001320027,,6605.95698775032,436.109519415226,1.0,0.0,48.0,6710.865977636503,4473.91065175767,0.7586300390054194,0.7586300390054189
,,greedy_local_search,3097.6906149428264,2,exp4:multi_hotspot:c1.5:t1.5:r003,1.0,1.5,6371.340644972428,,,hardening:multi_hotspot:r003,4,,,2487.224288293954,1.0,truthful resolved feasibility,,,3.0,10000.000000000002,Current feasibility,9.0,,0.3925929430847005,0.3765712555577137,0.5814463958242347,0.0,1164.5464293653322,moderate,1164.5464293653322,,0.4247560429981619,4247.56042998162,1164.5464293653322,,,,5.0,,4247.56042998162,0.1164546429365332,,40003,"[""L017"", ""L023"", ""L029"", ""R001"", ""R003"", ""R004"", ""R005"", ""R007"", ""C001""]",,,9.0,0.0,1.5,4247.560429981619,multi_hotspot,3083.0140006162874,,5752.43957001838,595.7897123223331,1.0,0.0,48.0,6416.603049768992,4277.735366512663,0.9929460487978615,0.9929460487978611
,,greedy_local_search,3168.841656308462,2,exp4:multi_hotspot:c1.5:t1.5:r004,2.0,1.5,4450.620577741039,,,hardening:multi_hotspot:r004,4,,,2536.321588156576,1.0,catalog/geography,,,0.0,10000.0,Catalog + geography,7.0,,0.340301655193971,0.2508652210360427,0.2788473315808366,1610.0787859498814,1693.5922797970416,moderate,83.51349384716013,,0.2967080385160692,2967.0803851606925,83.51349384716013,,,,5.0,,2967.080385160692,0.008351349384716,,40004,"[""R002"", ""R003"", ""R004"", ""R007"", ""R008"", ""C001"", ""C002""]",,,7.0,0.0,1.5,2967.080385160692,multi_hotspot,2883.566891313532,,7032.919614839308,347.24530315695563,1.0,0.0,48.0,7131.546507330604,4754.364338220403,0.6240750969184863,0.6240750969184862
,,greedy_local_search,3168.841656308462,2,exp4:multi_hotspot:c1.5:t1.5:r004,1.0,1.5,6399.885025792301,,,hardening:multi_hotspot:r004,4,,,2600.5089371917334,1.0,truthful resolved feasibility,,,0.0,10000.0,Current feasibility,8.0,,0.4234440042045055,0.3500310120290789,0.567991728086408,0.0,1142.3424805106038,moderate,1142.3424805106038,,0.4266590017194867,4266.590017194867,1142.3424805106038,,,,7.0,,4266.590017194867,0.1142342480510603,,40004,"[""R000"", ""R001"", ""R003"", ""R004"", ""R006"", ""R007"", ""R008"", ""C001""]",,,8.0,0.0,1.5,4266.590017194867,multi_hotspot,3124.247536684263,,5733.409982805133,523.7385994925298,1.0,0.0,48.0,6820.292559752297,4546.861706501532,0.9383593107954207,0.9383593107954203
,,greedy_local_search,3121.037067074452,2,exp4:multi_hotspot:c1.5:t1.5:r005,2.0,1.5,4393.923617605186,,,hardening:multi_hotspot:r005,4,,,2392.653036163049,1.0,catalog/geography,,,1.0,10000.0,Catalog + geography,4.0,,0.1920341394051686,0.2320687998258438,0.6264439925115394,1487.6810864595177,1649.9963919702564,moderate,162.31530551073865,,0.2929282411736791,2929.282411736791,162.31530551073865,,,,4.0,,2929.282411736791,0.0162315305510738,,40005,"[""L001"", ""R002"", ""R005"", ""R006"", ""R007"", ""C001"", ""C002""]",,,7.0,287.6196302142954,1.5,2929.282411736791,multi_hotspot,2766.967106226052,,7070.717588263208,374.3140700630032,1.0,0.0,48.0,6976.1310402198815,4650.754026813256,0.6298510725031756,0.6298510725031754
,,greedy_local_search,3121.037067074452,2,exp4:multi_hotspot:c1.5:t1.5:r005,1.0,1.5,6042.032947877746,,,hardening:multi_hotspot:r005,4,,,2423.5178763003923,1.0,truthful resolved feasibility,,,5.0,10000.0,Current feasibility,10.0,,0.2991282241494536,0.4103517890885824,0.6228568473846253,0.0,1018.1030005899738,moderate,1018.1030005899738,,0.402802196525183,4028.0219652518304,1018.1030005899738,,,,4.0,,4028.02196525183,0.1018103000589973,,40005,"[""L001"", ""L007"", ""L010"", ""L027"", ""L031"", ""R001"", ""R002"", ""R004"", ""R008"", ""C001""]",,,10.0,0.0,1.5,4028.0219652518304,multi_hotspot,3009.918964661856,,5971.978034748169,586.4010883614637,1.0,0.0,48.0,6190.288260702115,4126.858840468077,0.976050337790319,0.9760503377903189
,,greedy_local_search,3057.222876742177,2,exp4:multi_hotspot:c1.5:t1.5:r006,2.0,1.5,4263.385841901452,,,hardening:multi_hotspot:r006,4,,,2490.4330838535143,1.0,catalog/geography,,,0.0,10000.0,Catalog + geography,5.0,,0.336604397914813,0.1412571186886055,0.4165687609537618,1719.0451231801107,1712.808598462536,moderate,-6.236524717574866,,0.2842257227934301,2842.257227934301,-6.236524717574866,,,,5.0,,2842.257227934301,-0.0006236524717574,,40006,"[""R000"", ""R001"", ""R005"", ""R006"", ""R007"", ""C001"", ""C002""]",,,7.0,0.0,1.5,2842.257227934301,multi_hotspot,2848.493752651876,,7157.742772065698,358.0606687983619,1.0,0.0,48.0,7112.9411830583995,4741.9607887056,0.5993843801289941,0.599384380128994
,,greedy_local_search,3057.222876742177,2,exp4:multi_hotspot:c1.5:t1.5:r006,1.0,1.5,5753.965800853511,,,hardening:multi_hotspot:r006,4,,,2384.531934992568,1.0,truthful resolved feasibility,,,5.0,10000.0,Current feasibility,10.0,,0.2661778060836119,0.4431094197248674,0.5436470520778589,0.0,890.2211577004646,moderate,890.2211577004646,,0.3835977200569007,3835.977200569008,890.2211577004646,,,,4.0,,3835.977200569008,0.0890221157700464,,40006,"[""L002"", ""L007"", ""L012"", ""L029"", ""L032"", ""R000"", ""R005"", ""R006"", ""R007"", ""C000""]",,,10.0,0.0,1.5,3835.977200569008,multi_hotspot,2945.756042868543,,6164.022799430993,561.2241078759755,1.0,0.0,48.0,6475.421234055702,4316.947489370468,0.8885855595914139,0.8885855595914142
,,greedy_local_search,3160.0896040703738,2,exp4:multi_hotspot:c1.5:t1.5:r007,2.0,1.5,4371.810958312414,,,hardening:multi_hotspot:r007,4,,,2453.918405590921,1.0,catalog/geography,,,1.0,9999.999999999998,Catalog + geography,3.0,,0.3171786601873934,0.2682981421551541,0.2740965852443165,1409.8810352772507,1502.9761498914086,moderate,93.09511461415786,,0.2914540638874943,2914.540638874943,93.09511461415786,,,,4.0,,2914.540638874943,0.0093095114614157,,40007,"[""L006"", ""R001"", ""R002"", ""R006"", ""R007"", ""C000"", ""C001""]",,,7.0,0.0,1.5,2914.540638874943,multi_hotspot,2821.445524260785,,7085.459361125058,367.5271186698643,1.0,0.0,48.0,6805.7982250464265,4537.198816697615,0.6423656437864188,0.6423656437864191
,,greedy_local_search,3160.0896040703738,2,exp4:multi_hotspot:c1.5:t1.5:r007,1.0,1.5,6180.357927000221,,,hardening:multi_hotspot:r007,4,,,2567.270291632472,1.0,truthful resolved feasibility,,,5.0,9999.999999999998,Current feasibility,10.0,,0.3774143832541685,0.3791260832456218,0.5474663009983562,0.0,962.1954820888232,moderate,962.1954820888232,,0.4120238618000147,4120.238618000148,962.1954820888232,,,,4.0,,4120.238618000147,0.0962195482088823,,40007,"[""L012"", ""L017"", ""L018"", ""L021"", ""L030"", ""R000"", ""R002"", ""R004"", ""R007"", ""C001""]",,,10.0,0.0,1.5,4120.238618000148,multi_hotspot,3158.043135911324,,5879.761381999853,590.7728442788514,1.0,0.0,48.0,6510.63496730112,4340.4233115340785,0.949271147597788,0.9492711475977884
,,greedy_local_search,3111.814402771996,2,exp4:multi_hotspot:c1.5:t1.5:r008,2.0,1.5,5650.3864414132695,,,hardening:multi_hotspot:r008,4,,,2507.9874526460244,1.0,catalog/geography,,,0.0,10000.0,Catalog + geography,6.0,,0.2828982973276234,0.3800642093974188,0.5818286117051207,1103.0431452657426,1882.3329894726296,moderate,779.2898442068872,,0.3766924294275513,3766.924294275513,779.2898442068872,,,,5.0,,3766.9242942755127,0.0779289844206887,,40008,"[""R001"", ""R003"", ""R004"", ""R005"", ""R006"", ""C001"", ""C002""]",,,7.0,494.3346230819706,1.5,3766.924294275513,multi_hotspot,2987.634450068625,,6233.075705724486,479.6469974226012,1.0,0.0,48.0,7434.862647919812,4956.57509861321,0.7599853163385852,0.7599853163385849
,,greedy_local_search,3111.814402771996,2,exp4:multi_hotspot:c1.5:t1.5:r008,2.0,1.5,6916.515292274966,,,hardening:multi_hotspot:r008,4,,,2504.350816078128,1.0,truthful resolved feasibility,,,0.0,10000.0,Current feasibility,7.0,,0.4086203715696646,0.4926936782029616,0.5238953245380603,0.0,1552.2010660272235,moderate,1552.2010660272235,,0.4611010194849977,4611.010194849977,1552.2010660272235,,,,5.0,,4611.010194849976,0.1552201066027223,,40008,"[""R001"", ""R003"", ""R004"", ""R005"", ""R006"", ""C000"", ""C001""]",,,7.0,0.0,1.5,4611.010194849976,multi_hotspot,3058.8091288227524,,5388.989805150022,554.4583127446247,1.0,0.0,48.0,7280.468045310059,4853.645363540041,0.9500097039407316,0.9500097039407309
,,greedy_local_search,3134.181575541887,2,exp4:multi_hotspot:c1.5:t1.5:r009,1.0,1.5,6626.817928310953,,,hardening:multi_hotspot:r009,4,,,2550.11126839346,1.0,catalog/geography,,,0.0,9999.999999999998,Catalog + geography,8.0,,0.3324280291329257,0.4858478854747979,0.6107424443070041,80.91403322035922,1372.0554796447573,moderate,1291.141446424398,,0.4417878618873967,4417.878618873968,1291.141446424398,,,,7.0,,4417.878618873968,0.1291141446424398,,40009,"[""R000"", ""R002"", ""R003"", ""R004"", ""R005"", ""R007"", ""R008"", ""C001""]",,,8.0,0.0,1.5,4417.878618873968,multi_hotspot,3126.7371724495697,,5582.121381126033,576.6259040561097,1.0,0.0,48.0,6781.416268624681,4520.944179083119,0.9772026470297949,0.9772026470297951
,,greedy_local_search,3134.181575541887,2,exp4:multi_hotspot:c1.5:t1.5:r009,1.0,1.5,6626.817928310953,,,hardening:multi_hotspot:r009,4,,,2550.11126839346,1.0,truthful resolved feasibility,,,0.0,9999.999999999998,Current feasibility,8.0,,0.3324280291329257,0.4858478854747979,0.6107424443070041,0.0,1291.141446424398,moderate,1291.141446424398,,0.4417878618873967,4417.878618873968,1291.141446424398,,,,7.0,,4417.878618873968,0.1291141446424398,,40009,"[""R000"", ""R002"", ""R003"", ""R004"", ""R005"", ""R007"", ""R008"", ""C001""]",,,8.0,0.0,1.5,4417.878618873968,multi_hotspot,3126.7371724495697,,5582.121381126033,576.6259040561097,1.0,0.0,48.0,6781.416268624681,4520.944179083119,0.9772026470297949,0.9772026470297951
,,greedy_local_search,3131.0191729170765,2,exp4:multi_hotspot:c1.5:t1.5:r010,2.0,1.5,4642.550842119517,,,hardening:multi_hotspot:r010,4,,,2508.514404300937,1.0,catalog/geography,,,0.0,10000.0,Catalog + geography,5.0,,0.3982046548522706,0.1830134607511483,0.3312829176410538,1514.8443676252728,1679.14770484392,moderate,164.30333721864736,,0.3095033894746344,3095.033894746344,164.30333721864736,,,,5.0,,3095.033894746344,0.0164303337218647,,40010,"[""R000"", ""R002"", ""R004"", ""R005"", ""R007"", ""C001"", ""C002""]",,,7.0,0.0,1.5,3095.033894746344,multi_hotspot,2930.730557527697,,6904.966105253656,422.21615322676007,1.0,0.0,48.0,7186.359257668806,4790.906171779203,0.6460226486959019,0.6460226486959018
,,greedy_local_search,3131.0191729170765,2,exp4:multi_hotspot:c1.5:t1.5:r010,1.0,1.5,6009.875029627481,,,hardening:multi_hotspot:r010,4,,,2474.2415185864825,1.0,truthful resolved feasibility,,,1.0,10000.0,Current feasibility,8.0,,0.5239221931210759,0.2718359987499678,0.3487537442076292,0.0,952.1563691301722,moderate,952.1563691301722,,0.4006583353084987,4006.5833530849873,952.1563691301722,,,,6.0,,4006.5833530849873,0.0952156369130172,,40010,"[""L025"", ""R000"", ""R003"", ""R004"", ""R005"", ""R006"", ""R007"", ""C001""]",,,8.0,0.0,1.5,4006.583353084987,multi_hotspot,3054.426983954815,,5993.416646915013,580.1854653683329,1.0,0.0,48.0,6520.9393483721105,4347.2928989147385,0.921627193347196,0.9216271933471962
,,greedy_local_search,3086.135330375794,2,exp4:multi_hotspot:c1.5:t1.5:r011,2.0,1.5,5887.53909792042,,,hardening:multi_hotspot:r011,4,,,2471.8054817203624,1.0,catalog/geography,,,2.0,9999.999999999998,Catalog + geography,7.0,,0.391734829178112,0.3626856538004315,0.4464097728386328,504.81643771851486,1515.79217611208,moderate,1010.9757383935652,,0.3925026065280279,3925.02606528028,1010.9757383935652,,,,4.0,,3925.02606528028,0.1010975738393565,,40011,"[""L011"", ""L012"", ""R002"", ""R003"", ""R007"", ""R008"", ""C001"", ""C002""]",,,8.0,0.0,1.5,3925.02606528028,multi_hotspot,2914.050326886714,,6074.973934719719,442.2448451663524,1.0,0.0,48.0,6751.793974595192,4501.19598306346,0.8719962605602775,0.8719962605602777
,,greedy_local_search,3086.135330375794,2,exp4:multi_hotspot:c1.5:t1.5:r011,3.0,1.5,6515.263104887991,,,hardening:multi_hotspot:r011,4,,,2504.118491497537,1.0,truthful resolved feasibility,,,3.0,9999.999999999998,Current feasibility,7.0,,0.3947043928053722,0.4692113360952372,0.4625496463172446,0.0,1343.8489359903256,moderate,1343.8489359903256,,0.4343508736591993,4343.5087365919935,1343.8489359903256,,,,2.0,,4343.508736591994,0.1343848935990325,,40011,"[""L012"", ""L023"", ""L029"", ""R002"", ""R003"", ""C000"", ""C001"", ""C002""]",,,8.0,0.0,1.5,4343.5087365919935,multi_hotspot,2999.659800601669,,5656.491263408007,495.54130910413136,1.0,0.0,48.0,7208.3079497812905,4805.538633187526,0.9038547118517145,0.9038547118517145
,,greedy_local_search,3156.616877017109,2,exp4:multi_hotspot:c1.5:t1.5:r012,3.0,1.5,3771.84141287497,,,hardening:multi_hotspot:r012,4,,,2521.370952738682,1.0,catalog/geography,,,0.0,10000.0,Catalog + geography,4.0,,0.2704084444743329,0.1158325296502554,0.4461545440031271,1993.2691532802537,1681.499880893844,moderate,-311.76927238640974,,0.2514560941916646,2514.5609419166467,-311.76927238640974,,,,3.0,,2514.5609419166467,-0.0311769272386409,,40012,"[""R001"", ""R005"", ""R007"", ""C000"", ""C001"", ""C002""]",,,6.0,545.4997346595528,1.5,2514.5609419166467,multi_hotspot,2826.3302143030564,,7485.439058083353,304.9592615643745,1.0,0.0,48.0,7601.668415367854,5067.778943578569,0.49618599585975837,0.4961859958597584
,,greedy_local_search,3156.616877017109,2,exp4:multi_hotspot:c1.5:t1.5:r012,1.0,1.5,5989.38263068218,,,hardening:multi_hotspot:r012,4,,,2520.8517637478726,1.0,truthful resolved feasibility,,,2.0,10000.0,Current feasibility,9.0,,0.35782171543594,0.3664612257465471,0.5500548721067375,0.0,906.0054479936898,moderate,906.0054479936898,,0.399292175378812,3992.92175378812,906.0054479936898,,,,6.0,,3992.92175378812,0.0906005447993689,,40012,"[""L015"", ""L027"", ""R001"", ""R003"", ""R004"", ""R005"", ""R007"", ""R008"", ""C001""]",,,9.0,0.0,1.5,3992.92175378812,multi_hotspot,3086.91630579443,,6007.0782462118805,566.0645420465582,1.0,0.0,48.0,6440.697439619309,4293.798293079538,0.9299276494249038,0.929927649424904
,,greedy_local_search,3128.370898926705,2,exp4:multi_hotspot:c1.5:t1.5:r013,2.0,1.5,5244.260975043134,,,hardening:multi_hotspot:r013,4,,,2548.701962687104,1.0,catalog/geography,,,0.0,9999.999999999998,Catalog + geography,6.0,,0.2430440646000103,0.3902276862817705,0.518339395337923,1105.599736473393,1611.1140164520411,moderate,505.5142799786481,,0.3496173983362089,3496.173983362089,505.5142799786481,,,,5.0,,3496.173983362089,0.0505514279978648,,40013,"[""R001"", ""R004"", ""R005"", ""R006"", ""R008"", ""C001"", ""C002""]",,,7.0,576.6832465939877,1.5,3496.173983362089,multi_hotspot,2990.6597033834414,,6503.82601663791,441.957740696338,1.0,0.0,48.0,7110.259054874387,4740.172703249591,0.7375625746642759,0.7375625746642759
,,greedy_local_search,3128.370898926705,2,exp4:multi_hotspot:c1.5:t1.5:r013,2.0,1.5,6876.92474081403,,,hardening:multi_hotspot:r013,4,,,2516.282079038281,1.0,truthful resolved feasibility,,,2.0,9999.999999999998,Current feasibility,8.0,,0.4360881807994027,0.4726822338612421,0.4839159308821804,0.0,1508.970916662635,moderate,1508.970916662635,,0.458461649387602,4584.61649387602,1508.970916662635,,,,4.0,,4584.61649387602,0.1508970916662635,,40013,"[""L001"", ""L026"", ""R001"", ""R004"", ""R005"", ""R006"", ""C000"", ""C001""]",,,8.0,0.0,1.5,4584.61649387602,multi_hotspot,3075.645577213385,,5415.383506123979,559.3634981751037,1.0,0.0,48.0,6963.785749204497,4642.523832802997,0.9875267546247543,0.9875267546247545
,,greedy_local_search,3172.528396547715,2,exp4:multi_hotspot:c1.5:t1.5:r014,2.0,1.5,5890.604670801469,,,hardening:multi_hotspot:r014,4,,,2529.188408963582,1.0,catalog/geography,,,2.0,10000.0,Catalog + geography,7.0,,0.3386171560355018,0.3668046332275779,0.5597381810390154,637.5022924322811,1555.1419951431917,moderate,917.6397027109106,,0.3927069780534312,3927.069780534312,917.6397027109106,,,,4.0,,3927.069780534312,0.091763970271091,,40014,"[""L007"", ""L013"", ""R000"", ""R002"", ""R005"", ""R006"", ""C001"", ""C002""]",,,8.0,0.0,1.5,3927.069780534312,multi_hotspot,3009.430077823401,,6072.930219465688,480.24166885981913,1.0,0.0,48.0,6987.191697003533,4658.127798002357,0.8430575438953054,0.843057543895305
,,greedy_local_search,3172.528396547715,2,exp4:multi_hotspot:c1.5:t1.5:r014,2.0,1.5,6584.161939037057,,,hardening:multi_hotspot:r014,4,,,2617.8179958015508,1.0,truthful resolved feasibility,,,2.0,10000.0,Current feasibility,8.0,,0.349601861759925,0.4440547467830807,0.6310206505154631,0.0,1216.912896143656,moderate,1216.912896143656,,0.4389441292691371,4389.441292691371,1216.912896143656,,,,4.0,,4389.441292691371,0.1216912896143655,,40014,"[""L007"", ""L031"", ""R001"", ""R002"", ""R005"", ""R008"", ""C001"", ""C002""]",,,8.0,0.0,1.5,4389.44129269137,multi_hotspot,3172.528396547715,,5610.558707308629,554.7104007461644,1.0,0.0,48.0,6888.232271349085,4592.1548475660575,0.9558565506600615,0.955856550660061
,,greedy_local_search,3173.152608497909,2,exp4:multi_hotspot:c1.5:t1.5:r015,2.0,1.5,5409.451240915631,,,hardening:multi_hotspot:r015,4,,,2566.0197666521312,1.0,catalog/geography,,,0.0,9999.999999999998,Catalog + geography,5.0,,0.3821995421064404,0.3255149464324992,0.3735502876421794,843.972863596467,1414.5996345942144,moderate,570.6267709977474,,0.3606300827277087,3606.300827277088,570.6267709977474,,,,5.0,,3606.300827277088,0.0570626770997747,,40015,"[""R000"", ""R002"", ""R003"", ""R005"", ""R006"", ""C001"", ""C002""]",,,7.0,0.0,1.5,3606.300827277088,multi_hotspot,3035.67405627934,,6393.699172722911,469.6542896272092,1.0,0.0,48.0,7064.001064662398,4709.334043108264,0.7657772403201301,0.7657772403201303
,,greedy_local_search,3173.152608497909,2,exp4:multi_hotspot:c1.5:t1.5:r015,1.0,1.5,6489.000933636834,,,hardening:multi_hotspot:r015,4,,,2563.871146483742,1.0,truthful resolved feasibility,,,2.0,9999.999999999998,Current feasibility,9.0,,0.4359088374880352,0.4193909156786568,0.4482713244265495,0.0,1159.41143026156,moderate,1159.41143026156,,0.4326000622424556,4326.000622424556,1159.41143026156,,,,6.0,,4326.000622424556,0.115941143026156,,40015,"[""L026"", ""L029"", ""R000"", ""R002"", ""R003"", ""R005"", ""R007"", ""R008"", ""C001""]",,,9.0,0.0,1.5,4326.000622424556,multi_hotspot,3166.5891921629964,,5673.999377575443,602.7180456792545,1.0,0.0,48.0,6489.000933636835,4326.000622424556,0.9999999999999999,1.0
,,greedy_local_search,3177.084552498707,2,exp4:multi_hotspot:c1.5:t1.5:r016,3.0,1.5,5463.148354390117,,,hardening:multi_hotspot:r016,4,,,2599.4514629107666,1.0,catalog/geography,,,0.0,10000.0,Catalog + geography,5.0,,0.3232164455884987,0.4639061881967281,0.2819766195449757,1051.648604840679,1651.0209014422276,moderate,599.3722966015489,,0.3642098902926743,3642.098902926744,599.3722966015489,,,,3.0,,3642.098902926744,0.0599372296601548,,40016,"[""R002"", ""R006"", ""R008"", ""C000"", ""C001"", ""C002""]",,,6.0,0.0,1.5,3642.098902926744,multi_hotspot,3042.726606325195,,6357.901097073256,443.2751434144285,1.0,0.0,48.0,7483.415299991818,4988.943533327878,0.7300341001248575,0.7300341001248574
,,greedy_local_search,3177.084552498707,2,exp4:multi_hotspot:c1.5:t1.5:r016,1.0,1.5,6460.577606642144,,,hardening:multi_hotspot:r016,4,,,2519.6274903988106,1.0,truthful resolved feasibility,,,3.0,10000.0,Current feasibility,9.0,,0.369953579840787,0.4848018738777195,0.4727270349529345,0.0,1186.517115660953,moderate,1186.517115660953,,0.4307051737761428,4307.051737761429,1186.517115660953,,,,5.0,,4307.05173776143,0.1186517115660953,,40016,"[""L007"", ""L021"", ""L025"", ""R001"", ""R002"", ""R004"", ""R006"", ""R008"", ""C001""]",,,9.0,0.0,1.5,4307.051737761429,multi_hotspot,3120.534622100477,,5692.948262238571,600.9071317016658,1.0,0.0,48.0,6516.497640578547,4344.3317603856985,0.9914186980459893,0.991418698045989
,,greedy_local_search,3078.847843759583,2,exp4:multi_hotspot:c1.5:t1.5:r017,2.0,1.5,6051.891480006182,,,hardening:multi_hotspot:r017,4,,,2449.5444910871324,1.0,catalog/geography,,,0.0,10000.0,Catalog + geography,7.0,,0.3946095434107513,0.4543355199882254,0.3343385273484762,775.4132725137483,1847.7779736979164,moderate,1072.364701184168,,0.4034594320004122,4034.5943200041215,1072.364701184168,,,,5.0,,4034.594320004122,0.1072364701184168,,40017,"[""R001"", ""R002"", ""R003"", ""R006"", ""R007"", ""C001"", ""C002""]",,,7.0,0.0,1.5,4034.594320004121,multi_hotspot,2962.229618819954,,5965.405679995876,512.6851277328215,1.0,0.0,48.0,7359.914727726623,4906.609818484415,0.8222773909604152,0.8222773909604152
,,greedy_local_search,3078.847843759583,2,exp4:multi_hotspot:c1.5:t1.5:r017,2.0,1.5,6466.842801476776,,,hardening:multi_hotspot:r017,4,,,2495.448139307769,1.0,truthful resolved feasibility,,,4.0,10000.0,Current feasibility,9.0,,0.352942266225236,0.4962587660640482,0.4930413275400602,0.0,1232.9983113527687,moderate,1232.9983113527687,,0.4311228534317851,4311.22853431785,1232.9983113527687,,,,3.0,,4311.22853431785,0.1232998311352768,,40017,"[""L003"", ""L019"", ""L020"", ""L027"", ""R003"", ""R004"", ""R006"", ""C001"", ""C002""]",,,9.0,0.0,1.5,4311.22853431785,multi_hotspot,3078.2302229650813,,5688.771465682148,582.7820836573123,1.0,0.0,48.0,7123.2000117407315,4748.800007827154,0.9078564115591136,0.9078564115591135
,,greedy_local_search,3144.247219381794,2,exp4:multi_hotspot:c1.5:t1.5:r018,2.0,1.5,4826.319116206676,,,hardening:multi_hotspot:r018,4,,,2573.2844537016645,1.0,catalog/geography,,,0.0,10000.000000000002,Catalog + geography,6.0,,0.22255646371029,0.2377838317563795,0.691899289813742,1225.124120973885,1442.9984177490965,moderate,217.8742967752114,,0.3217546077471117,3217.5460774711173,217.8742967752114,,,,5.0,,3217.5460774711173,0.0217874296775211,,40018,"[""R000"", ""R001"", ""R002"", ""R003"", ""R007"", ""C001"", ""C002""]",,,7.0,0.0,1.5,3217.5460774711173,multi_hotspot,2999.671780695906,,6782.453922528884,426.3873269942412,1.0,0.0,48.0,7090.285593989917,4726.857062659946,0.6806945999887094,0.6806945999887093
,,greedy_local_search,3144.247219381794,2,exp4:multi_hotspot:c1.5:t1.5:r018,0.0,1.5,6048.449044800007,,,hardening:multi_hotspot:r018,4,,,2503.404199354904,1.0,truthful resolved feasibility,,,5.0,10000.000000000002,Current feasibility,11.0,,0.3596672663072812,0.2529922047141123,0.7641619741589228,0.0,889.3727433061367,moderate,889.3727433061367,,0.4032299363200004,4032.299363200005,889.3727433061367,,,,6.0,,4032.299363200005,0.0889372743306136,,40018,"[""L000"", ""L002"", ""L010"", ""L026"", ""L028"", ""R000"", ""R001"", ""R002"", ""R003"", ""R007"", ""R008""]",,,11.0,0.0,1.5,4032.299363200004,multi_hotspot,3142.9266198938685,,5967.700636799997,639.5224205389646,1.0,0.0,48.0,6220.880329850094,4147.253553233399,0.9722818514571486,0.9722818514571478
,,greedy_local_search,3139.3042522037977,2,exp4:multi_hotspot:c1.5:t1.5:r019,2.0,1.5,5419.815208988415,,,hardening:multi_hotspot:r019,4,,,2579.513089900516,1.0,catalog/geography,,,2.0,9999.999999999998,Catalog + geography,6.0,,0.3715681634118936,0.2862196230475844,0.4696923616527717,917.5573558295332,1503.9791952032238,moderate,586.4218393736905,,0.361321013932561,3613.21013932561,586.4218393736905,,,,4.0,,3613.21013932561,0.058642183937369,,40019,"[""L006"", ""L019"", ""R000"", ""R001"", ""R005"", ""R007"", ""C001"", ""C002""]",,,8.0,0.0,1.5,3613.2101393256103,multi_hotspot,3026.78829995192,,6386.789860674389,447.2752100514036,1.0,0.0,48.0,6957.393337391431,4638.262224927619,0.7790008335248864,0.7790008335248866
,,greedy_local_search,3139.3042522037977,2,exp4:multi_hotspot:c1.5:t1.5:r019,1.0,1.5,6121.998867331462,,,hardening:multi_hotspot:r019,4,,,2448.534149585157,1.0,truthful resolved feasibility,,,7.0,9999.999999999998,Current feasibility,11.0,,0.3142020121280701,0.4605758837318721,0.5277039652915532,0.0,1034.4629383505403,moderate,1034.4629383505403,,0.4081332578220974,4081.332578220974,1034.4629383505403,,,,3.0,,4081.3325782209754,0.103446293835054,,40019,"[""L006"", ""L019"", ""L022"", ""L028"", ""L029"", ""L032"", ""L035"", ""R000"", ""R004"", ""R007"", ""C001""]",,,11.0,0.0,1.5,4081.332578220975,multi_hotspot,3046.869639870434,,5918.667421779026,598.335490285277,1.0,0.0,48.0,6148.964037683906,4099.309358455937,0.9956146807515561,0.9956146807515562
,,greedy_local_search,3167.1915373627367,2,exp4:multi_hotspot:c1.5:t3.0:r000,1.0,1.5,6596.213839583994,,,hardening:multi_hotspot:r000,4,,,2526.294886577156,1.0,catalog/geography,,,1.0,10000.0,Catalog + geography,6.0,,0.5005044358663279,0.3913807692407706,0.3876866196574118,2.988952135028285,1303.3957694015753,moderate,1300.406817266547,,0.4397475893055995,4397.475893055996,1300.406817266547,,,,6.0,,4397.475893055996,0.1300406817266547,,40000,"[""L014"", ""R000"", ""R002"", ""R004"", ""R005"", ""R007"", ""R008"", ""C001""]",,,8.0,0.0,3.0,4397.475893055996,multi_hotspot,3097.069075789449,,5602.524106944004,570.7741892122926,1.0,0.0,48.0,6596.213839583992,8794.951786111993,1.0000000000000002,0.4999999999999999
,,greedy_local_search,3167.1915373627367,2,exp4:multi_hotspot:c1.5:t3.0:r000,2.0,1.5,7017.845200864801,,,hardening:multi_hotspot:r000,4,,,2501.5664416158625,1.0,truthful resolved feasibility,,,2.0,10000.0,Current feasibility,6.0,,0.5839849831890029,0.3908153393240475,0.3413886776292608,0.0,1564.6690268272046,moderate,1564.6690268272046,,0.4678563467243201,4678.563467243201,1564.6690268272046,,,,4.0,,4678.5634672432,0.1564669026827204,,40000,"[""L014"", ""L018"", ""R000"", ""R004"", ""R005"", ""R007"", ""C000"", ""C001""]",,,8.0,0.0,3.0,4678.563467243201,multi_hotspot,3113.894440415995,,5321.436532756798,612.3279988001327,1.0,0.0,48.0,7209.820462339001,9613.09394978534,0.9733730871001579,0.4866865435500787
,,greedy_local_search,3142.794055820548,2,exp4:multi_hotspot:c1.5:t3.0:r001,2.0,1.5,5178.628812074523,,,hardening:multi_hotspot:r001,4,,,2585.93313951972,1.0,catalog/geography,,,0.0,10000.0,Catalog + geography,5.0,,0.4121212706086,0.3209011778291649,0.2373596839544522,1070.6635184353795,1514.0288889960648,moderate,443.3653705606853,,0.3452419208049681,3452.4192080496814,443.3653705606853,,,,5.0,,3452.4192080496814,0.0443365370560685,,40001,"[""R001"", ""R002"", ""R004"", ""R005"", ""R007"", ""C001"", ""C002""]",,,7.0,601.6737487415529,3.0,3452.4192080496814,multi_hotspot,3009.053837488996,,6547.580791950319,423.1206979692767,1.0,0.0,48.0,6947.223925203558,9262.96523360474,0.7454241964602841,0.3727120982301421
,,greedy_local_search,3142.794055820548,2,exp4:multi_hotspot:c1.5:t3.0:r001,2.0,1.5,6786.482533348931,,,hardening:multi_hotspot:r001,4,,,2501.477113632337,1.0,truthful resolved feasibility,,,0.0,10000.0,Current feasibility,7.0,,0.5133624957092053,0.4450038024758408,0.3283385747712097,0.0,1466.3742614323987,moderate,1466.3742614323987,,0.4524321688899286,4524.321688899287,1466.3742614323987,,,,5.0,,4524.321688899287,0.1466374261432398,,40001,"[""R001"", ""R002"", ""R004"", ""R007"", ""R008"", ""C000"", ""C001""]",,,7.0,0.0,3.0,4524.321688899287,multi_hotspot,3057.947427466888,,5475.6783111007135,556.4703138345503,1.0,0.0,48.0,6786.48253334893,9048.643377798573,1.0000000000000002,0.5000000000000001
,,greedy_local_search,3131.918120974454,2,exp4:multi_hotspot:c1.5:t3.0:r002,2.0,1.5,5198.52824964144,,,hardening:multi_hotspot:r002,4,,,2580.8011289102888,1.0,catalog/geography,,,0.0,10000.000000000002,Catalog + geography,5.0,,0.3007781852275788,0.3753129172723908,0.3992942278917434,978.1884515822352,1425.4113380941722,moderate,447.2228865119369,,0.3465685499760961,3465.6854997609607,447.2228865119369,,,,5.0,,3465.68549976096,0.0447222886511936,,40002,"[""R000"", ""R003"", ""R004"", ""R005"", ""R006"", ""C001"", ""C002""]",,,7.0,550.1369024023843,3.0,3465.68549976096,multi_hotspot,3018.462613249023,,6534.314500239041,437.6614843387341,1.0,0.0,48.0,7053.676842414715,9404.90245655295,0.7369955224461071,0.3684977612230536
,,greedy_local_search,3131.918120974454,2,exp4:multi_hotspot:c1.5:t3.0:r002,2.0,1.5,6721.77536734623,,,hardening:multi_hotspot:r002,4,,,2569.8395968715868,1.0,truthful resolved feasibility,,,2.0,10000.000000000002,Current feasibility,8.0,,0.3697654698051576,0.4834049791144451,0.5626607686035267,0.0,1354.141493124599,moderate,1354.141493124599,,0.448118357823082,4481.183578230821,1354.141493124599,,,,4.0,,4481.183578230821,0.1354141493124598,,40002,"[""L008"", ""L031"", ""R000"", ""R003"", ""R004"", ""R005"", ""C000"", ""C001""]",,,8.0,0.0,3.0,4481.183578230821,multi_hotspot,3127.0420851062217,,5518.816421769179,557.2024882346352,1.0,0.0,48.0,7273.523101656721,9698.03080220896,0.9241429872980238,0.46207149364901207
,,greedy_local_search,3097.6906149428264,2,exp4:multi_hotspot:c1.5:t3.0:r003,2.0,1.5,5590.283379373186,,,hardening:multi_hotspot:r003,4,,,2484.778481904801,1.0,catalog/geography,,,1.0,10000.000000000002,Catalog + geography,4.0,,0.3338011352850771,0.3568136472003596,0.4879513561323423,662.080718949961,1420.5405426015814,moderate,758.4598236516204,,0.372685558624879,3726.855586248791,758.4598236516204,,,,4.0,,3726.855586248791,0.075845982365162,,40003,"[""L031"", ""R000"", ""R001"", ""R005"", ""R007"", ""C001"", ""C002""]",,,7.0,0.0,3.0,3726.855586248791,multi_hotspot,2968.3957625971707,,6273.144413751209,483.6172806923696,1.0,0.0,48.0,6710.865977636503,8947.82130351534,0.83301967257317,0.4165098362865849
,,greedy_local_search,3097.6906149428264,2,exp4:multi_hotspot:c1.5:t3.0:r003,1.0,1.5,6535.310240625051,,,hardening:multi_hotspot:r003,4,,,2481.965020454956,1.0,truthful resolved feasibility,,,1.0,10000.000000000002,Current feasibility,7.0,,0.4496686581231256,0.3450953364466088,0.5627654273164192,0.0,1279.3633722935451,moderate,1279.3633722935451,,0.4356873493750034,4356.873493750034,1279.3633722935451,,,,6.0,,4356.873493750034,0.1279363372293545,,40003,"[""L023"", ""R000"", ""R001"", ""R003"", ""R005"", ""R006"", ""R007"", ""C001""]",,,8.0,0.0,3.0,4356.873493750034,multi_hotspot,3077.510121456489,,5643.126506249965,595.5451010015325,1.0,0.0,48.0,6535.310240625052,8713.746987500072,0.9999999999999999,0.4999999999999998
,,greedy_local_search,3168.841656308462,2,exp4:multi_hotspot:c1.5:t3.0:r004,2.0,1.5,5061.708435554043,,,hardening:multi_hotspot:r004,4,,,2536.321588156576,1.0,catalog/geography,,,0.0,10000.0,Catalog + geography,7.0,,0.332834292178712,0.3416199082008498,0.3405241484310919,1256.4332331998671,1693.704171772356,moderate,437.2709385724888,,0.3374472290369362,3374.4722903693623,437.2709385724888,,,,5.0,,3374.472290369362,0.0437270938572488,,40004,"[""R002"", ""R003"", ""R004"", ""R007"", ""R008"", ""C001"", ""C002""]",,,7.0,0.0,3.0,3374.472290369362,multi_hotspot,2937.201351796873,,6625.527709630637,400.8797636402968,1.0,0.0,48.0,7131.546507330604,9508.728676440805,0.7097630829934364,0.3548815414967182
,,greedy_local_search,3168.841656308462,2,exp4:multi_hotspot:c1.5:t3.0:r004,1.0,1.5,6820.292559752297,,,hardening:multi_hotspot:r004,4,,,2600.5089371917334,1.0,truthful resolved feasibility,,,0.0,10000.0,Current feasibility,8.0,,0.4430630442819591,0.4489721033508335,0.490837822752399,0.0,1389.8402460941652,moderate,1389.8402460941652,,0.4546861706501531,4546.861706501531,1389.8402460941652,,,,7.0,,4546.861706501531,0.1389840246094165,,40004,"[""R000"", ""R001"", ""R003"", ""R004"", ""R006"", ""R007"", ""R008"", ""C001""]",,,8.0,0.0,3.0,4546.861706501531,multi_hotspot,3157.0214604073662,,5453.138293498469,556.5125232156328,1.0,0.0,48.0,6820.292559752297,9093.723413003065,1.0,0.4999999999999999
,,greedy_local_search,3121.037067074452,2,exp4:multi_hotspot:c1.5:t3.0:r005,2.0,1.5,4843.108093533554,,,hardening:multi_hotspot:r005,4,,,2392.653036163049,1.0,catalog/geography,,,1.0,10000.0,Catalog + geography,3.0,,0.2351887273805387,0.1953428757027598,0.7433446954251428,1232.904351620019,1650.2939019725611,moderate,417.3895503525423,,0.3228738729022369,3228.738729022369,417.3895503525423,,,,4.0,,3228.738729022369,0.0417389550352542,,40005,"[""L001"", ""R002"", ""R005"", ""R006"", ""R007"", ""C001"", ""C002""]",,,7.0,287.6196302142954,3.0,3228.738729022369,multi_hotspot,2811.349178669827,,6771.261270977631,418.6961425067778,1.0,0.0,48.0,6976.1310402198815,9301.508053626512,0.6942398394771128,0.3471199197385562
,,greedy_local_search,3121.037067074452,2,exp4:multi_hotspot:c1.5:t3.0:r005,1.0,1.5,6382.956578468724,,,hardening:multi_hotspot:r005,4,,,2465.7919303715657,1.0,truthful resolved feasibility,,,3.0,10000.0,Current feasibility,7.0,,0.3550160275632332,0.3919082813659983,0.6430266384151364,0.0,1188.5324203057694,moderate,1188.5324203057694,,0.4255304385645816,4255.304385645816,1188.5324203057694,,,,5.0,,4255.304385645816,0.1188532420305769,,40005,"[""L001"", ""L007"", ""L010"", ""R001"", ""R002"", ""R004"", ""R005"", ""R008"", ""C001""]",,,9.0,0.0,3.0,4255.304385645816,multi_hotspot,3066.771965340047,,5744.695614354183,600.9800349684812,1.0,0.0,48.0,6382.956578468725,8510.608771291634,0.9999999999999999,0.4999999999999999
,,greedy_local_search,3057.222876742177,2,exp4:multi_hotspot:c1.5:t3.0:r006,2.0,1.5,5123.675347745504,,,hardening:multi_hotspot:r006,4,,,2490.4330838535143,1.0,catalog/geography,,,0.0,10000.0,Catalog + geography,5.0,,0.4445660265139096,0.1846695809490125,0.3844464562647664,1210.0861717538191,1712.821600074737,moderate,502.7354283209179,,0.341578356516367,3415.7835651636697,502.7354283209179,,,,5.0,,3415.7835651636697,0.0502735428320917,,40006,"[""R000"", ""R001"", ""R005"", ""R006"", ""R007"", ""C001"", ""C002""]",,,7.0,0.0,3.0,3415.7835651636697,multi_hotspot,2913.048136842752,,6584.21643483633,422.6150529892377,1.0,0.0,48.0,7112.9411830583995,9483.9215774112,0.7203314656880717,0.3601657328440359
,,greedy_local_search,3057.222876742177,2,exp4:multi_hotspot:c1.5:t3.0:r006,2.0,1.5,7088.290693662564,,,hardening:multi_hotspot:r006,4,,,2449.787515738215,1.0,truthful resolved feasibility,,,0.0,10000.0,Current feasibility,6.0,,0.501931586575903,0.4251447853770793,0.489414120348518,0.0,1698.44608595181,moderate,1698.44608595181,,0.4725527129108377,4725.527129108377,1698.44608595181,,,,5.0,,4725.527129108376,0.169844608595181,,40006,"[""R000"", ""R004"", ""R005"", ""R006"", ""R007"", ""C000"", ""C001""]",,,7.0,0.0,3.0,4725.527129108376,multi_hotspot,3027.0810431565665,,5274.472870891624,577.2935274183513,1.0,0.0,48.0,7088.290693662565,9451.054258216753,0.9999999999999999,0.5
,,greedy_local_search,3160.0896040703738,2,exp4:multi_hotspot:c1.5:t3.0:r007,2.0,1.5,6035.474420882345,,,hardening:multi_hotspot:r007,4,,,2453.918405590921,1.0,catalog/geography,,,1.0,9999.999999999998,Catalog + geography,5.0,,0.5517160727001936,0.2836383189377311,0.2740965852443165,456.577977531193,1503.7408914243074,moderate,1047.1629138931144,,0.4023649613921564,4023.649613921564,1047.1629138931144,,,,4.0,,4023.649613921564,0.1047162913893114,,40007,"[""L006"", ""R001"", ""R002"", ""R006"", ""R007"", ""C000"", ""C001""]",,,7.0,0.0,3.0,4023.6496139215647,multi_hotspot,2976.48670002845,,5976.350386078437,522.5682944375288,1.0,0.0,48.0,6805.7982250464265,9074.39763339523,0.8868135994203932,0.443406799710197
,,greedy_local_search,3160.0896040703738,2,exp4:multi_hotspot:c1.5:t3.0:r007,1.0,1.5,6579.995769895748,,,hardening:multi_hotspot:r007,4,,,2517.7084837091656,1.0,truthful resolved feasibility,,,1.0,9999.999999999998,Current feasibility,7.0,,0.5514912690957795,0.2759102497039803,0.4696336308511128,0.0,1271.0346933500769,moderate,1271.0346933500769,,0.4386663846597165,4386.6638465971655,1271.0346933500769,,,,6.0,,4386.6638465971655,0.1271034693350077,,40007,"[""L006"", ""R000"", ""R001"", ""R002"", ""R003"", ""R004"", ""R007"", ""C001""]",,,8.0,0.0,3.0,4386.6638465971655,multi_hotspot,3115.6291532470887,,5613.336153402835,597.9206695379228,1.0,0.0,48.0,6579.995769895749,8773.327693194326,0.9999999999999999,0.5000000000000003
,,greedy_local_search,3111.814402771996,2,exp4:multi_hotspot:c1.5:t3.0:r008,2.0,1.5,5650.386441413269,,,hardening:multi_hotspot:r008,4,,,2507.9874526460244,1.0,catalog/geography,,,0.0,10000.0,Catalog + geography,6.0,,0.3155416225223852,0.3157849749805735,0.6208697902463862,1100.945842513584,1882.4408556845144,moderate,781.4950131709306,,0.3766924294275513,3766.924294275513,781.4950131709306,,,,5.0,,3766.9242942755127,0.078149501317093,,40008,"[""R001"", ""R003"", ""R004"", ""R005"", ""R006"", ""C001"", ""C002""]",,,7.0,494.3346230819706,3.0,3766.9242942755127,multi_hotspot,2985.429281104582,,6233.075705724486,477.4418284585576,1.0,0.0,48.0,7434.862647919812,9913.15019722642,0.7599853163385851,0.37999265816929245
,,greedy_local_search,3111.814402771996,2,exp4:multi_hotspot:c1.5:t3.0:r008,2.0,1.5,7280.468045310058,,,hardening:multi_hotspot:r008,4,,,2504.350816078128,1.0,truthful resolved feasibility,,,0.0,10000.0,Current feasibility,7.0,,0.5098240546284373,0.4096042989789125,0.5629110356429392,0.0,1775.2890696946756,moderate,1775.2890696946756,,0.4853645363540039,4853.645363540039,1775.2890696946756,,,,5.0,,4853.645363540039,0.1775289069694675,,40008,"[""R001"", ""R003"", ""R004"", ""R005"", ""R006"", ""C000"", ""C001""]",,,7.0,0.0,3.0,4853.645363540039,multi_hotspot,3078.356293845364,,5146.35463645996,574.0054777672359,1.0,0.0,48.0,7280.468045310059,9707.290727080082,0.9999999999999999,0.49999999999999983
,,greedy_local_search,3134.181575541887,2,exp4:multi_hotspot:c1.5:t3.0:r009,1.0,1.5,6745.948518284062,,,hardening:multi_hotspot:r009,4,,,2550.11126839346,1.0,catalog/geography,,,0.0,9999.999999999998,Catalog + geography,7.0,,0.4356911472084919,0.4562086756219505,0.4699792425371665,10.848328441952615,1373.96576508944,moderate,1363.1174366474877,,0.4497299012189373,4497.299012189375,1363.1174366474877,,,,7.0,,4497.299012189375,0.1363117436647487,,40009,"[""R000"", ""R002"", ""R003"", ""R004"", ""R005"", ""R007"", ""R008"", ""C001""]",,,8.0,0.0,3.0,4497.299012189375,multi_hotspot,3134.181575541887,,5502.700987810627,584.0703071484272,1.0,0.0,48.0,6781.416268624681,9041.888358166238,0.9947698609057939,0.4973849304528972
,,greedy_local_search,3134.181575541887,2,exp4:multi_hotspot:c1.5:t3.0:r009,1.0,1.5,6745.948518284062,,,hardening:multi_hotspot:r009,4,,,2550.11126839346,1.0,truthful resolved feasibility,,,0.0,9999.999999999998,Current feasibility,7.0,,0.4356911472084919,0.4562086756219505,0.4699792425371665,0.0,1363.1174366474877,moderate,1363.1174366474877,,0.4497299012189373,4497.299012189375,1363.1174366474877,,,,7.0,,4497.299012189375,0.1363117436647487,,40009,"[""R000"", ""R002"", ""R003"", ""R004"", ""R005"", ""R007"", ""R008"", ""C001""]",,,8.0,0.0,3.0,4497.299012189375,multi_hotspot,3134.181575541887,,5502.700987810627,584.0703071484272,1.0,0.0,48.0,6781.416268624681,9041.888358166238,0.9947698609057939,0.4973849304528972
,,greedy_local_search,3131.0191729170765,2,exp4:multi_hotspot:c1.5:t3.0:r010,2.0,1.5,5351.311697892941,,,hardening:multi_hotspot:r010,4,,,2508.514404300937,1.0,catalog/geography,,,0.0,10000.0,Catalog + geography,4.0,,0.3958444025507205,0.2690852169733901,0.4222215305217598,1097.5477863106437,1679.2644442219707,moderate,581.7166579113273,,0.3567541131928627,3567.541131928628,581.7166579113273,,,,5.0,,3567.541131928628,0.0581716657911327,,40010,"[""R000"", ""R002"", ""R004"", ""R005"", ""R007"", ""C001"", ""C002""]",,,7.0,0.0,3.0,3567.541131928628,multi_hotspot,2985.8244740173004,,6432.458868071373,477.31006971636384,1.0,0.0,48.0,7186.359257668806,9581.812343558406,0.7446485078215893,0.3723242539107949
,,greedy_local_search,3131.0191729170765,2,exp4:multi_hotspot:c1.5:t3.0:r010,1.0,1.5,6520.939348372109,,,hardening:multi_hotspot:r010,4,,,2474.2415185864825,1.0,truthful resolved feasibility,,,1.0,10000.0,Current feasibility,5.0,,0.5828142361518077,0.2857766224371287,0.3622053288508268,0.0,1256.636411064998,moderate,1256.636411064998,,0.434729289891474,4347.29289891474,1256.636411064998,,,,6.0,,4347.292898914739,0.1256636411064998,,40010,"[""L025"", ""R000"", ""R003"", ""R004"", ""R005"", ""R006"", ""R007"", ""C001""]",,,8.0,0.0,3.0,4347.29289891474,multi_hotspot,3090.6564878497416,,5652.707101085261,616.414969263259,1.0,0.0,48.0,6520.9393483721105,8694.585797829477,0.9999999999999997,0.5000000000000002
,,greedy_local_search,3086.135330375794,2,exp4:multi_hotspot:c1.5:t3.0:r011,2.0,1.5,6559.33716004679,,,hardening:multi_hotspot:r011,4,,,2471.8054817203624,1.0,catalog/geography,,,2.0,9999.999999999998,Catalog + geography,6.0,,0.4606131944948968,0.440300468357853,0.3795402127758362,113.8834142463038,1515.932338377842,moderate,1402.048924131538,,0.4372891440031194,4372.891440031194,1402.048924131538,,,,4.0,,4372.891440031193,0.1402048924131538,,40011,"[""L011"", ""L012"", ""R002"", ""R003"", ""R007"", ""R008"", ""C001"", ""C002""]",,,8.0,0.0,3.0,4372.891440031193,multi_hotspot,2970.842515899655,,5627.108559968807,499.03703417929256,1.0,0.0,48.0,6751.793974595192,9002.39196612692,0.9714954550934827,0.4857477275467415
,,greedy_local_search,3086.135330375794,2,exp4:multi_hotspot:c1.5:t3.0:r011,2.0,1.5,6656.776207471028,,,hardening:multi_hotspot:r011,4,,,2419.2486381547315,1.0,truthful resolved feasibility,,,4.0,9999.999999999998,Current feasibility,8.0,,0.474380717967652,0.4145289292130722,0.4261431609402495,0.0,1483.0991395535389,moderate,1483.0991395535389,,0.4437850804980686,4437.850804980686,1483.0991395535389,,,,3.0,,4437.850804980686,0.1483099139553539,,40011,"[""L001"", ""L011"", ""L012"", ""L023"", ""R002"", ""R003"", ""R007"", ""C001"", ""C002""]",,,9.0,0.0,3.0,4437.850804980686,multi_hotspot,2954.751665427147,,5562.149195019314,535.5030272724157,1.0,0.0,48.0,6656.776207471029,8875.70160996137,0.9999999999999999,0.5000000000000001
,,greedy_local_search,3156.616877017109,2,exp4:multi_hotspot:c1.5:t3.0:r012,3.0,1.5,4223.156221812098,,,hardening:multi_hotspot:r012,4,,,2521.370952738682,1.0,catalog/geography,,,0.0,10000.0,Catalog + geography,4.0,,0.3562861287727514,0.0983106940258062,0.4340312363201806,1820.819976083219,1782.8959632453316,moderate,-37.9240128378874,,0.2815437481208065,2815.437481208065,-37.9240128378874,,,,3.0,,2815.437481208065,-0.0037924012837887,,40012,"[""R001"", ""R005"", ""R007"", ""C000"", ""C001"", ""C002""]",,,6.0,545.4997346595528,3.0,2815.437481208065,multi_hotspot,2853.3614940459524,,7184.562518791936,331.99054130727075,1.0,0.0,48.0,7601.668415367854,10135.557887157138,0.5555564898456221,0.27777824492281106
,,greedy_local_search,3156.616877017109,2,exp4:multi_hotspot:c1.5:t3.0:r012,1.0,1.5,6443.139026239989,,,hardening:multi_hotspot:r012,4,,,2531.933584968008,1.0,truthful resolved feasibility,,,2.0,10000.0,Current feasibility,9.0,,0.4491552519802862,0.3684080470383757,0.4923996094738612,0.0,1181.608884851099,moderate,1181.608884851099,,0.4295426017493326,4295.426017493326,1181.608884851099,,,,6.0,,4295.426017493326,0.1181608884851099,,40012,"[""L021"", ""L027"", ""R001"", ""R003"", ""R004"", ""R005"", ""R007"", ""R008"", ""C001""]",,,9.0,0.0,3.0,4295.426017493326,multi_hotspot,3113.817132642227,,5704.573982506674,581.8835476742195,1.0,0.0,48.0,6443.139026239989,8590.85203498665,1.0,0.5000000000000001
,,greedy_local_search,3128.370898926705,2,exp4:multi_hotspot:c1.5:t3.0:r013,2.0,1.5,5461.667057539824,,,hardening:multi_hotspot:r013,4,,,2548.701962687104,1.0,catalog/geography,,,0.0,9999.999999999998,Catalog + geography,6.0,,0.2787589831181877,0.4745760511296802,0.3628398843537453,981.5693358669824,1611.5694684115451,moderate,630.0001325445628,,0.3641111371693216,3641.111371693216,630.0001325445628,,,,5.0,,3641.111371693216,0.0630000132544563,,40013,"[""R001"", ""R004"", ""R005"", ""R006"", ""R008"", ""C001"", ""C002""]",,,7.0,576.6832465939877,3.0,3641.111371693216,multi_hotspot,3011.111239148653,,6358.888628306784,462.4092764615496,1.0,0.0,48.0,7110.259054874387,9480.345406499182,0.7681389686913892,0.38406948434569466
,,greedy_local_search,3128.370898926705,2,exp4:multi_hotspot:c1.5:t3.0:r013,2.0,1.5,7010.049183127248,,,hardening:multi_hotspot:r013,4,,,2529.0979295353486,1.0,truthful resolved feasibility,,,2.0,9999.999999999998,Current feasibility,7.0,,0.4609268756589246,0.4729569464677965,0.4719229344911917,0.0,1569.1278885779416,moderate,1569.1278885779416,,0.4673366122084833,4673.3661220848335,1569.1278885779416,,,,4.0,,4673.366122084833,0.1569127888577942,,40013,"[""L001"", ""L009"", ""R004"", ""R005"", ""R006"", ""R008"", ""C000"", ""C001""]",,,8.0,0.0,3.0,4673.366122084833,multi_hotspot,3104.238233506891,,5326.633877915167,575.1403039715425,1.0,0.0,48.0,7010.049183127249,9346.732244169667,0.9999999999999999,0.4999999999999999
,,greedy_local_search,3172.528396547715,2,exp4:multi_hotspot:c1.5:t3.0:r014,2.0,1.5,6487.484860332735,,,hardening:multi_hotspot:r014,4,,,2529.188408963582,1.0,catalog/geography,,,2.0,10000.0,Catalog + geography,7.0,,0.439052726225508,0.4156421326155124,0.4472525873597049,289.89310046016226,1555.7362277321097,moderate,1265.8431272719472,,0.4324989906888489,4324.98990688849,1265.8431272719472,,,,4.0,,4324.98990688849,0.1265843127271947,,40014,"[""L007"", ""L013"", ""R000"", ""R002"", ""R005"", ""R006"", ""C001"", ""C002""]",,,8.0,0.0,3.0,4324.989906888489,multi_hotspot,3059.1467796165425,,5675.01009311151,529.9583706529605,1.0,0.0,48.0,6987.191697003533,9316.255596004714,0.9284824492671214,0.46424122463356043
,,greedy_local_search,3172.528396547715,2,exp4:multi_hotspot:c1.5:t3.0:r014,2.0,1.5,6991.629588709012,,,hardening:multi_hotspot:r014,4,,,2572.488919576521,1.0,truthful resolved feasibility,,,2.0,10000.0,Current feasibility,8.0,,0.402580523875304,0.5112119516937683,0.5301161020528087,0.0,1511.170178644133,moderate,1511.170178644133,,0.4661086392472675,4661.086392472675,1511.170178644133,,,,4.0,,4661.086392472675,0.1511170178644133,,40014,"[""L007"", ""L013"", ""R000"", ""R002"", ""R005"", ""R008"", ""C001"", ""C002""]",,,8.0,0.0,3.0,4661.086392472675,multi_hotspot,3149.916213828541,,5338.913607527325,577.4272942520207,1.0,0.0,48.0,6991.629588709011,9322.172784945351,1.0000000000000002,0.4999999999999999
,,greedy_local_search,3173.152608497909,2,exp4:multi_hotspot:c1.5:t3.0:r015,2.0,1.5,6309.113679053078,,,hardening:multi_hotspot:r015,4,,,2566.0197666521312,1.0,catalog/geography,,,0.0,9999.999999999998,Catalog + geography,5.0,,0.4890470577897748,0.3395157694468627,0.4085294164586895,412.0420109102761,1506.2772006034302,moderate,1094.235189693154,,0.4206075786035385,4206.075786035385,1094.235189693154,,,,5.0,,4206.075786035385,0.1094235189693154,,40015,"[""R000"", ""R002"", ""R003"", ""R005"", ""R006"", ""C001"", ""C002""]",,,7.0,0.0,3.0,4206.075786035385,multi_hotspot,3111.840596342231,,5793.924213964614,545.8208296900998,1.0,0.0,48.0,7064.001064662398,9418.668086216529,0.8931360034208323,0.4465680017104162
,,greedy_local_search,3173.152608497909,2,exp4:multi_hotspot:c1.5:t3.0:r015,1.0,1.5,6489.000933636834,,,hardening:multi_hotspot:r015,4,,,2563.871146483742,1.0,truthful resolved feasibility,,,2.0,9999.999999999998,Current feasibility,8.0,,0.4625265220787611,0.3883474343556398,0.4427076264126959,0.0,1160.5564263721426,moderate,1160.5564263721426,,0.4326000622424557,4326.000622424557,1160.5564263721426,,,,6.0,,4326.000622424556,0.1160556426372142,,40015,"[""L026"", ""L029"", ""R000"", ""R002"", ""R003"", ""R005"", ""R007"", ""R008"", ""C001""]",,,9.0,0.0,3.0,4326.000622424557,multi_hotspot,3165.4441960524136,,5673.999377575443,601.5730495686716,1.0,0.0,48.0,6489.000933636835,8652.001244849112,0.9999999999999999,0.5000000000000001
,,greedy_local_search,3177.084552498707,2,exp4:multi_hotspot:c1.5:t3.0:r016,3.0,1.5,6914.060814112509,,,hardening:multi_hotspot:r016,4,,,2599.4514629107666,1.0,catalog/geography,,,0.0,10000.0,Catalog + geography,5.0,,0.4161378061488024,0.5147271166469952,0.4676044200704559,182.01730400073347,1651.1362684808428,moderate,1469.1189644801093,,0.4609373876075004,4609.373876075006,1469.1189644801093,,,,3.0,,4609.373876075006,0.1469118964480109,,40016,"[""R002"", ""R006"", ""R008"", ""C000"", ""C001"", ""C002""]",,,6.0,0.0,3.0,4609.373876075006,multi_hotspot,3140.2549115948964,,5390.626123924994,540.8034486841298,1.0,0.0,48.0,7483.415299991818,9977.887066655756,0.9239178285508315,0.46195891427541574
,,greedy_local_search,3177.084552498707,2,exp4:multi_hotspot:c1.5:t3.0:r016,2.0,1.5,6688.927768231184,,,hardening:multi_hotspot:r016,4,,,2494.257825603067,1.0,truthful resolved feasibility,,,1.0,10000.0,Current feasibility,7.0,,0.4146337671886047,0.4785573397190238,0.4592412687277424,0.0,1418.789443354853,moderate,1418.789443354853,,0.4459285178820789,4459.28517882079,1418.789443354853,,,,4.0,,4459.285178820789,0.1418789443354852,,40016,"[""L006"", ""R002"", ""R004"", ""R006"", ""R008"", ""C001"", ""C002""]",,,7.0,0.0,3.0,4459.285178820788,multi_hotspot,3040.4957354659364,,5540.714821179212,546.2379098628694,1.0,0.0,48.0,6886.789953398348,9182.38660453113,0.9712693161101091,0.4856346580550545
,,greedy_local_search,3078.847843759583,2,exp4:multi_hotspot:c1.5:t3.0:r017,2.0,1.5,6703.557517462667,,,hardening:multi_hotspot:r017,4,,,2449.5444910871324,1.0,catalog/geography,,,0.0,10000.0,Catalog + geography,7.0,,0.5395083579654597,0.4138271653000885,0.2964278277901169,401.2245575128623,1847.9310975000783,moderate,1446.7065399872165,,0.4469038344975112,4469.038344975112,1446.7065399872165,,,,5.0,,4469.038344975112,0.1446706539987216,,40017,"[""R001"", ""R002"", ""R003"", ""R006"", ""R007"", ""C001"", ""C002""]",,,7.0,0.0,3.0,4469.038344975112,multi_hotspot,3022.331804987896,,5530.961655024888,572.7873139007627,1.0,0.0,48.0,7359.914727726623,9813.21963696883,0.9108199979829528,0.45540999899147644
,,greedy_local_search,3078.847843759583,2,exp4:multi_hotspot:c1.5:t3.0:r017,2.0,1.5,6703.557517462667,,,hardening:multi_hotspot:r017,4,,,2449.5444910871324,1.0,truthful resolved feasibility,,,0.0,10000.0,Current feasibility,7.0,,0.5395083579654597,0.4138271653000885,0.2964278277901169,0.0,1446.7065399872165,moderate,1446.7065399872165,,0.4469038344975112,4469.038344975112,1446.7065399872165,,,,5.0,,4469.038344975112,0.1446706539987216,,40017,"[""R001"", ""R002"", ""R003"", ""R006"", ""R007"", ""C001"", ""C002""]",,,7.0,0.0,3.0,4469.038344975112,multi_hotspot,3022.331804987896,,5530.961655024888,572.7873139007627,1.0,0.0,48.0,7359.914727726623,9813.21963696883,0.9108199979829528,0.45540999899147644
,,greedy_local_search,3144.247219381794,2,exp4:multi_hotspot:c1.5:t3.0:r018,2.0,1.5,5647.511662008516,,,hardening:multi_hotspot:r018,4,,,2573.2844537016645,1.0,catalog/geography,,,0.0,10000.000000000002,Catalog + geography,5.0,,0.4040523798575642,0.2221172629346683,0.5846808225209826,730.2541757697836,1443.2606468451718,moderate,713.0064710753882,,0.3765007774672342,3765.007774672343,713.0064710753882,,,,5.0,,3765.007774672344,0.0713006471075388,,40018,"[""R000"", ""R001"", ""R002"", ""R003"", ""R007"", ""C001"", ""C002""]",,,7.0,0.0,3.0,3765.007774672344,multi_hotspot,3052.001303596956,,6234.992225327656,478.7168498952914,1.0,0.0,48.0,7090.285593989917,9453.714125319892,0.7965139890550574,0.3982569945275286
,,greedy_local_search,3144.247219381794,2,exp4:multi_hotspot:c1.5:t3.0:r018,0.0,1.5,6064.8561323494,,,hardening:multi_hotspot:r018,4,,,2411.90848457034,1.0,truthful resolved feasibility,,,2.0,10000.000000000002,Current feasibility,8.0,,0.4921566585091352,0.2650131409269631,0.4504932325153932,0.0,1016.1673311134656,moderate,1016.1673311134656,,0.4043237421566265,4043.2374215662658,1016.1673311134656,,,,7.0,,4043.2374215662658,0.1016167331113465,,40018,"[""L002"", ""L010"", ""R000"", ""R001"", ""R002"", ""R003"", ""R006"", ""R007"", ""R008""]",,,9.0,0.0,3.0,4043.2374215662658,multi_hotspot,3027.0700904528003,,5956.762578433734,615.1616058824602,1.0,0.0,48.0,6064.8561323494,8086.474843132537,1.0,0.49999999999999967
,,greedy_local_search,3139.3042522037977,2,exp4:multi_hotspot:c1.5:t3.0:r019,2.0,1.5,6725.2319113708745,,,hardening:multi_hotspot:r019,4,,,2579.513089900516,1.0,catalog/geography,,,2.0,9999.999999999998,Catalog + geography,5.0,,0.6399850801581153,0.2056052557068044,0.4419683426142911,138.4894432043111,1504.1100114679905,moderate,1365.6205682636792,,0.4483487940913915,4483.487940913916,1365.6205682636792,,,,4.0,,4483.487940913917,0.1365620568263679,,40019,"[""L006"", ""L019"", ""R000"", ""R001"", ""R005"", ""R007"", ""C001"", ""C002""]",,,8.0,0.0,3.0,4483.487940913916,multi_hotspot,3117.867372650237,,5516.512059086082,538.3542827497213,1.0,0.0,48.0,6957.393337391431,9276.524449855238,0.9666309758896567,0.4833154879448284
,,greedy_local_search,3139.3042522037977,2,exp4:multi_hotspot:c1.5:t3.0:r019,2.0,1.5,6667.487151639574,,,hardening:multi_hotspot:r019,4,,,2491.4724108327628,1.0,truthful resolved feasibility,,,3.0,9999.999999999998,Current feasibility,7.0,,0.5765560541614646,0.2161483009321908,0.5469850687185621,0.0,1391.5073760038294,moderate,1391.5073760038294,,0.4444991434426383,4444.991434426383,1391.5073760038294,,,,3.0,,4444.991434426383,0.1391507376003829,,40019,"[""L006"", ""L019"", ""L035"", ""R000"", ""R002"", ""R007"", ""C001"", ""C002""]",,,8.0,0.0,3.0,4444.991434426383,multi_hotspot,3053.484058422554,,5555.008565573617,562.0116475897912,1.0,0.0,48.0,6667.487151639576,8889.982868852765,0.9999999999999998,0.5000000000000001
,,greedy_local_search,3167.1915373627367,2,exp4:multi_hotspot:c3.0:t0.75:r000,1.0,3.0,940.5605137711266,,,hardening:multi_hotspot:r000,4,,,529.4157164299909,1.0,catalog/geography,,,0.0,10000.0,Catalog + geography,1.0,,0.0638414375031599,0.0970725353571042,0.0,1.0263416228162896,29.70136084582361,moderate,28.675019223007325,,0.0627040342514084,627.0403425140844,28.675019223007325,,,,0.0,,627.0403425140844,0.0028675019223007,,40000,"[""C001""]",,,1.0,0.0,0.75,627.0403425140844,multi_hotspot,598.3653232910771,,9372.959657485912,68.94960686108621,1.0,0.0,48.0,3763.6804602441935,627.2800767073658,0.24990445488300075,0.9996178195320028
,,greedy_local_search,3167.1915373627367,2,exp4:multi_hotspot:c3.0:t0.75:r000,1.0,3.0,940.5605137711266,,,hardening:multi_hotspot:r000,4,,,529.4157164299909,1.0,truthful resolved feasibility,,,0.0,10000.0,Current feasibility,1.0,,0.0638414375031599,0.0970725353571042,0.0,0.0,28.675019223007325,moderate,28.675019223007325,,0.0627040342514084,627.0403425140844,28.675019223007325,,,,0.0,,627.0403425140844,0.0028675019223007,,40000,"[""C001""]",,,1.0,0.0,0.75,627.0403425140844,multi_hotspot,598.3653232910771,,9372.959657485912,68.94960686108621,1.0,0.0,48.0,3763.6804602441935,627.2800767073658,0.24990445488300075,0.9996178195320028
,,greedy_local_search,3142.794055820548,2,exp4:multi_hotspot:c3.0:t0.75:r001,0.0,3.0,0.0,,,hardening:multi_hotspot:r001,4,,,0.0,1.0,catalog/geography,,,0.0,10000.0,Catalog + geography,0.0,,0.0,0.0,0.0,0.0,0.0,moderate,0.0,,0.0,0.0,0.0,,,,0.0,,0.0,0.0,,40001,[],,,0.0,0.0,0.75,0.0,multi_hotspot,0.0,,10000.0,0.0,1.0,1.0,48.0,0.0,0.0,0.0,0.0
,,greedy_local_search,3142.794055820548,2,exp4:multi_hotspot:c3.0:t0.75:r001,0.0,3.0,0.0,,,hardening:multi_hotspot:r001,4,,,0.0,1.0,truthful resolved feasibility,,,0.0,10000.0,Current feasibility,0.0,,0.0,0.0,0.0,0.0,0.0,moderate,0.0,,0.0,0.0,0.0,,,,0.0,,0.0,0.0,,40001,[],,,0.0,0.0,0.75,0.0,multi_hotspot,0.0,,10000.0,0.0,1.0,1.0,48.0,0.0,0.0,0.0,0.0
,,greedy_local_search,3131.918120974454,2,exp4:multi_hotspot:c3.0:t0.75:r002,0.0,3.0,0.0,,,hardening:multi_hotspot:r002,4,,,0.0,1.0,catalog/geography,,,0.0,10000.000000000002,Catalog + geography,0.0,,0.0,0.0,0.0,0.0,0.0,moderate,0.0,,0.0,0.0,0.0,,,,0.0,,0.0,0.0,,40002,[],,,0.0,0.0,0.75,0.0,multi_hotspot,0.0,,10000.0,0.0,1.0,1.0,48.0,0.0,0.0,0.0,0.0
,,greedy_local_search,3131.918120974454,2,exp4:multi_hotspot:c3.0:t0.75:r002,0.0,3.0,0.0,,,hardening:multi_hotspot:r002,4,,,0.0,1.0,truthful resolved feasibility,,,0.0,10000.000000000002,Current feasibility,0.0,,0.0,0.0,0.0,0.0,0.0,moderate,0.0,,0.0,0.0,0.0,,,,0.0,,0.0,0.0,,40002,[],,,0.0,0.0,0.75,0.0,multi_hotspot,0.0,,10000.0,0.0,1.0,1.0,48.0,0.0,0.0,0.0,0.0
,,greedy_local_search,3097.6906149428264,2,exp4:multi_hotspot:c3.0:t0.75:r003,0.0,3.0,0.0,,,hardening:multi_hotspot:r003,4,,,0.0,1.0,catalog/geography,,,0.0,10000.000000000002,Catalog + geography,0.0,,0.0,0.0,0.0,0.0,0.0,moderate,0.0,,0.0,0.0,0.0,,,,0.0,,0.0,0.0,,40003,[],,,0.0,0.0,0.75,0.0,multi_hotspot,0.0,,10000.0,0.0,1.0,1.0,48.0,0.0,0.0,0.0,0.0
,,greedy_local_search,3097.6906149428264,2,exp4:multi_hotspot:c3.0:t0.75:r003,0.0,3.0,0.0,,,hardening:multi_hotspot:r003,4,,,0.0,1.0,truthful resolved feasibility,,,0.0,10000.000000000002,Current feasibility,0.0,,0.0,0.0,0.0,0.0,0.0,moderate,0.0,,0.0,0.0,0.0,,,,0.0,,0.0,0.0,,40003,[],,,0.0,0.0,0.75,0.0,multi_hotspot,0.0,,10000.0,0.0,1.0,1.0,48.0,0.0,0.0,0.0,0.0
,,greedy_local_search,3168.841656308462,2,exp4:multi_hotspot:c3.0:t0.75:r004,0.0,3.0,0.0,,,hardening:multi_hotspot:r004,4,,,0.0,1.0,catalog/geography,,,0.0,10000.0,Catalog + geography,0.0,,0.0,0.0,0.0,0.0,0.0,moderate,0.0,,0.0,0.0,0.0,,,,0.0,,0.0,0.0,,40004,[],,,0.0,0.0,0.75,0.0,multi_hotspot,0.0,,10000.0,0.0,1.0,1.0,48.0,0.0,0.0,0.0,0.0
,,greedy_local_search,3168.841656308462,2,exp4:multi_hotspot:c3.0:t0.75:r004,0.0,3.0,0.0,,,hardening:multi_hotspot:r004,4,,,0.0,1.0,truthful resolved feasibility,,,0.0,10000.0,Current feasibility,0.0,,0.0,0.0,0.0,0.0,0.0,moderate,0.0,,0.0,0.0,0.0,,,,0.0,,0.0,0.0,,40004,[],,,0.0,0.0,0.75,0.0,multi_hotspot,0.0,,10000.0,0.0,1.0,1.0,48.0,0.0,0.0,0.0,0.0
,,greedy_local_search,3121.037067074452,2,exp4:multi_hotspot:c3.0:t0.75:r005,2.0,3.0,1445.2127507999596,,,hardening:multi_hotspot:r005,4,,,1001.549985287741,1.0,catalog/geography,,,0.0,10000.0,Catalog + geography,1.0,,0.0442726508295805,0.0996399794212072,0.2077541552463177,170.5354452500785,23.29979278955216,moderate,-147.23565246052635,,0.0963475167199973,963.4751671999732,-147.23565246052635,,,,0.0,,963.4751671999732,-0.0147235652460526,,40005,"[""C001"", ""C002""]",,,2.0,0.0,0.75,963.4751671999732,multi_hotspot,1110.7108196604995,,9036.524832800029,109.16083437275844,1.0,0.0,48.0,6927.789593307403,1154.6315988845674,0.2086109474508447,0.8344437898033787
,,greedy_local_search,3121.037067074452,2,exp4:multi_hotspot:c3.0:t0.75:r005,1.0,3.0,821.9502850610063,,,hardening:multi_hotspot:r005,4,,,482.4022002591152,1.0,truthful resolved feasibility,,,0.0,10000.0,Current feasibility,1.0,,0.0442726508295805,0.0996399794212072,0.0,0.0,3.27050474510736,moderate,3.27050474510736,,0.0547966856707337,547.9668567073377,3.27050474510736,,,,0.0,,547.9668567073377,0.0003270504745107,,40005,"[""C001""]",,,1.0,0.0,0.75,547.9668567073376,multi_hotspot,544.6963519622303,,9452.03314329266,62.29415170311516,1.0,0.0,48.0,3287.801140244026,547.9668567073377,0.24999999999999994,0.9999999999999998
,,greedy_local_search,3057.222876742177,2,exp4:multi_hotspot:c3.0:t0.75:r006,1.0,3.0,111.13594828878762,,,hardening:multi_hotspot:r006,4,,,546.2064853884543,1.0,catalog/geography,,,0.0,10000.0,Catalog + geography,0.0,,0.0164645849316722,0.0,0.0,500.35260167172953,21.14899488536946,moderate,-479.20360678636007,,0.0074090632192525,74.09063219252508,-479.20360678636007,,,,0.0,,74.09063219252508,-0.047920360678636,,40006,"[""C002""]",,,1.0,0.0,0.75,74.09063219252508,multi_hotspot,553.2942389788851,,9925.909367807477,7.087753590430779,1.0,0.0,48.0,3715.471942525607,619.2453237542678,0.029911663984533418,0.11964665593813367
,,greedy_local_search,3057.222876742177,2,exp4:multi_hotspot:c3.0:t0.75:r006,1.0,3.0,902.6538232940776,,,hardening:multi_hotspot:r006,4,,,481.79294909144687,1.0,truthful resolved feasibility,,,0.0,10000.0,Current feasibility,1.0,,0.0,0.0776976247451886,0.1649137644606123,0.0,48.749524976036014,moderate,48.749524976036014,,0.0601769215529384,601.769215529385,48.749524976036014,,,,0.0,,601.769215529385,0.0048749524976036,,40006,"[""C000""]",,,1.0,0.0,0.75,601.769215529385,multi_hotspot,553.0196905533489,,9398.230784470616,71.2267414619021,1.0,0.0,48.0,3610.61529317631,601.769215529385,0.25000000000000006,1.0
,,greedy_local_search,3160.0896040703738,2,exp4:multi_hotspot:c3.0:t0.75:r007,0.0,3.0,0.0,,,hardening:multi_hotspot:r007,4,,,0.0,1.0,catalog/geography,,,0.0,9999.999999999998,Catalog + geography,0.0,,0.0,0.0,0.0,0.0,0.0,moderate,0.0,,0.0,0.0,0.0,,,,0.0,,0.0,0.0,,40007,[],,,0.0,0.0,0.75,0.0,multi_hotspot,0.0,,10000.0,0.0,1.0,1.0,48.0,0.0,0.0,0.0,0.0
,,greedy_local_search,3160.0896040703738,2,exp4:multi_hotspot:c3.0:t0.75:r007,0.0,3.0,0.0,,,hardening:multi_hotspot:r007,4,,,0.0,1.0,truthful resolved feasibility,,,0.0,9999.999999999998,Current feasibility,0.0,,0.0,0.0,0.0,0.0,0.0,moderate,0.0,,0.0,0.0,0.0,,,,0.0,,0.0,0.0,,40007,[],,,0.0,0.0,0.75,0.0,multi_hotspot,0.0,,10000.0,0.0,1.0,1.0,48.0,0.0,0.0,0.0,0.0
,,greedy_local_search,3111.814402771996,2,exp4:multi_hotspot:c3.0:t0.75:r008,2.0,3.0,873.8999846992904,,,hardening:multi_hotspot:r008,4,,,995.487033795672,1.0,catalog/geography,,,0.0,10000.0,Catalog + geography,1.0,,0.0550033194877017,0.0550033194877017,0.0712867169489565,549.6191734447292,76.46205991499505,moderate,-473.15711352973415,,0.0582599989799526,582.599989799527,-473.15711352973415,,,,0.0,,582.599989799527,-0.0473157113529734,,40008,"[""C001"", ""C002""]",,,2.0,494.3346230819706,0.75,582.5999897995271,multi_hotspot,1055.757103329261,,9417.400010200472,60.27006953358912,1.0,0.0,48.0,7064.552351810247,1177.4253919683752,0.12370210328689248,0.4948084131475698
,,greedy_local_search,3111.814402771996,2,exp4:multi_hotspot:c3.0:t0.75:r008,1.0,3.0,873.8999846992904,,,hardening:multi_hotspot:r008,4,,,501.1524107137014,1.0,truthful resolved feasibility,,,0.0,10000.0,Current feasibility,1.0,,0.0550033194877017,0.0550033194877017,0.0712867169489565,0.0,21.177509552236412,moderate,21.177509552236412,,0.0582599989799526,582.599989799527,21.177509552236412,,,,0.0,,582.599989799527,0.0021177509552236,,40008,"[""C001""]",,,1.0,0.0,0.75,582.5999897995271,multi_hotspot,561.4224802472905,,9417.400010200472,60.27006953358912,1.0,0.0,48.0,3495.59993879716,582.599989799527,0.2500000000000001,1.0000000000000002
,,greedy_local_search,3134.181575541887,2,exp4:multi_hotspot:c3.0:t0.75:r009,1.0,3.0,756.210435347361,,,hardening:multi_hotspot:r009,4,,,485.45747738819705,1.0,catalog/geography,,,0.0,9999.999999999998,Catalog + geography,1.0,,0.0343372887333493,0.0998921402661433,0.0,45.87882015248511,8.655301107331184,moderate,-37.22351904515392,,0.0504140290231573,504.140290231574,-37.22351904515392,,,,0.0,,504.140290231574,-0.0037223519045153,,40009,"[""C001""]",,,1.0,0.0,0.75,504.14029023157406,multi_hotspot,541.3638092767279,,9495.859709768429,55.90633188853091,1.0,0.0,48.0,3334.0384220168994,555.6730703361497,0.22681515316488093,0.9072606126595241
,,greedy_local_search,3134.181575541887,2,exp4:multi_hotspot:c3.0:t0.75:r009,0.0,3.0,0.0,,,hardening:multi_hotspot:r009,4,,,0.0,1.0,truthful resolved feasibility,,,0.0,9999.999999999998,Current feasibility,0.0,,0.0,0.0,0.0,0.0,0.0,moderate,0.0,,0.0,0.0,0.0,,,,0.0,,0.0,0.0,,40009,[],,,0.0,0.0,0.75,0.0,multi_hotspot,0.0,,10000.000000000002,0.0,1.0,1.0,48.0,0.0,0.0,0.0,0.0
,,greedy_local_search,3131.0191729170765,2,exp4:multi_hotspot:c3.0:t0.75:r010,1.0,3.0,147.07663538871083,,,hardening:multi_hotspot:r010,4,,,494.8125988593468,1.0,catalog/geography,,,0.0,10000.0,Catalog + geography,0.0,,0.0,0.0,0.0490255451295702,426.7512812189636,19.781649123533494,moderate,-406.9696320954301,,0.009805109025914,98.05109025914057,-406.9696320954301,,,,0.0,,98.05109025914057,-0.040696963209543,,40010,"[""C002""]",,,1.0,0.0,0.75,98.05109025914057,multi_hotspot,505.0207223545706,,9901.94890974086,10.20812349522382,1.0,0.0,48.0,3425.106714076715,570.8511190127857,0.04294074540341946,0.1717629816136779
,,greedy_local_search,3131.0191729170765,2,exp4:multi_hotspot:c3.0:t0.75:r010,0.0,3.0,0.0,,,hardening:multi_hotspot:r010,4,,,0.0,1.0,truthful resolved feasibility,,,0.0,10000.0,Current feasibility,0.0,,0.0,0.0,0.0,0.0,0.0,moderate,0.0,,0.0,0.0,0.0,,,,0.0,,0.0,0.0,,40010,[],,,0.0,0.0,0.75,0.0,multi_hotspot,0.0,,10000.0,0.0,1.0,1.0,48.0,0.0,0.0,0.0,0.0
,,greedy_local_search,3086.135330375794,2,exp4:multi_hotspot:c3.0:t0.75:r011,0.0,3.0,0.0,,,hardening:multi_hotspot:r011,4,,,0.0,1.0,catalog/geography,,,0.0,9999.999999999998,Catalog + geography,0.0,,0.0,0.0,0.0,0.0,0.0,moderate,0.0,,0.0,0.0,0.0,,,,0.0,,0.0,0.0,,40011,[],,,0.0,0.0,0.75,0.0,multi_hotspot,0.0,,10000.0,0.0,1.0,1.0,48.0,0.0,0.0,0.0,0.0
,,greedy_local_search,3086.135330375794,2,exp4:multi_hotspot:c3.0:t0.75:r011,0.0,3.0,0.0,,,hardening:multi_hotspot:r011,4,,,0.0,1.0,truthful resolved feasibility,,,0.0,9999.999999999998,Current feasibility,0.0,,0.0,0.0,0.0,0.0,0.0,moderate,0.0,,0.0,0.0,0.0,,,,0.0,,0.0,0.0,,40011,[],,,0.0,0.0,0.75,0.0,multi_hotspot,0.0,,10000.0,0.0,1.0,1.0,48.0,0.0,0.0,0.0,0.0
,,greedy_local_search,3156.616877017109,2,exp4:multi_hotspot:c3.0:t0.75:r012,2.0,3.0,854.3928854266584,,,hardening:multi_hotspot:r012,4,,,1076.943822750609,1.0,catalog/geography,,,0.0,10000.0,Catalog + geography,1.0,,0.0710453143694459,0.0,0.1249456711442993,588.5578369272412,28.54404070066039,moderate,-560.0137962265808,,0.0569595256951105,569.5952569511055,-560.0137962265808,,,,0.0,,569.5952569511055,-0.056001379622658,,40012,"[""C000"", ""C001""]",,,2.0,0.0,0.75,569.5952569511055,multi_hotspot,1129.6090531776863,,9430.404743048895,52.6652304270773,1.0,0.0,48.0,7330.789208227724,1221.7982013712872,0.11654855448138231,0.46619421792552923
,,greedy_local_search,3156.616877017109,2,exp4:multi_hotspot:c3.0:t0.75:r012,0.0,3.0,0.0,,,hardening:multi_hotspot:r012,4,,,0.0,1.0,truthful resolved feasibility,,,0.0,10000.0,Current feasibility,0.0,,0.0,0.0,0.0,0.0,0.0,moderate,0.0,,0.0,0.0,0.0,,,,0.0,,0.0,0.0,,40012,[],,,0.0,0.0,0.75,0.0,multi_hotspot,0.0,,10000.0,0.0,1.0,1.0,48.0,0.0,0.0,0.0,0.0
,,greedy_local_search,3128.370898926705,2,exp4:multi_hotspot:c3.0:t0.75:r013,0.0,3.0,0.0,,,hardening:multi_hotspot:r013,4,,,0.0,1.0,catalog/geography,,,0.0,9999.999999999998,Catalog + geography,0.0,,0.0,0.0,0.0,0.0,0.0,moderate,0.0,,0.0,0.0,0.0,,,,0.0,,0.0,0.0,,40013,[],,,0.0,0.0,0.75,0.0,multi_hotspot,0.0,,10000.0,0.0,1.0,1.0,48.0,0.0,0.0,0.0,0.0
,,greedy_local_search,3128.370898926705,2,exp4:multi_hotspot:c3.0:t0.75:r013,0.0,3.0,0.0,,,hardening:multi_hotspot:r013,4,,,0.0,1.0,truthful resolved feasibility,,,0.0,9999.999999999998,Current feasibility,0.0,,0.0,0.0,0.0,0.0,0.0,moderate,0.0,,0.0,0.0,0.0,,,,0.0,,0.0,0.0,,40013,[],,,0.0,0.0,0.75,0.0,multi_hotspot,0.0,,10000.0,0.0,1.0,1.0,48.0,0.0,0.0,0.0,0.0
,,greedy_local_search,3172.528396547715,2,exp4:multi_hotspot:c3.0:t0.75:r014,0.0,3.0,0.0,,,hardening:multi_hotspot:r014,4,,,0.0,1.0,catalog/geography,,,0.0,10000.0,Catalog + geography,0.0,,0.0,0.0,0.0,0.0,0.0,moderate,0.0,,0.0,0.0,0.0,,,,0.0,,0.0,0.0,,40014,[],,,0.0,0.0,0.75,0.0,multi_hotspot,0.0,,10000.0,0.0,1.0,1.0,48.0,0.0,0.0,0.0,0.0
,,greedy_local_search,3172.528396547715,2,exp4:multi_hotspot:c3.0:t0.75:r014,0.0,3.0,0.0,,,hardening:multi_hotspot:r014,4,,,0.0,1.0,truthful resolved feasibility,,,0.0,10000.0,Current feasibility,0.0,,0.0,0.0,0.0,0.0,0.0,moderate,0.0,,0.0,0.0,0.0,,,,0.0,,0.0,0.0,,40014,[],,,0.0,0.0,0.75,0.0,multi_hotspot,0.0,,10000.0,0.0,1.0,1.0,48.0,0.0,0.0,0.0,0.0
,,greedy_local_search,3173.152608497909,2,exp4:multi_hotspot:c3.0:t0.75:r015,0.0,3.0,0.0,,,hardening:multi_hotspot:r015,4,,,0.0,1.0,catalog/geography,,,0.0,9999.999999999998,Catalog + geography,0.0,,0.0,0.0,0.0,0.0,0.0,moderate,0.0,,0.0,0.0,0.0,,,,0.0,,0.0,0.0,,40015,[],,,0.0,0.0,0.75,0.0,multi_hotspot,0.0,,10000.0,0.0,1.0,1.0,48.0,0.0,0.0,0.0,0.0
,,greedy_local_search,3173.152608497909,2,exp4:multi_hotspot:c3.0:t0.75:r015,0.0,3.0,0.0,,,hardening:multi_hotspot:r015,4,,,0.0,1.0,truthful resolved feasibility,,,0.0,9999.999999999998,Current feasibility,0.0,,0.0,0.0,0.0,0.0,0.0,moderate,0.0,,0.0,0.0,0.0,,,,0.0,,0.0,0.0,,40015,[],,,0.0,0.0,0.75,0.0,multi_hotspot,0.0,,10000.0,0.0,1.0,1.0,48.0,0.0,0.0,0.0,0.0
,,greedy_local_search,3177.084552498707,2,exp4:multi_hotspot:c3.0:t0.75:r016,0.0,3.0,0.0,,,hardening:multi_hotspot:r016,4,,,0.0,1.0,catalog/geography,,,0.0,10000.0,Catalog + geography,0.0,,0.0,0.0,0.0,0.0,0.0,moderate,0.0,,0.0,0.0,0.0,,,,0.0,,0.0,0.0,,40016,[],,,0.0,0.0,0.75,0.0,multi_hotspot,0.0,,10000.000000000002,0.0,1.0,1.0,48.0,0.0,0.0,0.0,0.0
,,greedy_local_search,3177.084552498707,2,exp4:multi_hotspot:c3.0:t0.75:r016,0.0,3.0,0.0,,,hardening:multi_hotspot:r016,4,,,0.0,1.0,truthful resolved feasibility,,,0.0,10000.0,Current feasibility,0.0,,0.0,0.0,0.0,0.0,0.0,moderate,0.0,,0.0,0.0,0.0,,,,0.0,,0.0,0.0,,40016,[],,,0.0,0.0,0.75,0.0,multi_hotspot,0.0,,10000.000000000002,0.0,1.0,1.0,48.0,0.0,0.0,0.0,0.0
,,greedy_local_search,3078.847843759583,2,exp4:multi_hotspot:c3.0:t0.75:r017,2.0,3.0,1785.5961157617648,,,hardening:multi_hotspot:r017,4,,,1011.2460599250104,1.0,catalog/geography,,,0.0,10000.0,Catalog + geography,2.0,,0.1048074539170911,0.1657214020018112,0.0693694804372969,12.525562379513758,60.91034981988196,moderate,48.3847874403682,,0.1190397410507843,1190.397410507843,48.3847874403682,,,,0.0,,1190.3974105078432,0.0048384787440368,,40017,"[""C001"", ""C002""]",,,2.0,0.0,0.75,1190.3974105078432,multi_hotspot,1142.012623067475,,8809.602589492155,130.76656314246486,1.0,0.0,48.0,7196.562712489904,1199.4271187483173,0.24811791227259036,0.9924716490903615
,,greedy_local_search,3078.847843759583,2,exp4:multi_hotspot:c3.0:t0.75:r017,2.0,3.0,1785.5961157617648,,,hardening:multi_hotspot:r017,4,,,1011.2460599250104,1.0,truthful resolved feasibility,,,0.0,10000.0,Current feasibility,2.0,,0.1048074539170911,0.1657214020018112,0.0693694804372969,0.0,48.3847874403682,moderate,48.3847874403682,,0.1190397410507843,1190.397410507843,48.3847874403682,,,,0.0,,1190.3974105078432,0.0048384787440368,,40017,"[""C001"", ""C002""]",,,2.0,0.0,0.75,1190.3974105078432,multi_hotspot,1142.012623067475,,8809.602589492155,130.76656314246486,1.0,0.0,48.0,7196.562712489904,1199.4271187483173,0.24811791227259036,0.9924716490903615
,,greedy_local_search,3144.247219381794,2,exp4:multi_hotspot:c3.0:t0.75:r018,0.0,3.0,0.0,,,hardening:multi_hotspot:r018,4,,,0.0,1.0,catalog/geography,,,0.0,10000.000000000002,Catalog + geography,0.0,,0.0,0.0,0.0,0.0,0.0,moderate,0.0,,0.0,0.0,0.0,,,,0.0,,0.0,0.0,,40018,[],,,0.0,0.0,0.75,0.0,multi_hotspot,0.0,,10000.000000000002,0.0,1.0,1.0,48.0,0.0,0.0,0.0,0.0
,,greedy_local_search,3144.247219381794,2,exp4:multi_hotspot:c3.0:t0.75:r018,0.0,3.0,0.0,,,hardening:multi_hotspot:r018,4,,,0.0,1.0,truthful resolved feasibility,,,0.0,10000.000000000002,Current feasibility,0.0,,0.0,0.0,0.0,0.0,0.0,moderate,0.0,,0.0,0.0,0.0,,,,0.0,,0.0,0.0,,40018,[],,,0.0,0.0,0.75,0.0,multi_hotspot,0.0,,10000.000000000002,0.0,1.0,1.0,48.0,0.0,0.0,0.0,0.0
,,greedy_local_search,3139.3042522037977,2,exp4:multi_hotspot:c3.0:t0.75:r019,0.0,3.0,0.0,,,hardening:multi_hotspot:r019,4,,,0.0,1.0,catalog/geography,,,0.0,9999.999999999998,Catalog + geography,0.0,,0.0,0.0,0.0,0.0,0.0,moderate,0.0,,0.0,0.0,0.0,,,,0.0,,0.0,0.0,,40019,[],,,0.0,0.0,0.75,0.0,multi_hotspot,0.0,,10000.0,0.0,1.0,1.0,48.0,0.0,0.0,0.0,0.0
,,greedy_local_search,3139.3042522037977,2,exp4:multi_hotspot:c3.0:t0.75:r019,0.0,3.0,0.0,,,hardening:multi_hotspot:r019,4,,,0.0,1.0,truthful resolved feasibility,,,0.0,9999.999999999998,Current feasibility,0.0,,0.0,0.0,0.0,0.0,0.0,moderate,0.0,,0.0,0.0,0.0,,,,0.0,,0.0,0.0,,40019,[],,,0.0,0.0,0.75,0.0,multi_hotspot,0.0,,10000.0,0.0,1.0,1.0,48.0,0.0,0.0,0.0,0.0
,,greedy_local_search,3167.1915373627367,2,exp4:multi_hotspot:c3.0:t1.5:r000,1.0,3.0,6435.7518265667695,,,hardening:multi_hotspot:r000,4,,,2526.294886577156,1.0,catalog/geography,,,1.0,10000.0,Catalog + geography,8.0,,0.3856954761516633,0.4531817915158924,0.4843676523615358,99.20050513671777,1303.2215700309298,moderate,1204.021064894212,,0.429050121771118,4290.50121771118,1204.021064894212,,,,6.0,,4290.50121771118,0.1204021064894212,,40000,"[""L014"", ""R000"", ""R002"", ""R004"", ""R005"", ""R007"", ""R008"", ""C001""]",,,8.0,0.0,1.5,4290.50121771118,multi_hotspot,3086.4801528169683,,5709.498782288819,560.1852662398126,1.0,0.0,48.0,13192.427679167984,4397.4758930559965,0.48783680934854723,0.9756736186970942
,,greedy_local_search,3167.1915373627367,2,exp4:multi_hotspot:c3.0:t1.5:r000,1.0,3.0,6584.912823691109,,,hardening:multi_hotspot:r000,4,,,2525.2789835055983,1.0,truthful resolved feasibility,,,1.0,10000.0,Current feasibility,8.0,,0.4010361188885066,0.4958741917773502,0.424859838120867,0.0,1288.1937028766874,moderate,1288.1937028766874,,0.4389941882460739,4389.941882460739,1288.1937028766874,,,,6.0,,4389.941882460739,0.1288193702876687,,40000,"[""L014"", ""R000"", ""R002"", ""R004"", ""R005"", ""R006"", ""R007"", ""C001""]",,,8.0,0.0,1.5,4389.94188246074,multi_hotspot,3101.748179584052,,5610.05811753926,576.4691960784535,1.0,0.0,48.0,13171.264052541901,4390.421350847302,0.49994539608522215,0.9998907921704441
,,greedy_local_search,3142.794055820548,2,exp4:multi_hotspot:c3.0:t1.5:r001,2.0,3.0,4871.084515324088,,,hardening:multi_hotspot:r001,4,,,2585.93313951972,1.0,catalog/geography,,,0.0,10000.0,Catalog + geography,5.0,,0.3186861607895783,0.361892361899494,0.273339343340697,1250.3973254335751,1513.9983800232408,moderate,263.60105458966564,,0.3247389676882725,3247.3896768827253,263.60105458966564,,,,5.0,,3247.3896768827253,0.0263601054589665,,40001,"[""R001"", ""R002"", ""R004"", ""R005"", ""R007"", ""C001"", ""C002""]",,,7.0,601.6737487415529,1.5,3247.3896768827253,multi_hotspot,2983.78862229306,,6752.610323117275,397.85548277334,1.0,0.0,48.0,13894.447850407116,4631.48261680237,0.35057776802417967,0.7011555360483597
,,greedy_local_search,3142.794055820548,2,exp4:multi_hotspot:c3.0:t1.5:r001,2.0,3.0,6786.482533348928,,,hardening:multi_hotspot:r001,4,,,2501.477113632337,1.0,truthful resolved feasibility,,,0.0,10000.0,Current feasibility,7.0,,0.4323646601294796,0.5039995160019609,0.407341206154882,0.0,1465.084515113885,moderate,1465.084515113885,,0.4524321688899285,4524.321688899285,1465.084515113885,,,,5.0,,4524.321688899286,0.1465084515113884,,40001,"[""R001"", ""R002"", ""R004"", ""R007"", ""R008"", ""C000"", ""C001""]",,,7.0,0.0,1.5,4524.321688899285,multi_hotspot,3059.237173785401,,5475.678311100715,557.7600601530636,1.0,0.0,48.0,13572.96506669786,4524.3216888992865,0.4999999999999999,0.9999999999999996
,,greedy_local_search,3131.918120974454,2,exp4:multi_hotspot:c3.0:t1.5:r002,1.0,3.0,5715.761870235347,,,hardening:multi_hotspot:r002,4,,,2505.7076581479137,1.0,catalog/geography,,,1.0,10000.000000000002,Catalog + geography,7.0,,0.3178502915883793,0.4012492107022643,0.4879046819422993,486.5937617379032,1277.0357637951256,moderate,790.4420020572225,,0.3810507913490231,3810.507913490231,790.4420020572225,,,,6.0,,3810.507913490231,0.0790442002057222,,40002,"[""L031"", ""R000"", ""R001"", ""R003"", ""R004"", ""R005"", ""R006"", ""C001""]",,,8.0,0.0,1.5,3810.507913490231,multi_hotspot,3020.0659114330088,,6189.49208650977,514.3582532850952,1.0,0.0,48.0,13110.36853943639,4370.122846478796,0.4359726313598401,0.8719452627196803
,,greedy_local_search,3131.918120974454,2,exp4:multi_hotspot:c3.0:t1.5:r002,2.0,3.0,6459.97575627218,,,hardening:multi_hotspot:r002,4,,,2578.5061740120104,1.0,truthful resolved feasibility,,,2.0,10000.000000000002,Current feasibility,8.0,,0.2814449663919915,0.4996532444116499,0.645680899988358,0.0,1180.291101228268,moderate,1180.291101228268,,0.4306650504181452,4306.650504181453,1180.291101228268,,,,4.0,,4306.650504181453,0.1180291101228267,,40002,"[""L008"", ""L031"", ""R000"", ""R001"", ""R004"", ""R005"", ""C000"", ""C001""]",,,8.0,0.0,1.5,4306.650504181453,multi_hotspot,3126.3594029531846,,5693.349495818547,547.8532289411742,1.0,0.0,48.0,14557.40795901734,4852.469319672446,0.44375865363247285,0.8875173072649458
,,greedy_local_search,3097.6906149428264,2,exp4:multi_hotspot:c3.0:t1.5:r003,2.0,3.0,5091.064518374524,,,hardening:multi_hotspot:r003,4,,,2484.778481904801,1.0,catalog/geography,,,1.0,10000.000000000002,Catalog + geography,4.0,,0.3069330620294771,0.3583880907278402,0.3792429577847968,947.3844177548845,1420.539428684539,moderate,473.1550109296545,,0.3394043012249682,3394.043012249682,473.1550109296545,,,,4.0,,3394.043012249682,0.0473155010929654,,40003,"[""L031"", ""R000"", ""R001"", ""R005"", ""R007"", ""C001"", ""C002""]",,,7.0,0.0,1.5,3394.043012249682,multi_hotspot,2920.888001320028,,6605.956987750318,436.1095194152262,1.0,0.0,48.0,13421.731955273006,4473.91065175767,0.3793150195027098,0.7586300390054193
,,greedy_local_search,3097.6906149428264,2,exp4:multi_hotspot:c3.0:t1.5:r003,1.0,3.0,6371.340644972432,,,hardening:multi_hotspot:r003,4,,,2487.224288293954,1.0,truthful resolved feasibility,,,3.0,10000.000000000002,Current feasibility,9.0,,0.3925929430847006,0.3765712555577137,0.5814463958242354,0.0,1164.546429365334,moderate,1164.546429365334,,0.4247560429981621,4247.560429981621,1164.546429365334,,,,5.0,,4247.560429981621,0.1164546429365333,,40003,"[""L017"", ""L023"", ""L029"", ""R001"", ""R003"", ""R004"", ""R005"", ""R007"", ""C001""]",,,9.0,0.0,1.5,4247.560429981621,multi_hotspot,3083.0140006162874,,5752.439570018379,595.7897123223335,1.0,0.0,48.0,12833.206099537983,4277.735366512663,0.49647302439893104,0.9929460487978616
,,greedy_local_search,3168.841656308462,2,exp4:multi_hotspot:c3.0:t1.5:r004,2.0,3.0,4450.620577741039,,,hardening:multi_hotspot:r004,4,,,2536.321588156576,1.0,catalog/geography,,,0.0,10000.0,Catalog + geography,7.0,,0.340301655193971,0.2508652210360427,0.2788473315808366,1610.0787859498823,1693.5922797970425,moderate,83.51349384716013,,0.2967080385160692,2967.0803851606925,83.51349384716013,,,,5.0,,2967.080385160692,0.008351349384716,,40004,"[""R002"", ""R003"", ""R004"", ""R007"", ""R008"", ""C001"", ""C002""]",,,7.0,0.0,1.5,2967.080385160692,multi_hotspot,2883.566891313532,,7032.919614839308,347.24530315695563,1.0,0.0,48.0,14263.093014661208,4754.364338220403,0.31203754845924314,0.6240750969184862
,,greedy_local_search,3168.841656308462,2,exp4:multi_hotspot:c3.0:t1.5:r004,1.0,3.0,6399.8850257923,,,hardening:multi_hotspot:r004,4,,,2600.5089371917334,1.0,truthful resolved feasibility,,,0.0,10000.0,Current feasibility,8.0,,0.4234440042045055,0.3500310120290789,0.5679917280864081,0.0,1142.3424805106038,moderate,1142.3424805106038,,0.4266590017194867,4266.590017194867,1142.3424805106038,,,,7.0,,4266.590017194867,0.1142342480510603,,40004,"[""R000"", ""R001"", ""R003"", ""R004"", ""R006"", ""R007"", ""R008"", ""C001""]",,,8.0,0.0,1.5,4266.590017194867,multi_hotspot,3124.247536684263,,5733.409982805133,523.7385994925298,1.0,0.0,48.0,13640.585119504594,4546.861706501532,0.4691796553977103,0.9383593107954203
,,greedy_local_search,3121.037067074452,2,exp4:multi_hotspot:c3.0:t1.5:r005,2.0,3.0,4393.923617605186,,,hardening:multi_hotspot:r005,4,,,2392.653036163049,1.0,catalog/geography,,,1.0,10000.0,Catalog + geography,4.0,,0.1920341394051686,0.2320687998258438,0.6264439925115394,1487.6810864595177,1649.9963919702564,moderate,162.31530551073865,,0.2929282411736791,2929.282411736791,162.31530551073865,,,,4.0,,2929.282411736791,0.0162315305510738,,40005,"[""L001"", ""R002"", ""R005"", ""R006"", ""R007"", ""C001"", ""C002""]",,,7.0,287.6196302142954,1.5,2929.282411736791,multi_hotspot,2766.967106226052,,7070.717588263208,374.3140700630032,1.0,0.0,48.0,13952.262080439763,4650.754026813256,0.3149255362515878,0.6298510725031754
,,greedy_local_search,3121.037067074452,2,exp4:multi_hotspot:c3.0:t1.5:r005,1.0,3.0,6042.032947877746,,,hardening:multi_hotspot:r005,4,,,2423.5178763003923,1.0,truthful resolved feasibility,,,5.0,10000.0,Current feasibility,10.0,,0.2991282241494536,0.4103517890885824,0.6228568473846254,0.0,1018.1030005899738,moderate,1018.1030005899738,,0.402802196525183,4028.0219652518304,1018.1030005899738,,,,4.0,,4028.02196525183,0.1018103000589973,,40005,"[""L001"", ""L007"", ""L010"", ""L027"", ""L031"", ""R001"", ""R002"", ""R004"", ""R008"", ""C001""]",,,10.0,0.0,1.5,4028.0219652518304,multi_hotspot,3009.918964661856,,5971.978034748168,586.4010883614637,1.0,0.0,48.0,12380.57652140423,4126.858840468077,0.4880251688951595,0.9760503377903189
,,greedy_local_search,3057.222876742177,2,exp4:multi_hotspot:c3.0:t1.5:r006,2.0,3.0,4263.385841901452,,,hardening:multi_hotspot:r006,4,,,2490.4330838535143,1.0,catalog/geography,,,0.0,10000.0,Catalog + geography,5.0,,0.336604397914813,0.1412571186886055,0.4165687609537618,1719.0451231801107,1712.808598462536,moderate,-6.236524717574866,,0.2842257227934301,2842.257227934301,-6.236524717574866,,,,5.0,,2842.257227934301,-0.0006236524717574,,40006,"[""R000"", ""R001"", ""R005"", ""R006"", ""R007"", ""C001"", ""C002""]",,,7.0,0.0,1.5,2842.257227934301,multi_hotspot,2848.493752651876,,7157.742772065698,358.0606687983619,1.0,0.0,48.0,14225.882366116799,4741.9607887056,0.29969219006449704,0.599384380128994
,,greedy_local_search,3057.222876742177,2,exp4:multi_hotspot:c3.0:t1.5:r006,1.0,3.0,5753.965800853512,,,hardening:multi_hotspot:r006,4,,,2384.531934992568,1.0,truthful resolved feasibility,,,5.0,10000.0,Current feasibility,10.0,,0.2661778060836119,0.4431094197248674,0.543647052077859,0.0,890.2211577004646,moderate,890.2211577004646,,0.3835977200569007,3835.977200569008,890.2211577004646,,,,4.0,,3835.977200569008,0.0890221157700464,,40006,"[""L002"", ""L007"", ""L012"", ""L029"", ""L032"", ""R000"", ""R005"", ""R006"", ""R007"", ""C000""]",,,10.0,0.0,1.5,3835.977200569008,multi_hotspot,2945.756042868543,,6164.022799430993,561.2241078759755,1.0,0.0,48.0,12950.842468111405,4316.947489370468,0.4442927797957071,0.8885855595914142
,,greedy_local_search,3160.0896040703738,2,exp4:multi_hotspot:c3.0:t1.5:r007,2.0,3.0,4371.810958312414,,,hardening:multi_hotspot:r007,4,,,2453.918405590921,1.0,catalog/geography,,,1.0,9999.999999999998,Catalog + geography,3.0,,0.3171786601873934,0.2682981421551541,0.2740965852443165,1409.8810352772507,1502.9761498914086,moderate,93.09511461415786,,0.2914540638874943,2914.540638874943,93.09511461415786,,,,4.0,,2914.540638874943,0.0093095114614157,,40007,"[""L006"", ""R001"", ""R002"", ""R006"", ""R007"", ""C000"", ""C001""]",,,7.0,0.0,1.5,2914.540638874943,multi_hotspot,2821.445524260785,,7085.459361125058,367.5271186698643,1.0,0.0,48.0,13611.596450092853,4537.198816697615,0.3211828218932094,0.6423656437864191
,,greedy_local_search,3160.0896040703738,2,exp4:multi_hotspot:c3.0:t1.5:r007,1.0,3.0,6180.357927000221,,,hardening:multi_hotspot:r007,4,,,2567.270291632472,1.0,truthful resolved feasibility,,,5.0,9999.999999999998,Current feasibility,10.0,,0.3774143832541685,0.3791260832456218,0.5474663009983562,0.0,962.1954820888232,moderate,962.1954820888232,,0.4120238618000147,4120.238618000148,962.1954820888232,,,,4.0,,4120.238618000147,0.0962195482088823,,40007,"[""L012"", ""L017"", ""L018"", ""L021"", ""L030"", ""R000"", ""R002"", ""R004"", ""R007"", ""C001""]",,,10.0,0.0,1.5,4120.238618000148,multi_hotspot,3158.043135911324,,5879.761381999853,590.7728442788514,1.0,0.0,48.0,13021.26993460224,4340.4233115340785,0.474635573798894,0.9492711475977884
,,greedy_local_search,3111.814402771996,2,exp4:multi_hotspot:c3.0:t1.5:r008,2.0,3.0,5650.38644141327,,,hardening:multi_hotspot:r008,4,,,2507.9874526460244,1.0,catalog/geography,,,0.0,10000.0,Catalog + geography,6.0,,0.2828982973276236,0.380064209397419,0.5818286117051207,1103.0431452657415,1882.3329894726303,moderate,779.2898442068886,,0.3766924294275514,3766.924294275514,779.2898442068886,,,,5.0,,3766.924294275514,0.0779289844206888,,40008,"[""R001"", ""R003"", ""R004"", ""R005"", ""R006"", ""C001"", ""C002""]",,,7.0,494.3346230819706,1.5,3766.9242942755136,multi_hotspot,2987.634450068625,,6233.0757057244855,479.64699742260126,1.0,0.0,48.0,14869.725295839624,4956.57509861321,0.3799926581692927,0.759985316338585
,,greedy_local_search,3111.814402771996,2,exp4:multi_hotspot:c3.0:t1.5:r008,2.0,3.0,6916.515292274966,,,hardening:multi_hotspot:r008,4,,,2504.350816078128,1.0,truthful resolved feasibility,,,0.0,10000.0,Current feasibility,7.0,,0.4086203715696647,0.4926936782029616,0.5238953245380604,0.0,1552.2010660272254,moderate,1552.2010660272254,,0.4611010194849977,4611.010194849978,1552.2010660272254,,,,5.0,,4611.010194849978,0.1552201066027225,,40008,"[""R001"", ""R003"", ""R004"", ""R005"", ""R006"", ""C000"", ""C001""]",,,7.0,0.0,1.5,4611.010194849978,multi_hotspot,3058.8091288227524,,5388.989805150022,554.4583127446247,1.0,0.0,48.0,14560.936090620118,4853.645363540041,0.4750048519703658,0.9500097039407314
,,greedy_local_search,3134.181575541887,2,exp4:multi_hotspot:c3.0:t1.5:r009,1.0,3.0,6626.817928310953,,,hardening:multi_hotspot:r009,4,,,2550.11126839346,1.0,catalog/geography,,,0.0,9999.999999999998,Catalog + geography,8.0,,0.3324280291329257,0.4858478854747979,0.6107424443070041,80.91403322035922,1372.0554796447573,moderate,1291.141446424398,,0.4417878618873967,4417.878618873968,1291.141446424398,,,,7.0,,4417.878618873968,0.1291141446424398,,40009,"[""R000"", ""R002"", ""R003"", ""R004"", ""R005"", ""R007"", ""R008"", ""C001""]",,,8.0,0.0,1.5,4417.878618873968,multi_hotspot,3126.7371724495697,,5582.121381126033,576.6259040561097,1.0,0.0,48.0,13562.832537249362,4520.944179083119,0.48860132351489743,0.9772026470297951
,,greedy_local_search,3134.181575541887,2,exp4:multi_hotspot:c3.0:t1.5:r009,1.0,3.0,6626.817928310953,,,hardening:multi_hotspot:r009,4,,,2550.11126839346,1.0,truthful resolved feasibility,,,0.0,9999.999999999998,Current feasibility,8.0,,0.3324280291329257,0.4858478854747979,0.6107424443070041,0.0,1291.141446424398,moderate,1291.141446424398,,0.4417878618873967,4417.878618873968,1291.141446424398,,,,7.0,,4417.878618873968,0.1291141446424398,,40009,"[""R000"", ""R002"", ""R003"", ""R004"", ""R005"", ""R007"", ""R008"", ""C001""]",,,8.0,0.0,1.5,4417.878618873968,multi_hotspot,3126.7371724495697,,5582.121381126033,576.6259040561097,1.0,0.0,48.0,13562.832537249362,4520.944179083119,0.48860132351489743,0.9772026470297951
,,greedy_local_search,3131.0191729170765,2,exp4:multi_hotspot:c3.0:t1.5:r010,2.0,3.0,4642.550842119517,,,hardening:multi_hotspot:r010,4,,,2508.514404300937,1.0,catalog/geography,,,0.0,10000.0,Catalog + geography,5.0,,0.3982046548522706,0.1830134607511483,0.3312829176410538,1514.8443676252728,1679.14770484392,moderate,164.30333721864736,,0.3095033894746344,3095.033894746344,164.30333721864736,,,,5.0,,3095.033894746344,0.0164303337218647,,40010,"[""R000"", ""R002"", ""R004"", ""R005"", ""R007"", ""C001"", ""C002""]",,,7.0,0.0,1.5,3095.033894746344,multi_hotspot,2930.730557527697,,6904.966105253656,422.21615322676007,1.0,0.0,48.0,14372.718515337612,4790.906171779203,0.32301132434795093,0.6460226486959018
,,greedy_local_search,3131.0191729170765,2,exp4:multi_hotspot:c3.0:t1.5:r010,1.0,3.0,6009.875029627481,,,hardening:multi_hotspot:r010,4,,,2474.2415185864825,1.0,truthful resolved feasibility,,,1.0,10000.0,Current feasibility,8.0,,0.5239221931210759,0.2718359987499678,0.3487537442076292,0.0,952.1563691301722,moderate,952.1563691301722,,0.4006583353084987,4006.5833530849873,952.1563691301722,,,,6.0,,4006.5833530849873,0.0952156369130172,,40010,"[""L025"", ""R000"", ""R003"", ""R004"", ""R005"", ""R006"", ""R007"", ""C001""]",,,8.0,0.0,1.5,4006.583353084987,multi_hotspot,3054.426983954815,,5993.416646915013,580.1854653683329,1.0,0.0,48.0,13041.878696744221,4347.2928989147385,0.460813596673598,0.9216271933471962
,,greedy_local_search,3086.135330375794,2,exp4:multi_hotspot:c3.0:t1.5:r011,2.0,3.0,5887.53909792042,,,hardening:multi_hotspot:r011,4,,,2471.8054817203624,1.0,catalog/geography,,,2.0,9999.999999999998,Catalog + geography,7.0,,0.391734829178112,0.3626856538004315,0.4464097728386328,504.81643771851486,1515.79217611208,moderate,1010.9757383935652,,0.3925026065280279,3925.02606528028,1010.9757383935652,,,,4.0,,3925.02606528028,0.1010975738393565,,40011,"[""L011"", ""L012"", ""R002"", ""R003"", ""R007"", ""R008"", ""C001"", ""C002""]",,,8.0,0.0,1.5,3925.02606528028,multi_hotspot,2914.050326886714,,6074.973934719719,442.2448451663524,1.0,0.0,48.0,13503.587949190383,4501.19598306346,0.43599813028013873,0.8719962605602777
,,greedy_local_search,3086.135330375794,2,exp4:multi_hotspot:c3.0:t1.5:r011,3.0,3.0,6515.263104887991,,,hardening:multi_hotspot:r011,4,,,2504.118491497537,1.0,truthful resolved feasibility,,,3.0,9999.999999999998,Current feasibility,7.0,,0.3947043928053722,0.4692113360952372,0.4625496463172446,0.0,1343.8489359903256,moderate,1343.8489359903256,,0.4343508736591993,4343.5087365919935,1343.8489359903256,,,,2.0,,4343.508736591994,0.1343848935990325,,40011,"[""L012"", ""L023"", ""L029"", ""R002"", ""R003"", ""C000"", ""C001"", ""C002""]",,,8.0,0.0,1.5,4343.5087365919935,multi_hotspot,2999.659800601669,,5656.491263408007,495.54130910413136,1.0,0.0,48.0,14416.615899562581,4805.538633187526,0.45192735592585725,0.9038547118517145
,,greedy_local_search,3156.616877017109,2,exp4:multi_hotspot:c3.0:t1.5:r012,3.0,3.0,3771.84141287497,,,hardening:multi_hotspot:r012,4,,,2521.370952738682,1.0,catalog/geography,,,0.0,10000.0,Catalog + geography,4.0,,0.2704084444743329,0.1158325296502554,0.4461545440031271,1993.2691532802537,1681.499880893844,moderate,-311.76927238640974,,0.2514560941916646,2514.5609419166467,-311.76927238640974,,,,3.0,,2514.5609419166467,-0.0311769272386409,,40012,"[""R001"", ""R005"", ""R007"", ""C000"", ""C001"", ""C002""]",,,6.0,545.4997346595528,1.5,2514.5609419166467,multi_hotspot,2826.3302143030564,,7485.439058083353,304.9592615643745,1.0,0.0,48.0,15203.336830735709,5067.778943578569,0.24809299792987918,0.4961859958597584
,,greedy_local_search,3156.616877017109,2,exp4:multi_hotspot:c3.0:t1.5:r012,1.0,3.0,5989.38263068218,,,hardening:multi_hotspot:r012,4,,,2520.8517637478726,1.0,truthful resolved feasibility,,,2.0,10000.0,Current feasibility,9.0,,0.35782171543594,0.3664612257465471,0.5500548721067375,0.0,906.0054479936898,moderate,906.0054479936898,,0.399292175378812,3992.92175378812,906.0054479936898,,,,6.0,,3992.92175378812,0.0906005447993689,,40012,"[""L015"", ""L027"", ""R001"", ""R003"", ""R004"", ""R005"", ""R007"", ""R008"", ""C001""]",,,9.0,0.0,1.5,3992.92175378812,multi_hotspot,3086.91630579443,,6007.0782462118805,566.0645420465582,1.0,0.0,48.0,12881.394879238618,4293.798293079538,0.4649638247124519,0.929927649424904
,,greedy_local_search,3128.370898926705,2,exp4:multi_hotspot:c3.0:t1.5:r013,2.0,3.0,5244.260975043135,,,hardening:multi_hotspot:r013,4,,,2548.701962687104,1.0,catalog/geography,,,0.0,9999.999999999998,Catalog + geography,6.0,,0.2430440646000103,0.3902276862817705,0.518339395337923,1105.599736473392,1611.1140164520402,moderate,505.5142799786481,,0.349617398336209,3496.173983362089,505.5142799786481,,,,5.0,,3496.173983362089,0.0505514279978648,,40013,"[""R001"", ""R004"", ""R005"", ""R006"", ""R008"", ""C001"", ""C002""]",,,7.0,576.6832465939877,1.5,3496.173983362089,multi_hotspot,2990.6597033834414,,6503.82601663791,441.9577406963381,1.0,0.0,48.0,14220.518109748775,4740.172703249591,0.368781287332138,0.7375625746642759
,,greedy_local_search,3128.370898926705,2,exp4:multi_hotspot:c3.0:t1.5:r013,2.0,3.0,6876.92474081403,,,hardening:multi_hotspot:r013,4,,,2516.282079038281,1.0,truthful resolved feasibility,,,2.0,9999.999999999998,Current feasibility,8.0,,0.4360881807994027,0.4726822338612421,0.4839159308821805,0.0,1508.9709166626362,moderate,1508.9709166626362,,0.458461649387602,4584.61649387602,1508.9709166626362,,,,4.0,,4584.616493876021,0.1508970916662636,,40013,"[""L001"", ""L026"", ""R001"", ""R004"", ""R005"", ""R006"", ""C000"", ""C001""]",,,8.0,0.0,1.5,4584.61649387602,multi_hotspot,3075.645577213385,,5415.383506123979,559.3634981751037,1.0,0.0,48.0,13927.571498408994,4642.523832802997,0.4937633773123771,0.9875267546247545
,,greedy_local_search,3172.528396547715,2,exp4:multi_hotspot:c3.0:t1.5:r014,2.0,3.0,5890.604670801469,,,hardening:multi_hotspot:r014,4,,,2529.188408963582,1.0,catalog/geography,,,2.0,10000.0,Catalog + geography,7.0,,0.3386171560355018,0.3668046332275779,0.5597381810390156,637.5022924322811,1555.1419951431922,moderate,917.639702710911,,0.3927069780534312,3927.069780534313,917.639702710911,,,,4.0,,3927.069780534312,0.0917639702710911,,40014,"[""L007"", ""L013"", ""R000"", ""R002"", ""R005"", ""R006"", ""C001"", ""C002""]",,,8.0,0.0,1.5,3927.069780534312,multi_hotspot,3009.430077823401,,6072.930219465687,480.2416688598192,1.0,0.0,48.0,13974.383394007065,4658.127798002357,0.4215287719476527,0.843057543895305
,,greedy_local_search,3172.528396547715,2,exp4:multi_hotspot:c3.0:t1.5:r014,2.0,3.0,6584.161939037056,,,hardening:multi_hotspot:r014,4,,,2617.8179958015508,1.0,truthful resolved feasibility,,,2.0,10000.0,Current feasibility,8.0,,0.3496018617599251,0.4440547467830807,0.6310206505154629,0.0,1216.912896143656,moderate,1216.912896143656,,0.438944129269137,4389.44129269137,1216.912896143656,,,,4.0,,4389.441292691371,0.1216912896143655,,40014,"[""L007"", ""L031"", ""R001"", ""R002"", ""R005"", ""R008"", ""C001"", ""C002""]",,,8.0,0.0,1.5,4389.44129269137,multi_hotspot,3172.528396547715,,5610.558707308629,554.7104007461643,1.0,0.0,48.0,13776.46454269817,4592.1548475660575,0.4779282753300307,0.955856550660061
,,greedy_local_search,3173.152608497909,2,exp4:multi_hotspot:c3.0:t1.5:r015,2.0,3.0,5409.451240915631,,,hardening:multi_hotspot:r015,4,,,2566.0197666521312,1.0,catalog/geography,,,0.0,9999.999999999998,Catalog + geography,5.0,,0.3821995421064404,0.3255149464324992,0.3735502876421794,843.972863596467,1414.5996345942144,moderate,570.6267709977474,,0.3606300827277087,3606.300827277088,570.6267709977474,,,,5.0,,3606.300827277088,0.0570626770997747,,40015,"[""R000"", ""R002"", ""R003"", ""R005"", ""R006"", ""C001"", ""C002""]",,,7.0,0.0,1.5,3606.300827277088,multi_hotspot,3035.67405627934,,6393.699172722911,469.6542896272092,1.0,0.0,48.0,14128.002129324796,4709.334043108264,0.38288862016006503,0.7657772403201303
,,greedy_local_search,3173.152608497909,2,exp4:multi_hotspot:c3.0:t1.5:r015,1.0,3.0,6489.000933636834,,,hardening:multi_hotspot:r015,4,,,2563.871146483742,1.0,truthful resolved feasibility,,,2.0,9999.999999999998,Current feasibility,9.0,,0.4359088374880352,0.4193909156786568,0.4482713244265495,0.0,1159.41143026156,moderate,1159.41143026156,,0.4326000622424556,4326.000622424556,1159.41143026156,,,,6.0,,4326.000622424556,0.115941143026156,,40015,"[""L026"", ""L029"", ""R000"", ""R002"", ""R003"", ""R005"", ""R007"", ""R008"", ""C001""]",,,9.0,0.0,1.5,4326.000622424556,multi_hotspot,3166.5891921629964,,5673.999377575443,602.7180456792545,1.0,0.0,48.0,12978.00186727367,4326.000622424556,0.49999999999999994,1.0
,,greedy_local_search,3177.084552498707,2,exp4:multi_hotspot:c3.0:t1.5:r016,3.0,3.0,5463.148354390117,,,hardening:multi_hotspot:r016,4,,,2599.4514629107666,1.0,catalog/geography,,,0.0,10000.0,Catalog + geography,5.0,,0.3232164455884987,0.4639061881967281,0.2819766195449757,1051.648604840679,1651.0209014422276,moderate,599.3722966015489,,0.3642098902926743,3642.098902926744,599.3722966015489,,,,3.0,,3642.098902926744,0.0599372296601548,,40016,"[""R002"", ""R006"", ""R008"", ""C000"", ""C001"", ""C002""]",,,6.0,0.0,1.5,3642.098902926745,multi_hotspot,3042.726606325195,,6357.901097073256,443.2751434144285,1.0,0.0,48.0,14966.830599983636,4988.943533327878,0.36501705006242874,0.7300341001248576
,,greedy_local_search,3177.084552498707,2,exp4:multi_hotspot:c3.0:t1.5:r016,1.0,3.0,6460.577606642144,,,hardening:multi_hotspot:r016,4,,,2519.6274903988106,1.0,truthful resolved feasibility,,,3.0,10000.0,Current feasibility,9.0,,0.369953579840787,0.4848018738777195,0.4727270349529346,0.0,1186.517115660953,moderate,1186.517115660953,,0.4307051737761428,4307.05173776143,1186.517115660953,,,,5.0,,4307.05173776143,0.1186517115660953,,40016,"[""L007"", ""L021"", ""L025"", ""R001"", ""R002"", ""R004"", ""R006"", ""R008"", ""C001""]",,,9.0,0.0,1.5,4307.05173776143,multi_hotspot,3120.534622100477,,5692.948262238571,600.9071317016658,1.0,0.0,48.0,13032.995281157095,4344.3317603856985,0.4957093490229946,0.9914186980459893
,,greedy_local_search,3078.847843759583,2,exp4:multi_hotspot:c3.0:t1.5:r017,2.0,3.0,6051.891480006182,,,hardening:multi_hotspot:r017,4,,,2449.5444910871324,1.0,catalog/geography,,,0.0,10000.0,Catalog + geography,7.0,,0.3946095434107513,0.4543355199882254,0.3343385273484762,775.4132725137483,1847.7779736979164,moderate,1072.364701184168,,0.4034594320004122,4034.5943200041215,1072.364701184168,,,,5.0,,4034.594320004122,0.1072364701184168,,40017,"[""R001"", ""R002"", ""R003"", ""R006"", ""R007"", ""C001"", ""C002""]",,,7.0,0.0,1.5,4034.594320004121,multi_hotspot,2962.229618819954,,5965.405679995876,512.6851277328215,1.0,0.0,48.0,14719.829455453246,4906.609818484415,0.4111386954802076,0.8222773909604152
,,greedy_local_search,3078.847843759583,2,exp4:multi_hotspot:c3.0:t1.5:r017,2.0,3.0,6466.842801476776,,,hardening:multi_hotspot:r017,4,,,2495.448139307769,1.0,truthful resolved feasibility,,,4.0,10000.0,Current feasibility,9.0,,0.352942266225236,0.4962587660640482,0.4930413275400602,0.0,1232.9983113527687,moderate,1232.9983113527687,,0.4311228534317851,4311.22853431785,1232.9983113527687,,,,3.0,,4311.22853431785,0.1232998311352768,,40017,"[""L003"", ""L019"", ""L020"", ""L027"", ""R003"", ""R004"", ""R006"", ""C001"", ""C002""]",,,9.0,0.0,1.5,4311.22853431785,multi_hotspot,3078.2302229650813,,5688.771465682148,582.7820836573123,1.0,0.0,48.0,14246.400023481463,4748.800007827154,0.4539282057795568,0.9078564115591135
,,greedy_local_search,3144.247219381794,2,exp4:multi_hotspot:c3.0:t1.5:r018,2.0,3.0,4826.319116206677,,,hardening:multi_hotspot:r018,4,,,2573.2844537016645,1.0,catalog/geography,,,0.0,10000.000000000002,Catalog + geography,6.0,,0.22255646371029,0.2377838317563795,0.691899289813742,1225.1241209738846,1442.998417749097,moderate,217.87429677521231,,0.3217546077471118,3217.546077471118,217.87429677521231,,,,5.0,,3217.546077471118,0.0217874296775212,,40018,"[""R000"", ""R001"", ""R002"", ""R003"", ""R007"", ""C001"", ""C002""]",,,7.0,0.0,1.5,3217.546077471118,multi_hotspot,2999.671780695906,,6782.453922528883,426.3873269942413,1.0,0.0,48.0,14180.571187979835,4726.857062659946,0.3403472999943548,0.6806945999887095
,,greedy_local_search,3144.247219381794,2,exp4:multi_hotspot:c3.0:t1.5:r018,0.0,3.0,6048.449044800009,,,hardening:multi_hotspot:r018,4,,,2503.404199354904,1.0,truthful resolved feasibility,,,5.0,10000.000000000002,Current feasibility,11.0,,0.3596672663072812,0.2529922047141126,0.7641619741589231,0.0,889.3727433061376,moderate,889.3727433061376,,0.4032299363200005,4032.299363200006,889.3727433061376,,,,6.0,,4032.299363200007,0.0889372743306137,,40018,"[""L000"", ""L002"", ""L010"", ""L026"", ""L028"", ""R000"", ""R001"", ""R002"", ""R003"", ""R007"", ""R008""]",,,11.0,0.0,1.5,4032.299363200006,multi_hotspot,3142.926619893869,,5967.700636799995,639.5224205389649,1.0,0.0,48.0,12441.760659700189,4147.253553233399,0.4861409257285744,0.9722818514571484
,,greedy_local_search,3139.3042522037977,2,exp4:multi_hotspot:c3.0:t1.5:r019,2.0,3.0,5419.815208988415,,,hardening:multi_hotspot:r019,4,,,2579.513089900516,1.0,catalog/geography,,,2.0,9999.999999999998,Catalog + geography,6.0,,0.3715681634118936,0.2862196230475844,0.4696923616527717,917.5573558295332,1503.9791952032238,moderate,586.4218393736905,,0.361321013932561,3613.21013932561,586.4218393736905,,,,4.0,,3613.21013932561,0.058642183937369,,40019,"[""L006"", ""L019"", ""R000"", ""R001"", ""R005"", ""R007"", ""C001"", ""C002""]",,,8.0,0.0,1.5,3613.2101393256103,multi_hotspot,3026.78829995192,,6386.789860674389,447.2752100514036,1.0,0.0,48.0,13914.786674782861,4638.262224927619,0.3895004167624432,0.7790008335248866
,,greedy_local_search,3139.3042522037977,2,exp4:multi_hotspot:c3.0:t1.5:r019,1.0,3.0,6121.998867331462,,,hardening:multi_hotspot:r019,4,,,2448.534149585157,1.0,truthful resolved feasibility,,,7.0,9999.999999999998,Current feasibility,11.0,,0.3142020121280701,0.4605758837318721,0.5277039652915532,0.0,1034.4629383505403,moderate,1034.4629383505403,,0.4081332578220974,4081.332578220974,1034.4629383505403,,,,3.0,,4081.3325782209754,0.103446293835054,,40019,"[""L006"", ""L019"", ""L022"", ""L028"", ""L029"", ""L032"", ""L035"", ""R000"", ""R004"", ""R007"", ""C001""]",,,11.0,0.0,1.5,4081.332578220975,multi_hotspot,3046.869639870434,,5918.667421779026,598.335490285277,1.0,0.0,48.0,12297.928075367812,4099.309358455937,0.49780734037577806,0.9956146807515562
,,greedy_local_search,3167.1915373627367,2,exp4:multi_hotspot:c3.0:t3.0:r000,1.0,3.0,11128.649695346334,,,hardening:multi_hotspot:r000,4,,,2119.496713434438,1.0,catalog/geography,,,3.0,10000.0,Catalog + geography,8.0,,0.6924170761257563,0.826039756303626,0.706041903634481,124.50653202627836,4397.412121125395,moderate,4272.905589099117,,0.7419099796897557,7419.099796897557,4272.905589099117,,,,4.0,,7419.099796897556,0.4272905589099117,,40000,"[""L014"", ""L018"", ""L027"", ""R000"", ""R004"", ""R005"", ""R007"", ""C001""]",,,8.0,0.0,3.0,7419.099796897557,multi_hotspot,3146.194207798439,,2580.900203102443,1026.6974943640012,1.0,0.0,48.0,11335.332434445181,7556.888289630123,0.9817665039561794,0.9817665039561793
,,greedy_local_search,3167.1915373627367,2,exp4:multi_hotspot:c3.0:t3.0:r000,1.0,3.0,11301.246555207475,,,hardening:multi_hotspot:r000,4,,,2121.366253115396,1.0,truthful resolved feasibility,,,3.0,10000.0,Current feasibility,8.0,,0.6807088157460142,0.8440192121812143,0.7584537283235022,0.0,4366.972832775582,moderate,4366.972832775582,,0.7534164370138319,7534.164370138318,4366.972832775582,,,,4.0,,7534.164370138318,0.4366972832775582,,40000,"[""L014"", ""L018"", ""L034"", ""R000"", ""R004"", ""R005"", ""R007"", ""C001""]",,,8.0,0.0,3.0,7534.164370138318,multi_hotspot,3167.1915373627367,,2465.835629861681,1045.8252842473407,1.0,0.0,48.0,11318.687086913687,7545.791391275794,0.9984591382752884,0.9984591382752883
,,greedy_local_search,3142.794055820548,2,exp4:multi_hotspot:c3.0:t3.0:r001,2.0,3.0,8101.412366652723,,,hardening:multi_hotspot:r001,4,,,2274.717871112294,1.0,catalog/geography,,,0.0,10000.0,Catalog + geography,4.0,,0.5992739632786788,0.522027737995064,0.4385558300158518,2255.6781416140257,4745.633684093228,moderate,2489.9555424792024,,0.5400941577768482,5400.941577768482,2489.9555424792024,,,,4.0,,5400.941577768483,0.2489955542479202,,40001,"[""R001"", ""R004"", ""R005"", ""R007"", ""C001"", ""C002""]",,,6.0,601.6737487415529,3.0,5400.941577768483,multi_hotspot,2910.98603528928,,4599.058422231517,636.2681641769864,1.0,0.0,48.0,12258.909702935467,8172.606468623643,0.6608591271956912,0.6608591271956914
,,greedy_local_search,3142.794055820548,2,exp4:multi_hotspot:c3.0:t3.0:r001,2.0,3.0,11133.722173535483,,,hardening:multi_hotspot:r001,4,,,2079.206985330571,1.0,truthful resolved feasibility,,,1.0,10000.0,Current feasibility,6.0,,0.7351946770443637,0.6959845313148604,0.8390797713610032,0.0,4389.169918844743,moderate,4389.169918844743,,0.7422481449023656,7422.481449023656,4389.169918844743,,,,3.0,,7422.481449023656,0.4389169918844743,,40001,"[""L014"", ""R001"", ""R002"", ""R004"", ""C000"", ""C001""]",,,6.0,0.0,3.0,7422.481449023655,multi_hotspot,3033.311530178913,,2577.5185509763446,954.1045448483418,1.0,0.0,48.0,11496.970313613812,7664.646875742541,0.9684048814453144,0.9684048814453144
,,greedy_local_search,3131.918120974454,2,exp4:multi_hotspot:c3.0:t3.0:r002,1.0,3.0,9726.93391954547,,,hardening:multi_hotspot:r002,4,,,2186.8760450100635,1.0,catalog/geography,,,1.0,10000.000000000002,Catalog + geography,5.0,,0.4322897910010981,0.8525805270170492,0.7776433544828496,908.0449772888642,4401.316803410467,moderate,3493.271826121603,,0.6484622613030314,6484.622613030314,3493.271826121603,,,,5.0,,6484.622613030313,0.3493271826121603,,40002,"[""L020"", ""R000"", ""R002"", ""R004"", ""R005"", ""R006"", ""C001""]",,,7.0,0.0,3.0,6484.622613030314,multi_hotspot,2991.35078690871,,3515.3773869696874,804.4747418986462,1.0,0.0,48.0,11319.121976068418,7546.081317378945,0.8593364344081414,0.8593364344081416
,,greedy_local_search,3131.918120974454,2,exp4:multi_hotspot:c3.0:t3.0:r002,1.0,3.0,10954.876397203643,,,hardening:multi_hotspot:r002,4,,,2195.4200360207205,1.0,truthful resolved feasibility,,,1.0,10000.000000000002,Current feasibility,7.0,,0.5058259667659403,0.9169398280276622,0.9088723414627728,0.0,4171.332810494641,moderate,4171.332810494641,,0.7303250931469095,7303.250931469095,4171.332810494641,,,,5.0,,7303.250931469095,0.417133281049464,,40002,"[""L031"", ""R000"", ""R002"", ""R004"", ""R005"", ""R008"", ""C001""]",,,7.0,0.0,3.0,7303.250931469096,multi_hotspot,3131.918120974454,,2696.7490685309053,936.4980849537332,1.0,0.0,48.0,11269.633054452157,7513.0887029681035,0.9720703721471955,0.9720703721471957
,,greedy_local_search,3097.6906149428264,2,exp4:multi_hotspot:c3.0:t3.0:r003,2.0,3.0,8253.199883579988,,,hardening:multi_hotspot:r003,4,,,2134.3121813279777,1.0,catalog/geography,,,1.0,10000.000000000002,Catalog + geography,5.0,,0.5966598553276413,0.5545022197609285,0.4382030687911777,1980.6219826266647,4646.363097389823,moderate,2665.7411147631583,,0.5502133255719991,5502.133255719991,2665.7411147631583,,,,3.0,,5502.13325571999,0.2665741114763157,,40003,"[""L023"", ""R000"", ""R006"", ""R007"", ""C001"", ""C002""]",,,6.0,0.0,3.0,5502.133255719991,multi_hotspot,2836.392140956832,,4497.866744280009,702.0799596288546,1.0,0.0,48.0,11610.484390346168,7740.322926897448,0.7108402721287254,0.710840272128725
,,greedy_local_search,3097.6906149428264,2,exp4:multi_hotspot:c3.0:t3.0:r003,1.0,3.0,10641.104600178123,,,hardening:multi_hotspot:r003,4,,,2065.225156108603,1.0,truthful resolved feasibility,,,2.0,10000.000000000002,Current feasibility,7.0,,0.7686620879611189,0.7119896549640741,0.5715632726263946,0.0,4071.870028858835,moderate,4071.870028858835,,0.7094069733452084,7094.069733452084,4071.870028858835,,,,4.0,,7094.069733452085,0.4071870028858834,,40003,"[""L023"", ""L029"", ""R001"", ""R003"", ""R004"", ""R007"", ""C001""]",,,7.0,0.0,3.0,7094.069733452085,multi_hotspot,3022.1997045932494,,2905.930266547916,956.974548484646,1.0,0.0,48.0,10641.104600178127,7094.069733452088,0.9999999999999997,0.9999999999999994
,,greedy_local_search,3168.841656308462,2,exp4:multi_hotspot:c3.0:t3.0:r004,2.0,3.0,6417.921422228748,,,hardening:multi_hotspot:r004,4,,,2254.0756053256005,1.0,catalog/geography,,,0.0,10000.0,Catalog + geography,5.0,,0.4425513525230101,0.4741616862781831,0.3137836465793229,3731.254762505779,5289.129079687948,moderate,1557.8743171821693,,0.4278614281485832,4278.614281485832,1557.8743171821693,,,,4.0,,4278.614281485832,0.1557874317182169,,40004,"[""R002"", ""R003"", ""R004"", ""R008"", ""C001"", ""C002""]",,,6.0,0.0,3.0,4278.614281485832,multi_hotspot,2720.739964303663,,5721.385718514168,466.6643589780624,1.0,0.0,48.0,12662.071054990296,8441.380703326864,0.5068619023188435,0.5068619023188435
,,greedy_local_search,3168.841656308462,2,exp4:multi_hotspot:c3.0:t3.0:r004,1.0,3.0,10872.80255268676,,,hardening:multi_hotspot:r004,4,,,2211.9913233048355,1.0,truthful resolved feasibility,,,1.0,10000.0,Current feasibility,7.0,,0.8029103775956904,0.5700067153197945,0.8202074161623095,0.0,4142.885460236508,moderate,4142.885460236508,,0.7248535035124507,7248.535035124507,4142.885460236508,,,,5.0,,7248.535035124507,0.4142885460236508,,40004,"[""L019"", ""R000"", ""R001"", ""R004"", ""R006"", ""R007"", ""C001""]",,,7.0,0.0,3.0,7248.535035124507,multi_hotspot,3105.6495748879997,,2751.464964875493,893.6582515831636,1.0,0.0,48.0,11275.750427191844,7517.16695146123,0.9642642077698561,0.964264207769856
,,greedy_local_search,3121.037067074452,2,exp4:multi_hotspot:c3.0:t3.0:r005,2.0,3.0,6516.721749218414,,,hardening:multi_hotspot:r005,4,,,2031.536909047671,1.0,catalog/geography,,,1.0,10000.0,Catalog + geography,3.0,,0.3314506738172179,0.4352636232788515,0.6647652262460743,3298.96376141526,5043.824187308347,moderate,1744.8604258930873,,0.4344481166145609,4344.48116614561,1744.8604258930873,,,,3.0,,4344.481166145609,0.1744860425893087,,40005,"[""L010"", ""R002"", ""R006"", ""R007"", ""C001"", ""C002""]",,,6.0,287.6196302142954,3.0,4344.481166145609,multi_hotspot,2599.620740252521,,5655.51883385439,568.0838312048505,1.0,0.0,48.0,12265.697746103304,8177.131830735537,0.5312964565174219,0.5312964565174217
,,greedy_local_search,3121.037067074452,2,exp4:multi_hotspot:c3.0:t3.0:r005,1.0,3.0,10692.961989701267,,,hardening:multi_hotspot:r005,4,,,2104.819444526568,1.0,truthful resolved feasibility,,,3.0,10000.0,Current feasibility,8.0,,0.549274648522783,0.7838969482003298,0.9566330447069178,0.0,4007.60425939306,moderate,4007.60425939306,,0.7128641326467512,7128.641326467512,4007.60425939306,,,,4.0,,7128.641326467512,0.400760425939306,,40005,"[""L010"", ""L027"", ""L031"", ""R001"", ""R002"", ""R004"", ""R008"", ""C001""]",,,8.0,0.0,3.0,7128.641326467512,multi_hotspot,3121.037067074452,,2871.358673532487,1016.2176225478844,1.0,0.0,48.0,11011.87393115717,7341.249287438112,0.9710392669358874,0.9710392669358876
,,greedy_local_search,3057.222876742177,2,exp4:multi_hotspot:c3.0:t3.0:r006,2.0,3.0,6259.8295405059225,,,hardening:multi_hotspot:r006,4,,,2098.864556549112,1.0,catalog/geography,,,1.0,10000.0,Catalog + geography,4.0,,0.570286808334257,0.1796346457783791,0.4891038979710654,3538.9048662944524,5100.993078662414,moderate,1562.0882123679612,,0.4173219693670615,4173.219693670615,1562.0882123679612,,,,3.0,,4173.219693670615,0.1562088212367961,,40006,"[""L006"", ""R000"", ""R006"", ""R007"", ""C001"", ""C002""]",,,6.0,0.0,3.0,4173.219693670615,multi_hotspot,2611.131481302654,,5826.780306329385,512.2669247535417,1.0,0.0,48.0,12147.577327731553,8098.384885154368,0.515315060083251,0.515315060083251
,,greedy_local_search,3057.222876742177,2,exp4:multi_hotspot:c3.0:t3.0:r006,1.0,3.0,9294.485900332073,,,hardening:multi_hotspot:r006,4,,,2147.4795767188184,1.0,truthful resolved feasibility,,,3.0,10000.0,Current feasibility,8.0,,0.7009707824344831,0.4994832266044762,0.6468820597419368,0.0,3157.575851128591,moderate,3157.575851128591,,0.6196323933554714,6196.323933554714,3157.575851128591,,,,4.0,,6196.323933554713,0.315757585112859,,40006,"[""L007"", ""L020"", ""L029"", ""R000"", ""R005"", ""R006"", ""R007"", ""C001""]",,,8.0,0.0,3.0,6196.323933554714,multi_hotspot,3038.7480824261224,,3803.676066445285,891.2685057073039,1.0,0.0,48.0,11175.092982332477,7450.0619882216515,0.8317144130278294,0.8317144130278293
,,greedy_local_search,3160.0896040703738,2,exp4:multi_hotspot:c3.0:t3.0:r007,1.0,3.0,7756.497789744015,,,hardening:multi_hotspot:r007,4,,,2117.336301765655,1.0,catalog/geography,,,0.0,9999.999999999998,Catalog + geography,5.0,,0.5683510853060125,0.3967541424377602,0.6123895720433958,2141.6475217239185,4531.547233732918,moderate,2389.899712009,,0.517099852649601,5170.99852649601,2389.899712009,,,,5.0,,5170.9985264960105,0.2389899712009,,40007,"[""R000"", ""R002"", ""R004"", ""R006"", ""R007"", ""C001""]",,,6.0,0.0,3.0,5170.9985264960105,multi_hotspot,2781.0988144870107,,4829.001473503991,663.7625127213553,1.0,0.0,48.0,11468.976229990509,7645.984153327001,0.6763025429821153,0.6763025429821158
,,greedy_local_search,3160.0896040703738,2,exp4:multi_hotspot:c3.0:t3.0:r007,0.0,3.0,9554.877777572165,,,hardening:multi_hotspot:r007,4,,,2150.5938896102944,1.0,truthful resolved feasibility,,,6.0,9999.999999999998,Current feasibility,10.0,,0.6441338054274872,0.5332991190450345,0.8023847386500642,0.0,3218.762094907309,moderate,3218.762094907309,,0.6369918518381442,6369.9185183814425,3218.762094907309,,,,4.0,,6369.9185183814425,0.3218762094907309,,40007,"[""L016"", ""L017"", ""L018"", ""L023"", ""L027"", ""L030"", ""R000"", ""R002"", ""R004"", ""R007""]",,,10.0,0.0,3.0,6369.9185183814425,multi_hotspot,3151.1564234741336,,3630.0814816185584,1000.5625338638396,1.0,0.0,48.0,10051.643490872233,6701.095660581486,0.9505786577338149,0.9505786577338151
,,greedy_local_search,3111.814402771996,2,exp4:multi_hotspot:c3.0:t3.0:r008,2.0,3.0,9398.33076440575,,,hardening:multi_hotspot:r008,4,,,2136.3142179960114,1.0,catalog/geography,,,0.0,10000.0,Catalog + geography,5.0,,0.5239472355449789,0.590673060066454,0.9202177863760864,2204.22358090184,5554.280411378519,moderate,3350.056830476679,,0.6265553842937166,6265.553842937166,3350.056830476679,,,,4.0,,6265.553842937166,0.3350056830476678,,40008,"[""R003"", ""R004"", ""R005"", ""R007"", ""C001"", ""C002""]",,,6.0,494.3346230819706,3.0,6265.553842937166,multi_hotspot,2915.4970124604874,,3734.4461570628328,779.182794464476,1.0,0.0,48.0,13095.50368283976,8730.335788559842,0.7176761575594258,0.7176761575594257
,,greedy_local_search,3111.814402771996,2,exp4:multi_hotspot:c3.0:t3.0:r008,2.0,3.0,11814.047802565256,,,hardening:multi_hotspot:r008,4,,,2171.1913928627964,1.0,truthful resolved feasibility,,,0.0,10000.0,Current feasibility,6.0,,0.6734586064342406,0.8129908969779301,1.0,0.0,4773.213537821268,moderate,4773.213537821268,,0.7876031868376837,7876.031868376837,4773.213537821268,,,,4.0,,7876.031868376838,0.4773213537821268,,40008,"[""R001"", ""R003"", ""R004"", ""R005"", ""C000"", ""C001""]",,,6.0,0.0,3.0,7876.031868376838,multi_hotspot,3102.8183305555704,,2123.9681316231613,931.626937692774,1.0,0.0,48.0,12978.98954255801,8652.659695038677,0.91024403431616,0.9102440343161597
,,greedy_local_search,3134.181575541887,2,exp4:multi_hotspot:c3.0:t3.0:r009,1.0,3.0,10811.648567713244,,,hardening:multi_hotspot:r009,4,,,2131.1733349841334,1.0,catalog/geography,,,1.0,9999.999999999998,Catalog + geography,7.0,,0.5768824978050848,0.8959184241245894,0.7380399936249414,412.2873048048032,4547.022348297821,moderate,4134.735043493018,,0.7207765711808827,7207.765711808828,4134.735043493018,,,,5.0,,7207.765711808828,0.4134735043493018,,40009,"[""L024"", ""R000"", ""R002"", ""R003"", ""R005"", ""R006"", ""C001""]",,,7.0,0.0,3.0,7207.765711808829,multi_hotspot,3073.03066831581,,2792.2342881911727,941.8573333316766,1.0,0.0,48.0,11506.282041637662,7670.854694425107,0.9396300671745439,0.939630067174544
,,greedy_local_search,3134.181575541887,2,exp4:multi_hotspot:c3.0:t3.0:r009,1.0,3.0,11113.552033941309,,,hardening:multi_hotspot:r009,4,,,2143.965211665842,1.0,truthful resolved feasibility,,,1.0,9999.999999999998,Current feasibility,7.0,,0.6366308888301007,0.871851293905214,0.7463580804452521,0.0,4278.516954777258,moderate,4278.516954777258,,0.7409034689294206,7409.034689294207,4278.516954777258,,,,5.0,,7409.034689294208,0.4278516954777259,,40009,"[""L024"", ""R000"", ""R003"", ""R004"", ""R006"", ""R008"", ""C001""]",,,7.0,0.0,3.0,7409.034689294207,multi_hotspot,3130.517734516949,,2590.9653107057943,986.5525228511074,1.0,0.0,48.0,11422.748714568768,7615.165809712511,0.9729314993830597,0.9729314993830599
,,greedy_local_search,3131.0191729170765,2,exp4:multi_hotspot:c3.0:t3.0:r010,2.0,3.0,7911.783290723691,,,hardening:multi_hotspot:r010,4,,,2095.807691361901,1.0,catalog/geography,,,1.0,10000.0,Catalog + geography,5.0,,0.6988195665275785,0.3231018162658612,0.4994888937555881,2572.7496592953403,5026.1115837719735,moderate,2453.361924476633,,0.5274522193815794,5274.522193815794,2453.361924476633,,,,3.0,,5274.522193815794,0.2453361924476633,,40010,"[""L025"", ""R000"", ""R004"", ""R007"", ""C001"", ""C002""]",,,6.0,0.0,3.0,5274.522193815794,multi_hotspot,2821.1602693391605,,4725.477806184206,725.3525779772597,1.0,0.0,48.0,12211.942006900954,8141.2946712673,0.647872655000552,0.6478726550005522
,,greedy_local_search,3131.0191729170765,2,exp4:multi_hotspot:c3.0:t3.0:r010,1.0,3.0,9878.437663433811,,,hardening:multi_hotspot:r010,4,,,2054.057173066039,1.0,truthful resolved feasibility,,,0.0,10000.0,Current feasibility,6.0,,0.8423522861898212,0.508992082041814,0.5067837669776655,0.0,3589.2911352557394,moderate,3589.2911352557394,,0.6585625108955876,6585.625108955876,3589.2911352557394,,,,5.0,,6585.625108955876,0.3589291135255739,,40010,"[""R000"", ""R003"", ""R004"", ""R006"", ""R007"", ""C001""]",,,6.0,0.0,3.0,6585.625108955876,multi_hotspot,2996.333973700136,,3414.3748910441245,942.2768006340972,1.0,0.0,48.0,10940.30198364575,7293.534655763831,0.902940127082481,0.9029401270824814
,,greedy_local_search,3086.135330375794,2,exp4:multi_hotspot:c3.0:t3.0:r011,2.0,3.0,9324.9322115479,,,hardening:multi_hotspot:r011,4,,,2164.53398233752,1.0,catalog/geography,,,2.0,9999.999999999998,Catalog + geography,6.0,,0.6015344495628392,0.5929057248171841,0.7172732072361732,1597.0283080520885,4940.987806796291,moderate,3343.9594987442024,,0.6216621474365267,6216.621474365267,3343.9594987442024,,,,3.0,,6216.621474365267,0.3343959498744203,,40011,"[""L011"", ""L012"", ""R003"", ""R007"", ""R008"", ""C001"", ""C002""]",,,7.0,0.0,3.0,6216.621474365267,multi_hotspot,2872.661975621065,,3783.378525634733,708.1279932835455,1.0,0.0,48.0,12030.664914290734,8020.443276193821,0.7750969940548503,0.7750969940548504
,,greedy_local_search,3086.135330375794,2,exp4:multi_hotspot:c3.0:t3.0:r011,1.0,3.0,10641.012715927518,,,hardening:multi_hotspot:r011,4,,,2100.8013428899985,1.0,truthful resolved feasibility,,,5.0,9999.999999999998,Current feasibility,9.0,,0.5438850010557996,0.7999685992860476,0.9233179375163736,0.0,4009.369514540878,moderate,4009.369514540878,,0.7094008477285011,7094.008477285011,4009.369514540878,,,,3.0,,7094.008477285011,0.4009369514540878,,40011,"[""L011"", ""L012"", ""L023"", ""L029"", ""L032"", ""R001"", ""R002"", ""R003"", ""C001""]",,,9.0,0.0,3.0,7094.008477285011,multi_hotspot,3084.6389627441336,,2905.9915227149886,983.837619854135,1.0,0.0,48.0,10814.24572421591,7209.497149477273,0.9839810364304485,0.9839810364304485
,,greedy_local_search,3156.616877017109,2,exp4:multi_hotspot:c3.0:t3.0:r012,2.0,3.0,7148.032142865743,,,hardening:multi_hotspot:r012,4,,,2183.162973463013,1.0,catalog/geography,,,1.0,10000.0,Catalog + geography,4.0,,0.5133994707327753,0.2761228954774928,0.7443135047208909,3029.5531001147438,5030.154480559071,moderate,2000.601380444328,,0.4765354761910494,4765.354761910495,2000.601380444328,,,,3.0,,4765.354761910496,0.2000601380444328,,40012,"[""L021"", ""R000"", ""R001"", ""R007"", ""C001"", ""C002""]",,,6.0,0.0,3.0,4765.354761910495,multi_hotspot,2764.753381466168,,5234.645238089505,581.5904080031551,1.0,0.0,48.0,12170.787804939711,8113.858536626472,0.5873105551938551,0.5873105551938552
,,greedy_local_search,3156.616877017109,2,exp4:multi_hotspot:c3.0:t3.0:r012,1.0,3.0,10290.437628710984,,,hardening:multi_hotspot:r012,4,,,2226.7775552567027,1.0,truthful resolved feasibility,,,2.0,10000.0,Current feasibility,8.0,,0.6833769607425095,0.5897605896517921,0.8604666826757114,0.0,3712.656580393887,moderate,3712.656580393887,,0.6860291752473989,6860.291752473989,3712.656580393887,,,,5.0,,6860.29175247399,0.3712656580393886,,40012,"[""L003"", ""L019"", ""R001"", ""R004"", ""R005"", ""R007"", ""R008"", ""C001""]",,,8.0,0.0,3.0,6860.291752473988,multi_hotspot,3147.635172080103,,3139.7082475260117,920.8576168234006,1.0,0.0,48.0,11307.42666012228,7538.284440081519,0.9100600815747145,0.9100600815747144
,,greedy_local_search,3128.370898926705,2,exp4:multi_hotspot:c3.0:t3.0:r013,2.0,3.0,8770.427513307375,,,hardening:multi_hotspot:r013,4,,,2115.817202907996,1.0,catalog/geography,,,1.0,9999.999999999998,Catalog + geography,5.0,,0.503153794175918,0.5463356150566281,0.8352924745242112,1900.30793559164,4876.232401943374,moderate,2975.9244663517334,,0.5846951675538251,5846.951675538251,2975.9244663517334,,,,3.0,,5846.951675538252,0.2975924466351733,,40013,"[""L001"", ""R004"", ""R005"", ""R006"", ""C001"", ""C002""]",,,6.0,576.6832465939877,3.0,5846.951675538251,multi_hotspot,2871.0272091865186,,4153.048324461748,755.210006278523,1.0,0.0,48.0,12241.333524757434,8160.889016504956,0.7164601385600401,0.7164601385600402
,,greedy_local_search,3128.370898926705,2,exp4:multi_hotspot:c3.0:t3.0:r013,2.0,3.0,11953.325754827589,,,hardening:multi_hotspot:r013,4,,,2181.641551602728,1.0,truthful resolved feasibility,,,2.0,9999.999999999998,Current feasibility,7.0,,0.8687147929735429,0.6742985610348634,0.8498111522743809,0.0,4840.512937625021,moderate,4840.512937625021,,0.7968883836551726,7968.883836551726,4840.512937625021,,,,3.0,,7968.883836551726,0.4840512937625021,,40013,"[""L001"", ""L004"", ""R001"", ""R005"", ""R006"", ""C000"", ""C001""]",,,7.0,0.0,3.0,7968.883836551725,multi_hotspot,3128.370898926705,,2031.1161634482733,946.7293473239768,1.0,0.0,48.0,12178.631074101333,8119.087382734222,0.9814999470874135,0.9814999470874134
,,greedy_local_search,3172.528396547715,2,exp4:multi_hotspot:c3.0:t3.0:r014,1.0,3.0,9267.03107513104,,,hardening:multi_hotspot:r014,4,,,2134.614924292608,1.0,catalog/geography,,,1.0,10000.0,Catalog + geography,6.0,,0.5245960453663697,0.6670906514381474,0.7412606162859227,1546.2147939959505,4799.8018188547285,moderate,3253.587024858778,,0.6178020716754026,6178.020716754026,3253.587024858778,,,,5.0,,6178.020716754025,0.3253587024858778,,40014,"[""L007"", ""R000"", ""R001"", ""R002"", ""R005"", ""R006"", ""C002""]",,,7.0,0.0,3.0,6178.020716754025,multi_hotspot,2924.4336918952467,,3821.9792832459743,789.8187676026389,1.0,0.0,48.0,11937.2577268073,7958.171817871535,0.7763115522185824,0.776311552218582
,,greedy_local_search,3172.528396547715,2,exp4:multi_hotspot:c3.0:t3.0:r014,2.0,3.0,11109.11898364722,,,hardening:multi_hotspot:r014,4,,,2164.6429230925337,1.0,truthful resolved feasibility,,,1.0,10000.0,Current feasibility,6.0,,0.6566023218724313,0.7253929740190497,0.9562467324694324,0.0,4349.056878361258,moderate,4349.056878361258,,0.7406079322431478,7406.079322431478,4349.056878361258,,,,3.0,,7406.079322431478,0.4349056878361258,,40014,"[""L007"", ""R001"", ""R002"", ""R005"", ""C001"", ""C002""]",,,6.0,0.0,3.0,7406.079322431478,multi_hotspot,3057.02244407022,,2593.9206775685207,892.3795209776863,1.0,0.0,48.0,11715.151519025008,7810.101012683341,0.9482693386941166,0.9482693386941161
,,greedy_local_search,3173.152608497909,2,exp4:multi_hotspot:c3.0:t3.0:r015,1.0,3.0,10173.92907560317,,,hardening:multi_hotspot:r015,4,,,2133.7423819671253,1.0,catalog/geography,,,1.0,9999.999999999998,Catalog + geography,6.0,,0.6255187955051928,0.7183192287681669,0.7268337516367471,597.0111945157628,4327.557131862912,moderate,3730.545937347149,,0.6782619383735445,6782.619383735446,3730.545937347149,,,,5.0,,6782.619383735446,0.3730545937347149,,40015,"[""L029"", ""R000"", ""R002"", ""R003"", ""R005"", ""R006"", ""C001""]",,,7.0,0.0,3.0,6782.619383735446,multi_hotspot,3052.073446388297,,3217.3806162645533,918.3310644211716,1.0,0.0,48.0,11205.01167202634,7470.007781350892,0.9079802300431958,0.9079802300431958
,,greedy_local_search,3173.152608497909,2,exp4:multi_hotspot:c3.0:t3.0:r015,1.0,3.0,11102.773326684312,,,hardening:multi_hotspot:r015,4,,,2153.1732584551723,1.0,truthful resolved feasibility,,,1.0,9999.999999999998,Current feasibility,7.0,,0.6347868641662754,0.8724279856708413,0.7459050229300126,0.0,4232.423576804782,moderate,4232.423576804782,,0.7401848884456208,7401.848884456208,4232.423576804782,,,,5.0,,7401.848884456208,0.4232423576804783,,40015,"[""L002"", ""R000"", ""R002"", ""R003"", ""R005"", ""R008"", ""C001""]",,,7.0,0.0,3.0,7401.848884456207,multi_hotspot,3169.4253076514256,,2598.151115543791,1016.2520491962532,1.0,0.0,48.0,11102.773326684313,7401.848884456208,0.9999999999999999,0.9999999999999999
,,greedy_local_search,3177.084552498707,2,exp4:multi_hotspot:c3.0:t3.0:r016,2.0,3.0,10374.152508719628,,,hardening:multi_hotspot:r016,4,,,2229.19785142334,1.0,catalog/geography,,,1.0,10000.0,Catalog + geography,6.0,,0.6971875002804583,0.6698055048276769,0.7172193271604105,1154.9886723080472,4992.206854167526,moderate,3837.218181859479,,0.6916101672479752,6916.101672479753,3837.218181859479,,,,3.0,,6916.101672479753,0.3837218181859479,,40016,"[""L023"", ""R004"", ""R006"", ""R008"", ""C001"", ""C002""]",,,6.0,0.0,3.0,6916.101672479752,multi_hotspot,3078.8834906202737,,3083.898327520248,849.6856391969338,1.0,0.0,48.0,12410.916827502133,8273.94455166809,0.8358892943131235,0.8358892943131234
,,greedy_local_search,3177.084552498707,2,exp4:multi_hotspot:c3.0:t3.0:r016,1.0,3.0,10901.26782824261,,,hardening:multi_hotspot:r016,4,,,2071.547501494323,1.0,truthful resolved feasibility,,,0.0,10000.0,Current feasibility,6.0,,0.7053966612711483,0.6910514636865911,0.8372733934359192,0.0,4232.9826999211255,moderate,4232.9826999211255,,0.7267511885495074,7267.511885495075,4232.9826999211255,,,,5.0,,7267.511885495075,0.4232982699921125,,40016,"[""R001"", ""R002"", ""R004"", ""R006"", ""R008"", ""C001""]",,,6.0,0.0,3.0,7267.511885495076,multi_hotspot,3034.52918557395,,2732.4881145049258,962.981684079627,1.0,0.0,48.0,11065.873379126027,7377.248919417352,0.9851249381550019,0.9851249381550022
,,greedy_local_search,3078.847843759583,2,exp4:multi_hotspot:c3.0:t3.0:r017,2.0,3.0,9087.405219178338,,,hardening:multi_hotspot:r017,4,,,2003.3490603348084,1.0,catalog/geography,,,1.0,10000.0,Catalog + geography,6.0,,0.5634434657780648,0.7285562920941895,0.486413763893969,2045.8057154606252,5320.4184241389485,moderate,3274.612708678323,,0.6058270146118893,6058.270146118892,3274.612708678323,,,,3.0,,6058.270146118892,0.3274612708678323,,40017,"[""L003"", ""R001"", ""R003"", ""R007"", ""C001"", ""C002""]",,,6.0,0.0,3.0,6058.270146118892,multi_hotspot,2783.6574374405686,,3941.7298538811065,780.3083771057602,1.0,0.0,48.0,12541.926499034158,8361.28433268944,0.7245621491943961,0.724562149194396
,,greedy_local_search,3078.847843759583,2,exp4:multi_hotspot:c3.0:t3.0:r017,1.0,3.0,10895.520494258348,,,hardening:multi_hotspot:r017,4,,,2018.6404599151065,1.0,truthful resolved feasibility,,,4.0,10000.0,Current feasibility,8.0,,0.6095576575438281,0.9025329367766582,0.680902795920018,0.0,4211.981634321158,moderate,4211.981634321158,,0.7263680329505566,7263.680329505565,4211.981634321158,,,,3.0,,7263.680329505565,0.4211981634321158,,40017,"[""L003"", ""L006"", ""L008"", ""L027"", ""R003"", ""R004"", ""R006"", ""C001""]",,,8.0,0.0,3.0,7263.680329505566,multi_hotspot,3051.698695184408,,2736.319670494433,1033.058235269301,1.0,0.0,48.0,10895.52049425835,7263.680329505566,0.9999999999999998,1.0
,,greedy_local_search,3144.247219381794,2,exp4:multi_hotspot:c3.0:t3.0:r018,1.0,3.0,8389.996302846193,,,hardening:multi_hotspot:r018,4,,,2122.430294601587,1.0,catalog/geography,,,1.0,10000.000000000002,Catalog + geography,7.0,,0.4943139871999097,0.45926257361474,0.8807494592564722,1786.4751487899002,4454.227863407809,moderate,2667.752714617909,,0.5593330868564128,5593.330868564129,2667.752714617909,,,,5.0,,5593.330868564128,0.2667752714617908,,40018,"[""L002"", ""R000"", ""R001"", ""R002"", ""R003"", ""R007"", ""C001""]",,,7.0,0.0,3.0,5593.330868564128,multi_hotspot,2925.5781539462187,,4406.669131435872,803.147859344632,1.0,0.0,48.0,11372.441561789585,7581.627707859727,0.7377480251062227,0.7377480251062222
,,greedy_local_search,3144.247219381794,2,exp4:multi_hotspot:c3.0:t3.0:r018,0.0,3.0,10029.653580058555,,,hardening:multi_hotspot:r018,4,,,2047.7067931337097,1.0,truthful resolved feasibility,,,6.0,10000.000000000002,Current feasibility,10.0,,0.5844064029794483,0.637715414352476,0.9123014781989264,0.0,3545.3622363040017,moderate,3545.3622363040017,,0.6686435720039036,6686.435720039037,3545.3622363040017,,,,4.0,,6686.435720039037,0.3545362236304001,,40018,"[""L002"", ""L010"", ""L020"", ""L026"", ""L028"", ""L034"", ""R000"", ""R002"", ""R003"", ""R007""]",,,10.0,0.0,3.0,6686.435720039037,multi_hotspot,3141.073483735035,,3313.564279960964,1093.3666906013254,1.0,0.0,48.0,10278.88967660887,6852.5931177392495,0.975752624612998,0.9757526246129976
,,greedy_local_search,3139.3042522037977,2,exp4:multi_hotspot:c3.0:t3.0:r019,2.0,3.0,8430.004829945083,,,hardening:multi_hotspot:r019,4,,,2216.1163697786697,1.0,catalog/geography,,,1.0,9999.999999999998,Catalog + geography,5.0,,0.6592898743030932,0.4370605469947802,0.5617434355588686,1849.703211354809,4587.413718925062,moderate,2737.7105075702534,,0.5620003219963388,5620.003219963388,2737.7105075702534,,,,3.0,,5620.003219963388,0.2737710507570254,,40019,"[""L006"", ""R000"", ""R002"", ""R005"", ""C001"", ""C002""]",,,6.0,0.0,3.0,5620.003219963388,multi_hotspot,2882.2927123931345,,4379.996780036612,666.1763426144648,1.0,0.0,48.0,12093.728624598494,8062.485749732328,0.6970558949701052,0.6970558949701052
,,greedy_local_search,3139.3042522037977,2,exp4:multi_hotspot:c3.0:t3.0:r019,1.0,3.0,10491.23544780274,,,hardening:multi_hotspot:r019,4,,,2149.67649797877,1.0,truthful resolved feasibility,,,5.0,9999.999999999998,Current feasibility,9.0,,0.5977892748839639,0.772000750546782,0.8010513006551261,0.0,3854.852712998029,moderate,3854.852712998029,,0.6994156965201827,6994.156965201827,3854.852712998029,,,,3.0,,6994.156965201826,0.3854852712998029,,40019,"[""L006"", ""L007"", ""L019"", ""L027"", ""L028"", ""R000"", ""R004"", ""R007"", ""C001""]",,,9.0,0.0,3.0,6994.156965201827,multi_hotspot,3139.3042522037977,,3005.8430347981725,989.6277542250276,1.0,0.0,48.0,10779.0459262139,7186.030617475932,0.9732990767103771,0.9732990767103773
,,greedy_local_search,3173.5643698667427,2,exp4:regular:c0.75:t0.75:r000,0.0,0.75,0.0,,,hardening:regular:r000,4,,,0.0,1.0,catalog/geography,,,0.0,10000.000000000002,Catalog + geography,0.0,,0.0,0.0,0.0,0.0,0.0,moderate,0.0,,0.0,0.0,0.0,,,,0.0,,0.0,0.0,,40000,[],,,0.0,0.0,0.75,0.0,regular,0.0,,10000.0,0.0,1.0,1.0,48.0,0.0,0.0,0.0,0.0
,,greedy_local_search,3173.5643698667427,2,exp4:regular:c0.75:t0.75:r000,0.0,0.75,0.0,,,hardening:regular:r000,4,,,0.0,1.0,truthful resolved feasibility,,,0.0,10000.000000000002,Current feasibility,0.0,,0.0,0.0,0.0,0.0,0.0,moderate,0.0,,0.0,0.0,0.0,,,,0.0,,0.0,0.0,,40000,[],,,0.0,0.0,0.75,0.0,regular,0.0,,10000.0,0.0,1.0,1.0,48.0,0.0,0.0,0.0,0.0
,,greedy_local_search,3169.8463396134275,2,exp4:regular:c0.75:t0.75:r001,0.0,0.75,0.0,,,hardening:regular:r001,4,,,0.0,1.0,catalog/geography,,,0.0,9999.999999999998,Catalog + geography,0.0,,0.0,0.0,0.0,0.0,0.0,moderate,0.0,,0.0,0.0,0.0,,,,0.0,,0.0,0.0,,40001,[],,,0.0,0.0,0.75,0.0,regular,0.0,,10000.0,0.0,1.0,1.0,48.0,0.0,0.0,0.0,0.0
,,greedy_local_search,3169.8463396134275,2,exp4:regular:c0.75:t0.75:r001,0.0,0.75,0.0,,,hardening:regular:r001,4,,,0.0,1.0,truthful resolved feasibility,,,0.0,9999.999999999998,Current feasibility,0.0,,0.0,0.0,0.0,0.0,0.0,moderate,0.0,,0.0,0.0,0.0,,,,0.0,,0.0,0.0,,40001,[],,,0.0,0.0,0.75,0.0,regular,0.0,,10000.0,0.0,1.0,1.0,48.0,0.0,0.0,0.0,0.0
,,greedy_local_search,3160.6718778658683,2,exp4:regular:c0.75:t0.75:r002,0.0,0.75,0.0,,,hardening:regular:r002,4,,,0.0,1.0,catalog/geography,,,0.0,10000.000000000002,Catalog + geography,0.0,,0.0,0.0,0.0,0.0,0.0,moderate,0.0,,0.0,0.0,0.0,,,,0.0,,0.0,0.0,,40002,[],,,0.0,0.0,0.75,0.0,regular,0.0,,10000.000000000002,0.0,1.0,1.0,48.0,0.0,0.0,0.0,0.0
,,greedy_local_search,3160.6718778658683,2,exp4:regular:c0.75:t0.75:r002,0.0,0.75,0.0,,,hardening:regular:r002,4,,,0.0,1.0,truthful resolved feasibility,,,0.0,10000.000000000002,Current feasibility,0.0,,0.0,0.0,0.0,0.0,0.0,moderate,0.0,,0.0,0.0,0.0,,,,0.0,,0.0,0.0,,40002,[],,,0.0,0.0,0.75,0.0,regular,0.0,,10000.000000000002,0.0,1.0,1.0,48.0,0.0,0.0,0.0,0.0
,,greedy_local_search,3124.359200707915,2,exp4:regular:c0.75:t0.75:r003,3.0,0.75,1520.1270965528718,,,hardening:regular:r003,4,,,1584.488377363697,1.0,catalog/geography,,,0.0,10000.0,Catalog + geography,2.0,,0.0956443737049468,0.0858281500106405,0.141309928829539,728.6580069734263,52.06000419317388,moderate,-676.5980027802524,,0.1013418064368581,1013.4180643685812,-676.5980027802524,,,,0.0,,1013.4180643685812,-0.0676598002780252,,40003,"[""C000"", ""C001"", ""C002""]",,,3.0,0.0,0.75,1013.4180643685812,regular,1690.0160671488336,,8986.581935631419,105.52768978513664,1.0,0.0,48.0,2723.887876032535,1815.9252506883568,0.5580725660290412,0.5580725660290412
,,greedy_local_search,3124.359200707915,2,exp4:regular:c0.75:t0.75:r003,1.0,0.75,933.05645833262,,,hardening:regular:r003,4,,,555.2961805279892,1.0,truthful resolved feasibility,,,0.0,10000.0,Current feasibility,1.0,,0.0566474139248805,0.0463339283240445,0.1024777635461474,0.0,3.1719446986398907,moderate,3.1719446986398907,,0.0622037638888413,622.0376388884133,3.1719446986398907,,,,0.0,,622.0376388884133,0.0003171944698639,,40003,"[""C001""]",,,1.0,0.0,0.75,622.0376388884133,regular,618.8656941897734,,9377.96236111159,63.56951366178414,1.0,0.0,48.0,933.05645833262,622.0376388884133,1.0,1.0
,,greedy_local_search,3114.147193190104,2,exp4:regular:c0.75:t0.75:r004,1.0,0.75,929.9912859619884,,,hardening:regular:r004,4,,,487.8726504020125,1.0,catalog/geography,,,0.0,10000.0,Catalog + geography,1.0,,0.0362756257242487,0.0623462685649235,0.1192709674524867,0.7853562741454425,69.03262261982286,moderate,68.24726634567742,,0.0619994190641325,619.9941906413255,68.24726634567742,,,,0.0,,619.9941906413254,0.0068247266345677,,40004,"[""C001""]",,,1.0,0.0,0.75,619.9941906413254,regular,551.746924295648,,9380.005809358676,63.874273893635504,1.0,0.0,48.0,929.9912859619885,619.9941906413255,0.9999999999999999,0.9999999999999998
,,greedy_local_search,3114.147193190104,2,exp4:regular:c0.75:t0.75:r004,1.0,0.75,929.9912859619884,,,hardening:regular:r004,4,,,487.8726504020125,1.0,truthful resolved feasibility,,,0.0,10000.0,Current feasibility,1.0,,0.0362756257242487,0.0623462685649235,0.1192709674524867,0.0,68.24726634567742,moderate,68.24726634567742,,0.0619994190641325,619.9941906413255,68.24726634567742,,,,0.0,,619.9941906413254,0.0068247266345677,,40004,"[""C001""]",,,1.0,0.0,0.75,619.9941906413254,regular,551.746924295648,,9380.005809358676,63.874273893635504,1.0,0.0,48.0,929.9912859619885,619.9941906413255,0.9999999999999999,0.9999999999999998
,,greedy_local_search,3198.861412389728,2,exp4:regular:c0.75:t0.75:r005,1.0,0.75,819.2847629539365,,,hardening:regular:r005,4,,,497.5412753591685,1.0,catalog/geography,,,0.0,9999.999999999996,Catalog + geography,1.0,,0.0556650809274461,0.0355620097187241,0.0856149718901243,0.0018554441132891,0.9463079575730262,moderate,0.944452513459737,,0.054618984196929,546.1898419692909,0.944452513459737,,,,0.0,,546.1898419692909,9.444525134597372e-05,,40005,"[""C001""]",,,1.0,0.0,0.75,546.1898419692909,regular,545.2453894558312,,9453.810158030708,47.70411409666261,1.0,0.0,48.0,819.2847629539366,546.1898419692909,0.9999999999999999,1.0
,,greedy_local_search,3198.861412389728,2,exp4:regular:c0.75:t0.75:r005,1.0,0.75,819.2847629539365,,,hardening:regular:r005,4,,,497.5412753591685,1.0,truthful resolved feasibility,,,0.0,9999.999999999996,Current feasibility,1.0,,0.0556650809274461,0.0355620097187241,0.0856149718901243,0.0,0.944452513459737,moderate,0.944452513459737,,0.054618984196929,546.1898419692909,0.944452513459737,,,,0.0,,546.1898419692909,9.444525134597372e-05,,40005,"[""C001""]",,,1.0,0.0,0.75,546.1898419692909,regular,545.2453894558312,,9453.810158030708,47.70411409666261,1.0,0.0,48.0,819.2847629539366,546.1898419692909,0.9999999999999999,1.0
,,greedy_local_search,3122.879618156244,2,exp4:regular:c0.75:t0.75:r006,1.0,0.75,864.8088420121633,,,hardening:regular:r006,4,,,497.9541697089165,1.0,catalog/geography,,,0.0,10000.000000000002,Catalog + geography,1.0,,0.0350760899474649,0.0732187694870005,0.0812155650200075,0.0,19.08586168634156,moderate,19.08586168634156,,0.0576539228008108,576.5392280081089,19.08586168634156,,,,0.0,,576.5392280081089,0.0019085861686341,,40006,"[""C001""]",,,1.0,0.0,0.75,576.5392280081089,regular,557.4533663217674,,9423.46077199189,59.49919661285081,1.0,0.0,48.0,864.8088420121634,576.539228008109,0.9999999999999999,0.9999999999999998
,,greedy_local_search,3122.879618156244,2,exp4:regular:c0.75:t0.75:r006,1.0,0.75,864.8088420121633,,,hardening:regular:r006,4,,,497.9541697089165,1.0,truthful resolved feasibility,,,0.0,10000.000000000002,Current feasibility,1.0,,0.0350760899474649,0.0732187694870005,0.0812155650200075,0.0,19.08586168634156,moderate,19.08586168634156,,0.0576539228008108,576.5392280081089,19.08586168634156,,,,0.0,,576.5392280081089,0.0019085861686341,,40006,"[""C001""]",,,1.0,0.0,0.75,576.5392280081089,regular,557.4533663217674,,9423.46077199189,59.49919661285081,1.0,0.0,48.0,864.8088420121634,576.539228008109,0.9999999999999999,0.9999999999999998
,,greedy_local_search,3115.6062898195664,2,exp4:regular:c0.75:t0.75:r007,2.0,0.75,404.95577436593953,,,hardening:regular:r007,4,,,993.168741908976,1.0,catalog/geography,,,0.0,9999.999999999998,Catalog + geography,0.0,,0.0,0.0771344332125599,0.0,837.2151534370413,85.42647016930005,moderate,-751.7886832677412,,0.0269970516243959,269.97051624395965,-751.7886832677412,,,,0.0,,269.97051624395965,-0.0751788683267741,,40007,"[""C000"", ""C002""]",,,2.0,498.51724735333175,0.75,269.97051624395965,regular,1021.7591995117008,,9730.02948375604,28.590457602724936,1.0,0.0,48.0,1787.6960781614932,1191.7973854409952,0.2265238366369328,0.22652383663693282
,,greedy_local_search,3115.6062898195664,2,exp4:regular:c0.75:t0.75:r007,0.0,0.75,0.0,,,hardening:regular:r007,4,,,0.0,1.0,truthful resolved feasibility,,,0.0,9999.999999999998,Current feasibility,0.0,,0.0,0.0,0.0,0.0,0.0,moderate,0.0,,0.0,0.0,0.0,,,,0.0,,0.0,0.0,,40007,[],,,0.0,0.0,0.75,0.0,regular,0.0,,10000.0,0.0,1.0,1.0,48.0,0.0,0.0,0.0,0.0
,,greedy_local_search,3204.768007661325,2,exp4:regular:c0.75:t0.75:r008,0.0,0.75,0.0,,,hardening:regular:r008,4,,,0.0,1.0,catalog/geography,,,0.0,9999.999999999998,Catalog + geography,0.0,,0.0,0.0,0.0,0.0,0.0,moderate,0.0,,0.0,0.0,0.0,,,,0.0,,0.0,0.0,,40008,[],,,0.0,0.0,0.75,0.0,regular,0.0,,10000.0,0.0,1.0,1.0,48.0,0.0,0.0,0.0,0.0
,,greedy_local_search,3204.768007661325,2,exp4:regular:c0.75:t0.75:r008,0.0,0.75,0.0,,,hardening:regular:r008,4,,,0.0,1.0,truthful resolved feasibility,,,0.0,9999.999999999998,Current feasibility,0.0,,0.0,0.0,0.0,0.0,0.0,moderate,0.0,,0.0,0.0,0.0,,,,0.0,,0.0,0.0,,40008,[],,,0.0,0.0,0.75,0.0,regular,0.0,,10000.0,0.0,1.0,1.0,48.0,0.0,0.0,0.0,0.0
,,greedy_local_search,3136.9553617898514,2,exp4:regular:c0.75:t0.75:r009,0.0,0.75,0.0,,,hardening:regular:r009,4,,,0.0,1.0,catalog/geography,,,0.0,9999.999999999998,Catalog + geography,0.0,,0.0,0.0,0.0,0.0,0.0,moderate,0.0,,0.0,0.0,0.0,,,,0.0,,0.0,0.0,,40009,[],,,0.0,0.0,0.75,0.0,regular,0.0,,10000.0,0.0,1.0,1.0,48.0,0.0,0.0,0.0,0.0
,,greedy_local_search,3136.9553617898514,2,exp4:regular:c0.75:t0.75:r009,0.0,0.75,0.0,,,hardening:regular:r009,4,,,0.0,1.0,truthful resolved feasibility,,,0.0,9999.999999999998,Current feasibility,0.0,,0.0,0.0,0.0,0.0,0.0,moderate,0.0,,0.0,0.0,0.0,,,,0.0,,0.0,0.0,,40009,[],,,0.0,0.0,0.75,0.0,regular,0.0,,10000.0,0.0,1.0,1.0,48.0,0.0,0.0,0.0,0.0
,,greedy_local_search,3156.668444536349,2,exp4:regular:c0.75:t0.75:r010,1.0,0.75,416.5435924534768,,,hardening:regular:r010,4,,,527.2752102898421,1.0,catalog/geography,,,0.0,10000.0,Catalog + geography,1.0,,0.0447753953572327,0.0,0.0381032245973853,282.476275014207,9.517555948559334,moderate,-272.95871906564764,,0.0277695728302317,277.6957283023179,-272.95871906564764,,,,0.0,,277.6957283023179,-0.0272958719065647,,40010,"[""C000""]",,,1.0,0.0,0.75,277.6957283023179,regular,550.6544473679655,,9722.304271697682,23.37923707812346,1.0,0.0,48.0,871.1038104146338,580.7358736097559,0.478179049928857,0.47817904992885707
,,greedy_local_search,3156.668444536349,2,exp4:regular:c0.75:t0.75:r010,0.0,0.75,0.0,,,hardening:regular:r010,4,,,0.0,1.0,truthful resolved feasibility,,,0.0,10000.0,Current feasibility,0.0,,0.0,0.0,0.0,0.0,0.0,moderate,0.0,,0.0,0.0,0.0,,,,0.0,,0.0,0.0,,40010,[],,,0.0,0.0,0.75,0.0,regular,0.0,,10000.0,0.0,1.0,1.0,48.0,0.0,0.0,0.0,0.0
,,greedy_local_search,3160.557603079724,2,exp4:regular:c0.75:t0.75:r011,1.0,0.75,680.1174753114044,,,hardening:regular:r011,4,,,511.4080736275979,1.0,catalog/geography,,,0.0,10000.000000000002,Catalog + geography,1.0,,0.0442607025263948,0.0726395682396646,0.0,160.7209853908519,56.632426523472304,moderate,-104.08855886737956,,0.0453411650207603,453.411650207603,-104.08855886737956,,,,0.0,,453.411650207603,-0.0104088558867379,,40011,"[""C000""]",,,1.0,0.0,0.75,453.411650207603,regular,557.5002090749825,,9546.588349792395,46.09213544738467,1.0,0.0,48.0,940.5845974490314,627.0563982993546,0.7230795370835942,0.723079537083594
,,greedy_local_search,3160.557603079724,2,exp4:regular:c0.75:t0.75:r011,0.0,0.75,0.0,,,hardening:regular:r011,4,,,0.0,1.0,truthful resolved feasibility,,,0.0,10000.000000000002,Current feasibility,0.0,,0.0,0.0,0.0,0.0,0.0,moderate,0.0,,0.0,0.0,0.0,,,,0.0,,0.0,0.0,,40011,[],,,0.0,0.0,0.75,0.0,regular,0.0,,10000.0,0.0,1.0,1.0,48.0,0.0,0.0,0.0,0.0
,,greedy_local_search,3192.099663508026,2,exp4:regular:c0.75:t0.75:r012,1.0,0.75,0.0,,,hardening:regular:r012,4,,,515.501052530843,1.0,catalog/geography,,,0.0,9999.999999999998,Catalog + geography,0.0,,0.0,0.0,0.0,574.41531146936,58.91425893851692,moderate,-515.501052530843,,0.0,0.0,-515.501052530843,,,,0.0,,0.0,-0.0515501052530843,,40012,"[""C002""]",,,1.0,515.501052530843,0.75,0.0,regular,515.501052530843,,10000.0,0.0,1.0,0.0,48.0,950.7583109970734,633.8388739980488,0.0,0.0
,,greedy_local_search,3192.099663508026,2,exp4:regular:c0.75:t0.75:r012,0.0,0.75,0.0,,,hardening:regular:r012,4,,,0.0,1.0,truthful resolved feasibility,,,0.0,9999.999999999998,Current feasibility,0.0,,0.0,0.0,0.0,0.0,0.0,moderate,0.0,,0.0,0.0,0.0,,,,0.0,,0.0,0.0,,40012,[],,,0.0,0.0,0.75,0.0,regular,0.0,,10000.0,0.0,1.0,1.0,48.0,0.0,0.0,0.0,0.0
,,greedy_local_search,3184.1865156025765,2,exp4:regular:c0.75:t0.75:r013,0.0,0.75,0.0,,,hardening:regular:r013,4,,,0.0,1.0,catalog/geography,,,0.0,9999.999999999998,Catalog + geography,0.0,,0.0,0.0,0.0,0.0,0.0,moderate,0.0,,0.0,0.0,0.0,,,,0.0,,0.0,0.0,,40013,[],,,0.0,0.0,0.75,0.0,regular,0.0,,10000.0,0.0,1.0,1.0,48.0,0.0,0.0,0.0,0.0
,,greedy_local_search,3184.1865156025765,2,exp4:regular:c0.75:t0.75:r013,0.0,0.75,0.0,,,hardening:regular:r013,4,,,0.0,1.0,truthful resolved feasibility,,,0.0,9999.999999999998,Current feasibility,0.0,,0.0,0.0,0.0,0.0,0.0,moderate,0.0,,0.0,0.0,0.0,,,,0.0,,0.0,0.0,,40013,[],,,0.0,0.0,0.75,0.0,regular,0.0,,10000.0,0.0,1.0,1.0,48.0,0.0,0.0,0.0,0.0
,,greedy_local_search,3149.994846744082,2,exp4:regular:c0.75:t0.75:r014,0.0,0.75,0.0,,,hardening:regular:r014,4,,,0.0,1.0,catalog/geography,,,0.0,10000.0,Catalog + geography,0.0,,0.0,0.0,0.0,0.0,0.0,moderate,0.0,,0.0,0.0,0.0,,,,0.0,,0.0,0.0,,40014,[],,,0.0,0.0,0.75,0.0,regular,0.0,,10000.0,0.0,1.0,1.0,48.0,0.0,0.0,0.0,0.0
,,greedy_local_search,3149.994846744082,2,exp4:regular:c0.75:t0.75:r014,0.0,0.75,0.0,,,hardening:regular:r014,4,,,0.0,1.0,truthful resolved feasibility,,,0.0,10000.0,Current feasibility,0.0,,0.0,0.0,0.0,0.0,0.0,moderate,0.0,,0.0,0.0,0.0,,,,0.0,,0.0,0.0,,40014,[],,,0.0,0.0,0.75,0.0,regular,0.0,,10000.0,0.0,1.0,1.0,48.0,0.0,0.0,0.0,0.0
,,greedy_local_search,3157.5449359068625,2,exp4:regular:c0.75:t0.75:r015,1.0,0.75,408.51466022926377,,,hardening:regular:r015,4,,,528.9758746747087,1.0,catalog/geography,,,0.0,9999.999999999998,Catalog + geography,0.0,,0.0,0.0778123162341455,0.0,293.4372562148536,16.602735161987653,moderate,-276.834521052866,,0.0272343106819509,272.3431068195092,-276.834521052866,,,,0.0,,272.3431068195092,-0.0276834521052866,,40015,"[""C000""]",,,1.0,0.0,0.75,272.3431068195092,regular,549.1776278723752,,9727.65689318049,20.2017531976664,1.0,0.0,48.0,883.6491894083516,589.0994596055676,0.4623041192430508,0.4623041192430509
,,greedy_local_search,3157.5449359068625,2,exp4:regular:c0.75:t0.75:r015,0.0,0.75,0.0,,,hardening:regular:r015,4,,,0.0,1.0,truthful resolved feasibility,,,0.0,9999.999999999998,Current feasibility,0.0,,0.0,0.0,0.0,0.0,0.0,moderate,0.0,,0.0,0.0,0.0,,,,0.0,,0.0,0.0,,40015,[],,,0.0,0.0,0.75,0.0,regular,0.0,,10000.0,0.0,1.0,1.0,48.0,0.0,0.0,0.0,0.0
,,greedy_local_search,3157.122265676465,2,exp4:regular:c0.75:t0.75:r016,1.0,0.75,471.9741174547762,,,hardening:regular:r016,4,,,523.1664220556563,1.0,catalog/geography,,,0.0,10000.000000000002,Catalog + geography,1.0,,0.0,0.0426961684295064,0.0826064110666224,300.1043466490711,57.44096045605056,moderate,-242.66338619302053,,0.0314649411636517,314.64941163651747,-242.66338619302053,,,,0.0,,314.64941163651747,-0.024266338619302,,40016,"[""C002""]",,,1.0,0.0,0.75,314.64941163651747,regular,557.312797829538,,9685.350588363484,34.14637577388169,1.0,0.0,48.0,966.6846097632588,644.4564065088394,0.48824002439674996,0.4882400243967498
,,greedy_local_search,3157.122265676465,2,exp4:regular:c0.75:t0.75:r016,0.0,0.75,0.0,,,hardening:regular:r016,4,,,0.0,1.0,truthful resolved feasibility,,,0.0,10000.000000000002,Current feasibility,0.0,,0.0,0.0,0.0,0.0,0.0,moderate,0.0,,0.0,0.0,0.0,,,,0.0,,0.0,0.0,,40016,[],,,0.0,0.0,0.75,0.0,regular,0.0,,10000.0,0.0,1.0,1.0,48.0,0.0,0.0,0.0,0.0
,,greedy_local_search,3219.934328513683,2,exp4:regular:c0.75:t0.75:r017,1.0,0.75,544.504968400039,,,hardening:regular:r017,4,,,496.31564638755617,1.0,catalog/geography,,,0.0,10000.000000000002,Catalog + geography,1.0,,0.0463804057590116,0.0440832818146115,0.0,202.2442868873001,33.46822161487137,moderate,-168.77606527242875,,0.0363003312266692,363.0033122666927,-168.77606527242875,,,,0.0,,363.0033122666927,-0.0168776065272428,,40017,"[""C002""]",,,1.0,0.0,0.75,363.0033122666927,regular,531.7793775391215,,9636.996687733306,35.463731151565334,1.0,0.0,48.0,869.7458361680757,579.830557445384,0.6260506756767217,0.6260506756767215
,,greedy_local_search,3219.934328513683,2,exp4:regular:c0.75:t0.75:r017,0.0,0.75,0.0,,,hardening:regular:r017,4,,,0.0,1.0,truthful resolved feasibility,,,0.0,10000.000000000002,Current feasibility,0.0,,0.0,0.0,0.0,0.0,0.0,moderate,0.0,,0.0,0.0,0.0,,,,0.0,,0.0,0.0,,40017,[],,,0.0,0.0,0.75,0.0,regular,0.0,,10000.0,0.0,1.0,1.0,48.0,0.0,0.0,0.0,0.0
,,greedy_local_search,3175.553828239308,2,exp4:regular:c0.75:t0.75:r018,0.0,0.75,0.0,,,hardening:regular:r018,4,,,0.0,1.0,catalog/geography,,,0.0,9999.999999999996,Catalog + geography,0.0,,0.0,0.0,0.0,0.0,0.0,moderate,0.0,,0.0,0.0,0.0,,,,0.0,,0.0,0.0,,40018,[],,,0.0,0.0,0.75,0.0,regular,0.0,,10000.0,0.0,1.0,1.0,48.0,0.0,0.0,0.0,0.0
,,greedy_local_search,3175.553828239308,2,exp4:regular:c0.75:t0.75:r018,0.0,0.75,0.0,,,hardening:regular:r018,4,,,0.0,1.0,truthful resolved feasibility,,,0.0,9999.999999999996,Current feasibility,0.0,,0.0,0.0,0.0,0.0,0.0,moderate,0.0,,0.0,0.0,0.0,,,,0.0,,0.0,0.0,,40018,[],,,0.0,0.0,0.75,0.0,regular,0.0,,10000.0,0.0,1.0,1.0,48.0,0.0,0.0,0.0,0.0
,,greedy_local_search,3116.235950464716,2,exp4:regular:c0.75:t0.75:r019,1.0,0.75,928.8516108032442,,,hardening:regular:r019,4,,,493.2709570200225,1.0,catalog/geography,,,0.0,10000.000000000002,Catalog + geography,1.0,,0.0673781342881196,0.0,0.1580164014528122,14.063737317459186,66.48067284349963,moderate,52.41693552604045,,0.0619234407202162,619.2344072021629,52.41693552604045,,,,0.0,,619.2344072021629,0.005241693552604,,40019,"[""C000""]",,,1.0,0.0,0.75,619.2344072021627,regular,566.8174716761224,,9380.765592797838,73.54651465609989,1.0,0.0,48.0,943.5174956814768,629.0116637876515,0.9844561601185361,0.9844561601185357
,,greedy_local_search,3116.235950464716,2,exp4:regular:c0.75:t0.75:r019,1.0,0.75,928.8516108032442,,,hardening:regular:r019,4,,,493.2709570200225,1.0,truthful resolved feasibility,,,0.0,10000.000000000002,Current feasibility,1.0,,0.0673781342881196,0.0,0.1580164014528122,0.0,52.41693552604045,moderate,52.41693552604045,,0.0619234407202162,619.2344072021629,52.41693552604045,,,,0.0,,619.2344072021629,0.005241693552604,,40019,"[""C000""]",,,1.0,0.0,0.75,619.2344072021627,regular,566.8174716761224,,9380.765592797838,73.54651465609989,1.0,0.0,48.0,943.5174956814768,629.0116637876515,0.9844561601185361,0.9844561601185357
,,greedy_local_search,3173.5643698667427,2,exp4:regular:c0.75:t1.5:r000,0.0,0.75,0.0,,,hardening:regular:r000,4,,,0.0,1.0,catalog/geography,,,0.0,10000.000000000002,Catalog + geography,0.0,,0.0,0.0,0.0,0.0,0.0,moderate,0.0,,0.0,0.0,0.0,,,,0.0,,0.0,0.0,,40000,[],,,0.0,0.0,1.5,0.0,regular,0.0,,10000.0,0.0,1.0,1.0,48.0,0.0,0.0,0.0,0.0
,,greedy_local_search,3173.5643698667427,2,exp4:regular:c0.75:t1.5:r000,0.0,0.75,0.0,,,hardening:regular:r000,4,,,0.0,1.0,truthful resolved feasibility,,,0.0,10000.000000000002,Current feasibility,0.0,,0.0,0.0,0.0,0.0,0.0,moderate,0.0,,0.0,0.0,0.0,,,,0.0,,0.0,0.0,,40000,[],,,0.0,0.0,1.5,0.0,regular,0.0,,10000.0,0.0,1.0,1.0,48.0,0.0,0.0,0.0,0.0
,,greedy_local_search,3169.8463396134275,2,exp4:regular:c0.75:t1.5:r001,0.0,0.75,0.0,,,hardening:regular:r001,4,,,0.0,1.0,catalog/geography,,,0.0,9999.999999999998,Catalog + geography,0.0,,0.0,0.0,0.0,0.0,0.0,moderate,0.0,,0.0,0.0,0.0,,,,0.0,,0.0,0.0,,40001,[],,,0.0,0.0,1.5,0.0,regular,0.0,,10000.0,0.0,1.0,1.0,48.0,0.0,0.0,0.0,0.0
,,greedy_local_search,3169.8463396134275,2,exp4:regular:c0.75:t1.5:r001,0.0,0.75,0.0,,,hardening:regular:r001,4,,,0.0,1.0,truthful resolved feasibility,,,0.0,9999.999999999998,Current feasibility,0.0,,0.0,0.0,0.0,0.0,0.0,moderate,0.0,,0.0,0.0,0.0,,,,0.0,,0.0,0.0,,40001,[],,,0.0,0.0,1.5,0.0,regular,0.0,,10000.0,0.0,1.0,1.0,48.0,0.0,0.0,0.0,0.0
,,greedy_local_search,3160.6718778658683,2,exp4:regular:c0.75:t1.5:r002,0.0,0.75,0.0,,,hardening:regular:r002,4,,,0.0,1.0,catalog/geography,,,0.0,10000.000000000002,Catalog + geography,0.0,,0.0,0.0,0.0,0.0,0.0,moderate,0.0,,0.0,0.0,0.0,,,,0.0,,0.0,0.0,,40002,[],,,0.0,0.0,1.5,0.0,regular,0.0,,10000.000000000002,0.0,1.0,1.0,48.0,0.0,0.0,0.0,0.0
,,greedy_local_search,3160.6718778658683,2,exp4:regular:c0.75:t1.5:r002,0.0,0.75,0.0,,,hardening:regular:r002,4,,,0.0,1.0,truthful resolved feasibility,,,0.0,10000.000000000002,Current feasibility,0.0,,0.0,0.0,0.0,0.0,0.0,moderate,0.0,,0.0,0.0,0.0,,,,0.0,,0.0,0.0,,40002,[],,,0.0,0.0,1.5,0.0,regular,0.0,,10000.000000000002,0.0,1.0,1.0,48.0,0.0,0.0,0.0,0.0
,,greedy_local_search,3124.359200707915,2,exp4:regular:c0.75:t1.5:r003,3.0,0.75,1520.1270965528718,,,hardening:regular:r003,4,,,1584.488377363697,1.0,catalog/geography,,,0.0,10000.0,Catalog + geography,2.0,,0.0818088127207298,0.117323346750054,0.117323346750054,728.595867279568,52.08613470538603,moderate,-676.509732574182,,0.1013418064368581,1013.4180643685812,-676.509732574182,,,,0.0,,1013.4180643685812,-0.0676509732574182,,40003,"[""C000"", ""C001"", ""C002""]",,,3.0,0.0,1.5,1013.4180643685812,regular,1689.927796942763,,8986.58193563142,105.4394195790659,1.0,0.0,48.0,2723.887876032535,3631.8505013767135,0.5580725660290412,0.2790362830145206
,,greedy_local_search,3124.359200707915,2,exp4:regular:c0.75:t1.5:r003,1.0,0.75,933.05645833262,,,hardening:regular:r003,4,,,555.2961805279892,1.0,truthful resolved feasibility,,,0.0,10000.0,Current feasibility,1.0,,0.0778291250634579,0.0553750447264914,0.0389969597800663,0.0,3.198075210852039,moderate,3.198075210852039,,0.0622037638888413,622.0376388884133,3.198075210852039,,,,0.0,,622.0376388884133,0.0003198075210852,,40003,"[""C001""]",,,1.0,0.0,1.5,622.0376388884133,regular,618.8395636775613,,9377.962361111586,63.54338314957206,1.0,0.0,48.0,933.05645833262,1244.0752777768266,1.0,0.5
,,greedy_local_search,3114.147193190104,2,exp4:regular:c0.75:t1.5:r004,1.0,0.75,929.9912859619886,,,hardening:regular:r004,4,,,487.8726504020125,1.0,catalog/geography,,,0.0,10000.0,Catalog + geography,1.0,,0.0725512514484975,0.0579172738776915,0.0454015502755832,0.0129677532032701,69.07118630324806,moderate,69.05821855004478,,0.0619994190641325,619.9941906413258,69.05821855004478,,,,0.0,,619.9941906413258,0.0069058218550044,,40004,"[""C001""]",,,1.0,0.0,1.5,619.9941906413258,regular,550.935972091281,,9380.005809358676,63.06332168926844,1.0,0.0,48.0,929.9912859619885,1239.988381282651,1.0000000000000002,0.5000000000000002
,,greedy_local_search,3114.147193190104,2,exp4:regular:c0.75:t1.5:r004,1.0,0.75,929.9912859619886,,,hardening:regular:r004,4,,,487.8726504020125,1.0,truthful resolved feasibility,,,0.0,10000.0,Current feasibility,1.0,,0.0725512514484975,0.0579172738776915,0.0454015502755832,0.0,69.05821855004478,moderate,69.05821855004478,,0.0619994190641325,619.9941906413258,69.05821855004478,,,,0.0,,619.9941906413258,0.0069058218550044,,40004,"[""C001""]",,,1.0,0.0,1.5,619.9941906413258,regular,550.935972091281,,9380.005809358676,63.06332168926844,1.0,0.0,48.0,929.9912859619885,1239.988381282651,1.0000000000000002,0.5000000000000002
,,greedy_local_search,3198.861412389728,2,exp4:regular:c0.75:t1.5:r005,1.0,0.75,819.2847629539365,,,hardening:regular:r005,4,,,497.5412753591685,1.0,catalog/geography,,,0.0,9999.999999999996,Catalog + geography,1.0,,0.0856149718901243,0.0,0.0804612342318656,0.0018554441134028,0.9463079575732536,moderate,0.9444525134598508,,0.0546189841969291,546.189841969291,0.9444525134598508,,,,0.0,,546.189841969291,9.44452513459851e-05,,40005,"[""C001""]",,,1.0,0.0,1.5,546.189841969291,regular,545.2453894558312,,9453.810158030708,47.70411409666262,1.0,0.0,48.0,819.2847629539366,1092.3796839385818,0.9999999999999999,0.5000000000000001
,,greedy_local_search,3198.861412389728,2,exp4:regular:c0.75:t1.5:r005,1.0,0.75,819.2847629539365,,,hardening:regular:r005,4,,,497.5412753591685,1.0,truthful resolved feasibility,,,0.0,9999.999999999996,Current feasibility,1.0,,0.0856149718901243,0.0,0.0804612342318656,0.0,0.9444525134598508,moderate,0.9444525134598508,,0.0546189841969291,546.189841969291,0.9444525134598508,,,,0.0,,546.189841969291,9.44452513459851e-05,,40005,"[""C001""]",,,1.0,0.0,1.5,546.189841969291,regular,545.2453894558312,,9453.810158030708,47.70411409666262,1.0,0.0,48.0,819.2847629539366,1092.3796839385818,0.9999999999999999,0.5000000000000001
,,greedy_local_search,3122.879618156244,2,exp4:regular:c0.75:t1.5:r006,1.0,0.75,864.8088420121633,,,hardening:regular:r006,4,,,497.9541697089165,1.0,catalog/geography,,,0.0,10000.000000000002,Catalog + geography,1.0,,0.0701521798949298,0.0412919097908953,0.0581663671063955,0.0,19.098259862191867,moderate,19.098259862191867,,0.0576539228008108,576.5392280081089,19.098259862191867,,,,0.0,,576.5392280081089,0.0019098259862191,,40006,"[""C001""]",,,1.0,0.0,1.5,576.5392280081089,regular,557.440968145917,,9423.46077199189,59.48679843700048,1.0,0.0,48.0,864.8088420121634,1153.078456016218,0.9999999999999999,0.4999999999999999
,,greedy_local_search,3122.879618156244,2,exp4:regular:c0.75:t1.5:r006,1.0,0.75,864.8088420121633,,,hardening:regular:r006,4,,,497.9541697089165,1.0,truthful resolved feasibility,,,0.0,10000.000000000002,Current feasibility,1.0,,0.0701521798949298,0.0412919097908953,0.0581663671063955,0.0,19.098259862191867,moderate,19.098259862191867,,0.0576539228008108,576.5392280081089,19.098259862191867,,,,0.0,,576.5392280081089,0.0019098259862191,,40006,"[""C001""]",,,1.0,0.0,1.5,576.5392280081089,regular,557.440968145917,,9423.46077199189,59.48679843700048,1.0,0.0,48.0,864.8088420121634,1153.078456016218,0.9999999999999999,0.4999999999999999
,,greedy_local_search,3115.6062898195664,2,exp4:regular:c0.75:t1.5:r007,2.0,0.75,809.9115487318791,,,hardening:regular:r007,4,,,993.168741908976,1.0,catalog/geography,,,0.0,9999.999999999998,Catalog + geography,0.0,,0.0,0.1542688664251198,0.0,597.7103732744667,85.61133528616642,moderate,-512.0990379883003,,0.0539941032487919,539.9410324879193,-512.0990379883003,,,,0.0,,539.9410324879193,-0.05120990379883,,40007,"[""C000"", ""C002""]",,,2.0,498.51724735333175,1.5,539.9410324879193,regular,1052.0400704762196,,9460.05896751208,58.87132856724351,1.0,0.0,48.0,1787.6960781614932,2383.5947708819904,0.4530476732738656,0.22652383663693282
,,greedy_local_search,3115.6062898195664,2,exp4:regular:c0.75:t1.5:r007,0.0,0.75,0.0,,,hardening:regular:r007,4,,,0.0,1.0,truthful resolved feasibility,,,0.0,9999.999999999998,Current feasibility,0.0,,0.0,0.0,0.0,0.0,0.0,moderate,0.0,,0.0,0.0,0.0,,,,0.0,,0.0,0.0,,40007,[],,,0.0,0.0,1.5,0.0,regular,0.0,,10000.0,0.0,1.0,1.0,48.0,0.0,0.0,0.0,0.0
,,greedy_local_search,3204.768007661325,2,exp4:regular:c0.75:t1.5:r008,0.0,0.75,0.0,,,hardening:regular:r008,4,,,0.0,1.0,catalog/geography,,,0.0,9999.999999999998,Catalog + geography,0.0,,0.0,0.0,0.0,0.0,0.0,moderate,0.0,,0.0,0.0,0.0,,,,0.0,,0.0,0.0,,40008,[],,,0.0,0.0,1.5,0.0,regular,0.0,,10000.0,0.0,1.0,1.0,48.0,0.0,0.0,0.0,0.0
,,greedy_local_search,3204.768007661325,2,exp4:regular:c0.75:t1.5:r008,0.0,0.75,0.0,,,hardening:regular:r008,4,,,0.0,1.0,truthful resolved feasibility,,,0.0,9999.999999999998,Current feasibility,0.0,,0.0,0.0,0.0,0.0,0.0,moderate,0.0,,0.0,0.0,0.0,,,,0.0,,0.0,0.0,,40008,[],,,0.0,0.0,1.5,0.0,regular,0.0,,10000.0,0.0,1.0,1.0,48.0,0.0,0.0,0.0,0.0
,,greedy_local_search,3136.9553617898514,2,exp4:regular:c0.75:t1.5:r009,0.0,0.75,0.0,,,hardening:regular:r009,4,,,0.0,1.0,catalog/geography,,,0.0,9999.999999999998,Catalog + geography,0.0,,0.0,0.0,0.0,0.0,0.0,moderate,0.0,,0.0,0.0,0.0,,,,0.0,,0.0,0.0,,40009,[],,,0.0,0.0,1.5,0.0,regular,0.0,,10000.0,0.0,1.0,1.0,48.0,0.0,0.0,0.0,0.0
,,greedy_local_search,3136.9553617898514,2,exp4:regular:c0.75:t1.5:r009,0.0,0.75,0.0,,,hardening:regular:r009,4,,,0.0,1.0,truthful resolved feasibility,,,0.0,9999.999999999998,Current feasibility,0.0,,0.0,0.0,0.0,0.0,0.0,moderate,0.0,,0.0,0.0,0.0,,,,0.0,,0.0,0.0,,40009,[],,,0.0,0.0,1.5,0.0,regular,0.0,,10000.0,0.0,1.0,1.0,48.0,0.0,0.0,0.0,0.0
,,greedy_local_search,3156.668444536349,2,exp4:regular:c0.75:t1.5:r010,1.0,0.75,437.6641529991372,,,hardening:regular:r010,4,,,527.2752102898421,1.0,catalog/geography,,,0.0,10000.0,Catalog + geography,1.0,,0.0447753953572327,0.0,0.0451434114459388,269.6373433635053,9.51939937904524,moderate,-260.1179439844601,,0.0291776101999424,291.7761019994248,-260.1179439844601,,,,0.0,,291.7761019994248,-0.026011794398446,,40010,"[""C000""]",,,1.0,0.0,1.5,291.7761019994248,regular,551.8940459838849,,9708.223898000577,24.61883569404276,1.0,0.0,48.0,871.1038104146338,1161.4717472195118,0.5024247945727787,0.25121239728638933
,,greedy_local_search,3156.668444536349,2,exp4:regular:c0.75:t1.5:r010,0.0,0.75,0.0,,,hardening:regular:r010,4,,,0.0,1.0,truthful resolved feasibility,,,0.0,10000.0,Current feasibility,0.0,,0.0,0.0,0.0,0.0,0.0,moderate,0.0,,0.0,0.0,0.0,,,,0.0,,0.0,0.0,,40010,[],,,0.0,0.0,1.5,0.0,regular,0.0,,10000.0,0.0,1.0,1.0,48.0,0.0,0.0,0.0,0.0
,,greedy_local_search,3160.557603079724,2,exp4:regular:c0.75:t1.5:r011,1.0,0.75,940.5845974490314,,,hardening:regular:r011,4,,,511.4080736275979,1.0,catalog/geography,,,0.0,10000.000000000002,Catalog + geography,1.0,,0.0411051427211588,0.1263095017297541,0.0,4.552623003987833,56.63242652347242,moderate,52.079803519484585,,0.0627056398299354,627.0563982993543,52.079803519484585,,,,0.0,,627.0563982993542,0.0052079803519484,,40011,"[""C000""]",,,1.0,0.0,1.5,627.0563982993543,regular,574.9765947798696,,9372.943601700645,63.56852115227177,1.0,0.0,48.0,940.5845974490314,1254.112796598709,1.0,0.49999999999999983
,,greedy_local_search,3160.557603079724,2,exp4:regular:c0.75:t1.5:r011,1.0,0.75,940.5845974490314,,,hardening:regular:r011,4,,,511.4080736275979,1.0,truthful resolved feasibility,,,0.0,10000.000000000002,Current feasibility,1.0,,0.0411051427211588,0.1263095017297541,0.0,0.0,52.079803519484585,moderate,52.079803519484585,,0.0627056398299354,627.0563982993543,52.079803519484585,,,,0.0,,627.0563982993542,0.0052079803519484,,40011,"[""C000""]",,,1.0,0.0,1.5,627.0563982993543,regular,574.9765947798696,,9372.943601700645,63.56852115227177,1.0,0.0,48.0,940.5845974490314,1254.112796598709,1.0,0.49999999999999983
,,greedy_local_search,3192.099663508026,2,exp4:regular:c0.75:t1.5:r012,1.0,0.75,0.0,,,hardening:regular:r012,4,,,515.501052530843,1.0,catalog/geography,,,0.0,9999.999999999998,Catalog + geography,0.0,,0.0,0.0,0.0,574.55424268652,59.05319015567693,moderate,-515.501052530843,,0.0,0.0,-515.501052530843,,,,0.0,,0.0,-0.0515501052530843,,40012,"[""C002""]",,,1.0,515.501052530843,1.5,0.0,regular,515.501052530843,,10000.0,0.0,1.0,0.0,48.0,950.7583109970734,1267.6777479960977,0.0,0.0
,,greedy_local_search,3192.099663508026,2,exp4:regular:c0.75:t1.5:r012,0.0,0.75,0.0,,,hardening:regular:r012,4,,,0.0,1.0,truthful resolved feasibility,,,0.0,9999.999999999998,Current feasibility,0.0,,0.0,0.0,0.0,0.0,0.0,moderate,0.0,,0.0,0.0,0.0,,,,0.0,,0.0,0.0,,40012,[],,,0.0,0.0,1.5,0.0,regular,0.0,,10000.0,0.0,1.0,1.0,48.0,0.0,0.0,0.0,0.0
,,greedy_local_search,3184.1865156025765,2,exp4:regular:c0.75:t1.5:r013,0.0,0.75,0.0,,,hardening:regular:r013,4,,,0.0,1.0,catalog/geography,,,0.0,9999.999999999998,Catalog + geography,0.0,,0.0,0.0,0.0,0.0,0.0,moderate,0.0,,0.0,0.0,0.0,,,,0.0,,0.0,0.0,,40013,[],,,0.0,0.0,1.5,0.0,regular,0.0,,10000.0,0.0,1.0,1.0,48.0,0.0,0.0,0.0,0.0
,,greedy_local_search,3184.1865156025765,2,exp4:regular:c0.75:t1.5:r013,0.0,0.75,0.0,,,hardening:regular:r013,4,,,0.0,1.0,truthful resolved feasibility,,,0.0,9999.999999999998,Current feasibility,0.0,,0.0,0.0,0.0,0.0,0.0,moderate,0.0,,0.0,0.0,0.0,,,,0.0,,0.0,0.0,,40013,[],,,0.0,0.0,1.5,0.0,regular,0.0,,10000.0,0.0,1.0,1.0,48.0,0.0,0.0,0.0,0.0
,,greedy_local_search,3149.994846744082,2,exp4:regular:c0.75:t1.5:r014,0.0,0.75,0.0,,,hardening:regular:r014,4,,,0.0,1.0,catalog/geography,,,0.0,10000.0,Catalog + geography,0.0,,0.0,0.0,0.0,0.0,0.0,moderate,0.0,,0.0,0.0,0.0,,,,0.0,,0.0,0.0,,40014,[],,,0.0,0.0,1.5,0.0,regular,0.0,,10000.0,0.0,1.0,1.0,48.0,0.0,0.0,0.0,0.0
,,greedy_local_search,3149.994846744082,2,exp4:regular:c0.75:t1.5:r014,0.0,0.75,0.0,,,hardening:regular:r014,4,,,0.0,1.0,truthful resolved feasibility,,,0.0,10000.0,Current feasibility,0.0,,0.0,0.0,0.0,0.0,0.0,moderate,0.0,,0.0,0.0,0.0,,,,0.0,,0.0,0.0,,40014,[],,,0.0,0.0,1.5,0.0,regular,0.0,,10000.0,0.0,1.0,1.0,48.0,0.0,0.0,0.0,0.0
,,greedy_local_search,3157.5449359068625,2,exp4:regular:c0.75:t1.5:r015,1.0,0.75,817.0293204585278,,,hardening:regular:r015,4,,,528.9758746747087,1.0,catalog/geography,,,0.0,9999.999999999998,Catalog + geography,0.0,,0.0,0.155624632468291,0.0,41.79039938065296,16.60273516198754,moderate,-25.187664218665414,,0.0544686213639018,544.6862136390184,-25.187664218665414,,,,0.0,,544.6862136390184,-0.0025187664218665,,40015,"[""C000""]",,,1.0,0.0,1.5,544.6862136390184,regular,569.8738778576839,,9455.31378636098,40.89800318297512,1.0,0.0,48.0,883.6491894083516,1178.1989192111353,0.9246082384861019,0.4623041192430509
,,greedy_local_search,3157.5449359068625,2,exp4:regular:c0.75:t1.5:r015,0.0,0.75,0.0,,,hardening:regular:r015,4,,,0.0,1.0,truthful resolved feasibility,,,0.0,9999.999999999998,Current feasibility,0.0,,0.0,0.0,0.0,0.0,0.0,moderate,0.0,,0.0,0.0,0.0,,,,0.0,,0.0,0.0,,40015,[],,,0.0,0.0,1.5,0.0,regular,0.0,,10000.0,0.0,1.0,1.0,48.0,0.0,0.0,0.0,0.0
,,greedy_local_search,3157.122265676465,2,exp4:regular:c0.75:t1.5:r016,1.0,0.75,471.9741174547762,,,hardening:regular:r016,4,,,523.1664220556563,1.0,catalog/geography,,,0.0,10000.000000000002,Catalog + geography,1.0,,0.0,0.0426961684295064,0.0826064110666224,300.43646033956645,57.77307414654592,moderate,-242.66338619302053,,0.0314649411636517,314.64941163651747,-242.66338619302053,,,,0.0,,314.64941163651747,-0.024266338619302,,40016,"[""C002""]",,,1.0,0.0,1.5,314.64941163651747,regular,557.312797829538,,9685.350588363484,34.14637577388169,1.0,0.0,48.0,966.6846097632588,1288.912813017679,0.48824002439674996,0.2441200121983749
,,greedy_local_search,3157.122265676465,2,exp4:regular:c0.75:t1.5:r016,0.0,0.75,0.0,,,hardening:regular:r016,4,,,0.0,1.0,truthful resolved feasibility,,,0.0,10000.000000000002,Current feasibility,0.0,,0.0,0.0,0.0,0.0,0.0,moderate,0.0,,0.0,0.0,0.0,,,,0.0,,0.0,0.0,,40016,[],,,0.0,0.0,1.5,0.0,regular,0.0,,10000.0,0.0,1.0,1.0,48.0,0.0,0.0,0.0,0.0
,,greedy_local_search,3219.934328513683,2,exp4:regular:c0.75:t1.5:r017,1.0,0.75,544.504968400039,,,hardening:regular:r017,4,,,496.31564638755617,1.0,catalog/geography,,,0.0,10000.000000000002,Catalog + geography,1.0,,0.0463804057590116,0.0440832818146115,0.0,202.2442868873,33.468221614871254,moderate,-168.77606527242875,,0.0363003312266692,363.0033122666927,-168.77606527242875,,,,0.0,,363.0033122666927,-0.0168776065272428,,40017,"[""C002""]",,,1.0,0.0,1.5,363.0033122666927,regular,531.7793775391215,,9636.996687733306,35.463731151565334,1.0,0.0,48.0,869.7458361680757,1159.661114890768,0.6260506756767217,0.31302533783836073
,,greedy_local_search,3219.934328513683,2,exp4:regular:c0.75:t1.5:r017,0.0,0.75,0.0,,,hardening:regular:r017,4,,,0.0,1.0,truthful resolved feasibility,,,0.0,10000.000000000002,Current feasibility,0.0,,0.0,0.0,0.0,0.0,0.0,moderate,0.0,,0.0,0.0,0.0,,,,0.0,,0.0,0.0,,40017,[],,,0.0,0.0,1.5,0.0,regular,0.0,,10000.0,0.0,1.0,1.0,48.0,0.0,0.0,0.0,0.0
,,greedy_local_search,3175.553828239308,2,exp4:regular:c0.75:t1.5:r018,0.0,0.75,0.0,,,hardening:regular:r018,4,,,0.0,1.0,catalog/geography,,,0.0,9999.999999999996,Catalog + geography,0.0,,0.0,0.0,0.0,0.0,0.0,moderate,0.0,,0.0,0.0,0.0,,,,0.0,,0.0,0.0,,40018,[],,,0.0,0.0,1.5,0.0,regular,0.0,,10000.0,0.0,1.0,1.0,48.0,0.0,0.0,0.0,0.0
,,greedy_local_search,3175.553828239308,2,exp4:regular:c0.75:t1.5:r018,0.0,0.75,0.0,,,hardening:regular:r018,4,,,0.0,1.0,truthful resolved feasibility,,,0.0,9999.999999999996,Current feasibility,0.0,,0.0,0.0,0.0,0.0,0.0,moderate,0.0,,0.0,0.0,0.0,,,,0.0,,0.0,0.0,,40018,[],,,0.0,0.0,1.5,0.0,regular,0.0,,10000.0,0.0,1.0,1.0,48.0,0.0,0.0,0.0,0.0
,,greedy_local_search,3116.235950464716,2,exp4:regular:c0.75:t1.5:r019,1.0,0.75,943.5174956814768,,,hardening:regular:r019,4,,,493.2709570200225,1.0,catalog/geography,,,0.0,10000.000000000002,Catalog + geography,1.0,,0.0857419291837429,0.0,0.1215864912304039,5.189810351470669,66.48067284349952,moderate,61.29086249202885,,0.0629011663787651,629.0116637876511,61.29086249202885,,,,0.0,,629.0116637876511,0.0061290862492028,,40019,"[""C000""]",,,1.0,0.0,1.5,629.0116637876512,regular,567.7208012956222,,9370.98833621235,74.44984427559974,1.0,0.0,48.0,943.5174956814768,1258.023327575303,1.0,0.4999999999999997
,,greedy_local_search,3116.235950464716,2,exp4:regular:c0.75:t1.5:r019,1.0,0.75,943.5174956814768,,,hardening:regular:r019,4,,,493.2709570200225,1.0,truthful resolved feasibility,,,0.0,10000.000000000002,Current feasibility,1.0,,0.0857419291837429,0.0,0.1215864912304039,0.0,61.29086249202885,moderate,61.29086249202885,,0.0629011663787651,629.0116637876511,61.29086249202885,,,,0.0,,629.0116637876511,0.0061290862492028,,40019,"[""C000""]",,,1.0,0.0,1.5,629.0116637876512,regular,567.7208012956222,,9370.98833621235,74.44984427559974,1.0,0.0,48.0,943.5174956814768,1258.023327575303,1.0,0.4999999999999997
,,greedy_local_search,3173.5643698667427,2,exp4:regular:c0.75:t3.0:r000,0.0,0.75,0.0,,,hardening:regular:r000,4,,,0.0,1.0,catalog/geography,,,0.0,10000.000000000002,Catalog + geography,0.0,,0.0,0.0,0.0,0.0,0.0,moderate,0.0,,0.0,0.0,0.0,,,,0.0,,0.0,0.0,,40000,[],,,0.0,0.0,3.0,0.0,regular,0.0,,10000.0,0.0,1.0,1.0,48.0,0.0,0.0,0.0,0.0
,,greedy_local_search,3173.5643698667427,2,exp4:regular:c0.75:t3.0:r000,0.0,0.75,0.0,,,hardening:regular:r000,4,,,0.0,1.0,truthful resolved feasibility,,,0.0,10000.000000000002,Current feasibility,0.0,,0.0,0.0,0.0,0.0,0.0,moderate,0.0,,0.0,0.0,0.0,,,,0.0,,0.0,0.0,,40000,[],,,0.0,0.0,3.0,0.0,regular,0.0,,10000.0,0.0,1.0,1.0,48.0,0.0,0.0,0.0,0.0
,,greedy_local_search,3169.8463396134275,2,exp4:regular:c0.75:t3.0:r001,0.0,0.75,0.0,,,hardening:regular:r001,4,,,0.0,1.0,catalog/geography,,,0.0,9999.999999999998,Catalog + geography,0.0,,0.0,0.0,0.0,0.0,0.0,moderate,0.0,,0.0,0.0,0.0,,,,0.0,,0.0,0.0,,40001,[],,,0.0,0.0,3.0,0.0,regular,0.0,,10000.0,0.0,1.0,1.0,48.0,0.0,0.0,0.0,0.0
,,greedy_local_search,3169.8463396134275,2,exp4:regular:c0.75:t3.0:r001,0.0,0.75,0.0,,,hardening:regular:r001,4,,,0.0,1.0,truthful resolved feasibility,,,0.0,9999.999999999998,Current feasibility,0.0,,0.0,0.0,0.0,0.0,0.0,moderate,0.0,,0.0,0.0,0.0,,,,0.0,,0.0,0.0,,40001,[],,,0.0,0.0,3.0,0.0,regular,0.0,,10000.0,0.0,1.0,1.0,48.0,0.0,0.0,0.0,0.0
,,greedy_local_search,3160.6718778658683,2,exp4:regular:c0.75:t3.0:r002,0.0,0.75,0.0,,,hardening:regular:r002,4,,,0.0,1.0,catalog/geography,,,0.0,10000.000000000002,Catalog + geography,0.0,,0.0,0.0,0.0,0.0,0.0,moderate,0.0,,0.0,0.0,0.0,,,,0.0,,0.0,0.0,,40002,[],,,0.0,0.0,3.0,0.0,regular,0.0,,10000.000000000002,0.0,1.0,1.0,48.0,0.0,0.0,0.0,0.0
,,greedy_local_search,3160.6718778658683,2,exp4:regular:c0.75:t3.0:r002,0.0,0.75,0.0,,,hardening:regular:r002,4,,,0.0,1.0,truthful resolved feasibility,,,0.0,10000.000000000002,Current feasibility,0.0,,0.0,0.0,0.0,0.0,0.0,moderate,0.0,,0.0,0.0,0.0,,,,0.0,,0.0,0.0,,40002,[],,,0.0,0.0,3.0,0.0,regular,0.0,,10000.000000000002,0.0,1.0,1.0,48.0,0.0,0.0,0.0,0.0
,,greedy_local_search,3124.359200707915,2,exp4:regular:c0.75:t3.0:r003,3.0,0.75,1520.1270965528718,,,hardening:regular:r003,4,,,1584.488377363697,1.0,catalog/geography,,,0.0,10000.0,Catalog + geography,2.0,,0.0818088127207298,0.117323346750054,0.117323346750054,728.595867279568,52.08613470538603,moderate,-676.509732574182,,0.1013418064368581,1013.4180643685812,-676.509732574182,,,,0.0,,1013.4180643685812,-0.0676509732574182,,40003,"[""C000"", ""C001"", ""C002""]",,,3.0,0.0,3.0,1013.4180643685812,regular,1689.927796942763,,8986.58193563142,105.4394195790659,1.0,0.0,48.0,2723.887876032535,7263.701002753427,0.5580725660290412,0.1395181415072603
,,greedy_local_search,3124.359200707915,2,exp4:regular:c0.75:t3.0:r003,1.0,0.75,933.05645833262,,,hardening:regular:r003,4,,,555.2961805279892,1.0,truthful resolved feasibility,,,0.0,10000.0,Current feasibility,1.0,,0.0778291250634579,0.0553750447264914,0.0389969597800663,0.0,3.198075210852039,moderate,3.198075210852039,,0.0622037638888413,622.0376388884133,3.198075210852039,,,,0.0,,622.0376388884133,0.0003198075210852,,40003,"[""C001""]",,,1.0,0.0,3.0,622.0376388884133,regular,618.8395636775613,,9377.962361111586,63.54338314957206,1.0,0.0,48.0,933.05645833262,2488.1505555536532,1.0,0.25
,,greedy_local_search,3114.147193190104,2,exp4:regular:c0.75:t3.0:r004,1.0,0.75,929.9912859619886,,,hardening:regular:r004,4,,,487.8726504020125,1.0,catalog/geography,,,0.0,10000.0,Catalog + geography,1.0,,0.0822857031390262,0.0454015502755832,0.0454015502755832,0.0,69.07118630324806,moderate,69.07118630324806,,0.0619994190641325,619.9941906413258,69.07118630324806,,,,0.0,,619.9941906413258,0.0069071186303248,,40004,"[""C001""]",,,1.0,0.0,3.0,619.9941906413259,regular,550.9230043380777,,9380.005809358676,63.05035393606527,1.0,0.0,48.0,929.9912859619885,2479.976762565302,1.0000000000000002,0.2500000000000001
,,greedy_local_search,3114.147193190104,2,exp4:regular:c0.75:t3.0:r004,1.0,0.75,929.9912859619886,,,hardening:regular:r004,4,,,487.8726504020125,1.0,truthful resolved feasibility,,,0.0,10000.0,Current feasibility,1.0,,0.0822857031390262,0.0454015502755832,0.0454015502755832,0.0,69.07118630324806,moderate,69.07118630324806,,0.0619994190641325,619.9941906413258,69.07118630324806,,,,0.0,,619.9941906413258,0.0069071186303248,,40004,"[""C001""]",,,1.0,0.0,3.0,619.9941906413259,regular,550.9230043380777,,9380.005809358676,63.05035393606527,1.0,0.0,48.0,929.9912859619885,2479.976762565302,1.0000000000000002,0.2500000000000001
,,greedy_local_search,3198.861412389728,2,exp4:regular:c0.75:t3.0:r005,1.0,0.75,819.2847629539365,,,hardening:regular:r005,4,,,497.5412753591685,1.0,catalog/geography,,,0.0,9999.999999999996,Catalog + geography,1.0,,0.0856149718901243,0.0,0.0804612342318656,0.0018554441134028,0.9463079575732536,moderate,0.9444525134598508,,0.0546189841969291,546.189841969291,0.9444525134598508,,,,0.0,,546.189841969291,9.44452513459851e-05,,40005,"[""C001""]",,,1.0,0.0,3.0,546.189841969291,regular,545.2453894558312,,9453.810158030708,47.70411409666262,1.0,0.0,48.0,819.2847629539366,2184.7593678771636,0.9999999999999999,0.25000000000000006
,,greedy_local_search,3198.861412389728,2,exp4:regular:c0.75:t3.0:r005,1.0,0.75,819.2847629539365,,,hardening:regular:r005,4,,,497.5412753591685,1.0,truthful resolved feasibility,,,0.0,9999.999999999996,Current feasibility,1.0,,0.0856149718901243,0.0,0.0804612342318656,0.0,0.9444525134598508,moderate,0.9444525134598508,,0.0546189841969291,546.189841969291,0.9444525134598508,,,,0.0,,546.189841969291,9.44452513459851e-05,,40005,"[""C001""]",,,1.0,0.0,3.0,546.189841969291,regular,545.2453894558312,,9453.810158030708,47.70411409666262,1.0,0.0,48.0,819.2847629539366,2184.7593678771636,0.9999999999999999,0.25000000000000006
,,greedy_local_search,3122.879618156244,2,exp4:regular:c0.75:t3.0:r006,1.0,0.75,864.8088420121633,,,hardening:regular:r006,4,,,497.9541697089165,1.0,catalog/geography,,,0.0,10000.000000000002,Catalog + geography,1.0,,0.0776519387018187,0.0412919097908953,0.0412919097908953,0.0,19.098259862191867,moderate,19.098259862191867,,0.0576539228008108,576.5392280081089,19.098259862191867,,,,0.0,,576.5392280081089,0.0019098259862191,,40006,"[""C001""]",,,1.0,0.0,3.0,576.5392280081089,regular,557.440968145917,,9423.46077199189,59.48679843700048,1.0,0.0,48.0,864.8088420121634,2306.156912032436,0.9999999999999999,0.24999999999999994
,,greedy_local_search,3122.879618156244,2,exp4:regular:c0.75:t3.0:r006,1.0,0.75,864.8088420121633,,,hardening:regular:r006,4,,,497.9541697089165,1.0,truthful resolved feasibility,,,0.0,10000.000000000002,Current feasibility,1.0,,0.0776519387018187,0.0412919097908953,0.0412919097908953,0.0,19.098259862191867,moderate,19.098259862191867,,0.0576539228008108,576.5392280081089,19.098259862191867,,,,0.0,,576.5392280081089,0.0019098259862191,,40006,"[""C001""]",,,1.0,0.0,3.0,576.5392280081089,regular,557.440968145917,,9423.46077199189,59.48679843700048,1.0,0.0,48.0,864.8088420121634,2306.156912032436,0.9999999999999999,0.24999999999999994
,,greedy_local_search,3115.6062898195664,2,exp4:regular:c0.75:t3.0:r007,2.0,0.75,909.5432866305476,,,hardening:regular:r007,4,,,993.168741908976,1.0,catalog/geography,,,0.0,9999.999999999998,Catalog + geography,0.0,,0.0,0.1732463403105805,0.0,538.788234548546,85.62268059917528,moderate,-453.1655539493708,,0.0606362191087031,606.3621910870316,-453.1655539493708,,,,0.0,,606.3621910870316,-0.045316555394937,,40007,"[""C000"", ""C002""]",,,2.0,498.51724735333175,3.0,606.3621910870316,regular,1059.5277450364024,,9393.637808912968,66.35900312742639,1.0,0.0,48.0,1787.6960781614932,4767.189541763981,0.5087795950002544,0.1271948987500636
,,greedy_local_search,3115.6062898195664,2,exp4:regular:c0.75:t3.0:r007,1.0,0.75,909.5432866305476,,,hardening:regular:r007,4,,,494.65149455564426,1.0,truthful resolved feasibility,,,0.0,9999.999999999998,Current feasibility,0.0,,0.0,0.1732463403105805,0.0,0.0,45.35169340396101,moderate,45.35169340396101,,0.0606362191087031,606.3621910870316,45.35169340396101,,,,0.0,,606.3621910870316,0.0045351693403961,,40007,"[""C002""]",,,1.0,0.0,3.0,606.3621910870316,regular,561.0104976830706,,9393.637808912968,66.35900312742639,1.0,0.0,48.0,909.5432866305475,2425.448764348126,1.0000000000000002,0.25000000000000006
,,greedy_local_search,3204.768007661325,2,exp4:regular:c0.75:t3.0:r008,0.0,0.75,0.0,,,hardening:regular:r008,4,,,0.0,1.0,catalog/geography,,,0.0,9999.999999999998,Catalog + geography,0.0,,0.0,0.0,0.0,0.0,0.0,moderate,0.0,,0.0,0.0,0.0,,,,0.0,,0.0,0.0,,40008,[],,,0.0,0.0,3.0,0.0,regular,0.0,,10000.0,0.0,1.0,1.0,48.0,0.0,0.0,0.0,0.0
,,greedy_local_search,3204.768007661325,2,exp4:regular:c0.75:t3.0:r008,0.0,0.75,0.0,,,hardening:regular:r008,4,,,0.0,1.0,truthful resolved feasibility,,,0.0,9999.999999999998,Current feasibility,0.0,,0.0,0.0,0.0,0.0,0.0,moderate,0.0,,0.0,0.0,0.0,,,,0.0,,0.0,0.0,,40008,[],,,0.0,0.0,3.0,0.0,regular,0.0,,10000.0,0.0,1.0,1.0,48.0,0.0,0.0,0.0,0.0
,,greedy_local_search,3136.9553617898514,2,exp4:regular:c0.75:t3.0:r009,0.0,0.75,0.0,,,hardening:regular:r009,4,,,0.0,1.0,catalog/geography,,,0.0,9999.999999999998,Catalog + geography,0.0,,0.0,0.0,0.0,0.0,0.0,moderate,0.0,,0.0,0.0,0.0,,,,0.0,,0.0,0.0,,40009,[],,,0.0,0.0,3.0,0.0,regular,0.0,,10000.0,0.0,1.0,1.0,48.0,0.0,0.0,0.0,0.0
,,greedy_local_search,3136.9553617898514,2,exp4:regular:c0.75:t3.0:r009,0.0,0.75,0.0,,,hardening:regular:r009,4,,,0.0,1.0,truthful resolved feasibility,,,0.0,9999.999999999998,Current feasibility,0.0,,0.0,0.0,0.0,0.0,0.0,moderate,0.0,,0.0,0.0,0.0,,,,0.0,,0.0,0.0,,40009,[],,,0.0,0.0,3.0,0.0,regular,0.0,,10000.0,0.0,1.0,1.0,48.0,0.0,0.0,0.0,0.0
,,greedy_local_search,3156.668444536349,2,exp4:regular:c0.75:t3.0:r010,1.0,0.75,437.6641529991372,,,hardening:regular:r010,4,,,527.2752102898421,1.0,catalog/geography,,,0.0,10000.0,Catalog + geography,1.0,,0.0447753953572327,0.0,0.0451434114459388,269.63734336350547,9.519399379045351,moderate,-260.1179439844601,,0.0291776101999424,291.7761019994248,-260.1179439844601,,,,0.0,,291.7761019994248,-0.026011794398446,,40010,"[""C000""]",,,1.0,0.0,3.0,291.7761019994248,regular,551.8940459838849,,9708.223898000577,24.61883569404276,1.0,0.0,48.0,871.1038104146338,2322.9434944390237,0.5024247945727787,0.12560619864319467
,,greedy_local_search,3156.668444536349,2,exp4:regular:c0.75:t3.0:r010,0.0,0.75,0.0,,,hardening:regular:r010,4,,,0.0,1.0,truthful resolved feasibility,,,0.0,10000.0,Current feasibility,0.0,,0.0,0.0,0.0,0.0,0.0,moderate,0.0,,0.0,0.0,0.0,,,,0.0,,0.0,0.0,,40010,[],,,0.0,0.0,3.0,0.0,regular,0.0,,10000.0,0.0,1.0,1.0,48.0,0.0,0.0,0.0,0.0
,,greedy_local_search,3160.557603079724,2,exp4:regular:c0.75:t3.0:r011,1.0,0.75,940.5845974490314,,,hardening:regular:r011,4,,,511.4080736275979,1.0,catalog/geography,,,0.0,10000.000000000002,Catalog + geography,1.0,,0.0066801518672961,0.1705702042561489,0.0,4.552623003987719,56.632426523472304,moderate,52.079803519484585,,0.0627056398299354,627.0563982993542,52.079803519484585,,,,0.0,,627.0563982993542,0.0052079803519484,,40011,"[""C000""]",,,1.0,0.0,3.0,627.0563982993542,regular,574.9765947798696,,9372.943601700645,63.56852115227177,1.0,0.0,48.0,940.5845974490314,2508.225593197418,1.0,0.24999999999999986
,,greedy_local_search,3160.557603079724,2,exp4:regular:c0.75:t3.0:r011,1.0,0.75,940.5845974490314,,,hardening:regular:r011,4,,,511.4080736275979,1.0,truthful resolved feasibility,,,0.0,10000.000000000002,Current feasibility,1.0,,0.0066801518672961,0.1705702042561489,0.0,0.0,52.079803519484585,moderate,52.079803519484585,,0.0627056398299354,627.0563982993542,52.079803519484585,,,,0.0,,627.0563982993542,0.0052079803519484,,40011,"[""C000""]",,,1.0,0.0,3.0,627.0563982993542,regular,574.9765947798696,,9372.943601700645,63.56852115227177,1.0,0.0,48.0,940.5845974490314,2508.225593197418,1.0,0.24999999999999986
,,greedy_local_search,3192.099663508026,2,exp4:regular:c0.75:t3.0:r012,1.0,0.75,0.0,,,hardening:regular:r012,4,,,515.501052530843,1.0,catalog/geography,,,0.0,9999.999999999998,Catalog + geography,0.0,,0.0,0.0,0.0,574.55424268652,59.05319015567693,moderate,-515.501052530843,,0.0,0.0,-515.501052530843,,,,0.0,,0.0,-0.0515501052530843,,40012,"[""C002""]",,,1.0,515.501052530843,3.0,0.0,regular,515.501052530843,,10000.0,0.0,1.0,0.0,48.0,950.7583109970734,2535.3554959921953,0.0,0.0
,,greedy_local_search,3192.099663508026,2,exp4:regular:c0.75:t3.0:r012,0.0,0.75,0.0,,,hardening:regular:r012,4,,,0.0,1.0,truthful resolved feasibility,,,0.0,9999.999999999998,Current feasibility,0.0,,0.0,0.0,0.0,0.0,0.0,moderate,0.0,,0.0,0.0,0.0,,,,0.0,,0.0,0.0,,40012,[],,,0.0,0.0,3.0,0.0,regular,0.0,,10000.0,0.0,1.0,1.0,48.0,0.0,0.0,0.0,0.0
,,greedy_local_search,3184.1865156025765,2,exp4:regular:c0.75:t3.0:r013,0.0,0.75,0.0,,,hardening:regular:r013,4,,,0.0,1.0,catalog/geography,,,0.0,9999.999999999998,Catalog + geography,0.0,,0.0,0.0,0.0,0.0,0.0,moderate,0.0,,0.0,0.0,0.0,,,,0.0,,0.0,0.0,,40013,[],,,0.0,0.0,3.0,0.0,regular,0.0,,10000.0,0.0,1.0,1.0,48.0,0.0,0.0,0.0,0.0
,,greedy_local_search,3184.1865156025765,2,exp4:regular:c0.75:t3.0:r013,0.0,0.75,0.0,,,hardening:regular:r013,4,,,0.0,1.0,truthful resolved feasibility,,,0.0,9999.999999999998,Current feasibility,0.0,,0.0,0.0,0.0,0.0,0.0,moderate,0.0,,0.0,0.0,0.0,,,,0.0,,0.0,0.0,,40013,[],,,0.0,0.0,3.0,0.0,regular,0.0,,10000.0,0.0,1.0,1.0,48.0,0.0,0.0,0.0,0.0
,,greedy_local_search,3149.994846744082,2,exp4:regular:c0.75:t3.0:r014,0.0,0.75,0.0,,,hardening:regular:r014,4,,,0.0,1.0,catalog/geography,,,0.0,10000.0,Catalog + geography,0.0,,0.0,0.0,0.0,0.0,0.0,moderate,0.0,,0.0,0.0,0.0,,,,0.0,,0.0,0.0,,40014,[],,,0.0,0.0,3.0,0.0,regular,0.0,,10000.0,0.0,1.0,1.0,48.0,0.0,0.0,0.0,0.0
,,greedy_local_search,3149.994846744082,2,exp4:regular:c0.75:t3.0:r014,0.0,0.75,0.0,,,hardening:regular:r014,4,,,0.0,1.0,truthful resolved feasibility,,,0.0,10000.0,Current feasibility,0.0,,0.0,0.0,0.0,0.0,0.0,moderate,0.0,,0.0,0.0,0.0,,,,0.0,,0.0,0.0,,40014,[],,,0.0,0.0,3.0,0.0,regular,0.0,,10000.0,0.0,1.0,1.0,48.0,0.0,0.0,0.0,0.0
,,greedy_local_search,3157.5449359068625,2,exp4:regular:c0.75:t3.0:r015,1.0,0.75,883.6491894083515,,,hardening:regular:r015,4,,,528.9758746747087,1.0,catalog/geography,,,0.0,9999.999999999998,Catalog + geography,0.0,,0.0,0.1683141313158765,0.0,0.9235613251752284,16.602735161987766,moderate,15.679173836812538,,0.0589099459605567,589.0994596055677,15.679173836812538,,,,0.0,,589.0994596055677,0.0015679173836812,,40015,"[""C000""]",,,1.0,0.0,3.0,589.0994596055677,regular,573.4202857687552,,9410.900540394432,44.4444110940465,1.0,0.0,48.0,883.6491894083516,2356.3978384222705,0.9999999999999999,0.25000000000000006
,,greedy_local_search,3157.5449359068625,2,exp4:regular:c0.75:t3.0:r015,1.0,0.75,883.6491894083515,,,hardening:regular:r015,4,,,528.9758746747087,1.0,truthful resolved feasibility,,,0.0,9999.999999999998,Current feasibility,0.0,,0.0,0.1683141313158765,0.0,0.0,15.679173836812538,moderate,15.679173836812538,,0.0589099459605567,589.0994596055677,15.679173836812538,,,,0.0,,589.0994596055677,0.0015679173836812,,40015,"[""C000""]",,,1.0,0.0,3.0,589.0994596055677,regular,573.4202857687552,,9410.900540394432,44.4444110940465,1.0,0.0,48.0,883.6491894083516,2356.3978384222705,0.9999999999999999,0.25000000000000006
,,greedy_local_search,3157.122265676465,2,exp4:regular:c0.75:t3.0:r016,1.0,0.75,471.9741174547762,,,hardening:regular:r016,4,,,523.1664220556563,1.0,catalog/geography,,,0.0,10000.000000000002,Catalog + geography,1.0,,0.0,0.0426961684295064,0.0826064110666224,300.43646033956645,57.77307414654592,moderate,-242.66338619302053,,0.0314649411636517,314.64941163651747,-242.66338619302053,,,,0.0,,314.64941163651747,-0.024266338619302,,40016,"[""C002""]",,,1.0,0.0,3.0,314.64941163651747,regular,557.312797829538,,9685.350588363484,34.14637577388169,1.0,0.0,48.0,966.6846097632588,2577.825626035358,0.48824002439674996,0.12206000609918745
,,greedy_local_search,3157.122265676465,2,exp4:regular:c0.75:t3.0:r016,0.0,0.75,0.0,,,hardening:regular:r016,4,,,0.0,1.0,truthful resolved feasibility,,,0.0,10000.000000000002,Current feasibility,0.0,,0.0,0.0,0.0,0.0,0.0,moderate,0.0,,0.0,0.0,0.0,,,,0.0,,0.0,0.0,,40016,[],,,0.0,0.0,3.0,0.0,regular,0.0,,10000.0,0.0,1.0,1.0,48.0,0.0,0.0,0.0,0.0
,,greedy_local_search,3219.934328513683,2,exp4:regular:c0.75:t3.0:r017,1.0,0.75,544.504968400039,,,hardening:regular:r017,4,,,496.31564638755617,1.0,catalog/geography,,,0.0,10000.000000000002,Catalog + geography,1.0,,0.0463804057590116,0.0440832818146115,0.0,202.2442868873,33.468221614871254,moderate,-168.77606527242875,,0.0363003312266692,363.0033122666927,-168.77606527242875,,,,0.0,,363.0033122666927,-0.0168776065272428,,40017,"[""C002""]",,,1.0,0.0,3.0,363.0033122666927,regular,531.7793775391215,,9636.996687733306,35.463731151565334,1.0,0.0,48.0,869.7458361680757,2319.322229781536,0.6260506756767217,0.15651266891918036
,,greedy_local_search,3219.934328513683,2,exp4:regular:c0.75:t3.0:r017,0.0,0.75,0.0,,,hardening:regular:r017,4,,,0.0,1.0,truthful resolved feasibility,,,0.0,10000.000000000002,Current feasibility,0.0,,0.0,0.0,0.0,0.0,0.0,moderate,0.0,,0.0,0.0,0.0,,,,0.0,,0.0,0.0,,40017,[],,,0.0,0.0,3.0,0.0,regular,0.0,,10000.0,0.0,1.0,1.0,48.0,0.0,0.0,0.0,0.0
,,greedy_local_search,3175.553828239308,2,exp4:regular:c0.75:t3.0:r018,0.0,0.75,0.0,,,hardening:regular:r018,4,,,0.0,1.0,catalog/geography,,,0.0,9999.999999999996,Catalog + geography,0.0,,0.0,0.0,0.0,0.0,0.0,moderate,0.0,,0.0,0.0,0.0,,,,0.0,,0.0,0.0,,40018,[],,,0.0,0.0,3.0,0.0,regular,0.0,,10000.0,0.0,1.0,1.0,48.0,0.0,0.0,0.0,0.0
,,greedy_local_search,3175.553828239308,2,exp4:regular:c0.75:t3.0:r018,0.0,0.75,0.0,,,hardening:regular:r018,4,,,0.0,1.0,truthful resolved feasibility,,,0.0,9999.999999999996,Current feasibility,0.0,,0.0,0.0,0.0,0.0,0.0,moderate,0.0,,0.0,0.0,0.0,,,,0.0,,0.0,0.0,,40018,[],,,0.0,0.0,3.0,0.0,regular,0.0,,10000.0,0.0,1.0,1.0,48.0,0.0,0.0,0.0,0.0
,,greedy_local_search,3116.235950464716,2,exp4:regular:c0.75:t3.0:r019,1.0,0.75,943.5174956814768,,,hardening:regular:r019,4,,,493.2709570200225,1.0,catalog/geography,,,0.0,10000.000000000002,Catalog + geography,1.0,,0.0857419291837429,0.0,0.1215864912304039,5.189810351470669,66.48067284349952,moderate,61.29086249202885,,0.0629011663787651,629.0116637876511,61.29086249202885,,,,0.0,,629.0116637876511,0.0061290862492028,,40019,"[""C000""]",,,1.0,0.0,3.0,629.0116637876512,regular,567.7208012956222,,9370.98833621235,74.44984427559974,1.0,0.0,48.0,943.5174956814768,2516.046655150606,1.0,0.24999999999999986
,,greedy_local_search,3116.235950464716,2,exp4:regular:c0.75:t3.0:r019,1.0,0.75,943.5174956814768,,,hardening:regular:r019,4,,,493.2709570200225,1.0,truthful resolved feasibility,,,0.0,10000.000000000002,Current feasibility,1.0,,0.0857419291837429,0.0,0.1215864912304039,0.0,61.29086249202885,moderate,61.29086249202885,,0.0629011663787651,629.0116637876511,61.29086249202885,,,,0.0,,629.0116637876511,0.0061290862492028,,40019,"[""C000""]",,,1.0,0.0,3.0,629.0116637876512,regular,567.7208012956222,,9370.98833621235,74.44984427559974,1.0,0.0,48.0,943.5174956814768,2516.046655150606,1.0,0.24999999999999986
,,greedy_local_search,3173.5643698667427,2,exp4:regular:c1.5:t0.75:r000,0.0,1.5,0.0,,,hardening:regular:r000,4,,,0.0,1.0,catalog/geography,,,0.0,10000.000000000002,Catalog + geography,0.0,,0.0,0.0,0.0,0.0,0.0,moderate,0.0,,0.0,0.0,0.0,,,,0.0,,0.0,0.0,,40000,[],,,0.0,0.0,0.75,0.0,regular,0.0,,10000.0,0.0,1.0,1.0,48.0,0.0,0.0,0.0,0.0
,,greedy_local_search,3173.5643698667427,2,exp4:regular:c1.5:t0.75:r000,0.0,1.5,0.0,,,hardening:regular:r000,4,,,0.0,1.0,truthful resolved feasibility,,,0.0,10000.000000000002,Current feasibility,0.0,,0.0,0.0,0.0,0.0,0.0,moderate,0.0,,0.0,0.0,0.0,,,,0.0,,0.0,0.0,,40000,[],,,0.0,0.0,0.75,0.0,regular,0.0,,10000.0,0.0,1.0,1.0,48.0,0.0,0.0,0.0,0.0
,,greedy_local_search,3169.8463396134275,2,exp4:regular:c1.5:t0.75:r001,0.0,1.5,0.0,,,hardening:regular:r001,4,,,0.0,1.0,catalog/geography,,,0.0,9999.999999999998,Catalog + geography,0.0,,0.0,0.0,0.0,0.0,0.0,moderate,0.0,,0.0,0.0,0.0,,,,0.0,,0.0,0.0,,40001,[],,,0.0,0.0,0.75,0.0,regular,0.0,,10000.0,0.0,1.0,1.0,48.0,0.0,0.0,0.0,0.0
,,greedy_local_search,3169.8463396134275,2,exp4:regular:c1.5:t0.75:r001,0.0,1.5,0.0,,,hardening:regular:r001,4,,,0.0,1.0,truthful resolved feasibility,,,0.0,9999.999999999998,Current feasibility,0.0,,0.0,0.0,0.0,0.0,0.0,moderate,0.0,,0.0,0.0,0.0,,,,0.0,,0.0,0.0,,40001,[],,,0.0,0.0,0.75,0.0,regular,0.0,,10000.0,0.0,1.0,1.0,48.0,0.0,0.0,0.0,0.0
,,greedy_local_search,3160.6718778658683,2,exp4:regular:c1.5:t0.75:r002,0.0,1.5,0.0,,,hardening:regular:r002,4,,,0.0,1.0,catalog/geography,,,0.0,10000.000000000002,Catalog + geography,0.0,,0.0,0.0,0.0,0.0,0.0,moderate,0.0,,0.0,0.0,0.0,,,,0.0,,0.0,0.0,,40002,[],,,0.0,0.0,0.75,0.0,regular,0.0,,10000.000000000002,0.0,1.0,1.0,48.0,0.0,0.0,0.0,0.0
,,greedy_local_search,3160.6718778658683,2,exp4:regular:c1.5:t0.75:r002,0.0,1.5,0.0,,,hardening:regular:r002,4,,,0.0,1.0,truthful resolved feasibility,,,0.0,10000.000000000002,Current feasibility,0.0,,0.0,0.0,0.0,0.0,0.0,moderate,0.0,,0.0,0.0,0.0,,,,0.0,,0.0,0.0,,40002,[],,,0.0,0.0,0.75,0.0,regular,0.0,,10000.000000000002,0.0,1.0,1.0,48.0,0.0,0.0,0.0,0.0
,,greedy_local_search,3124.359200707915,2,exp4:regular:c1.5:t0.75:r003,3.0,1.5,1520.1270965528718,,,hardening:regular:r003,4,,,1584.488377363697,1.0,catalog/geography,,,0.0,10000.0,Catalog + geography,2.0,,0.0956443737049468,0.0858281500106405,0.141309928829539,728.6580069734263,52.06000419317388,moderate,-676.5980027802524,,0.1013418064368581,1013.4180643685812,-676.5980027802524,,,,0.0,,1013.4180643685812,-0.0676598002780252,,40003,"[""C000"", ""C001"", ""C002""]",,,3.0,0.0,0.75,1013.4180643685812,regular,1690.0160671488336,,8986.581935631419,105.52768978513664,1.0,0.0,48.0,5447.77575206507,1815.9252506883568,0.2790362830145206,0.5580725660290412
,,greedy_local_search,3124.359200707915,2,exp4:regular:c1.5:t0.75:r003,1.0,1.5,933.05645833262,,,hardening:regular:r003,4,,,555.2961805279892,1.0,truthful resolved feasibility,,,0.0,10000.0,Current feasibility,1.0,,0.0566474139248805,0.0463339283240445,0.1024777635461474,0.0,3.1719446986398907,moderate,3.1719446986398907,,0.0622037638888413,622.0376388884133,3.1719446986398907,,,,0.0,,622.0376388884133,0.0003171944698639,,40003,"[""C001""]",,,1.0,0.0,0.75,622.0376388884133,regular,618.8656941897734,,9377.96236111159,63.56951366178414,1.0,0.0,48.0,1866.11291666524,622.0376388884133,0.5,1.0
,,greedy_local_search,3114.147193190104,2,exp4:regular:c1.5:t0.75:r004,1.0,1.5,929.9912859619884,,,hardening:regular:r004,4,,,487.8726504020125,1.0,catalog/geography,,,0.0,10000.0,Catalog + geography,1.0,,0.0362756257242487,0.0623462685649235,0.1192709674524867,0.7853562741454425,69.03262261982286,moderate,68.24726634567742,,0.0619994190641325,619.9941906413255,68.24726634567742,,,,0.0,,619.9941906413254,0.0068247266345677,,40004,"[""C001""]",,,1.0,0.0,0.75,619.9941906413254,regular,551.746924295648,,9380.005809358676,63.874273893635504,1.0,0.0,48.0,1859.982571923977,619.9941906413255,0.49999999999999994,0.9999999999999998
,,greedy_local_search,3114.147193190104,2,exp4:regular:c1.5:t0.75:r004,1.0,1.5,929.9912859619884,,,hardening:regular:r004,4,,,487.8726504020125,1.0,truthful resolved feasibility,,,0.0,10000.0,Current feasibility,1.0,,0.0362756257242487,0.0623462685649235,0.1192709674524867,0.0,68.24726634567742,moderate,68.24726634567742,,0.0619994190641325,619.9941906413255,68.24726634567742,,,,0.0,,619.9941906413254,0.0068247266345677,,40004,"[""C001""]",,,1.0,0.0,0.75,619.9941906413254,regular,551.746924295648,,9380.005809358676,63.874273893635504,1.0,0.0,48.0,1859.982571923977,619.9941906413255,0.49999999999999994,0.9999999999999998
,,greedy_local_search,3198.861412389728,2,exp4:regular:c1.5:t0.75:r005,1.0,1.5,819.2847629539365,,,hardening:regular:r005,4,,,497.5412753591685,1.0,catalog/geography,,,0.0,9999.999999999996,Catalog + geography,1.0,,0.0556650809274461,0.0355620097187241,0.0856149718901243,0.0018554441132891,0.9463079575730262,moderate,0.944452513459737,,0.054618984196929,546.1898419692909,0.944452513459737,,,,0.0,,546.1898419692909,9.444525134597372e-05,,40005,"[""C001""]",,,1.0,0.0,0.75,546.1898419692909,regular,545.2453894558312,,9453.810158030708,47.70411409666261,1.0,0.0,48.0,1638.5695259078732,546.1898419692909,0.49999999999999994,1.0
,,greedy_local_search,3198.861412389728,2,exp4:regular:c1.5:t0.75:r005,1.0,1.5,819.2847629539365,,,hardening:regular:r005,4,,,497.5412753591685,1.0,truthful resolved feasibility,,,0.0,9999.999999999996,Current feasibility,1.0,,0.0556650809274461,0.0355620097187241,0.0856149718901243,0.0,0.944452513459737,moderate,0.944452513459737,,0.054618984196929,546.1898419692909,0.944452513459737,,,,0.0,,546.1898419692909,9.444525134597372e-05,,40005,"[""C001""]",,,1.0,0.0,0.75,546.1898419692909,regular,545.2453894558312,,9453.810158030708,47.70411409666261,1.0,0.0,48.0,1638.5695259078732,546.1898419692909,0.49999999999999994,1.0
,,greedy_local_search,3122.879618156244,2,exp4:regular:c1.5:t0.75:r006,1.0,1.5,864.8088420121635,,,hardening:regular:r006,4,,,497.9541697089165,1.0,catalog/geography,,,0.0,10000.000000000002,Catalog + geography,1.0,,0.0350760899474649,0.0732187694870005,0.0812155650200075,0.0,19.085861686341783,moderate,19.085861686341783,,0.0576539228008109,576.539228008109,19.085861686341783,,,,0.0,,576.5392280081091,0.0019085861686341,,40006,"[""C001""]",,,1.0,0.0,0.75,576.5392280081091,regular,557.4533663217674,,9423.46077199189,59.49919661285082,1.0,0.0,48.0,1729.6176840243268,576.539228008109,0.5000000000000001,1.0000000000000002
,,greedy_local_search,3122.879618156244,2,exp4:regular:c1.5:t0.75:r006,1.0,1.5,864.8088420121635,,,hardening:regular:r006,4,,,497.9541697089165,1.0,truthful resolved feasibility,,,0.0,10000.000000000002,Current feasibility,1.0,,0.0350760899474649,0.0732187694870005,0.0812155650200075,0.0,19.085861686341783,moderate,19.085861686341783,,0.0576539228008109,576.539228008109,19.085861686341783,,,,0.0,,576.5392280081091,0.0019085861686341,,40006,"[""C001""]",,,1.0,0.0,0.75,576.5392280081091,regular,557.4533663217674,,9423.46077199189,59.49919661285082,1.0,0.0,48.0,1729.6176840243268,576.539228008109,0.5000000000000001,1.0000000000000002
,,greedy_local_search,3115.6062898195664,2,exp4:regular:c1.5:t0.75:r007,2.0,1.5,404.95577436593953,,,hardening:regular:r007,4,,,993.168741908976,1.0,catalog/geography,,,0.0,9999.999999999998,Catalog + geography,0.0,,0.0,0.0771344332125599,0.0,837.2151534370413,85.42647016930005,moderate,-751.7886832677412,,0.0269970516243959,269.97051624395965,-751.7886832677412,,,,0.0,,269.97051624395965,-0.0751788683267741,,40007,"[""C000"", ""C002""]",,,2.0,498.51724735333175,0.75,269.97051624395965,regular,1021.7591995117008,,9730.02948375604,28.590457602724936,1.0,0.0,48.0,3575.3921563229865,1191.7973854409952,0.1132619183184664,0.22652383663693282
,,greedy_local_search,3115.6062898195664,2,exp4:regular:c1.5:t0.75:r007,0.0,1.5,0.0,,,hardening:regular:r007,4,,,0.0,1.0,truthful resolved feasibility,,,0.0,9999.999999999998,Current feasibility,0.0,,0.0,0.0,0.0,0.0,0.0,moderate,0.0,,0.0,0.0,0.0,,,,0.0,,0.0,0.0,,40007,[],,,0.0,0.0,0.75,0.0,regular,0.0,,10000.0,0.0,1.0,1.0,48.0,0.0,0.0,0.0,0.0
,,greedy_local_search,3204.768007661325,2,exp4:regular:c1.5:t0.75:r008,0.0,1.5,0.0,,,hardening:regular:r008,4,,,0.0,1.0,catalog/geography,,,0.0,9999.999999999998,Catalog + geography,0.0,,0.0,0.0,0.0,0.0,0.0,moderate,0.0,,0.0,0.0,0.0,,,,0.0,,0.0,0.0,,40008,[],,,0.0,0.0,0.75,0.0,regular,0.0,,10000.0,0.0,1.0,1.0,48.0,0.0,0.0,0.0,0.0
,,greedy_local_search,3204.768007661325,2,exp4:regular:c1.5:t0.75:r008,0.0,1.5,0.0,,,hardening:regular:r008,4,,,0.0,1.0,truthful resolved feasibility,,,0.0,9999.999999999998,Current feasibility,0.0,,0.0,0.0,0.0,0.0,0.0,moderate,0.0,,0.0,0.0,0.0,,,,0.0,,0.0,0.0,,40008,[],,,0.0,0.0,0.75,0.0,regular,0.0,,10000.0,0.0,1.0,1.0,48.0,0.0,0.0,0.0,0.0
,,greedy_local_search,3136.9553617898514,2,exp4:regular:c1.5:t0.75:r009,0.0,1.5,0.0,,,hardening:regular:r009,4,,,0.0,1.0,catalog/geography,,,0.0,9999.999999999998,Catalog + geography,0.0,,0.0,0.0,0.0,0.0,0.0,moderate,0.0,,0.0,0.0,0.0,,,,0.0,,0.0,0.0,,40009,[],,,0.0,0.0,0.75,0.0,regular,0.0,,10000.0,0.0,1.0,1.0,48.0,0.0,0.0,0.0,0.0
,,greedy_local_search,3136.9553617898514,2,exp4:regular:c1.5:t0.75:r009,0.0,1.5,0.0,,,hardening:regular:r009,4,,,0.0,1.0,truthful resolved feasibility,,,0.0,9999.999999999998,Current feasibility,0.0,,0.0,0.0,0.0,0.0,0.0,moderate,0.0,,0.0,0.0,0.0,,,,0.0,,0.0,0.0,,40009,[],,,0.0,0.0,0.75,0.0,regular,0.0,,10000.0,0.0,1.0,1.0,48.0,0.0,0.0,0.0,0.0
,,greedy_local_search,3156.668444536349,2,exp4:regular:c1.5:t0.75:r010,1.0,1.5,416.5435924534768,,,hardening:regular:r010,4,,,527.2752102898421,1.0,catalog/geography,,,0.0,10000.0,Catalog + geography,1.0,,0.0447753953572327,0.0,0.0381032245973853,282.4762750142071,9.517555948559448,moderate,-272.95871906564764,,0.0277695728302317,277.6957283023179,-272.95871906564764,,,,0.0,,277.6957283023179,-0.0272958719065647,,40010,"[""C000""]",,,1.0,0.0,0.75,277.6957283023179,regular,550.6544473679655,,9722.304271697682,23.37923707812346,1.0,0.0,48.0,1742.2076208292676,580.7358736097559,0.2390895249644285,0.47817904992885707
,,greedy_local_search,3156.668444536349,2,exp4:regular:c1.5:t0.75:r010,0.0,1.5,0.0,,,hardening:regular:r010,4,,,0.0,1.0,truthful resolved feasibility,,,0.0,10000.0,Current feasibility,0.0,,0.0,0.0,0.0,0.0,0.0,moderate,0.0,,0.0,0.0,0.0,,,,0.0,,0.0,0.0,,40010,[],,,0.0,0.0,0.75,0.0,regular,0.0,,10000.0,0.0,1.0,1.0,48.0,0.0,0.0,0.0,0.0
,,greedy_local_search,3160.557603079724,2,exp4:regular:c1.5:t0.75:r011,1.0,1.5,680.1174753114044,,,hardening:regular:r011,4,,,511.4080736275979,1.0,catalog/geography,,,0.0,10000.000000000002,Catalog + geography,1.0,,0.0442607025263948,0.0726395682396646,0.0,160.72098539085232,56.63242652347276,moderate,-104.08855886737956,,0.0453411650207603,453.411650207603,-104.08855886737956,,,,0.0,,453.411650207603,-0.0104088558867379,,40011,"[""C000""]",,,1.0,0.0,0.75,453.411650207603,regular,557.5002090749825,,9546.588349792395,46.09213544738467,1.0,0.0,48.0,1881.1691948980629,627.0563982993546,0.3615397685417971,0.723079537083594
,,greedy_local_search,3160.557603079724,2,exp4:regular:c1.5:t0.75:r011,0.0,1.5,0.0,,,hardening:regular:r011,4,,,0.0,1.0,truthful resolved feasibility,,,0.0,10000.000000000002,Current feasibility,0.0,,0.0,0.0,0.0,0.0,0.0,moderate,0.0,,0.0,0.0,0.0,,,,0.0,,0.0,0.0,,40011,[],,,0.0,0.0,0.75,0.0,regular,0.0,,10000.0,0.0,1.0,1.0,48.0,0.0,0.0,0.0,0.0
,,greedy_local_search,3192.099663508026,2,exp4:regular:c1.5:t0.75:r012,1.0,1.5,0.0,,,hardening:regular:r012,4,,,515.501052530843,1.0,catalog/geography,,,0.0,9999.999999999998,Catalog + geography,0.0,,0.0,0.0,0.0,574.41531146936,58.91425893851692,moderate,-515.501052530843,,0.0,0.0,-515.501052530843,,,,0.0,,0.0,-0.0515501052530843,,40012,"[""C002""]",,,1.0,515.501052530843,0.75,0.0,regular,515.501052530843,,10000.0,0.0,1.0,0.0,48.0,1901.5166219941468,633.8388739980488,0.0,0.0
,,greedy_local_search,3192.099663508026,2,exp4:regular:c1.5:t0.75:r012,0.0,1.5,0.0,,,hardening:regular:r012,4,,,0.0,1.0,truthful resolved feasibility,,,0.0,9999.999999999998,Current feasibility,0.0,,0.0,0.0,0.0,0.0,0.0,moderate,0.0,,0.0,0.0,0.0,,,,0.0,,0.0,0.0,,40012,[],,,0.0,0.0,0.75,0.0,regular,0.0,,10000.0,0.0,1.0,1.0,48.0,0.0,0.0,0.0,0.0
,,greedy_local_search,3184.1865156025765,2,exp4:regular:c1.5:t0.75:r013,0.0,1.5,0.0,,,hardening:regular:r013,4,,,0.0,1.0,catalog/geography,,,0.0,9999.999999999998,Catalog + geography,0.0,,0.0,0.0,0.0,0.0,0.0,moderate,0.0,,0.0,0.0,0.0,,,,0.0,,0.0,0.0,,40013,[],,,0.0,0.0,0.75,0.0,regular,0.0,,10000.0,0.0,1.0,1.0,48.0,0.0,0.0,0.0,0.0
,,greedy_local_search,3184.1865156025765,2,exp4:regular:c1.5:t0.75:r013,0.0,1.5,0.0,,,hardening:regular:r013,4,,,0.0,1.0,truthful resolved feasibility,,,0.0,9999.999999999998,Current feasibility,0.0,,0.0,0.0,0.0,0.0,0.0,moderate,0.0,,0.0,0.0,0.0,,,,0.0,,0.0,0.0,,40013,[],,,0.0,0.0,0.75,0.0,regular,0.0,,10000.0,0.0,1.0,1.0,48.0,0.0,0.0,0.0,0.0
,,greedy_local_search,3149.994846744082,2,exp4:regular:c1.5:t0.75:r014,0.0,1.5,0.0,,,hardening:regular:r014,4,,,0.0,1.0,catalog/geography,,,0.0,10000.0,Catalog + geography,0.0,,0.0,0.0,0.0,0.0,0.0,moderate,0.0,,0.0,0.0,0.0,,,,0.0,,0.0,0.0,,40014,[],,,0.0,0.0,0.75,0.0,regular,0.0,,10000.0,0.0,1.0,1.0,48.0,0.0,0.0,0.0,0.0
,,greedy_local_search,3149.994846744082,2,exp4:regular:c1.5:t0.75:r014,0.0,1.5,0.0,,,hardening:regular:r014,4,,,0.0,1.0,truthful resolved feasibility,,,0.0,10000.0,Current feasibility,0.0,,0.0,0.0,0.0,0.0,0.0,moderate,0.0,,0.0,0.0,0.0,,,,0.0,,0.0,0.0,,40014,[],,,0.0,0.0,0.75,0.0,regular,0.0,,10000.0,0.0,1.0,1.0,48.0,0.0,0.0,0.0,0.0
,,greedy_local_search,3157.5449359068625,2,exp4:regular:c1.5:t0.75:r015,1.0,1.5,408.51466022926377,,,hardening:regular:r015,4,,,528.9758746747087,1.0,catalog/geography,,,0.0,9999.999999999998,Catalog + geography,0.0,,0.0,0.0778123162341455,0.0,293.4372562148536,16.602735161987653,moderate,-276.834521052866,,0.0272343106819509,272.3431068195092,-276.834521052866,,,,0.0,,272.3431068195092,-0.0276834521052866,,40015,"[""C000""]",,,1.0,0.0,0.75,272.3431068195092,regular,549.1776278723752,,9727.65689318049,20.2017531976664,1.0,0.0,48.0,1767.2983788167032,589.0994596055676,0.2311520596215254,0.4623041192430509
,,greedy_local_search,3157.5449359068625,2,exp4:regular:c1.5:t0.75:r015,0.0,1.5,0.0,,,hardening:regular:r015,4,,,0.0,1.0,truthful resolved feasibility,,,0.0,9999.999999999998,Current feasibility,0.0,,0.0,0.0,0.0,0.0,0.0,moderate,0.0,,0.0,0.0,0.0,,,,0.0,,0.0,0.0,,40015,[],,,0.0,0.0,0.75,0.0,regular,0.0,,10000.0,0.0,1.0,1.0,48.0,0.0,0.0,0.0,0.0
,,greedy_local_search,3157.122265676465,2,exp4:regular:c1.5:t0.75:r016,1.0,1.5,471.9741174547762,,,hardening:regular:r016,4,,,523.1664220556563,1.0,catalog/geography,,,0.0,10000.000000000002,Catalog + geography,1.0,,0.0,0.0426961684295064,0.0826064110666224,300.1043466490712,57.44096045605068,moderate,-242.66338619302053,,0.0314649411636517,314.64941163651747,-242.66338619302053,,,,0.0,,314.64941163651747,-0.024266338619302,,40016,"[""C002""]",,,1.0,0.0,0.75,314.64941163651747,regular,557.312797829538,,9685.350588363484,34.14637577388169,1.0,0.0,48.0,1933.3692195265176,644.4564065088394,0.24412001219837498,0.4882400243967498
,,greedy_local_search,3157.122265676465,2,exp4:regular:c1.5:t0.75:r016,0.0,1.5,0.0,,,hardening:regular:r016,4,,,0.0,1.0,truthful resolved feasibility,,,0.0,10000.000000000002,Current feasibility,0.0,,0.0,0.0,0.0,0.0,0.0,moderate,0.0,,0.0,0.0,0.0,,,,0.0,,0.0,0.0,,40016,[],,,0.0,0.0,0.75,0.0,regular,0.0,,10000.0,0.0,1.0,1.0,48.0,0.0,0.0,0.0,0.0
,,greedy_local_search,3219.934328513683,2,exp4:regular:c1.5:t0.75:r017,1.0,1.5,544.504968400039,,,hardening:regular:r017,4,,,496.31564638755617,1.0,catalog/geography,,,0.0,10000.000000000002,Catalog + geography,1.0,,0.0463804057590116,0.0440832818146115,0.0,202.24428688730023,33.46822161487148,moderate,-168.77606527242875,,0.0363003312266692,363.0033122666927,-168.77606527242875,,,,0.0,,363.0033122666927,-0.0168776065272428,,40017,"[""C002""]",,,1.0,0.0,0.75,363.0033122666927,regular,531.7793775391215,,9636.996687733306,35.463731151565334,1.0,0.0,48.0,1739.4916723361514,579.830557445384,0.31302533783836084,0.6260506756767215
,,greedy_local_search,3219.934328513683,2,exp4:regular:c1.5:t0.75:r017,0.0,1.5,0.0,,,hardening:regular:r017,4,,,0.0,1.0,truthful resolved feasibility,,,0.0,10000.000000000002,Current feasibility,0.0,,0.0,0.0,0.0,0.0,0.0,moderate,0.0,,0.0,0.0,0.0,,,,0.0,,0.0,0.0,,40017,[],,,0.0,0.0,0.75,0.0,regular,0.0,,10000.0,0.0,1.0,1.0,48.0,0.0,0.0,0.0,0.0
,,greedy_local_search,3175.553828239308,2,exp4:regular:c1.5:t0.75:r018,0.0,1.5,0.0,,,hardening:regular:r018,4,,,0.0,1.0,catalog/geography,,,0.0,9999.999999999996,Catalog + geography,0.0,,0.0,0.0,0.0,0.0,0.0,moderate,0.0,,0.0,0.0,0.0,,,,0.0,,0.0,0.0,,40018,[],,,0.0,0.0,0.75,0.0,regular,0.0,,10000.0,0.0,1.0,1.0,48.0,0.0,0.0,0.0,0.0
,,greedy_local_search,3175.553828239308,2,exp4:regular:c1.5:t0.75:r018,0.0,1.5,0.0,,,hardening:regular:r018,4,,,0.0,1.0,truthful resolved feasibility,,,0.0,9999.999999999996,Current feasibility,0.0,,0.0,0.0,0.0,0.0,0.0,moderate,0.0,,0.0,0.0,0.0,,,,0.0,,0.0,0.0,,40018,[],,,0.0,0.0,0.75,0.0,regular,0.0,,10000.0,0.0,1.0,1.0,48.0,0.0,0.0,0.0,0.0
,,greedy_local_search,3116.235950464716,2,exp4:regular:c1.5:t0.75:r019,1.0,1.5,928.8516108032442,,,hardening:regular:r019,4,,,493.2709570200225,1.0,catalog/geography,,,0.0,10000.000000000002,Catalog + geography,1.0,,0.0673781342881196,0.0,0.1580164014528122,14.063737317459529,66.48067284349997,moderate,52.41693552604045,,0.0619234407202162,619.2344072021629,52.41693552604045,,,,0.0,,619.2344072021629,0.005241693552604,,40019,"[""C000""]",,,1.0,0.0,0.75,619.2344072021627,regular,566.8174716761224,,9380.765592797838,73.54651465609989,1.0,0.0,48.0,1887.0349913629536,629.0116637876515,0.49222808005926805,0.9844561601185357
,,greedy_local_search,3116.235950464716,2,exp4:regular:c1.5:t0.75:r019,1.0,1.5,928.8516108032442,,,hardening:regular:r019,4,,,493.2709570200225,1.0,truthful resolved feasibility,,,0.0,10000.000000000002,Current feasibility,1.0,,0.0673781342881196,0.0,0.1580164014528122,0.0,52.41693552604045,moderate,52.41693552604045,,0.0619234407202162,619.2344072021629,52.41693552604045,,,,0.0,,619.2344072021629,0.005241693552604,,40019,"[""C000""]",,,1.0,0.0,0.75,619.2344072021627,regular,566.8174716761224,,9380.765592797838,73.54651465609989,1.0,0.0,48.0,1887.0349913629536,629.0116637876515,0.49222808005926805,0.9844561601185357
,,greedy_local_search,3173.5643698667427,2,exp4:regular:c1.5:t1.5:r000,3.0,1.5,4923.343462839762,,,hardening:regular:r000,4,,,2628.3072798962385,1.0,catalog/geography,,,0.0,10000.000000000002,Catalog + geography,5.0,,0.2797546221811307,0.3749760946072208,0.3554584221430732,1530.7287601253693,1817.3135828190884,moderate,286.5848226937192,,0.3282228975226507,3282.228975226508,286.5848226937192,,,,3.0,,3282.2289752265074,0.0286584822693719,,40000,"[""R002"", ""R006"", ""R008"", ""C000"", ""C001"", ""C002""]",,,6.0,0.0,1.5,3282.228975226508,regular,2995.644152532788,,6717.771024773493,367.3368726365497,1.0,0.0,48.0,7435.24383776593,4956.829225177289,0.6621630131123016,0.6621630131123013
,,greedy_local_search,3173.5643698667427,2,exp4:regular:c1.5:t1.5:r000,1.0,1.5,6489.671393764405,,,hardening:regular:r000,4,,,2511.060977344629,1.0,truthful resolved feasibility,,,1.0,10000.000000000002,Current feasibility,8.0,,0.3889768309904882,0.4676143392847391,0.4697008344445761,0.0,1244.8391666849852,moderate,1244.8391666849852,,0.4326447595842936,4326.447595842937,1244.8391666849852,,,,6.0,,4326.447595842937,0.1244839166684985,,40000,"[""L019"", ""R001"", ""R002"", ""R005"", ""R006"", ""R007"", ""R008"", ""C001""]",,,8.0,0.0,1.5,4326.447595842937,regular,3081.6084291579514,,5673.552404157063,570.5474518133224,1.0,0.0,48.0,6495.34032574069,4330.226883827128,0.9991272309545015,0.9991272309545011
,,greedy_local_search,3169.8463396134275,2,exp4:regular:c1.5:t1.5:r001,3.0,1.5,5120.5729256821305,,,hardening:regular:r001,4,,,2569.1473843509048,1.0,catalog/geography,,,0.0,9999.999999999998,Catalog + geography,4.0,,0.338051926415439,0.2981505915779863,0.4244772721978296,1549.7523838875918,1981.0628942989383,moderate,431.3105104113465,,0.3413715283788087,3413.7152837880867,431.3105104113465,,,,3.0,,3413.7152837880867,0.0431310510411346,,40001,"[""R002"", ""R005"", ""R007"", ""C000"", ""C001"", ""C002""]",,,6.0,0.0,1.5,3413.7152837880867,regular,2982.40477337674,,6586.284716211912,413.2573890258356,1.0,0.0,48.0,7639.166061222013,5092.777374148009,0.6703052250264879,0.6703052250264878
,,greedy_local_search,3169.8463396134275,2,exp4:regular:c1.5:t1.5:r001,1.0,1.5,6624.397777797787,,,hardening:regular:r001,4,,,2463.707448670093,1.0,truthful resolved feasibility,,,1.0,9999.999999999998,Current feasibility,8.0,,0.391408266594155,0.427378901249158,0.579550915576387,0.0,1356.7589291635895,moderate,1356.7589291635895,,0.4416265185198524,4416.265185198524,1356.7589291635895,,,,6.0,,4416.265185198524,0.1356758929163589,,40001,"[""L026"", ""R001"", ""R002"", ""R004"", ""R005"", ""R007"", ""R008"", ""C001""]",,,8.0,0.0,1.5,4416.265185198525,regular,3059.5062560349343,,5583.734814801475,595.7988073648409,1.0,0.0,48.0,6624.397777797788,4416.265185198525,0.9999999999999999,1.0
,,greedy_local_search,3160.6718778658683,2,exp4:regular:c1.5:t1.5:r002,3.0,1.5,4658.353162813206,,,hardening:regular:r002,4,,,2640.2865603521,1.0,catalog/geography,,,0.0,10000.000000000002,Catalog + geography,4.0,,0.2433221080593559,0.2704737725570708,0.5319805424959773,1667.3329099408693,1789.6215960683885,moderate,122.2886861275192,,0.3105568775208804,3105.5687752088047,122.2886861275192,,,,3.0,,3105.5687752088043,0.0122288686127519,,40002,"[""R001"", ""R005"", ""R007"", ""C000"", ""C001"", ""C002""]",,,6.0,0.0,1.5,3105.5687752088043,regular,2983.280089081285,,6894.431224791197,342.9935287291852,1.0,0.0,48.0,7353.249488354852,4902.166325569901,0.6335094668269474,0.6335094668269474
,,greedy_local_search,3160.6718778658683,2,exp4:regular:c1.5:t1.5:r002,1.0,1.5,6085.860500439689,,,hardening:regular:r002,4,,,2572.0116304590138,1.0,truthful resolved feasibility,,,3.0,10000.000000000002,Current feasibility,9.0,,0.3323671159699349,0.4291355730557137,0.5298069030333767,0.0,935.6705444412304,moderate,935.6705444412304,,0.4057240333626458,4057.240333626459,935.6705444412304,,,,5.0,,4057.2403336264592,0.093567054444123,,40002,"[""L004"", ""L005"", ""L023"", ""R001"", ""R002"", ""R004"", ""R005"", ""R007"", ""C001""]",,,9.0,0.0,1.5,4057.24033362646,regular,3121.5697891852287,,5942.759666373542,549.558158726215,1.0,0.0,48.0,6373.511433612036,4249.007622408024,0.9548677465838752,0.9548677465838754
,,greedy_local_search,3124.359200707915,2,exp4:regular:c1.5:t1.5:r003,3.0,1.5,4754.30034932984,,,hardening:regular:r003,4,,,2458.77701751844,1.0,catalog/geography,,,0.0,10000.0,Catalog + geography,5.0,,0.2954183543603677,0.1321620783346851,0.6887918487134204,1797.835298765172,2121.6630135644173,moderate,323.8277147992453,,0.3169533566219893,3169.5335662198936,323.8277147992453,,,,3.0,,3169.533566219893,0.0323827714799245,,40003,"[""R000"", ""R006"", ""R008"", ""C000"", ""C001"", ""C002""]",,,6.0,0.0,1.5,3169.5335662198936,regular,2845.705851420648,,6830.466433780108,386.92883390220817,1.0,0.0,48.0,7748.892546509419,5165.928364339613,0.6135457835805803,0.6135457835805803
,,greedy_local_search,3124.359200707915,2,exp4:regular:c1.5:t1.5:r003,1.0,1.5,6516.039254964151,,,hardening:regular:r003,4,,,2436.8007519976964,1.0,truthful resolved feasibility,,,3.0,10000.0,Current feasibility,9.0,,0.3667801041144238,0.2817826388080155,0.853638232816569,0.0,1319.3456236907668,moderate,1319.3456236907668,,0.4344026169976099,4344.0261699761,1319.3456236907668,,,,5.0,,4344.0261699761,0.1319345623690767,,40003,"[""L002"", ""L003"", ""L012"", ""R000"", ""R002"", ""R003"", ""R006"", ""R008"", ""C001""]",,,9.0,0.0,1.5,4344.0261699761,regular,3024.680546285333,,5655.9738300239005,587.879794287637,1.0,0.0,48.0,6551.974767089348,4367.983178059565,0.9945153158547403,0.9945153158547403
,,greedy_local_search,3114.147193190104,2,exp4:regular:c1.5:t1.5:r004,3.0,1.5,4490.8799493488905,,,hardening:regular:r004,4,,,2484.5007674591707,1.0,catalog/geography,,,0.0,10000.0,Catalog + geography,5.0,,0.1872919023480045,0.3467412087675401,0.4687560874900914,1721.3667067648898,1870.996444085899,moderate,149.6297373210091,,0.2993919966232594,2993.919966232594,149.6297373210091,,,,3.0,,2993.9199662325937,0.0149629737321009,,40004,"[""R002"", ""R005"", ""R006"", ""C000"", ""C001"", ""C002""]",,,6.0,558.3918022861577,1.5,2993.919966232594,regular,2844.290228911585,,7006.080033767407,359.7894614524139,1.0,0.0,48.0,7490.877047618475,4993.9180317456485,0.5995132373420341,0.5995132373420343
,,greedy_local_search,3114.147193190104,2,exp4:regular:c1.5:t1.5:r004,1.0,1.5,6502.430842896532,,,hardening:regular:r004,4,,,2414.1820490314026,1.0,truthful resolved feasibility,,,1.0,10000.0,Current feasibility,8.0,,0.3414279843080888,0.4342379841217439,0.6393475107259252,0.0,1315.5137116294409,moderate,1315.5137116294409,,0.4334953895264353,4334.953895264354,1315.5137116294409,,,,6.0,,4334.953895264354,0.131551371162944,,40004,"[""L009"", ""R001"", ""R002"", ""R004"", ""R005"", ""R006"", ""R007"", ""C001""]",,,8.0,0.0,1.5,4334.953895264354,regular,3019.4401836349134,,5665.046104735647,605.2581346035106,1.0,0.0,48.0,6611.567751234708,4407.711834156471,0.9834930363803963,0.9834930363803965
,,greedy_local_search,3198.861412389728,2,exp4:regular:c1.5:t1.5:r005,3.0,1.5,5331.957297681558,,,hardening:regular:r005,4,,,2537.850676726935,1.0,catalog/geography,,,0.0,9999.999999999996,Catalog + geography,4.0,,0.4166367578734797,0.1963181879673543,0.4963295650689863,1172.1408415293326,1765.2290065853113,moderate,593.0881650559786,,0.3554638198454372,3554.638198454372,593.0881650559786,,,,3.0,,3554.6381984543714,0.0593088165055978,,40005,"[""R002"", ""R004"", ""R008"", ""C000"", ""C001"", ""C002""]",,,6.0,0.0,1.5,3554.6381984543723,regular,2961.5500333983928,,6445.361801545628,423.6993566714576,1.0,0.0,48.0,7284.650367144426,4856.433578096283,0.7319441605227895,0.7319441605227899
,,greedy_local_search,3198.861412389728,2,exp4:regular:c1.5:t1.5:r005,2.0,1.5,6736.681829833118,,,hardening:regular:r005,4,,,2576.0004841300806,1.0,truthful resolved feasibility,,,0.0,9999.999999999996,Current feasibility,6.0,,0.4552760116935184,0.2757155694442028,0.7386873371066011,0.0,1367.5782299998118,moderate,1367.5782299998118,,0.4491121219888746,4491.121219888746,1367.5782299998118,,,,5.0,,4491.121219888744,0.1367578229999812,,40005,"[""R000"", ""R002"", ""R004"", ""R006"", ""R008"", ""C000"", ""C001""]",,,7.0,0.0,1.5,4491.121219888744,regular,3123.5429898889324,,5508.878780111255,547.5425057588516,1.0,0.0,48.0,7159.05955849864,4772.706372332426,0.9410009477901171,0.941000947790117
,,greedy_local_search,3122.879618156244,2,exp4:regular:c1.5:t1.5:r006,3.0,1.5,6013.426832659386,,,hardening:regular:r006,4,,,2462.101551939659,1.0,catalog/geography,,,0.0,10000.000000000002,Catalog + geography,5.0,,0.2971204642368262,0.4089835289830593,0.6202333906332497,847.6041144588808,1928.922921628333,moderate,1081.3188071694522,,0.4008951221772924,4008.951221772924,1081.3188071694522,,,,3.0,,4008.951221772924,0.1081318807169452,,40006,"[""R001"", ""R005"", ""R007"", ""C000"", ""C001"", ""C002""]",,,6.0,0.0,1.5,4008.951221772925,regular,2927.632414603472,,5991.048778227076,465.5308626638128,1.0,0.0,48.0,7385.808763400332,4923.872508933556,0.8141866416117279,0.8141866416117279
,,greedy_local_search,3122.879618156244,2,exp4:regular:c1.5:t1.5:r006,2.0,1.5,7168.836879185666,,,hardening:regular:r006,4,,,2535.555456332742,1.0,truthful resolved feasibility,,,0.0,10000.000000000002,Current feasibility,7.0,,0.3192366424463361,0.5410371639257584,0.7245148106875553,0.0,1667.3243936968138,moderate,1667.3243936968138,,0.4779224586123777,4779.224586123777,1667.3243936968138,,,,5.0,,4779.224586123777,0.1667324393696813,,40006,"[""R001"", ""R002"", ""R004"", ""R005"", ""R007"", ""C000"", ""C001""]",,,7.0,0.0,1.5,4779.224586123777,regular,3111.9001924269637,,5220.775413876222,576.3447360942212,1.0,0.0,48.0,7286.140600078052,4857.427066718702,0.9839004313351942,0.983900431335194
,,greedy_local_search,3115.6062898195664,2,exp4:regular:c1.5:t1.5:r007,3.0,1.5,4774.532329584021,,,hardening:regular:r007,4,,,2441.0694185711945,1.0,catalog/geography,,,0.0,9999.999999999998,Catalog + geography,4.0,,0.1685896885499951,0.37754605388061,0.5514783829994504,1480.1507068127512,1838.1186770564204,moderate,357.96797024366924,,0.3183021553056013,3183.021553056013,357.96797024366924,,,,3.0,,3183.021553056013,0.0357967970243669,,40007,"[""R004"", ""R007"", ""R008"", ""C000"", ""C001"", ""C002""]",,,6.0,498.51724735333175,1.5,3183.021553056013,regular,2825.0535828123443,,6816.978446943986,383.98416424114976,1.0,0.0,48.0,7736.752667271183,5157.8351115141195,0.617123557507757,0.6171235575077573
,,greedy_local_search,3115.6062898195664,2,exp4:regular:c1.5:t1.5:r007,1.0,1.5,6446.872007680124,,,hardening:regular:r007,4,,,2538.1247372921307,1.0,truthful resolved feasibility,,,1.0,9999.999999999998,Current feasibility,8.0,,0.3050668977309888,0.3548690031181377,0.8415360605419092,0.0,1203.1541208849883,moderate,1203.1541208849883,,0.429791467178675,4297.91467178675,1203.1541208849883,,,,6.0,,4297.91467178675,0.1203154120884988,,40007,"[""L030"", ""R000"", ""R002"", ""R004"", ""R006"", ""R007"", ""R008"", ""C001""]",,,8.0,0.0,1.5,4297.91467178675,regular,3094.760550901761,,5702.08532821325,556.6358136096305,1.0,0.0,48.0,6641.534925738764,4427.689950492508,0.9706900708593371,0.9706900708593377
,,greedy_local_search,3204.768007661325,2,exp4:regular:c1.5:t1.5:r008,3.0,1.5,4965.215484567401,,,hardening:regular:r008,4,,,2608.8786312977227,1.0,catalog/geography,,,0.0,9999.999999999998,Catalog + geography,4.0,,0.2746393550760295,0.3504391960785165,0.4238646861306632,1420.83642532443,1728.4089324588183,moderate,307.5725071343886,,0.3310143656378267,3310.143656378268,307.5725071343886,,,,3.0,,3310.143656378267,0.0307572507134388,,40008,"[""R000"", ""R002"", ""R008"", ""C000"", ""C001"", ""C002""]",,,6.0,0.0,1.5,3310.143656378268,regular,3002.5711492438786,,6689.856343621732,393.69251794615576,1.0,0.0,48.0,7441.68561222344,4961.123741482293,0.6672165075627113,0.6672165075627116
,,greedy_local_search,3204.768007661325,2,exp4:regular:c1.5:t1.5:r008,1.0,1.5,6070.631423559229,,,hardening:regular:r008,4,,,2651.394028781396,1.0,truthful resolved feasibility,,,4.0,9999.999999999998,Current feasibility,10.0,,0.3941895495513674,0.293650642498573,0.622728696989997,0.0,845.0910689253756,moderate,845.0910689253756,,0.4047087615706153,4047.087615706153,845.0910689253756,,,,5.0,,4047.087615706153,0.0845091068925375,,40008,"[""L008"", ""L021"", ""L025"", ""L032"", ""R000"", ""R001"", ""R004"", ""R005"", ""R008"", ""C000""]",,,10.0,0.0,1.5,4047.0876157061534,regular,3201.9965467807774,,5952.912384293847,550.6025179993816,1.0,0.0,48.0,6528.190450843555,4352.1269672290355,0.9299102820713202,0.9299102820713206
,,greedy_local_search,3136.9553617898514,2,exp4:regular:c1.5:t1.5:r009,3.0,1.5,5049.11566639276,,,hardening:regular:r009,4,,,2563.980110754731,1.0,catalog/geography,,,1.0,9999.999999999998,Catalog + geography,6.0,,0.3320111572801744,0.3614095605551876,0.3035467206122829,1260.5068965516623,1660.5883178712952,moderate,400.0814213196327,,0.3366077110928507,3366.077110928507,400.0814213196327,,,,3.0,,3366.077110928507,0.0400081421319632,,40009,"[""L002"", ""R000"", ""R002"", ""R003"", ""C000"", ""C001"", ""C002""]",,,7.0,0.0,1.5,3366.0771109285074,regular,2965.9956896088743,,6633.922889071493,402.0155788541433,1.0,0.0,48.0,7239.753921848189,4826.502614565459,0.6974153708671641,0.6974153708671642
,,greedy_local_search,3136.9553617898514,2,exp4:regular:c1.5:t1.5:r009,1.0,1.5,6474.662292826521,,,hardening:regular:r009,4,,,2467.3890132441,1.0,truthful resolved feasibility,,,1.0,9999.999999999998,Current feasibility,8.0,,0.3759244999060577,0.4118554465384076,0.5916436080446638,0.0,1315.8635469536505,moderate,1315.8635469536505,,0.4316441528551015,4316.441528551015,1315.8635469536505,,,,6.0,,4316.441528551014,0.131586354695365,,40009,"[""L002"", ""R000"", ""R001"", ""R002"", ""R003"", ""R005"", ""R008"", ""C001""]",,,8.0,0.0,1.5,4316.441528551014,regular,3000.577981597364,,5683.558471448986,533.1889683532636,1.0,0.0,48.0,6474.662292826522,4316.441528551014,0.9999999999999997,1.0
,,greedy_local_search,3156.668444536349,2,exp4:regular:c1.5:t1.5:r010,3.0,1.5,4861.279911241426,,,hardening:regular:r010,4,,,2582.696367236424,1.0,catalog/geography,,,1.0,10000.0,Catalog + geography,5.0,,0.2251626559557735,0.4264980060322977,0.3674391506234636,1801.0182644031977,2039.993235519235,moderate,238.97497111603752,,0.3240853274160951,3240.8532741609506,238.97497111603752,,,,3.0,,3240.8532741609506,0.0238974971116037,,40010,"[""L029"", ""R000"", ""R005"", ""R008"", ""C000"", ""C001"", ""C002""]",,,7.0,0.0,1.5,3240.85327416095,regular,3001.878303044913,,6759.146725839049,419.1819358084895,1.0,0.0,48.0,7823.7138223091415,5215.809214872761,0.6213519591398649,0.6213519591398649
,,greedy_local_search,3156.668444536349,2,exp4:regular:c1.5:t1.5:r010,1.0,1.5,6514.48016341505,,,hardening:regular:r010,4,,,2485.302326686346,1.0,truthful resolved feasibility,,,3.0,10000.0,Current feasibility,9.0,,0.2618721681386262,0.56105507904749,0.6004346211600005,0.0,1235.7646661029794,moderate,1235.7646661029794,,0.4342986775610034,4342.986775610034,1235.7646661029794,,,,5.0,,4342.986775610034,0.1235764666102979,,40010,"[""L011"", ""L016"", ""L021"", ""R000"", ""R004"", ""R005"", ""R007"", ""R008"", ""C001""]",,,9.0,0.0,1.5,4342.986775610034,regular,3107.2221095070545,,5657.013224389966,621.9197828207084,1.0,0.0,48.0,6514.480163415051,4342.986775610034,0.9999999999999999,1.0
,,greedy_local_search,3160.557603079724,2,exp4:regular:c1.5:t1.5:r011,3.0,1.5,5073.922169389781,,,hardening:regular:r011,4,,,2492.105670036476,1.0,catalog/geography,,,0.0,10000.000000000002,Catalog + geography,4.0,,0.207911213542318,0.491654222456563,0.3631122700273928,1584.084473382297,2068.947535455654,moderate,484.863062073357,,0.3382614779593187,3382.614779593188,484.863062073357,,,,3.0,,3382.6147795931874,0.0484863062073356,,40011,"[""R002"", ""R003"", ""R004"", ""C000"", ""C001"", ""C002""]",,,6.0,0.0,1.5,3382.614779593188,regular,2897.7517175198304,,6617.385220406813,405.6460474833543,1.0,0.0,48.0,7735.200010281855,5156.800006854572,0.655952291168344,0.655952291168344
,,greedy_local_search,3160.557603079724,2,exp4:regular:c1.5:t1.5:r011,1.0,1.5,6703.80777213245,,,hardening:regular:r011,4,,,2546.776012031373,1.0,truthful resolved feasibility,,,2.0,10000.000000000002,Current feasibility,9.0,,0.3189060565598243,0.528289638256649,0.5925570965020759,0.0,1315.172753233761,moderate,1315.172753233761,,0.4469205181421632,4469.205181421632,1315.172753233761,,,,6.0,,4469.205181421633,0.131517275323376,,40011,"[""L012"", ""L026"", ""R000"", ""R001"", ""R002"", ""R003"", ""R004"", ""R008"", ""C001""]",,,9.0,0.0,1.5,4469.205181421633,regular,3154.032428187872,,5530.794818578368,607.256416156499,1.0,0.0,48.0,6703.807772132449,4469.205181421634,1.0000000000000002,0.9999999999999998
,,greedy_local_search,3192.099663508026,2,exp4:regular:c1.5:t1.5:r012,3.0,1.5,3870.3682240659127,,,hardening:regular:r012,4,,,2635.2033608393685,1.0,catalog/geography,,,0.0,9999.999999999998,Catalog + geography,3.0,,0.3558489982877573,0.1397944048601177,0.2448222867026442,1857.167940490517,1477.6564523238703,moderate,-379.5114881666468,,0.2580245482710608,2580.2454827106085,-379.5114881666468,,,,3.0,,2580.2454827106085,-0.0379511488166646,,40012,"[""R004"", ""R005"", ""R008"", ""C000"", ""C001"", ""C002""]",,,6.0,515.501052530843,1.5,2580.2454827106085,regular,2959.7569708772558,,7419.754517289391,324.55361003788664,1.0,0.0,48.0,7190.2771422488995,4793.518094832599,0.5382780312213917,0.5382780312213918
,,greedy_local_search,3192.099663508026,2,exp4:regular:c1.5:t1.5:r012,1.0,1.5,6247.832968114885,,,hardening:regular:r012,4,,,2613.681584647953,1.0,truthful resolved feasibility,,,1.0,9999.999999999998,Current feasibility,8.0,,0.4324684557412958,0.3509281146388153,0.4954327633357862,0.0,980.4900075177366,moderate,980.4900075177366,,0.4165221978743257,4165.221978743257,980.4900075177366,,,,6.0,,4165.221978743257,0.0980490007517736,,40012,"[""L008"", ""R000"", ""R001"", ""R002"", ""R004"", ""R005"", ""R007"", ""C001""]",,,8.0,0.0,1.5,4165.221978743257,regular,3184.7319712255203,,5834.778021256742,571.050386577567,1.0,0.0,48.0,6247.832968114887,4165.221978743257,0.9999999999999997,1.0
,,greedy_local_search,3184.1865156025765,2,exp4:regular:c1.5:t1.5:r013,3.0,1.5,5355.948590655635,,,hardening:regular:r013,4,,,2607.3741490769157,1.0,catalog/geography,,,0.0,9999.999999999998,Catalog + geography,5.0,,0.3420171459299863,0.3364146059920804,0.4270520580566013,1111.5731334786278,1670.3215294179054,moderate,558.7483959392775,,0.3570632393770422,3570.632393770423,558.7483959392775,,,,3.0,,3570.6323937704237,0.0558748395939277,,40013,"[""R002"", ""R005"", ""R007"", ""C000"", ""C001"", ""C002""]",,,6.0,0.0,1.5,3570.632393770423,regular,3011.8839978311457,,6429.367606229578,404.5098487542303,1.0,0.0,48.0,7185.884384141522,4790.58958942768,0.7453429952860974,0.7453429952860975
,,greedy_local_search,3184.1865156025765,2,exp4:regular:c1.5:t1.5:r013,1.0,1.5,6478.347181464645,,,hardening:regular:r013,4,,,2506.714015555061,1.0,truthful resolved feasibility,,,3.0,9999.999999999998,Current feasibility,9.0,,0.4141628475530454,0.3678825687088414,0.5837881582533898,0.0,1230.9124360541882,moderate,1230.9124360541882,,0.431889812097643,4318.89812097643,1230.9124360541882,,,,5.0,,4318.89812097643,0.1230912436054188,,40013,"[""L028"", ""L030"", ""L033"", ""R001"", ""R002"", ""R005"", ""R007"", ""R008"", ""C001""]",,,9.0,0.0,1.5,4318.89812097643,regular,3087.985684922241,,5681.10187902357,581.2716693671805,1.0,0.0,48.0,6563.00159134171,4375.334394227807,0.9871012662881651,0.987101266288165
,,greedy_local_search,3149.994846744082,2,exp4:regular:c1.5:t1.5:r014,2.0,1.5,5794.127292098193,,,hardening:regular:r014,4,,,2520.5533470010105,1.0,catalog/geography,,,2.0,10000.0,Catalog + geography,7.0,,0.3543535899726987,0.3653247514202181,0.494761871608777,834.7249400036635,1705.857581910613,moderate,871.1326419069492,,0.3862751528065462,3862.751528065462,871.1326419069492,,,,4.0,,3862.751528065462,0.0871132641906949,,40014,"[""L017"", ""L035"", ""R000"", ""R005"", ""R006"", ""R007"", ""C000"", ""C001""]",,,8.0,136.66990945248423,1.5,3862.7515280654634,regular,2991.618886158513,,6137.248471934538,471.0655391575024,1.0,0.0,48.0,7242.258980090815,4828.172653393875,0.8000442000246636,0.8000442000246643
,,greedy_local_search,3149.994846744082,2,exp4:regular:c1.5:t1.5:r014,1.0,1.5,6548.830250590012,,,hardening:regular:r014,4,,,2448.7592043796003,1.0,truthful resolved feasibility,,,1.0,10000.0,Current feasibility,8.0,,0.4026825840694514,0.4112501482616156,0.557219843249244,0.0,1348.824463687588,moderate,1348.824463687588,,0.4365886833726674,4365.886833726674,1348.824463687588,,,,6.0,,4365.886833726674,0.1348824463687588,,40014,"[""L017"", ""R000"", ""R001"", ""R004"", ""R005"", ""R007"", ""R008"", ""C001""]",,,8.0,0.0,1.5,4365.886833726674,regular,3017.062370039086,,5634.113166273326,568.3031656594856,1.0,0.0,48.0,6548.830250590014,4365.886833726674,0.9999999999999997,1.0
,,greedy_local_search,3157.5449359068625,2,exp4:regular:c1.5:t1.5:r015,3.0,1.5,6008.378744000696,,,hardening:regular:r015,4,,,2639.699477683733,1.0,catalog/geography,,,1.0,9999.999999999998,Catalog + geography,5.0,,0.3632253939262105,0.3508417990658012,0.5715626299677729,912.1438979072956,1825.1845287761437,moderate,913.040630868848,,0.4005585829333797,4005.585829333798,913.040630868848,,,,3.0,,4005.585829333798,0.0913040630868848,,40015,"[""L009"", ""R000"", ""R004"", ""R005"", ""C000"", ""C001"", ""C002""]",,,7.0,0.0,1.5,4005.585829333797,regular,3092.54519846495,,5994.414170666201,452.84572078121687,1.0,0.0,48.0,7531.803430401371,5021.202286934246,0.797734407107397,0.797734407107397
,,greedy_local_search,3157.5449359068625,2,exp4:regular:c1.5:t1.5:r015,1.0,1.5,6448.274458161222,,,hardening:regular:r015,4,,,2487.65630725897,1.0,truthful resolved feasibility,,,1.0,9999.999999999998,Current feasibility,8.0,,0.4174588419221012,0.3482337042524323,0.6007334426205896,0.0,1273.8300798504151,moderate,1273.8300798504151,,0.4298849638774148,4298.849638774148,1273.8300798504151,,,,6.0,,4298.849638774148,0.1273830079850415,,40015,"[""L009"", ""R000"", ""R001"", ""R002"", ""R004"", ""R005"", ""R006"", ""C001""]",,,8.0,0.0,1.5,4298.849638774148,regular,3025.019558923733,,5701.150361225851,537.3632516647626,1.0,0.0,48.0,6448.274458161224,4298.849638774148,0.9999999999999997,1.0
,,greedy_local_search,3157.122265676465,2,exp4:regular:c1.5:t1.5:r016,3.0,1.5,4745.651354790965,,,hardening:regular:r016,4,,,2502.329560917907,1.0,catalog/geography,,,0.0,10000.000000000002,Catalog + geography,5.0,,0.259584702663139,0.3167865632679948,0.4434417182192678,1306.5187856004914,1584.856579209957,moderate,278.33779360946573,,0.3163767569860644,3163.767569860644,278.33779360946573,,,,3.0,,3163.767569860644,0.0278337793609465,,40016,"[""R001"", ""R002"", ""R008"", ""C000"", ""C001"", ""C002""]",,,6.0,0.0,1.5,3163.767569860644,regular,2885.429776251178,,6836.232430139356,383.1002153332704,1.0,0.0,48.0,7391.6255502300855,4927.750366820059,0.6420308121050915,0.6420308121050913
,,greedy_local_search,3157.122265676465,2,exp4:regular:c1.5:t1.5:r016,1.0,1.5,6300.988810156385,,,hardening:regular:r016,4,,,2427.305893159833,1.0,truthful resolved feasibility,,,3.0,10000.000000000002,Current feasibility,9.0,,0.3132654180382767,0.4515791538287348,0.6052188935990529,0.0,1198.389203753265,moderate,1198.389203753265,,0.4200659206770923,4200.659206770923,1198.389203753265,,,,5.0,,4200.659206770923,0.1198389203753264,,40016,"[""L020"", ""L025"", ""L035"", ""R001"", ""R002"", ""R003"", ""R004"", ""R005"", ""C001""]",,,9.0,0.0,1.5,4200.659206770924,regular,3002.2700030176584,,5799.340793229077,574.9641098578256,1.0,0.0,48.0,6301.030870892636,4200.687247261759,0.999993324784926,0.9999933247849259
,,greedy_local_search,3219.934328513683,2,exp4:regular:c1.5:t1.5:r017,3.0,1.5,3897.8465836712458,,,hardening:regular:r017,4,,,2595.2815895121366,1.0,catalog/geography,,,0.0,10000.000000000002,Catalog + geography,4.0,,0.1332935631522987,0.3427944755631911,0.3994813452288252,2136.7604039587927,1824.3831707802624,moderate,-312.37723317853033,,0.2598564389114163,2598.5643891141635,-312.37723317853033,,,,3.0,,2598.5643891141635,-0.031237723317853,,40017,"[""R001"", ""R004"", ""R008"", ""C000"", ""C001"", ""C002""]",,,6.0,0.0,1.5,2598.5643891141635,regular,2910.941622292694,,7401.435610885836,315.66003278055734,1.0,0.0,48.0,7392.4495942352705,4928.2997294901825,0.527274015735033,0.5272740157350326
,,greedy_local_search,3219.934328513683,2,exp4:regular:c1.5:t1.5:r017,0.0,1.5,6018.546847859913,,,hardening:regular:r017,4,,,2528.794516542866,1.0,truthful resolved feasibility,,,3.0,10000.000000000002,Current feasibility,10.0,,0.3267195504694017,0.3750999796006959,0.614638329762599,0.0,881.6548333916412,moderate,881.6548333916412,,0.4012364565239941,4012.364565239941,881.6548333916412,,,,7.0,,4012.364565239942,0.0881654833391641,,40017,"[""L009"", ""L013"", ""L020"", ""R000"", ""R001"", ""R002"", ""R004"", ""R005"", ""R007"", ""R008""]",,,10.0,0.0,1.5,4012.364565239941,regular,3130.7097318483006,,5987.635434760059,601.9152153054347,1.0,0.0,48.0,6018.546847859913,4012.3645652399437,1.0,0.9999999999999993
,,greedy_local_search,3175.553828239308,2,exp4:regular:c1.5:t1.5:r018,3.0,1.5,4515.732913436955,,,hardening:regular:r018,4,,,2609.890157730034,1.0,catalog/geography,,,1.0,9999.999999999996,Catalog + geography,6.0,,0.2526758580376324,0.3246160326153748,0.3686455668174063,1681.9104239730618,1706.6781834271335,moderate,24.767759454071893,,0.301048860895797,3010.4886089579704,24.767759454071893,,,,3.0,,3010.4886089579704,0.0024767759454071,,40018,"[""L007"", ""R000"", ""R005"", ""R008"", ""C000"", ""C001"", ""C002""]",,,7.0,527.4568601825961,1.5,3010.4886089579704,regular,2985.7208495038985,,6989.51139104203,375.8306917738648,1.0,0.0,48.0,7273.522504859876,4849.015003239916,0.6208453896196408,0.620845389619641
,,greedy_local_search,3175.553828239308,2,exp4:regular:c1.5:t1.5:r018,1.0,1.5,6548.610375025667,,,hardening:regular:r018,4,,,2562.70785343974,1.0,truthful resolved feasibility,,,2.0,9999.999999999996,Current feasibility,9.0,,0.3565033551451589,0.4847481676106411,0.532428282613326,0.0,1204.9106892503924,moderate,1204.9106892503924,,0.4365740250017111,4365.740250017111,1204.9106892503924,,,,6.0,,4365.740250017111,0.1204910689250392,,40018,"[""L016"", ""L024"", ""R000"", ""R002"", ""R003"", ""R004"", ""R005"", ""R007"", ""C001""]",,,9.0,0.0,1.5,4365.740250017112,regular,3160.8295607667187,,5634.259749982888,598.1217073269792,1.0,0.0,48.0,6588.962334209482,4392.641556139653,0.9938758248815128,0.9938758248815133
,,greedy_local_search,3116.235950464716,2,exp4:regular:c1.5:t1.5:r019,3.0,1.5,5326.444811998205,,,hardening:regular:r019,4,,,2564.190787812665,1.0,catalog/geography,,,0.0,10000.000000000002,Catalog + geography,5.0,,0.3863290075305045,0.296699860577291,0.3870165810455075,1380.6454155619626,1966.164582354495,moderate,585.5191667925324,,0.3550963207998803,3550.963207998804,585.5191667925324,,,,3.0,,3550.9632079988032,0.0585519166792532,,40019,"[""R001"", ""R002"", ""R003"", ""C000"", ""C001"", ""C002""]",,,6.0,591.6360513433833,1.5,3550.963207998804,regular,2965.444041206271,,6449.036792001196,401.2532533936061,1.0,0.0,48.0,7720.511717955869,5147.007811970581,0.6899082608229585,0.6899082608229584
,,greedy_local_search,3116.235950464716,2,exp4:regular:c1.5:t1.5:r019,2.0,1.5,6705.876970330936,,,hardening:regular:r019,4,,,2559.1668944166186,1.0,truthful resolved feasibility,,,2.0,10000.000000000002,Current feasibility,8.0,,0.461355348907264,0.3483151609032224,0.5876912568216623,0.0,1357.1706298641666,moderate,1357.1706298641666,,0.4470584646887291,4470.584646887292,1357.1706298641666,,,,4.0,,4470.584646887292,0.1357170629864166,,40019,"[""L014"", ""L035"", ""R001"", ""R002"", ""R003"", ""R007"", ""C000"", ""C001""]",,,8.0,0.0,1.5,4470.584646887291,regular,3113.414017023125,,5529.4153531127085,554.2471226065063,1.0,0.0,48.0,7388.011646629744,4925.341097753165,0.9076700594252605,0.90767005942526
,,greedy_local_search,3173.5643698667427,2,exp4:regular:c1.5:t3.0:r000,3.0,1.5,5324.592155071015,,,hardening:regular:r000,4,,,2628.3072798962385,1.0,catalog/geography,,,0.0,10000.000000000002,Catalog + geography,5.0,,0.4459980165668271,0.2982160147836945,0.2494904885435116,1304.4086135375564,1817.655327185243,moderate,513.2467136476866,,0.3549728103380676,3549.728103380676,513.2467136476866,,,,3.0,,3549.728103380676,0.0513246713647686,,40000,"[""R002"", ""R006"", ""R008"", ""C000"", ""C001"", ""C002""]",,,6.0,0.0,3.0,3549.728103380676,regular,3036.4813897329896,,6450.271896619324,408.1741098367512,1.0,0.0,48.0,7435.24383776593,9913.658450354578,0.7161287876028686,0.35806439380143407
,,greedy_local_search,3173.5643698667427,2,exp4:regular:c1.5:t3.0:r000,1.0,1.5,6494.852111588115,,,hardening:regular:r000,4,,,2476.922444709409,1.0,truthful resolved feasibility,,,3.0,10000.000000000002,Current feasibility,9.0,,0.4999619254924592,0.4134493420956779,0.3165000228372351,0.0,1268.7947867783455,moderate,1268.7947867783455,,0.432990140772541,4329.9014077254105,1268.7947867783455,,,,5.0,,4329.9014077254105,0.1268794786778345,,40000,"[""L007"", ""L017"", ""L019"", ""R000"", ""R002"", ""R006"", ""R007"", ""R008"", ""C001""]",,,9.0,0.0,3.0,4329.9014077254105,regular,3061.106620947065,,5670.0985922745895,584.1841762376562,1.0,0.0,48.0,6494.852111588116,8659.802815450825,0.9999999999999999,0.4999999999999998
,,greedy_local_search,3169.8463396134275,2,exp4:regular:c1.5:t3.0:r001,3.0,1.5,5884.715775073749,,,hardening:regular:r001,4,,,2569.1473843509048,1.0,catalog/geography,,,0.0,9999.999999999998,Catalog + geography,4.0,,0.3790080398651772,0.3822166749652107,0.4399246541388153,1087.4419999655452,1982.1691477321087,moderate,894.727147766564,,0.3923143850049165,3923.143850049165,894.727147766564,,,,3.0,,3923.143850049165,0.0894727147766564,,40001,"[""R002"", ""R005"", ""R007"", ""C000"", ""C001"", ""C002""]",,,6.0,0.0,3.0,3923.143850049166,regular,3028.4167022826014,,6076.856149950834,459.2693179316966,1.0,0.0,48.0,7639.166061222013,10185.554748296017,0.7703348412526052,0.3851674206263026
,,greedy_local_search,3169.8463396134275,2,exp4:regular:c1.5:t3.0:r001,2.0,1.5,7337.380356232352,,,hardening:regular:r001,4,,,2576.76339441768,1.0,truthful resolved feasibility,,,0.0,9999.999999999998,Current feasibility,7.0,,0.524310408163068,0.425412422559316,0.5216232942317449,0.0,1727.3073807963983,moderate,1727.3073807963983,,0.4891586904154901,4891.586904154901,1727.3073807963983,,,,5.0,,4891.586904154901,0.1727307380796398,,40001,"[""R002"", ""R004"", ""R005"", ""R007"", ""R008"", ""C001"", ""C002""]",,,7.0,0.0,3.0,4891.586904154901,regular,3164.279523358503,,5108.413095845098,587.5161289408233,1.0,0.0,48.0,7337.380356232352,9783.173808309803,1.0,0.5
,,greedy_local_search,3160.6718778658683,2,exp4:regular:c1.5:t3.0:r002,3.0,1.5,5001.181583823844,,,hardening:regular:r002,4,,,2640.2865603521,1.0,catalog/geography,,,0.0,10000.000000000002,Catalog + geography,4.0,,0.315223188863486,0.2678124995874198,0.4891364787204529,1460.6436938010877,1789.9196125771073,moderate,329.2759187760198,,0.3334121055882562,3334.1210558825624,329.2759187760198,,,,3.0,,3334.1210558825624,0.0329275918776019,,40002,"[""R001"", ""R005"", ""R007"", ""C000"", ""C001"", ""C002""]",,,6.0,0.0,3.0,3334.121055882562,regular,3004.8451371065426,,6665.87894411744,364.5585767544426,1.0,0.0,48.0,7353.249488354852,9804.332651139803,0.6801321771747422,0.340066088587371
,,greedy_local_search,3160.6718778658683,2,exp4:regular:c1.5:t3.0:r002,1.0,1.5,6342.54500259496,,,hardening:regular:r002,4,,,2521.3700910977914,1.0,truthful resolved feasibility,,,5.0,10000.000000000002,Current feasibility,10.0,,0.3732254358956752,0.4669683876480777,0.4572297583822481,0.0,1113.0927152238296,moderate,1113.0927152238296,,0.4228363335063305,4228.363335063306,1113.0927152238296,,,,4.0,,4228.363335063306,0.1113092715223829,,40002,"[""L004"", ""L005"", ""L009"", ""L022"", ""L023"", ""R001"", ""R004"", ""R005"", ""R007"", ""C001""]",,,10.0,0.0,3.0,4228.363335063306,regular,3115.2706198394767,,5771.636664936695,593.9005287416852,1.0,0.0,48.0,6342.545002594959,8456.726670126613,1.0000000000000002,0.5
,,greedy_local_search,3124.359200707915,2,exp4:regular:c1.5:t3.0:r003,3.0,1.5,4754.30034932984,,,hardening:regular:r003,4,,,2458.77701751844,1.0,catalog/geography,,,0.0,10000.0,Catalog + geography,5.0,,0.3860451778242224,0.1528279061827736,0.4487162971855922,1806.478462916365,2131.590759125963,moderate,325.11229620959784,,0.3169533566219893,3169.533566219893,325.11229620959784,,,,3.0,,3169.533566219893,0.0325112296209597,,40003,"[""R000"", ""R006"", ""R008"", ""C000"", ""C001"", ""C002""]",,,6.0,0.0,3.0,3169.5335662198936,regular,2844.4212700102958,,6830.466433780108,385.6442524918559,1.0,0.0,48.0,7748.892546509419,10331.856728679226,0.6135457835805803,0.30677289179029016
,,greedy_local_search,3124.359200707915,2,exp4:regular:c1.5:t3.0:r003,1.0,1.5,6605.704360374451,,,hardening:regular:r003,4,,,2459.260404892208,1.0,truthful resolved feasibility,,,1.0,10000.0,Current feasibility,8.0,,0.5000340118112129,0.292798144912009,0.5644281732869051,0.0,1379.231320285851,moderate,1379.231320285851,,0.44038029069163,4403.8029069163,1379.231320285851,,,,6.0,,4403.8029069163,0.1379231320285851,,40003,"[""L002"", ""R000"", ""R002"", ""R003"", ""R006"", ""R007"", ""R008"", ""C001""]",,,8.0,0.0,3.0,4403.8029069163,regular,3024.571586630449,,5596.197093083701,565.3111817382414,1.0,0.0,48.0,6605.704360374451,8807.6058138326,1.0,0.5
,,greedy_local_search,3114.147193190104,2,exp4:regular:c1.5:t3.0:r004,3.0,1.5,5326.498928440797,,,hardening:regular:r004,4,,,2484.5007674591707,1.0,catalog/geography,,,0.0,10000.0,Catalog + geography,5.0,,0.2945400800995749,0.3543671340893884,0.4926419779331254,1338.9166361616822,1983.135860286088,moderate,644.2192241244061,,0.3550999285627196,3550.9992856271974,644.2192241244061,,,,3.0,,3550.999285627198,0.0644219224124406,,40004,"[""R002"", ""R005"", ""R006"", ""C000"", ""C001"", ""C002""]",,,6.0,558.3918022861577,3.0,3550.999285627198,regular,2906.780061502792,,6449.000714372804,422.279294043621,1.0,0.0,48.0,7490.877047618475,9987.836063491297,0.7110647918235709,0.3555323959117856
,,greedy_local_search,3114.147193190104,2,exp4:regular:c1.5:t3.0:r004,1.0,1.5,6692.948533222972,,,hardening:regular:r004,4,,,2397.336948431592,1.0,truthful resolved feasibility,,,1.0,10000.0,Current feasibility,7.0,,0.423545260696158,0.4089829376951346,0.5622858668748162,0.0,1461.1373195886672,moderate,1461.1373195886672,,0.4461965688815314,4461.965688815315,1461.1373195886672,,,,6.0,,4461.965688815314,0.1461137319588667,,40004,"[""L009"", ""R002"", ""R003"", ""R004"", ""R005"", ""R006"", ""R008"", ""C001""]",,,8.0,0.0,3.0,4461.965688815315,regular,3000.828369226647,,5538.034311184687,603.4914207950551,1.0,0.0,48.0,6692.9485332229715,8923.931377630626,1.0000000000000002,0.5000000000000002
,,greedy_local_search,3198.861412389728,2,exp4:regular:c1.5:t3.0:r005,3.0,1.5,5397.794758574913,,,hardening:regular:r005,4,,,2537.850676726935,1.0,catalog/geography,,,0.0,9999.999999999996,Catalog + geography,4.0,,0.4395831769990737,0.1963181879673543,0.4666459423341849,1135.0628878201528,1765.363972668466,moderate,630.3010848483132,,0.3598529839049942,3598.529839049942,630.3010848483132,,,,3.0,,3598.529839049942,0.0630301084848313,,40005,"[""R002"", ""R004"", ""R008"", ""C000"", ""C001"", ""C002""]",,,6.0,0.0,3.0,3598.529839049942,regular,2968.228754201629,,6401.470160950058,430.37807747469367,1.0,0.0,48.0,7284.650367144426,9712.867156192566,0.7409819945402324,0.3704909972701163
,,greedy_local_search,3198.861412389728,2,exp4:regular:c1.5:t3.0:r005,2.0,1.5,6857.841242875036,,,hardening:regular:r005,4,,,2602.447015035317,1.0,truthful resolved feasibility,,,0.0,9999.999999999996,Current feasibility,5.0,,0.6172641989544303,0.1963181879673543,0.553545804368007,0.0,1418.47408093268,moderate,1418.47408093268,,0.4571894161916691,4571.894161916691,1418.47408093268,,,,5.0,,4571.894161916691,0.141847408093268,,40005,"[""R000"", ""R002"", ""R004"", ""R005"", ""R008"", ""C000"", ""C001""]",,,7.0,0.0,3.0,4571.894161916691,regular,3153.420080984011,,5428.105838083309,550.9730659486935,1.0,0.0,48.0,7214.381510647203,9619.175347529603,0.9505792329881676,0.47528961649408386
,,greedy_local_search,3122.879618156244,2,exp4:regular:c1.5:t3.0:r006,3.0,1.5,6131.234263031732,,,hardening:regular:r006,4,,,2462.101551939659,1.0,catalog/geography,,,0.0,10000.000000000002,Catalog + geography,5.0,,0.415022158835631,0.3836647262707043,0.4385316259900084,776.2556732681,1929.176226118043,moderate,1152.9205528499429,,0.4087489508687822,4087.489508687822,1152.9205528499429,,,,3.0,,4087.489508687821,0.1152920552849942,,40006,"[""R001"", ""R005"", ""R007"", ""C000"", ""C001"", ""C002""]",,,6.0,0.0,3.0,4087.489508687821,regular,2934.5689558378785,,5912.510491312178,472.46740389821946,1.0,0.0,48.0,7385.808763400332,9847.745017867112,0.8301371534847308,0.4150685767423653
,,greedy_local_search,3122.879618156244,2,exp4:regular:c1.5:t3.0:r006,2.0,1.5,7269.624636098917,,,hardening:regular:r006,4,,,2521.097175278668,1.0,truthful resolved feasibility,,,2.0,10000.000000000002,Current feasibility,7.0,,0.4091325400175101,0.5447774861543904,0.5492993962233916,0.0,1723.5368059097018,moderate,1723.5368059097018,,0.4846416424065944,4846.416424065945,1723.5368059097018,,,,4.0,,4846.416424065946,0.1723536805909701,,40006,"[""L029"", ""L034"", ""R001"", ""R005"", ""R007"", ""R008"", ""C000"", ""C001""]",,,8.0,0.0,3.0,4846.416424065946,regular,3122.879618156244,,5153.583575934054,601.7824428775757,1.0,0.0,48.0,7306.533026474326,9742.044035299103,0.9949485768090452,0.4974742884045227
,,greedy_local_search,3115.6062898195664,2,exp4:regular:c1.5:t3.0:r007,3.0,1.5,5163.349335053608,,,hardening:regular:r007,4,,,2441.0694185711945,1.0,catalog/geography,,,0.0,9999.999999999998,Catalog + geography,3.0,,0.3371793770999903,0.3546191575857606,0.34187932076781,1564.420529588148,2157.241545290381,moderate,592.8210157022331,,0.3442232890035738,3442.2328900357384,592.8210157022331,,,,3.0,,3442.232890035739,0.0592821015702233,,40007,"[""R004"", ""R007"", ""R008"", ""C000"", ""C001"", ""C002""]",,,6.0,498.51724735333175,3.0,3442.232890035739,regular,2849.4118743335057,,6557.767109964261,408.3424557623113,1.0,0.0,48.0,7736.752667271183,10315.670223028239,0.6673793976762559,0.3336896988381281
,,greedy_local_search,3115.6062898195664,2,exp4:regular:c1.5:t3.0:r007,1.0,1.5,6618.674234676586,,,hardening:regular:r007,4,,,2515.9631333658617,1.0,truthful resolved feasibility,,,1.0,9999.999999999998,Current feasibility,8.0,,0.5449833121247609,0.2814947242673066,0.4873965251436966,0.0,1332.4332250377688,moderate,1332.4332250377688,,0.4412449489784391,4412.449489784391,1332.4332250377688,,,,6.0,,4412.449489784391,0.1332433225037769,,40007,"[""L030"", ""R002"", ""R003"", ""R004"", ""R006"", ""R007"", ""R008"", ""C001""]",,,8.0,0.0,3.0,4412.449489784391,regular,3080.016264746622,,5587.550510215609,564.0531313807602,1.0,0.0,48.0,6618.674234676586,8824.898979568778,1.0,0.5000000000000002
,,greedy_local_search,3204.768007661325,2,exp4:regular:c1.5:t3.0:r008,3.0,1.5,6424.138451931411,,,hardening:regular:r008,4,,,2608.8786312977227,1.0,catalog/geography,,,0.0,9999.999999999998,Catalog + geography,4.0,,0.3952488143998702,0.4847032031320438,0.4038390460963522,627.602692679211,1797.0896190959263,moderate,1169.4869264167155,,0.4282758967954273,4282.758967954273,1169.4869264167155,,,,3.0,,4282.758967954274,0.1169486926416715,,40008,"[""R000"", ""R002"", ""R008"", ""C000"", ""C001"", ""C002""]",,,6.0,0.0,3.0,4282.758967954273,regular,3113.272041537559,,5717.241032045727,504.3934102398362,1.0,0.0,48.0,7441.68561222344,9922.247482964585,0.8632638876035499,0.431631943801775
,,greedy_local_search,3204.768007661325,2,exp4:regular:c1.5:t3.0:r008,1.0,1.5,6367.555791174805,,,hardening:regular:r008,4,,,2526.670937408687,1.0,truthful resolved feasibility,,,1.0,9999.999999999998,Current feasibility,7.0,,0.4483397117866009,0.4615530015699756,0.3060364927909589,0.0,1168.1754581313444,moderate,1168.1754581313444,,0.4245037194116536,4245.037194116537,1168.1754581313444,,,,6.0,,4245.037194116537,0.1168175458131344,,40008,"[""L026"", ""R000"", ""R001"", ""R002"", ""R004"", ""R005"", ""R008"", ""C001""]",,,8.0,0.0,3.0,4245.037194116537,regular,3076.8617359851924,,5754.962805883463,550.1907985765051,1.0,0.0,48.0,6367.555791174806,8490.074388233072,0.9999999999999999,0.5000000000000001
,,greedy_local_search,3136.9553617898514,2,exp4:regular:c1.5:t3.0:r009,3.0,1.5,5049.11566639276,,,hardening:regular:r009,4,,,2563.980110754731,1.0,catalog/geography,,,1.0,9999.999999999998,Catalog + geography,6.0,,0.3114066724353089,0.3931212581368315,0.2944113407453534,1321.5758392460943,1722.052742594649,moderate,400.47690334855497,,0.3366077110928507,3366.0771109285074,400.47690334855497,,,,3.0,,3366.077110928507,0.0400476903348555,,40009,"[""L002"", ""R000"", ""R002"", ""R003"", ""C000"", ""C001"", ""C002""]",,,7.0,0.0,3.0,3366.077110928507,regular,2965.600207579952,,6633.922889071493,401.6200968252209,1.0,0.0,48.0,7239.753921848189,9653.005229130918,0.6974153708671641,0.34870768543358205
,,greedy_local_search,3136.9553617898514,2,exp4:regular:c1.5:t3.0:r009,1.0,1.5,6448.774835394703,,,hardening:regular:r009,4,,,2435.938738718709,1.0,truthful resolved feasibility,,,1.0,9999.999999999998,Current feasibility,8.0,,0.347324990413639,0.3765211335902534,0.709198399584603,0.0,1330.6036753885078,moderate,1330.6036753885078,,0.4299183223596468,4299.183223596468,1330.6036753885078,,,,6.0,,4299.183223596468,0.1330603675388508,,40009,"[""L002"", ""R000"", ""R002"", ""R003"", ""R005"", ""R006"", ""R008"", ""C001""]",,,8.0,0.0,3.0,4299.183223596469,regular,2968.5795482079607,,5700.816776403532,532.6408094892519,1.0,0.0,48.0,6448.774835394704,8598.366447192937,0.9999999999999999,0.5000000000000001
,,greedy_local_search,3156.668444536349,2,exp4:regular:c1.5:t3.0:r010,3.0,1.5,4910.0189209216815,,,hardening:regular:r010,4,,,2582.696367236424,1.0,catalog/geography,,,1.0,10000.0,Catalog + geography,4.0,,0.2129124661948201,0.4494176333392784,0.3711390663584777,1773.1104356797655,2042.649877001596,moderate,269.5394413218305,,0.327334594728112,3273.3459472811205,269.5394413218305,,,,3.0,,3273.3459472811205,0.026953944132183,,40010,"[""L029"", ""R000"", ""R005"", ""R008"", ""C000"", ""C001"", ""C002""]",,,7.0,0.0,3.0,3273.3459472811205,regular,3003.80650595929,,6726.654052718879,421.1101387228663,1.0,0.0,48.0,7823.7138223091415,10431.618429745522,0.627581610528861,0.31379080526443043
,,greedy_local_search,3156.668444536349,2,exp4:regular:c1.5:t3.0:r010,1.0,1.5,6728.103156082827,,,hardening:regular:r010,4,,,2507.4521317644776,1.0,truthful resolved feasibility,,,1.0,10000.0,Current feasibility,6.0,,0.3295069491884779,0.5116688245027845,0.6058899734736605,0.0,1331.841673030353,moderate,1331.841673030353,,0.4485402104055218,4485.402104055218,1331.841673030353,,,,6.0,,4485.402104055218,0.1331841673030352,,40010,"[""L021"", ""R000"", ""R003"", ""R005"", ""R006"", ""R007"", ""R008"", ""C001""]",,,8.0,0.0,3.0,4485.402104055218,regular,3153.560431024865,,5514.597895944782,646.1082992603874,1.0,0.0,48.0,6728.103156082827,8970.804208110438,1.0,0.4999999999999999
,,greedy_local_search,3160.557603079724,2,exp4:regular:c1.5:t3.0:r011,3.0,1.5,5206.700275218085,,,hardening:regular:r011,4,,,2492.105670036476,1.0,catalog/geography,,,0.0,10000.000000000002,Catalog + geography,4.0,,0.2834789799569313,0.4351762410449283,0.3361806316743083,1551.3948172327357,2115.779675412376,moderate,564.3848581796401,,0.3471133516812056,3471.1335168120568,564.3848581796401,,,,3.0,,3471.1335168120568,0.056438485817964,,40011,"[""R002"", ""R003"", ""R004"", ""C000"", ""C001"", ""C002""]",,,6.0,0.0,3.0,3471.1335168120568,regular,2906.7486586324167,,6528.866483187944,414.6429885959407,1.0,0.0,48.0,7735.200010281855,10313.600013709143,0.6731177304138466,0.3365588652069232
,,greedy_local_search,3160.557603079724,2,exp4:regular:c1.5:t3.0:r011,1.0,1.5,6558.781257484059,,,hardening:regular:r011,4,,,2433.4579503269742,1.0,truthful resolved feasibility,,,1.0,10000.000000000002,Current feasibility,8.0,,0.3592081350658104,0.5559968460406293,0.4050476346921787,0.0,1360.5783376172772,moderate,1360.5783376172772,,0.4372520838322707,4372.520838322707,1360.5783376172772,,,,6.0,,4372.520838322706,0.1360578337617277,,40011,"[""L026"", ""R000"", ""R002"", ""R003"", ""R004"", ""R005"", ""R008"", ""C001""]",,,8.0,0.0,3.0,4372.520838322706,regular,3011.942500705429,,5627.479161677295,578.484550378455,1.0,0.0,48.0,6558.781257484059,8745.041676645416,1.0,0.4999999999999998
,,greedy_local_search,3192.099663508026,2,exp4:regular:c1.5:t3.0:r012,3.0,1.5,4137.030125080137,,,hardening:regular:r012,4,,,2635.2033608393685,1.0,catalog/geography,,,0.0,9999.999999999998,Catalog + geography,3.0,,0.3710046941695705,0.1643553007571574,0.2566277034868197,1846.9461502825636,1617.9705114563003,moderate,-228.9756388262631,,0.2758020083386758,2758.020083386758,-228.9756388262631,,,,3.0,,2758.020083386757,-0.0228975638826263,,40012,"[""R004"", ""R005"", ""R008"", ""C000"", ""C001"", ""C002""]",,,6.0,515.501052530843,3.0,2758.020083386758,regular,2986.9957222130206,,7241.979916613242,351.79236137365183,1.0,0.0,48.0,7190.2771422488995,9587.036189665198,0.5753644877986163,0.28768224389930824
,,greedy_local_search,3192.099663508026,2,exp4:regular:c1.5:t3.0:r012,1.0,1.5,6247.832968114888,,,hardening:regular:r012,4,,,2613.681584647953,1.0,truthful resolved feasibility,,,1.0,9999.999999999998,Current feasibility,8.0,,0.4699045401837772,0.3600831086000268,0.3951803339080834,0.0,983.1661292210574,moderate,983.1661292210574,,0.4165221978743257,4165.221978743258,983.1661292210574,,,,6.0,,4165.221978743258,0.0983166129221057,,40012,"[""L008"", ""R000"", ""R001"", ""R002"", ""R004"", ""R005"", ""R007"", ""C001""]",,,8.0,0.0,3.0,4165.221978743258,regular,3182.0558495222003,,5834.778021256742,568.374264874247,1.0,0.0,48.0,6247.832968114887,8330.443957486514,1.0000000000000002,0.5000000000000001
,,greedy_local_search,3184.1865156025765,2,exp4:regular:c1.5:t3.0:r013,3.0,1.5,6072.799805062714,,,hardening:regular:r013,4,,,2607.3741490769157,1.0,catalog/geography,,,0.0,9999.999999999998,Catalog + geography,4.0,,0.4249259081158105,0.3750805803444508,0.4117922928242086,695.1178335410241,1670.3968348697194,moderate,975.2790013286954,,0.4048533203375143,4048.533203375143,975.2790013286954,,,,3.0,,4048.533203375143,0.0975279001328695,,40013,"[""R002"", ""R005"", ""R007"", ""C000"", ""C001"", ""C002""]",,,6.0,0.0,3.0,4048.533203375143,regular,3073.2542020464475,,5951.466796624858,465.8800529695324,1.0,0.0,48.0,7185.884384141522,9581.17917885536,0.8451012402126499,0.42255062010632505
,,greedy_local_search,3184.1865156025765,2,exp4:regular:c1.5:t3.0:r013,1.0,1.5,6558.539560020399,,,hardening:regular:r013,4,,,2503.6751043531685,1.0,truthful resolved feasibility,,,1.0,9999.999999999998,Current feasibility,7.0,,0.4406176136610314,0.4222484313119475,0.4558554678069039,0.0,1295.8901939503005,moderate,1295.8901939503005,,0.4372359706680266,4372.359706680267,1295.8901939503005,,,,6.0,,4372.359706680267,0.12958901939503,,40013,"[""L030"", ""R001"", ""R002"", ""R003"", ""R005"", ""R007"", ""R008"", ""C001""]",,,8.0,0.0,3.0,4372.359706680267,regular,3076.4695127299665,,5627.640293319734,572.7944083767982,1.0,0.0,48.0,6558.5395600204,8744.719413360534,0.9999999999999999,0.5
,,greedy_local_search,3149.994846744082,2,exp4:regular:c1.5:t3.0:r014,2.0,1.5,6028.660495067576,,,hardening:regular:r014,4,,,2520.5533470010105,1.0,catalog/geography,,,2.0,10000.0,Catalog + geography,7.0,,0.4054528549047555,0.3674132016508125,0.4543114719312368,701.3025925324578,1706.3209299569448,moderate,1005.0183374244872,,0.4019106996711717,4019.106996711717,1005.0183374244872,,,,4.0,,4019.106996711717,0.1005018337424487,,40014,"[""L017"", ""L035"", ""R000"", ""R005"", ""R006"", ""R007"", ""C000"", ""C001""]",,,8.0,136.66990945248423,3.0,4019.106996711717,regular,3014.0886592872303,,5980.893003288283,493.5353122862199,1.0,0.0,48.0,7242.258980090815,9656.34530678775,0.832428184581709,0.41621409229085454
,,greedy_local_search,3149.994846744082,2,exp4:regular:c1.5:t3.0:r014,1.0,1.5,6654.428152272729,,,hardening:regular:r014,4,,,2456.244026260312,1.0,truthful resolved feasibility,,,1.0,10000.0,Current feasibility,7.0,,0.5340451279088613,0.3478143118449156,0.4078661339007026,0.0,1421.901966300832,moderate,1421.901966300832,,0.4436285434848486,4436.285434848486,1421.901966300832,,,,6.0,,4436.285434848485,0.1421901966300832,,40014,"[""L017"", ""R000"", ""R002"", ""R004"", ""R005"", ""R006"", ""R007"", ""C001""]",,,8.0,0.0,3.0,4436.285434848486,regular,3014.383468547653,,5563.714565151515,558.1394422873411,1.0,0.0,48.0,6654.428152272729,8872.57086969697,1.0,0.5000000000000001
,,greedy_local_search,3157.5449359068625,2,exp4:regular:c1.5:t3.0:r015,3.0,1.5,7230.885721537176,,,hardening:regular:r015,4,,,2639.699477683733,1.0,catalog/geography,,,1.0,9999.999999999998,Catalog + geography,4.0,,0.5166601269850488,0.3958024962252489,0.5551555864018467,165.38289122005062,1828.428436337972,moderate,1663.0455451179214,,0.4820590481024784,4820.590481024785,1663.0455451179214,,,,3.0,,4820.590481024784,0.1663045545117921,,40015,"[""L009"", ""R000"", ""R004"", ""R005"", ""C000"", ""C001"", ""C002""]",,,7.0,0.0,3.0,4820.590481024784,regular,3157.5449359068625,,5179.409518975215,517.8454582231292,1.0,0.0,48.0,7531.803430401371,10042.404573868493,0.9600470575679697,0.4800235287839849
,,greedy_local_search,3157.5449359068625,2,exp4:regular:c1.5:t3.0:r015,3.0,1.5,7111.593688768295,,,hardening:regular:r015,4,,,2537.408867842184,1.0,truthful resolved feasibility,,,0.0,9999.999999999998,Current feasibility,3.0,,0.5394185793589447,0.3897055364230479,0.4748547372914719,0.0,1716.844303701543,moderate,1716.844303701543,,0.4741062459178863,4741.062459178863,1716.844303701543,,,,3.0,,4741.062459178863,0.1716844303701543,,40015,"[""R004"", ""R005"", ""R006"", ""C000"", ""C001"", ""C002""]",,,6.0,0.0,3.0,4741.062459178863,regular,3024.21815547732,,5258.937540821136,486.80928763513646,1.0,0.0,48.0,7244.833426667942,9659.777902223921,0.9816089991235413,0.4908044995617707
,,greedy_local_search,3157.122265676465,2,exp4:regular:c1.5:t3.0:r016,3.0,1.5,5547.421570637691,,,hardening:regular:r016,4,,,2502.329560917907,1.0,catalog/geography,,,0.0,10000.000000000002,Catalog + geography,5.0,,0.3994801501427165,0.314272740125593,0.4003328905049971,1117.743746829341,1864.9175587621655,moderate,747.1738119328247,,0.3698281047091794,3698.2810470917934,747.1738119328247,,,,3.0,,3698.2810470917934,0.0747173811932824,,40016,"[""R001"", ""R002"", ""R008"", ""C000"", ""C001"", ""C002""]",,,6.0,0.0,3.0,3698.2810470917934,regular,2951.1072351589696,,6301.718952908206,448.7776742410625,1.0,0.0,48.0,7391.6255502300855,9855.500733640118,0.750500892251639,0.37525044612581926
,,greedy_local_search,3157.122265676465,2,exp4:regular:c1.5:t3.0:r016,1.0,1.5,6429.804092164931,,,hardening:regular:r016,4,,,2444.152107772451,1.0,truthful resolved feasibility,,,1.0,10000.000000000002,Current feasibility,8.0,,0.399518278708121,0.3799113319091817,0.5795070727873035,0.0,1281.4101697860642,moderate,1281.4101697860642,,0.4286536061443287,4286.536061443287,1281.4101697860642,,,,6.0,,4286.536061443288,0.1281410169786064,,40016,"[""L020"", ""R001"", ""R002"", ""R003"", ""R004"", ""R005"", ""R008"", ""C001""]",,,8.0,0.0,3.0,4286.536061443288,regular,3005.1258916572237,,5713.463938556713,560.9737838847723,1.0,0.0,48.0,6429.804092164932,8573.07212288658,0.9999999999999999,0.4999999999999998
,,greedy_local_search,3219.934328513683,2,exp4:regular:c1.5:t3.0:r017,3.0,1.5,4541.633234816453,,,hardening:regular:r017,4,,,2595.2815895121366,1.0,catalog/geography,,,0.0,10000.000000000002,Catalog + geography,4.0,,0.1708252037154845,0.4023949766398679,0.4253298274592087,1748.472459146706,1824.6922373147936,moderate,76.21977816808749,,0.3027755489877635,3027.755489877636,76.21977816808749,,,,3.0,,3027.7554898776352,0.0076219778168087,,40017,"[""R001"", ""R004"", ""R008"", ""C000"", ""C001"", ""C002""]",,,6.0,0.0,3.0,3027.7554898776352,regular,2951.535711709548,,6972.244510122365,356.25412219741105,1.0,0.0,48.0,7392.4495942352705,9856.599458980365,0.6143610689423,0.3071805344711499
,,greedy_local_search,3219.934328513683,2,exp4:regular:c1.5:t3.0:r017,1.0,1.5,6677.753670548202,,,hardening:regular:r017,4,,,2612.249818267049,1.0,truthful resolved feasibility,,,2.0,10000.000000000002,Current feasibility,8.0,,0.3801380422625349,0.492126297041762,0.5093862752689466,0.0,1240.7530559261468,moderate,1240.7530559261468,,0.4451835780365467,4451.835780365467,1240.7530559261468,,,,6.0,,4451.835780365468,0.1240753055926146,,40017,"[""L009"", ""L020"", ""R000"", ""R001"", ""R002"", ""R004"", ""R005"", ""R008"", ""C001""]",,,9.0,0.0,3.0,4451.835780365467,regular,3211.0827244393213,,5548.164219634533,598.8329061722725,1.0,0.0,48.0,6677.753670548202,8903.67156073094,1.0,0.49999999999999967
,,greedy_local_search,3175.553828239308,2,exp4:regular:c1.5:t3.0:r018,3.0,1.5,4870.6250064745045,,,hardening:regular:r018,4,,,2609.890157730034,1.0,catalog/geography,,,1.0,9999.999999999996,Catalog + geography,6.0,,0.3272385502831731,0.3313469214449301,0.3073978181590677,1484.0084192515403,1706.773022744711,moderate,222.7646034931704,,0.324708333764967,3247.08333764967,222.7646034931704,,,,3.0,,3247.08333764967,0.022276460349317,,40018,"[""L007"", ""R000"", ""R005"", ""R008"", ""C000"", ""C001"", ""C002""]",,,7.0,527.4568601825961,3.0,3247.0833376496703,regular,3024.3187341564994,,6752.91666235033,414.4285764264656,1.0,0.0,48.0,7273.522504859876,9698.030006479832,0.6696377172436255,0.33481885862181293
,,greedy_local_search,3175.553828239308,2,exp4:regular:c1.5:t3.0:r018,1.0,1.5,6562.610665542801,,,hardening:regular:r018,4,,,2517.7608408562432,1.0,truthful resolved feasibility,,,2.0,9999.999999999996,Current feasibility,9.0,,0.4308648547776278,0.4134472874149449,0.4945582122884509,0.0,1254.4665921646756,moderate,1254.4665921646756,,0.4375073777028534,4375.073777028534,1254.4665921646756,,,,6.0,,4375.073777028534,0.1254466592164676,,40018,"[""L007"", ""L016"", ""R000"", ""R002"", ""R003"", ""R004"", ""R005"", ""R008"", ""C001""]",,,9.0,0.0,3.0,4375.073777028533,regular,3120.6071848638585,,5624.926222971466,602.8463440076152,1.0,0.0,48.0,6562.610665542801,8750.147554057066,1.0,0.5
,,greedy_local_search,3116.235950464716,2,exp4:regular:c1.5:t3.0:r019,3.0,1.5,5421.825754480788,,,hardening:regular:r019,4,,,2564.190787812665,1.0,catalog/geography,,,0.0,10000.000000000002,Catalog + geography,4.0,,0.374877099150641,0.3903406850060291,0.2807055796441031,1372.3806479826176,2015.890564089134,moderate,643.5099161065164,,0.3614550502987192,3614.550502987192,643.5099161065164,,,,3.0,,3614.550502987192,0.0643509916106516,,40019,"[""R001"", ""R002"", ""R003"", ""C000"", ""C001"", ""C002""]",,,6.0,591.6360513433833,3.0,3614.550502987192,regular,2971.040586880676,,6385.449497012807,406.8497990680105,1.0,0.0,48.0,7720.511717955869,10294.015623941163,0.7022624862897436,0.35113124314487165
,,greedy_local_search,3116.235950464716,2,exp4:regular:c1.5:t3.0:r019,2.0,1.5,6821.81909952925,,,hardening:regular:r019,4,,,2565.458833417412,1.0,truthful resolved feasibility,,,0.0,10000.000000000002,Current feasibility,4.0,,0.5275270749544988,0.4084054647636612,0.3722942178590541,0.0,1439.0526977052978,moderate,1439.0526977052978,,0.4547879399686166,4547.879399686166,1439.0526977052978,,,,5.0,,4547.879399686167,0.1439052697705297,,40019,"[""R001"", ""R002"", ""R003"", ""R007"", ""R008"", ""C000"", ""C001""]",,,7.0,0.0,3.0,4547.879399686167,regular,3108.826701980869,,5452.120600313834,543.3678685634575,1.0,0.0,48.0,7408.5728333454745,9878.097111127303,0.920800706557775,0.46040035327888734
,,greedy_local_search,3173.5643698667427,2,exp4:regular:c3.0:t0.75:r000,0.0,3.0,0.0,,,hardening:regular:r000,4,,,0.0,1.0,catalog/geography,,,0.0,10000.000000000002,Catalog + geography,0.0,,0.0,0.0,0.0,0.0,0.0,moderate,0.0,,0.0,0.0,0.0,,,,0.0,,0.0,0.0,,40000,[],,,0.0,0.0,0.75,0.0,regular,0.0,,10000.0,0.0,1.0,1.0,48.0,0.0,0.0,0.0,0.0
,,greedy_local_search,3173.5643698667427,2,exp4:regular:c3.0:t0.75:r000,0.0,3.0,0.0,,,hardening:regular:r000,4,,,0.0,1.0,truthful resolved feasibility,,,0.0,10000.000000000002,Current feasibility,0.0,,0.0,0.0,0.0,0.0,0.0,moderate,0.0,,0.0,0.0,0.0,,,,0.0,,0.0,0.0,,40000,[],,,0.0,0.0,0.75,0.0,regular,0.0,,10000.0,0.0,1.0,1.0,48.0,0.0,0.0,0.0,0.0
,,greedy_local_search,3169.8463396134275,2,exp4:regular:c3.0:t0.75:r001,0.0,3.0,0.0,,,hardening:regular:r001,4,,,0.0,1.0,catalog/geography,,,0.0,9999.999999999998,Catalog + geography,0.0,,0.0,0.0,0.0,0.0,0.0,moderate,0.0,,0.0,0.0,0.0,,,,0.0,,0.0,0.0,,40001,[],,,0.0,0.0,0.75,0.0,regular,0.0,,10000.0,0.0,1.0,1.0,48.0,0.0,0.0,0.0,0.0
,,greedy_local_search,3169.8463396134275,2,exp4:regular:c3.0:t0.75:r001,0.0,3.0,0.0,,,hardening:regular:r001,4,,,0.0,1.0,truthful resolved feasibility,,,0.0,9999.999999999998,Current feasibility,0.0,,0.0,0.0,0.0,0.0,0.0,moderate,0.0,,0.0,0.0,0.0,,,,0.0,,0.0,0.0,,40001,[],,,0.0,0.0,0.75,0.0,regular,0.0,,10000.0,0.0,1.0,1.0,48.0,0.0,0.0,0.0,0.0
,,greedy_local_search,3160.6718778658683,2,exp4:regular:c3.0:t0.75:r002,0.0,3.0,0.0,,,hardening:regular:r002,4,,,0.0,1.0,catalog/geography,,,0.0,10000.000000000002,Catalog + geography,0.0,,0.0,0.0,0.0,0.0,0.0,moderate,0.0,,0.0,0.0,0.0,,,,0.0,,0.0,0.0,,40002,[],,,0.0,0.0,0.75,0.0,regular,0.0,,10000.000000000002,0.0,1.0,1.0,48.0,0.0,0.0,0.0,0.0
,,greedy_local_search,3160.6718778658683,2,exp4:regular:c3.0:t0.75:r002,0.0,3.0,0.0,,,hardening:regular:r002,4,,,0.0,1.0,truthful resolved feasibility,,,0.0,10000.000000000002,Current feasibility,0.0,,0.0,0.0,0.0,0.0,0.0,moderate,0.0,,0.0,0.0,0.0,,,,0.0,,0.0,0.0,,40002,[],,,0.0,0.0,0.75,0.0,regular,0.0,,10000.000000000002,0.0,1.0,1.0,48.0,0.0,0.0,0.0,0.0
,,greedy_local_search,3124.359200707915,2,exp4:regular:c3.0:t0.75:r003,3.0,3.0,1520.1270965528718,,,hardening:regular:r003,4,,,1584.488377363697,1.0,catalog/geography,,,0.0,10000.0,Catalog + geography,2.0,,0.0956443737049468,0.0858281500106405,0.141309928829539,728.6580069734263,52.06000419317388,moderate,-676.5980027802524,,0.1013418064368581,1013.4180643685812,-676.5980027802524,,,,0.0,,1013.4180643685812,-0.0676598002780252,,40003,"[""C000"", ""C001"", ""C002""]",,,3.0,0.0,0.75,1013.4180643685812,regular,1690.0160671488336,,8986.581935631419,105.52768978513664,1.0,0.0,48.0,10895.55150413014,1815.9252506883568,0.1395181415072603,0.5580725660290412
,,greedy_local_search,3124.359200707915,2,exp4:regular:c3.0:t0.75:r003,1.0,3.0,933.05645833262,,,hardening:regular:r003,4,,,555.2961805279892,1.0,truthful resolved feasibility,,,0.0,10000.0,Current feasibility,1.0,,0.0566474139248805,0.0463339283240445,0.1024777635461474,0.0,3.1719446986398907,moderate,3.1719446986398907,,0.0622037638888413,622.0376388884133,3.1719446986398907,,,,0.0,,622.0376388884133,0.0003171944698639,,40003,"[""C001""]",,,1.0,0.0,0.75,622.0376388884133,regular,618.8656941897734,,9377.96236111159,63.56951366178414,1.0,0.0,48.0,3732.22583333048,622.0376388884133,0.25,1.0
,,greedy_local_search,3114.147193190104,2,exp4:regular:c3.0:t0.75:r004,1.0,3.0,929.9912859619884,,,hardening:regular:r004,4,,,487.8726504020125,1.0,catalog/geography,,,0.0,10000.0,Catalog + geography,1.0,,0.0362756257242487,0.0623462685649235,0.1192709674524867,0.7853562741454425,69.03262261982286,moderate,68.24726634567742,,0.0619994190641325,619.9941906413255,68.24726634567742,,,,0.0,,619.9941906413254,0.0068247266345677,,40004,"[""C001""]",,,1.0,0.0,0.75,619.9941906413254,regular,551.746924295648,,9380.005809358676,63.874273893635504,1.0,0.0,48.0,3719.965143847954,619.9941906413255,0.24999999999999997,0.9999999999999998
,,greedy_local_search,3114.147193190104,2,exp4:regular:c3.0:t0.75:r004,1.0,3.0,929.9912859619884,,,hardening:regular:r004,4,,,487.8726504020125,1.0,truthful resolved feasibility,,,0.0,10000.0,Current feasibility,1.0,,0.0362756257242487,0.0623462685649235,0.1192709674524867,0.0,68.24726634567742,moderate,68.24726634567742,,0.0619994190641325,619.9941906413255,68.24726634567742,,,,0.0,,619.9941906413254,0.0068247266345677,,40004,"[""C001""]",,,1.0,0.0,0.75,619.9941906413254,regular,551.746924295648,,9380.005809358676,63.874273893635504,1.0,0.0,48.0,3719.965143847954,619.9941906413255,0.24999999999999997,0.9999999999999998
,,greedy_local_search,3198.861412389728,2,exp4:regular:c3.0:t0.75:r005,1.0,3.0,819.2847629539365,,,hardening:regular:r005,4,,,497.5412753591685,1.0,catalog/geography,,,0.0,9999.999999999996,Catalog + geography,1.0,,0.0556650809274461,0.0355620097187241,0.0856149718901243,0.0018554441132891,0.9463079575730262,moderate,0.944452513459737,,0.054618984196929,546.1898419692909,0.944452513459737,,,,0.0,,546.1898419692909,9.444525134597372e-05,,40005,"[""C001""]",,,1.0,0.0,0.75,546.1898419692909,regular,545.2453894558312,,9453.810158030708,47.70411409666261,1.0,0.0,48.0,3277.1390518157464,546.1898419692909,0.24999999999999997,1.0
,,greedy_local_search,3198.861412389728,2,exp4:regular:c3.0:t0.75:r005,1.0,3.0,819.2847629539365,,,hardening:regular:r005,4,,,497.5412753591685,1.0,truthful resolved feasibility,,,0.0,9999.999999999996,Current feasibility,1.0,,0.0556650809274461,0.0355620097187241,0.0856149718901243,0.0,0.944452513459737,moderate,0.944452513459737,,0.054618984196929,546.1898419692909,0.944452513459737,,,,0.0,,546.1898419692909,9.444525134597372e-05,,40005,"[""C001""]",,,1.0,0.0,0.75,546.1898419692909,regular,545.2453894558312,,9453.810158030708,47.70411409666261,1.0,0.0,48.0,3277.1390518157464,546.1898419692909,0.24999999999999997,1.0
,,greedy_local_search,3122.879618156244,2,exp4:regular:c3.0:t0.75:r006,1.0,3.0,864.8088420121635,,,hardening:regular:r006,4,,,497.9541697089165,1.0,catalog/geography,,,0.0,10000.000000000002,Catalog + geography,1.0,,0.0350760899474649,0.0732187694870005,0.0812155650200075,0.0,19.085861686341783,moderate,19.085861686341783,,0.0576539228008109,576.539228008109,19.085861686341783,,,,0.0,,576.5392280081091,0.0019085861686341,,40006,"[""C001""]",,,1.0,0.0,0.75,576.5392280081091,regular,557.4533663217674,,9423.46077199189,59.49919661285082,1.0,0.0,48.0,3459.2353680486535,576.539228008109,0.25000000000000006,1.0000000000000002
,,greedy_local_search,3122.879618156244,2,exp4:regular:c3.0:t0.75:r006,1.0,3.0,864.8088420121635,,,hardening:regular:r006,4,,,497.9541697089165,1.0,truthful resolved feasibility,,,0.0,10000.000000000002,Current feasibility,1.0,,0.0350760899474649,0.0732187694870005,0.0812155650200075,0.0,19.085861686341783,moderate,19.085861686341783,,0.0576539228008109,576.539228008109,19.085861686341783,,,,0.0,,576.5392280081091,0.0019085861686341,,40006,"[""C001""]",,,1.0,0.0,0.75,576.5392280081091,regular,557.4533663217674,,9423.46077199189,59.49919661285082,1.0,0.0,48.0,3459.2353680486535,576.539228008109,0.25000000000000006,1.0000000000000002
,,greedy_local_search,3115.6062898195664,2,exp4:regular:c3.0:t0.75:r007,2.0,3.0,404.95577436593953,,,hardening:regular:r007,4,,,993.168741908976,1.0,catalog/geography,,,0.0,9999.999999999998,Catalog + geography,0.0,,0.0,0.0771344332125599,0.0,837.2151534370413,85.42647016930005,moderate,-751.7886832677412,,0.0269970516243959,269.97051624395965,-751.7886832677412,,,,0.0,,269.97051624395965,-0.0751788683267741,,40007,"[""C000"", ""C002""]",,,2.0,498.51724735333175,0.75,269.97051624395965,regular,1021.7591995117008,,9730.02948375604,28.590457602724936,1.0,0.0,48.0,7150.784312645973,1191.7973854409952,0.0566309591592332,0.22652383663693282
,,greedy_local_search,3115.6062898195664,2,exp4:regular:c3.0:t0.75:r007,0.0,3.0,0.0,,,hardening:regular:r007,4,,,0.0,1.0,truthful resolved feasibility,,,0.0,9999.999999999998,Current feasibility,0.0,,0.0,0.0,0.0,0.0,0.0,moderate,0.0,,0.0,0.0,0.0,,,,0.0,,0.0,0.0,,40007,[],,,0.0,0.0,0.75,0.0,regular,0.0,,10000.0,0.0,1.0,1.0,48.0,0.0,0.0,0.0,0.0
,,greedy_local_search,3204.768007661325,2,exp4:regular:c3.0:t0.75:r008,0.0,3.0,0.0,,,hardening:regular:r008,4,,,0.0,1.0,catalog/geography,,,0.0,9999.999999999998,Catalog + geography,0.0,,0.0,0.0,0.0,0.0,0.0,moderate,0.0,,0.0,0.0,0.0,,,,0.0,,0.0,0.0,,40008,[],,,0.0,0.0,0.75,0.0,regular,0.0,,10000.0,0.0,1.0,1.0,48.0,0.0,0.0,0.0,0.0
,,greedy_local_search,3204.768007661325,2,exp4:regular:c3.0:t0.75:r008,0.0,3.0,0.0,,,hardening:regular:r008,4,,,0.0,1.0,truthful resolved feasibility,,,0.0,9999.999999999998,Current feasibility,0.0,,0.0,0.0,0.0,0.0,0.0,moderate,0.0,,0.0,0.0,0.0,,,,0.0,,0.0,0.0,,40008,[],,,0.0,0.0,0.75,0.0,regular,0.0,,10000.0,0.0,1.0,1.0,48.0,0.0,0.0,0.0,0.0
,,greedy_local_search,3136.9553617898514,2,exp4:regular:c3.0:t0.75:r009,0.0,3.0,0.0,,,hardening:regular:r009,4,,,0.0,1.0,catalog/geography,,,0.0,9999.999999999998,Catalog + geography,0.0,,0.0,0.0,0.0,0.0,0.0,moderate,0.0,,0.0,0.0,0.0,,,,0.0,,0.0,0.0,,40009,[],,,0.0,0.0,0.75,0.0,regular,0.0,,10000.0,0.0,1.0,1.0,48.0,0.0,0.0,0.0,0.0
,,greedy_local_search,3136.9553617898514,2,exp4:regular:c3.0:t0.75:r009,0.0,3.0,0.0,,,hardening:regular:r009,4,,,0.0,1.0,truthful resolved feasibility,,,0.0,9999.999999999998,Current feasibility,0.0,,0.0,0.0,0.0,0.0,0.0,moderate,0.0,,0.0,0.0,0.0,,,,0.0,,0.0,0.0,,40009,[],,,0.0,0.0,0.75,0.0,regular,0.0,,10000.0,0.0,1.0,1.0,48.0,0.0,0.0,0.0,0.0
,,greedy_local_search,3156.668444536349,2,exp4:regular:c3.0:t0.75:r010,1.0,3.0,416.5435924534768,,,hardening:regular:r010,4,,,527.2752102898421,1.0,catalog/geography,,,0.0,10000.0,Catalog + geography,1.0,,0.0447753953572327,0.0,0.0381032245973853,282.4762750142071,9.517555948559448,moderate,-272.95871906564764,,0.0277695728302317,277.6957283023179,-272.95871906564764,,,,0.0,,277.6957283023179,-0.0272958719065647,,40010,"[""C000""]",,,1.0,0.0,0.75,277.6957283023179,regular,550.6544473679655,,9722.304271697682,23.37923707812346,1.0,0.0,48.0,3484.4152416585353,580.7358736097559,0.11954476248221425,0.47817904992885707
,,greedy_local_search,3156.668444536349,2,exp4:regular:c3.0:t0.75:r010,0.0,3.0,0.0,,,hardening:regular:r010,4,,,0.0,1.0,truthful resolved feasibility,,,0.0,10000.0,Current feasibility,0.0,,0.0,0.0,0.0,0.0,0.0,moderate,0.0,,0.0,0.0,0.0,,,,0.0,,0.0,0.0,,40010,[],,,0.0,0.0,0.75,0.0,regular,0.0,,10000.0,0.0,1.0,1.0,48.0,0.0,0.0,0.0,0.0
,,greedy_local_search,3160.557603079724,2,exp4:regular:c3.0:t0.75:r011,1.0,3.0,680.1174753114044,,,hardening:regular:r011,4,,,511.4080736275979,1.0,catalog/geography,,,0.0,10000.000000000002,Catalog + geography,1.0,,0.0442607025263948,0.0726395682396646,0.0,160.72098539085232,56.63242652347276,moderate,-104.08855886737956,,0.0453411650207603,453.411650207603,-104.08855886737956,,,,0.0,,453.411650207603,-0.0104088558867379,,40011,"[""C000""]",,,1.0,0.0,0.75,453.411650207603,regular,557.5002090749825,,9546.588349792395,46.09213544738467,1.0,0.0,48.0,3762.3383897961257,627.0563982993546,0.18076988427089855,0.723079537083594
,,greedy_local_search,3160.557603079724,2,exp4:regular:c3.0:t0.75:r011,0.0,3.0,0.0,,,hardening:regular:r011,4,,,0.0,1.0,truthful resolved feasibility,,,0.0,10000.000000000002,Current feasibility,0.0,,0.0,0.0,0.0,0.0,0.0,moderate,0.0,,0.0,0.0,0.0,,,,0.0,,0.0,0.0,,40011,[],,,0.0,0.0,0.75,0.0,regular,0.0,,10000.0,0.0,1.0,1.0,48.0,0.0,0.0,0.0,0.0
,,greedy_local_search,3192.099663508026,2,exp4:regular:c3.0:t0.75:r012,1.0,3.0,0.0,,,hardening:regular:r012,4,,,515.501052530843,1.0,catalog/geography,,,0.0,9999.999999999998,Catalog + geography,0.0,,0.0,0.0,0.0,574.41531146936,58.91425893851692,moderate,-515.501052530843,,0.0,0.0,-515.501052530843,,,,0.0,,0.0,-0.0515501052530843,,40012,"[""C002""]",,,1.0,515.501052530843,0.75,0.0,regular,515.501052530843,,10000.0,0.0,1.0,0.0,48.0,3803.0332439882936,633.8388739980488,0.0,0.0
,,greedy_local_search,3192.099663508026,2,exp4:regular:c3.0:t0.75:r012,0.0,3.0,0.0,,,hardening:regular:r012,4,,,0.0,1.0,truthful resolved feasibility,,,0.0,9999.999999999998,Current feasibility,0.0,,0.0,0.0,0.0,0.0,0.0,moderate,0.0,,0.0,0.0,0.0,,,,0.0,,0.0,0.0,,40012,[],,,0.0,0.0,0.75,0.0,regular,0.0,,10000.0,0.0,1.0,1.0,48.0,0.0,0.0,0.0,0.0
,,greedy_local_search,3184.1865156025765,2,exp4:regular:c3.0:t0.75:r013,0.0,3.0,0.0,,,hardening:regular:r013,4,,,0.0,1.0,catalog/geography,,,0.0,9999.999999999998,Catalog + geography,0.0,,0.0,0.0,0.0,0.0,0.0,moderate,0.0,,0.0,0.0,0.0,,,,0.0,,0.0,0.0,,40013,[],,,0.0,0.0,0.75,0.0,regular,0.0,,10000.0,0.0,1.0,1.0,48.0,0.0,0.0,0.0,0.0
,,greedy_local_search,3184.1865156025765,2,exp4:regular:c3.0:t0.75:r013,0.0,3.0,0.0,,,hardening:regular:r013,4,,,0.0,1.0,truthful resolved feasibility,,,0.0,9999.999999999998,Current feasibility,0.0,,0.0,0.0,0.0,0.0,0.0,moderate,0.0,,0.0,0.0,0.0,,,,0.0,,0.0,0.0,,40013,[],,,0.0,0.0,0.75,0.0,regular,0.0,,10000.0,0.0,1.0,1.0,48.0,0.0,0.0,0.0,0.0
,,greedy_local_search,3149.994846744082,2,exp4:regular:c3.0:t0.75:r014,0.0,3.0,0.0,,,hardening:regular:r014,4,,,0.0,1.0,catalog/geography,,,0.0,10000.0,Catalog + geography,0.0,,0.0,0.0,0.0,0.0,0.0,moderate,0.0,,0.0,0.0,0.0,,,,0.0,,0.0,0.0,,40014,[],,,0.0,0.0,0.75,0.0,regular,0.0,,10000.0,0.0,1.0,1.0,48.0,0.0,0.0,0.0,0.0
,,greedy_local_search,3149.994846744082,2,exp4:regular:c3.0:t0.75:r014,0.0,3.0,0.0,,,hardening:regular:r014,4,,,0.0,1.0,truthful resolved feasibility,,,0.0,10000.0,Current feasibility,0.0,,0.0,0.0,0.0,0.0,0.0,moderate,0.0,,0.0,0.0,0.0,,,,0.0,,0.0,0.0,,40014,[],,,0.0,0.0,0.75,0.0,regular,0.0,,10000.0,0.0,1.0,1.0,48.0,0.0,0.0,0.0,0.0
,,greedy_local_search,3157.5449359068625,2,exp4:regular:c3.0:t0.75:r015,1.0,3.0,408.51466022926377,,,hardening:regular:r015,4,,,528.9758746747087,1.0,catalog/geography,,,0.0,9999.999999999998,Catalog + geography,0.0,,0.0,0.0778123162341455,0.0,293.4372562148536,16.602735161987653,moderate,-276.834521052866,,0.0272343106819509,272.3431068195092,-276.834521052866,,,,0.0,,272.3431068195092,-0.0276834521052866,,40015,"[""C000""]",,,1.0,0.0,0.75,272.3431068195092,regular,549.1776278723752,,9727.65689318049,20.2017531976664,1.0,0.0,48.0,3534.5967576334065,589.0994596055676,0.1155760298107627,0.4623041192430509
,,greedy_local_search,3157.5449359068625,2,exp4:regular:c3.0:t0.75:r015,0.0,3.0,0.0,,,hardening:regular:r015,4,,,0.0,1.0,truthful resolved feasibility,,,0.0,9999.999999999998,Current feasibility,0.0,,0.0,0.0,0.0,0.0,0.0,moderate,0.0,,0.0,0.0,0.0,,,,0.0,,0.0,0.0,,40015,[],,,0.0,0.0,0.75,0.0,regular,0.0,,10000.0,0.0,1.0,1.0,48.0,0.0,0.0,0.0,0.0
,,greedy_local_search,3157.122265676465,2,exp4:regular:c3.0:t0.75:r016,1.0,3.0,471.9741174547762,,,hardening:regular:r016,4,,,523.1664220556563,1.0,catalog/geography,,,0.0,10000.000000000002,Catalog + geography,1.0,,0.0,0.0426961684295064,0.0826064110666224,300.1043466490712,57.44096045605068,moderate,-242.66338619302053,,0.0314649411636517,314.64941163651747,-242.66338619302053,,,,0.0,,314.64941163651747,-0.024266338619302,,40016,"[""C002""]",,,1.0,0.0,0.75,314.64941163651747,regular,557.312797829538,,9685.350588363484,34.14637577388169,1.0,0.0,48.0,3866.738439053035,644.4564065088394,0.12206000609918749,0.4882400243967498
,,greedy_local_search,3157.122265676465,2,exp4:regular:c3.0:t0.75:r016,0.0,3.0,0.0,,,hardening:regular:r016,4,,,0.0,1.0,truthful resolved feasibility,,,0.0,10000.000000000002,Current feasibility,0.0,,0.0,0.0,0.0,0.0,0.0,moderate,0.0,,0.0,0.0,0.0,,,,0.0,,0.0,0.0,,40016,[],,,0.0,0.0,0.75,0.0,regular,0.0,,10000.0,0.0,1.0,1.0,48.0,0.0,0.0,0.0,0.0
,,greedy_local_search,3219.934328513683,2,exp4:regular:c3.0:t0.75:r017,1.0,3.0,544.504968400039,,,hardening:regular:r017,4,,,496.31564638755617,1.0,catalog/geography,,,0.0,10000.000000000002,Catalog + geography,1.0,,0.0463804057590116,0.0440832818146115,0.0,202.24428688730023,33.46822161487148,moderate,-168.77606527242875,,0.0363003312266692,363.0033122666927,-168.77606527242875,,,,0.0,,363.0033122666927,-0.0168776065272428,,40017,"[""C002""]",,,1.0,0.0,0.75,363.0033122666927,regular,531.7793775391215,,9636.996687733306,35.463731151565334,1.0,0.0,48.0,3478.983344672303,579.830557445384,0.15651266891918042,0.6260506756767215
,,greedy_local_search,3219.934328513683,2,exp4:regular:c3.0:t0.75:r017,0.0,3.0,0.0,,,hardening:regular:r017,4,,,0.0,1.0,truthful resolved feasibility,,,0.0,10000.000000000002,Current feasibility,0.0,,0.0,0.0,0.0,0.0,0.0,moderate,0.0,,0.0,0.0,0.0,,,,0.0,,0.0,0.0,,40017,[],,,0.0,0.0,0.75,0.0,regular,0.0,,10000.0,0.0,1.0,1.0,48.0,0.0,0.0,0.0,0.0
,,greedy_local_search,3175.553828239308,2,exp4:regular:c3.0:t0.75:r018,0.0,3.0,0.0,,,hardening:regular:r018,4,,,0.0,1.0,catalog/geography,,,0.0,9999.999999999996,Catalog + geography,0.0,,0.0,0.0,0.0,0.0,0.0,moderate,0.0,,0.0,0.0,0.0,,,,0.0,,0.0,0.0,,40018,[],,,0.0,0.0,0.75,0.0,regular,0.0,,10000.0,0.0,1.0,1.0,48.0,0.0,0.0,0.0,0.0
,,greedy_local_search,3175.553828239308,2,exp4:regular:c3.0:t0.75:r018,0.0,3.0,0.0,,,hardening:regular:r018,4,,,0.0,1.0,truthful resolved feasibility,,,0.0,9999.999999999996,Current feasibility,0.0,,0.0,0.0,0.0,0.0,0.0,moderate,0.0,,0.0,0.0,0.0,,,,0.0,,0.0,0.0,,40018,[],,,0.0,0.0,0.75,0.0,regular,0.0,,10000.0,0.0,1.0,1.0,48.0,0.0,0.0,0.0,0.0
,,greedy_local_search,3116.235950464716,2,exp4:regular:c3.0:t0.75:r019,1.0,3.0,928.8516108032442,,,hardening:regular:r019,4,,,493.2709570200225,1.0,catalog/geography,,,0.0,10000.000000000002,Catalog + geography,1.0,,0.0673781342881196,0.0,0.1580164014528122,14.063737317459529,66.48067284349997,moderate,52.41693552604045,,0.0619234407202162,619.2344072021629,52.41693552604045,,,,0.0,,619.2344072021629,0.005241693552604,,40019,"[""C000""]",,,1.0,0.0,0.75,619.2344072021627,regular,566.8174716761224,,9380.765592797838,73.54651465609989,1.0,0.0,48.0,3774.0699827259073,629.0116637876515,0.24611404002963402,0.9844561601185357
,,greedy_local_search,3116.235950464716,2,exp4:regular:c3.0:t0.75:r019,1.0,3.0,928.8516108032442,,,hardening:regular:r019,4,,,493.2709570200225,1.0,truthful resolved feasibility,,,0.0,10000.000000000002,Current feasibility,1.0,,0.0673781342881196,0.0,0.1580164014528122,0.0,52.41693552604045,moderate,52.41693552604045,,0.0619234407202162,619.2344072021629,52.41693552604045,,,,0.0,,619.2344072021629,0.005241693552604,,40019,"[""C000""]",,,1.0,0.0,0.75,619.2344072021627,regular,566.8174716761224,,9380.765592797838,73.54651465609989,1.0,0.0,48.0,3774.0699827259073,629.0116637876515,0.24611404002963402,0.9844561601185357
,,greedy_local_search,3173.5643698667427,2,exp4:regular:c3.0:t1.5:r000,3.0,3.0,4923.343462839763,,,hardening:regular:r000,4,,,2628.3072798962385,1.0,catalog/geography,,,0.0,10000.000000000002,Catalog + geography,5.0,,0.2797546221811307,0.3749760946072209,0.3554584221430735,1530.7287601253715,1817.3135828190912,moderate,286.5848226937196,,0.3282228975226509,3282.2289752265087,286.5848226937196,,,,3.0,,3282.228975226508,0.0286584822693719,,40000,"[""R002"", ""R006"", ""R008"", ""C000"", ""C001"", ""C002""]",,,6.0,0.0,1.5,3282.2289752265087,regular,2995.644152532788,,6717.771024773491,367.33687263654974,1.0,0.0,48.0,14870.48767553186,4956.829225177289,0.3310815065561509,0.6621630131123015
,,greedy_local_search,3173.5643698667427,2,exp4:regular:c3.0:t1.5:r000,1.0,3.0,6489.671393764407,,,hardening:regular:r000,4,,,2511.060977344629,1.0,truthful resolved feasibility,,,1.0,10000.000000000002,Current feasibility,8.0,,0.3889768309904882,0.4676143392847396,0.4697008344445761,0.0,1244.8391666849866,moderate,1244.8391666849866,,0.4326447595842938,4326.447595842938,1244.8391666849866,,,,6.0,,4326.447595842938,0.1244839166684986,,40000,"[""L019"", ""R001"", ""R002"", ""R005"", ""R006"", ""R007"", ""R008"", ""C001""]",,,8.0,0.0,1.5,4326.447595842938,regular,3081.608429157952,,5673.552404157062,570.5474518133226,1.0,0.0,48.0,12990.68065148138,4330.226883827128,0.4995636154772509,0.9991272309545014
,,greedy_local_search,3169.8463396134275,2,exp4:regular:c3.0:t1.5:r001,3.0,3.0,5120.5729256821305,,,hardening:regular:r001,4,,,2569.1473843509048,1.0,catalog/geography,,,0.0,9999.999999999998,Catalog + geography,4.0,,0.338051926415439,0.2981505915779863,0.4244772721978296,1549.7523838875918,1981.0628942989383,moderate,431.3105104113465,,0.3413715283788087,3413.7152837880867,431.3105104113465,,,,3.0,,3413.7152837880867,0.0431310510411346,,40001,"[""R002"", ""R005"", ""R007"", ""C000"", ""C001"", ""C002""]",,,6.0,0.0,1.5,3413.7152837880867,regular,2982.40477337674,,6586.284716211912,413.25738902583566,1.0,0.0,48.0,15278.332122444026,5092.777374148009,0.33515261251324396,0.6703052250264878
,,greedy_local_search,3169.8463396134275,2,exp4:regular:c3.0:t1.5:r001,1.0,3.0,6624.397777797787,,,hardening:regular:r001,4,,,2463.707448670093,1.0,truthful resolved feasibility,,,1.0,9999.999999999998,Current feasibility,8.0,,0.391408266594155,0.427378901249158,0.579550915576387,0.0,1356.7589291635904,moderate,1356.7589291635904,,0.4416265185198524,4416.265185198525,1356.7589291635904,,,,6.0,,4416.265185198525,0.135675892916359,,40001,"[""L026"", ""R001"", ""R002"", ""R004"", ""R005"", ""R007"", ""R008"", ""C001""]",,,8.0,0.0,1.5,4416.265185198525,regular,3059.5062560349343,,5583.734814801475,595.7988073648409,1.0,0.0,48.0,13248.795555595576,4416.265185198525,0.49999999999999994,1.0
,,greedy_local_search,3160.6718778658683,2,exp4:regular:c3.0:t1.5:r002,3.0,3.0,4658.353162813207,,,hardening:regular:r002,4,,,2640.2865603521,1.0,catalog/geography,,,0.0,10000.000000000002,Catalog + geography,4.0,,0.243322108059356,0.2704737725570708,0.5319805424959773,1667.3329099408695,1789.6215960683894,moderate,122.28868612751968,,0.3105568775208804,3105.568775208805,122.28868612751968,,,,3.0,,3105.5687752088047,0.0122288686127519,,40002,"[""R001"", ""R005"", ""R007"", ""C000"", ""C001"", ""C002""]",,,6.0,0.0,1.5,3105.5687752088043,regular,2983.280089081285,,6894.431224791197,342.9935287291852,1.0,0.0,48.0,14706.498976709703,4902.166325569901,0.31675473341347377,0.6335094668269474
,,greedy_local_search,3160.6718778658683,2,exp4:regular:c3.0:t1.5:r002,1.0,3.0,6085.8605004396895,,,hardening:regular:r002,4,,,2572.0116304590138,1.0,truthful resolved feasibility,,,3.0,10000.000000000002,Current feasibility,9.0,,0.332367115969935,0.4291355730557137,0.5298069030333769,0.0,935.6705444412304,moderate,935.6705444412304,,0.4057240333626459,4057.24033362646,935.6705444412304,,,,5.0,,4057.2403336264592,0.093567054444123,,40002,"[""L004"", ""L005"", ""L023"", ""R001"", ""R002"", ""R004"", ""R005"", ""R007"", ""C001""]",,,9.0,0.0,1.5,4057.24033362646,regular,3121.5697891852287,,5942.759666373542,549.5581587262151,1.0,0.0,48.0,12747.022867224072,4249.007622408024,0.47743387329193765,0.9548677465838754
,,greedy_local_search,3124.359200707915,2,exp4:regular:c3.0:t1.5:r003,3.0,3.0,4754.30034932984,,,hardening:regular:r003,4,,,2458.77701751844,1.0,catalog/geography,,,0.0,10000.0,Catalog + geography,5.0,,0.2954183543603677,0.1321620783346851,0.6887918487134204,1797.835298765172,2121.6630135644173,moderate,323.8277147992453,,0.3169533566219894,3169.533566219894,323.8277147992453,,,,3.0,,3169.533566219893,0.0323827714799245,,40003,"[""R000"", ""R006"", ""R008"", ""C000"", ""C001"", ""C002""]",,,6.0,0.0,1.5,3169.5335662198936,regular,2845.705851420648,,6830.466433780108,386.92883390220817,1.0,0.0,48.0,15497.785093018838,5165.928364339613,0.30677289179029016,0.6135457835805803
,,greedy_local_search,3124.359200707915,2,exp4:regular:c3.0:t1.5:r003,1.0,3.0,6516.039254964151,,,hardening:regular:r003,4,,,2436.8007519976964,1.0,truthful resolved feasibility,,,3.0,10000.0,Current feasibility,9.0,,0.3667801041144238,0.2817826388080155,0.8536382328165691,0.0,1319.3456236907678,moderate,1319.3456236907678,,0.43440261699761,4344.0261699761,1319.3456236907678,,,,5.0,,4344.026169976101,0.1319345623690767,,40003,"[""L002"", ""L003"", ""L012"", ""R000"", ""R002"", ""R003"", ""R006"", ""R008"", ""C001""]",,,9.0,0.0,1.5,4344.0261699761,regular,3024.680546285333,,5655.9738300239005,587.879794287637,1.0,0.0,48.0,13103.949534178695,4367.983178059565,0.49725765792737014,0.9945153158547403
,,greedy_local_search,3114.147193190104,2,exp4:regular:c3.0:t1.5:r004,3.0,3.0,4490.8799493488905,,,hardening:regular:r004,4,,,2484.5007674591707,1.0,catalog/geography,,,0.0,10000.0,Catalog + geography,5.0,,0.1872919023480045,0.3467412087675401,0.4687560874900914,1721.3667067648898,1870.996444085899,moderate,149.6297373210091,,0.2993919966232594,2993.919966232594,149.6297373210091,,,,3.0,,2993.9199662325937,0.0149629737321009,,40004,"[""R002"", ""R005"", ""R006"", ""C000"", ""C001"", ""C002""]",,,6.0,558.3918022861577,1.5,2993.919966232594,regular,2844.290228911585,,7006.080033767407,359.7894614524139,1.0,0.0,48.0,14981.75409523695,4993.9180317456485,0.29975661867101705,0.5995132373420343
,,greedy_local_search,3114.147193190104,2,exp4:regular:c3.0:t1.5:r004,1.0,3.0,6502.430842896532,,,hardening:regular:r004,4,,,2414.1820490314026,1.0,truthful resolved feasibility,,,1.0,10000.0,Current feasibility,8.0,,0.3414279843080888,0.4342379841217439,0.6393475107259252,0.0,1315.5137116294409,moderate,1315.5137116294409,,0.4334953895264353,4334.953895264354,1315.5137116294409,,,,6.0,,4334.953895264354,0.131551371162944,,40004,"[""L009"", ""R001"", ""R002"", ""R004"", ""R005"", ""R006"", ""R007"", ""C001""]",,,8.0,0.0,1.5,4334.953895264354,regular,3019.4401836349134,,5665.046104735647,605.2581346035106,1.0,0.0,48.0,13223.135502469417,4407.711834156471,0.49174651819019816,0.9834930363803965
,,greedy_local_search,3198.861412389728,2,exp4:regular:c3.0:t1.5:r005,3.0,3.0,5331.957297681558,,,hardening:regular:r005,4,,,2537.850676726935,1.0,catalog/geography,,,0.0,9999.999999999996,Catalog + geography,4.0,,0.4166367578734797,0.1963181879673543,0.4963295650689863,1172.1408415293326,1765.2290065853113,moderate,593.0881650559786,,0.3554638198454372,3554.638198454372,593.0881650559786,,,,3.0,,3554.6381984543714,0.0593088165055978,,40005,"[""R002"", ""R004"", ""R008"", ""C000"", ""C001"", ""C002""]",,,6.0,0.0,1.5,3554.638198454372,regular,2961.5500333983928,,6445.361801545628,423.6993566714576,1.0,0.0,48.0,14569.300734288852,4856.433578096283,0.36597208026139477,0.7319441605227898
,,greedy_local_search,3198.861412389728,2,exp4:regular:c3.0:t1.5:r005,2.0,3.0,6736.681829833118,,,hardening:regular:r005,4,,,2576.0004841300806,1.0,truthful resolved feasibility,,,0.0,9999.999999999996,Current feasibility,6.0,,0.4552760116935184,0.2757155694442028,0.738687337106601,0.0,1367.5782299998125,moderate,1367.5782299998125,,0.4491121219888744,4491.121219888744,1367.5782299998125,,,,5.0,,4491.121219888744,0.1367578229999812,,40005,"[""R000"", ""R002"", ""R004"", ""R006"", ""R008"", ""C000"", ""C001""]",,,7.0,0.0,1.5,4491.121219888744,regular,3123.542989888932,,5508.878780111255,547.5425057588515,1.0,0.0,48.0,14318.11911699728,4772.706372332426,0.47050047389505856,0.941000947790117
,,greedy_local_search,3122.879618156244,2,exp4:regular:c3.0:t1.5:r006,3.0,3.0,6013.426832659388,,,hardening:regular:r006,4,,,2462.101551939659,1.0,catalog/geography,,,0.0,10000.000000000002,Catalog + geography,5.0,,0.2971204642368262,0.4089835289830593,0.6202333906332499,847.6041144588812,1928.9229216283345,moderate,1081.318807169453,,0.4008951221772925,4008.951221772925,1081.318807169453,,,,3.0,,4008.951221772925,0.1081318807169452,,40006,"[""R001"", ""R005"", ""R007"", ""C000"", ""C001"", ""C002""]",,,6.0,0.0,1.5,4008.9512217729257,regular,2927.632414603472,,5991.048778227075,465.5308626638128,1.0,0.0,48.0,14771.617526800665,4923.872508933556,0.40709332080586413,0.8141866416117282
,,greedy_local_search,3122.879618156244,2,exp4:regular:c3.0:t1.5:r006,2.0,3.0,7168.836879185667,,,hardening:regular:r006,4,,,2535.555456332742,1.0,truthful resolved feasibility,,,0.0,10000.000000000002,Current feasibility,7.0,,0.3192366424463362,0.5410371639257584,0.7245148106875553,0.0,1667.3243936968156,moderate,1667.3243936968156,,0.4779224586123778,4779.224586123778,1667.3243936968156,,,,5.0,,4779.224586123779,0.1667324393696815,,40006,"[""R001"", ""R002"", ""R004"", ""R005"", ""R007"", ""C000"", ""C001""]",,,7.0,0.0,1.5,4779.224586123779,regular,3111.9001924269637,,5220.775413876221,576.3447360942212,1.0,0.0,48.0,14572.281200156103,4857.427066718702,0.4919502156675972,0.9839004313351943
,,greedy_local_search,3115.6062898195664,2,exp4:regular:c3.0:t1.5:r007,3.0,3.0,4774.532329584021,,,hardening:regular:r007,4,,,2441.0694185711945,1.0,catalog/geography,,,0.0,9999.999999999998,Catalog + geography,4.0,,0.1685896885499951,0.37754605388061,0.5514783829994504,1480.1507068127512,1838.1186770564204,moderate,357.96797024366924,,0.3183021553056013,3183.021553056013,357.96797024366924,,,,3.0,,3183.021553056013,0.0357967970243669,,40007,"[""R004"", ""R007"", ""R008"", ""C000"", ""C001"", ""C002""]",,,6.0,498.51724735333175,1.5,3183.021553056013,regular,2825.0535828123443,,6816.978446943986,383.98416424114976,1.0,0.0,48.0,15473.505334542366,5157.8351115141195,0.3085617787538785,0.6171235575077573
,,greedy_local_search,3115.6062898195664,2,exp4:regular:c3.0:t1.5:r007,1.0,3.0,6446.872007680124,,,hardening:regular:r007,4,,,2538.1247372921307,1.0,truthful resolved feasibility,,,1.0,9999.999999999998,Current feasibility,8.0,,0.3050668977309888,0.3548690031181377,0.8415360605419092,0.0,1203.1541208849883,moderate,1203.1541208849883,,0.429791467178675,4297.91467178675,1203.1541208849883,,,,6.0,,4297.91467178675,0.1203154120884988,,40007,"[""L030"", ""R000"", ""R002"", ""R004"", ""R006"", ""R007"", ""R008"", ""C001""]",,,8.0,0.0,1.5,4297.91467178675,regular,3094.760550901761,,5702.08532821325,556.6358136096305,1.0,0.0,48.0,13283.069851477529,4427.689950492508,0.48534503542966856,0.9706900708593377
,,greedy_local_search,3204.768007661325,2,exp4:regular:c3.0:t1.5:r008,3.0,3.0,4965.215484567401,,,hardening:regular:r008,4,,,2608.8786312977227,1.0,catalog/geography,,,0.0,9999.999999999998,Catalog + geography,4.0,,0.2746393550760295,0.3504391960785166,0.4238646861306632,1420.83642532443,1728.4089324588183,moderate,307.5725071343886,,0.3310143656378268,3310.143656378268,307.5725071343886,,,,3.0,,3310.143656378267,0.0307572507134388,,40008,"[""R000"", ""R002"", ""R008"", ""C000"", ""C001"", ""C002""]",,,6.0,0.0,1.5,3310.143656378268,regular,3002.5711492438786,,6689.856343621732,393.69251794615576,1.0,0.0,48.0,14883.37122444688,4961.123741482293,0.33360825378135567,0.6672165075627116
,,greedy_local_search,3204.768007661325,2,exp4:regular:c3.0:t1.5:r008,1.0,3.0,6070.631423559229,,,hardening:regular:r008,4,,,2651.394028781396,1.0,truthful resolved feasibility,,,4.0,9999.999999999998,Current feasibility,10.0,,0.3941895495513674,0.293650642498573,0.622728696989997,0.0,845.0910689253765,moderate,845.0910689253765,,0.4047087615706153,4047.087615706153,845.0910689253765,,,,5.0,,4047.087615706154,0.0845091068925376,,40008,"[""L008"", ""L021"", ""L025"", ""L032"", ""R000"", ""R001"", ""R004"", ""R005"", ""R008"", ""C000""]",,,10.0,0.0,1.5,4047.0876157061534,regular,3201.9965467807774,,5952.912384293847,550.6025179993816,1.0,0.0,48.0,13056.38090168711,4352.1269672290355,0.4649551410356601,0.9299102820713206
,,greedy_local_search,3136.9553617898514,2,exp4:regular:c3.0:t1.5:r009,3.0,3.0,5049.11566639276,,,hardening:regular:r009,4,,,2563.980110754731,1.0,catalog/geography,,,1.0,9999.999999999998,Catalog + geography,6.0,,0.3320111572801744,0.3614095605551876,0.303546720612283,1260.5068965516616,1660.5883178712952,moderate,400.0814213196336,,0.3366077110928507,3366.077110928507,400.0814213196336,,,,3.0,,3366.077110928508,0.0400081421319633,,40009,"[""L002"", ""R000"", ""R002"", ""R003"", ""C000"", ""C001"", ""C002""]",,,7.0,0.0,1.5,3366.0771109285074,regular,2965.9956896088743,,6633.922889071493,402.01557885414337,1.0,0.0,48.0,14479.507843696378,4826.502614565459,0.34870768543358205,0.6974153708671642
,,greedy_local_search,3136.9553617898514,2,exp4:regular:c3.0:t1.5:r009,1.0,3.0,6474.662292826521,,,hardening:regular:r009,4,,,2467.3890132441,1.0,truthful resolved feasibility,,,1.0,9999.999999999998,Current feasibility,8.0,,0.3759244999060577,0.4118554465384076,0.5916436080446638,0.0,1315.8635469536512,moderate,1315.8635469536512,,0.4316441528551015,4316.441528551015,1315.8635469536512,,,,6.0,,4316.441528551015,0.1315863546953651,,40009,"[""L002"", ""R000"", ""R001"", ""R002"", ""R003"", ""R005"", ""R008"", ""C001""]",,,8.0,0.0,1.5,4316.441528551014,regular,3000.577981597364,,5683.558471448985,533.1889683532636,1.0,0.0,48.0,12949.324585653045,4316.441528551014,0.49999999999999983,1.0
,,greedy_local_search,3156.668444536349,2,exp4:regular:c3.0:t1.5:r010,3.0,3.0,4861.279911241426,,,hardening:regular:r010,4,,,2582.696367236424,1.0,catalog/geography,,,1.0,10000.0,Catalog + geography,5.0,,0.2251626559557736,0.4264980060322977,0.3674391506234638,1801.0182644031977,2039.993235519235,moderate,238.97497111603752,,0.3240853274160951,3240.853274160951,238.97497111603752,,,,3.0,,3240.8532741609506,0.0238974971116037,,40010,"[""L029"", ""R000"", ""R005"", ""R008"", ""C000"", ""C001"", ""C002""]",,,7.0,0.0,1.5,3240.853274160951,regular,3001.878303044913,,6759.146725839049,419.1819358084896,1.0,0.0,48.0,15647.427644618283,5215.809214872761,0.3106759795699324,0.621351959139865
,,greedy_local_search,3156.668444536349,2,exp4:regular:c3.0:t1.5:r010,1.0,3.0,6514.480163415052,,,hardening:regular:r010,4,,,2485.302326686346,1.0,truthful resolved feasibility,,,3.0,10000.0,Current feasibility,9.0,,0.2618721681386262,0.56105507904749,0.6004346211600008,0.0,1235.7646661029794,moderate,1235.7646661029794,,0.4342986775610034,4342.986775610034,1235.7646661029794,,,,5.0,,4342.986775610034,0.1235764666102979,,40010,"[""L011"", ""L016"", ""L021"", ""R000"", ""R004"", ""R005"", ""R007"", ""R008"", ""C001""]",,,9.0,0.0,1.5,4342.986775610035,regular,3107.2221095070545,,5657.013224389966,621.9197828207084,1.0,0.0,48.0,13028.960326830102,4342.986775610034,0.5000000000000001,1.0000000000000002
,,greedy_local_search,3160.557603079724,2,exp4:regular:c3.0:t1.5:r011,3.0,3.0,5073.922169389783,,,hardening:regular:r011,4,,,2492.105670036476,1.0,catalog/geography,,,0.0,10000.000000000002,Catalog + geography,4.0,,0.2079112135423181,0.491654222456563,0.3631122700273931,1584.0844733822971,2068.9475354556557,moderate,484.8630620733579,,0.3382614779593189,3382.614779593189,484.8630620733579,,,,3.0,,3382.6147795931884,0.0484863062073357,,40011,"[""R002"", ""R003"", ""R004"", ""C000"", ""C001"", ""C002""]",,,6.0,0.0,1.5,3382.614779593189,regular,2897.7517175198304,,6617.385220406812,405.6460474833544,1.0,0.0,48.0,15470.40002056371,5156.800006854572,0.3279761455841722,0.6559522911683441
,,greedy_local_search,3160.557603079724,2,exp4:regular:c3.0:t1.5:r011,1.0,3.0,6703.807772132452,,,hardening:regular:r011,4,,,2546.776012031373,1.0,truthful resolved feasibility,,,2.0,10000.000000000002,Current feasibility,9.0,,0.3189060565598244,0.5282896382566493,0.5925570965020759,0.0,1315.1727532337618,moderate,1315.1727532337618,,0.4469205181421634,4469.205181421634,1315.1727532337618,,,,6.0,,4469.205181421634,0.1315172753233761,,40011,"[""L012"", ""L026"", ""R000"", ""R001"", ""R002"", ""R003"", ""R004"", ""R008"", ""C001""]",,,9.0,0.0,1.5,4469.205181421634,regular,3154.032428187872,,5530.794818578366,607.2564161564992,1.0,0.0,48.0,13407.615544264898,4469.205181421634,0.5000000000000002,1.0
,,greedy_local_search,3192.099663508026,2,exp4:regular:c3.0:t1.5:r012,3.0,3.0,3870.3682240659127,,,hardening:regular:r012,4,,,2635.2033608393685,1.0,catalog/geography,,,0.0,9999.999999999998,Catalog + geography,3.0,,0.3558489982877573,0.1397944048601177,0.2448222867026442,1857.167940490517,1477.6564523238703,moderate,-379.5114881666468,,0.2580245482710608,2580.2454827106085,-379.5114881666468,,,,3.0,,2580.2454827106085,-0.0379511488166646,,40012,"[""R004"", ""R005"", ""R008"", ""C000"", ""C001"", ""C002""]",,,6.0,515.501052530843,1.5,2580.2454827106085,regular,2959.7569708772558,,7419.754517289391,324.55361003788664,1.0,0.0,48.0,14380.554284497799,4793.518094832599,0.26913901561069586,0.5382780312213918
,,greedy_local_search,3192.099663508026,2,exp4:regular:c3.0:t1.5:r012,1.0,3.0,6247.832968114885,,,hardening:regular:r012,4,,,2613.681584647953,1.0,truthful resolved feasibility,,,1.0,9999.999999999998,Current feasibility,8.0,,0.4324684557412958,0.3509281146388153,0.4954327633357862,0.0,980.4900075177366,moderate,980.4900075177366,,0.4165221978743257,4165.221978743257,980.4900075177366,,,,6.0,,4165.221978743257,0.0980490007517736,,40012,"[""L008"", ""R000"", ""R001"", ""R002"", ""R004"", ""R005"", ""R007"", ""C001""]",,,8.0,0.0,1.5,4165.221978743257,regular,3184.7319712255203,,5834.778021256742,571.0503865775669,1.0,0.0,48.0,12495.665936229774,4165.221978743257,0.49999999999999983,1.0
,,greedy_local_search,3184.1865156025765,2,exp4:regular:c3.0:t1.5:r013,3.0,3.0,5355.948590655635,,,hardening:regular:r013,4,,,2607.3741490769157,1.0,catalog/geography,,,0.0,9999.999999999998,Catalog + geography,5.0,,0.3420171459299863,0.3364146059920805,0.4270520580566013,1111.5731334786274,1670.3215294179054,moderate,558.748395939278,,0.3570632393770423,3570.6323937704237,558.748395939278,,,,3.0,,3570.632393770424,0.0558748395939278,,40013,"[""R002"", ""R005"", ""R007"", ""C000"", ""C001"", ""C002""]",,,6.0,0.0,1.5,3570.632393770423,regular,3011.8839978311457,,6429.367606229578,404.5098487542303,1.0,0.0,48.0,14371.768768283044,4790.58958942768,0.3726714976430487,0.7453429952860975
,,greedy_local_search,3184.1865156025765,2,exp4:regular:c3.0:t1.5:r013,1.0,3.0,6478.347181464645,,,hardening:regular:r013,4,,,2506.714015555061,1.0,truthful resolved feasibility,,,3.0,9999.999999999998,Current feasibility,9.0,,0.4141628475530454,0.3678825687088415,0.5837881582533898,0.0,1230.9124360541882,moderate,1230.9124360541882,,0.431889812097643,4318.89812097643,1230.9124360541882,,,,5.0,,4318.89812097643,0.1230912436054188,,40013,"[""L028"", ""L030"", ""L033"", ""R001"", ""R002"", ""R005"", ""R007"", ""R008"", ""C001""]",,,9.0,0.0,1.5,4318.89812097643,regular,3087.985684922241,,5681.10187902357,581.2716693671805,1.0,0.0,48.0,13126.00318268342,4375.334394227807,0.49355063314408254,0.987101266288165
,,greedy_local_search,3149.994846744082,2,exp4:regular:c3.0:t1.5:r014,2.0,3.0,5794.127292098193,,,hardening:regular:r014,4,,,2520.5533470010105,1.0,catalog/geography,,,2.0,10000.0,Catalog + geography,7.0,,0.3543535899726987,0.3653247514202181,0.494761871608777,834.7249400036635,1705.857581910613,moderate,871.1326419069492,,0.3862751528065462,3862.751528065462,871.1326419069492,,,,4.0,,3862.751528065462,0.0871132641906949,,40014,"[""L017"", ""L035"", ""R000"", ""R005"", ""R006"", ""R007"", ""C000"", ""C001""]",,,8.0,136.66990945248423,1.5,3862.7515280654634,regular,2991.618886158513,,6137.248471934538,471.0655391575024,1.0,0.0,48.0,14484.51796018163,4828.172653393875,0.4000221000123318,0.8000442000246643
,,greedy_local_search,3149.994846744082,2,exp4:regular:c3.0:t1.5:r014,1.0,3.0,6548.830250590012,,,hardening:regular:r014,4,,,2448.7592043796003,1.0,truthful resolved feasibility,,,1.0,10000.0,Current feasibility,8.0,,0.4026825840694514,0.4112501482616156,0.557219843249244,0.0,1348.824463687588,moderate,1348.824463687588,,0.4365886833726674,4365.886833726674,1348.824463687588,,,,6.0,,4365.886833726674,0.1348824463687588,,40014,"[""L017"", ""R000"", ""R001"", ""R004"", ""R005"", ""R007"", ""R008"", ""C001""]",,,8.0,0.0,1.5,4365.886833726674,regular,3017.062370039086,,5634.113166273326,568.3031656594856,1.0,0.0,48.0,13097.660501180027,4365.886833726674,0.49999999999999983,1.0
,,greedy_local_search,3157.5449359068625,2,exp4:regular:c3.0:t1.5:r015,3.0,3.0,6008.378744000696,,,hardening:regular:r015,4,,,2639.699477683733,1.0,catalog/geography,,,1.0,9999.999999999998,Catalog + geography,5.0,,0.3632253939262105,0.3508417990658012,0.5715626299677729,912.1438979072964,1825.1845287761444,moderate,913.040630868848,,0.4005585829333797,4005.585829333798,913.040630868848,,,,3.0,,4005.585829333798,0.0913040630868848,,40015,"[""L009"", ""R000"", ""R004"", ""R005"", ""C000"", ""C001"", ""C002""]",,,7.0,0.0,1.5,4005.585829333797,regular,3092.54519846495,,5994.414170666201,452.84572078121687,1.0,0.0,48.0,15063.606860802742,5021.202286934246,0.3988672035536985,0.797734407107397
,,greedy_local_search,3157.5449359068625,2,exp4:regular:c3.0:t1.5:r015,1.0,3.0,6448.274458161222,,,hardening:regular:r015,4,,,2487.65630725897,1.0,truthful resolved feasibility,,,1.0,9999.999999999998,Current feasibility,8.0,,0.4174588419221012,0.3482337042524323,0.6007334426205896,0.0,1273.8300798504151,moderate,1273.8300798504151,,0.4298849638774148,4298.849638774148,1273.8300798504151,,,,6.0,,4298.849638774148,0.1273830079850415,,40015,"[""L009"", ""R000"", ""R001"", ""R002"", ""R004"", ""R005"", ""R006"", ""C001""]",,,8.0,0.0,1.5,4298.849638774148,regular,3025.019558923733,,5701.150361225851,537.3632516647626,1.0,0.0,48.0,12896.548916322448,4298.849638774148,0.49999999999999983,1.0
,,greedy_local_search,3157.122265676465,2,exp4:regular:c3.0:t1.5:r016,3.0,3.0,4745.651354790967,,,hardening:regular:r016,4,,,2502.329560917907,1.0,catalog/geography,,,0.0,10000.000000000002,Catalog + geography,5.0,,0.259584702663139,0.3167865632679951,0.4434417182192678,1306.5187856004918,1584.8565792099585,moderate,278.33779360946664,,0.3163767569860644,3163.7675698606445,278.33779360946664,,,,3.0,,3163.7675698606445,0.0278337793609466,,40016,"[""R001"", ""R002"", ""R008"", ""C000"", ""C001"", ""C002""]",,,6.0,0.0,1.5,3163.767569860645,regular,2885.429776251178,,6836.232430139356,383.1002153332705,1.0,0.0,48.0,14783.251100460171,4927.750366820059,0.32101540605254586,0.6420308121050915
,,greedy_local_search,3157.122265676465,2,exp4:regular:c3.0:t1.5:r016,1.0,3.0,6300.988810156388,,,hardening:regular:r016,4,,,2427.305893159833,1.0,truthful resolved feasibility,,,3.0,10000.000000000002,Current feasibility,9.0,,0.3132654180382767,0.4515791538287348,0.6052188935990539,0.0,1198.3892037532669,moderate,1198.3892037532669,,0.4200659206770926,4200.659206770926,1198.3892037532669,,,,5.0,,4200.659206770926,0.1198389203753266,,40016,"[""L020"", ""L025"", ""L035"", ""R001"", ""R002"", ""R003"", ""R004"", ""R005"", ""C001""]",,,9.0,0.0,1.5,4200.659206770926,regular,3002.2700030176597,,5799.340793229074,574.9641098578261,1.0,0.0,48.0,12602.061741785272,4200.687247261759,0.49999666239246326,0.9999933247849263
,,greedy_local_search,3219.934328513683,2,exp4:regular:c3.0:t1.5:r017,3.0,3.0,3897.846583671247,,,hardening:regular:r017,4,,,2595.2815895121366,1.0,catalog/geography,,,0.0,10000.000000000002,Catalog + geography,4.0,,0.1332935631522987,0.3427944755631911,0.3994813452288256,2136.760403958794,1824.383170780265,moderate,-312.3772331785294,,0.2598564389114164,2598.5643891141644,-312.3772331785294,,,,3.0,,2598.5643891141644,-0.0312377233178529,,40017,"[""R001"", ""R004"", ""R008"", ""C000"", ""C001"", ""C002""]",,,6.0,0.0,1.5,2598.5643891141644,regular,2910.941622292694,,7401.435610885836,315.66003278055746,1.0,0.0,48.0,14784.899188470541,4928.2997294901825,0.26363700786751654,0.5272740157350329
,,greedy_local_search,3219.934328513683,2,exp4:regular:c3.0:t1.5:r017,0.0,3.0,6018.546847859915,,,hardening:regular:r017,4,,,2528.794516542866,1.0,truthful resolved feasibility,,,3.0,10000.000000000002,Current feasibility,10.0,,0.3267195504694017,0.3750999796006961,0.6146383297625998,0.0,881.6548333916421,moderate,881.6548333916421,,0.4012364565239943,4012.364565239944,881.6548333916421,,,,7.0,,4012.364565239943,0.0881654833391642,,40017,"[""L009"", ""L013"", ""L020"", ""R000"", ""R001"", ""R002"", ""R004"", ""R005"", ""R007"", ""R008""]",,,10.0,0.0,1.5,4012.364565239944,regular,3130.709731848301,,5987.635434760056,601.915215305435,1.0,0.0,48.0,12037.093695719826,4012.3645652399437,0.5000000000000001,1.0000000000000002
,,greedy_local_search,3175.553828239308,2,exp4:regular:c3.0:t1.5:r018,3.0,3.0,4515.732913436956,,,hardening:regular:r018,4,,,2609.890157730034,1.0,catalog/geography,,,1.0,9999.999999999996,Catalog + geography,6.0,,0.2526758580376324,0.3246160326153748,0.3686455668174063,1681.9104239730618,1706.6781834271335,moderate,24.767759454071893,,0.301048860895797,3010.4886089579704,24.767759454071893,,,,3.0,,3010.4886089579704,0.0024767759454071,,40018,"[""L007"", ""R000"", ""R005"", ""R008"", ""C000"", ""C001"", ""C002""]",,,7.0,527.4568601825961,1.5,3010.4886089579704,regular,2985.7208495038985,,6989.51139104203,375.8306917738648,1.0,0.0,48.0,14547.045009719752,4849.015003239916,0.31042269480982043,0.620845389619641
,,greedy_local_search,3175.553828239308,2,exp4:regular:c3.0:t1.5:r018,1.0,3.0,6548.610375025667,,,hardening:regular:r018,4,,,2562.70785343974,1.0,truthful resolved feasibility,,,2.0,9999.999999999996,Current feasibility,9.0,,0.3565033551451589,0.4847481676106411,0.532428282613326,0.0,1204.9106892503924,moderate,1204.9106892503924,,0.4365740250017111,4365.740250017111,1204.9106892503924,,,,6.0,,4365.740250017111,0.1204910689250392,,40018,"[""L016"", ""L024"", ""R000"", ""R002"", ""R003"", ""R004"", ""R005"", ""R007"", ""C001""]",,,9.0,0.0,1.5,4365.740250017112,regular,3160.8295607667187,,5634.259749982888,598.1217073269792,1.0,0.0,48.0,13177.924668418964,4392.641556139653,0.4969379124407564,0.9938758248815133
,,greedy_local_search,3116.235950464716,2,exp4:regular:c3.0:t1.5:r019,3.0,3.0,5326.444811998206,,,hardening:regular:r019,4,,,2564.190787812665,1.0,catalog/geography,,,0.0,10000.000000000002,Catalog + geography,5.0,,0.3863290075305045,0.2966998605772911,0.3870165810455079,1380.6454155619635,1966.1645823544968,moderate,585.5191667925333,,0.3550963207998804,3550.9632079988046,585.5191667925333,,,,3.0,,3550.9632079988046,0.0585519166792533,,40019,"[""R001"", ""R002"", ""R003"", ""C000"", ""C001"", ""C002""]",,,6.0,591.6360513433833,1.5,3550.963207998805,regular,2965.444041206272,,6449.036792001195,401.2532533936062,1.0,0.0,48.0,15441.023435911738,5147.007811970581,0.3449541304114793,0.6899082608229585
,,greedy_local_search,3116.235950464716,2,exp4:regular:c3.0:t1.5:r019,2.0,3.0,6705.876970330938,,,hardening:regular:r019,4,,,2559.1668944166186,1.0,truthful resolved feasibility,,,2.0,10000.000000000002,Current feasibility,8.0,,0.461355348907264,0.3483151609032225,0.5876912568216628,0.0,1357.1706298641675,moderate,1357.1706298641675,,0.4470584646887292,4470.584646887292,1357.1706298641675,,,,4.0,,4470.584646887292,0.1357170629864167,,40019,"[""L014"", ""L035"", ""R001"", ""R002"", ""R003"", ""R007"", ""C000"", ""C001""]",,,8.0,0.0,1.5,4470.584646887292,regular,3113.414017023125,,5529.415353112708,554.2471226065065,1.0,0.0,48.0,14776.023293259488,4925.341097753165,0.45383502971263034,0.9076700594252604
,,greedy_local_search,3173.5643698667427,2,exp4:regular:c3.0:t3.0:r000,2.0,3.0,9618.720165963785,,,hardening:regular:r000,4,,,2304.925519399561,1.0,catalog/geography,,,2.0,10000.000000000002,Catalog + geography,6.0,,0.6215452304909845,0.6867615085930959,0.605930646678628,667.0577530426217,3969.305015651097,moderate,3302.2472626084755,,0.6412480110642522,6412.480110642522,3302.2472626084755,,,,3.0,,6412.480110642522,0.3302247262608475,,40000,"[""L017"", ""L019"", ""R002"", ""R006"", ""R007"", ""C000"", ""C001""]",,,7.0,0.0,3.0,6412.480110642522,regular,3110.2328480340466,,3587.519889357478,805.3073286344854,1.0,0.0,48.0,12328.080559240778,8218.720372827189,0.7802285294732169,0.7802285294732163
,,greedy_local_search,3173.5643698667427,2,exp4:regular:c3.0:t3.0:r000,1.0,3.0,11299.05547025166,,,hardening:regular:r000,4,,,2195.374424629724,1.0,truthful resolved feasibility,,,1.0,10000.000000000002,Current feasibility,7.0,,0.6837473748020951,0.8405590516092323,0.7569418897963499,0.0,4367.161137803679,moderate,4367.161137803679,,0.7532703646834441,7532.703646834441,4367.161137803679,,,,5.0,,7532.70364683444,0.4367161137803678,,40000,"[""L017"", ""R001"", ""R002"", ""R005"", ""R006"", ""R007"", ""C001""]",,,7.0,0.0,3.0,7532.703646834439,regular,3165.5425090307617,,2467.29635316556,970.1680844010376,1.0,0.0,48.0,11299.055470251662,7532.703646834443,0.9999999999999999,0.9999999999999994
,,greedy_local_search,3169.8463396134275,2,exp4:regular:c3.0:t3.0:r001,1.0,3.0,7959.32220203124,,,hardening:regular:r001,4,,,2141.418663532496,1.0,catalog/geography,,,1.0,9999.999999999998,Catalog + geography,5.0,,0.5536490067932489,0.4012101303223171,0.7052794073282153,1761.1399829674929,4181.902705490098,moderate,2420.762722522605,,0.530621480135416,5306.21480135416,2420.762722522605,,,,5.0,,5306.21480135416,0.2420762722522605,,40001,"[""L006"", ""R002"", ""R004"", ""R005"", ""R007"", ""R008"", ""C000""]",,,7.0,0.0,3.0,5306.214801354161,regular,2885.452078831555,,4693.785198645839,744.0334152990588,1.0,0.0,48.0,11934.10163240723,7956.067754938153,0.6669393681395827,0.6669393681395829
,,greedy_local_search,3169.8463396134275,2,exp4:regular:c3.0:t3.0:r001,1.0,3.0,11296.784642645827,,,hardening:regular:r001,4,,,2001.2630069901932,1.0,truthful resolved feasibility,,,0.0,9999.999999999998,Current feasibility,6.0,,0.7413195505375934,0.6993903254446039,0.873692822644301,0.0,4526.819713111782,moderate,4526.819713111782,,0.7531189761763886,7531.189761763886,4526.819713111782,,,,5.0,,7531.189761763886,0.4526819713111783,,40001,"[""R002"", ""R004"", ""R005"", ""R007"", ""R008"", ""C001""]",,,6.0,0.0,3.0,7531.189761763886,regular,3004.370048652104,,2468.810238236113,1003.1070416619106,1.0,0.0,48.0,11296.784642645827,7531.189761763885,1.0,1.0000000000000002
,,greedy_local_search,3160.6718778658683,2,exp4:regular:c3.0:t3.0:r002,1.0,3.0,7631.633422193501,,,hardening:regular:r002,4,,,2197.98863027783,1.0,catalog/geography,,,3.0,10000.000000000002,Catalog + geography,5.0,,0.5706482370373758,0.3499874890677758,0.6474411681951309,1749.7626734952191,3929.125809646274,moderate,2179.3631361510547,,0.5087755614795667,5087.755614795668,2179.3631361510547,,,,4.0,,5087.755614795668,0.2179363136151054,,40002,"[""L000"", ""L004"", ""L022"", ""R001"", ""R004"", ""R005"", ""R007"", ""C002""]",,,8.0,149.05383568584787,3.0,5087.755614795668,regular,2908.3924786446128,,4912.244385204333,710.4038483667828,1.0,0.0,48.0,11690.226909256175,7793.484606170784,0.6528216673151888,0.6528216673151888
,,greedy_local_search,3160.6718778658683,2,exp4:regular:c3.0:t3.0:r002,0.0,3.0,10051.943464983968,,,hardening:regular:r002,4,,,2101.392716188005,1.0,truthful resolved feasibility,,,4.0,10000.000000000002,Current feasibility,9.0,,0.626281083929686,0.7289661136852865,0.6658246838702775,0.0,3573.0651571306107,moderate,3573.0651571306107,,0.6701295643322643,6701.2956433226445,3573.0651571306107,,,,5.0,,6701.2956433226445,0.357306515713061,,40002,"[""L005"", ""L023"", ""L032"", ""L033"", ""R001"", ""R002"", ""R004"", ""R005"", ""R007""]",,,9.0,0.0,3.0,6701.2956433226445,regular,3128.230486192034,,3298.7043566773564,1026.8377700040285,1.0,0.0,48.0,10051.943464983966,6701.2956433226445,1.0000000000000002,1.0
,,greedy_local_search,3124.359200707915,2,exp4:regular:c3.0:t3.0:r003,2.0,3.0,9326.1267827928,,,hardening:regular:r003,4,,,2213.059267741424,1.0,catalog/geography,,,0.0,10000.0,Catalog + geography,5.0,,0.6142532689540181,0.5586033715341198,0.7490831722663488,1261.0595020327278,4514.1992630258765,moderate,3253.1397609931487,,0.6217417855195199,6217.417855195199,3253.1397609931487,,,,4.0,,6217.417855195199,0.3253139760993149,,40003,"[""R000"", ""R002"", ""R003"", ""R006"", ""C000"", ""C001""]",,,6.0,0.0,3.0,6217.417855195199,regular,2964.2780942020504,,3782.582144804802,751.2188264606265,1.0,0.0,48.0,13224.389542909246,8816.25969527283,0.7052217232812349,0.7052217232812347
,,greedy_local_search,3124.359200707915,2,exp4:regular:c3.0:t3.0:r003,1.0,3.0,11242.131993727427,,,hardening:regular:r003,4,,,2150.501383292649,1.0,truthful resolved feasibility,,,1.0,10000.0,Current feasibility,7.0,,0.7427285016522082,0.7294483171192577,0.7997036475663063,0.0,4378.046661346888,moderate,4378.046661346888,,0.7494754662484951,7494.754662484952,4378.046661346888,,,,5.0,,7494.754662484952,0.4378046661346887,,40003,"[""L002"", ""R000"", ""R002"", ""R003"", ""R006"", ""R007"", ""C001""]",,,7.0,0.0,3.0,7494.754662484953,regular,3116.708001138064,,2505.245337515049,966.2066178454154,1.0,0.0,48.0,11632.29895926559,7754.865972843727,0.9664583100121082,0.9664583100121084
,,greedy_local_search,3114.147193190104,2,exp4:regular:c3.0:t3.0:r004,1.0,3.0,9291.774452580205,,,hardening:regular:r004,4,,,2113.52060305079,1.0,catalog/geography,,,1.0,10000.0,Catalog + geography,6.0,,0.6018819866903634,0.6903367210516613,0.5349344189663429,832.7978903837984,4057.4922510502265,moderate,3224.694360666428,,0.6194516301720134,6194.516301720136,3224.694360666428,,,,5.0,,6194.516301720136,0.3224694360666428,,40004,"[""L009"", ""R002"", ""R004"", ""R005"", ""R006"", ""R008"", ""C001""]",,,7.0,0.0,3.0,6194.516301720136,regular,2969.821941053708,,3805.4836982798647,856.3013380029174,1.0,0.0,48.0,12087.101693727634,8058.067795818421,0.7687346965403616,0.7687346965403619
,,greedy_local_search,3114.147193190104,2,exp4:regular:c3.0:t3.0:r004,1.0,3.0,10327.011231910035,,,hardening:regular:r004,4,,,2120.4029809603003,1.0,truthful resolved feasibility,,,1.0,10000.0,Current feasibility,7.0,,0.619587631109279,0.7752613960886159,0.6915574641523895,0.0,3809.571972533629,moderate,3809.571972533629,,0.6884674154606688,6884.67415460669,3809.571972533629,,,,5.0,,6884.67415460669,0.3809571972533629,,40004,"[""L009"", ""R000"", ""R004"", ""R005"", ""R006"", ""R007"", ""C001""]",,,7.0,0.0,3.0,6884.67415460669,regular,3075.10218207306,,3115.3258453933117,954.6992011127596,1.0,0.0,48.0,11579.643817917688,7719.762545278457,0.8918246013690508,0.891824601369051
,,greedy_local_search,3198.861412389728,2,exp4:regular:c3.0:t3.0:r005,1.0,3.0,9769.197112615995,,,hardening:regular:r005,4,,,2189.499444193796,1.0,catalog/geography,,,1.0,9999.999999999996,Catalog + geography,4.0,,0.8214926317101596,0.280022174775541,0.918001810333609,573.8711110013865,4101.136477924571,moderate,3527.265366923185,,0.651279807507733,6512.7980750773295,3527.265366923185,,,,5.0,,6512.7980750773295,0.3527265366923186,,40005,"[""L005"", ""R000"", ""R002"", ""R004"", ""R005"", ""R008"", ""C001""]",,,7.0,149.64596412175058,3.0,6512.7980750773295,regular,2985.5327081541445,,3487.20192492267,796.0332639603489,1.0,0.0,48.0,11686.069686649475,7790.713124432981,0.8359694383627223,0.8359694383627224
,,greedy_local_search,3198.861412389728,2,exp4:regular:c3.0:t3.0:r005,1.0,3.0,11372.745363503953,,,hardening:regular:r005,4,,,2173.6638440208126,1.0,truthful resolved feasibility,,,1.0,9999.999999999996,Current feasibility,6.0,,0.81684958646936,0.5683644511608811,0.9583657620803816,0.0,4415.337382825088,moderate,4415.337382825088,,0.7581830242335966,7581.830242335966,4415.337382825088,,,,5.0,,7581.830242335966,0.4415337382825089,,40005,"[""L009"", ""R000"", ""R002"", ""R003"", ""R004"", ""R008"", ""C001""]",,,7.0,0.0,3.0,7581.830242335966,regular,3166.4928595108786,,2418.169757664033,992.829015490066,1.0,0.0,48.0,11530.3633102364,7686.908873490932,0.9863301838379613,0.9863301838379612
,,greedy_local_search,3122.879618156244,2,exp4:regular:c3.0:t3.0:r006,1.0,3.0,10810.81094527581,,,hardening:regular:r006,4,,,2141.3045878105563,1.0,catalog/geography,,,1.0,10000.000000000002,Catalog + geography,7.0,,0.6136928646179141,0.8635571664576774,0.7115696617340275,273.2745995856294,4432.613645674176,moderate,4159.339046088547,,0.720720729685054,7207.20729685054,4159.339046088547,,,,5.0,,7207.207296850539,0.4159339046088546,,40006,"[""L034"", ""R001"", ""R004"", ""R005"", ""R007"", ""R008"", ""C001""]",,,7.0,0.0,3.0,7207.20729685054,regular,3047.8682507619924,,2792.79270314946,906.5636629514358,1.0,0.0,48.0,12102.244088981519,8068.1627259876805,0.8932897788037929,0.8932897788037927
,,greedy_local_search,3122.879618156244,2,exp4:regular:c3.0:t3.0:r006,1.0,3.0,11441.31675750392,,,hardening:regular:r006,4,,,2173.764441606428,1.0,truthful resolved feasibility,,,1.0,10000.000000000002,Current feasibility,7.0,,0.5942198847922391,0.962127982929478,0.793053541592182,0.0,4514.15155566212,moderate,4514.15155566212,,0.7627544505002614,7627.544505002614,4514.15155566212,,,,5.0,,7627.544505002612,0.4514151555662119,,40006,"[""L034"", ""R001"", ""R002"", ""R003"", ""R004"", ""R007"", ""C001""]",,,7.0,0.0,3.0,7627.544505002614,regular,3113.392949340492,,2372.455494997387,939.6285077340644,1.0,0.0,48.0,11645.663864000771,7763.77590933385,0.9824529448142041,0.9824529448142038
,,greedy_local_search,3115.6062898195664,2,exp4:regular:c3.0:t3.0:r007,2.0,3.0,5456.150559804653,,,hardening:regular:r007,4,,,2258.05739439225,1.0,catalog/geography,,,1.0,9999.999999999998,Catalog + geography,3.0,,0.3237373298524919,0.2904394608295116,0.5820388046484657,3183.5074533238635,4087.853636639428,moderate,904.3461833155644,,0.3637433706536435,3637.4337065364352,904.3461833155644,,,,4.0,,3637.4337065364352,0.0904346183315564,,40007,"[""L029"", ""R003"", ""R004"", ""R006"", ""R008"", ""C000"", ""C002""]",,,7.0,498.51724735333175,3.0,3637.4337065364352,regular,2733.087523220871,,6362.566293463563,475.0301288286208,1.0,0.0,48.0,13556.54558374529,9037.697055830191,0.4024735155500634,0.4024735155500635
,,greedy_local_search,3115.6062898195664,2,exp4:regular:c3.0:t3.0:r007,1.0,3.0,10644.16397164411,,,hardening:regular:r007,4,,,2129.646010762552,1.0,truthful resolved feasibility,,,2.0,9999.999999999998,Current feasibility,7.0,,0.5589746849376602,0.76240711541936,0.956149164121088,0.0,3984.578298628103,moderate,3984.578298628103,,0.7096109314429406,7096.109314429406,3984.578298628103,,,,4.0,,7096.109314429406,0.3984578298628103,,40007,"[""L012"", ""L030"", ""R000"", ""R001"", ""R004"", ""R007"", ""C001""]",,,7.0,0.0,3.0,7096.109314429406,regular,3111.5310158013035,,2903.8906855705927,981.8850050387516,1.0,0.0,48.0,10882.841304363781,7255.227536242517,0.9780684725574408,0.9780684725574412
,,greedy_local_search,3204.768007661325,2,exp4:regular:c3.0:t3.0:r008,1.0,3.0,8341.414225878812,,,hardening:regular:r008,4,,,2201.294617155283,1.0,catalog/geography,,,1.0,9999.999999999998,Catalog + geography,5.0,,0.4497602305445832,0.6770177516950082,0.5837298244346939,1508.0199932273172,4094.4690910818367,moderate,2586.44909785452,,0.5560942817252541,5560.942817252541,2586.44909785452,,,,5.0,,5560.942817252541,0.258644909785452,,40008,"[""L026"", ""R000"", ""R001"", ""R002"", ""R004"", ""R008"", ""C002""]",,,7.0,0.0,3.0,5560.942817252541,regular,2974.4937193980218,,4439.057182747459,773.1991022427386,1.0,0.0,48.0,11719.115130057959,7812.743420038638,0.7117785031810298,0.7117785031810299
,,greedy_local_search,3204.768007661325,2,exp4:regular:c3.0:t3.0:r008,0.0,3.0,9806.89768002682,,,hardening:regular:r008,4,,,2138.841852912563,1.0,truthful resolved feasibility,,,2.0,9999.999999999998,Current feasibility,8.0,,0.639542276495111,0.5362611477952244,0.8915387625866313,0.0,3450.9725309255155,moderate,3450.9725309255155,,0.6537931786684548,6537.931786684548,3450.9725309255155,,,,6.0,,6537.931786684548,0.3450972530925516,,40008,"[""L021"", ""L032"", ""R000"", ""R001"", ""R003"", ""R004"", ""R005"", ""R008""]",,,8.0,0.0,3.0,6537.931786684547,regular,3086.959255759032,,3462.068213315453,948.1174028464696,1.0,0.0,48.0,9848.51191773553,6565.674611823686,0.9957745659388633,0.9957745659388635
,,greedy_local_search,3136.9553617898514,2,exp4:regular:c3.0:t3.0:r009,0.0,3.0,9502.804318981824,,,hardening:regular:r009,4,,,2044.0520594550435,1.0,catalog/geography,,,2.0,9999.999999999998,Catalog + geography,7.0,,0.4740572490667374,0.687548643209322,0.8977625036441361,742.2473145997856,4147.35205627375,moderate,3405.104741673965,,0.6335202879321218,6335.202879321218,3405.104741673965,,,,6.0,,6335.202879321218,0.3405104741673965,,40009,"[""L002"", ""L005"", ""R000"", ""R001"", ""R002"", ""R003"", ""R006"", ""R008""]",,,8.0,0.0,3.0,6335.202879321218,regular,2930.0981376472528,,3664.797120678783,886.0460781922093,1.0,0.0,48.0,10799.585418515378,7199.723612343585,0.8799230665549175,0.8799230665549178
,,greedy_local_search,3136.9553617898514,2,exp4:regular:c3.0:t3.0:r009,1.0,3.0,11397.824519992831,,,hardening:regular:r009,4,,,2176.828360032627,1.0,truthful resolved feasibility,,,1.0,9999.999999999998,Current feasibility,7.0,,0.7279694156548213,0.7098692572436999,0.9190724545977884,0.0,4476.780374436171,moderate,4476.780374436171,,0.7598549679995223,7598.549679995223,4476.780374436171,,,,5.0,,7598.549679995223,0.4476780374436171,,40009,"[""L002"", ""R000"", ""R001"", ""R002"", ""R003"", ""R007"", ""C001""]",,,7.0,0.0,3.0,7598.549679995222,regular,3121.769305559053,,2401.450320004777,944.9409455264253,1.0,0.0,48.0,11397.824519992835,7598.549679995222,0.9999999999999997,1.0
,,greedy_local_search,3156.668444536349,2,exp4:regular:c3.0:t3.0:r010,1.0,3.0,7757.432293127633,,,hardening:regular:r010,4,,,2182.167645261778,1.0,catalog/geography,,,1.0,10000.0,Catalog + geography,6.0,,0.3295069491884779,0.7227967950122823,0.5795257374303078,1917.8503453518097,4132.387407451489,moderate,2214.537062099679,,0.5171621528751755,5171.621528751755,2214.537062099679,,,,5.0,,5171.621528751755,0.2214537062099679,,40010,"[""L029"", ""R000"", ""R003"", ""R005"", ""R007"", ""R008"", ""C000""]",,,7.0,0.0,3.0,5171.621528751755,regular,2957.084466652076,,4828.378471248245,774.9168213902982,1.0,0.0,48.0,11962.005231856627,7974.670154571086,0.6485060107203782,0.6485060107203781
,,greedy_local_search,3156.668444536349,2,exp4:regular:c3.0:t3.0:r010,1.0,3.0,10529.236839128487,,,hardening:regular:r010,4,,,2064.60969865872,1.0,truthful resolved feasibility,,,4.0,10000.0,Current feasibility,7.0,,0.4952496189603736,0.9237611336295724,0.7788519865302375,0.0,3890.4192968319503,moderate,3890.4192968319503,,0.701949122608566,7019.49122608566,3890.4192968319503,,,,3.0,,7019.49122608566,0.389041929683195,,40010,"[""L000"", ""L007"", ""L013"", ""L025"", ""R000"", ""R005"", ""R007"", ""C001""]",,,8.0,0.0,3.0,7019.491226085658,regular,3129.0719292537096,,2980.5087739143405,1064.4622305949897,1.0,0.0,48.0,10766.040676181194,7177.3604507874625,0.9780045567191092,0.9780045567191092
,,greedy_local_search,3160.557603079724,2,exp4:regular:c3.0:t3.0:r011,1.0,3.0,8888.466148108115,,,hardening:regular:r011,4,,,2133.810335365187,1.0,catalog/geography,,,1.0,10000.000000000002,Catalog + geography,6.0,,0.3566753474826582,0.7635847167088016,0.8240292632929881,1279.814972408537,4210.843992074656,moderate,2931.029019666119,,0.5925644098738743,5925.644098738743,2931.029019666119,,,,5.0,,5925.644098738744,0.2931029019666118,,40011,"[""L014"", ""R002"", ""R003"", ""R004"", ""R005"", ""R008"", ""C000""]",,,7.0,0.0,3.0,5925.644098738744,regular,2994.615079072625,,4074.355901261257,860.8047437074381,1.0,0.0,48.0,12393.096594467148,8262.064396311434,0.7172110763726588,0.7172110763726587
,,greedy_local_search,3160.557603079724,2,exp4:regular:c3.0:t3.0:r011,1.0,3.0,11333.93989472086,,,hardening:regular:r011,4,,,2125.167307084085,1.0,truthful resolved feasibility,,,1.0,10000.000000000002,Current feasibility,7.0,,0.55519845141891,0.8735905424082313,1.0,0.0,4409.621573198394,moderate,4409.621573198394,,0.7555959929813905,7555.959929813905,4409.621573198394,,,,5.0,,7555.959929813905,0.4409621573198393,,40011,"[""L026"", ""R000"", ""R002"", ""R003"", ""R004"", ""R008"", ""C001""]",,,7.0,0.0,3.0,7555.959929813906,regular,3146.338356615511,,2444.040070186096,1021.171049531426,1.0,0.0,48.0,11585.975671285953,7723.983780857305,0.9782464780079139,0.9782464780079134
,,greedy_local_search,3192.099663508026,2,exp4:regular:c3.0:t3.0:r012,0.0,3.0,9509.56087496095,,,hardening:regular:r012,4,,,2148.546993120903,1.0,catalog/geography,,,0.0,9999.999999999998,Catalog + geography,6.0,,0.5832120849833768,0.6542158205759613,0.7127487477664527,496.682177998784,3769.779410313733,moderate,3273.0972323149485,,0.6339707249973966,6339.707249973966,3273.0972323149485,,,,7.0,,6339.707249973965,0.3273097232314949,,40012,"[""R001"", ""R002"", ""R004"", ""R005"", ""R006"", ""R007"", ""R008""]",,,7.0,0.0,3.0,6339.707249973965,regular,3066.6100176590166,,3660.292750026034,918.0630245381136,1.0,0.0,48.0,10372.165252812132,6914.776835208087,0.9168346862177778,0.9168346862177779
,,greedy_local_search,3192.099663508026,2,exp4:regular:c3.0:t3.0:r012,1.0,3.0,10523.392703496753,,,hardening:regular:r012,4,,,2212.409310172163,1.0,truthful resolved feasibility,,,0.0,9999.999999999998,Current feasibility,6.0,,0.7396612005889551,0.5593814958301208,0.86464224880439,0.0,3867.18944893347,moderate,3867.18944893347,,0.70155951356645,7015.5951356645,3867.18944893347,,,,5.0,,7015.5951356645,0.386718944893347,,40012,"[""R001"", ""R004"", ""R005"", ""R006"", ""R007"", ""C001""]",,,6.0,0.0,3.0,7015.5951356645,regular,3148.40568673103,,2984.404864335499,935.9963765588674,1.0,0.0,48.0,10523.392703496751,7015.5951356645,1.0000000000000002,1.0
,,greedy_local_search,3184.1865156025765,2,exp4:regular:c3.0:t3.0:r013,1.0,3.0,8941.44215082721,,,hardening:regular:r013,4,,,2173.665279157648,1.0,catalog/geography,,,1.0,9999.999999999998,Catalog + geography,5.0,,0.5787854387668239,0.5481245338882442,0.7189955454126218,1219.0088997814082,4175.955791499812,moderate,2956.946891718404,,0.5960961433884806,5960.961433884806,2956.946891718404,,,,5.0,,5960.961433884807,0.2956946891718404,,40013,"[""L030"", ""R001"", ""R002"", ""R005"", ""R007"", ""R008"", ""C000""]",,,7.0,0.0,3.0,5960.961433884806,regular,3004.014542166403,,4039.038566115194,830.3492630087546,1.0,0.0,48.0,11513.659081055182,7675.772720703455,0.7765943118412849,0.7765943118412848
,,greedy_local_search,3184.1865156025765,2,exp4:regular:c3.0:t3.0:r013,1.0,3.0,11215.885692831414,,,hardening:regular:r013,4,,,2168.4064714020096,1.0,truthful resolved feasibility,,,3.0,9999.999999999998,Current feasibility,8.0,,0.7012625830295024,0.7600377521444213,0.8307216862080198,0.0,4300.456272662435,moderate,4300.456272662435,,0.7477257128554277,7477.257128554276,4300.456272662435,,,,4.0,,7477.257128554276,0.4300456272662436,,40013,"[""L028"", ""L030"", ""L033"", ""R001"", ""R002"", ""R004"", ""R008"", ""C001""]",,,8.0,0.0,3.0,7477.257128554276,regular,3176.800855891841,,2522.742871445725,1008.3943844898312,1.0,0.0,48.0,11220.538860216504,7480.359240144335,0.9995852991159285,0.9995852991159287
,,greedy_local_search,3149.994846744082,2,exp4:regular:c3.0:t3.0:r014,1.0,3.0,8437.889896469245,,,hardening:regular:r014,4,,,2084.541909803668,1.0,catalog/geography,,,1.0,10000.0,Catalog + geography,6.0,,0.6544050124589923,0.484869675781354,0.4916967548396456,1626.6841612379912,4421.86362276831,moderate,2795.179461530319,,0.5625259930979497,5625.259930979497,2795.179461530319,,,,5.0,,5625.259930979496,0.2795179461530319,,40014,"[""L017"", ""R000"", ""R002"", ""R005"", ""R006"", ""R007"", ""C000""]",,,7.0,0.0,3.0,5625.259930979496,regular,2830.080469449177,,4374.740069020505,745.5385596455089,1.0,0.0,48.0,12047.170393282318,8031.446928854877,0.7004042958647234,0.7004042958647234
,,greedy_local_search,3149.994846744082,2,exp4:regular:c3.0:t3.0:r014,1.0,3.0,11612.643469247312,,,hardening:regular:r014,4,,,2142.4661804344587,1.0,truthful resolved feasibility,,,1.0,10000.0,Current feasibility,7.0,,0.7056654007855284,0.8311866142209623,0.8285574297616475,0.0,4597.710751224393,moderate,4597.710751224393,,0.774176231283154,7741.762312831541,4597.710751224393,,,,5.0,,7741.762312831541,0.4597710751224393,,40014,"[""L017"", ""R000"", ""R001"", ""R004"", ""R005"", ""R007"", ""C001""]",,,7.0,0.0,3.0,7741.762312831541,regular,3144.051561607148,,2258.23768716846,1001.585381172689,1.0,0.0,48.0,11612.643469247318,7741.762312831541,0.9999999999999996,1.0
,,greedy_local_search,3157.5449359068625,2,exp4:regular:c3.0:t3.0:r015,1.0,3.0,8858.154816882146,,,hardening:regular:r015,4,,,2284.582416020416,1.0,catalog/geography,,,0.0,9999.999999999998,Catalog + geography,5.0,,0.5748511536970891,0.5398420056000321,0.714579666675542,1236.2152824377918,4123.392197689672,moderate,2887.17691525188,,0.5905436544588097,5905.436544588098,2887.17691525188,,,,6.0,,5905.436544588098,0.288717691525188,,40015,"[""R000"", ""R001"", ""R004"", ""R005"", ""R006"", ""R008"", ""C000""]",,,7.0,0.0,3.0,5905.436544588098,regular,3018.2596293362176,,4094.5634554119024,733.6772133158021,1.0,0.0,48.0,12535.558007839729,8357.038671893151,0.7066422421197575,0.7066422421197576
,,greedy_local_search,3157.5449359068625,2,exp4:regular:c3.0:t3.0:r015,1.0,3.0,10713.68571594225,,,hardening:regular:r015,4,,,2121.7478636443047,1.0,truthful resolved feasibility,,,5.0,9999.999999999998,Current feasibility,9.0,,0.7041772193021991,0.6163705263491861,0.9081814074397268,0.0,3984.9122080546367,moderate,3984.9122080546367,,0.71424571439615,7142.4571439615,3984.9122080546367,,,,3.0,,7142.457143961499,0.3984912208054637,,40015,"[""L004"", ""L009"", ""L013"", ""L028"", ""L035"", ""R001"", ""R004"", ""R008"", ""C001""]",,,9.0,0.0,3.0,7142.457143961501,regular,3157.5449359068625,,2857.542856038499,1035.797072262558,1.0,0.0,48.0,10817.535641929784,7211.690427953188,0.9903998535872623,0.9903998535872627
,,greedy_local_search,3157.122265676465,2,exp4:regular:c3.0:t3.0:r016,1.0,3.0,8141.048633619203,,,hardening:regular:r016,4,,,2199.699769162313,1.0,catalog/geography,,,1.0,10000.000000000002,Catalog + geography,6.0,,0.5260293466617165,0.4013231670365693,0.8278013055702094,1496.8490185562068,3973.784481696287,moderate,2476.93546314008,,0.5427365755746135,5427.365755746136,2476.93546314008,,,,5.0,,5427.365755746136,0.2476935463140079,,40016,"[""L020"", ""R001"", ""R002"", ""R003"", ""R004"", ""R008"", ""C000""]",,,7.0,0.0,3.0,5427.365755746136,regular,2950.4302926060554,,4572.634244253864,750.7305234437424,1.0,0.0,48.0,11147.443955813917,7431.629303875947,0.7303063075166449,0.7303063075166447
,,greedy_local_search,3157.122265676465,2,exp4:regular:c3.0:t3.0:r016,1.0,3.0,11003.79276626043,,,hardening:regular:r016,4,,,2132.539278197888,1.0,truthful resolved feasibility,,,3.0,10000.000000000002,Current feasibility,8.0,,0.6265308360765536,0.8173915630539169,0.8278013055702094,0.0,4183.573410630256,moderate,4183.573410630256,,0.733586184417362,7335.86184417362,4183.573410630256,,,,4.0,,7335.861844173619,0.4183573410630255,,40016,"[""L020"", ""L025"", ""L035"", ""R002"", ""R003"", ""R004"", ""R005"", ""C001""]",,,8.0,0.0,3.0,7335.86184417362,regular,3152.2884335433628,,2664.13815582638,1019.749155345475,1.0,0.0,48.0,11003.876887732931,7335.9179251552905,0.9999923552877445,0.9999923552877441
,,greedy_local_search,3219.934328513683,2,exp4:regular:c3.0:t3.0:r017,2.0,3.0,8738.886924433169,,,hardening:regular:r017,4,,,2316.286113825685,1.0,catalog/geography,,,0.0,10000.000000000002,Catalog + geography,6.0,,0.3751215654844253,0.7511160088782967,0.754485770267413,1528.797470671164,4285.575063332888,moderate,2756.777592661724,,0.5825924616288779,5825.924616288778,2756.777592661724,,,,4.0,,5825.924616288779,0.2756777592661724,,40017,"[""R001"", ""R004"", ""R007"", ""R008"", ""C001"", ""C002""]",,,6.0,0.0,3.0,5825.924616288778,regular,3069.147023627055,,4174.075383711222,752.8609098013706,1.0,0.0,48.0,12960.938602995848,8640.625735330568,0.6742479994784656,0.6742479994784653
,,greedy_local_search,3219.934328513683,2,exp4:regular:c3.0:t3.0:r017,0.0,3.0,10308.37377314498,,,hardening:regular:r017,4,,,2182.3499857481675,1.0,truthful resolved feasibility,,,3.0,10000.000000000002,Current feasibility,9.0,,0.5710861284135337,0.7390743592444269,0.8578006734401287,0.0,3652.3148535829705,moderate,3652.3148535829705,,0.6872249182096654,6872.249182096653,3652.3148535829705,,,,6.0,,6872.249182096653,0.3652314853582969,,40017,"[""L009"", ""L014"", ""L020"", ""R000"", ""R001"", ""R002"", ""R004"", ""R005"", ""R008""]",,,9.0,0.0,3.0,6872.249182096653,regular,3219.934328513683,,3127.7508179033466,1037.5843427655154,1.0,0.0,48.0,10537.263261676373,7024.842174450918,0.9782780895905054,0.9782780895905051
,,greedy_local_search,3175.553828239308,2,exp4:regular:c3.0:t3.0:r018,1.0,3.0,8416.05175927051,,,hardening:regular:r018,4,,,2224.60803274958,1.0,catalog/geography,,,2.0,9999.999999999996,Catalog + geography,8.0,,0.4847010732242809,0.5818770526860689,0.6964883294682508,1676.8823118960454,4275.587984729375,moderate,2598.705672833329,,0.5610701172847007,5610.701172847007,2598.705672833329,,,,5.0,,5610.701172847006,0.259870567283333,,40018,"[""L007"", ""L016"", ""R000"", ""R003"", ""R004"", ""R005"", ""R006"", ""C002""]",,,8.0,0.0,3.0,5610.701172847006,regular,3011.995500013677,,4389.298827152993,787.387467264097,1.0,0.0,48.0,11821.786959022902,7881.191306015267,0.7119102880505737,0.7119102880505737
,,greedy_local_search,3175.553828239308,2,exp4:regular:c3.0:t3.0:r018,1.0,3.0,10958.768602140248,,,hardening:regular:r018,4,,,2153.450660811356,1.0,truthful resolved feasibility,,,1.0,9999.999999999996,Current feasibility,7.0,,0.6638869611260337,0.7507018184435701,0.8454490225702593,0.0,4187.252608414512,moderate,4187.252608414512,,0.7305845734760166,7305.845734760165,4187.252608414512,,,,5.0,,7305.845734760165,0.4187252608414513,,40018,"[""L016"", ""R000"", ""R001"", ""R003"", ""R005"", ""R007"", ""C001""]",,,7.0,0.0,3.0,7305.845734760165,regular,3118.5931263456537,,2694.1542652398343,965.142465534298,1.0,0.0,48.0,10990.522747974983,7327.015165316654,0.9971107702005725,0.9971107702005727
,,greedy_local_search,3116.235950464716,2,exp4:regular:c3.0:t3.0:r019,2.0,3.0,8782.090390267907,,,hardening:regular:r019,4,,,2265.698177976178,1.0,catalog/geography,,,0.0,10000.000000000002,Catalog + geography,6.0,,0.6638869493522774,0.562560707136799,0.4491365898906139,1387.6429765292803,4317.113556163084,moderate,2929.470579633803,,0.5854726926845273,5854.726926845273,2929.470579633803,,,,4.0,,5854.726926845273,0.2929470579633803,,40019,"[""R000"", ""R001"", ""R002"", ""R003"", ""C000"", ""C001""]",,,6.0,0.0,3.0,5854.726926845272,regular,2925.25634721147,,4145.273073154727,659.5581692352918,1.0,0.0,48.0,13309.379646122912,8872.919764081946,0.6598422033010511,0.6598422033010509
,,greedy_local_search,3116.235950464716,2,exp4:regular:c3.0:t3.0:r019,1.0,3.0,10919.049522507386,,,hardening:regular:r019,4,,,2101.0019697968014,1.0,truthful resolved feasibility,,,4.0,10000.000000000002,Current feasibility,8.0,,0.6904835061181319,0.7598280815988684,0.756396142605312,0.0,4194.539106884555,moderate,4194.539106884555,,0.7279366348338256,7279.366348338256,4194.539106884555,,,,3.0,,7279.366348338257,0.4194539106884554,,40019,"[""L007"", ""L014"", ""L031"", ""L035"", ""R001"", ""R002"", ""R007"", ""C001""]",,,8.0,0.0,3.0,7279.366348338255,regular,3084.8272414537028,,2720.633651661744,983.8252716569014,1.0,0.0,48.0,11050.263017708694,7366.842011805799,0.9881257581841237,0.988125758184123
