budget,budget_index,case_id,coverage_difference,environment_id,fixed_cost_difference,max_revenue,profit_difference,revenue_difference,revenue_normalized_profit_difference,seed,spending_difference,topology,variable_cost_difference
1017.0516716269813,0,final:asymmetric:b0:r000,0.13890203236920512,final:asymmetric:r000,128.26302875918498,10000.0,1179.8926792803686,1389.0203236920509,0.11798926792803686,110000,209.12764441168213,asymmetric,80.86461565249718
1014.7878662035679,0,final:asymmetric:b0:r001,0.10910981834582256,final:asymmetric:r001,42.141135776712986,10000.0,914.7093372532529,1091.0981834582253,0.09147093372532529,110001,176.38884620497242,asymmetric,134.2477104282595
1005.0381070229371,0,final:asymmetric:b0:r002,0.12441745549552544,final:asymmetric:r002,-0.20156430682993687,9999.999999999998,1124.8386861576455,1244.1745549552538,0.11248386861576457,110002,119.33586879760844,asymmetric,119.53743310443829
1020.3435662338658,0,final:asymmetric:b0:r003,0.0,final:asymmetric:r003,0.0,10000.0,0.0,0.0,0.0,110003,0.0,asymmetric,0.0
1009.8344259798359,0,final:asymmetric:b0:r004,0.047956207523974254,final:asymmetric:r004,52.23831770625179,9999.999999999996,317.25475439684203,479.56207523974217,0.031725475439684216,110004,162.30732084290025,asymmetric,110.06900313664849
1000.9661159839321,0,final:asymmetric:b0:r005,0.15864590270725765,final:asymmetric:r005,-146.539060182713,10000.0,1503.827120554334,1586.4590270725769,0.1503827120554334,110005,82.63190651824289,asymmetric,229.1709667009559
1002.9319419631946,0,final:asymmetric:b0:r006,0.13327071141893063,final:asymmetric:r006,21.988530171026923,10000.000000000002,1189.3321905793066,1332.7071141893057,0.11893321905793064,110006,143.3749236099991,asymmetric,121.38639343897216
1017.6021739640375,0,final:asymmetric:b0:r007,0.26424686303652467,final:asymmetric:r007,-60.342417612626605,9999.999999999998,2376.80349021073,2642.4686303652456,0.23768034902107307,110007,265.66514015451526,asymmetric,326.007557767142
1011.862575985549,0,final:asymmetric:b0:r008,0.1941905325592702,final:asymmetric:r008,-6.123705522983073,10000.0,1708.6561485516102,1941.905325592702,0.17086561485516102,110008,233.2491770410918,asymmetric,239.37288256407487
1020.8457243756184,0,final:asymmetric:b0:r009,0.22455830076690997,final:asymmetric:r009,-75.42309849846447,10000.000000000002,2045.6215240030042,2245.5830076690995,0.20456215240030037,110009,199.9614836660952,asymmetric,275.3845821645597
1013.9832379296207,0,final:asymmetric:b0:r010,0.10845537332591809,final:asymmetric:r010,-1.511793110715871,9999.999999999998,961.3391552806388,1084.5537332591805,0.0961339155280639,110010,123.21457797854168,asymmetric,124.72637108925744
1017.7128089757575,0,final:asymmetric:b0:r011,0.07608994108316294,final:asymmetric:r011,6.394235206258827,10000.000000000002,719.781053489031,760.8994108316288,0.07197810534890309,110011,41.11835734259785,asymmetric,34.72412213633902
997.0071707856497,0,final:asymmetric:b0:r012,0.21607532588930406,final:asymmetric:r012,-1.0391639546583065,10000.000000000002,1905.5444217469253,2160.7532588930408,0.1905544421746925,110012,255.20883714611523,asymmetric,256.24800110077354
1001.6918621771612,0,final:asymmetric:b0:r013,0.11905343681612952,final:asymmetric:r013,-77.46078108088363,10000.000000000002,1192.6552134020603,1190.5343681612953,0.11926552134020602,110013,-2.1208452407648792,asymmetric,75.33993584011884
1008.523770111714,0,final:asymmetric:b0:r014,0.02509662479842162,final:asymmetric:r014,-2.053078276739484,10000.0,195.40478615976485,250.96624798421635,0.019540478615976485,110014,55.5614618244515,asymmetric,57.61454010119098
1007.5129282264278,0,final:asymmetric:b0:r015,0.017306476846244423,final:asymmetric:r015,10.619022528378878,10000.0,155.5320868762235,173.06476846244414,0.01555320868762235,110015,17.532681586220747,asymmetric,6.913659057841869
1017.0152649735837,0,final:asymmetric:b0:r016,0.06913331249792842,final:asymmetric:r016,-84.35852664912193,10000.000000000002,735.9886913492385,691.3331249792839,0.07359886913492383,110016,-44.65556636995473,asymmetric,39.70296027916726
1030.5092823046432,0,final:asymmetric:b0:r017,0.0462790581334811,final:asymmetric:r017,7.790110535356916,10000.0,373.74410060270293,462.79058133481044,0.03737441006027029,110017,89.04648073210751,asymmetric,81.25637019675054
1018.8654224159103,0,final:asymmetric:b0:r018,0.1766607466295383,final:asymmetric:r018,-57.86883598572899,10000.0,1686.1216876128342,1766.6074662953818,0.16861216876128343,110018,80.48577868254756,asymmetric,138.35461466827653
1006.5803147314,0,final:asymmetric:b0:r019,0.21068633040021012,final:asymmetric:r019,51.210699245179626,10000.000000000002,1849.344865164917,2106.8633040021014,0.18493448651649166,110019,257.51843883718436,asymmetric,206.3077395920048
1006.005766903551,0,final:asymmetric:b0:r020,0.17913181165012554,final:asymmetric:r020,-51.364275084017095,10000.000000000002,1556.3646381277626,1791.3181165012552,0.15563646381277624,110020,234.95347837349277,asymmetric,286.31775345750975
1005.799101764501,0,final:asymmetric:b0:r021,0.019897686680213855,final:asymmetric:r021,-10.148574490354008,10000.000000000002,171.64937291421325,198.97686680213837,0.017164937291421323,110021,27.327493887925016,asymmetric,37.47606837827897
1027.5570586648435,0,final:asymmetric:b0:r022,0.1803854655355933,final:asymmetric:r022,-12.159628083665325,10000.0,1568.8625151563447,1803.8546553559333,0.15688625151563446,110022,234.99214019958868,asymmetric,247.15176828325394
1021.4482630370588,0,final:asymmetric:b0:r023,0.28193370267409407,final:asymmetric:r023,-13.643027827140145,9999.999999999998,2494.1795953125493,2819.337026740941,0.24941795953125498,110023,325.1574314283914,asymmetric,338.8004592555315
1034.0135811646023,0,final:asymmetric:b0:r024,0.02314695638551051,final:asymmetric:r024,3.555502099715227,9999.999999999998,174.81080937856404,231.4695638551052,0.017481080937856407,110024,56.65875447654116,asymmetric,53.10325237682585
1030.565897024364,0,final:asymmetric:b0:r025,0.0,final:asymmetric:r025,0.0,10000.000000000002,0.0,0.0,0.0,110025,0.0,asymmetric,0.0
1020.5304144178286,0,final:asymmetric:b0:r026,0.0,final:asymmetric:r026,0.0,10000.000000000002,0.0,0.0,0.0,110026,0.0,asymmetric,0.0
1025.4416005848764,0,final:asymmetric:b0:r027,0.08710031749762168,final:asymmetric:r027,160.62008178304905,10000.0,691.6512290666576,871.0031749762165,0.06916512290666577,110027,179.35194590955894,asymmetric,18.731864126509834
996.0380400364762,0,final:asymmetric:b0:r028,0.05330334063474776,final:asymmetric:r028,154.6547474577369,9999.999999999998,285.1536398434773,533.0334063474777,0.028515363984347737,110028,247.87976650400037,asymmetric,93.22501904626353
1018.9912579219789,0,final:asymmetric:b0:r029,0.0,final:asymmetric:r029,0.0,9999.999999999996,0.0,0.0,0.0,110029,0.0,asymmetric,0.0
1006.2617174107877,0,final:asymmetric:b0:r030,0.045943383378602626,final:asymmetric:r030,124.08520270362237,10000.0,336.80316390843655,459.4338337860263,0.03368031639084366,110030,122.63066987758975,asymmetric,-1.4545328260325618
1016.2982393547846,0,final:asymmetric:b0:r031,0.08059699663817638,final:asymmetric:r031,52.85490267353714,9999.999999999996,691.5321645987972,805.9699663817637,0.06915321645987975,110031,114.43780178296652,asymmetric,61.58289910942929
1025.2053720611657,0,final:asymmetric:b0:r032,0.0,final:asymmetric:r032,0.0,9999.999999999998,0.0,0.0,0.0,110032,0.0,asymmetric,0.0
997.3117308016531,0,final:asymmetric:b0:r033,0.180586650110178,final:asymmetric:r033,-18.884462952733884,10000.000000000002,1610.370502779621,1805.8665011017802,0.16103705027796206,110033,195.49599832215927,asymmetric,214.38046127489315
1026.0219053763676,0,final:asymmetric:b0:r034,0.05641015584650114,final:asymmetric:r034,185.65680577508977,9999.999999999996,377.4660004207635,564.1015584650117,0.03774660004207637,110034,186.63555804424823,asymmetric,0.9787522691584059
1021.1253256210158,0,final:asymmetric:b0:r035,0.04163529320486825,final:asymmetric:r035,-35.66377784189126,10000.000000000004,302.0905408797487,416.3529320486823,0.03020905408797486,110035,114.26239116893362,asymmetric,149.9261690108248
1007.3154958842152,0,final:asymmetric:b0:r036,0.0350547534252649,final:asymmetric:r036,9.203692241009435,9999.999999999996,257.50959239035274,350.5475342526488,0.02575095923903528,110036,93.03794186229607,asymmetric,83.83424962128657
1019.8495455440382,0,final:asymmetric:b0:r037,0.0,final:asymmetric:r037,0.0,9999.999999999998,0.0,0.0,0.0,110037,0.0,asymmetric,0.0
1008.9848099361936,0,final:asymmetric:b0:r038,0.007927180250535126,final:asymmetric:r038,-20.079530894314303,10000.000000000002,79.27180250535139,79.27180250535139,0.007927180250535137,110038,0.0,asymmetric,20.079530894314246
1001.5653991030334,0,final:asymmetric:b0:r039,0.21182727263145784,final:asymmetric:r039,47.592804027211514,10000.0,1871.5820303119963,2118.272726314579,0.18715820303119962,110039,246.6906960025825,asymmetric,199.09789197537094
1010.8585829657776,0,final:asymmetric:b0:r040,0.013635988931113535,final:asymmetric:r040,135.66188278433526,10000.0,3.565387671261533,136.35988931113525,0.0003565387671261533,110040,132.79450163987372,asymmetric,-2.8673811444616604
1025.9651227736317,0,final:asymmetric:b0:r041,0.09651835164952637,final:asymmetric:r041,-27.220296813638242,10000.000000000004,852.6834394542119,965.1835164952636,0.08526834394542115,110041,112.50007704105167,asymmetric,139.72037385468988
1008.5140861963376,0,final:asymmetric:b0:r042,0.16690879916544543,final:asymmetric:r042,-101.70345359544672,10000.000000000002,1560.5263948264799,1669.087991654454,0.15605263948264797,110042,108.5615968279742,asymmetric,210.26505042342083
1015.4028630446943,0,final:asymmetric:b0:r043,0.046396048102346765,final:asymmetric:r043,-48.019019644858304,10000.0,500.8331081444694,463.96048102346776,0.05008331081444694,110043,-36.87262712100164,asymmetric,11.146392523856605
1004.8318111812423,0,final:asymmetric:b0:r044,0.0,final:asymmetric:r044,0.0,10000.0,0.0,0.0,0.0,110044,0.0,asymmetric,0.0
1002.524528552592,0,final:asymmetric:b0:r045,0.07849685618137654,final:asymmetric:r045,58.992466244195384,10000.000000000005,621.4496055518721,784.9685618137653,0.06214496055518717,110045,163.51895626189332,asymmetric,104.52649001769794
1026.9416561078174,0,final:asymmetric:b0:r046,0.15439145742415883,final:asymmetric:r046,26.63639740982319,10000.0,1375.7881496508317,1543.9145742415885,0.13757881496508317,110046,168.12642459075698,asymmetric,141.49002718093382
1013.2744016095568,0,final:asymmetric:b0:r047,0.06221845083288155,final:asymmetric:r047,16.020613136597717,9999.999999999998,527.4883340555494,622.1845083288154,0.05274883340555495,110047,94.69617427326591,asymmetric,78.6755611366682
1028.3910203698222,0,final:asymmetric:b0:r048,0.0018115998166588487,final:asymmetric:r048,6.875322643458844,10000.0,10.25556668848617,18.11599816658827,0.0010255566688486168,110048,7.860431478102214,asymmetric,0.9851088346433698
1016.8690881279927,0,final:asymmetric:b0:r049,0.1445368419067251,final:asymmetric:r049,-138.9246817164185,10000.0,1373.1636660036293,1445.3684190672511,0.13731636660036292,110049,72.20475306362187,asymmetric,211.12943478004036
1025.5664699667414,0,final:asymmetric:b0:r050,0.20652207196820585,final:asymmetric:r050,34.27189108698019,10000.0,1831.1087003151297,2065.220719682059,0.18311087003151297,110050,234.11201936692953,asymmetric,199.84012827994934
1000.458683029037,0,final:asymmetric:b0:r051,0.14419128789054675,final:asymmetric:r051,-136.3328909492909,10000.000000000004,1444.838765866426,1441.9128789054676,0.14448387658664255,110051,-2.925886960958451,asymmetric,133.40700398833252
1000.4601335794962,0,final:asymmetric:b0:r052,0.13232814426154302,final:asymmetric:r052,84.02014227906784,9999.999999999998,1050.5986472657266,1323.2814426154303,0.10505986472657268,110052,272.6827953497036,asymmetric,188.6626530706357
1033.0453303969725,0,final:asymmetric:b0:r053,0.0,final:asymmetric:r053,0.0,10000.0,0.0,0.0,0.0,110053,0.0,asymmetric,0.0
1010.2843622899859,0,final:asymmetric:b0:r054,0.25551336479868225,final:asymmetric:r054,6.011880952654451,9999.999999999998,2254.6631377275353,2555.133647986823,0.22546631377275356,110054,300.4705102592874,asymmetric,294.4586293066329
1024.3451286531918,0,final:asymmetric:b0:r055,0.20402534465189132,final:asymmetric:r055,-57.65697550827247,9999.999999999996,1867.9570960289313,2040.2534465189135,0.1867957096028932,110055,172.29635048998216,asymmetric,229.95332599825468
1003.9800238650583,0,final:asymmetric:b0:r056,0.08303202377905666,final:asymmetric:r056,-15.684854476763007,10000.0,738.8668643377375,830.3202377905666,0.07388668643377375,110056,91.45337345282906,asymmetric,107.13822792959218
1038.5242262957408,0,final:asymmetric:b0:r057,0.016535367479940555,final:asymmetric:r057,-30.9785397200219,9999.999999999998,162.0029284553534,165.35367479940487,0.016200292845535345,110057,3.3507463440514584,asymmetric,34.329286064073415
1002.6592384339965,0,final:asymmetric:b0:r058,0.0,final:asymmetric:r058,0.0,10000.0,0.0,0.0,0.0,110058,0.0,asymmetric,0.0
1007.4019844990573,0,final:asymmetric:b0:r059,0.00659724189068181,final:asymmetric:r059,-5.673803813864765,9999.999999999998,57.19918345773681,65.97241890681744,0.0057199183457736814,110059,8.773235449080744,asymmetric,14.447039262945424
1001.4645421208214,0,final:asymmetric:b0:r060,0.10452650879710387,final:asymmetric:r060,85.99205117171812,10000.0,878.5059247330116,1045.2650879710388,0.08785059247330117,110060,166.7591632380272,asymmetric,80.76711206630921
1010.7201712341749,0,final:asymmetric:b0:r061,0.12195043062576745,final:asymmetric:r061,32.2587447126549,10000.0,1067.4963539751882,1219.5043062576744,0.10674963539751882,110061,152.00795228248637,asymmetric,119.7492075698315
1007.9700502937133,0,final:asymmetric:b0:r062,-0.013524734455734572,final:asymmetric:r062,-136.55545327799405,10000.000000000002,28.765131073321527,-135.2473445573455,0.002876513107332152,110062,-164.01247563066704,asymmetric,-27.457022352672936
991.5943938475958,0,final:asymmetric:b0:r063,0.2132495948976269,final:asymmetric:r063,36.527989463421704,10000.0,1799.0535378604577,2132.495948976269,0.17990535378604577,110063,333.44241111581164,asymmetric,296.91442165239
1016.1379264072169,0,final:asymmetric:b0:r064,0.04926648343211065,final:asymmetric:r064,-19.361051271719703,9999.999999999998,411.3241608969503,492.66483432110726,0.041132416089695034,110064,81.34067342415688,asymmetric,100.70172469587658
1011.6530309355107,0,final:asymmetric:b0:r065,0.1724266836689937,final:asymmetric:r065,-128.90367423606415,9999.999999999998,1620.5606479095975,1724.2668366899366,0.16205606479095977,110065,103.70618878033918,asymmetric,232.60986301640332
991.7816668831007,0,final:asymmetric:b0:r066,0.032840265999861395,final:asymmetric:r066,-68.5308957505573,10000.0,241.53851557973292,328.4026599986137,0.024153851557973293,110066,86.86414441888064,asymmetric,155.39504016943795
1003.125467165564,0,final:asymmetric:b0:r067,0.003271672424751071,final:asymmetric:r067,-93.76773183363912,10000.0,125.21907202622083,32.71672424751068,0.012521907202622083,110067,-92.50234777871015,asymmetric,1.2653840549290294
992.7476892926383,0,final:asymmetric:b0:r068,0.023613265256187926,final:asymmetric:r068,-12.167598416981491,10000.000000000002,213.8133167714957,236.13265256187924,0.021381331677149566,110068,22.319335790383548,asymmetric,34.48693420736504
1034.351742054144,0,final:asymmetric:b0:r069,0.17091764436132034,final:asymmetric:r069,-50.921756074109226,10000.000000000002,1590.5354819512936,1709.176443613204,0.15905354819512932,110069,118.64096166191052,asymmetric,169.56271773601975
1015.8238476746673,0,final:asymmetric:b0:r070,0.04384388592835678,final:asymmetric:r070,54.00206553473231,10000.0,394.275710067991,438.43885928356804,0.0394275710067991,110070,44.16314921557694,asymmetric,-9.83891631915543
999.0141451042523,0,final:asymmetric:b0:r071,0.15612925669960734,final:asymmetric:r071,122.11792532096854,10000.0,1320.3223844941178,1561.2925669960734,0.13203223844941178,110071,240.9701825019556,asymmetric,118.85225718098707
1024.6864454917093,0,final:asymmetric:b0:r072,0.0019744449552415166,final:asymmetric:r072,-10.127531962348371,9999.999999999998,2.4398997133102966,19.744449552415517,0.0002439899713310297,110072,17.30454983910522,asymmetric,27.43208180145359
993.6861947498206,0,final:asymmetric:b0:r073,0.000429804608167661,final:asymmetric:r073,10.679591921666315,9999.999999999998,15.590479292067585,4.298046081677057,0.0015590479292067587,110073,-11.292433210390527,asymmetric,-21.97202513205673
1006.846036623613,0,final:asymmetric:b0:r074,0.0072003318860369425,final:asymmetric:r074,-17.963748890869624,10000.000000000002,74.81013734482667,72.00331886036884,0.0074810137344826656,110074,-2.8068184844578354,asymmetric,15.156930406411846
1005.7282881519527,0,final:asymmetric:b0:r075,0.08806142663246444,final:asymmetric:r075,36.38559939284198,9999.999999999998,723.1583426951752,880.6142663246449,0.07231583426951753,110075,157.45592362946968,asymmetric,121.0703242366277
1015.1090074016032,0,final:asymmetric:b0:r076,0.049631448195803785,final:asymmetric:r076,-61.85801540051875,10000.000000000002,412.477202502869,496.3144819580375,0.04124772025028689,110076,83.83727945516853,asymmetric,145.69529485568734
1011.5592015717178,0,final:asymmetric:b0:r077,0.04210832730878855,final:asymmetric:r077,22.341628515356092,9999.999999999998,346.32329033447513,421.0832730878856,0.03463232903344752,110077,74.75998275341033,asymmetric,52.418354238054235
1015.8253997958398,0,final:asymmetric:b0:r078,0.07453290463494058,final:asymmetric:r078,91.73287756651985,10000.000000000002,589.6904858932069,745.3290463494056,0.05896904858932068,110078,155.63856045619877,asymmetric,63.90568288967887
999.6010463582547,0,final:asymmetric:b0:r079,0.08628712802445668,final:asymmetric:r079,-54.79773128215993,10000.000000000002,829.0303634803882,862.8712802445666,0.0829030363480388,110079,33.84091676417836,asymmetric,88.6386480463382
1020.499990395827,0,final:asymmetric:b0:r080,0.011896269565780215,final:asymmetric:r080,-13.41658069826974,10000.0,44.86544068947023,118.96269565780267,0.004486544068947024,110080,74.09725496833255,asymmetric,87.51383566660229
1010.4718626225044,0,final:asymmetric:b0:r081,0.006582150485164084,final:asymmetric:r081,-2.0592777305982963,10000.000000000002,56.65713751814974,65.82150485164084,0.005665713751814972,110081,9.1643673334911,asymmetric,11.22364506408934
1003.6278947093031,0,final:asymmetric:b0:r082,0.16731807997417003,final:asymmetric:r082,-34.878334091135116,10000.0,1483.3481759395463,1673.1807997417009,0.14833481759395464,110082,189.83262380215433,asymmetric,224.71095789328945
1015.8947282087562,0,final:asymmetric:b0:r083,0.0,final:asymmetric:r083,0.0,10000.000000000002,0.0,0.0,0.0,110083,0.0,asymmetric,0.0
1012.4648507440662,0,final:asymmetric:b0:r084,0.2068343822289492,final:asymmetric:r084,53.218019541950184,10000.0,1824.6203854830767,2068.343822289492,0.18246203854830767,110084,243.72343680641552,asymmetric,190.50541726446536
1000.6313793793579,0,final:asymmetric:b0:r085,0.0010511839921522048,final:asymmetric:r085,1.43515573410059,10000.000000000002,10.128642006319296,10.511839921521641,0.0010128642006319295,110085,0.38319791520234503,asymmetric,-1.0519578188983019
1010.7060927533457,0,final:asymmetric:b0:r086,0.061682731314355144,final:asymmetric:r086,-45.8757578011506,10000.0,559.0740751675053,616.8273131435517,0.05590740751675053,110086,57.75323797604642,asymmetric,103.62899577719705
1021.3262653967455,0,final:asymmetric:b0:r087,0.0,final:asymmetric:r087,0.0,10000.0,0.0,0.0,0.0,110087,0.0,asymmetric,0.0
1016.9755098405695,0,final:asymmetric:b0:r088,0.193750379765064,final:asymmetric:r088,-81.90549272730811,9999.999999999998,1829.489240567639,1937.5037976506394,0.18294892405676394,110088,108.01455708300045,asymmetric,189.92004981030846
1016.6735050213606,0,final:asymmetric:b0:r089,0.06907783100545056,final:asymmetric:r089,20.434190031293156,10000.0,664.2448078313362,690.7783100545057,0.06642448078313362,110089,26.53350222316965,asymmetric,6.099312191876493
1021.2165723286182,0,final:asymmetric:b0:r090,0.17078157826842158,final:asymmetric:r090,15.280473435930503,10000.000000000002,1448.142348280257,1707.8157826842162,0.14481423482802566,110090,259.67343440395916,asymmetric,244.39296096802855
1019.8211668573836,0,final:asymmetric:b0:r091,0.00017879473279211466,final:asymmetric:r091,4.057209775233332,9999.999999999998,1.7879473279213016,1.7879473279213016,0.0001787947327921302,110091,0.0,asymmetric,-4.057209775233332
994.5682950345018,0,final:asymmetric:b0:r092,0.13816621222364373,final:asymmetric:r092,85.65507165925362,10000.000000000004,1180.8383393716429,1381.6621222364379,0.11808383393716425,110092,200.82378286479502,asymmetric,115.16871120554146
1002.573118652998,0,final:asymmetric:b0:r093,0.15985520761040106,final:asymmetric:r093,63.04655434202459,10000.0,1360.8961335383078,1598.5520761040107,0.13608961335383077,110093,237.65594256570284,asymmetric,174.60938822367825
1017.7460715693189,0,final:asymmetric:b0:r094,0.19310211410740846,final:asymmetric:r094,46.17862486866659,10000.0,1721.359182586295,1931.0211410740844,0.1721359182586295,110094,209.66195848778966,asymmetric,163.48333361912302
1000.0234770577151,0,final:asymmetric:b0:r095,0.008635971890634975,final:asymmetric:r095,0.31893683586145016,10000.0,59.29272653927387,86.35971890634937,0.005929272653927387,110095,27.0669923670755,asymmetric,26.74805553121405
1014.1740742354359,0,final:asymmetric:b0:r096,0.1834715771487907,final:asymmetric:r096,39.38913190399717,10000.000000000002,1576.2580049302628,1834.7157714879067,0.15762580049302624,110096,258.4577665576437,asymmetric,219.06863465364665
1013.7555190158092,0,final:asymmetric:b0:r097,0.0,final:asymmetric:r097,0.0,9999.999999999998,0.0,0.0,0.0,110097,0.0,asymmetric,0.0
1008.2511564192479,0,final:asymmetric:b0:r098,0.0075877733815456205,final:asymmetric:r098,-126.3593023949993,10000.0,159.44561105640878,75.87773381545685,0.015944561105640877,110098,-83.56787724095193,asymmetric,42.791425154047374
1024.4528294084173,0,final:asymmetric:b0:r099,0.06597355905996838,final:asymmetric:r099,5.395156423962703,10000.0,595.770072164994,659.7355905996837,0.059577007216499396,110099,63.9655184346899,asymmetric,58.57036201072714
1906.9718843005899,1,final:asymmetric:b1:r000,0.20409172493743066,final:asymmetric:r000,45.81076839637058,10000.0,1799.959604362044,2040.9172493743072,0.17999596043620442,110000,240.95764501226313,asymmetric,195.14687661589244
1902.7272491316896,1,final:asymmetric:b1:r001,0.2774580217844548,final:asymmetric:r001,-34.375008001289416,10000.0,2351.6715846589836,2774.5802178445465,0.23516715846589836,110001,422.90863318556285,asymmetric,457.2836411868522
1884.446450668007,1,final:asymmetric:b1:r002,0.053304132195476917,final:asymmetric:r002,38.590959030243084,9999.999999999998,394.01666089952823,533.0413219547681,0.03940166608995283,110002,139.0246610552399,asymmetric,100.43370202499682
1913.1441866884982,1,final:asymmetric:b1:r003,0.046703220331840545,final:asymmetric:r003,-0.32311972641286957,10000.0,398.999665466813,467.03220331840475,0.0398999665466813,110003,68.03253785159177,asymmetric,68.35565757800464
1893.4395487121924,1,final:asymmetric:b1:r004,0.19817755967094827,final:asymmetric:r004,-46.28480331445212,9999.999999999996,1662.0791701659189,1981.7755967094827,0.16620791701659196,110004,319.6964265435638,asymmetric,365.9812298580159
1876.8114674698727,1,final:asymmetric:b1:r005,0.18256528701778807,final:asymmetric:r005,2.6874372898350884,10000.0,1560.157410427078,1825.6528701778807,0.1560157410427078,110005,265.49545975080264,asymmetric,262.80802246096744
1880.4973911809898,1,final:asymmetric:b1:r006,0.27342788880995794,final:asymmetric:r006,-56.527268815003936,10000.000000000002,2449.45450595938,2734.2788880995777,0.24494545059593797,110006,284.82438214019794,asymmetric,341.3516509552018
1908.0040761825703,1,final:asymmetric:b1:r007,0.3372108565114759,final:asymmetric:r007,-13.824685167312737,9999.999999999998,2917.29285064531,3372.1085651147587,0.29172928506453105,110007,454.8157144694485,asymmetric,468.6403996367611
1897.2423299729044,1,final:asymmetric:b1:r008,0.2643685186255378,final:asymmetric:r008,7.327855724645133,10000.0,2296.914388000187,2643.685186255377,0.22969143880001872,110008,346.77079825519013,asymmetric,339.442942530545
1914.0857332042842,1,final:asymmetric:b1:r009,0.2323094280728143,final:asymmetric:r009,-75.42309849846447,10000.000000000002,2101.909141521375,2323.0942807281417,0.21019091415213748,110009,221.18513920676628,asymmetric,296.6082377052307
1901.2185711180387,1,final:asymmetric:b1:r010,0.11035532477360577,final:asymmetric:r010,13.509923466587225,9999.999999999998,932.6595553196075,1103.553247736058,0.09326595553196076,110010,170.89369241645068,asymmetric,157.3837689498634
1908.2115168295452,1,final:asymmetric:b1:r011,0.20513072517368167,final:asymmetric:r011,-84.10493247481509,10000.000000000002,1893.206094212389,2051.3072517368155,0.18932060942123885,110011,158.10115752442675,asymmetric,242.20608999924178
1869.388445223093,1,final:asymmetric:b1:r012,0.21177365626285466,final:asymmetric:r012,-55.435269148704265,10000.000000000002,1915.3180624355011,2117.7365626285464,0.19153180624355007,110012,202.41850019304547,asymmetric,257.8537693417498
1878.1722415821769,1,final:asymmetric:b1:r013,0.2176689547059772,final:asymmetric:r013,70.628996849651,10000.000000000002,1882.1079857660711,2176.689547059771,0.18821079857660708,110013,294.5815612936999,asymmetric,223.95256444404868
1890.9820689594635,1,final:asymmetric:b1:r014,0.05349124740430444,final:asymmetric:r014,26.16367084510125,10000.0,423.5477757412182,534.9124740430434,0.042354777574121816,110014,111.364698301825,asymmetric,85.20102745672375
1889.0867404245519,1,final:asymmetric:b1:r015,0.04951975361042371,final:asymmetric:r015,45.658923225056014,10000.0,341.2312358618826,495.1975361042364,0.03412312358618826,110015,153.96630024235378,asymmetric,108.30737701729777
1906.9036218254694,1,final:asymmetric:b1:r016,0.12307415889782547,final:asymmetric:r016,36.43170950923809,10000.000000000002,1075.6144922420115,1230.7415889782546,0.10756144922420113,110016,155.12709673624317,asymmetric,118.69538722700503
1932.2049043212057,1,final:asymmetric:b1:r017,0.03741916850368027,final:asymmetric:r017,4.7695342134745715,10000.0,306.87065981686374,374.1916850368025,0.030687065981686374,110017,67.3210252199392,asymmetric,62.55149100646463
1910.3726670298317,1,final:asymmetric:b1:r018,0.2605959255737875,final:asymmetric:r018,11.661251496360364,10000.0,2356.6932103004206,2605.9592557378755,0.23566932103004207,110018,249.26604543745475,asymmetric,237.60479394109439
1887.338090121375,1,final:asymmetric:b1:r019,0.27220595976093376,final:asymmetric:r019,-42.1680843828276,10000.000000000002,2403.4708862273246,2722.059597609338,0.2403470886227324,110019,318.588711382014,asymmetric,360.7567957648416
1886.260812944158,1,final:asymmetric:b1:r020,0.16048951796316274,final:asymmetric:r020,-76.84933744785235,10000.000000000002,1425.930527257979,1604.895179631627,0.1425930527257979,110020,178.96465237364805,asymmetric,255.8139898215003
1885.8733158084392,1,final:asymmetric:b1:r021,0.02746989066092481,final:asymmetric:r021,-111.9948015751877,10000.000000000002,298.53494138501674,274.6989066092474,0.02985349413850167,110021,-23.83603477576935,asymmetric,88.1587667994184
1926.669484996581,1,final:asymmetric:b1:r022,0.19176924364945985,final:asymmetric:r022,23.07162208244381,10000.0,1684.7716062051152,1917.692436494599,0.16847716062051152,110022,232.92083028948377,asymmetric,209.8492082070399
1915.2154931944851,1,final:asymmetric:b1:r023,0.3045711151544995,final:asymmetric:r023,-75.71042686990359,9999.999999999998,2754.5751988383704,3045.711151544996,0.2754575198838371,110023,291.1359527066252,asymmetric,366.8463795765288
1938.7754646836293,1,final:asymmetric:b1:r024,0.01840396182493559,final:asymmetric:r024,-14.200330400467465,9999.999999999998,167.15178017389735,184.03961824935686,0.01671517801738974,110024,16.887838075459513,asymmetric,31.088168475926977
1932.3110569206824,1,final:asymmetric:b1:r025,0.02335852579376152,final:asymmetric:r025,-4.445879193141764,10000.000000000002,178.33854408540083,233.585257937616,0.01783385440854008,110025,55.24671385221518,asymmetric,59.69259304535694
1913.4945270334285,1,final:asymmetric:b1:r026,0.05575571178708394,final:asymmetric:r026,-18.604816822845123,10000.000000000002,505.25393201826546,557.5571178708387,0.050525393201826536,110026,52.303185852573506,asymmetric,70.90800267541852
1922.703001096643,1,final:asymmetric:b1:r027,0.26106616522099924,final:asymmetric:r027,4.218352834408961,10000.0,2372.353592490914,2610.661652209992,0.2372353592490914,110027,238.3080597190783,asymmetric,234.08970688466923
1867.5713250683928,1,final:asymmetric:b1:r028,0.20424912902051395,final:asymmetric:r028,-6.631324242178607,9999.999999999998,1644.9374282442823,2042.4912902051396,0.16449374282442825,110028,397.5538619608574,asymmetric,404.1851862030359
1910.6086086037103,1,final:asymmetric:b1:r029,0.048150156380053544,final:asymmetric:r029,22.403876144213882,9999.999999999996,416.3089462996227,481.50156380053386,0.041630894629962285,110029,65.19261750091118,asymmetric,42.788741356697415
1886.7407201452268,1,final:asymmetric:b1:r030,0.0791952854773027,final:asymmetric:r030,139.4638399731955,10000.0,578.6299829229356,791.952854773027,0.057862998292293556,110030,213.32287185009113,asymmetric,73.85903187689564
1905.559198790221,1,final:asymmetric:b1:r031,0.2496770926656801,final:asymmetric:r031,92.81910955010358,9999.999999999996,2104.785816561469,2496.7709266568013,0.21047858165614697,110031,391.98511009533286,asymmetric,299.1660005452293
1922.2600726146857,1,final:asymmetric:b1:r032,0.17689215303992623,final:asymmetric:r032,-4.913458694468545,9999.999999999998,1579.8967355214154,1768.9215303992632,0.15798967355214158,110032,189.02479487784785,asymmetric,193.9382535723165
1869.9594952530992,1,final:asymmetric:b1:r033,0.15341495941653943,final:asymmetric:r033,-59.3895973395438,10000.000000000002,1349.0071804224926,1534.1495941653948,0.13490071804224923,110033,185.14241374290214,asymmetric,244.53201108244605
1923.791072580689,1,final:asymmetric:b1:r034,0.03411264373113865,final:asymmetric:r034,64.03897630176925,9999.999999999996,272.7787600299389,341.1264373113863,0.0272778760029939,110034,68.34767728144743,asymmetric,4.3087009796781786
1914.6099855394045,1,final:asymmetric:b1:r035,0.09352107160347234,final:asymmetric:r035,-12.955023984170339,10000.000000000004,737.9672166620453,935.2107160347227,0.0737967216662045,110035,197.24349937267743,asymmetric,210.19852335684772
1888.7165547829034,1,final:asymmetric:b1:r036,0.031252986191513565,final:asymmetric:r036,137.75634142463173,9999.999999999996,117.54635839632533,312.52986191513537,0.011754635839632538,110036,194.98350351881004,asymmetric,57.2271620941782
1912.2178978950715,1,final:asymmetric:b1:r037,0.020191839806842582,final:asymmetric:r037,79.36774408904603,9999.999999999998,34.922025537100126,201.91839806842745,0.0034922025537100134,110037,166.99637253132732,asymmetric,87.6286284422813
1891.8465186303629,1,final:asymmetric:b1:r038,0.06284340242374309,final:asymmetric:r038,-28.792868903437466,10000.000000000002,559.3535255537508,628.434024237431,0.05593535255537507,110038,69.08049868368062,asymmetric,97.87336758711803
1877.9351233181876,1,final:asymmetric:b1:r039,0.23728954487228304,final:asymmetric:r039,48.29917832030833,10000.0,2063.4038539540506,2372.8954487228307,0.20634038539540506,110039,309.49159476878003,asymmetric,261.19241644847165
1895.3598430608329,1,final:asymmetric:b1:r040,0.20164463870545835,final:asymmetric:r040,-85.54679892453282,10000.0,1783.2898475219836,2016.4463870545833,0.17832898475219836,110040,233.15653953259994,asymmetric,318.7033384571328
1923.6846052005592,1,final:asymmetric:b1:r041,0.21928668488726152,final:asymmetric:r041,77.3026168249603,10000.000000000004,1808.603876980279,2192.866848872616,0.18086038769802784,110041,384.2629718923372,asymmetric,306.96035506737695
1890.963911618133,1,final:asymmetric:b1:r042,0.22251044585880825,final:asymmetric:r042,-128.2491973192523,10000.000000000002,2058.0812656723365,2225.1044585880827,0.2058081265672336,110042,167.02319291574622,asymmetric,295.2723902349986
1903.8803682088017,1,final:asymmetric:b1:r043,0.12078992801753236,final:asymmetric:r043,56.77428257175393,10000.0,1029.6816910133873,1207.8992801753238,0.10296816910133873,110043,178.2175891619363,asymmetric,121.44330659018232
1884.059645964829,1,final:asymmetric:b1:r044,0.016670793045001353,final:asymmetric:r044,-11.033337761616622,10000.0,243.81264622946037,166.70793045001392,0.024381264622946038,110044,-77.10471577944645,asymmetric,-66.07137801782983
1879.7334910361099,1,final:asymmetric:b1:r045,0.05832352027197868,final:asymmetric:r045,19.658079706687886,10000.000000000005,472.5357455553924,583.2352027197871,0.04725357455553921,110045,110.69945716439474,asymmetric,91.04137745770697
1925.5156052021573,1,final:asymmetric:b1:r046,0.17147768385048734,final:asymmetric:r046,27.38558478134678,10000.0,1517.310283489806,1714.7768385048735,0.15173102834898058,110046,197.46655501506757,asymmetric,170.08097023372068
1899.889503017919,1,final:asymmetric:b1:r047,0.10855325703987129,final:asymmetric:r047,78.05034674759145,9999.999999999998,844.913397004593,1085.5325703987128,0.08449133970045931,110047,240.6191733941198,asymmetric,162.56882664652846
1928.2331631934162,1,final:asymmetric:b1:r048,0.08097809991302501,final:asymmetric:r048,1.6085330182615962,10000.0,667.0037637624705,809.7809991302483,0.06670037637624705,110048,142.77723536777762,asymmetric,141.16870234951614
1906.629540239986,1,final:asymmetric:b1:r049,0.18831327067355008,final:asymmetric:r049,-67.34651040946187,10000.0,1611.0008712781407,1883.1327067355019,0.16110008712781407,110049,272.1318354573609,asymmetric,339.47834586682274
1922.9371311876398,1,final:asymmetric:b1:r050,0.28237258133926346,final:asymmetric:r050,-37.77266365721289,10000.0,2515.756033257162,2823.7258133926343,0.2515756033257162,110050,307.9697801354723,asymmetric,345.74244379268526
1875.8600306794444,1,final:asymmetric:b1:r051,0.2627212240354365,final:asymmetric:r051,50.14437155101905,10000.000000000004,2283.261740078809,2627.2122403543663,0.22832617400788083,110051,343.95050027555703,asymmetric,293.806128724538
1875.8627504615552,1,final:asymmetric:b1:r052,0.20571308122365456,final:asymmetric:r052,65.14620353093437,9999.999999999998,1836.7996596944135,2057.1308122365454,0.1836799659694414,110052,220.3311525421318,asymmetric,155.18494901119738
1936.9599944943234,1,final:asymmetric:b1:r053,0.06439603664733684,final:asymmetric:r053,-19.799267090208104,10000.0,565.4947595283879,643.9603664733681,0.056549475952838796,110053,78.46560694498021,asymmetric,98.26487403518831
1894.2831792937234,1,final:asymmetric:b1:r054,0.30438289980915945,final:asymmetric:r054,-19.00938557338054,9999.999999999998,2696.89425717116,3043.828998091595,0.26968942571711607,110054,346.9347409204354,asymmetric,365.9441264938159
1920.6471162247344,1,final:asymmetric:b1:r055,0.20870013802463994,final:asymmetric:r055,-73.13005899503514,9999.999999999996,1925.763978208295,2087.001380246399,0.19257639782082955,110055,161.23740203810416,asymmetric,234.3674610331392
1882.4625447469843,1,final:asymmetric:b1:r056,0.10847444771383491,final:asymmetric:r056,-23.10026695454917,10000.0,950.7183325529982,1084.7444771383489,0.09507183325529982,110056,134.0261445853505,asymmetric,157.12641153989966
1947.232924304514,1,final:asymmetric:b1:r057,0.09644661789027553,final:asymmetric:r057,-108.04113683304195,9999.999999999998,865.5651320338588,964.466178902755,0.0865565132033859,110057,98.90104686889617,asymmetric,206.94218370193812
1879.9860720637434,1,final:asymmetric:b1:r058,0.01085256386640765,final:asymmetric:r058,16.524151817942084,10000.0,103.53208425151661,108.52563866407672,0.010353208425151661,110058,4.993554412560343,asymmetric,-11.530597405381627
1888.8787209357324,1,final:asymmetric:b1:r059,0.08462841515811337,final:asymmetric:r059,11.436966925504748,9999.999999999998,661.3891709345471,846.2841515811347,0.06613891709345472,110059,184.89498064658778,asymmetric,173.45801372108315
1877.74601647654,1,final:asymmetric:b1:r060,0.11855783284936217,final:asymmetric:r060,-10.995455887090657,10000.0,1069.949393208386,1185.5783284936215,0.1069949393208386,110060,115.62893528523546,asymmetric,126.62439117232606
1895.100321064078,1,final:asymmetric:b1:r061,0.19854478923677746,final:asymmetric:r061,60.86488860375766,10000.0,1678.7828515151693,1985.4478923677739,0.16787828515151693,110061,306.66504085260453,asymmetric,245.8001522488467
1889.9438443007123,1,final:asymmetric:b1:r062,0.08744600446816375,final:asymmetric:r062,-116.67620195711152,10000.000000000002,733.1301945001971,874.4600446816376,0.0733130194500197,110062,141.32985018144063,asymmetric,258.00605213855215
1859.239488464242,1,final:asymmetric:b1:r063,0.20125321092276943,final:asymmetric:r063,-58.874083214909206,10000.0,1787.621724297715,2012.532109227694,0.1787621724297715,110063,224.91038492997905,asymmetric,283.7844681448883
1905.2586120135315,1,final:asymmetric:b1:r064,0.12379431388696965,final:asymmetric:r064,-10.415813587277626,9999.999999999998,991.1609841324594,1237.9431388696962,0.09911609841324595,110064,246.78215473723685,asymmetric,257.1979683245145
1896.8494330040826,1,final:asymmetric:b1:r065,0.1712929864394536,final:asymmetric:r065,12.436409812321472,9999.999999999998,1454.8939437927565,1712.9298643945353,0.1454893943792757,110065,258.0359206017788,asymmetric,245.59951078945733
1859.5906254058136,1,final:asymmetric:b1:r066,0.06741114613247295,final:asymmetric:r066,-138.04819501153634,10000.0,556.2217928883383,674.1114613247296,0.05562217928883383,110066,117.88966843639128,asymmetric,255.9378634479275
1880.8602509354325,1,final:asymmetric:b1:r067,0.17848505253497798,final:asymmetric:r067,191.75327340027388,10000.0,1431.4993730291492,1784.8505253497797,0.14314993730291492,110067,353.3511523206305,asymmetric,161.59787892035678
1861.4019174236967,1,final:asymmetric:b1:r068,0.09233155807067145,final:asymmetric:r068,-29.173745738238722,10000.000000000002,779.6414887503965,923.3155807067142,0.07796414887503963,110068,143.67409195631785,asymmetric,172.84783769455663
1939.4095163515199,1,final:asymmetric:b1:r069,0.1976678196638595,final:asymmetric:r069,-84.12311522911341,10000.000000000002,1857.6502269673956,1976.6781966385943,0.18576502269673953,110069,119.02796967119843,asymmetric,203.1510849003118
1904.669714390001,1,final:asymmetric:b1:r070,0.12089769987901722,final:asymmetric:r070,53.2597089030005,10000.0,1034.9908468293324,1208.9769987901727,0.10349908468293324,110070,173.98615196084006,asymmetric,120.72644305783945
1873.1515220704728,1,final:asymmetric:b1:r071,0.13419122830137958,final:asymmetric:r071,-29.10947868765311,10000.0,1129.6503741117422,1341.9122830137958,0.11296503741117421,110071,212.26190890205362,asymmetric,241.37138758970673
1921.2870852969545,1,final:asymmetric:b1:r072,0.0019744449552416277,final:asymmetric:r072,-10.127531962348257,9999.999999999998,2.8077398161417477,19.744449552415972,0.0002807739816141748,110072,16.936709736273997,asymmetric,27.064241698622254
1863.1616151559135,1,final:asymmetric:b1:r073,0.01769209672008154,final:asymmetric:r073,36.88134637847361,9999.999999999998,176.92096720081554,176.92096720081554,0.017692096720081558,110073,0.0,asymmetric,-36.88134637847361
1887.8363186692743,1,final:asymmetric:b1:r074,0.06646021214146608,final:asymmetric:r074,67.59120901564643,10000.000000000002,558.2674948793306,664.6021214146613,0.05582674948793305,110074,106.3346265353307,asymmetric,38.743417519684385
1885.7405402849113,1,final:asymmetric:b1:r075,0.12766334330356266,final:asymmetric:r075,-37.05532674079859,9999.999999999998,1156.044527448148,1276.6334330356267,0.11560445274481483,110075,120.58890558747862,asymmetric,157.6442323282772
1903.3293888780058,1,final:asymmetric:b1:r076,0.13984360809415436,final:asymmetric:r076,-57.02610921427822,10000.000000000002,1162.3447038089885,1398.4360809415439,0.11623447038089883,110076,236.0913771325554,asymmetric,293.1174863468337
1896.673502946971,1,final:asymmetric:b1:r077,0.07395772255131111,final:asymmetric:r077,-8.01208311829032,9999.999999999998,670.9156532132943,739.5772255131114,0.06709156532132944,110077,68.66157229981718,asymmetric,76.67365541810739
1904.6726246171995,1,final:asymmetric:b1:r078,0.13023135384845036,final:asymmetric:r078,19.660563116777666,10000.000000000002,1168.2998773642998,1302.313538484504,0.11682998773642997,110078,134.013661120204,asymmetric,114.35309800342634
1874.2519619217273,1,final:asymmetric:b1:r079,0.20405412754150432,final:asymmetric:r079,83.09710383178685,10000.000000000002,1731.9291771821386,2040.541275415043,0.17319291771821382,110079,308.6120982329044,asymmetric,225.51499440111752
1913.4374819921757,1,final:asymmetric:b1:r080,0.024995781589375377,final:asymmetric:r080,-52.4874910569913,10000.0,204.83054399625235,249.95781589375383,0.020483054399625236,110080,45.12727189750194,asymmetric,97.6147629544933
1894.6347424171956,1,final:asymmetric:b1:r081,0.062259740085296555,final:asymmetric:r081,9.65575439361055,10000.000000000002,529.1415615679775,622.5974008529656,0.052914156156797745,110081,93.45583928498809,asymmetric,83.80008489137765
1881.8023025799432,1,final:asymmetric:b1:r082,0.2517296022031102,final:asymmetric:r082,-119.83872744261475,10000.0,2218.0581659001164,2517.296022031102,0.22180581659001164,110082,299.2378561309856,asymmetric,419.0765835736005
1904.8026153914177,1,final:asymmetric:b1:r083,0.07423555454979597,final:asymmetric:r083,-120.75520304963106,10000.000000000002,721.6599661049163,742.3555454979596,0.07216599661049161,110083,20.69557939304309,asymmetric,141.45078244267427
1898.371595145124,1,final:asymmetric:b1:r084,0.2661467215774298,final:asymmetric:r084,-46.512741964771294,10000.0,2372.445953228623,2661.4672157742984,0.23724459532286227,110084,289.02126254567565,asymmetric,335.53400451044695
1876.1838363362958,1,final:asymmetric:b1:r085,0.0,final:asymmetric:r085,0.0,10000.000000000002,0.0,0.0,0.0,110085,0.0,asymmetric,0.0
1895.0739239125232,1,final:asymmetric:b1:r086,0.09108666854533659,final:asymmetric:r086,-35.183288062982456,10000.0,791.2544117788673,910.8666854533649,0.07912544117788672,110086,119.6122736744976,asymmetric,154.7955617374801
1914.9867476188977,1,final:asymmetric:b1:r087,0.00955804865569071,final:asymmetric:r087,0.18286418916773073,10000.0,74.1234570542183,95.58048655690618,0.007412345705421831,110087,21.457029502687874,asymmetric,21.274165313520257
1906.829080951068,1,final:asymmetric:b1:r088,0.4157136899415623,final:asymmetric:r088,-88.11327604863072,9999.999999999998,3723.051815585074,4157.136899415621,0.3723051815585075,110088,434.0850838305471,asymmetric,522.1983598791779
1906.262821915051,1,final:asymmetric:b1:r089,0.1841861267820702,final:asymmetric:r089,161.04540238441314,10000.0,1519.2524971523087,1841.8612678207,0.15192524971523086,110089,322.60877066839134,asymmetric,161.5633682839782
1914.781073116159,1,final:asymmetric:b1:r090,0.20982420318413217,final:asymmetric:r090,87.95254481999132,10000.000000000002,1800.4779058210765,2098.242031841321,0.18004779058210763,110090,297.7641260202445,asymmetric,209.81158120025316
1912.164687857594,1,final:asymmetric:b1:r091,0.17141738452711558,final:asymmetric:r091,-152.29663677501594,9999.999999999998,1633.658046189505,1714.1738452711552,0.16336580461895053,110091,80.51579908165013,asymmetric,232.81243585666596
1864.8155531896907,1,final:asymmetric:b1:r092,0.424472529862759,final:asymmetric:r092,-106.50221068500537,10000.000000000004,3788.9881899163292,4244.725298627591,0.3788988189916328,110092,455.73710871126104,asymmetric,562.2393193962662
1879.824597474371,1,final:asymmetric:b1:r093,0.15385769792975268,final:asymmetric:r093,42.323836840205786,10000.0,1339.2649765831106,1538.576979297527,0.13392649765831105,110093,199.3120027144164,asymmetric,156.9881658742106
1908.273884192473,1,final:asymmetric:b1:r094,0.2501732981651301,final:asymmetric:r094,55.55885942326313,10000.0,2163.8451608359396,2501.732981651301,0.21638451608359396,110094,337.88782081536147,asymmetric,282.32896139209845
1875.0440194832156,1,final:asymmetric:b1:r095,0.00863597189063503,final:asymmetric:r095,0.31893683586145016,10000.0,59.21835616730095,86.35971890634937,0.005921835616730095,110095,27.141362739048418,asymmetric,26.822425903186854
1901.576389191442,1,final:asymmetric:b1:r096,0.1610476225667249,final:asymmetric:r096,-65.22553484545483,10000.000000000002,1450.4685095483358,1610.4762256672489,0.14504685095483355,110096,160.0077161189131,asymmetric,225.23325096436793
1900.7915981546423,1,final:asymmetric:b1:r097,0.013783803824497232,final:asymmetric:r097,20.564251147191044,9999.999999999998,102.77085867036794,137.83803824497318,0.010277085867036797,110097,35.06717957460501,asymmetric,14.502928427413963
1890.4709182860897,1,final:asymmetric:b1:r098,0.007587773381545815,final:asymmetric:r098,-126.3593023949993,10000.0,159.28060536349494,75.87773381545685,0.015928060536349493,110098,-83.40287154803787,asymmetric,42.956430846961325
1920.8490551407824,1,final:asymmetric:b1:r099,0.052451809379646996,final:asymmetric:r099,-5.0080827061551645,10000.0,467.25169625050876,524.5180937964701,0.046725169625050876,110099,57.266397545961354,asymmetric,62.274480252116405
3178.2864738343164,2,final:asymmetric:b2:r000,0.29960523509986275,final:asymmetric:r000,61.470203903531,10000.0,2579.6966604251015,2996.0523509986265,0.25796966604251015,110000,416.35569057352495,asymmetric,354.88548666999395
3171.2120818861495,2,final:asymmetric:b2:r001,0.23525697302366955,final:asymmetric:r001,-78.52921264932047,10000.0,1930.646260736883,2352.569730236695,0.1930646260736883,110001,421.92346949981174,asymmetric,500.452682149132
3140.7440844466782,2,final:asymmetric:b2:r002,0.1174415426182982,final:asymmetric:r002,-42.2940701048924,9999.999999999998,1002.1655686951563,1174.4154261829817,0.10021655686951564,110002,172.24985748782547,asymmetric,214.54392759271786
3188.5736444808304,2,final:asymmetric:b2:r003,0.04008203543957756,final:asymmetric:r003,-36.739908337304314,10000.0,315.0248266027388,400.82035439577703,0.03150248266027388,110003,85.79552779303822,asymmetric,122.5354361303423
3155.7325811869873,2,final:asymmetric:b2:r004,0.23010112560798807,final:asymmetric:r004,-30.545833097382456,9999.999999999996,1827.0672168516512,2301.011256079881,0.1827067216851652,110004,473.94403922822994,asymmetric,504.4898723256125
3128.019112449788,2,final:asymmetric:b2:r005,0.22174456774856427,final:asymmetric:r005,84.08703731831815,10000.0,1725.951030175594,2217.4456774856426,0.1725951030175594,110005,491.49464731004855,asymmetric,407.4076099917304
3134.162318634983,2,final:asymmetric:b2:r006,0.3599248959804233,final:asymmetric:r006,17.19803710117958,10000.000000000002,2991.0899247592833,3599.2489598042334,0.29910899247592826,110006,608.1590350449501,asymmetric,590.9609979437704
3180.006793637617,2,final:asymmetric:b2:r007,0.38618116051660156,final:asymmetric:r007,-45.340602490914534,9999.999999999998,3358.9243344644224,3861.8116051660154,0.3358924334464423,110007,502.8872707015935,asymmetric,548.227873192508
3162.0705499548408,2,final:asymmetric:b2:r008,0.30902835580030363,final:asymmetric:r008,-46.07630974573476,10000.0,2633.9902342419014,3090.283558003037,0.26339902342419014,110008,456.2933237611355,asymmetric,502.36963350687046
3190.142888673807,2,final:asymmetric:b2:r009,0.23251999714067267,final:asymmetric:r009,-13.722245531600038,10000.000000000002,2034.1288208854712,2325.199971406726,0.20341288208854708,110009,291.0711505212548,asymmetric,304.79339605285475
3168.6976185300646,2,final:asymmetric:b2:r010,0.08739126171557776,final:asymmetric:r010,-72.46774385505478,9999.999999999998,757.1857479090454,873.9126171557782,0.07571857479090456,110010,116.7268692467328,asymmetric,189.1946131017877
3180.352528049242,2,final:asymmetric:b2:r011,0.38534323966022144,final:asymmetric:r011,-49.4004743572541,10000.000000000002,3393.4056835373362,3853.4323966022166,0.33934056835373355,110011,460.02671306488037,asymmetric,509.42718742213447
3115.647408705155,2,final:asymmetric:b2:r012,0.23360370032889072,final:asymmetric:r012,-108.76017691546667,10000.000000000002,2144.158209809132,2336.037003288906,0.21441582098091316,110012,191.87879347977378,asymmetric,300.6389703952407
3130.2870693036284,2,final:asymmetric:b2:r013,0.22404864594359675,final:asymmetric:r013,-57.28597966996767,10000.000000000002,1933.25177348223,2240.486459435968,0.19332517734822297,110013,307.2346859537379,asymmetric,364.52066562370544
3151.636781599106,2,final:asymmetric:b2:r014,0.09230955271778207,final:asymmetric:r014,32.654872075947424,10000.0,671.7459201995998,923.0955271778203,0.06717459201995998,110014,251.34960697822044,asymmetric,218.69473490227324
3148.4779007075867,2,final:asymmetric:b2:r015,0.1376813672687659,final:asymmetric:r015,61.90707941164919,10000.0,981.2837111490653,1376.8136726876592,0.09812837111490653,110015,395.52996153859385,asymmetric,333.62288212694443
3178.172703042449,2,final:asymmetric:b2:r016,0.16569089523574398,final:asymmetric:r016,-79.52306548524803,10000.000000000002,1466.2109779857665,1656.9089523574403,0.14662109779857663,110016,190.6979743716738,asymmetric,270.2210398569217
3220.34150720201,2,final:asymmetric:b2:r017,0.17899760970596224,final:asymmetric:r017,-97.2763755151309,10000.0,1607.742932580999,1789.9760970596217,0.1607742932580999,110017,182.2331644786227,asymmetric,279.5095399937536
3183.9544450497197,2,final:asymmetric:b2:r018,0.3156813166798376,final:asymmetric:r018,33.97199708428616,10000.0,2733.166136748197,3156.813166798376,0.2733166136748197,110018,423.6470300501792,asymmetric,389.67503296589337
3145.563483535625,2,final:asymmetric:b2:r019,0.31015262253121756,final:asymmetric:r019,76.07952081815847,10000.000000000002,2617.6430495234736,3101.526225312177,0.2617643049523473,110019,483.8831757887033,asymmetric,407.8036549705448
3143.768021573597,2,final:asymmetric:b2:r020,0.31663739027154586,final:asymmetric:r020,-44.23614431223132,10000.000000000002,2660.0118626122944,3166.373902715458,0.26600118626122937,110020,506.3620401031635,asymmetric,550.5981844153947
3143.1221930140655,2,final:asymmetric:b2:r021,0.19116694182429006,final:asymmetric:r021,-109.55572074486827,10000.000000000002,1591.5270762667647,1911.6694182429019,0.15915270762667644,110021,320.14234197613723,asymmetric,429.6980627210057
3211.1158083276355,2,final:asymmetric:b2:r022,0.18066152423864734,final:asymmetric:r022,15.5155347222817,10000.0,1537.9931665978143,1806.6152423864723,0.15379931665978142,110022,268.6220757886581,asymmetric,253.10654106637628
3192.0258219908087,2,final:asymmetric:b2:r023,0.3670976480549758,final:asymmetric:r023,21.084560479670472,9999.999999999998,3180.9094999719878,3670.976480549759,0.31809094999719884,110023,490.0669805777711,asymmetric,468.9824200981009
3231.2924411393824,2,final:asymmetric:b2:r024,0.15039028270831023,final:asymmetric:r024,-154.60063913756267,9999.999999999998,1398.3539054114626,1503.9028270831013,0.1398353905411463,110024,105.54892167163871,asymmetric,260.14956080920103
3220.5184282011373,2,final:asymmetric:b2:r025,0.07476061099121734,final:asymmetric:r025,22.34063885953492,10000.000000000002,615.2281784910683,747.6061099121744,0.06152281784910682,110025,132.37793142110604,asymmetric,110.03729256157112
3189.1575450557143,2,final:asymmetric:b2:r026,0.1396344397138286,final:asymmetric:r026,-5.428293328217478,10000.000000000002,1079.921409924852,1396.3443971382849,0.10799214099248518,110026,316.42298721343286,asymmetric,321.85128054165045
3204.5050018277384,2,final:asymmetric:b2:r027,0.2364416799968928,final:asymmetric:r027,29.730707201863424,10000.0,2128.8191263769218,2364.416799968927,0.21288191263769218,110027,235.59767359200578,asymmetric,205.86696639014247
3112.618875113988,2,final:asymmetric:b2:r028,0.28790056288724647,final:asymmetric:r028,-24.919548284791745,9999.999999999998,2331.385097020213,2879.0056288724645,0.23313850970202132,110028,547.6205318522516,asymmetric,572.5400801370434
3184.347681006184,2,final:asymmetric:b2:r029,0.14794071132224973,final:asymmetric:r029,-67.64978599307324,9999.999999999996,1319.1524477128014,1479.407113222498,0.1319152447712802,110029,160.25466550969668,asymmetric,227.90445150276946
3144.5678669087115,2,final:asymmetric:b2:r030,0.1771286058104965,final:asymmetric:r030,-149.3618603884031,10000.0,1580.1493602779597,1771.2860581049654,0.15801493602779595,110030,191.13669782700572,asymmetric,340.49855821540905
3175.931997983702,2,final:asymmetric:b2:r031,0.27026162442375096,final:asymmetric:r031,94.73129988404617,9999.999999999996,2266.987489238053,2702.616244237509,0.2266987489238054,110031,435.62875499945585,asymmetric,340.8974551154097
3203.766787691143,2,final:asymmetric:b2:r032,0.1877420005312137,final:asymmetric:r032,-30.947007718080386,9999.999999999998,1615.7427234796542,1877.4200053121367,0.16157427234796545,110032,261.677281832483,asymmetric,292.6242895505636
3116.5991587551657,2,final:asymmetric:b2:r033,0.29479945323114826,final:asymmetric:r033,-23.715262347630414,10000.000000000002,2442.1664590425125,2947.9945323114816,0.2442166459042512,110033,505.8280732689691,asymmetric,529.5433356165996
3206.3184543011484,2,final:asymmetric:b2:r034,0.05171690078691504,final:asymmetric:r034,93.15574595960288,9999.999999999996,363.3208334517376,517.1690078691508,0.03633208334517377,110034,153.84817441741325,asymmetric,60.69242845781059
3191.0166425656744,2,final:asymmetric:b2:r035,0.17768285295046582,final:asymmetric:r035,22.686098686423065,10000.000000000004,1326.8918940410354,1776.828529504658,0.13268918940410349,110035,449.9366354636227,asymmetric,427.2505367771997
3147.8609246381725,2,final:asymmetric:b2:r036,0.08347000175878905,final:asymmetric:r036,28.463274414890293,9999.999999999996,653.4585527893942,834.7000175878911,0.06534585527893944,110036,181.24146479849696,asymmetric,152.77819038360667
3187.029829825119,2,final:asymmetric:b2:r037,0.09450453474692133,final:asymmetric:r037,-107.65623760890685,9999.999999999998,763.8059993610377,945.0453474692131,0.07638059993610379,110037,181.23934810817536,asymmetric,288.895585717082
3153.077531050605,2,final:asymmetric:b2:r038,0.11206681229191029,final:asymmetric:r038,-109.77006081899663,10000.000000000002,1016.0253453680484,1120.6681229191045,0.10160253453680482,110038,104.64277755105604,asymmetric,214.41283837005255
3129.8918721969794,2,final:asymmetric:b2:r039,0.23827110422462405,final:asymmetric:r039,-64.4006203873987,10000.0,2131.5074233923597,2382.711042246241,0.21315074233923598,110039,251.20361885388138,asymmetric,315.6042392412803
3158.933071768055,2,final:asymmetric:b2:r040,0.2172663853848782,final:asymmetric:r040,-24.567641610549344,10000.0,1742.0128481886127,2172.6638538487814,0.17420128481886127,110040,430.6510056601687,asymmetric,455.21864727071846
3206.1410086675987,2,final:asymmetric:b2:r041,0.31498214680994796,final:asymmetric:r041,38.37479140873893,10000.000000000004,2544.249799714391,3149.82146809948,0.254424979971439,110041,605.5716683850892,asymmetric,567.1968769763505
3151.606519363555,2,final:asymmetric:b2:r042,0.2460588331577318,final:asymmetric:r042,-73.17202292527645,10000.000000000002,2135.907683664355,2460.5883315773162,0.21359076836643545,110042,324.6806479129614,asymmetric,397.85267083823805
3173.1339470146695,2,final:asymmetric:b2:r043,0.05887654362094363,final:asymmetric:r043,23.460152101128642,10000.0,429.0431777517697,588.7654362094354,0.04290431777517697,110043,159.7222584576657,asymmetric,136.26210635653752
3140.099409941382,2,final:asymmetric:b2:r044,0.08241995498222587,final:asymmetric:r044,52.7767932379511,10000.0,656.9854864732811,824.1995498222577,0.0656985486473281,110044,167.21406334897665,asymmetric,114.43727011102544
3132.88915172685,2,final:asymmetric:b2:r045,0.11415376181716314,final:asymmetric:r045,42.40525245010758,10000.000000000005,833.1938308917147,1141.537618171631,0.08331938308917143,110045,308.34378727991634,asymmetric,265.938534829809
3209.192675336929,2,final:asymmetric:b2:r046,0.2740318156206562,final:asymmetric:r046,21.486508193014743,10000.0,2317.117355726573,2740.318156206562,0.23171173557265728,110046,423.2008004799891,asymmetric,401.7142922869742
3166.482505029865,2,final:asymmetric:b2:r047,0.1548766106185624,final:asymmetric:r047,-53.67561933612069,9999.999999999998,1259.707324020097,1548.7661061856234,0.12597073240200973,110047,289.0587821655263,asymmetric,342.7344015016472
3213.721938655694,2,final:asymmetric:b2:r048,0.13650611887004094,final:asymmetric:r048,4.265068926259119,10000.0,1106.6207252656386,1365.061188700408,0.11066207252656386,110048,258.4404634347693,asymmetric,254.17539450851007
3177.715900399977,2,final:asymmetric:b2:r049,0.27088534998919384,final:asymmetric:r049,-104.30064614376897,10000.0,2278.2296263987314,2708.8534998919363,0.22782296263987314,110049,430.6238734932049,asymmetric,534.9245196369739
3204.8952186460665,2,final:asymmetric:b2:r050,0.30691024269381756,final:asymmetric:r050,-42.20701071519852,10000.0,2707.005328076149,3069.102426938175,0.2707005328076149,110050,362.0970988620261,asymmetric,404.30410957722466
3126.433384465741,2,final:asymmetric:b2:r051,0.28699665796655555,final:asymmetric:r051,52.74362189674275,10000.000000000004,2350.796149768398,2869.9665796655563,0.23507961497683974,110051,519.1704298971581,asymmetric,466.4268080004151
3126.4379174359256,2,final:asymmetric:b2:r052,0.26191884482744915,final:asymmetric:r052,165.92750988992566,9999.999999999998,2219.5780989581017,2619.1884482744927,0.2219578098958102,110052,399.61034931639097,asymmetric,233.68283942646508
3228.2666574905393,2,final:asymmetric:b2:r053,0.08712045630794951,final:asymmetric:r053,21.879418990662998,10000.0,717.3007929195041,871.2045630794964,0.07173007929195041,110053,153.9037701599923,asymmetric,132.02435116932918
3157.138632156206,2,final:asymmetric:b2:r054,0.40443367357225385,final:asymmetric:r054,-7.359535995165061,9999.999999999998,3462.9991663948776,4044.336735722538,0.34629991663948784,110054,581.3375693276603,asymmetric,588.6971053228252
3201.0785270412243,2,final:asymmetric:b2:r055,0.27566393795452837,final:asymmetric:r055,-61.545628253581526,9999.999999999996,2452.3283646518857,2756.639379545284,0.24523283646518867,110055,304.31101489339835,asymmetric,365.85664314698
3137.4375745783072,2,final:asymmetric:b2:r056,0.12665094176786074,final:asymmetric:r056,-140.8253528355367,10000.0,1226.2315884311397,1266.509417678607,0.12262315884311396,110056,40.27782924746725,asymmetric,181.10318208300419
3245.38820717419,2,final:asymmetric:b2:r057,0.2270289879268953,final:asymmetric:r057,-59.259663318719504,9999.999999999998,1924.3428835228565,2270.289879268953,0.19243428835228568,110057,345.9469957460965,asymmetric,405.2066590648161
3133.310120106239,2,final:asymmetric:b2:r058,0.22352272840185483,final:asymmetric:r058,-0.31559632652442815,10000.0,1968.0961002937056,2235.227284018548,0.19680961002937056,110058,267.13118372484223,asymmetric,267.44678005136643
3148.131201559554,2,final:asymmetric:b2:r059,0.14894896772990296,final:asymmetric:r059,-59.0335797089042,9999.999999999998,1195.0514477539273,1489.4896772990287,0.11950514477539274,110059,294.4382295451014,asymmetric,353.47180925400596
3129.576694127567,2,final:asymmetric:b2:r060,0.12176151064594593,final:asymmetric:r060,83.08639603584515,10000.0,971.5114232702153,1217.6151064594596,0.09715114232702153,110060,246.1036831892443,asymmetric,163.01728715339937
3158.5005351067966,2,final:asymmetric:b2:r061,0.3351441659133857,final:asymmetric:r061,51.025345319829285,10000.0,2709.638286997,3351.441659133857,0.2709638286997,110061,641.803372136857,asymmetric,590.7780268170279
3149.906407167854,2,final:asymmetric:b2:r062,0.2041294167872192,final:asymmetric:r062,-146.80349422465042,10000.000000000002,1649.5633644744894,2041.2941678721918,0.16495633644744892,110062,391.7308033977024,asymmetric,538.5342976223526
3098.732480773737,2,final:asymmetric:b2:r063,0.22960708455513473,final:asymmetric:r063,-35.028589999730684,10000.0,1876.7335905606965,2296.0708455513486,0.18767335905606966,110063,419.3372549906521,asymmetric,454.3658449903828
3175.4310200225527,2,final:asymmetric:b2:r064,0.25915642225029045,final:asymmetric:r064,-141.08087906537685,9999.999999999998,2194.649053353576,2591.5642225029032,0.21946490533535765,110064,396.9151691493271,asymmetric,537.9960482147038
3161.415721673471,2,final:asymmetric:b2:r065,0.22640105310301822,final:asymmetric:r065,22.343502230147806,9999.999999999998,1807.1860245694288,2264.010531030182,0.1807186024569429,110065,456.8245064607531,asymmetric,434.4810042306051
3099.3177090096897,2,final:asymmetric:b2:r066,0.01922745378998736,final:asymmetric:r066,-50.49627842664859,10000.0,161.99363802141488,192.2745378998734,0.016199363802141487,110066,30.280899878458513,asymmetric,80.77717830510733
3134.7670848923876,2,final:asymmetric:b2:r067,0.2278250391588505,final:asymmetric:r067,13.808129434626608,10000.0,1966.3524102078559,2278.2503915885063,0.19663524102078558,110067,311.89798138065044,asymmetric,298.08985194602417
3102.3365290394945,2,final:asymmetric:b2:r068,0.18230282096113598,final:asymmetric:r068,97.63946326931818,10000.000000000002,1318.0838994793626,1823.0282096113606,0.13180838994793623,110068,504.944310131998,asymmetric,407.30484686268005
3232.3491939192,2,final:asymmetric:b2:r069,0.2458962261273543,final:asymmetric:r069,89.78935411228622,10000.000000000002,2085.42341082429,2458.962261273544,0.20854234108242894,110069,373.53885044925437,asymmetric,283.74949633696815
3174.449523983335,2,final:asymmetric:b2:r070,0.15448701406621856,final:asymmetric:r070,27.58637767875416,10000.0,1297.8626073516834,1544.8701406621876,0.12978626073516836,110070,247.0075333105042,asymmetric,219.42115563175037
3121.9192034507882,2,final:asymmetric:b2:r071,0.13895696246107658,final:asymmetric:r071,69.73278330228823,10000.0,1086.0950372895168,1389.5696246107645,0.10860950372895167,110071,303.4745873212478,asymmetric,233.74180401895978
3202.145142161591,2,final:asymmetric:b2:r072,0.05345171735348009,final:asymmetric:r072,-29.204325643976063,9999.999999999998,500.0316053720894,534.5171735348013,0.05000316053720895,110072,34.48556816271184,asymmetric,63.68989380668802
3105.2693585931893,2,final:asymmetric:b2:r073,0.02621466552440921,final:asymmetric:r073,42.324473361262335,9999.999999999998,201.55720697399738,262.14665524409247,0.02015572069739974,110073,60.589448270095545,asymmetric,18.26497490883287
3146.3938644487907,2,final:asymmetric:b2:r074,0.14972980460296947,final:asymmetric:r074,87.15765805695764,10000.000000000002,1250.2209954541922,1497.2980460296967,0.1250220995454192,110074,247.07705057550447,asymmetric,159.9193925185466
3142.9009004748523,2,final:asymmetric:b2:r075,0.13355715885824238,final:asymmetric:r075,-7.748704483350139,9999.999999999998,1140.3065872362818,1335.571588582423,0.11403065872362819,110075,195.26500134614116,asymmetric,203.01370582949107
3172.21564813001,2,final:asymmetric:b2:r076,0.22021349729724382,final:asymmetric:r076,-181.36021842202854,10000.000000000002,1845.8765746284485,2202.1349729724384,0.1845876574628448,110076,356.25839834398994,asymmetric,537.6186167660182
3161.1225049116183,2,final:asymmetric:b2:r077,0.16693694717698748,final:asymmetric:r077,-84.60201820793736,9999.999999999998,1553.609357197026,1669.3694717698754,0.1553609357197026,110077,115.76011457284903,asymmetric,200.36213278078606
3174.4543743619993,2,final:asymmetric:b2:r078,0.2995567122241501,final:asymmetric:r078,-53.284751708737076,10000.000000000002,2633.995013109062,2995.5671222415017,0.2633995013109061,110078,361.5721091324399,asymmetric,414.8568608411772
3123.753269869546,2,final:asymmetric:b2:r079,0.08148485535390237,final:asymmetric:r079,-56.142809908575146,10000.000000000002,714.7182417444074,814.8485535390237,0.07147182417444073,110079,100.13031179461632,asymmetric,156.2731217031917
3189.0624699869595,2,final:asymmetric:b2:r080,0.03881321291933848,final:asymmetric:r080,60.75432329472369,10000.0,287.55258518900246,388.1321291933855,0.028755258518900245,110080,100.57954400438257,asymmetric,39.82522070965865
3157.7245706953263,2,final:asymmetric:b2:r081,0.09145738020408678,final:asymmetric:r081,48.351675022008294,10000.000000000002,695.3935490416411,914.573802040868,0.0695393549041641,110081,219.18025299922692,asymmetric,170.8285779772184
3136.337170966572,2,final:asymmetric:b2:r082,0.22996327563520413,final:asymmetric:r082,6.061374771649753,10000.0,1872.9067168444285,2299.632756352041,0.18729067168444286,110082,426.7260395076123,asymmetric,420.66466473596256
3174.671025652363,2,final:asymmetric:b2:r083,0.0888551412248002,final:asymmetric:r083,-104.08405133687756,10000.000000000002,763.8068507835696,888.5514122480026,0.07638068507835695,110083,124.74456146443299,asymmetric,228.82861280131033
3163.952658575207,2,final:asymmetric:b2:r084,0.26577938596127076,final:asymmetric:r084,-6.558527914923616,10000.0,2312.910440671364,2657.793859612707,0.2312910440671364,110084,344.8834189413428,asymmetric,351.4419468562663
3126.973060560493,2,final:asymmetric:b2:r085,0.08653053333750038,final:asymmetric:r085,113.37097811623516,10000.000000000002,697.3189685455386,865.3053333750022,0.06973189685455385,110085,167.98636482946358,asymmetric,54.61538671322853
3158.4565398542054,2,final:asymmetric:b2:r086,0.25109622571800716,final:asymmetric:r086,-54.674545391738775,10000.0,2116.7304937070053,2510.962257180072,0.21167304937070053,110086,394.2317634730666,asymmetric,448.9063088648054
3191.6445793648295,2,final:asymmetric:b2:r087,0.19318745572320328,final:asymmetric:r087,-51.71131111604609,10000.0,1761.613284902292,1931.8745572320313,0.1761613284902292,110087,170.2612723297393,asymmetric,221.97258344578563
3178.04846825178,2,final:asymmetric:b2:r088,0.4968588324319877,final:asymmetric:r088,-39.181716728147876,9999.999999999998,4310.931706680185,4968.588324319876,0.43109317066801855,110088,657.6566176396909,asymmetric,696.8383343678393
3177.104703191752,2,final:asymmetric:b2:r089,0.20856011139155717,final:asymmetric:r089,134.26086222628214,10000.0,1725.1877763927146,2085.6011139155726,0.17251877763927145,110089,360.413337522858,asymmetric,226.15247529657563
3191.301788526932,2,final:asymmetric:b2:r090,0.23995219093073533,final:asymmetric:r090,8.483702832851577,10000.000000000002,2059.800176263872,2399.521909307353,0.20598001762638715,110090,339.721733043481,asymmetric,331.23803021062963
3186.9411464293235,2,final:asymmetric:b2:r091,0.18706480524388847,final:asymmetric:r091,-93.67404552950484,9999.999999999998,1654.9265711474095,1870.6480524388853,0.16549265711474098,110091,215.7214812914758,asymmetric,309.39552682098076
3108.025921982818,2,final:asymmetric:b2:r092,0.42589719148337746,final:asymmetric:r092,-159.13804354354897,10000.000000000004,3928.0210636336924,4258.971914833775,0.3928021063633691,110092,330.9508512000825,asymmetric,490.0888947436316
3133.0409957906186,2,final:asymmetric:b2:r093,0.29711248011826763,final:asymmetric:r093,-0.6597858711470508,10000.0,2488.6333087960816,2971.1248011826765,0.24886333087960816,110093,482.4914923865949,asymmetric,483.151278257742
3180.4564736541215,2,final:asymmetric:b2:r094,0.23593217927590932,final:asymmetric:r094,57.59564029128569,10000.0,2057.8492446731852,2359.321792759094,0.20578492446731853,110094,301.4725480859088,asymmetric,243.87690779462298
3125.0733658053596,2,final:asymmetric:b2:r095,0.022009640181385404,final:asymmetric:r095,26.07376818167313,10000.0,145.33465508885547,220.09640181385294,0.014533465508885547,110095,74.76174672499701,asymmetric,48.68797854332411
3169.293981985737,2,final:asymmetric:b2:r096,0.18423564580412888,final:asymmetric:r096,87.55893333847598,10000.000000000002,1582.1434360654566,1842.3564580412894,0.15821434360654563,110096,260.21302197583327,asymmetric,172.65408863735706
3167.985996924404,2,final:asymmetric:b2:r097,0.0,final:asymmetric:r097,0.0,9999.999999999998,0.0,0.0,0.0,110097,0.0,asymmetric,0.0
3150.7848638101495,2,final:asymmetric:b2:r098,0.2301835171167057,final:asymmetric:r098,-56.16193395061464,10000.0,2005.5189137123616,2301.8351711670566,0.20055189137123616,110098,296.316257454695,asymmetric,352.47819140530953
3201.415091901304,2,final:asymmetric:b2:r099,0.017368540980502,final:asymmetric:r099,-79.70953604104852,10000.0,259.104970999384,173.68540980501984,0.025910497099938402,110099,-85.41956119436418,asymmetric,-5.710025153315655
5085.258358134906,3,final:asymmetric:b3:r000,0.2913554236850878,final:asymmetric:r000,113.15380974144182,10000.0,2368.599036578862,2913.5542368508786,0.2368599036578862,110000,544.9552002720166,asymmetric,431.8013905305744
5073.939331017839,3,final:asymmetric:b3:r001,0.19651262852875906,final:asymmetric:r001,-347.7224189100102,10000.0,1994.4457558025865,1965.1262852875907,0.19944457558025866,110001,-29.319470514995828,asymmetric,318.4029483950143
5025.190535114685,3,final:asymmetric:b3:r002,0.23073511980674932,final:asymmetric:r002,202.1891730611046,9999.999999999998,1702.6617353101924,2307.351198067493,0.17026617353101928,110002,604.6894627573006,asymmetric,402.500289696196
5101.717831169329,3,final:asymmetric:b3:r003,0.15120257763250167,final:asymmetric:r003,110.69310232481439,10000.0,1080.2576450076085,1512.0257763250156,0.10802576450076085,110003,431.7681313174071,asymmetric,321.0750289925927
5049.17212989918,3,final:asymmetric:b3:r004,0.36864426431902375,final:asymmetric:r004,653.0670641108472,9999.999999999996,2138.9576364445747,3686.4426431902384,0.21389576364445756,110004,1547.4850067456637,asymmetric,894.4179426348162
5004.8305799196605,3,final:asymmetric:b3:r005,0.35998321634452335,final:asymmetric:r005,380.2321569621372,10000.0,2444.403091017938,3599.832163445234,0.24444030910179382,110005,1155.429072427296,asymmetric,775.1969154651588
5014.659709815973,3,final:asymmetric:b3:r006,0.474185621878549,final:asymmetric:r006,634.7049168295221,10000.000000000002,3303.295916142818,4741.85621878549,0.3303295916142817,110006,1438.5603026426716,asymmetric,803.8553858131497
5088.0108698201875,3,final:asymmetric:b3:r007,0.3219484988036192,final:asymmetric:r007,-11.451313010098602,9999.999999999998,2765.586117610011,3219.4849880361908,0.27655861176100116,110007,453.8988704261792,asymmetric,465.3501834362779
5059.312879927746,3,final:asymmetric:b3:r008,0.44090146292835636,final:asymmetric:r008,573.9065549143838,10000.0,3005.592270402562,4409.014629283563,0.3005592270402562,110008,1403.4223588810014,asymmetric,829.5158039666176
5104.228621878092,3,final:asymmetric:b3:r009,0.3239156171353921,final:asymmetric:r009,77.96653904853838,10000.000000000002,2655.958460389729,3239.1561713539213,0.26559584603897285,110009,583.1977109641921,asymmetric,505.231171915653
5069.916189648104,3,final:asymmetric:b3:r010,0.23657083604924733,final:asymmetric:r010,448.24813119798546,9999.999999999998,1440.5598286265704,2365.7083604924774,0.14405598286265706,110010,925.148531865907,asymmetric,476.9004006679213
5088.564044878788,3,final:asymmetric:b3:r011,0.41396132333087876,final:asymmetric:r011,122.31813272604631,10000.000000000002,3302.7546284478244,4139.613233308788,0.3302754628447824,110011,836.8586048609636,asymmetric,714.5404721349173
4985.035853928249,3,final:asymmetric:b3:r012,0.18039808649245548,final:asymmetric:r012,-507.30015986601256,10000.000000000002,2024.190175383951,1803.9808649245551,0.20241901753839509,110012,-220.2093104593955,asymmetric,287.09084940661717
5008.459310885806,3,final:asymmetric:b3:r013,0.36693071632745966,final:asymmetric:r013,346.8601229647361,10000.000000000002,2677.237862945346,3669.307163274593,0.2677237862945345,110013,992.0693003292472,asymmetric,645.2091773645107
5042.618850558571,3,final:asymmetric:b3:r014,0.12762467785092635,final:asymmetric:r014,63.70371599009286,10000.0,870.6565105439149,1276.246778509265,0.08706565105439149,110014,405.59026796535,asymmetric,341.8865519752569
5037.5646411321395,3,final:asymmetric:b3:r015,0.2703474412100999,final:asymmetric:r015,531.606734718232,10000.0,1688.1244336894292,2703.474412100998,0.1688124433689429,110015,1015.3499784115688,asymmetric,483.74324369333715
5085.076324867919,3,final:asymmetric:b3:r016,0.21208096854590452,final:asymmetric:r016,233.33237748851388,10000.000000000002,1438.8633774102036,2120.8096854590485,0.14388633774102033,110016,681.9463080488449,asymmetric,448.613930560331
5152.546411523216,3,final:asymmetric:b3:r017,0.1827093622324848,final:asymmetric:r017,372.08621988327695,10000.0,1073.057018737135,1827.0936223248473,0.1073057018737135,110017,754.0366035877123,asymmetric,381.9503837044349
5094.327112079552,3,final:asymmetric:b3:r018,0.30893689020048565,final:asymmetric:r018,607.1681187169115,10000.0,1815.9424712128302,3089.368902004855,0.18159424712128303,110018,1273.4264307920248,asymmetric,666.2583120751137
5032.901573657,3,final:asymmetric:b3:r019,0.357862825572691,final:asymmetric:r019,320.6264683112904,10000.000000000002,2785.8962173197715,3578.6282557269114,0.2785896217319771,110019,792.73203840714,asymmetric,472.1055700958493
5030.028834517755,3,final:asymmetric:b3:r020,0.41469104442521854,final:asymmetric:r020,327.99412285760764,10000.000000000002,2964.4930505751304,4146.910444252185,0.296449305057513,110020,1182.4173936770544,asymmetric,854.4232708194472
5028.995508822505,3,final:asymmetric:b3:r021,0.37530729263658813,final:asymmetric:r021,491.4343546361156,10000.000000000002,2455.628668960896,3753.072926365883,0.24556286689608955,110021,1297.4442574049872,asymmetric,806.0099027688722
5137.7852933242175,3,final:asymmetric:b3:r022,0.21959739638634068,final:asymmetric:r022,381.96664834371677,10000.0,1380.217417697963,2195.9739638634073,0.13802174176979629,110022,815.7565461654444,asymmetric,433.7898978217279
5107.241315185294,3,final:asymmetric:b3:r023,0.3744331421017225,final:asymmetric:r023,168.46973031175185,9999.999999999998,3067.224908872854,3744.3314210172266,0.3067224908872855,110023,677.1065121443726,asymmetric,508.6367818326206
5170.067905823013,3,final:asymmetric:b3:r024,0.267384122501241,final:asymmetric:r024,-6.019798269329385,9999.999999999998,2155.3790121021284,2673.8412250124093,0.21553790121021288,110024,518.4622129102809,asymmetric,524.4820111796099
5152.82948512182,3,final:asymmetric:b3:r025,0.11151845934035798,final:asymmetric:r025,199.45904437833178,10000.000000000002,649.2475927371624,1115.184593403581,0.06492475927371623,110025,465.9370006664185,asymmetric,266.47795628808694
5102.652072089143,3,final:asymmetric:b3:r026,0.17069161979233183,final:asymmetric:r026,-162.98194629096042,10000.000000000002,1441.8161834863931,1706.9161979233204,0.1441816183486393,110026,265.10001443692727,asymmetric,428.0819607278878
5127.208002924382,3,final:asymmetric:b3:r027,0.3135746850755977,final:asymmetric:r027,85.5329035462205,10000.0,2525.490798883482,3135.7468507559797,0.2525490798883482,110027,610.2560518724977,asymmetric,524.7231483262772
4980.190200182381,3,final:asymmetric:b3:r028,0.4032210753987688,final:asymmetric:r028,566.48442817971,9999.999999999998,2628.5504330312674,4032.210753987688,0.2628550433031268,110028,1403.6603209564205,asymmetric,837.1758927767099
5094.956289609894,3,final:asymmetric:b3:r029,0.23352639759087512,final:asymmetric:r029,221.3772854789081,9999.999999999996,1631.479839771171,2335.2639759087506,0.16314798397711716,110029,703.7841361375795,asymmetric,482.40685065867126
5031.308587053939,3,final:asymmetric:b3:r030,0.2531189759483422,final:asymmetric:r030,69.04354481018163,10000.0,2020.7030980493446,2531.1897594834218,0.20207030980493446,110030,510.4866614340772,asymmetric,441.4431166238959
5081.491196773924,3,final:asymmetric:b3:r031,0.43974014814043205,final:asymmetric:r031,885.4199419748438,9999.999999999996,2771.0240430366957,4397.40148140432,0.27710240430366967,110031,1626.3774383676246,asymmetric,740.9574963927807
5126.026860305828,3,final:asymmetric:b3:r032,0.2387363281260475,final:asymmetric:r032,177.5214671852941,9999.999999999998,1742.0816797685916,2387.3632812604756,0.1742081679768592,110032,645.281601491884,asymmetric,467.7601343065902
4986.558654008266,3,final:asymmetric:b3:r033,0.34826108336567385,final:asymmetric:r033,344.66094237174093,10000.000000000002,2436.9204471529547,3482.6108336567377,0.24369204471529543,110033,1045.690386503783,asymmetric,701.0294441320423
5130.109526881838,3,final:asymmetric:b3:r034,0.29204062502132044,final:asymmetric:r034,452.2895090986294,9999.999999999996,1886.0573211343572,2920.4062502132037,0.1886057321134358,110034,1034.3489290788466,asymmetric,582.0594199802175
5105.626628105079,3,final:asymmetric:b3:r035,0.23662099310599782,final:asymmetric:r035,-179.14870319557167,10000.000000000004,1929.6977095361012,2366.2099310599788,0.19296977095361006,110035,436.51222152387754,asymmetric,615.6609247194492
5036.5774794210765,3,final:asymmetric:b3:r036,0.04511943210321312,final:asymmetric:r036,-355.01260464564757,9999.999999999996,643.1836073543295,451.1943210321315,0.06431836073543297,110036,-191.98928632219804,asymmetric,163.02331832344908
5099.247727720191,3,final:asymmetric:b3:r037,0.22022310878726514,final:asymmetric:r037,27.587984139467153,9999.999999999998,1619.9572169414514,2202.231087872653,0.16199572169414517,110037,582.2738709312016,asymmetric,554.6858867917344
5044.924049680969,3,final:asymmetric:b3:r038,0.09121295508805727,final:asymmetric:r038,-450.7745782106549,10000.000000000002,1172.5642251830932,912.1295508805733,0.1172564225183093,110038,-260.43467430251985,asymmetric,190.33990390813528
5007.826995515167,3,final:asymmetric:b3:r039,0.30195113380357563,final:asymmetric:r039,-61.97589098786557,10000.0,2553.248161613478,3019.511338035756,0.2553248161613478,110039,466.2631764222783,asymmetric,528.2390674101442
5054.292914828889,3,final:asymmetric:b3:r040,0.29719552014917494,final:asymmetric:r040,465.43033156092633,10000.0,1931.8408394058756,2971.955201491749,0.19318408394058756,110040,1040.1143620858734,asymmetric,574.6840305249468
5129.825613868158,3,final:asymmetric:b3:r041,0.4237968525327428,final:asymmetric:r041,849.5591344254417,10000.000000000004,2550.2242026863723,4237.968525327428,0.25502242026863714,110041,1687.744322641056,asymmetric,838.1851882156144
5042.570430981688,3,final:asymmetric:b3:r042,0.1721650675776054,final:asymmetric:r042,-165.5571088752722,10000.000000000002,1614.3252835095686,1721.6506757760535,0.16143252835095684,110042,107.32539226648487,asymmetric,272.88250114175753
5077.014315223471,3,final:asymmetric:b3:r043,0.03185904874357326,final:asymmetric:r043,-841.5656415988451,10000.0,1069.8976843115424,318.59048743573294,0.10698976843115425,110043,-751.3071968758095,asymmetric,90.25844472303606
5024.1590559062115,3,final:asymmetric:b3:r044,0.12054323411611378,final:asymmetric:r044,152.86628464412752,10000.0,799.5314327017159,1205.4323411611367,0.07995314327017158,110044,405.90090845942086,asymmetric,253.03462381529357
5012.62264276296,3,final:asymmetric:b3:r045,0.28961083622497796,final:asymmetric:r045,357.6079911194133,10000.000000000005,2067.305843723796,2896.108362249777,0.20673058437237948,110045,828.8025185259812,asymmetric,471.19452740656766
5134.708280539086,3,final:asymmetric:b3:r046,0.4051266302891316,final:asymmetric:r046,102.07316315727348,10000.0,3265.392469971741,4051.2663028913157,0.32653924699717407,110046,785.8738329195749,asymmetric,683.8006697623017
5066.372008047784,3,final:asymmetric:b3:r047,0.22756081547790974,final:asymmetric:r047,444.7872112142559,9999.999999999998,1266.2918624467475,2275.6081547790964,0.12662918624467476,110047,1009.3162923323489,asymmetric,564.5290811180935
5141.955101849111,3,final:asymmetric:b3:r048,0.12116305789032922,final:asymmetric:r048,209.25894852160764,10000.0,746.6315791392626,1211.6305789032922,0.07466315791392626,110048,464.9989997640296,asymmetric,255.7400512424215
5084.345440639963,3,final:asymmetric:b3:r049,0.4134144498228563,final:asymmetric:r049,586.6590392530416,10000.0,2638.522502144702,4134.144498228565,0.2638522502144702,110049,1495.621996083863,asymmetric,908.9629568308214
5127.832349833707,3,final:asymmetric:b3:r050,0.429635443704259,final:asymmetric:r050,794.0524472512616,10000.0,2781.4873119355498,4296.354437042592,0.278148731193555,110050,1514.8671251070418,asymmetric,720.8146778557806
5002.2934151451855,3,final:asymmetric:b3:r051,0.21246432080737354,final:asymmetric:r051,-45.02262696756861,10000.000000000004,1830.1817749717789,2124.643208073736,0.18301817749717783,110051,294.461433101957,asymmetric,339.48406006952575
5002.300667897482,3,final:asymmetric:b3:r052,0.1968201856326509,final:asymmetric:r052,-366.4915503738507,9999.999999999998,2156.1023475306956,1968.2018563265083,0.2156102347530696,110052,-187.90049120418735,asymmetric,178.59105916966325
5165.226651984864,3,final:asymmetric:b3:r053,0.07359677330958547,final:asymmetric:r053,-16.22519487337422,10000.0,572.8072996027158,735.9677330958566,0.05728072996027158,110053,163.16043349314077,asymmetric,179.385628366515
5051.42181144993,3,final:asymmetric:b3:r054,0.4281839278599524,final:asymmetric:r054,-94.99731844052303,9999.999999999998,3717.3852757521545,4281.839278599524,0.3717385275752155,110054,564.4540028473693,asymmetric,659.4513212878926
5121.72564326596,3,final:asymmetric:b3:r055,0.3103748832437784,final:asymmetric:r055,-74.4788722579924,9999.999999999996,2641.811789587285,3103.7488324377828,0.2641811789587286,110055,461.9370428504976,asymmetric,536.41591510849
5019.900119325292,3,final:asymmetric:b3:r056,0.13284175722704405,final:asymmetric:r056,6.049472942191187,10000.0,1079.336707756176,1328.4175722704413,0.10793367077561761,110056,249.08086451426516,asymmetric,243.03139157207397
5192.621131478704,3,final:asymmetric:b3:r057,0.23975964321929755,final:asymmetric:r057,192.1802636448142,9999.999999999998,1683.5827672541127,2397.596432192977,0.1683582767254113,110057,714.0136649388642,asymmetric,521.8334012940493
5013.2961921699825,3,final:asymmetric:b3:r058,0.11640333681723558,final:asymmetric:r058,-184.97302240138788,10000.0,1149.0289687187678,1164.0333681723541,0.11490289687187678,110058,15.004399453586302,asymmetric,199.97742185497395
5037.009922495286,3,final:asymmetric:b3:r059,0.2701582189614996,final:asymmetric:r059,374.0276853446808,9999.999999999998,1751.5774065952683,2701.582189614993,0.17515774065952686,110059,950.0047830197245,asymmetric,575.9770976750433
5007.322710604108,3,final:asymmetric:b3:r060,0.01426278161778749,final:asymmetric:r060,-906.6302330830481,10000.0,1073.2362302798128,142.6278161778746,0.10732362302798129,110060,-930.6084141019383,asymmetric,-23.978181018890155
5053.600856170875,3,final:asymmetric:b3:r061,0.362038607496313,final:asymmetric:r061,394.39412295323564,10000.0,2544.7005716422996,3620.3860749631294,0.25447005716422993,110061,1075.6855033208299,asymmetric,681.2913803675943
5039.850251468567,3,final:asymmetric:b3:r062,0.09337066431237129,final:asymmetric:r062,-277.6740201204734,10000.000000000002,854.7630261492382,933.7066431237145,0.0854763026149238,110062,78.9436169744763,asymmetric,356.61763709494994
4957.9719692379795,3,final:asymmetric:b3:r063,0.34506977784248394,final:asymmetric:r063,335.8921079235779,10000.0,2277.792200604911,3450.6977784248393,0.22777922006049112,110063,1172.905577819928,asymmetric,837.0134698963502
5080.689632036085,3,final:asymmetric:b3:r064,0.2666379006662002,final:asymmetric:r064,205.30761364136515,9999.999999999998,1868.9736709629015,2666.379006662002,0.18689736709629018,110064,797.4053356991008,asymmetric,592.0977220577361
5058.265154677554,3,final:asymmetric:b3:r065,0.2751134718339002,final:asymmetric:r065,335.28208601063216,9999.999999999998,1923.2584932454565,2751.1347183390026,0.1923258493245457,110065,827.876225093546,asymmetric,492.59413908291424
4958.908334415504,3,final:asymmetric:b3:r066,0.13373507616603764,final:asymmetric:r066,245.68303444932553,10000.0,643.097397880585,1337.3507616603774,0.0643097397880585,110066,694.2533637797919,asymmetric,448.5703293304664
5015.62733582782,3,final:asymmetric:b3:r067,0.31743260693859243,final:asymmetric:r067,128.30627296339844,10000.0,2644.93964575215,3174.326069385924,0.264493964575215,110067,529.3864236337736,asymmetric,401.0801506703748
4963.738446463191,3,final:asymmetric:b3:r068,0.12020691031278263,final:asymmetric:r068,-332.24670575248774,10000.000000000002,1263.4359354233584,1202.0691031278266,0.12634359354233582,110068,-61.36683229553182,asymmetric,270.8798734569558
5171.75871027072,3,final:asymmetric:b3:r069,0.2933546487048281,final:asymmetric:r069,17.442793972001255,10000.000000000002,2455.8161391042486,2933.546487048281,0.24558161391042482,110069,477.7303479440325,asymmetric,460.28755397203213
5079.119238373336,3,final:asymmetric:b3:r070,0.2298545508903621,final:asymmetric:r070,116.84039177844852,10000.0,1753.7482734923315,2298.545508903623,0.17537482734923315,110070,544.7972354112917,asymmetric,427.9568436328435
4995.070725521262,3,final:asymmetric:b3:r071,0.3451718831420576,final:asymmetric:r071,479.6557734093067,10000.0,2336.54115798156,3451.718831420576,0.233654115798156,110071,1115.177673439016,asymmetric,635.5219000297086
5123.432227458547,3,final:asymmetric:b3:r072,0.0978769380771416,final:asymmetric:r072,-32.41142150011365,9999.999999999998,897.6224793485399,978.7693807714168,0.089762247934854,110072,81.14690142287691,asymmetric,113.55832292299033
4968.430973749103,3,final:asymmetric:b3:r073,0.07554159596470911,final:asymmetric:r073,45.757230718147184,9999.999999999998,655.9683546843926,755.4159596470909,0.06559683546843927,110073,99.44760496269828,asymmetric,53.690374244551094
5034.230183118066,3,final:asymmetric:b3:r074,0.15074914395180894,final:asymmetric:r074,-55.96196131887973,10000.000000000002,1316.0646332999859,1507.4914395180904,0.13160646332999856,110074,191.4268062181045,asymmetric,247.3887675369847
5028.641440759764,3,final:asymmetric:b3:r075,0.14328797432085327,final:asymmetric:r075,48.39918332591742,9999.999999999998,1174.7510500399535,1432.879743208532,0.11747510500399537,110075,258.1286931685786,asymmetric,209.72950984266117
5075.545037008016,3,final:asymmetric:b3:r076,0.38304174092614895,final:asymmetric:r076,532.32008718428,10000.000000000002,2417.4405305352034,3830.4174092614903,0.24174405305352029,110076,1412.976878726287,asymmetric,880.6567915420069
5057.796007858589,3,final:asymmetric:b3:r077,0.1658726072141975,final:asymmetric:r077,27.39622364740262,9999.999999999998,1431.7682972277025,1658.7260721419725,0.14317682972277027,110077,226.95777491426998,asymmetric,199.56155126686735
5079.126998979199,3,final:asymmetric:b3:r078,0.33595895260073216,final:asymmetric:r078,353.65329826488596,10000.000000000002,2456.9938780976063,3359.589526007324,0.24569938780976058,110078,902.5956479097176,asymmetric,548.9423496448319
4998.005231791274,3,final:asymmetric:b3:r079,0.2713561360964203,final:asymmetric:r079,691.2739990491,10000.000000000002,1490.5825222081949,2713.5613609642023,0.14905825222081945,110079,1222.9788387560075,asymmetric,531.7048397069074
5102.499951979135,3,final:asymmetric:b3:r080,0.15180362809447578,final:asymmetric:r080,384.4279819513022,10000.0,981.1651090553696,1518.036280944756,0.09811651090553695,110080,536.8711718893869,asymmetric,152.4431899380852
5052.359313112523,3,final:asymmetric:b3:r081,0.1456976741606264,final:asymmetric:r081,68.31085143250766,10000.000000000002,1052.2990374326546,1456.976741606264,0.10522990374326543,110081,404.6777041736095,asymmetric,336.36685274110164
5018.139473546516,3,final:asymmetric:b3:r082,0.4046930582795505,final:asymmetric:r082,537.21869355324,10000.0,2700.8210328470745,4046.930582795505,0.27008210328470744,110082,1346.1095499484304,asymmetric,808.8908563951909
5079.473641043781,3,final:asymmetric:b3:r083,0.08483094496844279,final:asymmetric:r083,-121.59904800115828,10000.000000000002,710.6663757600645,848.3094496844305,0.07106663757600644,110083,137.64307392436604,asymmetric,259.2421219255241
5062.324253720331,3,final:asymmetric:b3:r084,0.3549568961377372,final:asymmetric:r084,150.5113890941907,10000.0,2835.3969420656995,3549.568961377371,0.28353969420656994,110084,714.1720193116716,asymmetric,563.6606302174807
5003.1568968967895,3,final:asymmetric:b3:r085,0.2178423306811339,final:asymmetric:r085,299.38248034760545,10000.000000000002,1535.2071766320032,2178.4233068113363,0.1535207176632003,110085,643.216130179333,asymmetric,343.83364983172805
5053.530463766729,3,final:asymmetric:b3:r086,0.34594871050973597,final:asymmetric:r086,255.93167554213187,10000.0,2577.834892631382,3459.487105097358,0.2577834892631382,110086,881.6522124659759,asymmetric,625.7205369238441
5106.631326983727,3,final:asymmetric:b3:r087,0.2798307311073439,final:asymmetric:r087,143.5745095354523,10000.0,2262.0725120059524,2798.3073110734385,0.22620725120059523,110087,536.2347990674862,asymmetric,392.66028953203454
5084.877549202848,3,final:asymmetric:b3:r088,0.5785318665378345,final:asymmetric:r088,573.9724598911803,9999.999999999998,4339.105497699706,5785.318665378343,0.4339105497699706,110088,1446.2131676786366,asymmetric,872.2407077874564
5083.367525106803,3,final:asymmetric:b3:r089,0.15635712744613084,final:asymmetric:r089,-194.0521297256205,10000.0,1593.4867531692498,1563.5712744613065,0.15934867531692498,110089,-29.915478707943294,asymmetric,164.13665101767697
5106.082861643092,3,final:asymmetric:b3:r090,0.3637033209389261,final:asymmetric:r090,175.26803665369152,10000.000000000002,2875.171405049892,3637.033209389263,0.28751714050498917,110090,761.8618043393708,asymmetric,586.5937676856795
5099.105834286918,3,final:asymmetric:b3:r091,0.22289421165752699,final:asymmetric:r091,106.55748359795598,9999.999999999998,1674.308145053766,2228.94211657527,0.16743081450537664,110091,554.633971521504,asymmetric,448.07648792354826
4972.8414751725095,3,final:asymmetric:b3:r092,0.3458504792173885,final:asymmetric:r092,-653.1060702547784,10000.000000000004,3671.772889291536,3458.504792173884,0.36717728892915347,110092,-213.2680971176519,asymmetric,439.83797313712626
5012.86559326499,3,final:asymmetric:b3:r093,0.4051458948365855,final:asymmetric:r093,160.9016751487361,10000.0,3188.11820378629,4051.4589483658547,0.318811820378629,110093,863.3407445795647,asymmetric,702.4390694308283
5088.730357846594,3,final:asymmetric:b3:r094,0.17704035335033907,final:asymmetric:r094,58.408040708809494,10000.0,1530.7953215025068,1770.4035335033923,0.1530795321502507,110094,239.6082120008855,asymmetric,181.20017129207577
5000.117385288576,3,final:asymmetric:b3:r095,0.20441614353167015,final:asymmetric:r095,425.0641258779815,10000.0,1135.418198056449,2044.1614353167015,0.1135418198056449,110095,908.7432372602525,asymmetric,483.67911138227146
5070.87037117718,3,final:asymmetric:b3:r096,0.30149626342917446,final:asymmetric:r096,180.37989449080123,10000.000000000002,2382.716790175125,3014.962634291742,0.23827167901751245,110096,632.2458441166168,asymmetric,451.86594962581546
5068.7775950790465,3,final:asymmetric:b3:r097,0.10909399585390678,final:asymmetric:r097,81.20444481769209,9999.999999999998,718.035562276491,1090.9399585390693,0.07180355622764911,110097,372.9043962625783,asymmetric,291.69995144488576
5041.255782096239,3,final:asymmetric:b3:r098,0.30291889295134045,final:asymmetric:r098,144.3175693007629,10000.0,2394.454302486083,3029.1889295134033,0.23944543024860832,110098,634.7346270273201,asymmetric,490.41705772655655
5122.264147042087,3,final:asymmetric:b3:r099,0.03695313678591661,final:asymmetric:r099,8.467427214208783,10000.0,267.03697445708076,369.5313678591665,0.026703697445708077,110099,102.49439340208573,asymmetric,94.02696618787695
13348.80319010413,4,final:asymmetric:b4:r000,0.2913554236850878,final:asymmetric:r000,113.15380974144182,10000.0,2368.599036578862,2913.5542368508786,0.2368599036578862,110000,544.9552002720166,asymmetric,431.8013905305744
13319.090743921828,4,final:asymmetric:b4:r001,0.19651262852875906,final:asymmetric:r001,-347.7224189100102,10000.0,1994.4457558025865,1965.1262852875907,0.19944457558025866,110001,-29.319470514995828,asymmetric,318.4029483950143
13191.125154676049,4,final:asymmetric:b4:r002,0.23073511980674932,final:asymmetric:r002,202.1891730611046,9999.999999999998,1702.6617353101924,2307.351198067493,0.17026617353101928,110002,604.6894627573006,asymmetric,402.500289696196
13392.009306819487,4,final:asymmetric:b4:r003,0.15120257763250167,final:asymmetric:r003,110.69310232481439,10000.0,1080.2576450076085,1512.0257763250156,0.10802576450076085,110003,431.7681313174071,asymmetric,321.0750289925927
13254.076840985348,4,final:asymmetric:b4:r004,0.37850170601766875,final:asymmetric:r004,698.6762691104277,9999.999999999996,2154.559058441014,3785.0170601766886,0.21545590584410146,110004,1630.4580017356748,asymmetric,931.7817326252471
13137.68027228911,4,final:asymmetric:b4:r005,0.35998321634452335,final:asymmetric:r005,380.2321569621372,10000.0,2444.403091017938,3599.832163445234,0.24444030910179382,110005,1155.429072427296,asymmetric,775.1969154651588
13163.48173826693,4,final:asymmetric:b4:r006,0.474185621878549,final:asymmetric:r006,634.7049168295221,10000.000000000002,3303.295916142818,4741.85621878549,0.3303295916142817,110006,1438.5603026426716,asymmetric,803.8553858131495
13356.028533277993,4,final:asymmetric:b4:r007,0.3219484988036192,final:asymmetric:r007,-11.451313010098602,9999.999999999998,2765.586117610011,3219.4849880361908,0.27655861176100116,110007,453.8988704261792,asymmetric,465.3501834362779
13280.696309810332,4,final:asymmetric:b4:r008,0.44241003865633705,final:asymmetric:r008,592.6200252607482,10000.0,3010.425580020778,4424.10038656337,0.3010425580020778,110008,1413.6748065425923,asymmetric,821.0547812818445
13398.60013242999,4,final:asymmetric:b4:r009,0.3239156171353921,final:asymmetric:r009,77.96653904853838,10000.000000000002,2655.9584603897274,3239.1561713539195,0.2655958460389727,110009,583.1977109641921,asymmetric,505.231171915653
13308.529997826272,4,final:asymmetric:b4:r010,0.23657083604924733,final:asymmetric:r010,448.24813119798546,9999.999999999998,1440.5598286265686,2365.7083604924755,0.1440559828626569,110010,925.148531865907,asymmetric,476.9004006679213
13357.480617806817,4,final:asymmetric:b4:r011,0.41396132333087876,final:asymmetric:r011,122.31813272604631,10000.000000000002,3302.7546284478244,4139.613233308788,0.3302754628447824,110011,836.8586048609636,asymmetric,714.5404721349171
13085.719116561651,4,final:asymmetric:b4:r012,0.18039808649245548,final:asymmetric:r012,-507.30015986601256,10000.000000000002,2024.190175383951,1803.9808649245551,0.20241901753839509,110012,-220.2093104593955,asymmetric,287.09084940661717
13147.20569107524,4,final:asymmetric:b4:r013,0.36693071632745966,final:asymmetric:r013,346.8601229647361,10000.000000000002,2677.237862945346,3669.307163274593,0.2677237862945345,110013,992.0693003292472,asymmetric,645.2091773645107
13236.874482716246,4,final:asymmetric:b4:r014,0.12762467785092635,final:asymmetric:r014,63.70371599009286,10000.0,870.6565105439149,1276.246778509265,0.08706565105439149,110014,405.59026796535,asymmetric,341.8865519752569
13223.607182971866,4,final:asymmetric:b4:r015,0.2703474412100999,final:asymmetric:r015,531.606734718232,10000.0,1688.1244336894292,2703.474412100998,0.1688124433689429,110015,1015.3499784115688,asymmetric,483.74324369333715
13348.325352778287,4,final:asymmetric:b4:r016,0.21208096854590452,final:asymmetric:r016,233.33237748851388,10000.000000000002,1438.8633774102036,2120.8096854590485,0.14388633774102033,110016,681.9463080488449,asymmetric,448.6139305603309
13525.434330248441,4,final:asymmetric:b4:r017,0.1827093622324848,final:asymmetric:r017,372.08621988327695,10000.0,1073.057018737135,1827.0936223248473,0.1073057018737135,110017,754.0366035877123,asymmetric,381.9503837044349
13372.608669208823,4,final:asymmetric:b4:r018,0.30893689020048565,final:asymmetric:r018,607.1681187169115,10000.0,1815.9424712128293,3089.368902004855,0.18159424712128294,110018,1273.4264307920257,asymmetric,666.258312075114
13211.366630849625,4,final:asymmetric:b4:r019,0.357862825572691,final:asymmetric:r019,320.6264683112904,10000.000000000002,2785.8962173197715,3578.6282557269114,0.2785896217319771,110019,792.73203840714,asymmetric,472.1055700958493
13203.825690609106,4,final:asymmetric:b4:r020,0.41469104442521854,final:asymmetric:r020,327.99412285760764,10000.000000000002,2964.4930505751304,4146.910444252185,0.296449305057513,110020,1182.4173936770544,asymmetric,854.4232708194472
13201.113210659076,4,final:asymmetric:b4:r021,0.37530729263658813,final:asymmetric:r021,491.4343546361156,10000.000000000002,2455.628668960896,3753.072926365883,0.24556286689608955,110021,1297.4442574049872,asymmetric,806.0099027688722
13486.68639497607,4,final:asymmetric:b4:r022,0.21959739638634068,final:asymmetric:r022,381.96664834371677,10000.0,1380.217417697963,2195.9739638634073,0.13802174176979629,110022,815.7565461654444,asymmetric,433.78989782172766
13406.508452361397,4,final:asymmetric:b4:r023,0.3744331421017225,final:asymmetric:r023,168.46973031175185,9999.999999999998,3067.224908872854,3744.3314210172266,0.3067224908872855,110023,677.1065121443726,asymmetric,508.6367818326206
13571.428252785407,4,final:asymmetric:b4:r024,0.2673841225012411,final:asymmetric:r024,-6.019798269329385,9999.999999999998,2155.3790121021284,2673.8412250124093,0.21553790121021288,110024,518.4622129102809,asymmetric,524.4820111796099
13526.177398444777,4,final:asymmetric:b4:r025,0.11151845934035798,final:asymmetric:r025,199.45904437833178,10000.000000000002,649.2475927371624,1115.184593403581,0.06492475927371623,110025,465.9370006664185,asymmetric,266.47795628808717
13394.461689234,4,final:asymmetric:b4:r026,0.17069161979233183,final:asymmetric:r026,-162.98194629096042,10000.000000000002,1441.8161834863931,1706.9161979233204,0.1441816183486393,110026,265.10001443692727,asymmetric,428.0819607278878
13458.921007676501,4,final:asymmetric:b4:r027,0.3135746850755977,final:asymmetric:r027,85.5329035462205,10000.0,2525.490798883482,3135.7468507559797,0.2525490798883482,110027,610.2560518724977,asymmetric,524.7231483262772
13072.99927547875,4,final:asymmetric:b4:r028,0.4032210753987688,final:asymmetric:r028,566.48442817971,9999.999999999998,2628.5504330312674,4032.210753987688,0.2628550433031268,110028,1403.6603209564205,asymmetric,837.1758927767099
13374.260260225972,4,final:asymmetric:b4:r029,0.23352639759087512,final:asymmetric:r029,221.3772854789081,9999.999999999996,1631.479839771171,2335.2639759087506,0.16314798397711716,110029,703.7841361375795,asymmetric,482.40685065867126
13207.185041016588,4,final:asymmetric:b4:r030,0.2531189759483422,final:asymmetric:r030,69.04354481018163,10000.0,2020.7030980493446,2531.1897594834218,0.20207030980493446,110030,510.4866614340772,asymmetric,441.4431166238959
13338.914391531549,4,final:asymmetric:b4:r031,0.44914368077267064,final:asymmetric:r031,912.3827833812861,9999.999999999996,2803.2147381576824,4491.4368077267045,0.28032147381576833,110031,1688.222069569022,asymmetric,775.8392861877362
13455.8205083028,4,final:asymmetric:b4:r032,0.23873632812604728,final:asymmetric:r032,177.5214671852941,9999.999999999998,1742.0816797685916,2387.3632812604756,0.1742081679768592,110032,645.281601491884,asymmetric,467.7601343065902
13089.716466771697,4,final:asymmetric:b4:r033,0.34826108336567385,final:asymmetric:r033,344.66094237174093,10000.000000000002,2436.9204471529547,3482.6108336567377,0.24369204471529543,110033,1045.690386503783,asymmetric,701.0294441320423
13466.537508064825,4,final:asymmetric:b4:r034,0.3138509211371153,final:asymmetric:r034,621.8307424684908,9999.999999999996,1895.5468140810835,3138.5092113711526,0.1895546814081084,110034,1242.962397290069,asymmetric,621.1316548215785
13402.269898775832,4,final:asymmetric:b4:r035,0.23662099310599782,final:asymmetric:r035,-179.14870319557167,10000.000000000004,1929.6977095361012,2366.2099310599788,0.19296977095361006,110035,436.51222152387754,asymmetric,615.6609247194492
13221.015883480324,4,final:asymmetric:b4:r036,0.04511943210321312,final:asymmetric:r036,-355.01260464564757,9999.999999999996,643.1836073543295,451.1943210321315,0.06431836073543297,110036,-191.98928632219804,asymmetric,163.02331832344908
13385.525285265501,4,final:asymmetric:b4:r037,0.22022310878726503,final:asymmetric:r037,27.587984139467153,9999.999999999998,1619.9572169414514,2202.231087872653,0.16199572169414517,110037,582.2738709312016,asymmetric,554.6858867917344
13242.925630412543,4,final:asymmetric:b4:r038,0.09121295508805727,final:asymmetric:r038,-450.7745782106549,10000.000000000002,1172.5642251830932,912.1295508805733,0.1172564225183093,110038,-260.43467430251985,asymmetric,190.33990390813528
13145.545863227315,4,final:asymmetric:b4:r039,0.30195113380357563,final:asymmetric:r039,-61.97589098786557,10000.0,2553.248161613478,3019.511338035756,0.2553248161613478,110039,466.2631764222783,asymmetric,528.2390674101442
13267.518901425832,4,final:asymmetric:b4:r040,0.29719552014917494,final:asymmetric:r040,465.43033156092633,10000.0,1931.8408394058756,2971.955201491749,0.19318408394058756,110040,1040.1143620858734,asymmetric,574.6840305249468
13465.792236403915,4,final:asymmetric:b4:r041,0.44685433817485765,final:asymmetric:r041,931.6920521455977,10000.000000000004,2663.8375349129274,4468.543381748578,0.2663837534912926,110041,1804.7058468356508,asymmetric,873.013794690053
13236.747381326932,4,final:asymmetric:b4:r042,0.1721650675776054,final:asymmetric:r042,-165.5571088752722,10000.000000000002,1614.3252835095686,1721.6506757760535,0.16143252835095684,110042,107.32539226648487,asymmetric,272.88250114175753
13327.162577461613,4,final:asymmetric:b4:r043,0.03185904874357326,final:asymmetric:r043,-841.5656415988451,10000.0,1069.8976843115424,318.59048743573294,0.10698976843115425,110043,-751.3071968758095,asymmetric,90.25844472303606
13188.417521753805,4,final:asymmetric:b4:r044,0.12054323411611378,final:asymmetric:r044,152.86628464412752,10000.0,799.5314327017159,1205.4323411611367,0.07995314327017158,110044,405.90090845942086,asymmetric,253.03462381529357
13158.13443725277,4,final:asymmetric:b4:r045,0.34984882709307674,final:asymmetric:r045,778.3909539743863,10000.000000000005,2154.6184660622375,3498.4882709307676,0.21546184660622364,110045,1343.86980486853,asymmetric,565.4788508941431
13478.609236415103,4,final:asymmetric:b4:r046,0.4051266302891316,final:asymmetric:r046,102.07316315727348,10000.0,3265.392469971741,4051.2663028913157,0.32653924699717407,110046,785.8738329195749,asymmetric,683.8006697623017
13299.226521125434,4,final:asymmetric:b4:r047,0.23339594701279354,final:asymmetric:r047,442.95401818290156,9999.999999999998,1290.624162007579,2333.9594701279348,0.12906241620075792,110047,1043.3353081203559,asymmetric,600.3812899374543
13497.632142353916,4,final:asymmetric:b4:r048,0.12116305789032922,final:asymmetric:r048,209.25894852160764,10000.0,746.6315791392626,1211.6305789032922,0.07466315791392626,110048,464.9989997640296,asymmetric,255.7400512424215
13346.406781679903,4,final:asymmetric:b4:r049,0.4134144498228563,final:asymmetric:r049,586.6590392530416,10000.0,2638.522502144702,4134.144498228565,0.2638522502144702,110049,1495.621996083863,asymmetric,908.9629568308214
13460.55991831348,4,final:asymmetric:b4:r050,0.429635443704259,final:asymmetric:r050,794.0524472512616,10000.0,2781.4873119355498,4296.354437042592,0.278148731193555,110050,1514.8671251070418,asymmetric,720.8146778557808
13131.020214756112,4,final:asymmetric:b4:r051,0.21246432080737354,final:asymmetric:r051,-45.02262696756861,10000.000000000004,1830.1817749717789,2124.643208073736,0.18301817749717783,110051,294.461433101957,asymmetric,339.4840600695255
13131.039253230889,4,final:asymmetric:b4:r052,0.1968201856326509,final:asymmetric:r052,-366.4915503738507,9999.999999999998,2156.1023475306956,1968.2018563265083,0.2156102347530696,110052,-187.90049120418735,asymmetric,178.59105916966325
13558.719961460265,4,final:asymmetric:b4:r053,0.07359677330958547,final:asymmetric:r053,-16.22519487337422,10000.0,572.807299602714,735.9677330958548,0.0572807299602714,110053,163.16043349314077,asymmetric,179.38562836651477
13259.982255056066,4,final:asymmetric:b4:r054,0.4281839278599524,final:asymmetric:r054,-94.99731844052303,9999.999999999998,3717.3852757521545,4281.839278599524,0.3717385275752155,110054,564.4540028473693,asymmetric,659.4513212878926
13444.529813573143,4,final:asymmetric:b4:r055,0.3103748832437784,final:asymmetric:r055,-74.4788722579924,9999.999999999996,2641.811789587285,3103.7488324377828,0.2641811789587286,110055,461.9370428504976,asymmetric,536.41591510849
13177.23781322889,4,final:asymmetric:b4:r056,0.13284175722704405,final:asymmetric:r056,6.049472942191187,10000.0,1079.336707756176,1328.4175722704413,0.10793367077561761,110056,249.08086451426516,asymmetric,243.03139157207397
13630.630470131598,4,final:asymmetric:b4:r057,0.23975964321929755,final:asymmetric:r057,192.1802636448142,9999.999999999998,1683.5827672541127,2397.596432192977,0.1683582767254113,110057,714.0136649388642,asymmetric,521.8334012940497
13159.902504446205,4,final:asymmetric:b4:r058,0.11640333681723558,final:asymmetric:r058,-184.97302240138788,10000.0,1149.0289687187678,1164.0333681723541,0.11490289687187678,110058,15.004399453586302,asymmetric,199.97742185497395
13222.151046550127,4,final:asymmetric:b4:r059,0.2701582189614996,final:asymmetric:r059,374.0276853446808,9999.999999999998,1751.5774065952683,2701.582189614993,0.17515774065952686,110059,950.0047830197245,asymmetric,575.9770976750433
13144.222115335782,4,final:asymmetric:b4:r060,0.01426278161778749,final:asymmetric:r060,-906.6302330830481,10000.0,1073.2362302798128,142.6278161778746,0.10732362302798129,110060,-930.6084141019383,asymmetric,-23.978181018890155
13265.702247448546,4,final:asymmetric:b4:r061,0.362038607496313,final:asymmetric:r061,394.39412295323564,10000.0,2544.7005716422996,3620.3860749631294,0.25447005716422993,110061,1075.6855033208299,asymmetric,681.2913803675942
13229.606910104987,4,final:asymmetric:b4:r062,0.0933706643123714,final:asymmetric:r062,-277.6740201204734,10000.000000000002,854.7630261492382,933.7066431237145,0.0854763026149238,110062,78.9436169744763,asymmetric,356.61763709494994
13014.676419249696,4,final:asymmetric:b4:r063,0.34506977784248394,final:asymmetric:r063,335.8921079235779,10000.0,2277.792200604911,3450.6977784248393,0.22777922006049112,110063,1172.905577819928,asymmetric,837.01346989635
13336.810284094721,4,final:asymmetric:b4:r064,0.2666379006662002,final:asymmetric:r064,205.30761364136515,9999.999999999998,1868.9736709628996,2666.3790066620004,0.18689736709628998,110064,797.4053356991008,asymmetric,592.0977220577361
13277.94603102858,4,final:asymmetric:b4:r065,0.27511347183390034,final:asymmetric:r065,335.28208601063216,9999.999999999998,1923.2584932454565,2751.1347183390026,0.1923258493245457,110065,827.876225093546,asymmetric,492.59413908291424
13017.134377840697,4,final:asymmetric:b4:r066,0.13373507616603764,final:asymmetric:r066,245.68303444932553,10000.0,643.097397880585,1337.3507616603774,0.0643097397880585,110066,694.2533637797919,asymmetric,448.5703293304664
13166.021756548029,4,final:asymmetric:b4:r067,0.31743260693859243,final:asymmetric:r067,128.30627296339844,10000.0,2644.93964575215,3174.326069385924,0.264493964575215,110067,529.3864236337736,asymmetric,401.0801506703748
13029.813421965877,4,final:asymmetric:b4:r068,0.12020691031278263,final:asymmetric:r068,-332.24670575248774,10000.000000000002,1263.4359354233584,1202.0691031278266,0.12634359354233582,110068,-61.36683229553182,asymmetric,270.8798734569558
13575.86661446064,4,final:asymmetric:b4:r069,0.2933546487048281,final:asymmetric:r069,17.442793972001255,10000.000000000002,2455.8161391042486,2933.546487048281,0.24558161391042482,110069,477.7303479440325,asymmetric,460.28755397203213
13332.688000730008,4,final:asymmetric:b4:r070,0.2298545508903621,final:asymmetric:r070,116.84039177844852,10000.0,1753.7482734923315,2298.545508903623,0.17537482734923315,110070,544.7972354112917,asymmetric,427.9568436328435
13112.06065449331,4,final:asymmetric:b4:r071,0.3451718831420576,final:asymmetric:r071,479.6557734093067,10000.0,2336.54115798156,3451.718831420576,0.233654115798156,110071,1115.177673439016,asymmetric,635.5219000297086
13449.009597078684,4,final:asymmetric:b4:r072,0.0978769380771416,final:asymmetric:r072,-32.41142150011365,9999.999999999998,897.6224793485399,978.7693807714168,0.089762247934854,110072,81.14690142287691,asymmetric,113.55832292299033
13042.131306091396,4,final:asymmetric:b4:r073,0.07554159596470911,final:asymmetric:r073,45.757230718147184,9999.999999999998,655.9683546843926,755.4159596470909,0.06559683546843927,110073,99.44760496269828,asymmetric,53.690374244551094
13214.854230684921,4,final:asymmetric:b4:r074,0.15074914395180894,final:asymmetric:r074,-55.96196131887973,10000.000000000002,1316.0646332999859,1507.4914395180904,0.13160646332999856,110074,191.4268062181045,asymmetric,247.3887675369847
13200.18378199438,4,final:asymmetric:b4:r075,0.14328797432085327,final:asymmetric:r075,48.39918332591742,9999.999999999998,1174.7510500399535,1432.879743208532,0.11747510500399537,110075,258.1286931685786,asymmetric,209.72950984266117
13323.305722146042,4,final:asymmetric:b4:r076,0.40864651146988684,final:asymmetric:r076,694.5562877372104,10000.000000000002,2464.589516224844,4086.465114698867,0.24645895162248435,110076,1621.8755984740233,asymmetric,927.3193107368129
13276.714520628797,4,final:asymmetric:b4:r077,0.1658726072141975,final:asymmetric:r077,27.39622364740262,9999.999999999998,1431.7682972277025,1658.7260721419725,0.14317682972277027,110077,226.95777491426998,asymmetric,199.56155126686735
13332.708372320398,4,final:asymmetric:b4:r078,0.33595895260073216,final:asymmetric:r078,353.65329826488596,10000.000000000002,2456.9938780976063,3359.589526007324,0.24569938780976058,110078,902.5956479097176,asymmetric,548.9423496448319
13119.763733452093,4,final:asymmetric:b4:r079,0.2713561360964203,final:asymmetric:r079,691.2739990491,10000.000000000002,1490.5825222081949,2713.5613609642023,0.14905825222081945,110079,1222.9788387560075,asymmetric,531.7048397069074
13394.062373945231,4,final:asymmetric:b4:r080,0.15180362809447578,final:asymmetric:r080,384.4279819513022,10000.0,981.1651090553714,1518.036280944758,0.09811651090553715,110080,536.8711718893869,asymmetric,152.4431899380852
13262.44319692037,4,final:asymmetric:b4:r081,0.1456976741606264,final:asymmetric:r081,68.31085143250766,10000.000000000002,1052.2990374326555,1456.976741606265,0.10522990374326553,110081,404.6777041736095,asymmetric,336.3668527411014
13172.616118059603,4,final:asymmetric:b4:r082,0.4046930582795505,final:asymmetric:r082,537.21869355324,10000.0,2700.8210328470745,4046.930582795505,0.27008210328470744,110082,1346.1095499484304,asymmetric,808.8908563951909
13333.618307739926,4,final:asymmetric:b4:r083,0.08483094496844279,final:asymmetric:r083,-121.59904800115828,10000.000000000002,710.6663757600645,848.3094496844305,0.07106663757600644,110083,137.64307392436604,asymmetric,259.2421219255241
13288.60116601587,4,final:asymmetric:b4:r084,0.3549568961377372,final:asymmetric:r084,150.5113890941907,10000.0,2835.3969420656995,3549.568961377371,0.28353969420656994,110084,714.1720193116716,asymmetric,563.6606302174807
13133.286854354072,4,final:asymmetric:b4:r085,0.2178423306811339,final:asymmetric:r085,299.38248034760545,10000.000000000002,1535.2071766320032,2178.4233068113363,0.1535207176632003,110085,643.216130179333,asymmetric,343.83364983172805
13265.517467387663,4,final:asymmetric:b4:r086,0.34594871050973597,final:asymmetric:r086,255.93167554213187,10000.0,2577.834892631381,3459.487105097357,0.2577834892631381,110086,881.6522124659759,asymmetric,625.7205369238441
13404.907233332284,4,final:asymmetric:b4:r087,0.2798307311073439,final:asymmetric:r087,143.5745095354523,10000.0,2262.0725120059524,2798.3073110734385,0.22620725120059523,110087,536.2347990674862,asymmetric,392.66028953203454
13347.803566657476,4,final:asymmetric:b4:r088,0.5785318665378345,final:asymmetric:r088,573.9724598911803,9999.999999999998,4339.105497699706,5785.318665378343,0.4339105497699706,110088,1446.2131676786366,asymmetric,872.2407077874564
13343.839753405358,4,final:asymmetric:b4:r089,0.15635712744613084,final:asymmetric:r089,-194.0521297256205,10000.0,1593.4867531692498,1563.5712744613065,0.15934867531692498,110089,-29.915478707943294,asymmetric,164.13665101767697
13403.467511813114,4,final:asymmetric:b4:r090,0.3637033209389261,final:asymmetric:r090,175.26803665369152,10000.000000000002,2875.171405049892,3637.033209389263,0.28751714050498917,110090,761.8618043393708,asymmetric,586.5937676856795
13385.152815003159,4,final:asymmetric:b4:r091,0.22289421165752699,final:asymmetric:r091,106.55748359795598,9999.999999999998,1674.308145053766,2228.94211657527,0.16743081450537664,110091,554.633971521504,asymmetric,448.07648792354826
13053.708872327836,4,final:asymmetric:b4:r092,0.3458504792173885,final:asymmetric:r092,-653.1060702547784,10000.000000000004,3671.772889291536,3458.504792173884,0.36717728892915347,110092,-213.2680971176519,asymmetric,439.83797313712626
13158.7721823206,4,final:asymmetric:b4:r093,0.4051458948365855,final:asymmetric:r093,160.9016751487361,10000.0,3188.11820378629,4051.4589483658547,0.318811820378629,110093,863.3407445795647,asymmetric,702.4390694308283
13357.91718934731,4,final:asymmetric:b4:r094,0.17704035335033907,final:asymmetric:r094,58.408040708809494,10000.0,1530.7953215025063,1770.4035335033923,0.15307953215025064,110094,239.60821200088594,asymmetric,181.200171292076
13125.308136382511,4,final:asymmetric:b4:r095,0.20441614353167015,final:asymmetric:r095,425.0641258779815,10000.0,1135.418198056449,2044.1614353167015,0.1135418198056449,110095,908.7432372602525,asymmetric,483.67911138227146
13311.034724340096,4,final:asymmetric:b4:r096,0.30149626342917435,final:asymmetric:r096,180.37989449080123,10000.000000000002,2382.7167901751272,3014.9626342917436,0.23827167901751267,110096,632.2458441166164,asymmetric,451.86594962581535
13305.541187082497,4,final:asymmetric:b4:r097,0.10909399585390678,final:asymmetric:r097,81.20444481769209,9999.999999999998,718.035562276491,1090.9399585390693,0.07180355622764911,110097,372.9043962625783,asymmetric,291.69995144488576
13233.296428002628,4,final:asymmetric:b4:r098,0.30291889295134045,final:asymmetric:r098,144.3175693007629,10000.0,2394.454302486085,3029.188929513405,0.2394454302486085,110098,634.7346270273201,asymmetric,490.41705772655655
13445.943385985478,4,final:asymmetric:b4:r099,0.03695313678591683,final:asymmetric:r099,8.467427214208783,10000.0,267.03697445708076,369.5313678591665,0.026703697445708077,110099,102.49439340208573,asymmetric,94.02696618787695
1014.3056167372328,0,final:multi_hotspot:b0:r000,0.08070503888895939,final:multi_hotspot:r000,-24.720350459714837,10000.000000000002,731.0730124413099,807.0503888895939,0.07310730124413098,100000,75.97737644828408,multi_hotspot,100.69772690799903
1012.5643486120896,0,final:multi_hotspot:b0:r001,0.0,final:multi_hotspot:r001,0.0,10000.0,0.0,0.0,0.0,100001,0.0,multi_hotspot,0.0
1004.1657125389125,0,final:multi_hotspot:b0:r002,0.022688077004509838,final:multi_hotspot:r002,194.71615504134957,10000.000000000002,90.73361375052082,226.88077004509887,0.00907336137505208,100002,136.14715629457805,multi_hotspot,-58.56899874677151
996.1901403967856,0,final:multi_hotspot:b0:r003,0.0,final:multi_hotspot:r003,0.0,9999.999999999998,0.0,0.0,0.0,100003,0.0,multi_hotspot,0.0
1000.6464469397484,0,final:multi_hotspot:b0:r004,0.19774668455630545,final:multi_hotspot:r004,58.73726189105855,10000.0,1712.4090937672822,1977.466845563055,0.17124090937672823,100004,265.0577517957727,multi_hotspot,206.32048990471415
1004.2911281689015,0,final:multi_hotspot:b0:r005,0.0,final:multi_hotspot:r005,0.0,10000.000000000004,0.0,0.0,0.0,100005,0.0,multi_hotspot,0.0
998.3737855872724,0,final:multi_hotspot:b0:r006,0.0,final:multi_hotspot:r006,0.0,10000.000000000004,0.0,0.0,0.0,100006,0.0,multi_hotspot,0.0
995.1040781601389,0,final:multi_hotspot:b0:r007,0.09895937930761277,final:multi_hotspot:r007,-175.3150139282169,10000.0,968.0266338589682,989.5937930761274,0.09680266338589683,100007,21.5671592171592,multi_hotspot,196.88217314537604
1011.5769069611277,0,final:multi_hotspot:b0:r008,0.14694019630405553,final:multi_hotspot:r008,-60.74451058725822,10000.000000000002,1288.2588353795813,1469.4019630405555,0.1288258835379581,100008,181.1431276609742,multi_hotspot,241.8876382482323
993.836146634393,0,final:multi_hotspot:b0:r009,0.0,final:multi_hotspot:r009,0.0,10000.000000000004,0.0,0.0,0.0,100009,0.0,multi_hotspot,0.0
998.4981334619016,0,final:multi_hotspot:b0:r010,0.2203912010661225,final:multi_hotspot:r010,59.05495239074958,9999.999999999998,1982.9001042531881,2203.9120106612254,0.19829001042531885,100010,221.01190640803713,multi_hotspot,161.95695401728756
1020.3782156378943,0,final:multi_hotspot:b0:r011,0.0,final:multi_hotspot:r011,0.0,10000.000000000002,0.0,0.0,0.0,100011,0.0,multi_hotspot,0.0
1000.6359729732895,0,final:multi_hotspot:b0:r012,0.0037102464455759376,final:multi_hotspot:r012,-60.17552624411451,10000.0,121.93219240691224,37.10246445575967,0.012193219240691224,100012,-84.82972795115268,multi_hotspot,-24.654201707038226
997.5774010214559,0,final:multi_hotspot:b0:r013,0.17688283936859317,final:multi_hotspot:r013,-67.92107591942965,10000.000000000002,1628.720387190581,1768.8283936859316,0.1628720387190581,100013,140.10800649535065,multi_hotspot,208.02908241478028
1006.819810285083,0,final:multi_hotspot:b0:r014,0.03241392423819489,final:multi_hotspot:r014,115.5493065122057,10000.0,164.6755951455059,324.1392423819493,0.01646755951455059,100014,159.46364723644342,multi_hotspot,43.914340724237604
985.7465224001264,0,final:multi_hotspot:b0:r015,0.18932122468113316,final:multi_hotspot:r015,67.3256197425992,9999.999999999996,1676.8524788286027,1893.2122468113314,0.16768524788286032,100015,216.35976798272873,multi_hotspot,149.03414824012947
1011.2734586481929,0,final:multi_hotspot:b0:r016,0.10229760562282338,final:multi_hotspot:r016,-20.609137337145285,10000.0,876.7838037082442,1022.9760562282338,0.08767838037082443,100016,146.19225251998955,multi_hotspot,166.8013898571349
1004.0864627243204,0,final:multi_hotspot:b0:r017,0.0,final:multi_hotspot:r017,0.0,10000.000000000002,0.0,0.0,0.0,100017,0.0,multi_hotspot,0.0
1000.3786320189848,0,final:multi_hotspot:b0:r018,0.0,final:multi_hotspot:r018,0.0,10000.0,0.0,0.0,0.0,100018,0.0,multi_hotspot,0.0
1017.0631603308011,0,final:multi_hotspot:b0:r019,0.039967304189224895,final:multi_hotspot:r019,-6.059471956243215,10000.000000000002,331.08909126289996,399.6730418922489,0.03310890912628999,100019,68.58395062934892,multi_hotspot,74.6434225855921
1019.7004662323676,0,final:multi_hotspot:b0:r020,0.0,final:multi_hotspot:r020,0.0,9999.999999999998,0.0,0.0,0.0,100020,0.0,multi_hotspot,0.0
1004.3041229270341,0,final:multi_hotspot:b0:r021,0.014706677684216435,final:multi_hotspot:r021,3.840883324408651,10000.0,115.61777749351813,147.06677684216447,0.011561777749351814,100021,31.44899934864634,multi_hotspot,27.608116024237688
1010.9298238013698,0,final:multi_hotspot:b0:r022,0.02523070276197517,final:multi_hotspot:r022,109.307642224137,9999.999999999998,147.38257707487082,252.3070276197518,0.014738257707487086,100022,104.92445054488087,multi_hotspot,-4.3831916792561
1000.2252886678874,0,final:multi_hotspot:b0:r023,0.00048596648136645104,final:multi_hotspot:r023,-57.3857341338537,10000.0,38.3142873276297,4.859664813664949,0.00383142873276297,100023,-33.45462251396475,multi_hotspot,23.931111619888895
1001.9991348793925,0,final:multi_hotspot:b0:r024,0.15487389879336783,final:multi_hotspot:r024,-35.71192663223053,9999.999999999998,1419.9182597188435,1548.7389879336781,0.14199182597188437,100024,128.8207282148345,multi_hotspot,164.5326548470651
1004.218766755837,0,final:multi_hotspot:b0:r025,0.051141773272158214,final:multi_hotspot:r025,-23.10735616252407,10000.0,349.8326752425619,511.4177327215823,0.03498326752425619,100025,161.5850574790204,multi_hotspot,184.69241364154448
988.8424857043094,0,final:multi_hotspot:b0:r026,0.0,final:multi_hotspot:r026,0.0,10000.0,0.0,0.0,0.0,100026,0.0,multi_hotspot,0.0
1000.1767322306699,0,final:multi_hotspot:b0:r027,0.0,final:multi_hotspot:r027,0.0,10000.0,0.0,0.0,0.0,100027,0.0,multi_hotspot,0.0
1019.991004731661,0,final:multi_hotspot:b0:r028,0.0,final:multi_hotspot:r028,0.0,10000.000000000004,0.0,0.0,0.0,100028,0.0,multi_hotspot,0.0
999.4919975407449,0,final:multi_hotspot:b0:r029,0.0,final:multi_hotspot:r029,0.0,10000.0,0.0,0.0,0.0,100029,0.0,multi_hotspot,0.0
1015.9006383482129,0,final:multi_hotspot:b0:r030,0.0,final:multi_hotspot:r030,0.0,10000.0,0.0,0.0,0.0,100030,0.0,multi_hotspot,0.0
1009.7540814863511,0,final:multi_hotspot:b0:r031,0.10949642798808619,final:multi_hotspot:r031,-108.10205256687107,10000.000000000002,1039.018305889677,1094.9642798808623,0.1039018305889677,100031,55.945973991185156,multi_hotspot,164.04802655805625
1000.141495199524,0,final:multi_hotspot:b0:r032,0.072077578016948,final:multi_hotspot:r032,11.194135929122808,9999.999999999998,633.2288296877897,720.7757801694802,0.06332288296877898,100032,87.54695048169049,multi_hotspot,76.35281455256765
1005.1900700243849,0,final:multi_hotspot:b0:r033,0.0,final:multi_hotspot:r033,0.0,10000.0,0.0,0.0,0.0,100033,0.0,multi_hotspot,0.0
1004.7704642650319,0,final:multi_hotspot:b0:r034,0.004500346153601287,final:multi_hotspot:r034,2.0980593643250813,10000.0,13.04925895983888,45.003461536012765,0.001304925895983888,100034,31.954202576173657,multi_hotspot,29.856143211848575
996.0217633252873,0,final:multi_hotspot:b0:r035,0.016671080363778124,final:multi_hotspot:r035,9.338907669632022,10000.0,106.29552077075027,166.71080363778128,0.010629552077075027,100035,60.41528286703101,multi_hotspot,51.076375197399045
1005.2212949442483,0,final:multi_hotspot:b0:r036,0.0,final:multi_hotspot:r036,0.0,10000.0,0.0,0.0,0.0,100036,0.0,multi_hotspot,0.0
1007.7100282358334,0,final:multi_hotspot:b0:r037,0.0,final:multi_hotspot:r037,0.0,9999.999999999998,0.0,0.0,0.0,100037,0.0,multi_hotspot,0.0
1003.6955443034767,0,final:multi_hotspot:b0:r038,0.01599404631778409,final:multi_hotspot:r038,2.7732836594393575,10000.0,125.63635201176567,159.94046317784068,0.012563635201176567,100038,34.304111166074904,multi_hotspot,31.530827506635546
1005.0014914031213,0,final:multi_hotspot:b0:r039,0.007788448724866559,final:multi_hotspot:r039,-109.35994329339451,10000.000000000002,130.69681868514,77.88448724866521,0.013069681868513996,100039,-52.81233143647478,multi_hotspot,56.54761185691976
1024.6952831038323,0,final:multi_hotspot:b0:r040,0.008653477376428548,final:multi_hotspot:r040,5.605864223779577,10000.0,64.84247249150008,86.53477376428509,0.006484247249150007,100040,21.692301272785016,multi_hotspot,16.086437049005497
983.5268592337576,0,final:multi_hotspot:b0:r041,0.14572205481547842,final:multi_hotspot:r041,3.4844138282148833,10000.000000000002,1258.3268954585415,1457.2205481547844,0.1258326895458541,100041,198.89365269624284,multi_hotspot,195.409238868028
993.5480821468158,0,final:multi_hotspot:b0:r042,0.05813715737909392,final:multi_hotspot:r042,-3.26041896293475,9999.999999999998,487.8702757838564,581.3715737909392,0.04878702757838565,100042,93.50129800708282,multi_hotspot,96.76171697001763
1007.5095303152088,0,final:multi_hotspot:b0:r043,-0.0069735056818522045,final:multi_hotspot:r043,-13.317047529039769,9999.999999999998,-65.5116529916811,-69.73505681852248,-0.006551165299168112,100043,-4.223403826841491,multi_hotspot,9.093643702198278
1010.458156991138,0,final:multi_hotspot:b0:r044,0.0,final:multi_hotspot:r044,0.0,9999.999999999998,0.0,0.0,0.0,100044,0.0,multi_hotspot,0.0
996.5317671667898,0,final:multi_hotspot:b0:r045,0.01876606963627242,final:multi_hotspot:r045,-7.329048266686868,10000.0,162.94614470149872,187.66069636272368,0.016294614470149873,100045,24.714551661224846,multi_hotspot,32.043599927911714
1001.0397028012823,0,final:multi_hotspot:b0:r046,0.0,final:multi_hotspot:r046,0.0,10000.0,0.0,0.0,0.0,100046,0.0,multi_hotspot,0.0
1009.9219120041992,0,final:multi_hotspot:b0:r047,0.010326303465975711,final:multi_hotspot:r047,-3.0381058438633772,10000.0,79.2462148329912,103.26303465975707,0.00792462148329912,100047,24.016819826765982,multi_hotspot,27.05492567062936
1010.2653406379955,0,final:multi_hotspot:b0:r048,0.0,final:multi_hotspot:r048,0.0,9999.999999999998,0.0,0.0,0.0,100048,0.0,multi_hotspot,0.0
1007.3409166276041,0,final:multi_hotspot:b0:r049,0.10496370629476717,final:multi_hotspot:r049,17.197710331878397,10000.0,947.542900888418,1049.6370629476714,0.0947542900888418,100049,102.09416205925334,multi_hotspot,84.89645172737488
1018.4314771365433,0,final:multi_hotspot:b0:r050,0.0,final:multi_hotspot:r050,0.0,10000.000000000002,0.0,0.0,0.0,100050,0.0,multi_hotspot,0.0
999.7419639514941,0,final:multi_hotspot:b0:r051,0.07987116630785712,final:multi_hotspot:r051,100.07879347932953,9999.999999999996,629.6538771068099,798.711663078572,0.06296538771068101,100051,169.0577859717621,multi_hotspot,68.9789924924325
984.5453449705514,0,final:multi_hotspot:b0:r052,0.15787994605037378,final:multi_hotspot:r052,-56.11463969261081,10000.0,1401.257773163174,1578.799460503738,0.1401257773163174,100052,177.54168734056395,multi_hotspot,233.65632703317476
1017.803480506614,0,final:multi_hotspot:b0:r053,0.08325442316358991,final:multi_hotspot:r053,-30.552845848111474,9999.999999999998,651.0746113886664,832.5442316358995,0.06510746113886666,100053,181.46962024723302,multi_hotspot,212.0224660953445
999.1758695735864,0,final:multi_hotspot:b0:r054,0.16114803438111786,final:multi_hotspot:r054,-65.62549850073378,10000.000000000002,1531.4495045006076,1611.4803438111787,0.15314495045006074,100054,80.03083931057108,multi_hotspot,145.6563378113048
1022.7772812608085,0,final:multi_hotspot:b0:r055,0.0,final:multi_hotspot:r055,0.0,9999.999999999996,0.0,0.0,0.0,100055,0.0,multi_hotspot,0.0
1016.7558638654357,0,final:multi_hotspot:b0:r056,0.0,final:multi_hotspot:r056,0.0,10000.000000000004,0.0,0.0,0.0,100056,0.0,multi_hotspot,0.0
1006.4881442599033,0,final:multi_hotspot:b0:r057,0.0,final:multi_hotspot:r057,0.0,10000.0,0.0,0.0,0.0,100057,0.0,multi_hotspot,0.0
1023.1899827416172,0,final:multi_hotspot:b0:r058,0.15698716322585485,final:multi_hotspot:r058,-88.19192897453206,10000.000000000002,1425.316966239971,1569.8716322585485,0.14253169662399706,100058,144.55466601857756,multi_hotspot,232.74659499310962
1001.2082729478493,0,final:multi_hotspot:b0:r059,0.09563561143724056,final:multi_hotspot:r059,-95.08224659498796,10000.000000000002,943.2669368206078,956.3561143724055,0.09432669368206077,100059,13.089177551797775,multi_hotspot,108.17142414678577
1010.6564294262249,0,final:multi_hotspot:b0:r060,0.04990928823460977,final:multi_hotspot:r060,-51.63245837890986,10000.0,435.24271374234536,499.0928823460981,0.043524271374234536,100060,63.85016860375276,multi_hotspot,115.48262698266262
1002.7943922130133,0,final:multi_hotspot:b0:r061,-0.00231295331818801,final:multi_hotspot:r061,-124.67262735564123,10000.000000000002,54.7629548719251,-23.129533181879196,0.005476295487192509,100061,-77.8924880538043,multi_hotspot,46.78013930183684
1000.1160579137413,0,final:multi_hotspot:b0:r062,0.1531372775858707,final:multi_hotspot:r062,39.916829524096784,10000.000000000002,1305.9729982589326,1531.3727758587067,0.13059729982589324,100062,225.3997775997741,multi_hotspot,185.4829480756774
1008.966852168348,0,final:multi_hotspot:b0:r063,0.006261176325923545,final:multi_hotspot:r063,15.23520425647962,9999.999999999998,47.94670689210852,62.611763259235886,0.004794670689210853,100063,14.665056367127477,multi_hotspot,-0.5701478893521994
995.7561413362267,0,final:multi_hotspot:b0:r064,0.0,final:multi_hotspot:r064,0.0,9999.999999999996,0.0,0.0,0.0,100064,0.0,multi_hotspot,0.0
1013.7590408310231,0,final:multi_hotspot:b0:r065,-0.017345685717621823,final:multi_hotspot:r065,-22.60097022077821,10000.0,-173.45685717621836,-173.45685717621836,-0.017345685717621837,100065,0.0,multi_hotspot,22.60097022077821
1002.7162203994582,0,final:multi_hotspot:b0:r066,0.0,final:multi_hotspot:r066,0.0,10000.0,0.0,0.0,0.0,100066,0.0,multi_hotspot,0.0
1006.8416026207942,0,final:multi_hotspot:b0:r067,0.0,final:multi_hotspot:r067,0.0,10000.0,0.0,0.0,0.0,100067,0.0,multi_hotspot,0.0
1016.4124588197528,0,final:multi_hotspot:b0:r068,0.008329061433137164,final:multi_hotspot:r068,-12.613658245576175,10000.000000000002,23.261659599810628,83.29061433137213,0.0023261659599810624,100068,60.0289547315615,multi_hotspot,72.64261297713762
990.7416581522874,0,final:multi_hotspot:b0:r069,0.0358076813371222,final:multi_hotspot:r069,-128.12556658393873,10000.000000000002,409.6950556944266,358.0768133712222,0.040969505569442656,100069,-51.61824232320441,multi_hotspot,76.50732426073432
976.6960855952244,0,final:multi_hotspot:b0:r070,0.14072117871961898,final:multi_hotspot:r070,0.27329323042863507,10000.0,1283.8552218343757,1407.211787196189,0.12838552218343757,100070,123.35656536181341,multi_hotspot,123.08327213138472
989.8373730421724,0,final:multi_hotspot:b0:r071,0.003153785542297116,final:multi_hotspot:r071,0.15851281492882663,10000.0,26.37709259068606,31.53785542297146,0.002637709259068606,100071,5.1607628322854,multi_hotspot,5.002250017356516
1021.8279836711091,0,final:multi_hotspot:b0:r072,0.0,final:multi_hotspot:r072,0.0,9999.999999999998,0.0,0.0,0.0,100072,0.0,multi_hotspot,0.0
1006.3645243782687,0,final:multi_hotspot:b0:r073,0.0003062960370763812,final:multi_hotspot:r073,-1.4707007963661454,9999.999999999998,3.0629603707639035,3.0629603707639035,0.0003062960370763904,100073,0.0,multi_hotspot,1.4707007963661454
1004.6921661485802,0,final:multi_hotspot:b0:r074,0.00992559590011377,final:multi_hotspot:r074,8.712433098910651,9999.999999999996,82.97565691231853,99.25595900113785,0.008297565691231856,100074,16.280302088819326,multi_hotspot,7.567868989908561
995.6736170696589,0,final:multi_hotspot:b0:r075,0.1965727204155091,final:multi_hotspot:r075,36.53162867483309,10000.000000000002,1725.6910579678172,1965.7272041550914,0.1725691057967817,100075,240.03614618727408,multi_hotspot,203.5045175124409
1007.0847279377712,0,final:multi_hotspot:b0:r076,0.22560446407139784,final:multi_hotspot:r076,87.7948480360368,10000.0,1992.5962792092678,2256.044640713979,0.19925962792092677,100076,263.448361504711,multi_hotspot,175.65351346867425
1013.3908994861765,0,final:multi_hotspot:b0:r077,0.0,final:multi_hotspot:r077,0.0,10000.0,0.0,0.0,0.0,100077,0.0,multi_hotspot,0.0
1007.0039380806157,0,final:multi_hotspot:b0:r078,0.15317874390862102,final:multi_hotspot:r078,110.23806050758583,9999.999999999998,1292.8510413529566,1531.7874390862096,0.12928510413529568,100078,238.936397733253,multi_hotspot,128.69833722566727
1019.116157460532,0,final:multi_hotspot:b0:r079,0.04978791040936684,final:multi_hotspot:r079,-20.908328022287037,9999.999999999996,450.7765379914754,497.8791040936678,0.045077653799147556,100079,47.10256610219244,multi_hotspot,68.01089412447948
986.8713086584029,0,final:multi_hotspot:b0:r080,0.0026705575512459834,final:multi_hotspot:r080,19.595872188102703,9999.999999999996,4.299908588460767,26.705575512459745,0.0004299908588460768,100080,22.40566692399898,multi_hotspot,2.8097947358962756
991.426161839942,0,final:multi_hotspot:b0:r081,0.00502988410458019,final:multi_hotspot:r081,18.78769131140416,10000.0,53.25930148465659,50.298841045801964,0.005325930148465659,100081,-2.960460438854625,multi_hotspot,-21.748151750258785
997.5452743585222,0,final:multi_hotspot:b0:r082,0.146767042578749,final:multi_hotspot:r082,-147.32845353986784,10000.0,1388.276344252471,1467.6704257874896,0.1388276344252471,100082,79.3940815350187,multi_hotspot,226.72253507488654
1012.6229710967982,0,final:multi_hotspot:b0:r083,0.0,final:multi_hotspot:r083,0.0,9999.999999999998,0.0,0.0,0.0,100083,0.0,multi_hotspot,0.0
992.4448302595343,0,final:multi_hotspot:b0:r084,0.009006766626626334,final:multi_hotspot:r084,5.243912424610471,10000.0,60.48766161632034,90.06766626626313,0.006048766161632034,100084,29.58000464994268,multi_hotspot,24.336092225332152
993.0108443435921,0,final:multi_hotspot:b0:r085,0.0,final:multi_hotspot:r085,0.0,10000.000000000002,0.0,0.0,0.0,100085,0.0,multi_hotspot,0.0
1017.4816007591621,0,final:multi_hotspot:b0:r086,0.19950597858027116,final:multi_hotspot:r086,-44.45694486230536,10000.000000000002,1798.2455737688688,1995.059785802712,0.17982455737688685,100086,196.8142120338431,multi_hotspot,241.2711568961484
990.8781041601541,0,final:multi_hotspot:b0:r087,0.014820588350434066,final:multi_hotspot:r087,-3.4820232121629715,10000.0,126.83960935462324,148.20588350434127,0.012683960935462323,100087,21.36627414971815,multi_hotspot,24.848297361881095
1003.8418386115007,0,final:multi_hotspot:b0:r088,0.0,final:multi_hotspot:r088,0.0,10000.0,0.0,0.0,0.0,100088,0.0,multi_hotspot,0.0
999.3993214959535,0,final:multi_hotspot:b0:r089,0.0,final:multi_hotspot:r089,0.0,9999.999999999996,0.0,0.0,0.0,100089,0.0,multi_hotspot,0.0
986.5351923060551,0,final:multi_hotspot:b0:r090,0.2044296303660963,final:multi_hotspot:r090,6.721631850384483,10000.0,1832.0247647238161,2044.2963036609633,0.1832024764723816,100090,212.27153893714706,multi_hotspot,205.5499070867625
999.6608919993007,0,final:multi_hotspot:b0:r091,0.08075521810234168,final:multi_hotspot:r091,11.966916293520285,9999.999999999998,679.9366272175514,807.5521810234168,0.06799366272175515,100091,127.61555380586537,multi_hotspot,115.64863751234518
1001.9969633864622,0,final:multi_hotspot:b0:r092,0.0,final:multi_hotspot:r092,0.0,9999.999999999998,0.0,0.0,0.0,100092,0.0,multi_hotspot,0.0
1006.5740872331947,0,final:multi_hotspot:b0:r093,0.044308355179133785,final:multi_hotspot:r093,-60.895516379682704,9999.999999999998,420.67114157961055,443.0835517913383,0.042067114157961064,100093,22.412410211727888,multi_hotspot,83.30792659141053
1012.8842229841213,0,final:multi_hotspot:b0:r094,0.0,final:multi_hotspot:r094,0.0,10000.0,0.0,0.0,0.0,100094,0.0,multi_hotspot,0.0
1009.5391381794899,0,final:multi_hotspot:b0:r095,0.002376318006096112,final:multi_hotspot:r095,-116.52563462635862,10000.000000000002,94.56624472758926,23.76318006096153,0.009456624472758924,100095,-70.80306466662773,multi_hotspot,45.72256995973095
1007.0435233498915,0,final:multi_hotspot:b0:r096,0.006799213518453973,final:multi_hotspot:r096,-49.94169539344716,10000.0,101.48181500979399,67.99213518454007,0.0101481815009794,100096,-33.489679825253916,multi_hotspot,16.452015568193247
1000.385032518204,0,final:multi_hotspot:b0:r097,0.0,final:multi_hotspot:r097,0.0,10000.000000000002,0.0,0.0,0.0,100097,0.0,multi_hotspot,0.0
1018.3953369411387,0,final:multi_hotspot:b0:r098,0.011069284339031149,final:multi_hotspot:r098,25.9577473569085,10000.000000000005,104.61894662333543,110.69284339031174,0.010461894662333538,100098,6.073896766976304,multi_hotspot,-19.883850589932194
1001.4876948006121,0,final:multi_hotspot:b0:r099,0.0,final:multi_hotspot:r099,0.0,9999.999999999998,0.0,0.0,0.0,100099,0.0,multi_hotspot,0.0
1901.8230313823115,1,final:multi_hotspot:b1:r000,0.15506460657492416,final:multi_hotspot:r000,32.33880931920635,10000.000000000002,1283.1173289674011,1550.6460657492416,0.12831173289674008,100000,267.5287367818405,multi_hotspot,235.1899274626341
1898.5581536476677,1,final:multi_hotspot:b1:r001,0.004852622404355245,final:multi_hotspot:r001,-23.181990183351218,10000.0,51.41830607280008,48.52622404355134,0.0051418306072800075,100001,-2.8920820292491953,multi_hotspot,20.289908154102022
1882.8107110104609,1,final:multi_hotspot:b1:r002,0.009774244452336489,final:multi_hotspot:r002,0.6924049565834594,10000.000000000002,63.8250613578366,97.74244452336461,0.006382506135783659,100002,33.91738316552801,multi_hotspot,33.224978208944776
1867.8565132439728,1,final:multi_hotspot:b1:r003,0.17316476131658132,final:multi_hotspot:r003,-82.86038286430335,9999.999999999998,1533.005053020926,1731.6476131658133,0.15330050530209263,100003,198.64256014488728,multi_hotspot,281.5029430091905
1876.2120880120283,1,final:multi_hotspot:b1:r004,0.14898545082266362,final:multi_hotspot:r004,16.383273323723188,10000.0,1335.9523181472905,1489.8545082266355,0.13359523181472904,100004,153.9021900793448,multi_hotspot,137.51891675562172
1883.0458653166902,1,final:multi_hotspot:b1:r005,0.0,final:multi_hotspot:r005,0.0,10000.000000000004,0.0,0.0,0.0,100005,0.0,multi_hotspot,0.0
1871.9508479761357,1,final:multi_hotspot:b1:r006,0.011797467446763021,final:multi_hotspot:r006,-26.14043974667993,10000.000000000004,56.17326618601646,117.97467446762948,0.0056173266186016445,100006,61.801408281612794,multi_hotspot,87.94184802829261
1865.8201465502602,1,final:multi_hotspot:b1:r007,0.08931051671270468,final:multi_hotspot:r007,-215.36729289360346,10000.0,854.8278861036617,893.1051671270466,0.08548278861036618,100007,38.27728102338483,multi_hotspot,253.6445739169883
1896.7067005521144,1,final:multi_hotspot:b1:r008,0.1738520526758881,final:multi_hotspot:r008,89.9995255661031,10000.000000000002,1435.898938707224,1738.5205267588817,0.14358989387072238,100008,302.6215880516577,multi_hotspot,212.62206248555475
1863.4427749394868,1,final:multi_hotspot:b1:r009,0.10669645930160643,final:multi_hotspot:r009,-77.58005077142207,10000.000000000004,948.7852104027643,1066.964593016064,0.09487852104027639,100009,118.17938261330005,multi_hotspot,195.75943338472212
1872.1840002410654,1,final:multi_hotspot:b1:r010,0.169891702923178,final:multi_hotspot:r010,-44.54228986016096,9999.999999999998,1513.032368801552,1698.9170292317804,0.1513032368801552,100010,185.88466043022845,multi_hotspot,230.42695029038953
1913.2091543210518,1,final:multi_hotspot:b1:r011,0.10248941505960935,final:multi_hotspot:r011,-30.190643093112158,10000.000000000002,808.3872173006225,1024.894150596093,0.08083872173006224,100011,216.5069332954704,multi_hotspot,246.6975763885825
1876.1924493249176,1,final:multi_hotspot:b1:r012,0.04370849167096963,final:multi_hotspot:r012,25.277600588223095,10000.0,427.96125578703686,437.0849167096967,0.042796125578703686,100012,9.12366092265961,multi_hotspot,-16.153939665563485
1870.4576269152296,1,final:multi_hotspot:b1:r013,0.26026940467659904,final:multi_hotspot:r013,-15.442154782175294,10000.000000000002,2221.091566392067,2602.6940467659906,0.22210915663920663,100013,381.602480373924,multi_hotspot,397.04463515609916
1887.7871442845303,1,final:multi_hotspot:b1:r014,0.0412637843649013,final:multi_hotspot:r014,0.33540000009247706,10000.0,294.3653218819693,412.6378436490131,0.029436532188196928,100014,118.27252176704405,multi_hotspot,117.93712176695152
1848.2747295002368,1,final:multi_hotspot:b1:r015,0.18932122468113316,final:multi_hotspot:r015,67.3256197425992,9999.999999999996,1675.014099915485,1893.212246811332,0.16750140999154856,100015,218.198146895847,multi_hotspot,150.87252715324792
1896.1377349653617,1,final:multi_hotspot:b1:r016,0.0738881818424405,final:multi_hotspot:r016,-107.96441791436723,10000.0,668.7081385736246,738.8818184244046,0.06687081385736246,100016,70.17367985077999,multi_hotspot,178.13809776514745
1882.6621176081007,1,final:multi_hotspot:b1:r017,0.04035504507110799,final:multi_hotspot:r017,-105.84156651501462,10000.000000000002,394.7738573391939,403.5504507110809,0.03947738573391938,100017,8.776593371886747,multi_hotspot,114.61815988690137
1875.7099350355963,1,final:multi_hotspot:b1:r018,0.13375873230426555,final:multi_hotspot:r018,140.59424906983395,10000.0,1113.163660449281,1337.5873230426541,0.1113163660449281,100018,224.4236625933729,multi_hotspot,83.82941352353885
1906.9934256202519,1,final:multi_hotspot:b1:r019,0.19774475234675937,final:multi_hotspot:r019,-12.739107478319966,10000.000000000002,1684.076737416026,1977.4475234675938,0.16840767374160256,100019,293.3707860515681,multi_hotspot,306.1098935298881
1911.938374185689,1,final:multi_hotspot:b1:r020,0.026324941794713674,final:multi_hotspot:r020,-5.304774502100145,9999.999999999998,219.11470310094364,263.24941794713686,0.02191147031009437,100020,44.13471484619299,multi_hotspot,49.43948934829302
1883.0702304881888,1,final:multi_hotspot:b1:r021,0.03695497994570274,final:multi_hotspot:r021,3.8408833244088783,10000.0,295.79020738083136,369.5497994570278,0.029579020738083137,100021,73.75959207619667,multi_hotspot,69.91870875178779
1895.4934196275683,1,final:multi_hotspot:b1:r022,0.01806071837400086,final:multi_hotspot:r022,6.313636522691922,9999.999999999998,111.99736053498418,180.60718374000862,0.011199736053498421,100022,68.6098232050249,multi_hotspot,62.296186682332916
1875.4224162522887,1,final:multi_hotspot:b1:r023,0.03375788481375869,final:multi_hotspot:r023,-4.00564476839395,10000.0,269.6293078284898,337.57884813758665,0.02696293078284898,100023,67.94954030909707,multi_hotspot,71.95518507749091
1878.7483778988608,1,final:multi_hotspot:b1:r024,0.10734854914624636,final:multi_hotspot:r024,-105.65713176828285,9999.999999999998,940.9214618487799,1073.4854914624639,0.094092146184878,100024,132.56402961368394,multi_hotspot,238.22116138196702
1882.9101876671944,1,final:multi_hotspot:b1:r025,0.17450041878554506,final:multi_hotspot:r025,-8.539489099628781,10000.0,1438.3241135832302,1745.0041878554503,0.14383241135832303,100025,306.68007427222005,multi_hotspot,315.219563371849
1854.07966069558,1,final:multi_hotspot:b1:r026,0.047425020526240425,final:multi_hotspot:r026,10.528989387344154,10000.0,382.22420538036977,474.25020526240405,0.038222420538036976,100026,92.02599988203451,multi_hotspot,81.4970104946903
1875.331372932506,1,final:multi_hotspot:b1:r027,0.13570444064735715,final:multi_hotspot:r027,-97.47435068349364,10000.0,1267.6566282156311,1357.0444064735711,0.12676566282156312,100027,89.38777825794,multi_hotspot,186.86212894143364
1912.483133871864,1,final:multi_hotspot:b1:r028,0.11595708786008918,final:multi_hotspot:r028,-51.51780672944005,10000.000000000004,1013.3309726810398,1159.5708786008927,0.10133309726810395,100028,146.23990591985307,multi_hotspot,197.75771264929307
1874.0474953888966,1,final:multi_hotspot:b1:r029,0.0,final:multi_hotspot:r029,0.0,10000.0,0.0,0.0,0.0,100029,0.0,multi_hotspot,0.0
1904.813696902899,1,final:multi_hotspot:b1:r030,0.16069100001282927,final:multi_hotspot:r030,-75.4580197820951,10000.0,1451.306492395287,1606.9100001282927,0.1451306492395287,100030,155.6035077330057,multi_hotspot,231.0615275151007
1893.2889027869082,1,final:multi_hotspot:b1:r031,0.14840445985643638,final:multi_hotspot:r031,-46.03859131334457,10000.000000000002,1245.5773588632203,1484.0445985643632,0.124557735886322,100031,238.46723970114272,multi_hotspot,284.50583101448734
1875.2653034991072,1,final:multi_hotspot:b1:r032,0.04948224874522522,final:multi_hotspot:r032,83.84535824767954,9999.999999999998,324.34823585721233,494.82248745225115,0.03243482358572124,100032,170.4742515950386,multi_hotspot,86.62889334735894
1884.7313812957216,1,final:multi_hotspot:b1:r033,0.059651574974697585,final:multi_hotspot:r033,5.325505308734137,10000.0,519.4057099797228,596.5157497469759,0.05194057099797228,100033,77.11003976725306,multi_hotspot,71.78453445851892
1883.9446204969347,1,final:multi_hotspot:b1:r034,0.09344750509454897,final:multi_hotspot:r034,-33.032653186069865,10000.0,858.3772907847524,934.4750509454898,0.08583772907847524,100034,76.09776016073738,multi_hotspot,109.13041334680713
1867.5408062349136,1,final:multi_hotspot:b1:r035,-0.04048866539853174,final:multi_hotspot:r035,-149.1859315800191,10000.0,-339.5630962330647,-404.886653985317,-0.03395630962330647,100035,-65.3235577522521,multi_hotspot,83.8623738277671
1884.7899280204654,1,final:multi_hotspot:b1:r036,0.08394553023449502,final:multi_hotspot:r036,4.712716907623417,10000.0,703.3612805151697,839.4553023449507,0.07033612805151697,100036,136.094021829781,multi_hotspot,131.3813049221576
1889.4563029421877,1,final:multi_hotspot:b1:r037,0.010686474657924383,final:multi_hotspot:r037,10.03089903466389,9999.999999999998,92.81718580158122,106.86474657924282,0.009281718580158124,100037,14.047560777661829,multi_hotspot,4.016661742998053
1881.9291455690186,1,final:multi_hotspot:b1:r038,0.05385917712606231,final:multi_hotspot:r038,46.53375911278772,10000.0,394.40412098328534,538.5917712606233,0.039440412098328534,100038,144.18765027733775,multi_hotspot,97.65389116455015
1884.3777963808525,1,final:multi_hotspot:b1:r039,0.20138536899725704,final:multi_hotspot:r039,-20.52257093847902,10000.000000000002,1744.8323190394076,2013.85368997257,0.17448323190394072,100039,269.02137093316264,multi_hotspot,289.54394187164166
1921.3036558196854,1,final:multi_hotspot:b1:r040,0.00865347737642852,final:multi_hotspot:r040,5.605864223779463,10000.0,65.13853099841754,86.53477376428509,0.006513853099841754,100040,21.396242765867328,multi_hotspot,15.790378542087922
1844.1128610632954,1,final:multi_hotspot:b1:r041,0.1873710698071484,final:multi_hotspot:r041,12.278489786488535,10000.000000000002,1584.3310301501087,1873.7106980714848,0.15843310301501085,100041,289.37966792137604,multi_hotspot,277.1011781348876
1862.9026540252794,1,final:multi_hotspot:b1:r042,0.07180343751591906,final:multi_hotspot:r042,-5.338933901476594,9999.999999999998,592.156210281521,718.0343751591918,0.05921562102815211,100042,125.878164877671,multi_hotspot,131.21709877914765
1889.0803693410164,1,final:multi_hotspot:b1:r043,0.02221976223006422,final:multi_hotspot:r043,95.16872712492068,9999.999999999998,122.03461922363886,222.19762230064134,0.012203461922363887,100043,100.16300307700249,multi_hotspot,4.9942759520816935
1894.6090443583835,1,final:multi_hotspot:b1:r044,0.19760298345007205,final:multi_hotspot:r044,-36.172963259759854,9999.999999999998,1803.6550249037,1976.02983450072,0.18036550249037003,100044,172.37480959701998,multi_hotspot,208.54777285677972
1868.4970634377307,1,final:multi_hotspot:b1:r045,0.0,final:multi_hotspot:r045,0.0,10000.0,0.0,0.0,0.0,100045,0.0,multi_hotspot,0.0
1876.9494427524041,1,final:multi_hotspot:b1:r046,0.0,final:multi_hotspot:r046,0.0,10000.0,0.0,0.0,0.0,100046,0.0,multi_hotspot,0.0
1893.6035850078733,1,final:multi_hotspot:b1:r047,0.10150784548185221,final:multi_hotspot:r047,10.575919935197362,10000.0,848.7709804626056,1015.078454818522,0.08487709804626056,100047,166.30747435591638,multi_hotspot,155.7315544207189
1894.2475136962412,1,final:multi_hotspot:b1:r048,0.012923496296283032,final:multi_hotspot:r048,-116.18074941396208,9999.999999999998,193.507618020074,129.23496296283065,0.019350761802007403,100048,-64.27265505724336,multi_hotspot,51.90809435671861
1888.7642186767575,1,final:multi_hotspot:b1:r049,0.09016854122058204,final:multi_hotspot:r049,-19.86255067765842,10000.0,743.3982113237607,901.6854122058194,0.07433982113237607,100049,158.28720088205887,multi_hotspot,178.1497515597173
1909.5590196310186,1,final:multi_hotspot:b1:r050,-0.010517043258902181,final:multi_hotspot:r050,-109.25437217340254,10000.000000000002,-52.05321480211842,-105.17043258901958,-0.0052053214802118405,100050,-53.11721778690139,multi_hotspot,56.13715438650115
1874.5161824090515,1,final:multi_hotspot:b1:r051,0.03430608093621074,final:multi_hotspot:r051,-7.124162343283388,9999.999999999996,277.54489886714373,343.06080936210765,0.027754489886714383,100051,65.51591049496415,multi_hotspot,72.64007283824748
1846.0225218197838,1,final:multi_hotspot:b1:r052,0.14211207696978478,final:multi_hotspot:r052,-25.808505483913677,10000.0,1184.11413240894,1421.1207696978481,0.11841141324089399,100052,237.00663728890822,multi_hotspot,262.815142772822
1908.381525949901,1,final:multi_hotspot:b1:r053,0.11387668348274382,final:multi_hotspot:r053,-125.3640260212187,9999.999999999998,909.9357064075793,1138.7668348274387,0.09099357064075796,100053,228.8311284198594,multi_hotspot,354.1951544410781
1873.4547554504743,1,final:multi_hotspot:b1:r054,0.1289657890077363,final:multi_hotspot:r054,-149.433769580261,10000.000000000002,1216.984916104913,1289.6578900773634,0.12169849161049129,100054,72.67297397245034,multi_hotspot,222.1067435527114
1917.707402364016,1,final:multi_hotspot:b1:r055,0.062492504083691836,final:multi_hotspot:r055,-59.865411155330094,9999.999999999996,548.1782720826859,624.9250408369189,0.05481782720826861,100055,76.74676875423324,multi_hotspot,136.61217990956322
1906.4172447476917,1,final:multi_hotspot:b1:r056,-0.003482233934246959,final:multi_hotspot:r056,-2.405306040475807,10000.000000000004,-78.32155474237061,-34.822339342469604,-0.007832155474237058,100056,43.49921539990123,multi_hotspot,45.904521440376925
1887.1652704873184,1,final:multi_hotspot:b1:r057,-0.007095335308250461,final:multi_hotspot:r057,-72.08243905263453,10000.0,23.89015068808203,-70.95335308250378,0.002389015068808203,100057,-94.84350377058581,multi_hotspot,-22.761064717951285
1918.4812176405321,1,final:multi_hotspot:b1:r058,0.14345735551112831,final:multi_hotspot:r058,-51.204769251976586,10000.000000000002,1292.60043311088,1434.573555111283,0.12926004331108798,100058,141.973122000403,multi_hotspot,193.17789125237965
1877.2655117772174,1,final:multi_hotspot:b1:r059,0.08971941549400181,final:multi_hotspot:r059,-109.3998363795813,10000.000000000002,878.0630298941985,897.194154940018,0.08780630298941984,100059,19.131125045819317,multi_hotspot,128.53096142540062
1894.9808051741716,1,final:multi_hotspot:b1:r060,0.02916578074543158,final:multi_hotspot:r060,-69.11685371414683,10000.0,275.26979765976375,291.65780745431493,0.027526979765976376,100060,16.388009794550953,multi_hotspot,85.50486350869767
1880.2394853993999,1,final:multi_hotspot:b1:r061,0.0,final:multi_hotspot:r061,0.0,10000.000000000002,0.0,0.0,0.0,100061,0.0,multi_hotspot,0.0
1875.2176085882647,1,final:multi_hotspot:b1:r062,0.17295950927437687,final:multi_hotspot:r062,46.376472121670076,10000.000000000002,1495.5010465704963,1729.5950927437689,0.1495501046570496,100062,234.09404617327255,multi_hotspot,187.71757405160247
1891.8128478156523,1,final:multi_hotspot:b1:r063,0.005890152845850372,final:multi_hotspot:r063,-4.8971388333745836,9999.999999999998,46.01517588019442,58.90152845850389,0.0046015175880194424,100063,12.88635257830947,multi_hotspot,17.783491411684054
1867.042765005425,1,final:multi_hotspot:b1:r064,0.012407105788672157,final:multi_hotspot:r064,33.509071308811144,9999.999999999996,81.78156293476559,124.07105788672197,0.008178156293476561,100064,42.28949495195616,multi_hotspot,8.780423643145014
1900.798201558168,1,final:multi_hotspot:b1:r065,0.0,final:multi_hotspot:r065,0.0,10000.0,0.0,0.0,0.0,100065,0.0,multi_hotspot,0.0
1880.092913248984,1,final:multi_hotspot:b1:r066,0.016164631610733005,final:multi_hotspot:r066,20.653848658140532,10000.0,128.366598534712,161.64631610732886,0.012836659853471202,100066,33.279717572616846,multi_hotspot,12.6258689144762
1887.828004913989,1,final:multi_hotspot:b1:r067,0.13706319929729244,final:multi_hotspot:r067,44.252468432576734,10000.0,1214.9801942164179,1370.6319929729239,0.12149801942164179,100067,155.65179875650597,multi_hotspot,111.39933032392923
1905.7733602870364,1,final:multi_hotspot:b1:r068,0.1864636244439162,final:multi_hotspot:r068,-26.650634942438955,10000.000000000002,1604.4233069564145,1864.6362444391625,0.16044233069564143,100068,260.21293748274775,multi_hotspot,286.8635724251867
1857.6406090355388,1,final:multi_hotspot:b1:r069,0.10123783664378344,final:multi_hotspot:r069,-77.26722523566036,10000.000000000002,874.8893958954188,1012.3783664378343,0.08748893958954186,100069,137.4889705424157,multi_hotspot,214.75619577807606
1831.3051604910459,1,final:multi_hotspot:b1:r070,0.07391204384526939,final:multi_hotspot:r070,-97.64277348600262,10000.0,679.7960138498725,739.1204384526941,0.06797960138498725,100070,59.32442460282164,multi_hotspot,156.96719808882403
1855.9450744540732,1,final:multi_hotspot:b1:r071,0.05435019768150967,final:multi_hotspot:r071,0.5858494410667845,10000.0,446.0511555789112,543.5019768150969,0.04460511555789112,100071,97.45082123618567,multi_hotspot,96.86497179511889
1915.9274693833295,1,final:multi_hotspot:b1:r072,0.09332696189469697,final:multi_hotspot:r072,0.5582820268505202,9999.999999999998,766.0070137215084,933.2696189469711,0.07660070137215086,100072,167.26260522546272,multi_hotspot,166.70432319861226
1886.9334832092536,1,final:multi_hotspot:b1:r073,0.035443761698729204,final:multi_hotspot:r073,79.422582032239,9999.999999999998,296.28744109017816,354.43761698729213,0.02962874410901782,100073,58.15017589711397,multi_hotspot,-21.272406135125152
1883.7978115285878,1,final:multi_hotspot:b1:r074,0.01141423287386406,final:multi_hotspot:r074,8.712433098910878,9999.999999999996,94.64811948707847,114.14232873864148,0.00946481194870785,100074,19.49420925156278,multi_hotspot,10.781776152651787
1866.8880320056105,1,final:multi_hotspot:b1:r075,0.20897644684489491,final:multi_hotspot:r075,62.75284908648132,10000.000000000002,1779.9464448592166,2089.764468448949,0.17799464448592164,100075,309.81802358973255,multi_hotspot,247.06517450325111
1888.2838648833208,1,final:multi_hotspot:b1:r076,0.19586542831852888,final:multi_hotspot:r076,50.377197617110824,10000.0,1644.8074071771748,1958.654283185288,0.16448074071771748,100076,313.8468760081132,multi_hotspot,263.46967839100233
1900.1079365365808,1,final:multi_hotspot:b1:r077,0.18045211759702878,final:multi_hotspot:r077,20.5573732308319,10000.0,1585.9454487720618,1804.521175970288,0.15859454487720617,100077,218.5757271982261,multi_hotspot,198.01835396739432
1888.1323839011545,1,final:multi_hotspot:b1:r078,0.19723918765002177,final:multi_hotspot:r078,68.49263174557382,9999.999999999998,1667.4397582544727,1972.3918765002181,0.1667439758254473,100078,304.95211824574517,multi_hotspot,236.4594865001713
1910.8427952384973,1,final:multi_hotspot:b1:r079,0.05687946093622459,final:multi_hotspot:r079,14.055786707495827,9999.999999999996,467.1852282233717,568.7946093622459,0.04671852282233719,100079,101.60938113887414,multi_hotspot,87.55359443137831
1850.3837037345052,1,final:multi_hotspot:b1:r080,0.04739671825630104,final:multi_hotspot:r080,10.225112792807977,9999.999999999996,381.59505373663296,473.9671825630103,0.03815950537366331,100080,92.37212882637755,multi_hotspot,82.14701603356951
1858.924053449891,1,final:multi_hotspot:b1:r081,0.036041616392680165,final:multi_hotspot:r081,136.06699410863098,10000.0,194.9834024198999,360.4161639268018,0.01949834024198999,100081,165.43276150690167,multi_hotspot,29.36576739827069
1870.397389422229,1,final:multi_hotspot:b1:r082,0.2713318925866828,final:multi_hotspot:r082,13.145431330930705,10000.0,2388.8381849415136,2713.318925866827,0.23888381849415136,100082,324.4807409253133,multi_hotspot,311.3353095943828
1898.6680708064964,1,final:multi_hotspot:b1:r083,0.02050412423523512,final:multi_hotspot:r083,-38.628329616412884,9999.999999999998,227.5231085405644,205.0412423523503,0.022752310854056445,100083,-22.4818661882141,multi_hotspot,16.14646342819873
1860.8340567366267,1,final:multi_hotspot:b1:r084,0.00900676662662625,final:multi_hotspot:r084,5.2439124246106985,10000.0,59.563482143481906,90.06766626626359,0.0059563482143481904,100084,30.50418412278168,multi_hotspot,25.260271698171096
1861.8953331442349,1,final:multi_hotspot:b1:r085,0.0035933564479638247,final:multi_hotspot:r085,-32.054512853620054,10000.000000000002,35.933564479638335,35.933564479638335,0.003593356447963833,100085,0.0,multi_hotspot,32.054512853620054
1907.7780014234288,1,final:multi_hotspot:b1:r086,0.18459288084664305,final:multi_hotspot:r086,-64.5622856546554,10000.000000000002,1646.8225120336529,1845.9288084664313,0.16468225120336524,100086,199.10629643277844,multi_hotspot,263.66858208743406
1857.8964453002886,1,final:multi_hotspot:b1:r087,0.014820588350434039,final:multi_hotspot:r087,-3.482023212163085,10000.0,125.34348698911299,148.20588350434082,0.0125343486989113,100087,22.86239651522783,multi_hotspot,26.344419727390914
1882.2034473965637,1,final:multi_hotspot:b1:r088,0.003979136898360103,final:multi_hotspot:r088,-22.5411491055047,10000.0,40.939034730533876,39.7913689836023,0.0040939034730533876,100088,-1.147665746931807,multi_hotspot,21.393483358573008
1873.8737278049127,1,final:multi_hotspot:b1:r089,0.010009325314629725,final:multi_hotspot:r089,-23.534187910051287,9999.999999999996,84.26822027419985,100.09325314629677,0.008426822027419989,100089,15.825032872096926,multi_hotspot,39.35922078214833
1849.7534855738531,1,final:multi_hotspot:b1:r090,0.1857236322642481,final:multi_hotspot:r090,34.079206006583945,10000.0,1595.7921000691038,1857.2363226424795,0.1595792100069104,100090,261.444222573376,multi_hotspot,227.36501656679212
1874.3641724986887,1,final:multi_hotspot:b1:r091,0.10840852526670725,final:multi_hotspot:r091,11.966916293520171,9999.999999999998,910.650136415851,1084.0852526670724,0.09106501364158512,100091,173.4351162512212,multi_hotspot,161.46819995770107
1878.7443063496164,1,final:multi_hotspot:b1:r092,0.04950351342220927,final:multi_hotspot:r092,8.58001950117523,9999.999999999998,360.4954817399739,495.0351342220929,0.0360495481739974,100092,134.53965248211898,multi_hotspot,125.95963298094352
1887.32641356224,1,final:multi_hotspot:b1:r093,0.08693235713931469,final:multi_hotspot:r093,112.72412358827341,9999.999999999998,681.9050492599536,869.3235713931472,0.06819050492599536,100093,187.4185221331934,multi_hotspot,74.69439854491992
1899.1579180952274,1,final:multi_hotspot:b1:r094,0.07150994725228155,final:multi_hotspot:r094,-107.34393305177764,10000.0,637.7154665990029,715.0994725228175,0.06377154665990029,100094,77.38400592381458,multi_hotspot,184.72793897559234
1892.8858840865432,1,final:multi_hotspot:b1:r095,0.012372412098142604,final:multi_hotspot:r095,-64.561101689736,10000.000000000002,124.13277728163348,123.72412098142695,0.012413277728163346,100095,-0.40865630020630306,multi_hotspot,64.1524453895297
1888.2066062810463,1,final:multi_hotspot:b1:r096,0.2639226473756132,final:multi_hotspot:r096,82.51354027595653,10000.0,2299.7990726531166,2639.2264737561322,0.22997990726531164,100096,339.42740110301565,multi_hotspot,256.9138608270591
1875.7219359716323,1,final:multi_hotspot:b1:r097,0.0,final:multi_hotspot:r097,0.0,10000.000000000002,0.0,0.0,0.0,100097,0.0,multi_hotspot,0.0
1909.491256764635,1,final:multi_hotspot:b1:r098,0.14335816723867512,final:multi_hotspot:r098,-104.58810699765377,10000.000000000005,1337.4538401335071,1433.5816723867506,0.13374538401335065,100098,96.12783225324347,multi_hotspot,200.71593925089724
1877.7894277511475,1,final:multi_hotspot:b1:r099,0.14163698058800261,final:multi_hotspot:r099,-53.991219960630815,9999.999999999998,1276.075335526667,1416.3698058800273,0.1276075335526667,100099,140.29447035336034,multi_hotspot,194.28569031399127
3169.7050523038524,2,final:multi_hotspot:b2:r000,0.18476169259094566,final:multi_hotspot:r000,-33.11462640352602,10000.000000000002,1495.9435926083065,1847.6169259094568,0.14959435926083062,100000,351.67333330115025,multi_hotspot,384.78795970467627
3164.2635894127798,2,final:multi_hotspot:b2:r001,0.057155712115158575,final:multi_hotspot:r001,64.95148138712193,10000.0,481.6544974987264,571.5571211515871,0.04816544974987264,100001,89.90262365286071,multi_hotspot,24.95114226573878
3138.0178516841015,2,final:multi_hotspot:b2:r002,0.021184679030122888,final:multi_hotspot:r002,46.75592828403023,10000.000000000002,223.26214847722804,211.8467903012306,0.0223262148477228,100002,-11.415358175997426,multi_hotspot,-58.17128646002766
3113.094188739955,2,final:multi_hotspot:b2:r003,0.1659750313734215,final:multi_hotspot:r003,-0.2670421754828567,9999.999999999998,1393.004968145824,1659.7503137342137,0.13930049681458243,100003,266.7453455883897,multi_hotspot,267.01238776387254
3127.020146686714,2,final:multi_hotspot:b2:r004,0.1685821593921104,final:multi_hotspot:r004,132.40723264153212,10000.0,1364.6791728830844,1685.821593921104,0.13646791728830845,100004,321.1424210380196,multi_hotspot,188.73518839648727
3138.409775527817,2,final:multi_hotspot:b2:r005,0.07229056374336718,final:multi_hotspot:r005,-78.6567349884358,10000.000000000004,735.7632500614882,722.9056374336706,0.07357632500614879,100005,-12.857612627817161,multi_hotspot,65.79912236061887
3119.9180799602264,2,final:multi_hotspot:b2:r006,0.055427205227810084,final:multi_hotspot:r006,31.011330466022628,10000.000000000004,422.4130513661762,554.2720522781001,0.042241305136617606,100006,131.85900091192389,multi_hotspot,100.84767044590126
3109.700244250434,2,final:multi_hotspot:b2:r007,0.17716021250815117,final:multi_hotspot:r007,-34.19184551802755,10000.0,1404.7209444736209,1771.602125081513,0.14047209444736208,100007,366.881180607892,multi_hotspot,401.0730261259197
3161.177834253524,2,final:multi_hotspot:b2:r008,0.18262593449718778,final:multi_hotspot:r008,11.949632328424741,10000.000000000002,1479.0688226637644,1826.259344971878,0.1479068822663764,100008,347.1905223081135,multi_hotspot,335.24088997968886
3105.737958232478,2,final:multi_hotspot:b2:r009,0.11041926135178948,final:multi_hotspot:r009,-73.04065519661867,10000.000000000004,963.9966160423864,1104.1926135178946,0.09639966160423862,100009,140.19599747550865,multi_hotspot,213.2366526721271
3120.3066670684425,2,final:multi_hotspot:b2:r010,0.20710959782733063,final:multi_hotspot:r010,91.75422155045317,9999.999999999998,1626.4700754893347,2071.095978273306,0.1626470075489335,100010,444.62590278397147,multi_hotspot,352.8716812335183
3188.6819238684197,2,final:multi_hotspot:b2:r011,0.23492341503437653,final:multi_hotspot:r011,-3.226422334232666,10000.000000000002,1871.2508131001846,2349.2341503437638,0.18712508131001843,100011,477.9833372435792,multi_hotspot,481.20975957781184
3126.9874155415296,2,final:multi_hotspot:b2:r012,0.009392749649306364,final:multi_hotspot:r012,-98.58568645558034,10000.0,216.4617079434929,93.92749649306461,0.02164617079434929,100012,-122.53421145042876,multi_hotspot,-23.9485249948483
3117.4293781920496,2,final:multi_hotspot:b2:r013,0.2207196520499911,final:multi_hotspot:r013,38.904808298427724,10000.000000000002,1740.325347068885,2207.1965204999124,0.17403253470688848,100013,466.8711734310273,multi_hotspot,427.9663651325998
3146.311907140884,2,final:multi_hotspot:b2:r014,0.01520910136035436,final:multi_hotspot:r014,-97.87150354167397,10000.0,94.23247411818693,152.09101360354452,0.009423247411818693,100014,57.858539485357596,multi_hotspot,155.73004302703134
3080.457882500395,2,final:multi_hotspot:b2:r015,0.13139198439992672,final:multi_hotspot:r015,-16.913488680555474,9999.999999999996,1124.102313711951,1313.919843999266,0.11241023137119513,100015,189.8175302873151,multi_hotspot,206.73101896787057
3160.229558275603,2,final:multi_hotspot:b2:r016,0.14735215128078072,final:multi_hotspot:r016,-89.55439128969101,10000.0,1272.3193618166356,1473.5215128078098,0.12723193618166356,100016,201.20215099117422,multi_hotspot,290.7565422808651
3137.7701960135014,2,final:multi_hotspot:b2:r017,0.03606139588921897,final:multi_hotspot:r017,29.544755956884273,10000.000000000002,232.88339910812738,360.61395889218966,0.023288339910812732,100017,127.73055978406273,multi_hotspot,98.18580382717857
3126.1832250593275,2,final:multi_hotspot:b2:r018,0.11799865446028734,final:multi_hotspot:r018,76.60827939745786,10000.0,995.7430582562893,1179.9865446028734,0.09957430582562893,100018,184.24348634658418,multi_hotspot,107.6352069491262
3178.3223760337532,2,final:multi_hotspot:b2:r019,0.15965714590209845,final:multi_hotspot:r019,-118.26249723960973,10000.000000000002,1378.885172816255,1596.5714590209845,0.13788851728162546,100019,217.68628620472964,multi_hotspot,335.94878344433926
3186.563956976149,2,final:multi_hotspot:b2:r020,0.022883913670804223,final:multi_hotspot:r020,-1.3819307582930378,9999.999999999998,168.82278555080666,228.83913670804395,0.01688227855508067,100020,60.01635115723684,multi_hotspot,61.39828191552965
3138.4503841469814,2,final:multi_hotspot:b2:r021,0.0738448431224169,final:multi_hotspot:r021,40.11172080116921,10000.0,608.3052954244135,738.4484312241666,0.06083052954244136,100021,130.14313579975305,multi_hotspot,90.03141499858395
3159.1556993792806,2,final:multi_hotspot:b2:r022,0.0436957273193429,final:multi_hotspot:r022,148.47202794167788,9999.999999999998,244.6796675940086,436.9572731934295,0.024467966759400866,100022,192.27760559942135,multi_hotspot,43.8055776577437
3125.704027087148,2,final:multi_hotspot:b2:r023,0.12176272069138927,final:multi_hotspot:r023,-37.71461681187884,10000.0,982.1506261552445,1217.6272069138922,0.09821506261552444,100023,235.47658075864774,multi_hotspot,273.19119757052647
3131.2472964981016,2,final:multi_hotspot:b2:r024,0.10837365080946526,final:multi_hotspot:r024,-71.87364541108855,9999.999999999998,931.8594621054526,1083.736508094653,0.09318594621054528,100024,151.87704598920027,multi_hotspot,223.75069140028836
3138.1836461119906,2,final:multi_hotspot:b2:r025,0.2052720117568959,final:multi_hotspot:r025,6.596212207876306,10000.0,1699.9988594558704,2052.7201175689597,0.16999988594558704,100025,352.72125811308933,multi_hotspot,346.12504590521326
3090.1327678259668,2,final:multi_hotspot:b2:r026,0.14135755015437657,final:multi_hotspot:r026,-84.42867627392388,10000.0,1192.037265279414,1413.5755015437662,0.1192037265279414,100026,221.53823626435224,multi_hotspot,305.96691253827635
3125.5522882208434,2,final:multi_hotspot:b2:r027,0.1497101159821801,final:multi_hotspot:r027,-57.37635168764473,10000.0,1332.6509362249244,1497.101159821801,0.13326509362249245,100027,164.45022359687664,multi_hotspot,221.8265752845217
3187.4718897864404,2,final:multi_hotspot:b2:r028,0.1042520127697556,final:multi_hotspot:r028,-10.996536227919933,10000.000000000004,812.4285950711424,1042.5201276975577,0.08124285950711421,100028,230.0915326264153,multi_hotspot,241.08806885433523
3123.412492314828,2,final:multi_hotspot:b2:r029,0.021176216056987163,final:multi_hotspot:r029,13.40350078876827,10000.0,169.78771525632146,211.76216056987232,0.016978771525632146,100029,41.97444531355086,multi_hotspot,28.57094452478259
3174.689494838165,2,final:multi_hotspot:b2:r030,0.1514170447546236,final:multi_hotspot:r030,-159.10962962771646,10000.0,1440.0146655783547,1514.1704475462357,0.14400146655783547,100030,74.15578196788056,multi_hotspot,233.26541159559702
3155.481504644847,2,final:multi_hotspot:b2:r031,0.2242178121912407,final:multi_hotspot:r031,-93.56468692486169,10000.000000000002,1900.7963606977773,2242.178121912407,0.1900796360697777,100031,341.3817612146295,multi_hotspot,434.9464481394913
3125.4421724985123,2,final:multi_hotspot:b2:r032,0.06371102391075356,final:multi_hotspot:r032,60.44684613285199,9999.999999999998,436.1744519066665,637.1102391075347,0.043617445190666654,100032,200.93578720086816,multi_hotspot,140.4889410680164
3141.218968826203,2,final:multi_hotspot:b2:r033,0.1290706539165697,final:multi_hotspot:r033,-21.00192360040728,10000.0,1036.7788246374835,1290.706539165698,0.10367788246374834,100033,253.92771452821444,multi_hotspot,274.9296381286217
3139.9077008282247,2,final:multi_hotspot:b2:r034,0.09991965491475319,final:multi_hotspot:r034,-108.99066171514278,10000.0,931.8976433658054,999.196549147533,0.09318976433658054,100034,67.29890578172763,multi_hotspot,176.2895674968704
3112.568010391523,2,final:multi_hotspot:b2:r035,0.0,final:multi_hotspot:r035,0.0,10000.0,0.0,0.0,0.0,100035,0.0,multi_hotspot,0.0
3141.3165467007757,2,final:multi_hotspot:b2:r036,0.06364174638171738,final:multi_hotspot:r036,-85.64026134590358,10000.0,585.7017286790278,636.4174638171744,0.05857017286790278,100036,50.715735138146556,multi_hotspot,136.3559964840499
3149.0938382369795,2,final:multi_hotspot:b2:r037,0.10517069016682379,final:multi_hotspot:r037,60.881927139799245,9999.999999999998,952.7529815183229,1051.7069016682372,0.0952752981518323,100037,98.95392014991467,multi_hotspot,38.071993010115534
3136.5485759483645,2,final:multi_hotspot:b2:r038,0.05324808928168723,final:multi_hotspot:r038,21.496211803409096,10000.0,421.04734812272,532.4808928168713,0.042104734812272,100038,111.4335446941518,multi_hotspot,89.93733289074282
3140.629660634754,2,final:multi_hotspot:b2:r039,0.2079071517664715,final:multi_hotspot:r039,51.61355379153429,10000.000000000002,1729.344668409381,2079.0715176647145,0.17293446684093808,100039,349.7268492553335,multi_hotspot,298.11329546379943
3202.172759699476,2,final:multi_hotspot:b2:r040,0.0010315633644893962,final:multi_hotspot:r040,-6.145789295958821,10000.0,11.930025079334882,10.315633644893751,0.0011930025079334883,100040,-1.6143914344411314,multi_hotspot,4.531397861517917
3073.5214351054924,2,final:multi_hotspot:b2:r041,0.1449523156015169,final:multi_hotspot:r041,-79.77973700242296,10000.000000000002,1306.749631649071,1449.5231560151688,0.1306749631649071,100041,142.77352436609772,multi_hotspot,222.55326136852057
3104.837756708799,2,final:multi_hotspot:b2:r042,0.04658571737784034,final:multi_hotspot:r042,-14.485144398627199,9999.999999999998,359.72353105334696,465.857173778405,0.035972353105334705,100042,106.13364272505805,multi_hotspot,120.6187871236848
3148.4672822350276,2,final:multi_hotspot:b2:r043,0.035831106092008125,final:multi_hotspot:r043,122.12218586276094,9999.999999999998,165.10807337925326,358.3110609200812,0.01651080733792533,100043,193.20298754082796,multi_hotspot,71.08080167806656
3157.681740597306,2,final:multi_hotspot:b2:r044,0.22668294450623783,final:multi_hotspot:r044,-27.164488350649208,9999.999999999998,2052.793847809113,2266.829445062377,0.20527938478091132,100044,214.0355972532643,multi_hotspot,241.2000856039134
3114.161772396218,2,final:multi_hotspot:b2:r045,0.027435128442950374,final:multi_hotspot:r045,-13.833448765854882,10000.0,197.0230913520163,274.35128442950463,0.019702309135201632,100045,77.32819307748787,multi_hotspot,91.16164184334275
3128.249071254007,2,final:multi_hotspot:b2:r046,0.09910668697623748,final:multi_hotspot:r046,170.103572849594,10000.0,714.7660593030887,991.066869762376,0.07147660593030887,100046,276.3008104592873,multi_hotspot,106.19723760969373
3156.005975013122,2,final:multi_hotspot:b2:r047,0.1458280713072302,final:multi_hotspot:r047,60.39966106052816,10000.0,1263.8800961375314,1458.2807130723013,0.12638800961375313,100047,194.40061693476991,multi_hotspot,134.00095587424164
3157.0791894937356,2,final:multi_hotspot:b2:r048,0.0999421837874207,final:multi_hotspot:r048,69.19465789866103,9999.999999999998,689.18327636105,999.4218378742071,0.06891832763610502,100048,310.2385615131566,multi_hotspot,241.04390361449532
3147.9403644612626,2,final:multi_hotspot:b2:r049,0.15118311480260516,final:multi_hotspot:r049,13.932584506482272,10000.0,1213.8782045099365,1511.8311480260518,0.12138782045099365,100049,297.9529435161153,multi_hotspot,284.0203590096328
3182.5983660516977,2,final:multi_hotspot:b2:r050,0.07108505117083352,final:multi_hotspot:r050,107.9148130725157,10000.000000000002,507.56591837743235,710.850511708335,0.050756591837743226,100050,203.28459333090268,multi_hotspot,95.36978025838698
3124.193637348419,2,final:multi_hotspot:b2:r051,0.14852818777016474,final:multi_hotspot:r051,2.3111217876676164,9999.999999999996,1153.6334410009117,1485.2818777016464,0.11536334410009122,100051,331.6484367007347,multi_hotspot,329.33731491306685
3076.704203032973,2,final:multi_hotspot:b2:r052,0.11396443423660352,final:multi_hotspot:r052,-14.520394912187385,10000.0,869.538402630672,1139.6443423660385,0.0869538402630672,100052,270.1059397353665,multi_hotspot,284.6263346475539
3180.6358765831687,2,final:multi_hotspot:b2:r053,0.20788837136669192,final:multi_hotspot:r053,-107.23816451706352,9999.999999999998,1682.541483231255,2078.883713666919,0.16825414832312552,100053,396.3422304356641,multi_hotspot,503.58039495272783
3122.4245924174575,2,final:multi_hotspot:b2:r054,0.136862132411403,final:multi_hotspot:r054,35.713296489739605,10000.000000000002,1100.4187029666523,1368.6213241140285,0.1100418702966652,100054,268.2026211473767,multi_hotspot,232.4893246576372
3196.1790039400266,2,final:multi_hotspot:b2:r055,0.09097967299464327,final:multi_hotspot:r055,-68.2747462485354,9999.999999999996,722.0396204895924,909.7967299464326,0.07220396204895926,100055,187.75710945684068,multi_hotspot,256.03185570537585
3177.3620745794865,2,final:multi_hotspot:b2:r056,0.0950534843014551,final:multi_hotspot:r056,-112.54452845321703,10000.000000000004,849.7417620352498,950.5348430145496,0.08497417620352496,100056,100.7930809792997,multi_hotspot,213.3376094325165
3145.2754508121975,2,final:multi_hotspot:b2:r057,0.0,final:multi_hotspot:r057,0.0,10000.0,0.0,0.0,0.0,100057,0.0,multi_hotspot,0.0
3197.4686960675535,2,final:multi_hotspot:b2:r058,0.16675143304114937,final:multi_hotspot:r058,45.67949306740138,10000.000000000002,1352.0706697504238,1667.5143304114936,0.13520706697504237,100058,315.44366066106977,multi_hotspot,269.76416759366805
3128.775852962029,2,final:multi_hotspot:b2:r059,0.23419806764397294,final:multi_hotspot:r059,-68.97337674498976,10000.000000000002,2145.968385519611,2341.98067643973,0.21459683855196104,100059,196.01229092011909,multi_hotspot,264.98566766510885
3158.301341956953,2,final:multi_hotspot:b2:r060,0.22660569378952072,final:multi_hotspot:r060,-128.66232336839448,10000.0,1915.0607618504418,2266.0569378952086,0.19150607618504417,100060,350.9961760447668,multi_hotspot,479.65849941316105
3133.7324756656667,2,final:multi_hotspot:b2:r061,0.02393530202272165,final:multi_hotspot:r061,16.183504435759005,10000.000000000002,201.92373968758238,239.3530202272168,0.020192373968758233,100061,37.429280539633965,multi_hotspot,21.2457761038753
3125.3626809804414,2,final:multi_hotspot:b2:r062,0.18022190934903215,final:multi_hotspot:r062,-109.53594809930973,10000.000000000002,1559.265287126455,1802.219093490322,0.15592652871264548,100062,242.95380636386744,multi_hotspot,352.4897544631772
3153.0214130260874,2,final:multi_hotspot:b2:r063,0.015224022660009218,final:multi_hotspot:r063,37.57386481161666,9999.999999999998,109.76309692504128,152.24022660009177,0.01097630969250413,100063,42.47712967505049,multi_hotspot,4.903264863433833
3111.7379416757085,2,final:multi_hotspot:b2:r064,0.09034863249037384,final:multi_hotspot:r064,87.41985420996025,9999.999999999996,655.2785568105905,903.4863249037389,0.06552785568105908,100064,248.2077680931484,multi_hotspot,160.78791388318803
3167.997002596947,2,final:multi_hotspot:b2:r065,0.04066338334791908,final:multi_hotspot:r065,-12.759327505206784,10000.0,338.6675136319982,406.6338334791926,0.03386675136319982,100065,67.96631984719443,multi_hotspot,80.72564735240098
3133.4881887483066,2,final:multi_hotspot:b2:r066,0.09782637936876726,final:multi_hotspot:r066,-126.5756675934681,10000.0,865.7798426806694,978.2637936876727,0.08657798426806694,100066,112.48395100700327,multi_hotspot,239.05961860047137
3146.3800081899817,2,final:multi_hotspot:b2:r067,0.1579821353127563,final:multi_hotspot:r067,-119.3850945876452,10000.0,1461.9731179259106,1579.8213531275615,0.14619731179259107,100067,117.84823520165082,multi_hotspot,237.2333297892958
3176.2889338117275,2,final:multi_hotspot:b2:r068,0.26900842030337796,final:multi_hotspot:r068,86.76508461501908,10000.000000000002,2173.45629996052,2690.08420303378,0.21734562999605198,100068,516.6279030732599,multi_hotspot,429.8628184582406
3096.067681725898,2,final:multi_hotspot:b2:r069,0.09230290016436227,final:multi_hotspot:r069,-33.75927992903985,10000.000000000002,642.2341742374856,923.0290016436229,0.06422341742374855,100069,280.7948274061373,multi_hotspot,314.5541073351774
3052.1752674850763,2,final:multi_hotspot:b2:r070,0.11488509028448657,final:multi_hotspot:r070,-77.33349980825824,10000.0,1014.8867815409772,1148.8509028448661,0.10148867815409772,100070,133.96412130388944,multi_hotspot,211.29762111214768
3093.2417907567888,2,final:multi_hotspot:b2:r071,0.017168416577022172,final:multi_hotspot:r071,51.07926509200206,10000.0,91.99920810607182,171.68416577022072,0.009199920810607182,100071,79.68495766414935,multi_hotspot,28.605692572147177
3193.212448972216,2,final:multi_hotspot:b2:r072,0.0548554610011176,final:multi_hotspot:r072,6.775353282256674,9999.999999999998,425.8950883083967,548.5546100111742,0.04258950883083967,100072,122.65952170277751,multi_hotspot,115.88416842052106
3144.8891386820897,2,final:multi_hotspot:b2:r073,0.15484714565039503,final:multi_hotspot:r073,161.75258177057503,9999.999999999998,1231.8865797172289,1548.4714565039503,0.1231886579717229,100073,316.58487678672145,multi_hotspot,154.83229501614642
3139.663019214313,2,final:multi_hotspot:b2:r074,0.021850055023839632,final:multi_hotspot:r074,2.106211284564324,9999.999999999996,156.47845773269728,218.5005502383974,0.015647845773269733,100074,62.02209250570013,multi_hotspot,59.91588122113558
3111.480053342684,2,final:multi_hotspot:b2:r075,0.2844237568997592,final:multi_hotspot:r075,74.30392855166474,10000.000000000002,2423.877547190721,2844.2375689975934,0.24238775471907206,100075,420.3600218068723,multi_hotspot,346.05609325520766
3147.1397748055347,2,final:multi_hotspot:b2:r076,0.12542799326250553,final:multi_hotspot:r076,-81.6507819164899,10000.0,1118.8129861779016,1254.279932625057,0.11188129861779016,100076,135.4669464471549,multi_hotspot,217.1177283636447
3166.8465608943015,2,final:multi_hotspot:b2:r077,0.1732630128255943,final:multi_hotspot:r077,2.5818351918101143,10000.0,1517.8723392959532,1732.6301282559416,0.1517872339295953,100077,214.75778895998837,multi_hotspot,212.17595376817837
3146.8873065019243,2,final:multi_hotspot:b2:r078,0.34101523592633337,final:multi_hotspot:r078,31.19540189217605,9999.999999999998,2884.5462068710294,3410.152359263333,0.288454620687103,100078,525.6061523923036,multi_hotspot,494.4107505001274
3184.7379920641624,2,final:multi_hotspot:b2:r079,0.11751641809630109,final:multi_hotspot:r079,-33.42934291445863,9999.999999999996,999.3990363416724,1175.164180963011,0.09993990363416727,100079,175.765144621339,multi_hotspot,209.19448753579763
3083.972839557509,2,final:multi_hotspot:b2:r080,0.04408644094669789,final:multi_hotspot:r080,90.20104840626027,9999.999999999996,371.0329654816869,440.86440946697803,0.037103296548168706,100080,69.83144398529157,multi_hotspot,-20.36960442096904
3098.2067557498185,2,final:multi_hotspot:b2:r081,0.008925694656235272,final:multi_hotspot:r081,29.694484868020027,10000.0,89.28816394243495,89.25694656235373,0.008928816394243495,100081,-0.031217380081216106,multi_hotspot,-29.72570224810147
3117.3289823703817,2,final:multi_hotspot:b2:r082,0.2107572221020551,final:multi_hotspot:r082,-55.48667912399651,10000.0,1767.6203515347238,2107.5722210205513,0.17676203515347239,100082,339.9518694858275,multi_hotspot,395.4385486098238
3164.446784677494,2,final:multi_hotspot:b2:r083,0.05143457354429548,final:multi_hotspot:r083,17.950295869223282,9999.999999999998,416.11826306113153,514.3457354429574,0.04161182630611316,100083,98.22747238182592,multi_hotspot,80.27717651260252
3101.390094561045,2,final:multi_hotspot:b2:r084,0.0006509025590808459,final:multi_hotspot:r084,-54.502960362020985,10000.0,6.50902559080896,6.50902559080896,0.000650902559080896,100084,0.0,multi_hotspot,54.502960362020644
3103.158888573725,2,final:multi_hotspot:b2:r085,0.04954400747854237,final:multi_hotspot:r085,-74.49236798702418,10000.000000000002,363.0281813362567,495.44007478542153,0.03630281813362566,100085,132.41189344916484,multi_hotspot,206.90426143618924
3179.6300023723816,2,final:multi_hotspot:b2:r086,0.2789558622032753,final:multi_hotspot:r086,-99.29020440154909,10000.000000000002,2362.466709469772,2789.5586220327527,0.23624667094697716,100086,427.0919125629807,multi_hotspot,526.3821169645298
3096.4940755004814,2,final:multi_hotspot:b2:r087,0.14798880401462522,final:multi_hotspot:r087,-166.29808456607725,10000.0,1334.7732759110595,1479.888040146252,0.13347732759110595,100087,145.11476423519252,multi_hotspot,311.41284880126955
3137.0057456609397,2,final:multi_hotspot:b2:r088,0.10950431914764491,final:multi_hotspot:r088,115.60814354968716,10000.0,799.7729661080916,1095.0431914764486,0.07997729661080916,100088,295.27022536835693,multi_hotspot,179.66208181867
3123.1228796748546,2,final:multi_hotspot:b2:r089,-2.626496334567907e-05,final:multi_hotspot:r089,-46.15257881449543,9999.999999999996,-6.086564873238785,-0.26264963345602155,-0.0006086564873238788,100089,5.823915239782309,multi_hotspot,51.976494054277964
3082.922475956422,2,final:multi_hotspot:b2:r090,0.28305020457398733,final:multi_hotspot:r090,-33.35660793385796,10000.0,2398.790028087105,2830.502045739873,0.2398790028087105,100090,431.7120176527683,multi_hotspot,465.0686255866263
3123.9402874978146,2,final:multi_hotspot:b2:r091,0.0658799607130075,final:multi_hotspot:r091,57.837673416448524,9999.999999999998,483.09926103680027,658.799607130075,0.04830992610368003,100091,175.70034609327467,multi_hotspot,117.86267267682592
3131.2405105826942,2,final:multi_hotspot:b2:r092,0.06641951581426098,final:multi_hotspot:r092,-46.12574265405374,9999.999999999998,566.1663786768795,664.1951581426092,0.05661663786768796,100092,98.02877946572971,multi_hotspot,144.154522119783
3145.5440226037335,2,final:multi_hotspot:b2:r093,0.049478550990508574,final:multi_hotspot:r093,78.03810625273263,9999.999999999998,347.20490887967026,494.78550990508666,0.03472049088796703,100093,147.5806010254164,multi_hotspot,69.54249477268377
3165.263196825379,2,final:multi_hotspot:b2:r094,0.08661908900200266,final:multi_hotspot:r094,-74.61399180455146,10000.0,714.214682011213,866.190890020026,0.0714214682011213,100094,151.9762080088126,multi_hotspot,226.59019981336417
3154.8098068109057,2,final:multi_hotspot:b2:r095,0.04355745839878067,final:multi_hotspot:r095,-73.13916744394692,10000.000000000002,364.70403463758794,435.57458398780636,0.03647040346375879,100095,70.87054935021843,multi_hotspot,144.00971679416512
3147.011010468411,2,final:multi_hotspot:b2:r096,0.25196126516925965,final:multi_hotspot:r096,11.175204231964017,10000.0,2256.1431689953984,2519.612651692597,0.22561431689953984,100096,263.4694826971986,multi_hotspot,252.29427846523458
3126.2032266193874,2,final:multi_hotspot:b2:r097,0.0021149589287504655,final:multi_hotspot:r097,-7.284765958370372,10000.000000000002,25.523411411500092,21.149589287505478,0.002552341141150009,100097,-4.373822123994614,multi_hotspot,2.9109438343754164
3182.4854279410583,2,final:multi_hotspot:b2:r098,0.23968092658848933,final:multi_hotspot:r098,3.245357038768816,10000.000000000005,1947.9833073830127,2396.8092658848936,0.19479833073830116,100098,448.8259585018809,multi_hotspot,445.5806014631122
3129.6490462519128,2,final:multi_hotspot:b2:r099,0.1755086200668855,final:multi_hotspot:r099,-54.158390265955404,9999.999999999998,1506.9299206368205,1755.0862006688558,0.15069299206368209,100099,248.15628003203528,multi_hotspot,302.3146702979908
5071.528083686164,3,final:multi_hotspot:b3:r000,0.30988902909355576,final:multi_hotspot:r000,564.8665449526507,10000.000000000002,1946.7289249090213,3098.8902909355565,0.19467289249090208,100000,1152.1613660265352,multi_hotspot,587.2948210738848
5062.821743060448,3,final:multi_hotspot:b3:r001,0.16223549583821373,final:multi_hotspot:r001,101.93338759623566,10000.0,1253.4751470704314,1622.3549583821386,0.12534751470704314,100001,368.8798113117068,multi_hotspot,266.94642371547116
5020.828562694563,3,final:multi_hotspot:b3:r002,0.00855559596332478,final:multi_hotspot:r002,1.9747912777834244,10000.000000000002,71.9067852993594,85.55595963324595,0.007190678529935939,100002,13.649174333886549,multi_hotspot,11.674383056103125
4980.950701983928,3,final:multi_hotspot:b3:r003,0.24862759660094458,final:multi_hotspot:r003,255.6054422739744,9999.999999999998,1722.408993526452,2486.275966009447,0.17224089935264522,100003,763.8669724829952,multi_hotspot,508.26153020902075
5003.232234698742,3,final:multi_hotspot:b3:r004,0.22710742958512142,final:multi_hotspot:r004,155.22048843303037,10000.0,1810.442206246662,2271.0742958512137,0.18104422062466619,100004,460.63208960455177,multi_hotspot,305.41160117152174
5021.455640844508,3,final:multi_hotspot:b3:r005,0.11898774336583207,final:multi_hotspot:r005,156.93791732580758,10000.000000000004,807.6314210962064,1189.8774336583228,0.08076314210962061,100005,382.2460125621169,multi_hotspot,225.30809523630887
4991.8689279363625,3,final:multi_hotspot:b3:r006,0.11120875910950445,final:multi_hotspot:r006,193.38618405816487,10000.000000000004,661.556990219311,1112.0875910950454,0.06615569902193108,100006,450.5306008757343,multi_hotspot,257.144416817569
4975.520390800695,3,final:multi_hotspot:b3:r007,0.35316511396630457,final:multi_hotspot:r007,666.28303709902,10000.0,2179.6309082453704,3531.6511396630467,0.21796309082453705,100007,1352.0202314176763,multi_hotspot,685.7371943186558
5057.884534805638,3,final:multi_hotspot:b3:r008,0.3300707363620321,final:multi_hotspot:r008,400.16060231073743,10000.000000000002,2307.7354318861685,3300.7073636203186,0.23077354318861681,100008,992.9719317341501,multi_hotspot,592.8113294234132
4969.180733171965,3,final:multi_hotspot:b3:r009,0.2085293733988126,final:multi_hotspot:r009,95.52002132175221,10000.000000000004,1558.8912821952194,2085.2937339881237,0.1558891282195219,100009,526.4024517929042,multi_hotspot,430.88243047115213
4992.490667309508,3,final:multi_hotspot:b3:r010,0.2765989991863529,final:multi_hotspot:r010,346.67964655843707,9999.999999999998,1959.4955508811381,2765.989991863529,0.19594955508811385,100010,806.4944409823911,multi_hotspot,459.8147944239545
5101.891078189472,3,final:multi_hotspot:b3:r011,0.31950341926923687,final:multi_hotspot:r011,196.4285509709407,10000.000000000002,2271.312559316933,3195.0341926923675,0.22713125593169325,100011,923.7216333754345,multi_hotspot,727.2930824044936
5003.179864866448,3,final:multi_hotspot:b3:r012,0.08346962673839009,final:multi_hotspot:r012,236.78402021932698,10000.0,341.157833095398,834.6962673839007,0.0341157833095398,100012,493.5384342885027,multi_hotspot,256.754414069175
4987.88700510728,3,final:multi_hotspot:b3:r013,0.4156460933623628,final:multi_hotspot:r013,607.6765392579655,10000.000000000002,2748.9259486762257,4156.460933623627,0.2748925948676225,100013,1407.5349849474014,multi_hotspot,799.8584456894353
5034.099051425415,3,final:multi_hotspot:b3:r014,0.11955760854789921,final:multi_hotspot:r014,293.23757115817625,10000.0,580.6081687779151,1195.5760854789914,0.058060816877791514,100014,614.9679167010763,multi_hotspot,321.73034554289984
4928.732612000633,3,final:multi_hotspot:b3:r015,0.20007348223828259,final:multi_hotspot:r015,264.65209258937284,9999.999999999996,1379.954165936917,2000.7348223828258,0.13799541659369174,100015,620.7806564459092,multi_hotspot,356.12856385653606
5056.3672932409645,3,final:multi_hotspot:b3:r016,0.18913881471282545,final:multi_hotspot:r016,300.6748662542832,10000.0,1212.6304837658308,1891.3881471282548,0.12126304837658308,100016,678.757663362424,multi_hotspot,378.0827971081411
5020.432313621603,3,final:multi_hotspot:b3:r017,0.12642104163903223,final:multi_hotspot:r017,230.1304742278021,10000.000000000002,733.8292055301572,1264.210416390326,0.0733829205530157,100017,530.3812108601687,multi_hotspot,300.2507366323671
5001.8931600949245,3,final:multi_hotspot:b3:r018,0.20213701140471796,final:multi_hotspot:r018,310.0132646092161,10000.0,1350.151011672293,2021.3701140471803,0.13501510116722928,100018,671.2191023748874,multi_hotspot,361.20583776567105
5085.315801654006,3,final:multi_hotspot:b3:r019,0.3707309594014033,final:multi_hotspot:r019,420.75614015745623,10000.000000000002,2585.552791629316,3707.309594014034,0.25855527916293153,100019,1121.756802384718,multi_hotspot,701.0006622272617
5098.502331161839,3,final:multi_hotspot:b3:r020,0.2965168394128621,final:multi_hotspot:r020,235.35517066445573,9999.999999999998,2218.823290111544,2965.168394128622,0.22188232901115443,100020,746.345104017078,multi_hotspot,510.9899333526223
5021.52061463517,3,final:multi_hotspot:b3:r021,0.10398792628120723,final:multi_hotspot:r021,162.20895223408525,10000.0,726.047991937713,1039.8792628120736,0.0726047991937713,100021,313.8312708743606,multi_hotspot,151.6223186402758
5054.649119006849,3,final:multi_hotspot:b3:r022,0.1494216839222019,final:multi_hotspot:r022,360.3146621457445,9999.999999999998,786.3315334388226,1494.216839222021,0.07863315334388227,100022,707.8853057831984,multi_hotspot,347.57064363745417
5001.126443339437,3,final:multi_hotspot:b3:r023,0.22666337718944474,final:multi_hotspot:r023,410.77723170124455,10000.0,1298.0381241399677,2266.633771894448,0.12980381241399677,100023,968.5956477544801,multi_hotspot,557.8184160532355
5009.995674396963,3,final:multi_hotspot:b3:r024,0.18033593657167313,final:multi_hotspot:r024,82.89235189157762,9999.999999999998,1342.2027683372917,1803.3593657167312,0.1342202768337292,100024,461.1565973794395,multi_hotspot,378.26424548786144
5021.093833779185,3,final:multi_hotspot:b3:r025,0.39282843674811874,final:multi_hotspot:r025,516.9918757328987,10000.0,2622.0823680222056,3928.2843674811866,0.26220823680222055,100025,1306.201999458981,multi_hotspot,789.2101237260824
4944.212428521547,3,final:multi_hotspot:b3:r026,0.23598396495290874,final:multi_hotspot:r026,313.74232298740117,10000.0,1557.5475263270764,2359.839649529087,0.15575475263270763,100026,802.2921232020108,multi_hotspot,488.54980021461006
5000.88366115335,3,final:multi_hotspot:b3:r027,0.23820120403401668,final:multi_hotspot:r027,396.7547055607529,10000.0,1508.4945531409503,2382.012040340167,0.15084945531409502,100027,873.5174871992167,multi_hotspot,476.7627816384638
5099.955023658305,3,final:multi_hotspot:b3:r028,0.23130027480994475,final:multi_hotspot:r028,238.7663194323136,10000.000000000004,1547.1362910726916,2313.0027480994486,0.1547136291072691,100028,765.866457026757,multi_hotspot,527.1001375944431
4997.459987703725,3,final:multi_hotspot:b3:r029,0.10487270746588129,final:multi_hotspot:r029,134.53797515521865,10000.0,658.5582864563048,1048.7270746588129,0.06585582864563048,100029,390.16878820250804,multi_hotspot,255.63081304728985
5079.503191741064,3,final:multi_hotspot:b3:r030,0.2282405378866298,final:multi_hotspot:r030,448.19087932230286,10000.0,1516.0414640706958,2282.4053788662977,0.1516041464070696,100030,766.3639147956019,multi_hotspot,318.17303547329834
5048.770407431755,3,final:multi_hotspot:b3:r031,0.297837750868268,final:multi_hotspot:r031,289.6189853736678,10000.000000000002,2154.911374826574,2978.377508682679,0.21549113748265736,100031,823.466133856105,multi_hotspot,533.8471484824366
5000.70747599762,3,final:multi_hotspot:b3:r032,0.2710591912019973,final:multi_hotspot:r032,507.35116957087484,9999.999999999998,1616.9693191946835,2710.5919120199733,0.16169693191946838,100032,1093.6225928252898,multi_hotspot,586.2714232544149
5025.950350121925,3,final:multi_hotspot:b3:r033,0.1466365712076102,final:multi_hotspot:r033,-248.57097915043778,10000.0,1354.7184784235287,1466.3657120761,0.13547184784235286,100033,111.64723365257123,multi_hotspot,360.2182128030089
5023.85232132516,3,final:multi_hotspot:b3:r034,0.14092336222760093,final:multi_hotspot:r034,50.880512738021025,10000.0,1099.7107841899096,1409.2336222760096,0.10997107841899097,100034,309.52283808610036,multi_hotspot,258.64232534807934
4980.108816626437,3,final:multi_hotspot:b3:r035,0.030190578938275592,final:multi_hotspot:r035,19.051000654374548,10000.0,240.2860611850747,301.90578938275576,0.02402860611850747,100035,61.619728197681525,multi_hotspot,42.56872754330698
5026.106474721241,3,final:multi_hotspot:b3:r036,0.10383696816680454,final:multi_hotspot:r036,63.284485831646634,10000.0,726.3731477301035,1038.3696816680476,0.07263731477301034,100036,311.9965339379437,multi_hotspot,248.7120481062973
5038.550141179167,3,final:multi_hotspot:b3:r037,0.10471691833666164,final:multi_hotspot:r037,-3.172228028306108,9999.999999999998,925.7568713294086,1047.1691833666155,0.09257568713294087,100037,121.4123120372069,multi_hotspot,124.58454006551256
5018.4777215173835,3,final:multi_hotspot:b3:r038,0.14617265773733346,final:multi_hotspot:r038,354.0346966474576,10000.0,827.6967242881728,1461.7265773733343,0.08276967242881729,100038,634.0298530851614,multi_hotspot,279.9951564377043
5025.007457015607,3,final:multi_hotspot:b3:r039,0.2950909498105293,final:multi_hotspot:r039,502.9193660713149,10000.000000000002,1916.0742420946294,2950.909498105293,0.19160742420946292,100039,1034.8352560106637,multi_hotspot,531.9158899393489
5123.476415519162,3,final:multi_hotspot:b3:r040,0.11810662728975674,final:multi_hotspot:r040,252.5396709983802,10000.0,602.961915916715,1181.0662728975694,0.0602961915916715,100040,578.1043569808544,multi_hotspot,325.564685982474
4917.634296168788,3,final:multi_hotspot:b3:r041,0.25503334188492166,final:multi_hotspot:r041,202.22162541396438,10000.000000000002,1775.2353474919937,2550.3334188492163,0.17752353474919935,100041,775.0980713572226,multi_hotspot,572.8764459432591
4967.740410734079,3,final:multi_hotspot:b3:r042,0.09490481535380568,final:multi_hotspot:r042,87.32525852764275,9999.999999999998,750.3327543970245,949.0481535380568,0.07503327543970247,100042,198.71539914103232,multi_hotspot,111.3901406133889
5037.547651576045,3,final:multi_hotspot:b3:r043,0.1136384961984892,final:multi_hotspot:r043,457.1408537198581,9999.999999999998,434.5715840348221,1136.3849619848916,0.043457158403482216,100043,701.813377950069,multi_hotspot,244.67252423021137
5052.2907849556905,3,final:multi_hotspot:b3:r044,0.21008245146603965,final:multi_hotspot:r044,126.66444391414598,9999.999999999998,1546.9923592194145,2100.8245146603967,0.15469923592194149,100044,553.8321554409822,multi_hotspot,427.167711526836
4982.6588358339495,3,final:multi_hotspot:b3:r045,0.09642718231327163,final:multi_hotspot:r045,246.62156295936347,10000.0,540.2361197475566,964.2718231327162,0.05402361197475566,100045,424.03570338515965,multi_hotspot,177.41414042579686
5005.198514006412,3,final:multi_hotspot:b3:r046,0.15778764530755707,final:multi_hotspot:r046,185.00949594833264,10000.0,1094.3777284228545,1577.8764530755707,0.10943777284228545,100046,483.49872465271665,multi_hotspot,298.48922870438446
5049.609560020996,3,final:multi_hotspot:b3:r047,0.13391905733288112,final:multi_hotspot:r047,120.9190958239924,10000.0,1035.312546422655,1339.1905733288113,0.10353125464226551,100047,303.87802690615626,multi_hotspot,182.95893108216364
5051.326703189978,3,final:multi_hotspot:b3:r048,0.17717016810436914,final:multi_hotspot:r048,377.3790767619885,9999.999999999998,1020.0421064055536,1771.7016810436908,0.10200421064055537,100048,751.6595746381377,multi_hotspot,374.28049787614873
5036.70458313802,3,final:multi_hotspot:b3:r049,0.24476482415520295,final:multi_hotspot:r049,248.65911065304408,10000.0,1706.5063105536078,2447.6482415520286,0.17065063105536077,100049,741.1419309984208,multi_hotspot,492.48282034537624
5092.157385682716,3,final:multi_hotspot:b3:r050,0.14369712650390687,final:multi_hotspot:r050,328.2171387894509,10000.000000000002,813.8839187038193,1436.9712650390684,0.08138839187038191,100050,623.0873463352491,multi_hotspot,294.87020754579726
4998.7098197574705,3,final:multi_hotspot:b3:r051,0.22199192853985472,final:multi_hotspot:r051,40.5556430475699,9999.999999999996,1692.0312664643866,2219.919285398544,0.16920312664643872,100051,527.8880189341576,multi_hotspot,487.33237588658756
4922.726724852757,3,final:multi_hotspot:b3:r052,0.24535491080161287,final:multi_hotspot:r052,313.7052903837425,10000.0,1551.1994583005999,2453.5491080161264,0.15511994583005997,100052,902.3496497155265,multi_hotspot,588.6443593317844
5089.017402533071,3,final:multi_hotspot:b3:r053,0.3693068258601523,final:multi_hotspot:r053,525.017815519765,9999.999999999998,2293.7822838572392,3693.06825860152,0.22937822838572397,100053,1399.2859747442808,multi_hotspot,874.2681592245158
4995.879347867933,3,final:multi_hotspot:b3:r054,0.2519285476977162,final:multi_hotspot:r054,296.104968198043,10000.000000000002,1746.7174915569772,2519.285476977162,0.1746717491556977,100054,772.5679854201849,multi_hotspot,476.46301722214184
5113.886406304043,3,final:multi_hotspot:b3:r055,0.22261088725431888,final:multi_hotspot:r055,386.21952145472187,9999.999999999996,1360.8615050062517,2226.1088725431873,0.13608615050062522,100055,865.2473675369356,multi_hotspot,479.0278460822137
5083.779319327179,3,final:multi_hotspot:b3:r056,0.1721667482172452,final:multi_hotspot:r056,-151.2482108277868,10000.000000000004,1482.3245756911224,1721.6674821724537,0.14823245756911219,100056,239.34290648133174,multi_hotspot,390.59111730911854
5032.440721299517,3,final:multi_hotspot:b3:r057,0.08561685996518298,final:multi_hotspot:r057,57.98277269774417,10000.0,646.144466283884,856.1685996518299,0.06461444662838839,100057,210.02413336794598,multi_hotspot,152.04136067020158
5115.949913708086,3,final:multi_hotspot:b3:r058,0.2593157106234679,final:multi_hotspot:r058,411.03563413663505,10000.000000000002,1743.1559931761803,2593.1571062346793,0.174315599317618,100058,850.001113058499,multi_hotspot,438.9654789218637
5006.041364739247,3,final:multi_hotspot:b3:r059,0.2716794264701323,final:multi_hotspot:r059,414.87493094261754,10000.000000000002,1814.953698437168,2716.7942647013224,0.18149536984371675,100059,901.8405662641544,multi_hotspot,486.9656353215372
5053.282147131125,3,final:multi_hotspot:b3:r060,0.3325208942001251,final:multi_hotspot:r060,250.6184739912037,10000.0,2288.406021645509,3325.2089420012508,0.2288406021645509,100060,1036.8029203557417,multi_hotspot,786.1844463645384
5013.971961065067,3,final:multi_hotspot:b3:r061,0.2369001888032799,final:multi_hotspot:r061,294.1723661224355,10000.000000000002,1627.6361948730641,2369.001888032799,0.1627636194873064,100061,741.3656931597347,multi_hotspot,447.19332703729924
5000.580289568707,3,final:multi_hotspot:b3:r062,0.21027056274483258,final:multi_hotspot:r062,-78.55213161926758,10000.000000000002,1704.9327735265224,2102.7056274483257,0.1704932773526522,100062,397.7728539218033,multi_hotspot,476.3249855410704
5044.834260841741,3,final:multi_hotspot:b3:r063,0.18831849897154407,final:multi_hotspot:r063,271.87639857375416,9999.999999999998,1170.4903080956137,1883.1849897154407,0.11704903080956139,100063,712.694681619827,multi_hotspot,440.8182830460729
4978.780706681134,3,final:multi_hotspot:b3:r064,0.08824518011637883,final:multi_hotspot:r064,144.8404095902888,9999.999999999996,586.0330917228375,882.4518011637883,0.05860330917228378,100064,296.4187094409508,multi_hotspot,151.57829985066246
5068.795204155115,3,final:multi_hotspot:b3:r065,0.1720655244715813,final:multi_hotspot:r065,132.41629624996267,10000.0,1240.995174364476,1720.655244715812,0.1240995174364476,100065,479.6600703513359,multi_hotspot,347.24377410137345
5013.581101997291,3,final:multi_hotspot:b3:r066,0.22373573689805004,final:multi_hotspot:r066,174.53657191677848,10000.0,1557.0564490736342,2237.3573689805,0.1557056449073634,100066,680.3009199068656,multi_hotspot,505.76434799008643
5034.208013103971,3,final:multi_hotspot:b3:r067,0.1774232886222873,final:multi_hotspot:r067,110.58536351196244,10000.0,1460.3565525071626,1774.2328862228715,0.14603565525071627,100067,313.8763337157088,multi_hotspot,203.29097020374616
5082.062294098764,3,final:multi_hotspot:b3:r068,0.4955121023473314,final:multi_hotspot:r068,865.5706705203347,10000.000000000002,3113.2360647225714,4955.1210234733135,0.3113236064722571,100068,1841.884958750742,multi_hotspot,976.314288230407
4953.708290761438,3,final:multi_hotspot:b3:r069,0.21372551446281673,final:multi_hotspot:r069,504.7670456452206,10000.000000000002,1193.2220848895458,2137.255144628167,0.11932220848895456,100069,944.033059738621,multi_hotspot,439.2660140934006
4883.480427976122,3,final:multi_hotspot:b3:r070,0.3598452667312082,final:multi_hotspot:r070,456.31236796846224,10000.0,2428.778311556435,3598.4526673120818,0.2428778311556435,100070,1169.674355755647,multi_hotspot,713.3619877871846
4949.186865210862,3,final:multi_hotspot:b3:r071,0.06549652710302312,final:multi_hotspot:r071,141.88249716207065,10000.0,390.33565206615094,654.9652710302307,0.03903356520661509,100071,264.6296189640798,multi_hotspot,122.74712180200936
5109.139918355546,3,final:multi_hotspot:b3:r072,0.21990564773076882,final:multi_hotspot:r072,243.35888722629898,9999.999999999998,1541.460104338319,2199.0564773076894,0.15414601043383194,100072,657.5963729693703,multi_hotspot,414.2374857430707
5031.822621891344,3,final:multi_hotspot:b3:r073,0.21406134576535762,final:multi_hotspot:r073,455.2732031451287,9999.999999999998,1370.2673121468738,2140.613457653577,0.1370267312146874,100073,770.3461455067031,multi_hotspot,315.07294236157395
5023.460830742901,3,final:multi_hotspot:b3:r074,0.08690486127872954,final:multi_hotspot:r074,190.4573148668619,9999.999999999996,496.7605825910041,869.0486127872955,0.04967605825910043,100074,372.2880301962914,multi_hotspot,181.83071532942995
4978.368085348295,3,final:multi_hotspot:b3:r075,0.28725653797482253,final:multi_hotspot:r075,131.61687831079098,10000.000000000002,2139.061609360592,2872.5653797482246,0.21390616093605913,100075,733.5037703876328,multi_hotspot,601.8868920768421
5035.4236396888555,3,final:multi_hotspot:b3:r076,0.2052505333607857,final:multi_hotspot:r076,246.7661977429625,10000.0,1455.7483437426945,2052.505333607858,0.14557483437426944,100076,596.7569898651636,multi_hotspot,349.99079212220136
5066.954497430883,3,final:multi_hotspot:b3:r077,0.24720792075434606,final:multi_hotspot:r077,238.32984793902597,10000.0,1810.372394342061,2472.0792075434583,0.1810372394342061,100077,661.7068132013974,multi_hotspot,423.3769652623714
5035.019690403079,3,final:multi_hotspot:b3:r078,0.3056348003019681,final:multi_hotspot:r078,-159.20217558224203,9999.999999999998,2707.8007840751116,3056.3480030196833,0.2707800784075112,100078,348.5472189445718,multi_hotspot,507.74939452681383
5095.580787302661,3,final:multi_hotspot:b3:r079,0.1386256923197312,final:multi_hotspot:r079,-257.76309594592567,9999.999999999996,1337.4500773797095,1386.2569231973102,0.133745007737971,100079,48.80684581760079,multi_hotspot,306.56994176352646
4934.356543292015,3,final:multi_hotspot:b3:r080,0.08897824976677682,final:multi_hotspot:r080,100.65474109375054,9999.999999999996,697.9694717607981,889.7824976677675,0.06979694717607984,100080,191.81302590696987,multi_hotspot,91.15828481321978
4957.13080919971,3,final:multi_hotspot:b3:r081,0.10800552679123832,final:multi_hotspot:r081,88.46799205081015,10000.0,784.2689669910942,1080.055267912383,0.07842689669910942,100081,295.7863009212888,multi_hotspot,207.31830887047818
4987.726371792611,3,final:multi_hotspot:b3:r082,0.34479722517946554,final:multi_hotspot:r082,405.6533838686296,10000.0,2330.2769295464664,3447.9722517946557,0.23302769295464665,100082,1117.6953222481893,multi_hotspot,712.0419383795601
5063.114855483991,3,final:multi_hotspot:b3:r083,0.17768042572430587,final:multi_hotspot:r083,406.0431738034931,9999.999999999998,969.0845939437904,1776.8042572430586,0.09690845939437906,100083,807.7196632992686,multi_hotspot,401.6764894957755
4962.2241512976725,3,final:multi_hotspot:b3:r084,0.0775634657482851,final:multi_hotspot:r084,38.5292925238773,10000.0,547.4392205571112,775.6346574828513,0.05474392205571112,100084,228.19543692574007,multi_hotspot,189.66614440186277
4965.054221717961,3,final:multi_hotspot:b3:r085,0.08757785019832065,final:multi_hotspot:r085,179.01563723212757,10000.000000000002,443.0389322764031,875.7785019832063,0.0443038932276403,100085,432.7395697068032,multi_hotspot,253.72393247467608
5087.408003795811,3,final:multi_hotspot:b3:r086,0.3571980243574998,final:multi_hotspot:r086,370.04442850034457,10000.000000000002,2498.7408274999298,3571.980243574998,0.24987408274999293,100086,1073.2394160750682,multi_hotspot,703.1949875747238
4954.390520800771,3,final:multi_hotspot:b3:r087,0.186874781202513,final:multi_hotspot:r087,182.71059013655258,10000.0,1321.8330467288406,1868.7478120251317,0.13218330467288406,100087,546.9147652962911,multi_hotspot,364.2041751597385
5019.209193057504,3,final:multi_hotspot:b3:r088,0.1316577663204035,final:multi_hotspot:r088,212.0903357912748,10000.0,870.6296432571344,1316.577663204036,0.08706296432571344,100088,445.9480199469017,multi_hotspot,233.85768415562757
4996.996607479768,3,final:multi_hotspot:b3:r089,0.0480471435345905,final:multi_hotspot:r089,95.78968727642223,9999.999999999996,264.83753151214296,480.4714353459076,0.026483753151214307,100089,215.63390383376463,multi_hotspot,119.8442165573415
4932.675961530276,3,final:multi_hotspot:b3:r090,0.34268711180172484,final:multi_hotspot:r090,208.19902409584074,10000.0,2578.1769551793845,3426.8711180172486,0.25781769551793843,100090,848.694162837864,multi_hotspot,640.4951387420238
4998.304459996503,3,final:multi_hotspot:b3:r091,0.15644987197923244,final:multi_hotspot:r091,370.2461016311331,9999.999999999998,892.7713309793317,1564.4987197923238,0.08927713309793318,100091,671.7273888129921,multi_hotspot,301.481287181859
5009.984816932311,3,final:multi_hotspot:b3:r092,0.15485763440706146,final:multi_hotspot:r092,339.4074728827427,9999.999999999998,896.5169638764337,1548.5763440706141,0.08965169638764338,100092,652.0593801941804,multi_hotspot,312.65190731143775
5032.870436165974,3,final:multi_hotspot:b3:r093,0.1601462315503539,final:multi_hotspot:r093,355.8245400639835,9999.999999999998,868.0526734059958,1601.4623155035388,0.0868052673405996,100093,733.4096420975429,multi_hotspot,377.58510203355945
5064.421114920607,3,final:multi_hotspot:b3:r094,0.1720717793634342,final:multi_hotspot:r094,265.9143159953883,10000.0,1044.5541759332646,1720.7177936343433,0.10445541759332645,100094,676.1636177010787,multi_hotspot,410.2493017056901
5047.69569089745,3,final:multi_hotspot:b3:r095,0.12265551056764346,final:multi_hotspot:r095,197.46041465601002,10000.000000000002,674.23001867946,1226.5551056764343,0.06742300186794599,100095,552.3250869969743,multi_hotspot,354.8646723409645
5035.217616749458,3,final:multi_hotspot:b3:r096,0.2583235588528645,final:multi_hotspot:r096,77.09805569628134,10000.0,2205.6238472862287,2583.235588528645,0.22056238472862288,100096,377.61174124241643,multi_hotspot,300.51368554613464
5001.92516259102,3,final:multi_hotspot:b3:r097,0.03907267491555355,final:multi_hotspot:r097,-116.63309970692262,10000.000000000002,401.28192554017187,390.7267491555358,0.04012819255401718,100097,-10.55517638463607,multi_hotspot,106.07792332228678
5091.9766847056935,3,final:multi_hotspot:b3:r098,0.5297517396472513,final:multi_hotspot:r098,492.1749346108836,10000.000000000005,3890.526061658913,5297.517396472514,0.3890526061658911,100098,1406.9913348136006,multi_hotspot,914.8164002027175
5007.438474003061,3,final:multi_hotspot:b3:r099,0.34840442426935736,final:multi_hotspot:r099,254.21762466318887,9999.999999999998,2540.3442521705892,3484.0442426935733,0.254034425217059,100099,943.6999905229841,multi_hotspot,689.482365859795
13312.76121967618,4,final:multi_hotspot:b4:r000,0.30988902909355576,final:multi_hotspot:r000,564.8665449526507,10000.000000000002,1946.7289249090213,3098.8902909355565,0.19467289249090208,100000,1152.1613660265352,multi_hotspot,587.2948210738848
13289.907075533676,4,final:multi_hotspot:b4:r001,0.16223549583821373,final:multi_hotspot:r001,101.93338759623566,10000.0,1253.4751470704314,1622.3549583821386,0.12534751470704314,100001,368.8798113117068,multi_hotspot,266.94642371547116
13179.674977073228,4,final:multi_hotspot:b4:r002,0.00855559596332478,final:multi_hotspot:r002,1.9747912777834244,10000.000000000002,71.9067852993594,85.55595963324595,0.007190678529935939,100002,13.649174333886549,multi_hotspot,11.674383056103125
13074.995592707812,4,final:multi_hotspot:b4:r003,0.24862759660094458,final:multi_hotspot:r003,255.6054422739744,9999.999999999998,1722.408993526452,2486.275966009447,0.17224089935264522,100003,763.8669724829952,multi_hotspot,508.26153020902075
13133.484616084199,4,final:multi_hotspot:b4:r004,0.22710742958512142,final:multi_hotspot:r004,155.22048843303037,10000.0,1810.4422062466629,2271.0742958512146,0.1810442206246663,100004,460.63208960455177,multi_hotspot,305.41160117152185
13181.321057216832,4,final:multi_hotspot:b4:r005,0.11898774336583207,final:multi_hotspot:r005,156.93791732580758,10000.000000000004,807.6314210962064,1189.8774336583228,0.08076314210962061,100005,382.2460125621169,multi_hotspot,225.30809523630887
13103.65593583295,4,final:multi_hotspot:b4:r006,0.11120875910950445,final:multi_hotspot:r006,193.38618405816487,10000.000000000004,661.556990219311,1112.0875910950454,0.06615569902193108,100006,450.5306008757343,multi_hotspot,257.144416817569
13060.741025851823,4,final:multi_hotspot:b4:r007,0.3961346016119668,final:multi_hotspot:r007,982.0322918700763,10000.0,2203.777851620142,3961.346016119668,0.2203777851620142,100007,1757.5681644995261,multi_hotspot,775.5358726294498
13276.946903864802,4,final:multi_hotspot:b4:r008,0.3300707363620321,final:multi_hotspot:r008,400.16060231073743,10000.000000000002,2307.7354318861703,3300.7073636203204,0.23077354318861698,100008,992.9719317341501,multi_hotspot,592.8113294234132
13044.099424576409,4,final:multi_hotspot:b4:r009,0.2085293733988126,final:multi_hotspot:r009,95.52002132175221,10000.000000000004,1558.8912821952194,2085.2937339881237,0.1558891282195219,100009,526.4024517929042,multi_hotspot,430.88243047115213
13105.288001687459,4,final:multi_hotspot:b4:r010,0.2765989991863528,final:multi_hotspot:r010,346.67964655843707,9999.999999999998,1959.4955508811372,2765.989991863529,0.19594955508811376,100010,806.494440982392,multi_hotspot,459.8147944239547
13392.464080247364,4,final:multi_hotspot:b4:r011,0.31950341926923675,final:multi_hotspot:r011,196.4285509709407,10000.000000000002,2271.312559316932,3195.0341926923666,0.22713125593169317,100011,923.7216333754345,multi_hotspot,727.2930824044936
13133.347145274425,4,final:multi_hotspot:b4:r012,0.08346962673839009,final:multi_hotspot:r012,236.78402021932698,10000.0,341.1578330953962,834.6962673838989,0.03411578330953962,100012,493.5384342885027,multi_hotspot,256.754414069175
13093.20338840661,4,final:multi_hotspot:b4:r013,0.43009391661548535,final:multi_hotspot:r013,596.7361605276847,10000.000000000002,2836.8520194281155,4300.939166154853,0.2836852019428115,100013,1464.087146726738,multi_hotspot,867.3509861990526
13214.510009991714,4,final:multi_hotspot:b4:r014,0.12208737386390389,final:multi_hotspot:r014,262.2814645394096,10000.0,591.9092971613745,1220.8737386390385,0.05919092971613745,100014,628.964441477664,multi_hotspot,366.68297693825366
12937.92310650166,4,final:multi_hotspot:b4:r015,0.20007348223828247,final:multi_hotspot:r015,264.65209258937284,9999.999999999996,1379.9541659369152,2000.7348223828249,0.13799541659369158,100015,620.7806564459092,multi_hotspot,356.12856385653595
13272.964144757532,4,final:multi_hotspot:b4:r016,0.18913881471282545,final:multi_hotspot:r016,300.6748662542832,10000.0,1212.6304837658308,1891.3881471282548,0.12126304837658308,100016,678.757663362424,multi_hotspot,378.0827971081411
13178.634823256707,4,final:multi_hotspot:b4:r017,0.12642104163903223,final:multi_hotspot:r017,230.1304742278021,10000.000000000002,733.8292055301572,1264.210416390326,0.0733829205530157,100017,530.3812108601687,multi_hotspot,300.2507366323671
13129.969545249176,4,final:multi_hotspot:b4:r018,0.20213701140471796,final:multi_hotspot:r018,310.0132646092161,10000.0,1350.151011672293,2021.3701140471803,0.13501510116722928,100018,671.2191023748874,multi_hotspot,361.2058377656708
13348.953979341764,4,final:multi_hotspot:b4:r019,0.3707309594014033,final:multi_hotspot:r019,420.75614015745623,10000.000000000002,2585.552791629316,3707.309594014034,0.25855527916293153,100019,1121.756802384718,multi_hotspot,701.0006622272617
13383.568619299826,4,final:multi_hotspot:b4:r020,0.2965168394128621,final:multi_hotspot:r020,235.35517066445573,9999.999999999998,2218.823290111544,2965.168394128622,0.22188232901115443,100020,746.345104017078,multi_hotspot,510.9899333526223
13181.491613417322,4,final:multi_hotspot:b4:r021,0.10398792628120723,final:multi_hotspot:r021,162.20895223408525,10000.0,726.047991937713,1039.8792628120736,0.0726047991937713,100021,313.8312708743606,multi_hotspot,151.6223186402758
13268.453937392978,4,final:multi_hotspot:b4:r022,0.1494216839222019,final:multi_hotspot:r022,360.3146621457445,9999.999999999998,786.3315334388226,1494.216839222021,0.07863315334388227,100022,707.8853057831984,multi_hotspot,347.57064363745417
13127.956913766022,4,final:multi_hotspot:b4:r023,0.22666337718944474,final:multi_hotspot:r023,410.77723170124455,10000.0,1298.0381241399677,2266.633771894448,0.12980381241399677,100023,968.5956477544801,multi_hotspot,557.8184160532358
13151.238645292027,4,final:multi_hotspot:b4:r024,0.18033593657167313,final:multi_hotspot:r024,82.89235189157762,9999.999999999998,1342.2027683372917,1803.3593657167312,0.1342202768337292,100024,461.1565973794395,multi_hotspot,378.26424548786144
13180.37131367036,4,final:multi_hotspot:b4:r025,0.39282843674811874,final:multi_hotspot:r025,516.9918757328987,10000.0,2622.0823680222056,3928.2843674811866,0.26220823680222055,100025,1306.201999458981,multi_hotspot,789.2101237260824
12978.557624869061,4,final:multi_hotspot:b4:r026,0.23598396495290874,final:multi_hotspot:r026,313.74232298740117,10000.0,1557.5475263270764,2359.839649529087,0.15575475263270763,100026,802.2921232020108,multi_hotspot,488.54980021461006
13127.319610527542,4,final:multi_hotspot:b4:r027,0.2382012040340168,final:multi_hotspot:r027,396.7547055607529,10000.0,1508.4945531409503,2382.012040340167,0.15084945531409502,100027,873.5174871992167,multi_hotspot,476.7627816384638
13387.381937103051,4,final:multi_hotspot:b4:r028,0.23130027480994475,final:multi_hotspot:r028,238.7663194323136,10000.000000000004,1547.1362910726916,2313.0027480994486,0.1547136291072691,100028,765.866457026757,multi_hotspot,527.1001375944431
13118.332467722277,4,final:multi_hotspot:b4:r029,0.10487270746588129,final:multi_hotspot:r029,134.53797515521865,10000.0,658.5582864563048,1048.7270746588129,0.06585582864563048,100029,390.16878820250804,multi_hotspot,255.63081304728985
13333.695878320294,4,final:multi_hotspot:b4:r030,0.2282405378866298,final:multi_hotspot:r030,448.19087932230286,10000.0,1516.0414640706958,2282.4053788662977,0.1516041464070696,100030,766.3639147956019,multi_hotspot,318.17303547329834
13253.022319508358,4,final:multi_hotspot:b4:r031,0.297837750868268,final:multi_hotspot:r031,289.6189853736678,10000.000000000002,2154.911374826574,2978.377508682679,0.21549113748265736,100031,823.466133856105,multi_hotspot,533.8471484824369
13126.857124493752,4,final:multi_hotspot:b4:r032,0.2710591912019973,final:multi_hotspot:r032,507.35116957087484,9999.999999999998,1616.9693191946835,2710.5919120199733,0.16169693191946838,100032,1093.6225928252898,multi_hotspot,586.2714232544149
13193.119669070053,4,final:multi_hotspot:b4:r033,0.1466365712076102,final:multi_hotspot:r033,-248.57097915043778,10000.0,1354.7184784235287,1466.3657120761,0.13547184784235286,100033,111.64723365257123,multi_hotspot,360.218212803009
13187.612343478544,4,final:multi_hotspot:b4:r034,0.14092336222760093,final:multi_hotspot:r034,50.880512738021025,10000.0,1099.7107841899096,1409.2336222760096,0.10997107841899097,100034,309.52283808610036,multi_hotspot,258.64232534807934
13072.785643644396,4,final:multi_hotspot:b4:r035,0.030190578938275592,final:multi_hotspot:r035,19.051000654374548,10000.0,240.2860611850747,301.90578938275576,0.02402860611850747,100035,61.619728197681525,multi_hotspot,42.56872754330698
13193.52949614326,4,final:multi_hotspot:b4:r036,0.10383696816680454,final:multi_hotspot:r036,63.284485831646634,10000.0,726.3731477301026,1038.3696816680476,0.07263731477301026,100036,311.99653393794415,multi_hotspot,248.71204810629752
13226.194120595315,4,final:multi_hotspot:b4:r037,0.10471691833666164,final:multi_hotspot:r037,-3.172228028306108,9999.999999999998,925.7568713294104,1047.1691833666173,0.09257568713294105,100037,121.4123120372069,multi_hotspot,124.58454006551256
13173.50401898313,4,final:multi_hotspot:b4:r038,0.14617265773733346,final:multi_hotspot:r038,354.0346966474576,10000.0,827.6967242881728,1461.7265773733343,0.08276967242881729,100038,634.0298530851614,multi_hotspot,279.9951564377043
13190.644574665968,4,final:multi_hotspot:b4:r039,0.2950909498105293,final:multi_hotspot:r039,502.9193660713149,10000.000000000002,1916.0742420946299,2950.909498105293,0.19160742420946295,100039,1034.8352560106632,multi_hotspot,531.9158899393485
13449.1255907378,4,final:multi_hotspot:b4:r040,0.11810662728975674,final:multi_hotspot:r040,252.5396709983802,10000.0,602.961915916715,1181.0662728975694,0.0602961915916715,100040,578.1043569808544,multi_hotspot,325.564685982474
12908.790027443069,4,final:multi_hotspot:b4:r041,0.26770958960932345,final:multi_hotspot:r041,288.91214166345026,10000.000000000002,1807.7208766548483,2677.095896093235,0.1807720876654848,100041,869.3750194383865,multi_hotspot,580.4628777749363
13040.318578176957,4,final:multi_hotspot:b4:r042,0.09490481535380568,final:multi_hotspot:r042,87.32525852764275,9999.999999999998,750.3327543970245,949.0481535380568,0.07503327543970247,100042,198.71539914103232,multi_hotspot,111.3901406133889
13223.562585387117,4,final:multi_hotspot:b4:r043,0.1136384961984892,final:multi_hotspot:r043,457.1408537198581,9999.999999999998,434.5715840348221,1136.3849619848916,0.043457158403482216,100043,701.813377950069,multi_hotspot,244.67252423021137
13262.263310508686,4,final:multi_hotspot:b4:r044,0.21008245146603965,final:multi_hotspot:r044,126.66444391414598,9999.999999999998,1546.9923592194145,2100.8245146603967,0.15469923592194149,100044,553.8321554409822,multi_hotspot,427.167711526836
13079.479444064116,4,final:multi_hotspot:b4:r045,0.09642718231327163,final:multi_hotspot:r045,246.62156295936347,10000.0,540.2361197475584,964.271823132718,0.05402361197475584,100045,424.03570338515965,multi_hotspot,177.41414042579686
13138.64609926683,4,final:multi_hotspot:b4:r046,0.15778764530755685,final:multi_hotspot:r046,185.00949594833264,10000.0,1094.3777284228545,1577.8764530755707,0.10943777284228545,100046,483.49872465271665,multi_hotspot,298.48922870438446
13255.225095055113,4,final:multi_hotspot:b4:r047,0.13391905733288112,final:multi_hotspot:r047,120.9190958239924,10000.0,1035.312546422655,1339.1905733288113,0.10353125464226551,100047,303.87802690615626,multi_hotspot,182.95893108216364
13259.732595873691,4,final:multi_hotspot:b4:r048,0.17717016810436914,final:multi_hotspot:r048,377.3790767619885,9999.999999999998,1020.0421064055536,1771.7016810436908,0.10200421064055537,100048,751.6595746381377,multi_hotspot,374.28049787614873
13221.349530737303,4,final:multi_hotspot:b4:r049,0.24476482415520306,final:multi_hotspot:r049,248.65911065304408,10000.0,1706.5063105536096,2447.6482415520304,0.17065063105536096,100049,741.1419309984208,multi_hotspot,492.48282034537624
13366.91313741713,4,final:multi_hotspot:b4:r050,0.14369712650390687,final:multi_hotspot:r050,328.2171387894509,10000.000000000002,813.8839187038193,1436.9712650390684,0.08138839187038191,100050,623.0873463352491,multi_hotspot,294.87020754579726
13121.613276863362,4,final:multi_hotspot:b4:r051,0.22199192853985472,final:multi_hotspot:r051,40.5556430475699,9999.999999999996,1692.0312664643866,2219.919285398544,0.16920312664643872,100051,527.8880189341576,multi_hotspot,487.33237588658756
12922.157652738488,4,final:multi_hotspot:b4:r052,0.24535491080161287,final:multi_hotspot:r052,313.7052903837425,10000.0,1551.1994583005999,2453.5491080161264,0.15511994583005997,100052,902.3496497155265,multi_hotspot,588.6443593317844
13358.67068164931,4,final:multi_hotspot:b4:r053,0.3764731675736288,final:multi_hotspot:r053,547.5700412541833,9999.999999999998,2309.5379196789117,3764.731675736287,0.2309537919678912,100053,1455.1937560573751,multi_hotspot,907.6237148031917
13114.183288153323,4,final:multi_hotspot:b4:r054,0.2519285476977162,final:multi_hotspot:r054,296.104968198043,10000.000000000002,1746.7174915569772,2519.285476977162,0.1746717491556977,100054,772.5679854201849,multi_hotspot,476.46301722214196
13423.951816548113,4,final:multi_hotspot:b4:r055,0.22261088725431888,final:multi_hotspot:r055,386.21952145472187,9999.999999999996,1360.8615050062517,2226.1088725431873,0.13608615050062522,100055,865.2473675369356,multi_hotspot,479.0278460822137
13344.920713233843,4,final:multi_hotspot:b4:r056,0.1721667482172452,final:multi_hotspot:r056,-151.2482108277868,10000.000000000004,1482.3245756911206,1721.6674821724519,0.148232457569112,100056,239.34290648133174,multi_hotspot,390.59111730911854
13210.15689341123,4,final:multi_hotspot:b4:r057,0.08561685996518298,final:multi_hotspot:r057,57.98277269774417,10000.0,646.144466283884,856.1685996518299,0.06461444662838839,100057,210.02413336794598,multi_hotspot,152.04136067020158
13429.368523483725,4,final:multi_hotspot:b4:r058,0.2593157106234679,final:multi_hotspot:r058,411.03563413663505,10000.000000000002,1743.1559931761803,2593.1571062346793,0.174315599317618,100058,850.001113058499,multi_hotspot,438.9654789218637
13140.858582440524,4,final:multi_hotspot:b4:r059,0.2716794264701323,final:multi_hotspot:r059,414.87493094261754,10000.000000000002,1814.953698437168,2716.7942647013224,0.18149536984371675,100059,901.8405662641544,multi_hotspot,486.96563532153687
13264.865636219203,4,final:multi_hotspot:b4:r060,0.3325208942001251,final:multi_hotspot:r060,250.6184739912037,10000.0,2288.406021645509,3325.2089420012508,0.2288406021645509,100060,1036.8029203557417,multi_hotspot,786.1844463645384
13161.6763977958,4,final:multi_hotspot:b4:r061,0.2369001888032799,final:multi_hotspot:r061,294.1723661224355,10000.000000000002,1627.6361948730641,2369.001888032799,0.1627636194873064,100061,741.3656931597347,multi_hotspot,447.19332703729924
13126.523260117854,4,final:multi_hotspot:b4:r062,0.21027056274483258,final:multi_hotspot:r062,-78.55213161926758,10000.000000000002,1704.9327735265233,2102.7056274483266,0.1704932773526523,100062,397.7728539218033,multi_hotspot,476.3249855410704
13242.689934709568,4,final:multi_hotspot:b4:r063,0.18831849897154407,final:multi_hotspot:r063,271.87639857375416,9999.999999999998,1170.4903080956137,1883.1849897154407,0.11704903080956139,100063,712.694681619827,multi_hotspot,440.8182830460729
13069.299355037976,4,final:multi_hotspot:b4:r064,0.08824518011637883,final:multi_hotspot:r064,144.8404095902888,9999.999999999996,586.0330917228375,882.4518011637883,0.05860330917228378,100064,296.4187094409508,multi_hotspot,151.57829985066246
13305.587410907177,4,final:multi_hotspot:b4:r065,0.1720655244715812,final:multi_hotspot:r065,132.41629624996267,10000.0,1240.995174364476,1720.655244715812,0.1240995174364476,100065,479.6600703513359,multi_hotspot,347.24377410137345
13160.650392742888,4,final:multi_hotspot:b4:r066,0.22373573689805004,final:multi_hotspot:r066,174.53657191677848,10000.0,1557.0564490736342,2237.3573689805,0.1557056449073634,100066,680.3009199068656,multi_hotspot,505.76434799008643
13214.796034397923,4,final:multi_hotspot:b4:r067,0.1774232886222873,final:multi_hotspot:r067,110.58536351196244,10000.0,1460.3565525071626,1774.2328862228715,0.14603565525071627,100067,313.8763337157088,multi_hotspot,203.29097020374616
13340.413522009256,4,final:multi_hotspot:b4:r068,0.5445529885070206,final:multi_hotspot:r068,1205.5504063801236,10000.000000000002,3183.911855865701,5445.529885070206,0.31839118558657004,100068,2261.6180292045046,multi_hotspot,1056.067622824381
13003.484263248773,4,final:multi_hotspot:b4:r069,0.21372551446281673,final:multi_hotspot:r069,504.7670456452206,10000.000000000002,1193.2220848895458,2137.255144628167,0.11932220848895456,100069,944.033059738621,multi_hotspot,439.2660140934006
12819.136123437322,4,final:multi_hotspot:b4:r070,0.3598452667312083,final:multi_hotspot:r070,456.31236796846224,10000.0,2428.778311556435,3598.4526673120818,0.2428778311556435,100070,1169.674355755647,multi_hotspot,713.3619877871846
12991.615521178514,4,final:multi_hotspot:b4:r071,0.06549652710302312,final:multi_hotspot:r071,141.88249716207065,10000.0,390.33565206615276,654.9652710302325,0.03903356520661527,100071,264.6296189640798,multi_hotspot,122.74712180200913
13411.492285683307,4,final:multi_hotspot:b4:r072,0.21990564773076882,final:multi_hotspot:r072,243.35888722629898,9999.999999999998,1541.460104338319,2199.0564773076894,0.15414601043383194,100072,657.5963729693703,multi_hotspot,414.2374857430707
13208.534382464777,4,final:multi_hotspot:b4:r073,0.21406134576535762,final:multi_hotspot:r073,455.2732031451287,9999.999999999998,1370.2673121468738,2140.613457653577,0.1370267312146874,100073,770.3461455067031,multi_hotspot,315.07294236157395
13186.584680700114,4,final:multi_hotspot:b4:r074,0.08690486127872954,final:multi_hotspot:r074,190.4573148668619,9999.999999999996,496.7605825910032,869.0486127872955,0.049676058259100334,100074,372.2880301962923,multi_hotspot,181.83071532943018
13068.216224039274,4,final:multi_hotspot:b4:r075,0.28725653797482253,final:multi_hotspot:r075,131.61687831079098,10000.000000000002,2139.061609360592,2872.5653797482246,0.21390616093605913,100075,733.5037703876328,multi_hotspot,601.8868920768421
13217.987054183246,4,final:multi_hotspot:b4:r076,0.2052505333607857,final:multi_hotspot:r076,246.7661977429625,10000.0,1455.7483437426945,2052.505333607858,0.14557483437426944,100076,596.7569898651636,multi_hotspot,349.99079212220136
13300.755555756066,4,final:multi_hotspot:b4:r077,0.24720792075434606,final:multi_hotspot:r077,238.32984793902597,10000.0,1810.372394342061,2472.0792075434583,0.1810372394342061,100077,661.7068132013974,multi_hotspot,423.3769652623714
13216.926687308083,4,final:multi_hotspot:b4:r078,0.3056348003019681,final:multi_hotspot:r078,-159.20217558224203,9999.999999999998,2707.8007840751116,3056.3480030196833,0.2707800784075112,100078,348.5472189445718,multi_hotspot,507.74939452681383
13375.899566669483,4,final:multi_hotspot:b4:r079,0.1386256923197312,final:multi_hotspot:r079,-257.76309594592567,9999.999999999996,1337.4500773797095,1386.2569231973102,0.133745007737971,100079,48.80684581760079,multi_hotspot,306.56994176352634
12952.685926141537,4,final:multi_hotspot:b4:r080,0.08897824976677682,final:multi_hotspot:r080,100.65474109375054,9999.999999999996,697.9694717607981,889.7824976677675,0.06979694717607984,100080,191.81302590696987,multi_hotspot,91.15828481321978
13012.468374149239,4,final:multi_hotspot:b4:r081,0.10800552679123832,final:multi_hotspot:r081,88.46799205081015,10000.0,784.2689669910924,1080.0552679123812,0.07842689669910924,100081,295.7863009212888,multi_hotspot,207.31830887047818
13092.781725955603,4,final:multi_hotspot:b4:r082,0.34479722517946554,final:multi_hotspot:r082,405.6533838686296,10000.0,2330.2769295464664,3447.9722517946557,0.23302769295464665,100082,1117.6953222481893,multi_hotspot,712.0419383795601
13290.676495645475,4,final:multi_hotspot:b4:r083,0.17768042572430587,final:multi_hotspot:r083,406.0431738034931,9999.999999999998,969.0845939437904,1776.8042572430586,0.09690845939437906,100083,807.7196632992686,multi_hotspot,401.6764894957755
13025.838397156389,4,final:multi_hotspot:b4:r084,0.0775634657482851,final:multi_hotspot:r084,38.5292925238773,10000.0,547.4392205571112,775.6346574828513,0.05474392205571112,100084,228.19543692574007,multi_hotspot,189.66614440186277
13033.267332009646,4,final:multi_hotspot:b4:r085,0.08757785019832065,final:multi_hotspot:r085,179.01563723212757,10000.000000000002,443.0389322764031,875.7785019832063,0.0443038932276403,100085,432.7395697068032,multi_hotspot,253.72393247467585
13354.446009964004,4,final:multi_hotspot:b4:r086,0.3571980243574998,final:multi_hotspot:r086,370.04442850034457,10000.000000000002,2498.7408274999298,3571.980243574998,0.24987408274999293,100086,1073.2394160750682,multi_hotspot,703.1949875747238
13005.275117102023,4,final:multi_hotspot:b4:r087,0.186874781202513,final:multi_hotspot:r087,182.71059013655258,10000.0,1321.8330467288406,1868.7478120251317,0.13218330467288406,100087,546.9147652962911,multi_hotspot,364.2041751597385
13175.424131775948,4,final:multi_hotspot:b4:r088,0.1316577663204035,final:multi_hotspot:r088,212.0903357912748,10000.0,870.6296432571344,1316.577663204036,0.08706296432571344,100088,445.9480199469017,multi_hotspot,233.85768415562757
13117.11609463439,4,final:multi_hotspot:b4:r089,0.0480471435345905,final:multi_hotspot:r089,95.78968727642223,9999.999999999996,264.83753151214296,480.4714353459076,0.026483753151214307,100089,215.63390383376463,multi_hotspot,119.8442165573415
12948.274399016975,4,final:multi_hotspot:b4:r090,0.34268711180172484,final:multi_hotspot:r090,208.19902409584074,10000.0,2578.1769551793845,3426.8711180172486,0.25781769551793843,100090,848.694162837864,multi_hotspot,640.4951387420238
13120.549207490822,4,final:multi_hotspot:b4:r091,0.15644987197923244,final:multi_hotspot:r091,370.2461016311331,9999.999999999998,892.7713309793317,1564.4987197923238,0.08927713309793318,100091,671.7273888129921,multi_hotspot,301.481287181859
13151.210144447316,4,final:multi_hotspot:b4:r092,0.15485763440706146,final:multi_hotspot:r092,339.4074728827427,9999.999999999998,896.5169638764337,1548.5763440706141,0.08965169638764338,100092,652.0593801941804,multi_hotspot,312.651907311438
13211.284894935681,4,final:multi_hotspot:b4:r093,0.1601462315503539,final:multi_hotspot:r093,355.8245400639835,9999.999999999998,868.0526734059958,1601.4623155035388,0.0868052673405996,100093,733.4096420975429,multi_hotspot,377.5851020335592
13294.105426666592,4,final:multi_hotspot:b4:r094,0.1720717793634342,final:multi_hotspot:r094,265.9143159953883,10000.0,1044.5541759332646,1720.7177936343433,0.10445541759332645,100094,676.1636177010787,multi_hotspot,410.2493017056901
13250.201188605804,4,final:multi_hotspot:b4:r095,0.12265551056764346,final:multi_hotspot:r095,197.46041465601002,10000.000000000002,674.23001867946,1226.5551056764343,0.06742300186794599,100095,552.3250869969743,multi_hotspot,354.8646723409645
13217.446243967326,4,final:multi_hotspot:b4:r096,0.2583235588528643,final:multi_hotspot:r096,77.09805569628134,10000.0,2205.6238472862287,2583.235588528645,0.22056238472862288,100096,377.61174124241643,multi_hotspot,300.51368554613487
13130.053551801428,4,final:multi_hotspot:b4:r097,0.03907267491555355,final:multi_hotspot:r097,-116.63309970692262,10000.000000000002,401.28192554017187,390.7267491555358,0.04012819255401718,100097,-10.55517638463607,multi_hotspot,106.07792332228678
13366.438797352446,4,final:multi_hotspot:b4:r098,0.5297517396472513,final:multi_hotspot:r098,492.1749346108836,10000.000000000005,3890.526061658913,5297.517396472514,0.3890526061658911,100098,1406.9913348136006,multi_hotspot,914.8164002027175
13144.525994258034,4,final:multi_hotspot:b4:r099,0.34840442426935736,final:multi_hotspot:r099,254.21762466318887,9999.999999999998,2540.3442521705892,3484.0442426935733,0.254034425217059,100099,943.6999905229841,multi_hotspot,689.482365859795
1019.5578820486506,0,final:regular:b0:r000,0.02542453528321098,final:regular:r000,46.89137561991265,10000.0,261.0386989241697,254.2453528321098,0.02610386989241697,90000,-6.793346092059778,regular,-53.68472171197243
1006.6314170234398,0,final:regular:b0:r001,0.0745418135159544,final:regular:r001,37.86228432101677,10000.000000000002,646.9895215027882,745.4181351595441,0.06469895215027881,90001,98.42861365675594,regular,60.566329335739226
1006.0191198104532,0,final:regular:b0:r002,0.1479460893566322,final:regular:r002,94.38780711999493,9999.999999999998,1285.7421109380687,1479.460893566322,0.1285742110938069,90002,193.7187826282534,regular,99.33097550825846
1004.202491104028,0,final:regular:b0:r003,0.18702713352810812,final:regular:r003,-23.034068247088726,10000.0,1662.009240003931,1870.271335281081,0.1662009240003931,90003,208.26209527715025,regular,231.29616352423898
1017.580041842466,0,final:regular:b0:r004,0.1729125745020097,final:regular:r004,111.79025218444144,10000.0,1506.9493947187127,1729.1257450200967,0.15069493947187126,90004,222.176350301384,regular,110.38609811694255
1014.9284883945671,0,final:regular:b0:r005,0.07165746682619192,final:regular:r005,100.68197767412994,10000.0,603.3349631598871,716.5746682619194,0.060333496315988715,90005,113.2397051020323,regular,12.557727427902364
1009.5084058033498,0,final:regular:b0:r006,0.0,final:regular:r006,0.0,10000.000000000002,0.0,0.0,0.0,90006,0.0,regular,0.0
1024.858720786559,0,final:regular:b0:r007,0.006688753460780544,final:regular:r007,-120.74669933129042,10000.000000000002,233.40331742429612,66.88753460780481,0.023340331742429606,90007,-166.5157828164913,regular,-45.76908348520095
1015.1058537074205,0,final:regular:b0:r008,0.0032097414128419988,final:regular:r008,13.829824275461306,10000.0,12.120098626476192,32.09741412842004,0.0012120098626476191,90008,19.977315501943963,regular,6.147491226482714
1011.1010646878619,0,final:regular:b0:r009,0.07130957731386553,final:regular:r009,135.4469016910524,9999.999999999998,611.6034101472324,713.0957731386557,0.06116034101472324,90009,101.4923629914233,regular,-33.95453869962904
1026.993377499954,0,final:regular:b0:r010,-0.0027036383947085796,final:regular:r010,-116.49853648846488,10000.0,99.35388222113284,-27.036383947085596,0.009935388222113284,90010,-126.39026616821855,regular,-9.891729679753666
1002.6331370947223,0,final:regular:b0:r011,0.0,final:regular:r011,0.0,10000.0,0.0,0.0,0.0,90011,0.0,regular,0.0
1018.2861069720196,0,final:regular:b0:r012,0.0,final:regular:r012,0.0,10000.0,0.0,0.0,0.0,90012,0.0,regular,0.0
1021.3858713064105,0,final:regular:b0:r013,0.12276129994954757,final:regular:r013,96.95632598495968,10000.0,1031.8586372982681,1227.6129994954758,0.10318586372982681,90013,195.75436219720757,regular,98.79803621224795
1018.6061982910927,0,final:regular:b0:r014,0.06386743847554921,final:regular:r014,103.27776149735166,10000.000000000002,444.57209919708873,638.6743847554917,0.04445720991970886,90014,194.10228555840297,regular,90.82452406105122
1013.8252465528285,0,final:regular:b0:r015,0.022508090328965807,final:regular:r015,-79.73012530486312,9999.999999999996,361.82144687951495,225.08090328965818,0.03618214468795151,90015,-136.74054358985677,regular,-57.01041828499365
1010.6015322005826,0,final:regular:b0:r016,0.10693570214834405,final:regular:r016,158.64354619481594,10000.0,878.8396366264086,1069.357021483441,0.08788396366264085,90016,190.51738485703243,regular,31.873838662216542
1004.1767783112292,0,final:regular:b0:r017,0.0,final:regular:r017,0.0,10000.0,0.0,0.0,0.0,90017,0.0,regular,0.0
997.1920641987865,0,final:regular:b0:r018,0.024585639226850114,final:regular:r018,62.738261759255124,9999.999999999998,230.0804810774971,245.8563922685007,0.023008048107749715,90018,15.775911191003615,regular,-46.96235056825142
999.6143797690064,0,final:regular:b0:r019,0.002664259874319508,final:regular:r019,-3.325893773159464,9999.999999999998,26.642598743194867,26.642598743194867,0.002664259874319487,90019,1.1368683772161603e-13,regular,3.325893773159521
1007.8141583852995,0,final:regular:b0:r020,0.00489629675870204,final:regular:r020,1.1997351070959894,10000.000000000002,37.22729993408802,48.9629675870201,0.0037227299934088015,90020,11.735667652931966,regular,10.535932545836033
1014.9933309264561,0,final:regular:b0:r021,0.08762757741991503,final:regular:r021,-59.604794382625414,9999.999999999996,837.6722352729339,876.2757741991504,0.08376722352729342,90021,38.603538926216515,regular,98.20833330884187
1019.1099973118568,0,final:regular:b0:r022,0.18003680831854013,final:regular:r022,-61.759855327041464,10000.0,1697.204455890437,1800.3680831854015,0.1697204455890437,90022,103.1636272949645,regular,164.923482622006
1022.2398511405037,0,final:regular:b0:r023,0.05985337204229815,final:regular:r023,107.5008183109885,9999.999999999998,514.0935502256737,598.5337204229818,0.051409355022567375,90023,84.44017019730813,regular,-23.060648113680372
995.3205304124131,0,final:regular:b0:r024,0.03751424075202375,final:regular:r024,-20.573481706776192,10000.000000000002,406.57420658362025,375.1424075202376,0.04065742065836202,90024,-31.43179906338264,regular,-10.858317356606449
998.1061839173229,0,final:regular:b0:r025,0.07340264330131843,final:regular:r025,-36.186942498379494,10000.0,722.8159868176135,734.0264330131845,0.07228159868176136,90025,11.210446195570853,regular,47.39738869395035
1000.6856321552085,0,final:regular:b0:r026,0.07764934073745838,final:regular:r026,-87.89188700372824,10000.0,709.3673463589134,776.4934073745842,0.07093673463589134,90026,67.12606101567064,regular,155.01794801939894
1019.3692937129599,0,final:regular:b0:r027,0.07128102016317833,final:regular:r027,87.85942579652726,10000.000000000002,603.1733906445152,712.8102016317835,0.060317339064451504,90027,109.63681098726806,regular,21.7773851907408
1016.2913589660247,0,final:regular:b0:r028,0.014304393593830955,final:regular:r028,-3.581198844600749,9999.999999999996,98.7437266094164,143.04393593830946,0.009874372660941643,90028,44.300209328893175,regular,47.881408173493924
1004.1075978792296,0,final:regular:b0:r029,0.08791283255219534,final:regular:r029,-143.33545279278496,10000.000000000004,884.277586574316,879.1283255219532,0.08842775865743158,90029,-5.149261052362704,regular,138.18619174042223
1023.4583102089397,0,final:regular:b0:r030,0.053448950889255636,final:regular:r030,-8.297602207777572,9999.999999999998,580.2676357038538,534.4895088925564,0.05802676357038539,90030,-45.77812681129751,regular,-37.480524603519996
1015.6577231792386,0,final:regular:b0:r031,0.05793355159358571,final:regular:r031,15.040204240028402,10000.000000000004,596.7650355642686,579.3355159358557,0.05967650355642684,90031,-17.429519628413118,regular,-32.46972386844152
1017.7031308803613,0,final:regular:b0:r032,0.04789333943194546,final:regular:r032,126.7165555099823,10000.000000000002,314.34712276250957,478.9333943194547,0.03143471227625095,90032,164.58627155694523,regular,37.86971604696299
1037.3645544707736,0,final:regular:b0:r033,0.07537282731624176,final:regular:r033,83.0557120975509,10000.0,640.9958723723314,753.7282731624177,0.06409958723723314,90033,112.73240079008633,regular,29.67668869253538
1033.7403488024563,0,final:regular:b0:r034,0.11510903405399617,final:regular:r034,-35.68388671948844,10000.0,1120.6590801586601,1151.0903405399617,0.11206590801586601,90034,30.431260381301627,regular,66.11514710079001
1026.5319437038527,0,final:regular:b0:r035,0.0,final:regular:r035,0.0,10000.000000000002,0.0,0.0,0.0,90035,0.0,regular,0.0
1017.6802530427796,0,final:regular:b0:r036,0.0,final:regular:r036,0.0,10000.0,0.0,0.0,0.0,90036,0.0,regular,0.0
1026.0399670473655,0,final:regular:b0:r037,0.04587551077815069,final:regular:r037,-126.34590069493072,10000.000000000002,533.3313039677578,458.7551077815069,0.05333313039677577,90037,-74.57619618625085,regular,51.76970450867981
991.2833679282007,0,final:regular:b0:r038,0.04560985928547398,final:regular:r038,0.9629107917724014,10000.000000000004,356.10344913053245,456.09859285473976,0.03561034491305323,90038,99.9951437242072,regular,99.03223293243485
1034.7632860287015,0,final:regular:b0:r039,0.0013165326921083798,final:regular:r039,-141.90717664597105,10000.000000000002,122.26098585940395,13.16532692108376,0.012226098585940393,90039,-109.09565893832007,regular,32.81151770765098
998.0508966789442,0,final:regular:b0:r040,0.17954410394976447,final:regular:r040,135.1146054085275,9999.999999999998,1476.6684043573268,1795.4410394976446,0.14766684043573272,90040,318.7726351403178,regular,183.65802973179038
1018.5920254936859,0,final:regular:b0:r041,0.09011485037410547,final:regular:r041,166.02835070278104,10000.000000000002,678.4712965421882,901.1485037410548,0.06784712965421881,90041,222.67720719886665,regular,56.64885649608556
1007.819202876089,0,final:regular:b0:r042,0.22831525030250788,final:regular:r042,42.03995848320778,9999.999999999998,1988.8636803244722,2283.1525030250787,0.19888636803244725,90042,294.2888227006066,regular,252.24886421739882
1018.4232526970368,0,final:regular:b0:r043,0.008780410554401985,final:regular:r043,5.115118294409285,10000.000000000004,66.76911497855758,87.80410554401988,0.0066769114978557555,90043,21.034990565462408,regular,15.919872271053094
1022.4857656306137,0,final:regular:b0:r044,0.10018941671399514,final:regular:r044,5.6756636106957785,10000.0,843.8362420439666,1001.8941671399512,0.08438362420439667,90044,158.0579250959844,regular,152.38226148528867
1011.9852687990425,0,final:regular:b0:r045,0.10849934947322293,final:regular:r045,68.01596192920397,10000.0,978.9671923217591,1084.993494732229,0.09789671923217591,90045,106.02630241046995,regular,38.010340481265985
1022.6780671889932,0,final:regular:b0:r046,0.05904778523368551,final:regular:r046,107.0868832884546,10000.000000000002,385.5601376888666,590.4778523368548,0.03855601376888665,90046,204.9177146479882,regular,97.83083135953362
1020.4899522507271,0,final:regular:b0:r047,0.07669117610807383,final:regular:r047,41.68445000834754,10000.000000000002,693.8082852260759,766.9117610807382,0.06938082852260757,90047,73.10347585466229,regular,31.419025846314753
1001.342074826714,0,final:regular:b0:r048,0.05325087902970235,final:regular:r048,72.79591852599503,10000.0,513.7239363711839,532.5087902970231,0.05137239363711839,90048,18.78485392583923,regular,-54.01106460015575
1022.8411848998751,0,final:regular:b0:r049,0.0586856595840044,final:regular:r049,20.20172438269219,9999.999999999998,512.3172619696638,586.8565958400441,0.05123172619696639,90049,74.53933387038023,regular,54.33760948768804
1011.3680237740896,0,final:regular:b0:r050,0.013076131327134422,final:regular:r050,-153.95498820460807,10000.0,228.0828540130267,130.76131327134453,0.02280828540130267,90050,-97.32154074168216,regular,56.633447462925915
996.1532503122564,0,final:regular:b0:r051,0.055643849891936714,final:regular:r051,67.52681218243765,10000.0,533.5842898815949,556.4384989193668,0.05335842898815949,90051,22.854209037771852,regular,-44.6726031446658
996.7041931311385,0,final:regular:b0:r052,0.06242424353607365,final:regular:r052,19.43569274177844,9999.999999999998,588.456313336194,624.2424353607362,0.058845631333619405,90052,35.786122024542124,regular,16.350429282763685
1017.7959983666864,0,final:regular:b0:r053,0.053462413899027866,final:regular:r053,55.09439521011325,10000.000000000002,487.12859246163,534.6241389902789,0.04871285924616299,90053,47.49554652864879,regular,-7.59884868146446
1013.1290630993024,0,final:regular:b0:r054,0.11538940782779328,final:regular:r054,-17.038809023248973,9999.999999999998,1123.152977783155,1153.8940782779332,0.11231529777831552,90054,30.741100494778266,regular,47.77990951802724
1004.1907964627202,0,final:regular:b0:r055,0.09362879032551896,final:regular:r055,56.710384375521926,10000.0,778.0252101853515,936.28790325519,0.07780252101853515,90055,158.26269306983852,regular,101.55230869431668
1008.0193061783326,0,final:regular:b0:r056,0.039340243685206555,final:regular:r056,102.36596815696453,10000.0,292.14257138565495,393.4024368520659,0.029214257138565496,90056,101.25986546641093,regular,-1.106102690553655
1017.3429911526712,0,final:regular:b0:r057,0.01944976204681867,final:regular:r057,51.562734792618585,10000.000000000002,184.70898032872333,194.49762046818614,0.01847089803287233,90057,9.7886401394627,regular,-41.774094653155885
1005.5410456080878,0,final:regular:b0:r058,0.058276094837366094,final:regular:r058,105.67278368281802,9999.999999999996,451.03034477724555,582.760948373661,0.04510303447772457,90058,131.73060359641556,regular,26.057819913597484
1015.0188835191785,0,final:regular:b0:r059,0.016746663163073716,final:regular:r059,-141.24767081780294,10000.0,240.658019079812,167.46663163073708,0.0240658019079812,90059,-73.19138744907502,regular,68.05628336872786
1017.5701406133456,0,final:regular:b0:r060,0.0,final:regular:r060,0.0,10000.0,0.0,0.0,0.0,90060,0.0,regular,0.0
1002.8509520739626,0,final:regular:b0:r061,0.16689582971383832,final:regular:r061,-68.44511811197333,9999.999999999996,1604.0173297614554,1668.9582971383822,0.1604017329761456,90061,64.94096737692689,regular,133.3860854889002
1025.8937681843227,0,final:regular:b0:r062,0.0,final:regular:r062,0.0,10000.0,0.0,0.0,0.0,90062,0.0,regular,0.0
1000.3267840254251,0,final:regular:b0:r063,0.024955857592022818,final:regular:r063,-40.905975580202266,9999.999999999998,269.95976236395336,249.55857592022767,0.026995976236395342,90063,-20.401186443725805,regular,20.504789136476518
1004.8809105131668,0,final:regular:b0:r064,0.004704555083143436,final:regular:r064,-11.403119698977775,9999.999999999998,37.6436834576798,47.04555083143441,0.003764368345767981,90064,9.401867373754612,regular,20.804987072732274
1016.1561579130878,0,final:regular:b0:r065,-0.003279453247490488,final:regular:r065,-119.88059715026816,9999.999999999998,64.12570989136202,-32.79453247490483,0.006412570989136203,90065,-96.92024236626685,regular,22.960354784001368
1038.654181772853,0,final:regular:b0:r066,0.015217085882367531,final:regular:r066,-21.19919014413017,9999.999999999998,153.9655945073598,152.17085882367542,0.015396559450735984,90066,-1.7947356836845074,regular,19.404454460445663
1008.3296906379396,0,final:regular:b0:r067,0.05115023935801202,final:regular:r067,-14.669842589230257,10000.000000000002,479.76926576811,511.50239358012004,0.04797692657681099,90067,31.733127812010025,regular,46.402970401240225
1000.8833116983471,0,final:regular:b0:r068,0.03731863137001454,final:regular:r068,66.84000986471892,10000.000000000002,373.18631370014555,373.18631370014555,0.037318631370014545,90068,0.0,regular,-66.84000986471887
1010.9820774444497,0,final:regular:b0:r069,0.012749882087426112,final:regular:r069,-11.361101056374196,10000.000000000002,111.54222923942325,127.49882087426113,0.011154222923942324,90069,15.956591634837878,regular,27.31769269121213
1033.8330913637637,0,final:regular:b0:r070,0.19260812639028746,final:regular:r070,57.781855453769936,10000.000000000002,1634.0878323909456,1926.0812639028745,0.16340878323909452,90070,291.9934315119292,regular,234.2115760581592
996.320490071316,0,final:regular:b0:r071,0.09145675948128149,final:regular:r071,-60.83483488077411,9999.999999999998,893.6213274056479,914.5675948128148,0.0893621327405648,90071,20.94626740716683,regular,81.781102287941
1008.4188603094698,0,final:regular:b0:r072,0.04091156598079909,final:regular:r072,66.6474053743425,10000.000000000002,348.13300618587823,409.11565980799105,0.03481330061858782,90072,60.98265362211271,regular,-5.66475175222979
1006.1735584334258,0,final:regular:b0:r073,0.0,final:regular:r073,0.0,10000.000000000004,0.0,0.0,0.0,90073,0.0,regular,0.0
1017.5344912278264,0,final:regular:b0:r074,0.02162356736361709,final:regular:r074,7.34652866482611,10000.0,191.42123150283896,216.235673636171,0.019142123150283897,90074,24.81444213333225,regular,17.46791346850614
1005.1410447813519,0,final:regular:b0:r075,-0.0001539681424743422,final:regular:r075,-79.40405399483586,10000.000000000002,109.115995393621,-1.5396814247428665,0.0109115995393621,90075,-110.65567681836376,regular,-31.251622823527896
990.594345656773,0,final:regular:b0:r076,0.0061388049461916505,final:regular:r076,3.506557677576666,9999.999999999996,105.70828429588323,61.38804946191658,0.010570828429588328,90076,-44.320234833966765,regular,-47.82679251154349
1014.159997537707,0,final:regular:b0:r077,0.18019884007878906,final:regular:r077,91.40677729784181,10000.0,1539.3221138366962,1801.988400787891,0.1539322113836696,90077,262.6662869511946,regular,171.25950965335278
1002.4496203137678,0,final:regular:b0:r078,0.04550660941236431,final:regular:r078,138.01341077987036,9999.999999999998,365.33747259477536,455.06609412364287,0.03653374725947754,90078,89.7286215288675,regular,-48.28478925100296
1025.165161466804,0,final:regular:b0:r079,0.08755010925289175,final:regular:r079,84.53838687823418,10000.0,703.9579823621073,875.501092528918,0.07039579823621073,90079,171.54311016681072,regular,87.00472328857654
1029.1416844300643,0,final:regular:b0:r080,0.008548710367963397,final:regular:r080,14.569579940341328,9999.999999999998,58.871263855045754,85.48710367963395,0.0058871263855045765,90080,26.615839824588193,regular,12.046259884246808
1027.5944562345114,0,final:regular:b0:r081,0.19452941171672417,final:regular:r081,0.3678458212024225,10000.0,1748.547702732315,1945.2941171672417,0.17485477027323149,90081,196.7464144349267,regular,196.3785686137243
1010.4313585413234,0,final:regular:b0:r082,0.0,final:regular:r082,0.0,10000.000000000004,0.0,0.0,0.0,90082,0.0,regular,0.0
1012.0452611429484,0,final:regular:b0:r083,0.0378676993490315,final:regular:r083,-6.200474112493907,10000.000000000002,384.46365274916866,378.676993490315,0.038446365274916856,90083,-5.786659258853547,regular,0.4138148536403605
1005.3015289036188,0,final:regular:b0:r084,0.08089045362037392,final:regular:r084,47.3642722960758,10000.000000000004,765.740574757795,808.9045362037396,0.07657405747577947,90084,43.16396144594455,regular,-4.200310850131359
1025.9291693709333,0,final:regular:b0:r085,0.0526803765518985,final:regular:r085,-172.2878809389199,10000.000000000004,583.4785895235423,526.8037655189853,0.058347858952354205,90085,-56.67482400455697,regular,115.61305693436287
1009.2595174003775,0,final:regular:b0:r086,0.004270780760287307,final:regular:r086,5.395848739035841,10000.0,14.16110635149721,42.70780760287289,0.001416110635149721,90086,28.54670125137568,regular,23.15085251233984
1012.1882178445909,0,final:regular:b0:r087,0.0,final:regular:r087,0.0,10000.000000000002,0.0,0.0,0.0,90087,0.0,regular,0.0
1019.9488902013638,0,final:regular:b0:r088,0.062073679864158404,final:regular:r088,35.358645129247066,10000.000000000002,581.4083549941297,620.7367986415838,0.05814083549941296,90088,39.32844364745415,regular,3.9697985182070283
1021.3919665125178,0,final:regular:b0:r089,0.0,final:regular:r089,0.0,10000.0,0.0,0.0,0.0,90089,0.0,regular,0.0
1042.912750446321,0,final:regular:b0:r090,0.0008610839576997931,final:regular:r090,-13.421302994234793,10000.0,13.864503980189966,8.610839576997932,0.0013864503980189965,90090,-5.253664403192033,regular,8.16763859104276
1010.3498917995889,0,final:regular:b0:r091,0.038069897504831834,final:regular:r091,-33.84562161414624,10000.000000000002,397.3057278536576,380.69897504831806,0.03973057278536575,90091,-16.60675280533951,regular,17.2388688088067
1013.417745225606,0,final:regular:b0:r092,0.1509311734413191,final:regular:r092,-28.72429899744168,10000.000000000002,1397.812869244219,1509.3117344131913,0.13978128692442188,90092,111.49886516897232,regular,140.22316416641397
1014.4041699242296,0,final:regular:b0:r093,0.17833736709263637,final:regular:r093,-17.137070035637635,10000.000000000002,1658.7479823367826,1783.3736709263633,0.16587479823367823,90093,124.6256885895807,regular,141.76275862521834
1025.0470381980392,0,final:regular:b0:r094,-1.728565529091064e-05,final:regular:r094,80.69196452884944,10000.0,-0.17285655290925206,-0.17285655290925206,-1.7285655290925205e-05,90094,0.0,regular,-80.69196452884944
1003.8112401502963,0,final:regular:b0:r095,0.008398909570355911,final:regular:r095,-18.77832825071971,10000.0,118.41747957993744,83.98909570355954,0.011841747957993743,90095,-34.42838387637789,regular,-15.650055625658183
1005.0755197339482,0,final:regular:b0:r096,0.03687774804691488,final:regular:r096,32.392993246439346,10000.0,368.99518099515217,368.77748046914894,0.036899518099515215,90096,-0.2177005260034548,regular,-32.6106937724428
1016.8124831475731,0,final:regular:b0:r097,0.0050335720518537574,final:regular:r097,28.440475557707487,10000.0,-54.28693186804185,50.33572051853753,-0.005428693186804185,90097,104.62265238657949,regular,76.18217682887195
1005.852939232441,0,final:regular:b0:r098,0.15698415196917337,final:regular:r098,88.66895918176874,10000.000000000002,1328.5433326009393,1569.841519691734,0.1328543332600939,90098,241.29818709079473,regular,152.62922790902599
1013.5685459290396,0,final:regular:b0:r099,0.06144849291712062,final:regular:r099,-21.966009093840967,10000.0,596.3017054457644,614.4849291712062,0.059630170544576436,90099,18.183223725441735,regular,40.1492328192827
1911.6710288412198,1,final:regular:b1:r000,0.03552667460247605,final:regular:r000,39.185273017166764,10000.0,354.11771140006385,355.26674602476123,0.03541177114000638,90000,1.1490346246973786,regular,-38.0362383924695
1887.4339069189493,1,final:regular:b1:r001,0.11105223432211442,final:regular:r001,-46.81159228674596,10000.000000000002,1064.556169378333,1110.522343221145,0.10645561693783327,90001,45.96617384281217,regular,92.77776612955813
1886.2858496445995,1,final:regular:b1:r002,0.13885822579414503,final:regular:r002,-98.09493332732063,9999.999999999998,1282.5206518955322,1388.5822579414498,0.12825206518955323,90002,106.06160604591764,regular,204.15653937323816
1882.8796708200525,1,final:regular:b1:r003,0.17405399576130637,final:regular:r003,-89.28739389887801,10000.0,1653.2833708301673,1740.539957613063,0.16532833708301672,90003,87.25658678289574,regular,176.54398068177375
1907.9625784546238,1,final:regular:b1:r004,0.08716168961502069,final:regular:r004,24.829821495641227,10000.0,732.6292361626483,871.6168961502071,0.07326292361626484,90004,138.98765998755857,regular,114.15783849191718
1902.9909157398133,1,final:regular:b1:r005,0.10083496831527672,final:regular:r005,-25.000353777746113,10000.0,941.2018005542461,1008.3496831527673,0.09412018005542461,90005,67.14788259852116,regular,92.14823637626728
1892.8282608812806,1,final:regular:b1:r006,0.1388461941332052,final:regular:r006,37.90584650639653,10000.000000000002,1268.4589701930684,1388.4619413320524,0.12684589701930682,90006,120.00297113898387,regular,82.09712463258734
1921.610101474798,1,final:regular:b1:r007,0.09368085045712976,final:regular:r007,-27.370714915504777,10000.000000000002,885.9520239206877,936.8085045712978,0.08859520239206875,90007,50.856480650610365,regular,78.22719556611514
1903.3234757014134,1,final:regular:b1:r008,0.003209741412842082,final:regular:r008,13.829824275461533,10000.0,11.48571578444853,32.09741412841959,0.001148571578444853,90008,20.611698343971057,regular,6.781874068509524
1895.814496289741,1,final:regular:b1:r009,0.014660834528288591,final:regular:r009,11.321418514715333,9999.999999999998,103.85536928583497,146.60834528288615,0.010385536928583499,90009,42.75297599705118,regular,31.431557482335847
1925.6125828124138,1,final:regular:b1:r010,-0.004296731488386107,final:regular:r010,-90.37406088330386,10000.0,76.31498909189713,-42.967314883861036,0.0076314989091897135,90010,-119.2823039757584,regular,-28.908243092454427
1879.9371320526043,1,final:regular:b1:r011,0.011673011562391533,final:regular:r011,-75.12496441018243,10000.0,119.83191625170684,116.73011562391548,0.011983191625170685,90011,-3.101800627791363,regular,72.02316378239118
1909.2864505725368,1,final:regular:b1:r012,0.012497856880582359,final:regular:r012,-3.8893060063996927,10000.0,105.15406442216181,124.97856880582367,0.010515406442216182,90012,19.82450438366186,regular,23.71381039006144
1915.0985086995197,1,final:regular:b1:r013,0.052507866420889004,final:regular:r013,8.901171184978693,10000.0,542.9100828539167,525.0786642088888,0.05429100828539167,90013,-17.831418645027952,regular,-26.73258983000676
1909.8866217957989,1,final:regular:b1:r014,0.08644380574373317,final:regular:r014,25.77086491304317,10000.000000000002,778.7300912191904,864.4380574373336,0.07787300912191902,90014,85.70796621814293,regular,59.93710130509987
1900.9223372865533,1,final:regular:b1:r015,0.12916405847025197,final:regular:r015,-51.72014422159282,9999.999999999996,1219.9600012351052,1291.6405847025203,0.12199600012351057,90015,71.68058346741509,regular,123.40072768900785
1894.8778728760922,1,final:regular:b1:r016,0.2152568775281559,final:regular:r016,-43.23881260107919,10000.0,1957.4263201303265,2152.568775281559,0.19574263201303266,90016,195.1424551512323,regular,238.3812677523116
1882.8314593335544,1,final:regular:b1:r017,0.026081631251130333,final:regular:r017,-12.765743907445085,10000.0,255.93101749154312,260.8163125113024,0.02559310174915431,90017,4.885295019759042,regular,17.651038927204013
1869.7351203727246,1,final:regular:b1:r018,0.02855235584256921,final:regular:r018,-26.78357566416389,9999.999999999998,295.91858963017694,285.5235584256925,0.0295918589630177,90018,-10.39503120448444,regular,16.38854445967945
1874.2769620668869,1,final:regular:b1:r019,0.002618083000467397,final:regular:r019,-3.3258937731593505,9999.999999999998,26.180830004674135,26.180830004674135,0.002618083000467414,90019,0.0,regular,3.3258937731593505
1889.6515469724366,1,final:regular:b1:r020,0.014574968330185512,final:regular:r020,8.946400894542876,10000.000000000002,110.87250890937457,145.74968330185493,0.011087250890937456,90020,34.877174392480356,regular,25.930773497937707
1903.1124954871052,1,final:regular:b1:r021,0.04864309080914808,final:regular:r021,-132.30737259964053,9999.999999999996,397.78646462887264,486.4309080914809,0.03977864646288728,90021,88.64444346260825,regular,220.9518160622489
1910.8312449597313,1,final:regular:b1:r022,0.15859969591620937,final:regular:r022,-95.60041854469341,10000.0,1488.9397662468273,1585.996959162093,0.14889397662468273,90022,97.05719291526566,regular,192.65761145995884
1916.699720888444,1,final:regular:b1:r023,0.06245236699997858,final:regular:r023,-25.193271482962473,9999.999999999998,678.0419651053858,624.5236699997859,0.0678041965105386,90023,-53.518295105600146,regular,-28.32502362263756
1866.2259945232745,1,final:regular:b1:r024,0.17443609723901654,final:regular:r024,-122.39866419995224,10000.000000000002,1732.7852062929928,1744.3609723901654,0.17327852062929924,90024,11.575766097172618,regular,133.97443029712497
1871.4490948449804,1,final:regular:b1:r025,0.07298098672027781,final:regular:r025,-36.18694249837927,10000.0,718.635936511449,729.8098672027772,0.0718635936511449,90025,11.17393069132845,regular,47.36087318970783
1876.2855602910158,1,final:regular:b1:r026,0.11389021940148658,final:regular:r026,-19.381013131630198,10000.0,1047.5897473854798,1138.9021940148664,0.10475897473854798,90026,91.31244662938661,regular,110.69345976101675
1911.3174257117998,1,final:regular:b1:r027,0.09155818590140341,final:regular:r027,125.01354730593744,10000.000000000002,793.6698679853585,915.5818590140334,0.07936698679853584,90027,121.91199102867495,regular,-3.1015562772623753
1905.5462980612963,1,final:regular:b1:r028,0.09448019135479263,final:regular:r028,3.9160037114661463,9999.999999999996,775.0316276895549,944.8019135479271,0.07750316276895551,90028,169.77028585837252,regular,165.85428214690637
1882.7017460235554,1,final:regular:b1:r029,0.09962964975875854,final:regular:r029,-16.72253096788336,10000.000000000004,873.4439283545105,996.296497587587,0.08734439283545102,90029,122.85256923307634,regular,139.57510020095964
1918.9843316417619,1,final:regular:b1:r030,0.01736898587548591,final:regular:r030,-64.55684888386531,9999.999999999998,203.76099343863052,173.68985875486032,0.020376099343863054,90030,-30.071134683770197,regular,34.48571420009523
1904.3582309610722,1,final:regular:b1:r031,-0.004423109480797605,final:regular:r031,-119.37618022376091,10000.000000000004,29.730884221654378,-44.23109480797575,0.0029730884221654368,90031,-73.96197902963058,regular,45.41420119413033
1908.1933704006774,1,final:regular:b1:r032,0.02144639407515253,final:regular:r032,-3.497922894848216,10000.000000000002,181.19270696834928,214.46394075152512,0.018119270696834926,90032,33.27123378317583,regular,36.76915667802416
1945.0585396327,1,final:regular:b1:r033,0.09171703027153039,final:regular:r033,67.19906053305408,10000.0,791.6269433980638,917.1703027153044,0.07916269433980637,90033,125.54335931724063,regular,58.34429878418666
1938.2631540046054,1,final:regular:b1:r034,0.11712088338257592,final:regular:r034,-132.95789812304724,10000.0,1053.0772407712088,1171.208833825759,0.10530772407712088,90034,118.1315930545502,regular,251.08949117759732
1924.7473944447236,1,final:regular:b1:r035,0.013484406952758432,final:regular:r035,-17.966266317240297,10000.000000000002,158.34611320980548,134.84406952758673,0.015834611320980546,90035,-23.502043682218755,regular,-5.535777364978571
1908.1504744552115,1,final:regular:b1:r036,0.015105651925078845,final:regular:r036,-15.726037905154271,10000.0,221.87115190465693,151.05651925078746,0.022187115190465692,90036,-70.81463265386924,regular,-55.088594748714854
1923.8249382138101,1,final:regular:b1:r037,0.07486331982040995,final:regular:r037,-39.22362180387336,10000.000000000002,703.7123527425795,748.6331982040988,0.07037123527425794,90037,44.92084546151932,regular,84.14446726539262
1858.6563148653763,1,final:regular:b1:r038,0.06658688055573087,final:regular:r038,42.61978847365663,10000.000000000004,515.7118068452892,665.8688055573102,0.0515711806845289,90038,150.1569987120206,regular,107.53721023836403
1940.1811613038153,1,final:regular:b1:r039,0.07264728833562523,final:regular:r039,-0.037726145695842206,10000.000000000002,629.4438793222866,726.4728833562522,0.06294438793222866,90039,97.02900403396552,regular,97.06673017966125
1871.3454312730205,1,final:regular:b1:r040,0.09887333761652894,final:regular:r040,4.009424742077044,9999.999999999998,856.1673202224736,988.7333761652899,0.08561673202224737,90040,132.56605594281632,regular,128.5566312007394
1909.860047800661,1,final:regular:b1:r041,0.10682823321884571,final:regular:r041,69.71595573259788,10000.000000000002,892.3690657143668,1068.2823321884562,0.08923690657143667,90041,175.91326647408937,regular,106.19731074149155
1889.6610053926668,1,final:regular:b1:r042,0.18979857638073613,final:regular:r042,-108.71036175919471,9999.999999999998,1832.758311920992,1897.9857638073622,0.18327583119209923,90042,65.22745188637032,regular,173.93781364556503
1909.543598806944,1,final:regular:b1:r043,0.008780410554401985,final:regular:r043,5.115118294409058,10000.000000000004,65.9351162586454,87.80410554401897,0.006593511625864537,90043,21.868989285373573,regular,16.7538709909644
1917.1608105574007,1,final:regular:b1:r044,0.12169343775049268,final:regular:r044,-58.75834777385785,10000.0,1018.1903204180458,1216.9343775049274,0.10181903204180458,90044,198.74405708688164,regular,257.5024048607396
1897.4723789982047,1,final:regular:b1:r045,0.16111870781234366,final:regular:r045,43.016980024266104,10000.0,1428.2563294597148,1611.1870781234365,0.14282563294597148,90045,182.93074866372194,regular,139.91376863945572
1917.5213759793621,1,final:regular:b1:r046,0.08663552881742537,final:regular:r046,107.83257492952816,10000.000000000002,752.8808884835639,866.3552881742544,0.07528808884835637,90046,113.47439969069023,regular,5.641824761161956
1913.418660470113,1,final:regular:b1:r047,0.18799137961828627,final:regular:r047,11.766952137128328,10000.000000000002,1658.4901216413725,1879.9137961828628,0.16584901216413722,90047,221.4236745414903,regular,209.65672240436203
1877.5163903000885,1,final:regular:b1:r048,0.10898974412031343,final:regular:r048,55.97410122608517,10000.0,1001.9636396057713,1089.897441203134,0.10019636396057713,90048,87.93380159736262,regular,31.959700371277563
1917.8272216872656,1,final:regular:b1:r049,0.011658015084994089,final:regular:r049,-16.831654992330414,9999.999999999998,118.35435762699126,116.58015084994076,0.011835435762699128,90049,-1.7742067770504946,regular,15.057448215280147
1896.3150445764177,1,final:regular:b1:r050,0.005593359112522733,final:regular:r050,-105.04695724866679,10000.0,122.57239297620436,55.933591125227395,0.012257239297620435,90050,-66.63880185097696,regular,38.408155397689825
1867.7873443354806,1,final:regular:b1:r051,0.019300445577706438,final:regular:r051,-134.13651009380465,10000.0,269.0633069626015,193.00445577706432,0.026906330696260146,90051,-76.05885118553738,regular,58.07765890826727
1868.8203621208845,1,final:regular:b1:r052,0.03517815832623744,final:regular:r052,36.70692963589454,9999.999999999998,283.9496157707199,351.7815832623746,0.028394961577071994,90052,67.83196749165495,regular,31.125037855760297
1908.367496937537,1,final:regular:b1:r053,0.12580437782990062,final:regular:r053,60.51774100019884,10000.000000000002,1092.6711928654956,1258.0437782990066,0.10926711928654954,90053,165.37258543351095,regular,104.85484443331222
1899.6169933111917,1,final:regular:b1:r054,0.15179799546670847,final:regular:r054,-31.482812166290387,9999.999999999998,1458.2869752370605,1517.9799546670847,0.14582869752370609,90054,59.69297943002448,regular,91.17579159631487
1882.8577433676003,1,final:regular:b1:r055,0.12828846532539617,final:regular:r055,-102.7233171618509,10000.0,1231.8910659410346,1282.8846532539615,0.12318910659410347,90055,50.99358731292682,regular,153.71690447477766
1890.0361990843735,1,final:regular:b1:r056,0.04145983929003494,final:regular:r056,0.2300066101270204,10000.0,464.26107162676044,414.5983929003496,0.04642610716267605,90056,-49.66267872641083,regular,-49.892685336537966
1907.5181084112583,1,final:regular:b1:r057,0.0909566261309655,final:regular:r057,5.474345719486337,10000.000000000002,807.4172843638394,909.5662613096547,0.08074172843638393,90057,102.14897694581532,regular,96.67463122632893
1885.3894605151645,1,final:regular:b1:r058,0.1855422962205307,final:regular:r058,-77.0993965749251,9999.999999999996,1692.031628820366,1855.4229622053067,0.16920316288203666,90058,163.3913333849407,regular,240.4907299598657
1903.1604065984595,1,final:regular:b1:r059,-0.002782095093407211,final:regular:r059,-141.24767081780283,10000.0,62.71178633481395,-27.820950934070424,0.0062711786334813955,90059,-90.53273726888483,regular,50.714933548918
1907.944013650023,1,final:regular:b1:r060,0.09336343445248757,final:regular:r060,-106.19307328679997,10000.0,912.765421502726,933.6343445248749,0.0912765421502726,90060,20.86892302214892,regular,127.06199630894878
1880.3455351386797,1,final:regular:b1:r061,0.09670059990808083,final:regular:r061,-114.05836617942623,9999.999999999996,917.5487259866213,967.0059990808077,0.09175487259866216,90061,49.45727309418635,regular,163.51563927361263
1923.5508153456049,1,final:regular:b1:r062,0.1341250191926921,final:regular:r062,-93.30743056719825,10000.0,1231.779386016543,1341.2501919269203,0.1231779386016543,90062,109.4708059103773,regular,202.77823647757543
1875.6127200476722,1,final:regular:b1:r063,0.026207185535130906,final:regular:r063,-33.968588132944205,9999.999999999998,271.4862432277746,262.071855351307,0.027148624322777464,90063,-9.4143878764678,regular,24.55420025647652
1884.1517072121876,1,final:regular:b1:r064,-0.00896754350958745,final:regular:r064,-130.13489996221983,9999.999999999998,18.804431677361663,-89.67543509587358,0.0018804431677361666,90064,-108.47986677323502,regular,21.655033188984817
1905.2927960870395,1,final:regular:b1:r065,-0.003279453247490516,final:regular:r065,-119.88059715026816,9999.999999999998,63.653322403488346,-32.79453247490437,0.006365332240348836,90065,-96.44785487839295,regular,23.432742271875156
1947.476590824099,1,final:regular:b1:r066,0.0572483123111987,final:regular:r066,99.65828348847208,9999.999999999998,453.8716815767516,572.4831231119874,0.04538716815767517,90066,118.61144153523583,regular,18.953158046763974
1890.6181699461367,1,final:regular:b1:r067,0.22714565937800874,final:regular:r067,-4.527164045734253,10000.000000000002,1992.4077136463854,2271.4565937800867,0.1992407713646385,90067,279.04888013370123,regular,283.5760441794355
1876.6562094344008,1,final:regular:b1:r068,0.08722396538150007,final:regular:r068,-19.510440696920796,10000.000000000002,835.3509502974994,872.239653815001,0.08353509502974993,90068,36.88870351750165,regular,56.39914421442268
1895.591395208343,1,final:regular:b1:r069,0.007383034748949302,final:regular:r069,-91.85629892410157,10000.000000000002,145.65831229535843,73.83034748949194,0.01456583122953584,90069,-71.82796480586649,regular,20.028334118235307
1938.437046307057,1,final:regular:b1:r070,0.11851464202209305,final:regular:r070,-159.24503946780965,10000.000000000002,1148.6952518587887,1185.1464202209308,0.11486952518587884,90070,36.4511683621422,regular,195.6962078299519
1868.1009188837174,1,final:regular:b1:r071,0.04026650407687049,final:regular:r071,-88.8423515877962,9999.999999999998,402.6650407687048,402.6650407687048,0.040266504076870484,90071,0.0,regular,88.8423515877962
1890.7853630802556,1,final:regular:b1:r072,0.0,final:regular:r072,0.0,10000.000000000002,0.0,0.0,0.0,90072,0.0,regular,0.0
1886.5754220626732,1,final:regular:b1:r073,0.01519163765064696,final:regular:r073,36.05301044121006,10000.000000000004,74.33144818843857,151.91637650646953,0.007433144818843855,90073,77.58492831803096,regular,41.5319178768209
1907.8771710521744,1,final:regular:b1:r074,0.18745609209338931,final:regular:r074,36.72091887571196,10000.0,1646.9767734339548,1874.5609209338918,0.1646976773433955,90074,227.58414749993676,regular,190.86322862422486
1884.6394589650345,1,final:regular:b1:r075,0.25408380826547633,final:regular:r075,46.677911517039774,10000.000000000002,2319.519156883923,2540.8380826547636,0.23195191568839227,90075,221.31892577084045,regular,174.6410142538008
1857.3643981064495,1,final:regular:b1:r076,0.013281198183438592,final:regular:r076,15.888054926793984,9999.999999999996,191.90920182957507,132.81198183438664,0.019190920182957514,90076,-59.0972199951882,regular,-74.98527492198218
1901.5499953832004,1,final:regular:b1:r077,0.1697978950049831,final:regular:r077,61.23741422709759,10000.0,1523.0447229921797,1697.978950049831,0.15230447229921798,90077,174.93422705765147,regular,113.696812830554
1879.5930380883146,1,final:regular:b1:r078,0.1769346047911281,final:regular:r078,-59.14907893578629,9999.999999999998,1680.1295613412976,1769.34604791128,0.16801295613412978,90078,89.21648656998218,regular,148.3655655057686
1922.1846777502574,1,final:regular:b1:r079,0.076186746268743,final:regular:r079,75.28671346961642,10000.0,647.4938965178294,761.8674626874299,0.06474938965178294,90079,114.37356616960051,regular,39.086852699983865
1929.6406583063706,1,final:regular:b1:r080,0.05775111132202693,final:regular:r080,11.581272907862058,9999.999999999998,459.9341539164425,577.5111132202687,0.045993415391644255,90080,117.57695930382602,regular,105.99568639596407
1926.7396054397086,1,final:regular:b1:r081,0.1715152811330864,final:regular:r081,-38.631260551260084,10000.0,1635.5057704559388,1715.152811330864,0.16355057704559386,90081,79.64704087492532,regular,118.27830142618552
1894.5587972649814,1,final:regular:b1:r082,0.0018722049674887997,final:regular:r082,3.9012757360630985,10000.000000000004,15.697657677109419,18.722049674888694,0.0015697657677109414,90082,3.0243919977790483,regular,-0.8768837382839365
1897.5848646430281,1,final:regular:b1:r083,0.12755762145527771,final:regular:r083,-36.31918009530864,10000.000000000002,1199.144344783756,1275.576214552777,0.11991443447837558,90083,76.43186976902075,regular,112.7510498643295
1884.940366694285,1,final:regular:b1:r084,0.19529912352854495,final:regular:r084,-3.6692545225771482,10000.000000000004,1767.0003428369582,1952.991235285449,0.17670003428369577,90084,185.99089244849097,regular,189.66014697106812
1923.6171925705,1,final:regular:b1:r085,0.08959199228851195,final:regular:r085,-7.25443732228382,10000.000000000004,796.9730988641959,895.9199228851207,0.07969730988641956,90085,98.94682402092485,regular,106.20126134320844
1892.3615951257077,1,final:regular:b1:r086,0.04484554726943907,final:regular:r086,-18.257130834542977,10000.0,363.1034562502291,448.45547269438975,0.03631034562502291,90086,85.35201644416043,regular,103.60914727870329
1897.8529084586078,1,final:regular:b1:r087,0.21271565534603115,final:regular:r087,-27.079780046717815,10000.000000000002,1918.5169412710875,2127.1565534603124,0.1918516941271087,90087,208.63961218922486,regular,235.71939223594262
1912.404169127557,1,final:regular:b1:r088,0.20857437073052748,final:regular:r088,-70.67305462213312,10000.000000000002,1945.46887075822,2085.7437073052743,0.19454688707582196,90088,140.2748365470543,regular,210.94789116918764
1915.1099372109709,1,final:regular:b1:r089,0.05713237567767554,final:regular:r089,42.445593647321175,10000.0,566.8149126046728,571.3237567767565,0.05668149126046728,90089,4.508844172083627,regular,-37.93674947523766
1955.461407086852,1,final:regular:b1:r090,0.0006773137634829562,final:regular:r090,-11.153226177058968,10000.0,6.773137634829254,6.773137634829254,0.0006773137634829255,90090,0.0,regular,11.153226177058855
1894.4060471242292,1,final:regular:b1:r091,0.16145547320275072,final:regular:r091,-104.57643321508135,10000.000000000002,1530.6974065065046,1614.554732027506,0.15306974065065043,90091,83.85732552100126,regular,188.43375873608238
1900.1582722980113,1,final:regular:b1:r092,0.020367548651646472,final:regular:r092,33.06825754711599,10000.000000000002,244.5810200845317,203.67548651646393,0.024458102008453164,90092,-40.90553356806754,regular,-73.97379111518353
1902.0078186079302,1,final:regular:b1:r093,0.2270065107895235,final:regular:r093,-10.986382059959396,10000.000000000002,2097.261451233897,2270.065107895235,0.20972614512338966,90093,172.80365666133844,regular,183.79003872129783
1921.9631966213235,1,final:regular:b1:r094,0.05785617660294562,final:regular:r094,18.309041310462362,10000.0,520.9198527003164,578.5617660294565,0.052091985270031636,90094,57.64191332914015,regular,39.33287201867779
1882.1460752818052,1,final:regular:b1:r095,0.024039764951524878,final:regular:r095,27.59723341062363,10000.0,213.91986631756208,240.3976495152492,0.021391986631756208,90095,26.477783197686904,regular,-1.1194502129366128
1884.5165995011528,1,final:regular:b1:r096,0.14774864122978665,final:regular:r096,-71.8775176412405,10000.0,1400.839669571657,1477.4864122978656,0.14008396695716568,90096,76.64674272620891,regular,148.5242603674493
1906.5234059016993,1,final:regular:b1:r097,0.0028413976554983456,final:regular:r097,-15.072695523537732,10000.0,13.027697782656105,28.413976554982582,0.0013027697782656104,90097,15.38627877232625,regular,30.45897429586398
1885.9742610608268,1,final:regular:b1:r098,0.20299240295293447,final:regular:r098,-102.86039104079464,10000.000000000002,1882.8913084146293,2029.9240295293448,0.1882891308414629,90098,147.0327211147155,regular,249.89311215551015
1900.441023616949,1,final:regular:b1:r099,0.09485216620949127,final:regular:r099,-52.82729851266845,10000.0,911.0914301772796,948.5216620949132,0.09110914301772796,90099,37.430231917633364,regular,90.25753043030181
3186.1183814020333,2,final:regular:b2:r000,0.10638648962992192,final:regular:r000,127.45138661437159,10000.0,929.4972397523106,1063.8648962992193,0.09294972397523106,90000,134.36765654690862,regular,6.916269932537261
3145.723178198249,2,final:regular:b2:r001,0.08059902568902644,final:regular:r001,-101.0716637490359,10000.000000000002,695.9025360173227,805.9902568902626,0.06959025360173227,90001,110.08772087293983,regular,211.15938462197528
3143.809749407666,2,final:regular:b2:r002,0.15366524587157926,final:regular:r002,-43.48087982299967,9999.999999999998,1300.25107493416,1536.6524587157937,0.13002510749341603,90002,236.40138378163374,regular,279.8822636046332
3138.1327847000875,2,final:regular:b2:r003,0.08329265237505723,final:regular:r003,-25.382784208156863,10000.0,710.4846230079356,832.9265237505742,0.07104846230079356,90003,122.44190074263861,regular,147.8246849507956
3179.9376307577063,2,final:regular:b2:r004,0.05418051549902003,final:regular:r004,11.200514581169955,10000.0,433.8982576182093,541.8051549902011,0.04338982576182093,90004,107.90689737199182,regular,96.70638279082209
3171.651526233022,2,final:regular:b2:r005,-0.008640802478878995,final:regular:r005,-39.51207003571653,10000.0,-86.4080247887905,-86.4080247887905,-0.00864080247887905,90005,0.0,regular,39.51207003571676
3154.713768135468,2,final:regular:b2:r006,0.10897925385698459,final:regular:r006,-29.833669406614717,10000.000000000002,941.2016076438049,1089.7925385698472,0.09412016076438047,90006,148.59093092604235,regular,178.42460033265672
3202.683502457997,2,final:regular:b2:r007,0.089782902119802,final:regular:r007,-73.49298705311048,10000.000000000002,883.64356683594,897.8290211980193,0.08836435668359398,90007,14.185454362078872,regular,87.67844141518947
3172.205792835689,2,final:regular:b2:r008,0.1381277178660355,final:regular:r008,-50.09578069135614,10000.0,1220.2266266397546,1381.2771786603544,0.12202266266397546,90008,161.05055202059975,regular,211.14633271195567
3159.6908271495686,2,final:regular:b2:r009,0.00586879026926812,final:regular:r009,-64.32712983406782,9999.999999999998,117.21933785648889,58.687902692681746,0.011721933785648892,90009,-58.5314351638076,regular,5.795694670260218
3209.3543046873565,2,final:regular:b2:r010,0.20823411137784764,final:regular:r010,-71.21648361639245,10000.0,1805.440519742514,2082.341113778476,0.18054405197425138,90010,276.90059403596206,regular,348.1170776523545
3133.2285534210073,2,final:regular:b2:r011,0.10469667860897092,final:regular:r011,-7.594644055745903,10000.0,909.793282704305,1046.9667860897098,0.09097932827043051,90011,137.17350338540473,regular,144.76814744115086
3182.1440842875613,2,final:regular:b2:r012,0.0011222466041403978,final:regular:r012,-21.99206350917484,10000.0,11.222466041403095,11.222466041404004,0.0011222466041403095,90012,0.0,regular,21.992063509174955
3191.830847832533,2,final:regular:b2:r013,0.13714276642979983,final:regular:r013,85.08455264686472,10000.0,1148.0903525499207,1371.4276642979967,0.11480903525499207,90013,223.337311748076,regular,138.25275910121093
3183.144369659665,2,final:regular:b2:r014,0.29197490788455577,final:regular:r014,58.36954630422315,10000.000000000002,2515.823631261478,2919.749078845558,0.2515823631261478,90014,403.92544758407985,regular,345.55590127985715
3168.203895477589,2,final:regular:b2:r015,0.17733759839533458,final:regular:r015,-125.4817224623921,9999.999999999996,1640.4441815743335,1773.375983953346,0.1640444181574334,90015,132.93180237901242,regular,258.4135248414045
3158.1297881268206,2,final:regular:b2:r016,0.2750022996259988,final:regular:r016,88.70592509511334,10000.0,2309.412424471241,2750.0229962599897,0.2309412424471241,90016,440.61057178874853,regular,351.9046466936354
3138.052432222591,2,final:regular:b2:r017,0.13014411336298914,final:regular:r017,39.0338200071817,10000.0,1065.219064806793,1301.4411336298917,0.10652190648067932,90017,236.22206882309865,regular,197.18824881591718
3116.225200621208,2,final:regular:b2:r018,0.05869092282397104,final:regular:r018,-3.766791972206647,9999.999999999998,480.9518545940723,586.9092282397087,0.04809518545940724,90018,105.95737364563638,regular,109.72416561784314
3123.794936778145,2,final:regular:b2:r019,-0.004233082418689582,final:regular:r019,-140.0739560167799,9999.999999999998,68.65127935929286,-42.33082418689628,0.006865127935929287,90019,-110.98210354618914,regular,29.09185247059122
3149.419244954061,2,final:regular:b2:r020,0.0471847005372511,final:regular:r020,26.280671757708433,10000.000000000002,403.25488908687066,471.84700537251047,0.040325488908687056,90020,68.5921162856398,regular,42.31144452793137
3171.8541591451753,2,final:regular:b2:r021,0.15985109881126636,final:regular:r021,-137.93862257889168,9999.999999999996,1303.4741532132475,1598.5109881126637,0.1303474153213248,90021,295.03683489941614,regular,432.9754574783078
3184.7187415995522,2,final:regular:b2:r022,0.11898876142488857,final:regular:r022,-183.20041188687173,10000.0,1183.2367231202343,1189.887614248887,0.11832367231202343,90022,6.650891128652802,regular,189.8513030155242
3194.4995348140737,2,final:regular:b2:r023,0.09268652000741007,final:regular:r023,2.617553915609733,9999.999999999998,800.6472403943712,926.8652000741013,0.08006472403943714,90023,126.21795967973003,regular,123.60040576412007
3110.376657538791,2,final:regular:b2:r024,0.1291871436160088,final:regular:r024,-95.36277106001626,10000.000000000002,1168.7213311302967,1291.8714361600878,0.11687213311302964,90024,123.15010502979112,regular,218.51287608980738
3119.081824741634,2,final:regular:b2:r025,-0.014059251065499767,final:regular:r025,-110.0731604283842,10000.0,-23.366873984567064,-140.59251065499666,-0.0023366873984567065,90025,-117.22563667043005,regular,-7.15247624204585
3127.1426004850264,2,final:regular:b2:r026,0.14193462184347627,final:regular:r026,-4.8893556046032245,10000.0,1246.2220072040973,1419.3462184347627,0.12462220072040973,90026,173.12421123066542,regular,178.01356683526865
3185.5290428529997,2,final:regular:b2:r027,0.2986051579542461,final:regular:r027,-91.93308654511657,10000.000000000002,2813.268884771782,2986.0515795424617,0.2813268884771781,90027,172.78269477067988,regular,264.7157813157967
3175.910496768827,2,final:regular:b2:r028,0.08561043447084882,final:regular:r028,-22.180592461229935,9999.999999999996,736.2998025320012,856.1043447084876,0.07362998025320015,90028,119.80454217648594,regular,141.98513463771587
3137.8362433725924,2,final:regular:b2:r029,0.17704240072027444,final:regular:r029,-26.594812865843323,10000.000000000004,1587.3766202217007,1770.4240072027442,0.15873766202217002,90029,183.04738698104347,regular,209.6421998468868
3198.3072194029364,2,final:regular:b2:r030,0.05468586928604002,final:regular:r030,-45.96454436591648,9999.999999999998,483.1662532760356,546.8586928604009,0.04831662532760357,90030,63.692439584365275,regular,109.65698395028153
3173.9303849351204,2,final:regular:b2:r031,0.08247972247296131,final:regular:r031,5.282728449503793,10000.000000000004,809.89042711315,824.7972247296111,0.08098904271131498,90031,14.906797616461063,regular,9.62406916695761
3180.322284001129,2,final:regular:b2:r032,0.0,final:regular:r032,0.0,10000.000000000002,0.0,0.0,0.0,90032,0.0,regular,0.0
3241.764232721167,2,final:regular:b2:r033,0.04603667748814022,final:regular:r033,-11.661378286939907,10000.0,392.94421660697435,460.3667748814005,0.03929442166069744,90033,67.42255827442568,regular,79.08393656136548
3230.438590007676,2,final:regular:b2:r034,0.21199972140315565,final:regular:r034,-103.9075467941966,10000.0,1786.8062115595676,2119.997214031556,0.17868062115595676,90034,333.1910024719882,regular,437.0985492661846
3207.9123240745394,2,final:regular:b2:r035,0.12317803809274808,final:regular:r035,-41.98134253234275,10000.000000000002,1018.3582435783555,1231.780380927482,0.10183582435783553,90035,213.4221373491264,regular,255.40347988146925
3180.250790758686,2,final:regular:b2:r036,0.24436821884723942,final:regular:r036,-167.8340665828464,10000.0,2221.228944746576,2443.682188472392,0.2221228944746576,90036,222.45324372581626,regular,390.2873103086623
3206.374897023017,2,final:regular:b2:r037,0.04786225445796577,final:regular:r037,-98.414191689792,10000.000000000002,421.0625597704129,478.6225445796581,0.04210625597704128,90037,57.55998480924518,regular,155.97417649903764
3097.7605247756273,2,final:regular:b2:r038,0.10414042477811647,final:regular:r038,-32.6112600395777,10000.000000000004,885.5656186824667,1041.4042477811654,0.08855656186824663,90038,155.83862909869868,regular,188.44988913827638
3233.6352688396923,2,final:regular:b2:r039,0.09717586194056571,final:regular:r039,36.74825220760795,10000.000000000002,846.3851113096034,971.7586194056576,0.08463851113096033,90039,125.37350809605368,regular,88.62525588844596
3118.909052121701,2,final:regular:b2:r040,0.11726415277010305,final:regular:r040,3.286565764556599,9999.999999999998,958.6445847384352,1172.6415277010292,0.09586445847384355,90040,213.99694296259395,regular,210.71037719803712
3183.1000796677686,2,final:regular:b2:r041,0.1184519675557979,final:regular:r041,15.309786149296997,10000.000000000002,1052.3564555329808,1184.5196755579782,0.10523564555329806,90041,132.16322002499737,regular,116.85343387570003
3149.435008987778,2,final:regular:b2:r042,0.18896238483361305,final:regular:r042,-46.75212475840726,9999.999999999998,1734.2582369847132,1889.6238483361303,0.17342582369847134,90042,155.3656113514171,regular,202.1177361098246
3182.57266467824,2,final:regular:b2:r043,0.12519412079619807,final:regular:r043,-21.878397293690796,10000.000000000004,1052.147582469011,1251.9412079619815,0.10521475824690106,90043,199.79362549297048,regular,221.67202278666093
3195.268017595668,2,final:regular:b2:r044,0.19502170158140042,final:regular:r044,123.84898306901323,10000.0,1596.7373023868913,1950.2170158140043,0.15967373023868914,90044,353.479713427113,regular,229.63073035809964
3162.453964997008,2,final:regular:b2:r045,0.08529464878196658,final:regular:r045,-144.70067264341742,10000.0,808.8562932231248,852.946487819665,0.08088562932231248,90045,44.09019459654019,regular,188.79086723995783
3195.8689599656036,2,final:regular:b2:r046,0.06469476438839317,final:regular:r046,33.604747434571436,10000.000000000002,559.0766424480248,646.9476438839292,0.05590766424480247,90046,87.87100143590442,regular,54.266254001332754
3189.031100783522,2,final:regular:b2:r047,0.28631765985884955,final:regular:r047,-87.24198768679253,10000.000000000002,2586.9283989405317,2863.176598588495,0.2586928398940531,90047,276.2481996479637,regular,363.49018733475623
3129.193983833481,2,final:regular:b2:r048,0.11812075469786787,final:regular:r048,124.01398827724097,10000.0,1009.252850464809,1181.2075469786778,0.10092528504648089,90048,171.9546965138693,regular,47.94070823662821
3196.3787028121096,2,final:regular:b2:r049,0.016951635407622123,final:regular:r049,0.43006617538230785,9999.999999999998,120.45465704654453,169.51635407622234,0.012045465704654455,90049,49.06169702967827,regular,48.63163085429596
3160.5250742940298,2,final:regular:b2:r050,0.007577830877448122,final:regular:r050,-29.780194977540305,10000.0,99.29321806760436,75.77830877448014,0.009929321806760436,90050,-23.51490929312422,regular,6.2652856844159714
3112.9789072258013,2,final:regular:b2:r051,0.014079667861741307,final:regular:r051,-21.71185662148855,10000.0,122.66587926997636,140.79667861741473,0.012266587926997636,90051,18.130799347437915,regular,39.842655968926806
3114.7006035348077,2,final:regular:b2:r052,0.06195211116430965,final:regular:r052,13.125197291607947,9999.999999999998,507.9941187307991,619.5211116430964,0.05079941187307992,90052,111.52699291229737,regular,98.40179562068954
3180.612494895895,2,final:regular:b2:r053,0.2872952554577601,final:regular:r053,-70.29096110837008,10000.000000000002,2559.7405264725135,2872.9525545776014,0.2559740526472513,90053,313.21202810508794,regular,383.5029892134579
3166.0283221853197,2,final:regular:b2:r054,0.15518707295556788,final:regular:r054,-92.67465653950103,9999.999999999998,1344.747434881655,1551.8707295556787,0.13447474348816552,90054,207.12329467402378,regular,299.7979512135247
3138.0962389460005,2,final:regular:b2:r055,0.29986192253611094,final:regular:r055,-85.61411316126532,10000.0,2652.368795593293,2998.619225361109,0.2652368795593293,90055,346.25042976781606,regular,431.8645429290813
3150.0603318072895,2,final:regular:b2:r056,0.29017372508308037,final:regular:r056,-43.029970048232826,10000.0,2627.300020088977,2901.7372508308035,0.2627300020088977,90056,274.4372307418266,regular,317.4672007900592
3179.1968473520974,2,final:regular:b2:r057,0.12943931246885665,final:regular:r057,-41.991219844362604,10000.000000000002,1133.5390666739545,1294.3931246885668,0.11335390666739543,90057,160.8540580146123,regular,202.8452778589749
3142.315767525274,2,final:regular:b2:r058,0.2871921975114673,final:regular:r058,4.070916530881732,9999.999999999996,2511.0545768924603,2871.921975114673,0.25110545768924614,90058,360.8673982222126,regular,356.79648169133065
3171.934010997433,2,final:regular:b2:r059,0.13741849548427465,final:regular:r059,-68.30023521947169,10000.0,1200.489540920379,1374.1849548427444,0.1200489540920379,90059,173.69541392236533,regular,241.99564914183702
3179.906689416705,2,final:regular:b2:r060,0.2865007327510397,final:regular:r060,-181.80306561391671,10000.0,2629.593473291606,2865.007327510397,0.2629593473291606,90060,235.41385421879068,regular,417.2169198327073
3133.909225231133,2,final:regular:b2:r061,0.22941109664838522,final:regular:r061,-40.250987860477835,9999.999999999996,2013.241440982938,2294.1109664838514,0.20132414409829388,90061,280.86952550091337,regular,321.1205133613912
3205.9180255760084,2,final:regular:b2:r062,0.17195535492755298,final:regular:r062,-37.89967866504321,10000.0,1525.803897016323,1719.553549275529,0.1525803897016323,90062,193.7496522592055,regular,231.64933092424872
3126.0212000794536,2,final:regular:b2:r063,0.01244605855229619,final:regular:r063,-3.4118456094502108,9999.999999999998,100.301563148063,124.46058552296199,0.010030156314806301,90063,24.15902237489854,regular,27.570867984348638
3140.252845353646,2,final:regular:b2:r064,0.0143377305374075,final:regular:r064,-58.47621896894634,9999.999999999998,136.32469629799925,143.37730537407515,0.013632469629799927,90064,7.052609076075896,regular,65.52882804502246
3175.4879934783994,2,final:regular:b2:r065,0.25886792998050573,final:regular:r065,-22.207109858463355,9999.999999999998,2320.1212986839946,2588.679299805058,0.2320121298683995,90065,268.55800112106317,regular,290.7651109795265
3245.7943180401653,2,final:regular:b2:r066,0.0,final:regular:r066,0.0,9999.999999999998,0.0,0.0,0.0,90066,0.0,regular,0.0
3151.0302832435614,2,final:regular:b2:r067,0.2241363911338704,final:regular:r067,-6.2101358641789375,10000.000000000002,1965.2799171643264,2241.3639113387035,0.19652799171643262,90067,276.08399417437704,regular,282.29413003855586
3127.7603490573347,2,final:regular:b2:r068,0.22785112995425238,final:regular:r068,-99.80700164537575,10000.000000000002,2113.5658564523264,2278.5112995425243,0.2113565856452326,90068,164.9454430901983,regular,264.7524447355743
3159.3189920139052,2,final:regular:b2:r069,0.17871823266172748,final:regular:r069,-129.01318535681185,10000.000000000002,1647.2515195853111,1787.182326617275,0.16472515195853107,90069,139.93080703196438,regular,268.94399238877634
3230.728410511762,2,final:regular:b2:r070,0.13025084198618775,final:regular:r070,-117.60435272821906,10000.000000000002,1170.3565035501765,1302.508419861877,0.11703565035501763,90070,132.15191631170046,regular,249.75626903991986
3113.5015314728626,2,final:regular:b2:r071,0.0731152763228875,final:regular:r071,-55.04422998608379,9999.999999999998,653.2241814059726,731.1527632288744,0.06532241814059726,90071,77.92858182290229,regular,132.9728118089862
3151.308938467093,2,final:regular:b2:r072,0.008408410249778231,final:regular:r072,-31.521479508767698,10000.000000000002,104.20492629662021,84.08410249778171,0.01042049262966202,90072,-20.1208237988385,regular,11.40065570992931
3144.2923701044556,2,final:regular:b2:r073,0.013337238474322333,final:regular:r073,-36.41137815770617,10000.000000000004,165.66952935873633,133.37238474322294,0.016566952935873628,90073,-32.297144615513844,regular,4.11423354219221
3179.7952850869574,2,final:regular:b2:r074,0.2611838284158767,final:regular:r074,10.646826087996033,10000.0,2257.9240012848577,2611.8382841587663,0.22579240012848578,90074,353.9142828739091,regular,343.26745678591317
3141.0657649417244,2,final:regular:b2:r075,0.3073245609117094,final:regular:r075,127.08100245868309,10000.000000000002,2683.3587596860766,3073.2456091170943,0.2683358759686076,90075,389.8868494310177,regular,262.8058469723346
3095.607330177416,2,final:regular:b2:r076,0.18520299838995014,final:regular:r076,-43.31483359433105,9999.999999999996,1703.301979251204,1852.0299838995006,0.17033019792512047,90076,148.72800464829652,regular,192.04283824262745
3169.249992305334,2,final:regular:b2:r077,0.1462600944151019,final:regular:r077,-47.14012449816573,10000.0,1388.5624812488977,1462.6009441510178,0.13885624812488978,90077,74.03846290211959,regular,121.17858740028532
3132.6550634805244,2,final:regular:b2:r078,0.2019012764258663,final:regular:r078,-51.0582901196035,9999.999999999998,1874.8210418280091,2019.012764258665,0.18748210418280095,90078,144.19172243065577,regular,195.25001255025916
3203.6411295837624,2,final:regular:b2:r079,0.21509818799301833,final:regular:r079,37.981372917844965,10000.0,1874.2990674861503,2150.981879930182,0.18742990674861504,90079,276.6828124440317,regular,238.7014395261864
3216.067763843951,2,final:regular:b2:r080,0.16083597911168063,final:regular:r080,23.375331843962613,9999.999999999998,1249.0297291275078,1608.3597911168072,0.1249029729127508,90080,359.33006198929934,regular,335.95473014533684
3211.232675732848,2,final:regular:b2:r081,0.12595253839199871,final:regular:r081,-250.13433646032445,10000.0,1267.597007470221,1259.5253839199868,0.12675970074702209,90081,-8.071623550234108,regular,242.06271291009023
3157.5979954416357,2,final:regular:b2:r082,0.13025497693331012,final:regular:r082,-88.12908975368464,10000.000000000004,1182.5886990920421,1302.5497693331008,0.11825886990920417,90082,119.96107024105868,regular,208.0901599947432
3162.641441071714,2,final:regular:b2:r083,0.12886687180044298,final:regular:r083,-42.60863981027023,10000.000000000002,1108.2949496284127,1288.6687180044282,0.11082949496284125,90083,180.3737683760155,regular,222.9824081862862
3141.5672778238086,2,final:regular:b2:r084,0.3453394122008759,final:regular:r084,-13.991239583187507,10000.000000000004,3019.8407617842704,3453.394122008758,0.30198407617842693,90084,433.55336022448773,regular,447.5445998076749
3206.028654284167,2,final:regular:b2:r085,0.11333445777181728,final:regular:r085,-98.75567688456113,10000.000000000004,1097.367175971137,1133.3445777181714,0.10973671759711365,90085,35.97740174703449,regular,134.73307863159516
3153.9359918761797,2,final:regular:b2:r086,0.2383027286470285,final:regular:r086,-147.81426484498797,10000.0,2112.7985171091677,2383.0272864702865,0.21127985171091676,90086,270.2287693611188,regular,418.043034206107
3163.0881807643464,2,final:regular:b2:r087,0.26434830808719784,final:regular:r087,115.9270181177294,10000.000000000002,2216.9298093816665,2643.483080871978,0.2216929809381666,90087,426.55327149031154,regular,310.62625337258225
3187.340281879262,2,final:regular:b2:r088,0.23985597760726418,final:regular:r088,-14.546429232252194,10000.000000000002,2104.929004555465,2398.5597760726414,0.21049290045554644,90088,293.6307715171765,regular,308.17720074942895
3191.849895351618,2,final:regular:b2:r089,0.2143406790775103,final:regular:r089,51.858496783336705,10000.0,1895.7188400752875,2143.4067907751014,0.18957188400752875,90089,247.68795069981434,regular,195.8294539164774
3259.1023451447536,2,final:regular:b2:r090,0.028199244195954654,final:regular:r090,47.699215931913386,10000.0,243.9542121256427,281.99244195954634,0.02439542121256427,90090,38.03822983390364,regular,-9.660986098009744
3157.3434118737155,2,final:regular:b2:r091,0.19652735383225411,final:regular:r091,-45.09421947366354,10000.000000000002,1600.8633348422081,1965.27353832254,0.16008633348422077,90091,364.4102034803318,regular,409.50442295399534
3166.930453830019,2,final:regular:b2:r092,0.06499639558126147,final:regular:r092,-28.961043767204046,10000.000000000002,565.0381797816835,649.9639558126146,0.05650381797816834,90092,84.92577603093105,regular,113.88681979813475
3170.013031013217,2,final:regular:b2:r093,0.3386173431643207,final:regular:r093,-51.94728265541971,10000.000000000002,3073.8911861029537,3386.1734316432066,0.30738911861029533,90093,312.2822455402529,regular,364.22952819567286
3203.2719943688726,2,final:regular:b2:r094,0.07430336521180037,final:regular:r094,-89.81809012800113,10000.0,659.4917147878364,743.0336521180034,0.06594917147878364,90094,83.541937330167,regular,173.36002745816847
3136.9101254696757,2,final:regular:b2:r095,0.20221177567070625,final:regular:r095,30.66140673717382,10000.0,1783.4917152848684,2022.1177567070617,0.17834917152848684,90095,238.62604142219334,regular,207.96463468501952
3140.860999168588,2,final:regular:b2:r096,0.2664536384447191,final:regular:r096,-27.596571252669946,10000.0,2378.582591949712,2664.5363844471913,0.2378582591949712,90096,285.9537924974793,regular,313.55036375014936
3177.539009836166,2,final:regular:b2:r097,0.05862333480591009,final:regular:r097,-23.336588594474506,10000.0,481.11024197382267,586.2333480591005,0.048111024197382266,90097,105.12310608527787,regular,128.4596946797525
3143.290435101378,2,final:regular:b2:r098,0.28234663823002476,final:regular:r098,-5.708376781964944,10000.000000000002,2527.0847317214307,2823.4663823002466,0.252708473172143,90098,296.3816505788159,regular,302.0900273607808
3167.4017060282486,2,final:regular:b2:r099,0.3681386722499979,final:regular:r099,-228.27743262351305,10000.0,3339.019251229612,3681.3867224999794,0.3339019251229612,90099,342.36747127036733,regular,570.6449038938803
5097.789410243254,3,final:regular:b3:r000,0.018411699373103274,final:regular:r000,-125.04627320622922,10000.0,311.2410928528252,184.1169937310333,0.03112410928528252,90000,-127.12409912179191,regular,-2.077825915563153
5033.157085117199,3,final:regular:b3:r001,0.2068302971450321,final:regular:r001,-10.482212066516695,10000.000000000002,1704.8334285723904,2068.302971450321,0.170483342857239,90001,363.4695428779305,regular,373.95175494444766
5030.095599052266,3,final:regular:b3:r002,0.16516063611678478,final:regular:r002,-113.46591526779366,9999.999999999998,1461.5290019513095,1651.6063611678483,0.14615290019513097,90002,190.07735921653875,regular,303.5432744843324
5021.01245552014,3,final:regular:b3:r003,0.08496005531061968,final:regular:r003,-6.089440693248434,10000.0,683.7361270926012,849.6005531061946,0.06837361270926012,90003,165.8644260135934,regular,171.9538667068416
5087.90020921233,3,final:regular:b3:r004,0.10445815683363024,final:regular:r004,-28.979292634177455,10000.0,909.202061391281,1044.5815683363035,0.0909202061391281,90004,135.3795069450225,regular,164.35879957919906
5074.6424419728355,3,final:regular:b3:r005,0.10327008833684781,final:regular:r005,-119.60974944515056,10000.0,948.5171105911259,1032.7008833684795,0.09485171105911258,90005,84.18377277735362,regular,203.79352222250373
5047.542029016749,3,final:regular:b3:r006,0.1548575942528162,final:regular:r006,228.06372430293413,10000.000000000002,1052.6289622375116,1548.5759425281612,0.10526289622375114,90006,495.94698029064966,regular,267.883255987716
5124.293603932795,3,final:regular:b3:r007,0.16545221378416053,final:regular:r007,104.38884648595058,10000.000000000002,1286.869203977497,1654.5221378416045,0.12868692039774968,90007,367.6529338641076,regular,263.2640873781568
5075.529268537102,3,final:regular:b3:r008,0.17988224868309644,final:regular:r008,86.92945581083404,10000.0,1406.852147607152,1798.8224868309644,0.1406852147607152,90008,391.9703392238125,regular,305.04088341297825
5055.50532343931,3,final:regular:b3:r009,0.01815397092813331,final:regular:r009,-125.39978137485696,9999.999999999998,278.8262426495321,181.53970928133276,0.027882624264953217,90009,-97.28653336819934,regular,28.11324800665716
5134.966887499771,3,final:regular:b3:r010,0.272343764939436,final:regular:r010,181.92028693202792,10000.0,2075.77122653685,2723.4376493943582,0.207577122653685,90010,647.6664228575082,regular,465.74613592548053
5013.165685473612,3,final:regular:b3:r011,0.2704466881787626,final:regular:r011,56.980954044549435,10000.0,2197.987955175428,2704.4668817876245,0.2197987955175428,90011,506.4789266121966,regular,449.4979725676469
5091.430534860098,3,final:regular:b3:r012,0.06358284717311236,final:regular:r012,41.089083640150875,10000.0,455.987346427135,635.8284717311235,0.045598734642713495,90012,179.84112530398852,regular,138.75204166383696
5106.929356532053,3,final:regular:b3:r013,0.3639005209087528,final:regular:r013,65.29768527444185,10000.0,2963.82495474855,3639.005209087529,0.296382495474855,90013,675.1802543389786,regular,609.8825690645366
5093.030991455464,3,final:regular:b3:r014,0.3814811102234914,final:regular:r014,186.15234386217298,10000.000000000002,3008.09418622088,3814.811102234915,0.300809418622088,90014,806.7169160140347,regular,620.5645721518622
5069.1262327641425,3,final:regular:b3:r015,0.17121289377840754,final:regular:r015,-232.26175585459487,9999.999999999996,1655.7898226166053,1712.1289377840785,0.1655789822616606,90015,56.33911516747321,regular,288.6008710220675
5053.007661002914,3,final:regular:b3:r016,0.2586449771502728,final:regular:r016,232.60627090579646,10000.0,1801.8106650439759,2586.4497715027264,0.18018106650439758,90016,784.6391064587506,regular,552.0328355529539
5020.883891556146,3,final:regular:b3:r017,0.19258457749743563,final:regular:r017,-0.9511612295627856,10000.0,1613.3529508736137,1925.8457749743584,0.16133529508736139,90017,312.49282410074466,regular,313.44398533030744
4985.960320993933,3,final:regular:b3:r018,0.2596357778989403,final:regular:r018,165.36745502062104,9999.999999999998,1946.5431043952158,2596.3577789894043,0.1946543104395216,90018,649.8146745941885,regular,484.4472195735675
4998.071898845032,3,final:regular:b3:r019,0.13329872986090707,final:regular:r019,77.0533946975911,9999.999999999998,974.1194485348624,1332.9872986090704,0.09741194485348625,90019,358.86785007420804,regular,281.81445537661784
5039.070791926498,3,final:regular:b3:r020,0.26307437231666475,final:regular:r020,50.041438373805704,10000.000000000002,2203.003824224394,2630.743723166649,0.22030038242243938,90020,427.73989894225497,regular,377.69846056844926
5074.966654632281,3,final:regular:b3:r021,0.25878182635804947,final:regular:r021,235.4909501667048,9999.999999999996,1693.3859881264025,2587.818263580495,0.16933859881264032,90021,894.4322754540926,regular,658.9413252873876
5095.549986559284,3,final:regular:b3:r022,0.22970333604704274,final:regular:r022,-18.282823483786615,10000.0,1812.113892628151,2297.033360470429,0.1812113892628151,90022,484.9194678422782,regular,503.2022913260648
5111.199255702519,3,final:regular:b3:r023,0.25243696622862755,final:regular:r023,194.4392741021211,9999.999999999998,1874.6054458447447,2524.3696622862735,0.1874605445844745,90023,649.7642164415288,regular,455.3249423394079
4976.602652062065,3,final:regular:b3:r024,0.12355005834400168,final:regular:r024,-192.98664177800765,10000.000000000002,1227.787539040799,1235.5005834400145,0.12277875390407987,90024,7.713044399215505,regular,200.69968617722316
4990.530919586615,3,final:regular:b3:r025,0.06176025228862114,final:regular:r025,-108.97023550975746,10000.0,533.5479727098354,617.6025228862127,0.053354797270983544,90025,84.05455017637723,regular,193.02478568613424
5003.428160776042,3,final:regular:b3:r026,0.2641145969567492,final:regular:r026,688.1951777817335,10000.0,1700.3748090044273,2641.145969567492,0.17003748090044274,90026,940.7711605630648,regular,252.57598278133128
5096.8464685648,3,final:regular:b3:r027,0.3208403959042929,final:regular:r027,67.78595956969275,10000.000000000002,2790.324350868562,3208.4039590429284,0.27903243508685616,90027,418.0796081743665,regular,350.2936486046731
5081.456794830124,3,final:regular:b3:r028,0.13552495196975067,final:regular:r028,175.98732638887668,9999.999999999996,894.7615093821223,1355.249519697507,0.08947615093821226,90028,460.4880103153846,regular,284.50068392650815
5020.537989396148,3,final:regular:b3:r029,0.26429902116739945,final:regular:r029,101.8422305110148,10000.000000000004,2177.9062710467233,2642.990211673993,0.21779062710467226,90029,465.08394062726984,regular,363.24171011625504
5117.291551044698,3,final:regular:b3:r030,0.07656013351131608,final:regular:r030,-203.42006279150974,9999.999999999998,792.3350957453913,765.6013351131605,0.07923350957453915,90030,-26.73376063223077,regular,176.68630215927897
5078.288615896193,3,final:regular:b3:r031,0.11036238034599521,final:regular:r031,69.22867589374846,10000.000000000004,798.7865597407381,1103.62380345995,0.07987865597407377,90031,304.837243719212,regular,235.60856782546352
5088.515654401806,3,final:regular:b3:r032,0.17574053074841955,final:regular:r032,-63.86766855665428,10000.000000000002,1490.0040107742102,1757.4053074841959,0.149000401077421,90032,267.4012967099857,regular,331.2689652666404
5186.822772353868,3,final:regular:b3:r033,0.12616158089131713,final:regular:r033,-71.14203094417235,10000.0,1037.0083775324147,1261.6158089131677,0.10370083775324147,90033,224.60743138075304,regular,295.74946232492493
5168.701744012282,3,final:regular:b3:r034,0.2699398557706817,final:regular:r034,-34.56510801445529,10000.0,2135.096199756181,2699.398557706816,0.21350961997561807,90034,564.3023579506353,regular,598.8674659650903
5132.659718519263,3,final:regular:b3:r035,0.22672935691999274,final:regular:r035,245.83711046655526,10000.000000000002,1487.9002007982208,2267.2935691999264,0.14879002007982206,90035,779.3933684017056,regular,533.5562579351504
5088.401265213898,3,final:regular:b3:r036,0.23183535353501128,final:regular:r036,41.89107370674992,10000.0,1794.6588646463151,2318.3535353501156,0.17946588646463152,90036,523.6946707038005,regular,481.8035969970508
5130.199835236828,3,final:regular:b3:r037,0.1815327553273801,final:regular:r037,114.42671998570131,10000.000000000002,1296.3109380674086,1815.3275532738007,0.12963109380674084,90037,519.0166152063921,regular,404.58989522069055
4956.416839641004,3,final:regular:b3:r038,0.07704740267515287,final:regular:r038,70.20955202561981,10000.000000000004,538.6560239906776,770.4740267515281,0.053865602399067736,90038,231.8180027608505,regular,161.60845073523092
5173.816430143508,3,final:regular:b3:r039,0.29954597143973205,final:regular:r039,278.5682412427723,10000.000000000002,2267.6076704354878,2995.4597143973206,0.22676076704354872,90039,727.8520439618328,regular,449.2838027190604
4990.254483394721,3,final:regular:b3:r040,0.20433322596494397,final:regular:r040,76.20596131322145,9999.999999999998,1485.3794661514535,2043.33225964944,0.14853794661514538,90040,557.9527934979865,regular,481.74683218476457
5092.96012746843,3,final:regular:b3:r041,0.1705719307605953,final:regular:r041,-73.37373840131977,10000.000000000002,1537.7015875174147,1705.7193076059557,0.15377015875174144,90041,168.01772008854095,regular,241.39145848985982
5039.096014380445,3,final:regular:b3:r042,0.2975677334111896,final:regular:r042,149.91289075357736,9999.999999999998,2257.233856716803,2975.677334111895,0.22572338567168035,90042,718.443477395092,regular,568.5305866415147
5092.116263485184,3,final:regular:b3:r043,0.14856713595176552,final:regular:r043,51.86923947136256,10000.000000000004,1242.38339320642,1485.6713595176552,0.12423833932064195,90043,243.28796631123532,regular,191.41872683987322
5112.428828153069,3,final:regular:b3:r044,0.1894337363184898,final:regular:r044,225.4589871737203,10000.0,1413.149050189184,1894.337363184899,0.14131490501891839,90044,481.188312995715,regular,255.72932582199405
5059.926343995213,3,final:regular:b3:r045,0.3254605269640267,final:regular:r045,19.584227979195475,10000.0,2576.762591141564,3254.605269640264,0.25767625911415637,90045,677.8426784987,regular,658.258450519505
5113.390335944966,3,final:regular:b3:r046,0.08668695391359837,final:regular:r046,151.68500939949672,10000.000000000002,633.5358775302484,866.8695391359834,0.06335358775302483,90046,233.33366160573496,regular,81.6486522062387
5102.449761253636,3,final:regular:b3:r047,0.35008619159837107,final:regular:r047,-103.42655747554318,10000.000000000002,3101.3759585731023,3500.8619159837126,0.31013759585731016,90047,399.48595741061035,regular,502.91251488615353
5006.71037413357,3,final:regular:b3:r048,0.14399142008602084,final:regular:r048,114.63005523519496,10000.0,959.1154555663852,1439.9142008602103,0.09591154555663851,90048,480.79874529382505,regular,366.1686900586301
5114.205924499376,3,final:regular:b3:r049,0.11877444889678801,final:regular:r049,95.18959495384297,9999.999999999998,765.7250609459661,1187.744488967879,0.07657250609459662,90049,422.019428021913,regular,326.8298330680691
5056.840118870448,3,final:regular:b3:r050,0.0,final:regular:r050,-153.5663793244521,10000.0,146.01596746971973,0.0,0.014601596746971972,90050,-146.01596746971973,regular,7.550411854732602
4980.766251561283,3,final:regular:b3:r051,0.04363841609446972,final:regular:r051,-320.3076493416261,10000.0,589.0523529056509,436.3841609446972,0.058905235290565086,90051,-152.66819196095366,regular,167.6394573806724
4983.520965655693,3,final:regular:b3:r052,0.13039592896653807,final:regular:r052,332.5492938125567,9999.999999999998,719.9978234423897,1303.959289665383,0.07199978234423898,90052,583.9614662229933,regular,251.41217241043614
5088.979991833432,3,final:regular:b3:r053,0.12788318883494754,final:regular:r053,-193.46746079833838,10000.000000000002,1175.8639154906305,1278.831888349474,0.11758639154906303,90053,102.9679728588435,regular,296.43543365718233
5065.645315496512,3,final:regular:b3:r054,0.21447401099152663,final:regular:r054,-64.73808878190403,9999.999999999998,1777.5435642079638,2144.7401099152657,0.1777543564207964,90054,367.196545707302,regular,431.9346344892058
5020.953982313601,3,final:regular:b3:r055,0.36936619365717394,final:regular:r055,42.48847086558999,10000.0,2983.24322938072,3693.661936571738,0.298324322938072,90055,710.4187071910178,regular,667.9302363254276
5040.096530891664,3,final:regular:b3:r056,0.24006721807878662,final:regular:r056,-28.47255149115381,10000.0,2113.1603057102952,2400.6721807878657,0.21131603057102952,90056,287.5118750775705,regular,315.98442656872373
5086.714955763357,3,final:regular:b3:r057,0.22929526390591726,final:regular:r057,152.8188304104292,10000.000000000002,1752.2182369166585,2292.952639059172,0.1752218236916658,90057,540.7344021425133,regular,387.91557173208366
5027.705228040439,3,final:regular:b3:r058,0.3089951721419688,final:regular:r058,195.83116854698847,9999.999999999996,2442.3219148443322,3089.951721419686,0.24423219148443331,90058,647.6298065753535,regular,451.79863802836485
5075.094417595893,3,final:regular:b3:r059,0.12113657323816462,final:regular:r059,-159.1315938892867,10000.0,1139.549977846771,1211.365732381646,0.1139549977846771,90059,71.81575453487494,regular,230.9473484241621
5087.850703066728,3,final:regular:b3:r060,0.3761299034582589,final:regular:r060,79.43717367538011,10000.0,3013.4664031310576,3761.2990345825892,0.30134664031310576,90060,747.8326314515316,regular,668.3954577761513
5014.254760369813,3,final:regular:b3:r061,0.19989533021188366,final:regular:r061,-128.8902950014376,9999.999999999996,1758.1632388689077,1998.9533021188354,0.17581632388689084,90061,240.7900632499277,regular,369.6803582513653
5129.468840921614,3,final:regular:b3:r062,0.28428302767896585,final:regular:r062,-84.59474570225302,10000.0,2436.8266144545532,2842.8302767896575,0.24368266144545533,90062,406.0036623351043,regular,490.5984080373571
5001.633920127126,3,final:regular:b3:r063,0.1453717434487506,final:regular:r063,22.193855618384987,9999.999999999998,1184.1882610275115,1453.7174344875057,0.11841882610275117,90063,269.5291734599937,regular,247.33531784160914
5024.404552565834,3,final:regular:b3:r064,0.05415482368284219,final:regular:r064,68.53433988866527,9999.999999999998,267.6721550420734,541.5482368284229,0.026767215504207346,90064,273.87608178634946,regular,205.34174189768464
5080.78078956544,3,final:regular:b3:r065,0.16093520218397228,final:regular:r065,41.073148911685166,9999.999999999998,1258.825854657317,1609.3520218397234,0.12588258546573172,90065,350.5261671824064,regular,309.45301827072126
5193.270908864265,3,final:regular:b3:r066,0.08407485724768993,final:regular:r066,-109.28343373212238,9999.999999999998,677.4888154273567,840.7485724768994,0.06774888154273569,90066,163.2597570495427,regular,272.5431907816653
5041.648453189699,3,final:regular:b3:r067,0.35779774376670415,final:regular:r067,223.34974545879095,10000.000000000002,2757.32810203188,3577.9774376670384,0.27573281020318796,90067,820.6493356351584,regular,597.2995901763671
5004.4165584917355,3,final:regular:b3:r068,0.24974602176318494,final:regular:r068,-57.29735213713684,10000.000000000002,2246.281210948692,2497.4602176318494,0.22462812109486918,90068,251.17900668315724,regular,308.47635882029385
5054.910387222249,3,final:regular:b3:r069,0.20669740356377442,final:regular:r069,-64.32752336993553,10000.000000000002,1784.0348588379288,2066.974035637746,0.17840348588379285,90069,282.93917679981723,regular,347.266700169753
5169.16545681882,3,final:regular:b3:r070,0.378036338736768,final:regular:r070,285.8134675382298,10000.000000000002,2699.512604639715,3780.363387367681,0.26995126046397144,90070,1080.850782727966,regular,795.0373151897362
4981.60245035658,3,final:regular:b3:r071,0.12834044690865398,final:regular:r071,-10.443768522975915,9999.999999999998,971.0863683220232,1283.4044690865412,0.09710863683220233,90071,312.3181007645185,regular,322.7618692874945
5042.0943015473495,3,final:regular:b3:r072,0.0293851190217419,final:regular:r072,-77.86808619926069,10000.000000000002,312.8532946832156,293.85119021741775,0.031285329468321556,90072,-19.002104465797856,regular,58.86598173346215
5030.86779216713,3,final:regular:b3:r073,0.060339015839886656,final:regular:r073,81.15131856381731,10000.000000000004,392.9772884955946,603.3901583988645,0.03929772884955945,90073,210.4128699032699,regular,129.26155133945258
5087.672456139132,3,final:regular:b3:r074,0.3147059327025805,final:regular:r074,275.14963261462026,10000.0,2363.507230294237,3147.059327025804,0.23635072302942373,90074,783.552096731567,regular,508.4024641169465
5025.70522390676,3,final:regular:b3:r075,0.27980470991537454,final:regular:r075,100.70800898287916,10000.000000000002,2287.9093520121332,2798.047099153747,0.22879093520121327,90075,510.13774714161354,regular,409.42973815873415
4952.971728283866,3,final:regular:b3:r076,0.24440329605810984,final:regular:r076,-298.29680212237963,9999.999999999996,2369.301885294397,2444.0329605811003,0.23693018852943978,90076,74.73107528670334,regular,373.02787740908343
5070.799987688535,3,final:regular:b3:r077,0.14887330314408065,final:regular:r077,-333.8177429020798,10000.0,1669.0009090381764,1488.7330314408064,0.16690009090381763,90077,-180.26787759737,regular,153.54986530471024
5012.248101568839,3,final:regular:b3:r078,0.15601320732467627,final:regular:r078,-150.02914815126042,9999.999999999998,1569.9587383443604,1560.1320732467648,0.15699587383443608,90078,-9.82666509759565,regular,140.202483053665
5125.82580733402,3,final:regular:b3:r079,0.16014415789629166,final:regular:r079,66.34807912396673,10000.0,1251.4679495149667,1601.4415789629156,0.12514679495149666,90079,349.97362944794895,regular,283.62555032398177
5145.708422150322,3,final:regular:b3:r080,0.3906858549874219,final:regular:r080,274.5367955679403,9999.999999999998,2804.1052217548295,3906.8585498742204,0.280410522175483,90080,1102.753328119391,regular,828.2165325514509
5137.972281172557,3,final:regular:b3:r081,0.14512863818372823,final:regular:r081,-199.26340348726217,10000.0,1391.4506176912055,1451.2863818372825,0.13914506176912056,90081,59.835764146077054,regular,259.0991676333397
5052.156792706617,3,final:regular:b3:r082,0.1758462818341766,final:regular:r082,145.5629216976381,10000.000000000004,1277.6971686706947,1758.4628183417663,0.12776971686706942,90082,480.76564967107197,regular,335.2027279734343
5060.226305714743,3,final:regular:b3:r083,0.16919389714065003,final:regular:r083,-135.22515662852038,10000.000000000002,1416.5341873570528,1691.9389714064991,0.14165341873570525,90083,275.40478404944633,regular,410.62994067796615
5026.507644518094,3,final:regular:b3:r084,0.3794109000795288,final:regular:r084,272.3315633151169,10000.000000000004,2931.7547832531654,3794.109000795288,0.29317547832531643,90084,862.3542175421226,regular,590.0226542270054
5129.645846854667,3,final:regular:b3:r085,0.3060131258880183,final:regular:r085,85.48094795289035,10000.000000000004,2374.4398512709645,3060.1312588801848,0.23744398512709636,90085,685.6914076092203,regular,600.2104596563302
5046.297587001888,3,final:regular:b3:r086,0.2965035027483309,final:regular:r086,390.12229010645115,10000.0,2129.2880593144337,2965.035027483308,0.21292880593144337,90086,835.7469681688744,regular,445.6246780624235
5060.941089222954,3,final:regular:b3:r087,0.27089300685852025,final:regular:r087,-132.93722538105112,10000.000000000002,2461.7300472602537,2708.930068585202,0.24617300472602532,90087,247.20002132494847,regular,380.13724670600004
5099.74445100682,3,final:regular:b3:r088,0.2315183037238706,final:regular:r088,-44.85699838418168,10000.000000000002,1913.2241870316952,2315.1830372387085,0.1913224187031695,90088,401.95885020701326,regular,446.81584859119516
5106.959832562589,3,final:regular:b3:r089,0.20043896136722605,final:regular:r089,119.26592354373815,10000.0,1633.6766698136698,2004.3896136722597,0.16336766698136698,90089,370.7129438585898,regular,251.447020314851
5214.5637522316065,3,final:regular:b3:r090,0.14179504834027779,final:regular:r090,74.04933483570585,10000.0,1022.2938871029919,1417.9504834027775,0.10222938871029918,90090,395.65659629978563,regular,321.60726146408047
5051.749458997945,3,final:regular:b3:r091,0.2910760404899969,final:regular:r091,420.80511399951683,10000.000000000002,2028.7546030103185,2910.760404899969,0.20287546030103182,90091,882.0058018896507,regular,461.2006878901334
5067.08872612803,3,final:regular:b3:r092,0.1931174358486436,final:regular:r092,218.01440257249897,10000.000000000002,1441.5968300921668,1931.1743584864344,0.14415968300921667,90092,489.5775283942676,regular,271.56312582176884
5072.020849621148,3,final:regular:b3:r093,0.3393573524733262,final:regular:r093,-201.32027085338223,10000.000000000002,3168.4387714534514,3393.5735247332605,0.31684387714534507,90093,225.13475327980905,regular,426.4550241331908
5125.235190990196,3,final:regular:b3:r094,0.1818252002365629,final:regular:r094,127.31854061251761,10000.0,1230.915993176155,1818.2520023656261,0.12309159931761551,90094,587.336009189471,regular,460.0174685769532
5019.056200751482,3,final:regular:b3:r095,0.29668218123426937,final:regular:r095,290.36923631643276,10000.0,2261.358991772916,2966.821812342694,0.2261358991772916,90095,705.4628205697782,regular,415.09358425334483
5025.377598669741,3,final:regular:b3:r096,0.21921951536729944,final:regular:r096,-7.361729713262321,10000.0,1760.9012057742457,2192.195153672992,0.17609012057742457,90096,431.2939478987464,regular,438.6556776120091
5084.062415737866,3,final:regular:b3:r097,0.1742745645213103,final:regular:r097,63.4668557039754,10000.0,1372.7556957763018,1742.7456452131028,0.13727556957763018,90097,369.989949436801,regular,306.5230937328254
5029.264696162205,3,final:regular:b3:r098,0.11636288466939204,final:regular:r098,-337.53031539802487,10000.000000000002,1253.3818428530858,1163.6288466939222,0.12533818428530855,90098,-89.75299615916356,regular,247.7773192388613
5067.842729645198,3,final:regular:b3:r099,0.1135644754261036,final:regular:r099,-440.502890743865,10000.0,1304.0863214220317,1135.6447542610376,0.13040863214220316,90099,-168.44156716099405,regular,272.0613235828706
13381.69720188854,4,final:regular:b4:r000,0.018411699373103274,final:regular:r000,-125.04627320622922,10000.0,311.2410928528252,184.1169937310333,0.03112410928528252,90000,-127.12409912179191,regular,-2.077825915563153
13212.037348432646,4,final:regular:b4:r001,0.2068302971450321,final:regular:r001,-10.482212066516695,10000.000000000002,1704.8334285723904,2068.302971450321,0.170483342857239,90001,363.4695428779305,regular,373.95175494444766
13204.000947512197,4,final:regular:b4:r002,0.16516063611678478,final:regular:r002,-113.46591526779366,9999.999999999998,1461.5290019513095,1651.6063611678483,0.14615290019513097,90002,190.07735921653875,regular,303.5432744843324
13180.157695740369,4,final:regular:b4:r003,0.08496005531061968,final:regular:r003,-6.089440693248434,10000.0,683.7361270926012,849.6005531061946,0.06837361270926012,90003,165.8644260135934,regular,171.9538667068416
13355.738049182368,4,final:regular:b4:r004,0.10445815683363024,final:regular:r004,-28.979292634177455,10000.0,909.202061391281,1044.5815683363035,0.0909202061391281,90004,135.3795069450225,regular,164.35879957919906
13320.936410178694,4,final:regular:b4:r005,0.10327008833684781,final:regular:r005,-119.60974944515056,10000.0,948.5171105911259,1032.7008833684795,0.09485171105911258,90005,84.18377277735362,regular,203.79352222250373
13249.797826168966,4,final:regular:b4:r006,0.1548575942528162,final:regular:r006,228.06372430293413,10000.000000000002,1052.6289622375116,1548.5759425281612,0.10526289622375114,90006,495.94698029064966,regular,267.883255987716
13451.270710323588,4,final:regular:b4:r007,0.1654522137841603,final:regular:r007,104.38884648595058,10000.000000000002,1286.869203977497,1654.5221378416045,0.12868692039774968,90007,367.6529338641076,regular,263.2640873781568
13323.264329909895,4,final:regular:b4:r008,0.17988224868309644,final:regular:r008,86.92945581083404,10000.0,1406.852147607152,1798.8224868309644,0.1406852147607152,90008,391.9703392238125,regular,305.04088341297825
13270.701474028188,4,final:regular:b4:r009,0.01815397092813331,final:regular:r009,-125.39978137485696,9999.999999999998,278.8262426495321,181.53970928133276,0.027882624264953217,90009,-97.28653336819934,regular,28.11324800665716
13479.288079686898,4,final:regular:b4:r010,0.272343764939436,final:regular:r010,181.92028693202792,10000.0,2075.77122653685,2723.4376493943582,0.207577122653685,90010,647.6664228575082,regular,465.74613592548053
13159.559924368232,4,final:regular:b4:r011,0.2704466881787626,final:regular:r011,56.980954044549435,10000.0,2197.987955175428,2704.4668817876245,0.2197987955175428,90011,506.4789266121966,regular,449.49797256764714
13365.005154007758,4,final:regular:b4:r012,0.06358284717311236,final:regular:r012,41.089083640150875,10000.0,455.987346427135,635.8284717311235,0.045598734642713495,90012,179.84112530398852,regular,138.75204166383674
13405.689560896639,4,final:regular:b4:r013,0.3639005209087528,final:regular:r013,65.29768527444185,10000.0,2963.824954748551,3639.005209087529,0.2963824954748551,90013,675.1802543389776,regular,609.8825690645363
13369.206352570593,4,final:regular:b4:r014,0.3814811102234912,final:regular:r014,186.15234386217298,10000.000000000002,3008.09418622088,3814.811102234916,0.300809418622088,90014,806.7169160140356,regular,620.5645721518624
13306.456361005874,4,final:regular:b4:r015,0.17121289377840754,final:regular:r015,-232.26175585459487,9999.999999999996,1655.7898226166053,1712.1289377840785,0.1655789822616606,90015,56.33911516747321,regular,288.6008710220675
13264.145110132647,4,final:regular:b4:r016,0.2586449771502728,final:regular:r016,232.60627090579646,10000.0,1801.8106650439763,2586.4497715027264,0.18018106650439764,90016,784.6391064587501,regular,552.0328355529538
13179.820215334883,4,final:regular:b4:r017,0.19258457749743563,final:regular:r017,-0.9511612295627856,10000.0,1613.3529508736137,1925.8457749743584,0.16133529508736139,90017,312.49282410074466,regular,313.44398533030744
13088.145842609074,4,final:regular:b4:r018,0.2596357778989403,final:regular:r018,165.36745502062104,9999.999999999998,1946.543104395214,2596.3577789894025,0.19465431043952144,90018,649.8146745941885,regular,484.4472195735675
13119.938734468209,4,final:regular:b4:r019,0.13329872986090707,final:regular:r019,77.0533946975911,9999.999999999998,974.1194485348624,1332.9872986090704,0.09741194485348625,90019,358.86785007420804,regular,281.81445537661784
13227.560828807056,4,final:regular:b4:r020,0.26307437231666475,final:regular:r020,50.041438373805704,10000.000000000002,2203.003824224394,2630.743723166649,0.22030038242243938,90020,427.73989894225497,regular,377.69846056844926
13321.787468409737,4,final:regular:b4:r021,0.25878182635804947,final:regular:r021,235.4909501667048,9999.999999999996,1693.3859881264025,2587.818263580495,0.16933859881264032,90021,894.4322754540926,regular,658.9413252873876
13375.81871471812,4,final:regular:b4:r022,0.22970333604704274,final:regular:r022,-18.282823483786615,10000.0,1812.113892628151,2297.033360470429,0.1812113892628151,90022,484.9194678422782,regular,503.2022913260648
13416.89804621911,4,final:regular:b4:r023,0.25243696622862755,final:regular:r023,194.4392741021211,9999.999999999998,1874.6054458447447,2524.3696622862735,0.1874605445844745,90023,649.7642164415288,regular,455.3249423394079
13063.581961662921,4,final:regular:b4:r024,0.12355005834400168,final:regular:r024,-192.98664177800765,10000.000000000002,1227.787539040799,1235.5005834400145,0.12277875390407987,90024,7.713044399215505,regular,200.69968617722316
13100.143663914863,4,final:regular:b4:r025,0.06176025228862114,final:regular:r025,-108.97023550975746,10000.0,533.5479727098354,617.6025228862127,0.053354797270983544,90025,84.05455017637723,regular,193.02478568613424
13133.998922037112,4,final:regular:b4:r026,0.2641145969567492,final:regular:r026,688.1951777817335,10000.0,1700.3748090044273,2641.145969567492,0.17003748090044274,90026,940.7711605630648,regular,252.57598278133128
13379.2219799826,4,final:regular:b4:r027,0.3208403959042929,final:regular:r027,67.78595956969275,10000.000000000002,2790.3243508685628,3208.4039590429284,0.2790324350868562,90027,418.0796081743656,regular,350.29364860467285
13338.824086429075,4,final:regular:b4:r028,0.13552495196975067,final:regular:r028,175.98732638887668,9999.999999999996,894.7615093821223,1355.249519697507,0.08947615093821226,90028,460.4880103153846,regular,284.50068392650815
13178.912222164889,4,final:regular:b4:r029,0.26429902116739945,final:regular:r029,101.8422305110148,10000.000000000004,2177.9062710467233,2642.990211673993,0.21779062710467226,90029,465.08394062726984,regular,363.24171011625504
13432.890321492334,4,final:regular:b4:r030,0.07656013351131608,final:regular:r030,-203.42006279150974,9999.999999999998,792.3350957453913,765.6013351131605,0.07923350957453915,90030,-26.73376063223077,regular,176.68630215927874
13330.507616727506,4,final:regular:b4:r031,0.11036238034599521,final:regular:r031,69.22867589374846,10000.000000000004,798.7865597407381,1103.62380345995,0.07987865597407377,90031,304.837243719212,regular,235.60856782546352
13357.353592804742,4,final:regular:b4:r032,0.17574053074841955,final:regular:r032,-63.86766855665428,10000.000000000002,1490.0040107742102,1757.4053074841959,0.149000401077421,90032,267.4012967099857,regular,331.2689652666404
13615.409777428902,4,final:regular:b4:r033,0.12616158089131713,final:regular:r033,-71.14203094417235,10000.0,1037.0083775324165,1261.6158089131695,0.10370083775324165,90033,224.60743138075304,regular,295.74946232492493
13567.84207803224,4,final:regular:b4:r034,0.2699398557706817,final:regular:r034,-34.56510801445529,10000.0,2135.0961997561826,2699.398557706818,0.21350961997561826,90034,564.3023579506353,regular,598.8674659650903
13473.231761113066,4,final:regular:b4:r035,0.22672935691999274,final:regular:r035,245.83711046655526,10000.000000000002,1487.9002007982208,2267.2935691999264,0.14879002007982206,90035,779.3933684017056,regular,533.5562579351504
13357.053321186482,4,final:regular:b4:r036,0.23183535353501128,final:regular:r036,41.89107370674992,10000.0,1794.6588646463151,2318.3535353501156,0.17946588646463152,90036,523.6946707038005,regular,481.8035969970508
13466.774567496674,4,final:regular:b4:r037,0.1815327553273801,final:regular:r037,114.42671998570131,10000.000000000002,1296.3109380674096,1815.3275532738007,0.12963109380674093,90037,519.0166152063912,regular,404.5898952206903
13010.594204057636,4,final:regular:b4:r038,0.07704740267515287,final:regular:r038,70.20955202561981,10000.000000000004,538.6560239906776,770.4740267515281,0.053865602399067736,90038,231.8180027608505,regular,161.60845073523092
13581.268129126709,4,final:regular:b4:r039,0.29954597143973205,final:regular:r039,278.5682412427723,10000.000000000002,2267.6076704354878,2995.4597143973206,0.22676076704354872,90039,727.8520439618328,regular,449.2838027190604
13099.418018911145,4,final:regular:b4:r040,0.20433322596494397,final:regular:r040,76.20596131322145,9999.999999999998,1485.379466151453,2043.33225964944,0.14853794661514533,90040,557.9527934979869,regular,481.746832184765
13369.02033460463,4,final:regular:b4:r041,0.1705719307605953,final:regular:r041,-73.37373840131977,10000.000000000002,1537.7015875174138,1705.7193076059548,0.15377015875174135,90041,168.01772008854095,regular,241.39145848985982
13227.627037748669,4,final:regular:b4:r042,0.2975677334111896,final:regular:r042,149.91289075357736,9999.999999999998,2257.233856716803,2975.677334111895,0.22572338567168035,90042,718.443477395092,regular,568.5305866415149
13366.80519164861,4,final:regular:b4:r043,0.1485671359517654,final:regular:r043,51.86923947136256,10000.000000000004,1242.38339320642,1485.6713595176552,0.12423833932064195,90043,243.28796631123532,regular,191.41872683987322
13420.125673901806,4,final:regular:b4:r044,0.1894337363184898,final:regular:r044,225.4589871737203,10000.0,1413.149050189183,1894.337363184898,0.1413149050189183,90044,481.188312995715,regular,255.72932582199405
13282.306652987434,4,final:regular:b4:r045,0.3254605269640267,final:regular:r045,19.584227979195475,10000.0,2576.7625911415657,3254.6052696402658,0.2576762591141566,90045,677.8426784987,regular,658.2584505195049
13422.649631855536,4,final:regular:b4:r046,0.08668695391359837,final:regular:r046,151.68500939949672,10000.000000000002,633.5358775302484,866.8695391359834,0.06335358775302483,90046,233.33366160573496,regular,81.6486522062387
13393.930623290793,4,final:regular:b4:r047,0.35008619159837107,final:regular:r047,-103.42655747554318,10000.000000000002,3101.3759585731023,3500.8619159837126,0.31013759585731016,90047,399.48595741061035,regular,502.91251488615353
13142.614732100621,4,final:regular:b4:r048,0.14399142008602084,final:regular:r048,114.63005523519496,10000.0,959.1154555663852,1439.9142008602103,0.09591154555663851,90048,480.79874529382505,regular,366.1686900586301
13424.790551810862,4,final:regular:b4:r049,0.11877444889678801,final:regular:r049,95.18959495384297,9999.999999999998,765.7250609459661,1187.744488967879,0.07657250609459662,90049,422.019428021913,regular,326.8298330680691
13274.205312034926,4,final:regular:b4:r050,0.0,final:regular:r050,-153.5663793244521,10000.0,146.01596746971973,0.0,0.014601596746971972,90050,-146.01596746971973,regular,7.550411854732602
13074.511410348367,4,final:regular:b4:r051,0.04363841609446972,final:regular:r051,-320.3076493416261,10000.0,589.0523529056509,436.3841609446972,0.058905235290565086,90051,-152.66819196095366,regular,167.6394573806724
13081.742534846193,4,final:regular:b4:r052,0.13039592896653807,final:regular:r052,332.5492938125567,9999.999999999998,719.9978234423897,1303.959289665383,0.07199978234423898,90052,583.9614662229933,regular,251.41217241043614
13358.572478562759,4,final:regular:b4:r053,0.12788318883494731,final:regular:r053,-193.46746079833838,10000.000000000002,1175.8639154906305,1278.831888349474,0.11758639154906303,90053,102.9679728588435,regular,296.43543365718233
13297.318953178343,4,final:regular:b4:r054,0.21447401099152663,final:regular:r054,-64.73808878190403,9999.999999999998,1777.5435642079628,2144.740109915265,0.17775435642079632,90054,367.196545707302,regular,431.9346344892057
13180.004203573202,4,final:regular:b4:r055,0.36936619365717394,final:regular:r055,42.48847086558999,10000.0,2983.2432293807183,3693.661936571736,0.2983243229380718,90055,710.4187071910178,regular,667.9302363254276
13230.253393590616,4,final:regular:b4:r056,0.24006721807878662,final:regular:r056,-28.47255149115381,10000.0,2113.1603057102952,2400.6721807878657,0.21131603057102952,90056,287.5118750775705,regular,315.98442656872373
13352.62675887881,4,final:regular:b4:r057,0.22929526390591726,final:regular:r057,152.8188304104292,10000.000000000002,1752.2182369166594,2292.952639059172,0.17522182369166592,90057,540.7344021425124,regular,387.91557173208344
13197.726223606152,4,final:regular:b4:r058,0.3089951721419688,final:regular:r058,195.83116854698847,9999.999999999996,2442.3219148443322,3089.951721419686,0.24423219148443331,90058,647.6298065753535,regular,451.79863802836485
13322.122846189219,4,final:regular:b4:r059,0.12113657323816462,final:regular:r059,-159.1315938892867,10000.0,1139.549977846771,1211.365732381646,0.1139549977846771,90059,71.81575453487494,regular,230.9473484241621
13355.608095550162,4,final:regular:b4:r060,0.3761299034582589,final:regular:r060,79.43717367538011,10000.0,3013.4664031310576,3761.2990345825892,0.30134664031310576,90060,747.8326314515316,regular,668.3954577761513
13162.41874597076,4,final:regular:b4:r061,0.19989533021188366,final:regular:r061,-128.8902950014376,9999.999999999996,1758.1632388689077,1998.9533021188354,0.17581632388689084,90061,240.7900632499277,regular,369.6803582513653
13464.855707419236,4,final:regular:b4:r062,0.28428302767896585,final:regular:r062,-84.59474570225302,10000.0,2436.8266144545523,2842.8302767896566,0.24368266144545522,90062,406.0036623351043,regular,490.5984080373571
13129.289040333706,4,final:regular:b4:r063,0.1453717434487506,final:regular:r063,22.193855618384987,9999.999999999998,1184.1882610275115,1453.7174344875057,0.11841882610275117,90063,269.5291734599937,regular,247.33531784160914
13189.061950485315,4,final:regular:b4:r064,0.05415482368284219,final:regular:r064,68.53433988866527,9999.999999999998,267.6721550420734,541.5482368284229,0.026767215504207346,90064,273.87608178634946,regular,205.34174189768464
13337.049572609278,4,final:regular:b4:r065,0.16093520218397228,final:regular:r065,41.073148911685166,9999.999999999998,1258.825854657317,1609.3520218397234,0.12588258546573172,90065,350.5261671824064,regular,309.45301827072126
13632.336135768695,4,final:regular:b4:r066,0.08407485724769015,final:regular:r066,-109.28343373212238,9999.999999999998,677.4888154273567,840.7485724768994,0.06774888154273569,90066,163.2597570495427,regular,272.5431907816653
13234.327189622958,4,final:regular:b4:r067,0.35779774376670415,final:regular:r067,223.34974545879095,10000.000000000002,2757.32810203188,3577.9774376670384,0.27573281020318796,90067,820.6493356351584,regular,597.2995901763671
13136.593466040806,4,final:regular:b4:r068,0.24974602176318494,final:regular:r068,-57.29735213713684,10000.000000000002,2246.281210948692,2497.4602176318494,0.22462812109486918,90068,251.17900668315724,regular,308.47635882029385
13269.139766458402,4,final:regular:b4:r069,0.20669740356377442,final:regular:r069,-64.32752336993553,10000.000000000002,1784.0348588379288,2066.974035637746,0.17840348588379285,90069,282.93917679981723,regular,347.266700169753
13569.0593241494,4,final:regular:b4:r070,0.378036338736768,final:regular:r070,285.8134675382298,10000.000000000002,2699.512604639715,3780.363387367681,0.26995126046397144,90070,1080.850782727966,regular,795.0373151897362
13076.706432186023,4,final:regular:b4:r071,0.12834044690865398,final:regular:r071,-10.443768522975915,9999.999999999998,971.0863683220232,1283.4044690865412,0.09710863683220233,90071,312.3181007645185,regular,322.7618692874945
13235.497541561792,4,final:regular:b4:r072,0.0293851190217419,final:regular:r072,-77.86808619926069,10000.000000000002,312.8532946832156,293.85119021741775,0.031285329468321556,90072,-19.002104465797856,regular,58.86598173346215
13206.027954438714,4,final:regular:b4:r073,0.060339015839886656,final:regular:r073,81.15131856381731,10000.000000000004,392.9772884955946,603.3901583988645,0.03929772884955945,90073,210.4128699032699,regular,129.26155133945258
13355.140197365221,4,final:regular:b4:r074,0.3147059327025804,final:regular:r074,275.14963261462026,10000.0,2363.507230294237,3147.059327025804,0.23635072302942373,90074,783.552096731567,regular,508.4024641169465
13192.476212755244,4,final:regular:b4:r075,0.27980470991537465,final:regular:r075,100.70800898287916,10000.000000000002,2287.9093520121332,2798.047099153747,0.22879093520121327,90075,510.13774714161354,regular,409.42973815873415
13001.550786745147,4,final:regular:b4:r076,0.24440329605810984,final:regular:r076,-298.29680212237963,9999.999999999996,2369.301885294397,2444.0329605811003,0.23693018852943978,90076,74.73107528670334,regular,373.02787740908343
13310.849967682405,4,final:regular:b4:r077,0.14887330314408065,final:regular:r077,-333.8177429020798,10000.0,1669.0009090381764,1488.7330314408064,0.16690009090381763,90077,-180.26787759737,regular,153.54986530471024
13157.151266618202,4,final:regular:b4:r078,0.15601320732467627,final:regular:r078,-150.02914815126042,9999.999999999998,1569.9587383443604,1560.1320732467648,0.15699587383443608,90078,-9.82666509759565,regular,140.202483053665
13455.292744251803,4,final:regular:b4:r079,0.16014415789629166,final:regular:r079,66.34807912396673,10000.0,1251.4679495149667,1601.4415789629156,0.12514679495149666,90079,349.97362944794895,regular,283.62555032398177
13507.484608144596,4,final:regular:b4:r080,0.4272250921238361,final:regular:r080,453.77237361750895,9999.999999999998,2919.625974318483,4272.250921238362,0.2919625974318483,90080,1352.6249469198792,regular,898.8525733023707
13487.177238077962,4,final:regular:b4:r081,0.14512863818372823,final:regular:r081,-199.26340348726217,10000.0,1391.4506176912055,1451.2863818372825,0.13914506176912056,90081,59.835764146077054,regular,259.0991676333397
13261.91158085487,4,final:regular:b4:r082,0.1758462818341766,final:regular:r082,145.5629216976381,10000.000000000004,1277.6971686706947,1758.4628183417663,0.12776971686706942,90082,480.76564967107197,regular,335.2027279734343
13283.0940525012,4,final:regular:b4:r083,0.16919389714065003,final:regular:r083,-135.22515662852038,10000.000000000002,1416.5341873570528,1691.9389714064991,0.14165341873570525,90083,275.40478404944633,regular,410.62994067796615
13194.582566859997,4,final:regular:b4:r084,0.3794109000795288,final:regular:r084,272.3315633151169,10000.000000000004,2931.7547832531654,3794.109000795288,0.29317547832531643,90084,862.3542175421226,regular,590.0226542270057
13465.320347993502,4,final:regular:b4:r085,0.3060131258880183,final:regular:r085,85.48094795289035,10000.000000000004,2374.4398512709627,3060.131258880183,0.2374439851270962,90085,685.6914076092203,regular,600.2104596563302
13246.531165879955,4,final:regular:b4:r086,0.2965035027483309,final:regular:r086,390.12229010645115,10000.0,2129.2880593144355,2965.03502748331,0.21292880593144356,90086,835.7469681688744,regular,445.6246780624232
13284.970359210256,4,final:regular:b4:r087,0.27089300685852025,final:regular:r087,-132.93722538105112,10000.000000000002,2461.7300472602537,2708.930068585202,0.24617300472602532,90087,247.20002132494847,regular,380.13724670600004
13386.829183892902,4,final:regular:b4:r088,0.2315183037238706,final:regular:r088,-44.85699838418168,10000.000000000002,1913.2241870316952,2315.1830372387085,0.1913224187031695,90088,401.95885020701326,regular,446.81584859119516
13405.769560476798,4,final:regular:b4:r089,0.20043896136722605,final:regular:r089,119.26592354373815,10000.0,1633.6766698136698,2004.3896136722597,0.16336766698136698,90089,370.7129438585898,regular,251.447020314851
13688.229849607966,4,final:regular:b4:r090,0.14179504834027779,final:regular:r090,74.04933483570585,10000.0,1022.2938871029919,1417.9504834027775,0.10222938871029918,90090,395.65659629978563,regular,321.60726146408047
13260.842329869605,4,final:regular:b4:r091,0.2910760404899969,final:regular:r091,420.80511399951683,10000.000000000002,2028.7546030103185,2910.760404899969,0.20287546030103182,90091,882.0058018896507,regular,461.2006878901334
13301.10790608608,4,final:regular:b4:r092,0.1931174358486436,final:regular:r092,218.01440257249897,10000.000000000002,1441.596830092165,1931.1743584864325,0.14415968300921647,90092,489.5775283942676,regular,271.56312582176884
13314.054730255513,4,final:regular:b4:r093,0.3393573524733262,final:regular:r093,-201.32027085338223,10000.000000000002,3168.4387714534514,3393.5735247332605,0.31684387714534507,90093,225.13475327980905,regular,426.4550241331908
13453.742376349266,4,final:regular:b4:r094,0.1818252002365629,final:regular:r094,127.31854061251761,10000.0,1230.915993176155,1818.2520023656261,0.12309159931761551,90094,587.336009189471,regular,460.0174685769532
13175.022526972638,4,final:regular:b4:r095,0.29668218123426937,final:regular:r095,290.36923631643276,10000.0,2261.358991772916,2966.821812342694,0.2261358991772916,90095,705.4628205697782,regular,415.09358425334483
13191.61619650807,4,final:regular:b4:r096,0.21921951536729944,final:regular:r096,-7.361729713262321,10000.0,1760.9012057742457,2192.195153672992,0.17609012057742457,90096,431.2939478987464,regular,438.6556776120091
13345.663841311898,4,final:regular:b4:r097,0.1742745645213103,final:regular:r097,63.4668557039754,10000.0,1372.7556957763018,1742.7456452131028,0.13727556957763018,90097,369.989949436801,regular,306.5230937328254
13201.819827425788,4,final:regular:b4:r098,0.11636288466939204,final:regular:r098,-337.53031539802487,10000.000000000002,1253.3818428530858,1163.6288466939222,0.12533818428530855,90098,-89.75299615916356,regular,247.7773192388613
13303.087165318644,4,final:regular:b4:r099,0.1135644754261036,final:regular:r099,-440.502890743865,10000.0,1304.0863214220317,1135.6447542610376,0.13040863214220316,90099,-168.44156716099405,regular,272.0613235828706
