added_fixed_cost,added_sites,algorithm,budget,budget_index,case_id,central_sites,compute_ratio,compute_used,correction_cost,detection_fraction,environment_id,experiment,final_coverage,final_sites,fixed_cost,fixed_cost_multiplier,information,initial_coverage,initial_sites,local_sites,max_revenue,method,multi_operator_sites,nonrefundable_initial_commitment,operator_0_coverage,operator_1_coverage,operator_2_coverage,planning_error,planning_profit,profile,profit,profit_difference,qualifying_coverage,qualifying_demand,realized_profit,reference_coverage,reference_profit,refund_fraction,regional_sites,removed_sites,revenue,revenue_normalized_profit,revenue_normalized_profit_difference,seed,selected_sites,selected_sites_final,selected_sites_initial,sites,stranded_expenditure,throughput_ratio,throughput_used,topology,total_expenditure,unrecovered_expenditure,unserved_demand,variable_cost,variable_cost_multiplier,retained_sites,initial_fixed_commitment,refunded_fixed_cost,remaining_budget_at_correction,pre_detection_revenue,post_detection_revenue,pre_detection_variable_cost,post_detection_variable_cost,reference_revenue,reference_fixed_cost,reference_variable_cost,reference_total_expenditure,reference_qualifying_coverage,reference_sites,profit_advantage_from_early_information,revenue_difference,fixed_cost_difference,variable_cost_difference,accounting_residual
293.97881591749103,1.0,,3178.14460467704,2,exp5:asymmetric:r000,,3.0,,586.8195517726292,0.0,hardening:asymmetric:r000,5,0.4368533779682227,8.0,2468.2695767807304,1.0,,0.3448518104237768,7.0,,9999.999999999996,Catalog then correct,,2174.2907608632395,,,,,,moderate,1301.4818058957217,2852.0365193982498,0.4368533779682227,,,0.7331662929971011,4153.518325293971,0.0,,0.0,4368.533779682228,0.1301481805895722,0.285203651939825,40000,,"[""L034"", ""R002"", ""R003"", ""R004"", ""R005"", ""R007"", ""R008"", ""C000""]","[""L034"", ""R003"", ""R004"", ""R005"", ""R007"", ""R008"", ""C000""]",,,3.0,,asymmetric,3067.051973786506,292.84073585513823,,598.7823970057758,1.0,7,2174.2907608632395,0.0,1003.8538438138007,0.0,4368.533779682228,0.0,598.7823970057758,7331.662929971011,2271.046118195515,907.0984864815246,3178.14460467704,0.7331662929971011,7,2852.0365193982498,2963.1291502887834,-197.2234585852152,308.31608947574875,-1.1368683772161603e-13
821.047266340277,2.0,,3178.14460467704,2,exp5:asymmetric:r000,,3.0,,1399.6543425769005,0.0,hardening:asymmetric:r000,5,0.5948915369713652,6.0,2416.730950966893,1.0,,0.3448518104237768,7.0,,9999.999999999996,Catalog then correct,,1087.1453804316195,,,,,,moderate,2793.67549770018,1359.8428275937913,0.5948915369713652,,,0.7331662929971011,4153.518325293971,0.5,,3.0,5948.915369713652,0.2793675497700181,0.1359842827593791,40000,,"[""L034"", ""R002"", ""R003"", ""R004"", ""R007"", ""C001""]","[""L034"", ""R003"", ""R004"", ""R005"", ""R007"", ""R008"", ""C000""]",,,3.0,,asymmetric,3155.2398720134715,578.6070762366236,,738.5089210465784,1.0,4,2174.2907608632395,578.6070762366236,2090.9992242454205,0.0,5948.915369713652,0.0,738.5089210465784,7331.662929971011,2271.046118195515,907.0984864815246,3178.14460467704,0.7331662929971011,7,1359.8428275937913,1382.7475602573595,-145.68483277137784,168.58956543494617,1.1368683772161603e-13
1397.3549172301432,4.0,,3178.14460467704,2,exp5:asymmetric:r000,,3.0,,1397.3549172301432,0.0,hardening:asymmetric:r000,5,0.7331662929971011,7.0,2271.046118195515,1.0,,0.3448518104237768,7.0,,9999.999999999996,Catalog then correct,,0.0,,,,,,moderate,4153.518325293971,0.0,0.7331662929971011,,,0.7331662929971011,4153.518325293971,1.0,,4.0,7331.662929971011,0.4153518325293973,0.0,40000,,"[""R000"", ""R001"", ""R002"", ""R003"", ""R004"", ""R007"", ""C001""]","[""L034"", ""R003"", ""R004"", ""R005"", ""R007"", ""R008"", ""C000""]",,,3.0,,asymmetric,3178.14460467704,0.0,,907.0984864815246,1.0,3,2174.2907608632395,1300.5995598978673,3178.14460467704,0.0,7331.662929971011,0.0,907.0984864815246,7331.662929971011,2271.046118195515,907.0984864815246,3178.14460467704,0.7331662929971011,7,0.0,0.0,0.0,0.0,0.0
293.97881591749103,1.0,,3178.14460467704,2,exp5:asymmetric:r000,,3.0,,586.8195517726292,0.01,hardening:asymmetric:r000,5,0.4368533779682227,8.0,2468.2695767807304,1.0,,0.3448518104237768,7.0,,9999.999999999996,Catalog then correct,,2174.2907608632395,,,,,,moderate,1293.5772327377026,2859.941092556269,0.4359333622927783,,,0.7331662929971011,4153.518325293971,0.0,,0.0,4359.333622927784,0.1293577232737703,0.2859941092556269,40000,,"[""L034"", ""R002"", ""R003"", ""R004"", ""R005"", ""R007"", ""R008"", ""C000""]","[""L034"", ""R003"", ""R004"", ""R005"", ""R007"", ""R008"", ""C000""]",,,3.0,,asymmetric,3065.756390190081,292.84073585513823,,597.4868134093507,1.0,7,2174.2907608632395,0.0,999.161603440168,34.48518104237768,4324.848441885406,4.692240373632672,592.794573035718,7331.662929971011,2271.046118195515,907.0984864815246,3178.14460467704,0.7331662929971011,7,2859.941092556269,2972.3293070432273,-197.2234585852152,309.61167307217386,1.1368683772161603e-13
821.047266340277,2.0,,3178.14460467704,2,exp5:asymmetric:r000,,3.0,,1399.6543425769005,0.01,hardening:asymmetric:r000,5,0.5948915369713652,6.0,2416.730950966893,1.0,,0.3448518104237768,7.0,,9999.999999999996,Catalog then correct,,1087.1453804316195,,,,,,moderate,2771.3643738822543,1382.1539514117171,0.5923911397058893,,,0.7331662929971011,4153.518325293971,0.5,,3.0,5923.911397058892,0.2771364373882255,0.1382153951411717,40000,,"[""L034"", ""R002"", ""R003"", ""R004"", ""R007"", ""C001""]","[""L034"", ""R003"", ""R004"", ""R005"", ""R007"", ""R008"", ""C000""]",,,3.0,,asymmetric,3152.547023176638,578.6070762366236,,735.8160722097451,1.0,4,2174.2907608632395,578.6070762366236,2086.306983871788,34.48518104237768,5889.426216016514,4.692240373632672,731.1238318361125,7331.662929971011,2271.046118195515,907.0984864815246,3178.14460467704,0.7331662929971011,7,1382.1539514117171,1407.7515329121188,-145.68483277137784,171.28241427177943,-1.1368683772161603e-13
1397.3549172301432,4.0,,3178.14460467704,2,exp5:asymmetric:r000,,3.0,,1397.3549172301432,0.01,hardening:asymmetric:r000,5,0.735113916407169,7.0,2271.046118195515,1.0,,0.3448518104237768,7.0,,9999.999999999996,Catalog then correct,,0.0,,,,,,moderate,4135.011035733153,18.507289560818208,0.7312112953473351,,,0.7331662929971011,4153.518325293971,1.0,,4.0,7312.11295347335,0.4135011035733155,0.0018507289560818,40000,,"[""R000"", ""R001"", ""R002"", ""R003"", ""R004"", ""R007"", ""C001""]","[""L034"", ""R003"", ""R004"", ""R005"", ""R007"", ""R008"", ""C000""]",,,3.0,,asymmetric,3177.1019177401968,0.0,,906.0557995446816,1.0,3,2174.2907608632395,1300.5995598978673,3173.4523643034076,34.48518104237768,7277.627772430972,4.692240373632672,901.3635591710489,7331.662929971011,2271.046118195515,907.0984864815246,3178.14460467704,0.7331662929971011,7,18.507289560818208,19.54997649766119,0.0,1.0426869368429834,0.0
293.97881591749103,1.0,,3178.14460467704,2,exp5:asymmetric:r000,,3.0,,586.8195517726292,0.1,hardening:asymmetric:r000,5,0.4368533779682227,8.0,2468.2695767807304,1.0,,0.3448518104237768,7.0,,9999.999999999996,Catalog then correct,,2174.2907608632395,,,,,,moderate,1222.4360743155266,2931.082250978445,0.4276532212137782,,,0.7331662929971011,4153.518325293971,0.0,,0.0,4276.532212137782,0.1222436074315527,0.2931082250978445,40000,,"[""L034"", ""R002"", ""R003"", ""R004"", ""R005"", ""R007"", ""R008"", ""C000""]","[""L034"", ""R003"", ""R004"", ""R005"", ""R007"", ""R008"", ""C000""]",,,3.0,,asymmetric,3054.0961378222555,292.84073585513823,,585.826561041525,1.0,7,2174.2907608632395,0.0,956.931440077474,344.85181042377684,3931.6804017140053,46.92240373632672,538.9041573051983,7331.662929971011,2271.046118195515,907.0984864815246,3178.14460467704,0.7331662929971011,7,2931.082250978445,3055.130717833229,-197.2234585852152,321.27192543999956,1.1368683772161603e-13
821.047266340277,2.0,,3178.14460467704,2,exp5:asymmetric:r000,,3.0,,1399.6543425769005,0.1,hardening:asymmetric:r000,5,0.5948915369713652,6.0,2416.730950966893,1.0,,0.3448518104237768,7.0,,9999.999999999996,Catalog then correct,,1087.1453804316195,,,,,,moderate,2570.564259520923,1582.9540657730486,0.5698875643166064,,,0.7331662929971011,4153.518325293971,0.5,,3.0,5698.875643166063,0.2570564259520924,0.1582954065773049,40000,,"[""L034"", ""R002"", ""R003"", ""R004"", ""R007"", ""C001""]","[""L034"", ""R003"", ""R004"", ""R005"", ""R007"", ""R008"", ""C000""]",,,3.0,,asymmetric,3128.3113836451403,578.6070762366236,,711.5804326782472,1.0,4,2174.2907608632395,578.6070762366236,2044.0768205090937,344.85181042377684,5354.023832742287,46.92240373632672,664.6580289419205,7331.662929971011,2271.046118195515,907.0984864815246,3178.14460467704,0.7331662929971011,7,1582.9540657730486,1632.787286804948,-145.68483277137784,195.51805380327733,0.0
1397.3549172301432,4.0,,3178.14460467704,2,exp5:asymmetric:r000,,3.0,,1397.3549172301432,0.1,hardening:asymmetric:r000,5,0.735113916407169,7.0,2271.046118195515,1.0,,0.3448518104237768,7.0,,9999.999999999996,Catalog then correct,,0.0,,,,,,moderate,3823.487118728229,330.03120656574265,0.6960877058088298,,,0.7331662929971011,4153.518325293971,1.0,,4.0,6960.877058088297,0.382348711872823,0.0330031206565742,40000,,"[""R000"", ""R001"", ""R002"", ""R003"", ""R004"", ""R007"", ""C001""]","[""L034"", ""R003"", ""R004"", ""R005"", ""R007"", ""R008"", ""C000""]",,,3.0,,asymmetric,3137.3899393600686,0.0,,866.3438211645533,1.0,3,2174.2907608632395,1300.5995598978673,3131.2222009407133,344.85181042377684,6616.025247664521,46.92240373632672,819.4214174282266,7331.662929971011,2271.046118195515,907.0984864815246,3178.14460467704,0.7331662929971011,7,330.03120656574265,370.78587188271376,0.0,40.75466531697123,1.1368683772161603e-13
293.97881591749103,1.0,,3178.14460467704,2,exp5:asymmetric:r000,,3.0,,586.8195517726292,0.25,hardening:asymmetric:r000,5,0.4368533779682227,8.0,2468.2695767807304,1.0,,0.3448518104237768,7.0,,9999.999999999996,Catalog then correct,,2174.2907608632395,,,,,,moderate,1103.8674769452332,3049.6508483487382,0.4138529860821113,,,0.7331662929971011,4153.518325293971,0.0,,0.0,4138.529860821112,0.1103867476945233,0.3049650848348739,40000,,"[""L034"", ""R002"", ""R003"", ""R004"", ""R005"", ""R007"", ""R008"", ""C000""]","[""L034"", ""R003"", ""R004"", ""R005"", ""R007"", ""R008"", ""C000""]",,,3.0,,asymmetric,3034.662383875879,292.84073585513823,,566.3928070951487,1.0,7,2174.2907608632395,0.0,886.5478344729839,862.129526059442,3276.4003347616704,117.3060093408168,449.0867977543319,7331.662929971011,2271.046118195515,907.0984864815246,3178.14460467704,0.7331662929971011,7,3049.6508483487382,3193.133069149899,-197.2234585852152,340.7056793863759,1.1368683772161603e-13
821.047266340277,2.0,,3178.14460467704,2,exp5:asymmetric:r000,,3.0,,1324.9266783616415,0.25,hardening:asymmetric:r000,5,0.6129131591992291,6.0,2491.458615182152,1.0,,0.3448518104237768,7.0,,9999.999999999996,Catalog then correct,,1087.1453804316195,,,,,,moderate,2283.294518004408,1870.223807289564,0.545897822005366,,,0.7331662929971011,4153.518325293971,0.5,,3.0,5458.978220053659,0.2283294518004408,0.1870223807289564,40000,,"[""R002"", ""R003"", ""R004"", ""R005"", ""R007"", ""C001""]","[""L034"", ""R003"", ""R004"", ""R005"", ""R007"", ""R008"", ""C000""]",,,3.0,,asymmetric,3175.683702049252,503.8794120213646,,684.2250868671,1.0,4,2174.2907608632395,503.87941202136454,1973.6932149046036,862.129526059442,4596.848693994218,117.3060093408168,566.9190775262832,7331.662929971011,2271.046118195515,907.0984864815246,3178.14460467704,0.7331662929971011,7,1870.2238072895634,1872.684709917352,-220.4124969866366,222.87339961442456,-5.684341886080801e-13
1722.4022049825949,6.0,,3178.14460467704,2,exp5:asymmetric:r000,,3.0,,1722.4022049825949,0.25,hardening:asymmetric:r000,5,0.7496982893293218,8.0,2317.969254143241,1.0,,0.3448518104237768,7.0,,9999.999999999996,Catalog then correct,,0.0,,,,,,moderate,3308.716478742969,844.8018465510027,0.6484866696029356,,,0.7331662929971011,4153.518325293971,1.0,,5.0,6484.866696029356,0.330871647874297,0.0844801846551003,40000,,"[""L014"", ""L032"", ""R000"", ""R001"", ""R002"", ""R003"", ""R007"", ""C001""]","[""L034"", ""R003"", ""R004"", ""R005"", ""R007"", ""R008"", ""C000""]",,,3.0,,asymmetric,3176.150217286387,0.0,,858.1809631431462,1.0,2,2174.2907608632395,1578.7237117025932,3060.8385953362235,862.129526059442,5622.737169969914,117.3060093408168,740.8749538023294,7331.662929971011,2271.046118195515,907.0984864815246,3178.14460467704,0.7331662929971011,7,844.8018465510027,846.7962339416554,-46.92313594772577,48.91752333837837,-1.1368683772161603e-13
0.0,0.0,,3167.1915373627367,2,exp5:multi_hotspot:r000,,3.0,,0.0,0.0,hardening:multi_hotspot:r000,5,0.7419099796897557,8.0,2119.496713434438,1.0,,0.7419099796897557,8.0,,10000.0,Catalog then correct,,2119.496713434438,,,,,,moderate,4272.905589099117,94.0672436764653,0.7419099796897557,,,0.7534164370138319,4366.972832775582,0.0,,0.0,7419.099796897556,0.4272905589099117,0.0094067243676465,40000,,"[""L014"", ""L018"", ""L027"", ""R000"", ""R004"", ""R005"", ""R007"", ""C001""]","[""L014"", ""L018"", ""L027"", ""R000"", ""R004"", ""R005"", ""R007"", ""C001""]",,,3.0,,multi_hotspot,3146.194207798439,0.0,,1026.6974943640012,1.0,8,2119.496713434438,0.0,1047.6948239282988,0.0,7419.099796897556,0.0,1026.6974943640012,7534.164370138318,2121.366253115396,1045.8252842473407,3167.1915373627367,0.7534164370138319,8,94.0672436764653,115.064573240762,1.8695396809580416,19.127789883339574,9.094947017729282e-13
0.0,0.0,,3167.1915373627367,2,exp5:multi_hotspot:r000,,3.0,,0.0,0.0,hardening:multi_hotspot:r000,5,0.7419099796897557,8.0,2119.496713434438,1.0,,0.7419099796897557,8.0,,10000.0,Catalog then correct,,1059.748356717219,,,,,,moderate,4272.905589099117,94.0672436764653,0.7419099796897557,,,0.7534164370138319,4366.972832775582,0.5,,0.0,7419.099796897556,0.4272905589099117,0.0094067243676465,40000,,"[""L014"", ""L018"", ""L027"", ""R000"", ""R004"", ""R005"", ""R007"", ""C001""]","[""L014"", ""L018"", ""L027"", ""R000"", ""R004"", ""R005"", ""R007"", ""C001""]",,,3.0,,multi_hotspot,3146.194207798439,0.0,,1026.6974943640012,1.0,8,2119.496713434438,0.0,2107.4431806455177,0.0,7419.099796897556,0.0,1026.6974943640012,7534.164370138318,2121.366253115396,1045.8252842473407,3167.1915373627367,0.7534164370138319,8,94.0672436764653,115.064573240762,1.8695396809580416,19.127789883339574,9.094947017729282e-13
140.01674014543795,1.0,,3167.1915373627367,2,exp5:multi_hotspot:r000,,3.0,,140.01674014543795,0.0,hardening:multi_hotspot:r000,5,0.7534164370138319,8.0,2121.366253115396,1.0,,0.7419099796897557,8.0,,10000.0,Catalog then correct,,0.0,,,,,,moderate,4366.972832775582,0.0,0.7534164370138319,,,0.7534164370138319,4366.972832775582,1.0,,1.0,7534.164370138318,0.4366972832775582,0.0,40000,,"[""L014"", ""L018"", ""L034"", ""R000"", ""R004"", ""R005"", ""R007"", ""C001""]","[""L014"", ""L018"", ""L027"", ""R000"", ""R004"", ""R005"", ""R007"", ""C001""]",,,3.0,,multi_hotspot,3167.1915373627367,0.0,,1045.8252842473407,1.0,7,2119.496713434438,138.1472004644796,3167.1915373627367,0.0,7534.164370138318,0.0,1045.8252842473407,7534.164370138318,2121.366253115396,1045.8252842473407,3167.1915373627367,0.7534164370138319,8,0.0,0.0,0.0,0.0,0.0
0.0,0.0,,3167.1915373627367,2,exp5:multi_hotspot:r000,,3.0,,0.0,0.01,hardening:multi_hotspot:r000,5,0.7419099796897557,8.0,2119.496713434438,1.0,,0.7419099796897557,8.0,,10000.0,Catalog then correct,,2119.496713434438,,,,,,moderate,4272.905589099117,94.0672436764653,0.7419099796897557,,,0.7534164370138319,4366.972832775582,0.0,,0.0,7419.099796897556,0.4272905589099117,0.0094067243676465,40000,,"[""L014"", ""L018"", ""L027"", ""R000"", ""R004"", ""R005"", ""R007"", ""C001""]","[""L014"", ""L018"", ""L027"", ""R000"", ""R004"", ""R005"", ""R007"", ""C001""]",,,3.0,,multi_hotspot,3146.194207798439,0.0,,1026.6974943640012,1.0,8,2119.496713434438,0.0,1037.4278489846588,74.19099796897557,7344.908798928581,10.266974943640012,1016.4305194203612,7534.164370138318,2121.366253115396,1045.8252842473407,3167.1915373627367,0.7534164370138319,8,94.0672436764653,115.064573240762,1.8695396809580416,19.127789883339574,9.094947017729282e-13
0.0,0.0,,3167.1915373627367,2,exp5:multi_hotspot:r000,,3.0,,0.0,0.01,hardening:multi_hotspot:r000,5,0.7419099796897557,8.0,2119.496713434438,1.0,,0.7419099796897557,8.0,,10000.0,Catalog then correct,,1059.748356717219,,,,,,moderate,4272.905589099117,94.0672436764653,0.7419099796897557,,,0.7534164370138319,4366.972832775582,0.5,,0.0,7419.099796897556,0.4272905589099117,0.0094067243676465,40000,,"[""L014"", ""L018"", ""L027"", ""R000"", ""R004"", ""R005"", ""R007"", ""C001""]","[""L014"", ""L018"", ""L027"", ""R000"", ""R004"", ""R005"", ""R007"", ""C001""]",,,3.0,,multi_hotspot,3146.194207798439,0.0,,1026.6974943640012,1.0,8,2119.496713434438,0.0,2097.1762057018777,74.19099796897557,7344.908798928581,10.266974943640012,1016.4305194203612,7534.164370138318,2121.366253115396,1045.8252842473407,3167.1915373627367,0.7534164370138319,8,94.0672436764653,115.064573240762,1.8695396809580416,19.127789883339574,9.094947017729282e-13
140.01674014543795,1.0,,3167.1915373627367,2,exp5:multi_hotspot:r000,,3.0,,140.01674014543795,0.01,hardening:multi_hotspot:r000,5,0.7535109489236569,8.0,2121.366253115396,1.0,,0.7419099796897557,8.0,,10000.0,Catalog then correct,,0.0,,,,,,moderate,4366.7578549504415,0.2149778251405223,0.753394939231318,,,0.7534164370138319,4366.972832775582,1.0,,1.0,7533.949392313178,0.4366757854950441,2.1497782514052237e-05,40000,,"[""L014"", ""L018"", ""L034"", ""R000"", ""R004"", ""R005"", ""R007"", ""C001""]","[""L014"", ""L018"", ""L027"", ""R000"", ""R004"", ""R005"", ""R007"", ""C001""]",,,3.0,,multi_hotspot,3167.1915373627367,0.0,,1045.8252842473407,1.0,7,2119.496713434438,138.1472004644796,3156.9245624190967,74.19099796897557,7459.758394344202,10.266974943640012,1035.5583093037008,7534.164370138318,2121.366253115396,1045.8252842473407,3167.1915373627367,0.7534164370138319,8,0.21497782514052233,0.21497782514052233,0.0,0.0,0.0
0.0,0.0,,3167.1915373627367,2,exp5:multi_hotspot:r000,,3.0,,0.0,0.1,hardening:multi_hotspot:r000,5,0.7419099796897557,8.0,2119.496713434438,1.0,,0.7419099796897557,8.0,,10000.0,Catalog then correct,,2119.496713434438,,,,,,moderate,4272.905589099119,94.06724367646348,0.7419099796897557,,,0.7534164370138319,4366.972832775582,0.0,,0.0,7419.099796897557,0.4272905589099118,0.0094067243676463,40000,,"[""L014"", ""L018"", ""L027"", ""R000"", ""R004"", ""R005"", ""R007"", ""C001""]","[""L014"", ""L018"", ""L027"", ""R000"", ""R004"", ""R005"", ""R007"", ""C001""]",,,3.0,,multi_hotspot,3146.194207798439,0.0,,1026.6974943640012,1.0,8,2119.496713434438,0.0,945.0250744918986,741.9099796897557,6677.189817207802,102.66974943640012,924.027744927601,7534.164370138318,2121.366253115396,1045.8252842473407,3167.1915373627367,0.7534164370138319,8,94.06724367646257,115.06457324076109,1.8695396809580416,19.127789883339574,-9.094947017729282e-13
0.0,0.0,,3167.1915373627367,2,exp5:multi_hotspot:r000,,3.0,,0.0,0.1,hardening:multi_hotspot:r000,5,0.7419099796897557,8.0,2119.496713434438,1.0,,0.7419099796897557,8.0,,10000.0,Catalog then correct,,1059.748356717219,,,,,,moderate,4272.905589099119,94.06724367646348,0.7419099796897557,,,0.7534164370138319,4366.972832775582,0.5,,0.0,7419.099796897557,0.4272905589099118,0.0094067243676463,40000,,"[""L014"", ""L018"", ""L027"", ""R000"", ""R004"", ""R005"", ""R007"", ""C001""]","[""L014"", ""L018"", ""L027"", ""R000"", ""R004"", ""R005"", ""R007"", ""C001""]",,,3.0,,multi_hotspot,3146.194207798439,0.0,,1026.6974943640012,1.0,8,2119.496713434438,0.0,2004.7734312091177,741.9099796897557,6677.189817207802,102.66974943640012,924.027744927601,7534.164370138318,2121.366253115396,1045.8252842473407,3167.1915373627367,0.7534164370138319,8,94.06724367646257,115.06457324076109,1.8695396809580416,19.127789883339574,-9.094947017729282e-13
140.01674014543795,1.0,,3167.1915373627367,2,exp5:multi_hotspot:r000,,3.0,,140.01674014543795,0.1,hardening:multi_hotspot:r000,5,0.754456068021907,8.0,2121.366253115396,1.0,,0.7419099796897557,8.0,,10000.0,Catalog then correct,,0.0,,,,,,moderate,4364.823054524184,2.1497782513979478,0.7532014591886919,,,0.7534164370138319,4366.972832775582,1.0,,1.0,7532.01459188692,0.4364823054524184,0.0002149778251397,40000,,"[""L014"", ""L018"", ""L034"", ""R000"", ""R004"", ""R005"", ""R007"", ""C001""]","[""L014"", ""L018"", ""L027"", ""R000"", ""R004"", ""R005"", ""R007"", ""C001""]",,,3.0,,multi_hotspot,3167.191537362736,0.0,,1045.8252842473405,1.0,7,2119.496713434438,138.1472004644796,3064.5217879263364,741.9099796897557,6790.104612197165,102.66974943640012,943.1555348109404,7534.164370138318,2121.366253115396,1045.8252842473407,3167.1915373627367,0.7534164370138319,8,2.1497782513979473,2.1497782513979473,0.0,2.2737367544323206e-13,2.2737367544323206e-13
0.0,0.0,,3167.1915373627367,2,exp5:multi_hotspot:r000,,3.0,,0.0,0.25,hardening:multi_hotspot:r000,5,0.7419099796897557,8.0,2119.496713434438,1.0,,0.7419099796897557,8.0,,10000.0,Catalog then correct,,2119.496713434438,,,,,,moderate,4272.905589099119,94.06724367646348,0.7419099796897557,,,0.7534164370138319,4366.972832775582,0.0,,0.0,7419.099796897557,0.4272905589099118,0.0094067243676463,40000,,"[""L014"", ""L018"", ""L027"", ""R000"", ""R004"", ""R005"", ""R007"", ""C001""]","[""L014"", ""L018"", ""L027"", ""R000"", ""R004"", ""R005"", ""R007"", ""C001""]",,,3.0,,multi_hotspot,3146.194207798439,0.0,,1026.6974943640012,1.0,8,2119.496713434438,0.0,791.0204503372985,1854.774949224389,5564.324847673168,256.6743735910003,770.0231207730009,7534.164370138318,2121.366253115396,1045.8252842473407,3167.1915373627367,0.7534164370138319,8,94.06724367646257,115.06457324076109,1.8695396809580416,19.127789883339574,-9.094947017729282e-13
0.0,0.0,,3167.1915373627367,2,exp5:multi_hotspot:r000,,3.0,,0.0,0.25,hardening:multi_hotspot:r000,5,0.7419099796897557,8.0,2119.496713434438,1.0,,0.7419099796897557,8.0,,10000.0,Catalog then correct,,1059.748356717219,,,,,,moderate,4272.905589099119,94.06724367646348,0.7419099796897557,,,0.7534164370138319,4366.972832775582,0.5,,0.0,7419.099796897557,0.4272905589099118,0.0094067243676463,40000,,"[""L014"", ""L018"", ""L027"", ""R000"", ""R004"", ""R005"", ""R007"", ""C001""]","[""L014"", ""L018"", ""L027"", ""R000"", ""R004"", ""R005"", ""R007"", ""C001""]",,,3.0,,multi_hotspot,3146.194207798439,0.0,,1026.6974943640012,1.0,8,2119.496713434438,0.0,1850.7688070545173,1854.774949224389,5564.324847673168,256.6743735910003,770.0231207730009,7534.164370138318,2121.366253115396,1045.8252842473407,3167.1915373627367,0.7534164370138319,8,94.06724367646257,115.06457324076109,1.8695396809580416,19.127789883339574,-9.094947017729282e-13
135.33194634814453,1.0,,3167.1915373627367,2,exp5:multi_hotspot:r000,,3.0,,135.33194634814453,0.25,hardening:multi_hotspot:r000,5,0.7548574842593296,8.0,2116.681459318103,1.0,,0.7419099796897557,8.0,,10000.0,Catalog then correct,,0.0,,,,,,moderate,4351.058791300511,15.914041475070915,0.7516206081169361,,,0.7534164370138319,4366.972832775582,1.0,,1.0,7516.206081169361,0.4351058791300511,0.001591404147507,40000,,"[""L014"", ""L016"", ""L018"", ""R000"", ""R004"", ""R005"", ""R007"", ""C001""]","[""L014"", ""L018"", ""L027"", ""R000"", ""R004"", ""R005"", ""R007"", ""C001""]",,,3.0,,multi_hotspot,3165.1472898688494,0.0,,1048.4658305507464,1.0,7,2119.496713434438,138.1472004644796,2910.5171637717363,1854.774949224389,5661.431131944972,256.6743735910003,791.7914569597461,7534.164370138318,2121.366253115396,1045.8252842473407,3167.1915373627367,0.7534164370138319,8,15.914041475070917,17.958288968957277,4.6847937972929685,-2.6405463034056993,9.094947017729282e-13
0.0,0.0,,3173.5643698667427,2,exp5:regular:r000,,3.0,,0.0,0.0,hardening:regular:r000,5,0.6412480110642522,7.0,2304.925519399561,1.0,,0.6412480110642522,7.0,,10000.000000000002,Catalog then correct,,2304.925519399561,,,,,,moderate,3302.2472626084755,1064.9138751952032,0.6412480110642522,,,0.7532703646834441,4367.161137803679,0.0,,0.0,6412.480110642522,0.3302247262608475,0.1064913875195203,40000,,"[""L017"", ""L019"", ""R002"", ""R006"", ""R007"", ""C000"", ""C001""]","[""L017"", ""L019"", ""R002"", ""R006"", ""R007"", ""C000"", ""C001""]",,,3.0,,regular,3110.2328480340466,0.0,,805.3073286344854,1.0,7,2304.925519399561,0.0,868.6388504671818,0.0,6412.480110642522,0.0,805.3073286344854,7532.70364683444,2195.374424629724,970.1680844010376,3165.5425090307617,0.7532703646834441,7,1064.9138751952032,1120.2235361919184,-109.55109476983671,164.8607557665522,3.410605131648481e-13
302.4410266697799,1.0,,3173.5643698667427,2,exp5:regular:r000,,3.0,,597.9309124475719,0.0,hardening:regular:r000,5,0.6760826734377761,7.0,2311.8766602915484,1.0,,0.6412480110642522,7.0,,10000.000000000002,Catalog then correct,,1152.4627596997805,,,,,,moderate,3587.262364511018,779.8987732926607,0.6760826734377761,,,0.7532703646834441,4367.161137803679,0.5,,1.0,6760.826734377761,0.3587262364511017,0.077989877329266,40000,,"[""L017"", ""L019"", ""R001"", ""R002"", ""R006"", ""R007"", ""C001""]","[""L017"", ""L019"", ""R002"", ""R006"", ""R007"", ""C000"", ""C001""]",,,3.0,,regular,3173.5643698667427,295.48988577779204,,861.6877095751942,1.0,6,2304.925519399561,295.48988577779204,2021.1016101669622,0.0,6760.826734377761,0.0,861.6877095751942,7532.70364683444,2195.374424629724,970.1680844010376,3165.5425090307617,0.7532703646834441,7,779.8987732926607,771.8769124566797,-116.50223566182422,108.48037482584346,2.2737367544323206e-13
619.0958068138254,2.0,,3173.5643698667427,2,exp5:regular:r000,,3.0,,619.0958068138254,0.0,hardening:regular:r000,5,0.7532703646834441,7.0,2195.374424629724,1.0,,0.6412480110642522,7.0,,10000.000000000002,Catalog then correct,,0.0,,,,,,moderate,4367.161137803679,0.0,0.7532703646834441,,,0.7532703646834441,4367.161137803679,1.0,,2.0,7532.70364683444,0.4367161137803678,0.0,40000,,"[""L017"", ""R001"", ""R002"", ""R005"", ""R006"", ""R007"", ""C001""]","[""L017"", ""L019"", ""R002"", ""R006"", ""R007"", ""C000"", ""C001""]",,,3.0,,regular,3165.5425090307617,0.0,,970.1680844010376,1.0,5,2304.925519399561,728.6469015836619,3173.5643698667427,0.0,7532.70364683444,0.0,970.1680844010376,7532.70364683444,2195.374424629724,970.1680844010376,3165.5425090307617,0.7532703646834441,7,0.0,0.0,0.0,0.0,0.0
0.0,0.0,,3173.5643698667427,2,exp5:regular:r000,,3.0,,0.0,0.01,hardening:regular:r000,5,0.6412480110642522,7.0,2304.925519399561,1.0,,0.6412480110642522,7.0,,10000.000000000002,Catalog then correct,,2304.925519399561,,,,,,moderate,3302.2472626084755,1064.9138751952032,0.6412480110642522,,,0.7532703646834441,4367.161137803679,0.0,,0.0,6412.480110642522,0.3302247262608475,0.1064913875195203,40000,,"[""L017"", ""L019"", ""R002"", ""R006"", ""R007"", ""C000"", ""C001""]","[""L017"", ""L019"", ""R002"", ""R006"", ""R007"", ""C000"", ""C001""]",,,3.0,,regular,3110.2328480340466,0.0,,805.3073286344854,1.0,7,2304.925519399561,0.0,860.5857771808369,64.12480110642522,6348.355309536097,8.053073286344855,797.2542553481405,7532.70364683444,2195.374424629724,970.1680844010376,3165.5425090307617,0.7532703646834441,7,1064.9138751952032,1120.2235361919184,-109.55109476983671,164.8607557665522,3.410605131648481e-13
302.4410266697799,1.0,,3173.5643698667427,2,exp5:regular:r000,,3.0,,597.9309124475719,0.01,hardening:regular:r000,5,0.6763498255996039,7.0,2311.8766602915484,1.0,,0.6412480110642522,7.0,,10000.000000000002,Catalog then correct,,1152.4627596997805,,,,,,moderate,3586.4237046757617,780.737433127917,0.6759988074542503,,,0.7532703646834441,4367.161137803679,0.5,,1.0,6759.988074542504,0.3586423704675761,0.0780737433127916,40000,,"[""L017"", ""L019"", ""R001"", ""R002"", ""R006"", ""R007"", ""C001""]","[""L017"", ""L019"", ""R002"", ""R006"", ""R007"", ""C000"", ""C001""]",,,3.0,,regular,3173.5643698667427,295.48988577779204,,861.687709575194,1.0,6,2304.925519399561,295.48988577779204,2013.0485368806173,64.12480110642522,6695.863273436079,8.053073286344855,853.6346362888492,7532.70364683444,2195.374424629724,970.1680844010376,3165.5425090307617,0.7532703646834441,7,780.737433127917,772.715572291936,-116.50223566182422,108.48037482584357,3.410605131648481e-13
619.0958068138254,2.0,,3173.5643698667427,2,exp5:regular:r000,,3.0,,619.0958068138254,0.01,hardening:regular:r000,5,0.7532703646834441,7.0,2195.374424629724,1.0,,0.6412480110642522,7.0,,10000.000000000002,Catalog then correct,,0.0,,,,,,moderate,4357.607509999425,9.553627804253663,0.7521501411472522,,,0.7532703646834441,4367.161137803679,1.0,,2.0,7521.501411472521,0.4357607509999424,0.0009553627804253,40000,,"[""L017"", ""R001"", ""R002"", ""R005"", ""R006"", ""R007"", ""C001""]","[""L017"", ""L019"", ""R002"", ""R006"", ""R007"", ""C000"", ""C001""]",,,3.0,,regular,3163.8939014730963,0.0,,968.519476843372,1.0,5,2304.925519399561,728.6469015836619,3165.511296580398,64.12480110642522,7457.3766103660955,8.053073286344855,960.4664035570271,7532.70364683444,2195.374424629724,970.1680844010376,3165.5425090307617,0.7532703646834441,7,9.553627804253665,11.20223536191952,0.0,1.6486075576656276,-2.2737367544323206e-13
0.0,0.0,,3173.5643698667427,2,exp5:regular:r000,,3.0,,0.0,0.1,hardening:regular:r000,5,0.6412480110642522,7.0,2304.925519399561,1.0,,0.6412480110642522,7.0,,10000.000000000002,Catalog then correct,,2304.925519399561,,,,,,moderate,3302.2472626084755,1064.9138751952032,0.6412480110642523,,,0.7532703646834441,4367.161137803679,0.0,,0.0,6412.480110642522,0.3302247262608475,0.1064913875195203,40000,,"[""L017"", ""L019"", ""R002"", ""R006"", ""R007"", ""C000"", ""C001""]","[""L017"", ""L019"", ""R002"", ""R006"", ""R007"", ""C000"", ""C001""]",,,3.0,,regular,3110.2328480340466,0.0,,805.3073286344854,1.0,7,2304.925519399561,0.0,788.1081176037333,641.2480110642523,5771.23209957827,80.53073286344855,724.7765957710369,7532.70364683444,2195.374424629724,970.1680844010376,3165.5425090307617,0.7532703646834441,7,1064.9138751952032,1120.2235361919184,-109.55109476983671,164.8607557665522,3.410605131648481e-13
302.4410266697799,1.0,,3173.5643698667427,2,exp5:regular:r000,,3.0,,597.9309124475719,0.1,hardening:regular:r000,5,0.6790213472178828,7.0,2311.8766602915484,1.0,,0.6412480110642522,7.0,,10000.000000000002,Catalog then correct,,1152.4627596997805,,,,,,moderate,3578.875766158455,788.2853716452237,0.6752440136025197,,,0.7532703646834441,4367.161137803679,0.5,,1.0,6752.440136025198,0.3578875766158454,0.0788285371645223,40000,,"[""L017"", ""L019"", ""R001"", ""R002"", ""R006"", ""R007"", ""C001""]","[""L017"", ""L019"", ""R002"", ""R006"", ""R007"", ""C000"", ""C001""]",,,3.0,,regular,3173.5643698667427,295.48988577779204,,861.687709575194,1.0,6,2304.925519399561,295.48988577779204,1940.5708773035137,641.2480110642523,6111.192124960946,80.53073286344855,781.1569767117455,7532.70364683444,2195.374424629724,970.1680844010376,3165.5425090307617,0.7532703646834441,7,788.2853716452237,780.2635108092427,-116.50223566182422,108.48037482584357,3.410605131648481e-13
619.0958068138254,2.0,,3173.5643698667427,2,exp5:regular:r000,,3.0,,619.0958068138254,0.1,hardening:regular:r000,5,0.7532703646834441,7.0,2195.374424629724,1.0,,0.6412480110642522,7.0,,10000.000000000002,Catalog then correct,,0.0,,,,,,moderate,4271.624859761141,95.53627804253756,0.742068129321525,,,0.7532703646834441,4367.161137803679,1.0,,2.0,7420.681293215248,0.427162485976114,0.0095536278042537,40000,,"[""L017"", ""R001"", ""R002"", ""R005"", ""R006"", ""R007"", ""C001""]","[""L017"", ""L019"", ""R002"", ""R006"", ""R007"", ""C000"", ""C001""]",,,3.0,,regular,3149.056433454107,0.0,,953.6820088243824,1.0,5,2304.925519399561,728.6469015836619,3093.033637003294,641.2480110642523,6779.433282150996,80.53073286344855,873.1512759609338,7532.70364683444,2195.374424629724,970.1680844010376,3165.5425090307617,0.7532703646834441,7,95.53627804253756,112.02235361919247,0.0,16.486075576655253,3.410605131648481e-13
0.0,0.0,,3173.5643698667427,2,exp5:regular:r000,,3.0,,0.0,0.25,hardening:regular:r000,5,0.6412480110642522,7.0,2304.925519399561,1.0,,0.6412480110642522,7.0,,10000.000000000002,Catalog then correct,,2304.925519399561,,,,,,moderate,3302.2472626084755,1064.9138751952032,0.6412480110642522,,,0.7532703646834441,4367.161137803679,0.0,,0.0,6412.480110642522,0.3302247262608475,0.1064913875195203,40000,,"[""L017"", ""L019"", ""R002"", ""R006"", ""R007"", ""C000"", ""C001""]","[""L017"", ""L019"", ""R002"", ""R006"", ""R007"", ""C000"", ""C001""]",,,3.0,,regular,3110.2328480340466,0.0,,805.3073286344854,1.0,7,2304.925519399561,0.0,667.3120183085605,1603.1200276606305,4809.3600829818915,201.32683215862136,603.9804964758641,7532.70364683444,2195.374424629724,970.1680844010376,3165.5425090307617,0.7532703646834441,7,1064.9138751952032,1120.2235361919184,-109.55109476983671,164.8607557665522,3.410605131648481e-13
302.4410266697799,1.0,,3173.5643698667427,2,exp5:regular:r000,,3.0,,597.9309124475719,0.25,hardening:regular:r000,5,0.6848692861028174,7.0,2311.8766602915484,1.0,,0.6412480110642522,7.0,,10000.000000000002,Catalog then correct,,1152.4627596997805,,,,,,moderate,3566.0753035650177,801.0858342386609,0.6739639673431761,,,0.7532703646834441,4367.161137803679,0.5,,1.0,6739.6396734317605,0.3566075303565017,0.080108583423866,40000,,"[""L017"", ""L019"", ""R001"", ""R002"", ""R006"", ""R007"", ""C001""]","[""L017"", ""L019"", ""R002"", ""R006"", ""R007"", ""C000"", ""C001""]",,,3.0,,regular,3173.5643698667427,295.48988577779204,,861.687709575194,1.0,6,2304.925519399561,295.48988577779204,1819.774778008341,1603.1200276606305,5136.51964577113,201.32683215862136,660.3608774165727,7532.70364683444,2195.374424629724,970.1680844010376,3165.5425090307617,0.7532703646834441,7,801.0858342386609,793.06397340268,-116.50223566182422,108.48037482584357,3.410605131648481e-13
619.0958068138254,2.0,,3173.5643698667427,2,exp5:regular:r000,,3.0,,619.0958068138254,0.25,hardening:regular:r000,5,0.7532703646834441,7.0,2195.374424629724,1.0,,0.6412480110642522,7.0,,10000.000000000002,Catalog then correct,,0.0,,,,,,moderate,4128.320442697337,238.84069510634163,0.7252647762786462,,,0.7532703646834441,4367.161137803679,1.0,,2.0,7252.647762786461,0.4128320442697336,0.0238840695106341,40000,,"[""L017"", ""R001"", ""R002"", ""R005"", ""R006"", ""R007"", ""C001""]","[""L017"", ""L019"", ""R002"", ""R006"", ""R007"", ""C000"", ""C001""]",,,3.0,,regular,3124.3273200891235,0.0,,928.9528954593997,1.0,5,2304.925519399561,728.6469015836619,2972.237537708121,1603.1200276606305,5649.52773512583,201.32683215862136,727.6260633007782,7532.70364683444,2195.374424629724,970.1680844010376,3165.5425090307617,0.7532703646834441,7,238.84069510634163,280.0558840479798,0.0,41.21518894163796,-2.2737367544323206e-13
0.0,0.0,,3160.754947153236,2,exp5:asymmetric:r001,,3.0,,0.0,0.0,hardening:asymmetric:r001,5,0.6625696646319188,7.0,2143.416965055161,1.0,,0.6625696646319188,7.0,,10000.0,Catalog then correct,,2143.416965055161,,,,,,moderate,3556.955365159716,308.0423348617783,0.6625696646319188,,,0.702575264717473,3864.997700021494,0.0,,0.0,6625.696646319188,0.3556955365159716,0.0308042334861778,40001,,"[""L011"", ""R000"", ""R001"", ""R002"", ""R004"", ""R007"", ""C001""]","[""L011"", ""R000"", ""R001"", ""R002"", ""R004"", ""R007"", ""C001""]",,,3.0,,asymmetric,3068.741281159472,0.0,,925.3243161043106,1.0,7,2143.416965055161,0.0,1017.3379820980749,0.0,6625.696646319188,0.0,925.3243161043106,7025.75264717473,2165.52113239564,995.2338147575958,3160.754947153236,0.702575264717473,7,308.0423348617778,400.05600085554124,22.104167340478853,69.90949865328525,6.821210263296962e-13
0.0,0.0,,3160.754947153236,2,exp5:asymmetric:r001,,3.0,,0.0,0.0,hardening:asymmetric:r001,5,0.6625696646319188,7.0,2143.416965055161,1.0,,0.6625696646319188,7.0,,10000.0,Catalog then correct,,1071.7084825275806,,,,,,moderate,3556.955365159716,308.0423348617783,0.6625696646319188,,,0.702575264717473,3864.997700021494,0.5,,0.0,6625.696646319188,0.3556955365159716,0.0308042334861778,40001,,"[""L011"", ""R000"", ""R001"", ""R002"", ""R004"", ""R007"", ""C001""]","[""L011"", ""R000"", ""R001"", ""R002"", ""R004"", ""R007"", ""C001""]",,,3.0,,asymmetric,3068.741281159472,0.0,,925.3243161043106,1.0,7,2143.416965055161,0.0,2089.0464646256555,0.0,6625.696646319188,0.0,925.3243161043106,7025.75264717473,2165.52113239564,995.2338147575958,3160.754947153236,0.702575264717473,7,308.0423348617778,400.05600085554124,22.104167340478853,69.90949865328525,6.821210263296962e-13
344.33555161987687,1.0,,3160.754947153236,2,exp5:asymmetric:r001,,3.0,,344.33555161987687,0.0,hardening:asymmetric:r001,5,0.702575264717473,7.0,2165.52113239564,1.0,,0.6625696646319188,7.0,,10000.0,Catalog then correct,,0.0,,,,,,moderate,3864.997700021494,0.0,0.702575264717473,,,0.702575264717473,3864.997700021494,1.0,,1.0,7025.75264717473,0.3864997700021494,0.0,40001,,"[""L011"", ""R000"", ""R001"", ""R002"", ""R004"", ""R005"", ""C001""]","[""L011"", ""R000"", ""R001"", ""R002"", ""R004"", ""R007"", ""C001""]",,,3.0,,asymmetric,3160.754947153236,0.0,,995.2338147575958,1.0,6,2143.416965055161,322.2313842793982,3160.754947153236,0.0,7025.75264717473,0.0,995.2338147575958,7025.75264717473,2165.52113239564,995.2338147575958,3160.754947153236,0.702575264717473,7,0.0,0.0,0.0,0.0,0.0
0.0,0.0,,3160.754947153236,2,exp5:asymmetric:r001,,3.0,,0.0,0.01,hardening:asymmetric:r001,5,0.6625696646319188,7.0,2143.416965055161,1.0,,0.6625696646319188,7.0,,10000.0,Catalog then correct,,2143.416965055161,,,,,,moderate,3556.9553651597166,308.04233486177736,0.6625696646319188,,,0.702575264717473,3864.997700021494,0.0,,0.0,6625.696646319188,0.3556955365159717,0.0308042334861777,40001,,"[""L011"", ""R000"", ""R001"", ""R002"", ""R004"", ""R007"", ""C001""]","[""L011"", ""R000"", ""R001"", ""R002"", ""R004"", ""R007"", ""C001""]",,,3.0,,asymmetric,3068.741281159472,0.0,,925.3243161043106,1.0,7,2143.416965055161,0.0,1008.0847389370318,66.25696646319189,6559.4396798559965,9.253243161043105,916.0710729432675,7025.75264717473,2165.52113239564,995.2338147575958,3160.754947153236,0.702575264717473,7,308.04233486177736,400.05600085554124,22.104167340478853,69.90949865328525,2.2737367544323206e-13
0.0,0.0,,3160.754947153236,2,exp5:asymmetric:r001,,3.0,,0.0,0.01,hardening:asymmetric:r001,5,0.6625696646319188,7.0,2143.416965055161,1.0,,0.6625696646319188,7.0,,10000.0,Catalog then correct,,1071.7084825275806,,,,,,moderate,3556.9553651597166,308.04233486177736,0.6625696646319188,,,0.702575264717473,3864.997700021494,0.5,,0.0,6625.696646319188,0.3556955365159717,0.0308042334861777,40001,,"[""L011"", ""R000"", ""R001"", ""R002"", ""R004"", ""R007"", ""C001""]","[""L011"", ""R000"", ""R001"", ""R002"", ""R004"", ""R007"", ""C001""]",,,3.0,,asymmetric,3068.741281159472,0.0,,925.3243161043106,1.0,7,2143.416965055161,0.0,2079.7932214646125,66.25696646319189,6559.4396798559965,9.253243161043105,916.0710729432675,7025.75264717473,2165.52113239564,995.2338147575958,3160.754947153236,0.702575264717473,7,308.04233486177736,400.05600085554124,22.104167340478853,69.90949865328525,2.2737367544323206e-13
344.33555161987687,1.0,,3160.754947153236,2,exp5:asymmetric:r001,,3.0,,344.33555161987687,0.01,hardening:asymmetric:r001,5,0.7029456636599358,7.0,2165.52113239564,1.0,,0.6625696646319188,7.0,,10000.0,Catalog then correct,,0.0,,,,,,moderate,3864.664089543321,0.3336104781728863,0.7025419036696556,,,0.702575264717473,3864.997700021494,1.0,,1.0,7025.419036696557,0.3864664089543321,3.336104781728864e-05,40001,,"[""L011"", ""R000"", ""R001"", ""R002"", ""R004"", ""R005"", ""C001""]","[""L011"", ""R000"", ""R001"", ""R002"", ""R004"", ""R007"", ""C001""]",,,3.0,,asymmetric,3160.754947153236,0.0,,995.2338147575956,1.0,6,2143.416965055161,322.2313842793982,3151.501703992193,66.25696646319189,6959.162070233365,9.253243161043105,985.9805715965525,7025.75264717473,2165.52113239564,995.2338147575958,3160.754947153236,0.702575264717473,7,0.33361047817288636,0.33361047817288636,0.0,2.2737367544323206e-13,2.2737367544323206e-13
0.0,0.0,,3160.754947153236,2,exp5:asymmetric:r001,,3.0,,0.0,0.1,hardening:asymmetric:r001,5,0.6625696646319188,7.0,2143.416965055161,1.0,,0.6625696646319188,7.0,,10000.0,Catalog then correct,,2143.416965055161,,,,,,moderate,3556.955365159717,308.04233486177645,0.6625696646319188,,,0.702575264717473,3864.997700021494,0.0,,0.0,6625.696646319189,0.3556955365159717,0.0308042334861776,40001,,"[""L011"", ""R000"", ""R001"", ""R002"", ""R004"", ""R007"", ""C001""]","[""L011"", ""R000"", ""R001"", ""R002"", ""R004"", ""R007"", ""C001""]",,,3.0,,asymmetric,3068.741281159472,0.0,,925.3243161043108,1.0,7,2143.416965055161,0.0,924.8055504876438,662.5696646319188,5963.12698168727,92.53243161043106,832.7918844938797,7025.75264717473,2165.52113239564,995.2338147575958,3160.754947153236,0.702575264717473,7,308.0423348617769,400.05600085554033,22.104167340478853,69.90949865328503,4.547473508864641e-13
0.0,0.0,,3160.754947153236,2,exp5:asymmetric:r001,,3.0,,0.0,0.1,hardening:asymmetric:r001,5,0.6625696646319188,7.0,2143.416965055161,1.0,,0.6625696646319188,7.0,,10000.0,Catalog then correct,,1071.7084825275806,,,,,,moderate,3556.955365159717,308.04233486177645,0.6625696646319188,,,0.702575264717473,3864.997700021494,0.5,,0.0,6625.696646319189,0.3556955365159717,0.0308042334861776,40001,,"[""L011"", ""R000"", ""R001"", ""R002"", ""R004"", ""R007"", ""C001""]","[""L011"", ""R000"", ""R001"", ""R002"", ""R004"", ""R007"", ""C001""]",,,3.0,,asymmetric,3068.741281159472,0.0,,925.3243161043108,1.0,7,2143.416965055161,0.0,1996.5140330152244,662.5696646319188,5963.12698168727,92.53243161043106,832.7918844938797,7025.75264717473,2165.52113239564,995.2338147575958,3160.754947153236,0.702575264717473,7,308.0423348617769,400.05600085554033,22.104167340478853,69.90949865328503,4.547473508864641e-13
344.33555161987687,1.0,,3160.754947153236,2,exp5:asymmetric:r001,,3.0,,344.33555161987687,0.1,hardening:asymmetric:r001,5,0.7064649419749458,7.0,2165.52113239564,1.0,,0.6625696646319188,7.0,,10000.0,Catalog then correct,,0.0,,,,,,moderate,3859.999195253196,4.998504768298517,0.7020754142406431,,,0.702575264717473,3864.997700021494,1.0,,1.0,7020.754142406431,0.3859999195253195,0.0004998504768298,40001,,"[""L011"", ""R000"", ""R001"", ""R002"", ""R004"", ""R005"", ""C001""]","[""L011"", ""R000"", ""R001"", ""R002"", ""R004"", ""R007"", ""C001""]",,,3.0,,asymmetric,3160.754947153236,0.0,,995.2338147575956,1.0,6,2143.416965055161,322.2313842793982,3068.222515542805,662.5696646319188,6358.184477774512,92.53243161043106,902.7013831471645,7025.75264717473,2165.52113239564,995.2338147575958,3160.754947153236,0.702575264717473,7,4.998504768298062,4.998504768298517,0.0,2.2737367544323206e-13,-2.2737367544323206e-13
0.0,0.0,,3160.754947153236,2,exp5:asymmetric:r001,,3.0,,0.0,0.25,hardening:asymmetric:r001,5,0.6625696646319188,7.0,2143.416965055161,1.0,,0.6625696646319188,7.0,,10000.0,Catalog then correct,,2143.416965055161,,,,,,moderate,3556.955365159716,308.0423348617783,0.6625696646319188,,,0.702575264717473,3864.997700021494,0.0,,0.0,6625.696646319188,0.3556955365159716,0.0308042334861778,40001,,"[""L011"", ""R000"", ""R001"", ""R002"", ""R004"", ""R007"", ""C001""]","[""L011"", ""R000"", ""R001"", ""R002"", ""R004"", ""R007"", ""C001""]",,,3.0,,asymmetric,3068.741281159472,0.0,,925.3243161043108,1.0,7,2143.416965055161,0.0,786.0069030719973,1656.424161579797,4969.272484739391,231.33107902607765,693.9932370782332,7025.75264717473,2165.52113239564,995.2338147575958,3160.754947153236,0.702575264717473,7,308.0423348617778,400.05600085554124,22.104167340478853,69.90949865328503,4.547473508864641e-13
0.0,0.0,,3160.754947153236,2,exp5:asymmetric:r001,,3.0,,0.0,0.25,hardening:asymmetric:r001,5,0.6625696646319188,7.0,2143.416965055161,1.0,,0.6625696646319188,7.0,,10000.0,Catalog then correct,,1071.7084825275806,,,,,,moderate,3556.955365159716,308.0423348617783,0.6625696646319188,,,0.702575264717473,3864.997700021494,0.5,,0.0,6625.696646319188,0.3556955365159716,0.0308042334861778,40001,,"[""L011"", ""R000"", ""R001"", ""R002"", ""R004"", ""R007"", ""C001""]","[""L011"", ""R000"", ""R001"", ""R002"", ""R004"", ""R007"", ""C001""]",,,3.0,,asymmetric,3068.741281159472,0.0,,925.3243161043108,1.0,7,2143.416965055161,0.0,1857.715385599578,1656.424161579797,4969.272484739391,231.33107902607765,693.9932370782332,7025.75264717473,2165.52113239564,995.2338147575958,3160.754947153236,0.702575264717473,7,308.0423348617778,400.05600085554124,22.104167340478853,69.90949865328503,4.547473508864641e-13
619.846152849979,3.0,,3160.754947153236,2,exp5:asymmetric:r001,,3.0,,619.846152849979,0.25,hardening:asymmetric:r001,5,0.7034520024010491,8.0,2152.235349075006,1.0,,0.6625696646319188,7.0,,10000.0,Catalog then correct,,0.0,,,,,,moderate,3771.559232434429,93.43846758706468,0.6932314179587665,,,0.702575264717473,3864.997700021494,1.0,,2.0,6932.314179587665,0.3771559232434429,0.0093438467587064,40001,,"[""L011"", ""L021"", ""L033"", ""R000"", ""R001"", ""R004"", ""R005"", ""C001""]","[""L011"", ""R000"", ""R001"", ""R002"", ""R004"", ""R007"", ""C001""]",,,3.0,,asymmetric,3160.754947153236,0.0,,1008.51959807823,1.0,5,2143.416965055161,611.0277688301344,2929.4238681271586,1656.424161579797,5275.890018007868,231.33107902607765,777.1885190521524,7025.75264717473,2165.52113239564,995.2338147575958,3160.754947153236,0.702575264717473,7,93.43846758706513,93.43846758706422,13.285783320633982,-13.28578332063421,6.821210263296962e-13
151.2835923484403,1.0,,3142.794055820548,2,exp5:multi_hotspot:r001,,3.0,,752.9573410899932,0.0,hardening:multi_hotspot:r001,5,0.584035436144018,6.0,2426.001463460734,1.0,,0.5400941577768482,6.0,,10000.0,Catalog then correct,,2274.717871112294,,,,,,moderate,2703.601105862584,1685.5688129821588,0.584035436144018,,,0.7422481449023656,4389.169918844743,0.0,,1.0,5840.354361440181,0.2703601105862584,0.1685568812982159,40001,,"[""L018"", ""R001"", ""R004"", ""R005"", ""R007"", ""C001""]","[""R001"", ""R004"", ""R005"", ""R007"", ""C001"", ""C002""]",,,3.0,,multi_hotspot,3136.7532555775965,601.6737487415529,,710.7517921168622,1.0,5,2274.717871112294,0.0,868.076184708254,0.0,5840.354361440181,0.0,710.7517921168622,7422.481449023656,2079.206985330571,954.1045448483418,3033.311530178913,0.7422481449023656,6,1685.5688129821588,1582.1270875834753,-346.79447813016304,243.35275273147954,0.0
311.2152684074261,1.0,,3142.794055820548,2,exp5:multi_hotspot:r001,,3.0,,612.0521427782026,0.0,hardening:multi_hotspot:r001,5,0.649130034274958,6.0,2285.0962651489435,1.0,,0.5400941577768482,6.0,,10000.0,Catalog then correct,,1137.358935556147,,,,,,moderate,3401.6249186570185,987.5450001877244,0.649130034274958,,,0.7422481449023656,4389.169918844743,0.5,,1.0,6491.3003427495805,0.3401624918657018,0.0987545000187724,40001,,"[""R001"", ""R002"", ""R004"", ""R005"", ""R007"", ""C001""]","[""R001"", ""R004"", ""R005"", ""R007"", ""C001"", ""C002""]",,,3.0,,multi_hotspot,3089.675424092562,300.83687437077646,,804.5791589436187,1.0,5,2274.717871112294,300.83687437077646,2005.435120264401,0.0,6491.3003427495805,0.0,804.5791589436187,7422.481449023656,2079.206985330571,954.1045448483418,3033.311530178913,0.7422481449023656,6,987.5450001877243,931.1811062740753,-205.88927981837242,149.52538590472307,-3.410605131648481e-13
962.8806291640138,3.0,,3142.794055820548,2,exp5:multi_hotspot:r001,,3.0,,962.8806291640138,0.0,hardening:multi_hotspot:r001,5,0.7422481449023656,6.0,2079.206985330571,1.0,,0.5400941577768482,6.0,,10000.0,Catalog then correct,,0.0,,,,,,moderate,4389.169918844743,0.0,0.7422481449023656,,,0.7422481449023656,4389.169918844743,1.0,,3.0,7422.481449023656,0.4389169918844743,0.0,40001,,"[""L014"", ""R001"", ""R002"", ""R004"", ""C000"", ""C001""]","[""R001"", ""R004"", ""R005"", ""R007"", ""C001"", ""C002""]",,,3.0,,multi_hotspot,3033.311530178913,0.0,,954.1045448483418,1.0,3,2274.717871112294,1158.3915149457362,3142.794055820548,0.0,7422.481449023656,0.0,954.1045448483418,7422.481449023656,2079.206985330571,954.1045448483418,3033.311530178913,0.7422481449023656,6,0.0,0.0,0.0,0.0,0.0
151.2835923484403,1.0,,3142.794055820548,2,exp5:multi_hotspot:r001,,3.0,,752.9573410899932,0.01,hardening:multi_hotspot:r001,5,0.584035436144018,6.0,2426.001463460734,1.0,,0.5400941577768482,6.0,,10000.0,Catalog then correct,,2274.717871112294,,,,,,moderate,2699.951814305265,1689.2181045394773,0.5835960233603463,,,0.7422481449023656,4389.169918844743,0.0,,1.0,5835.960233603463,0.2699951814305265,0.1689218104539477,40001,,"[""L018"", ""R001"", ""R004"", ""R005"", ""R007"", ""C001""]","[""R001"", ""R004"", ""R005"", ""R007"", ""C001"", ""C002""]",,,3.0,,multi_hotspot,3136.0084192981976,601.6737487415529,,710.0069558374636,1.0,5,2274.717871112294,0.0,861.7135030664841,54.00941577768483,5781.950817825778,6.362681641769864,703.6442741956937,7422.481449023656,2079.206985330571,954.1045448483418,3033.311530178913,0.7422481449023656,6,1689.2181045394777,1586.5212154201927,-346.79447813016304,244.0975890108782,2.2737367544323206e-13
311.2152684074261,1.0,,3142.794055820548,2,exp5:multi_hotspot:r001,,3.0,,612.0521427782026,0.01,hardening:multi_hotspot:r001,5,0.649130034274958,6.0,2285.0962651489435,1.0,,0.5400941577768482,6.0,,10000.0,Catalog then correct,,1137.358935556147,,,,,,moderate,3392.404440954873,996.76547788987,0.6480396755099769,,,0.7422481449023656,4389.169918844743,0.5,,1.0,6480.396755099769,0.3392404440954872,0.099676547788987,40001,,"[""R001"", ""R002"", ""R004"", ""R005"", ""R007"", ""C001""]","[""R001"", ""R004"", ""R005"", ""R007"", ""C001"", ""C002""]",,,3.0,,multi_hotspot,3087.992314144896,300.83687437077646,,802.8960489959524,1.0,5,2274.717871112294,300.83687437077646,1999.0724386226311,54.00941577768483,6426.387339322084,6.362681641769864,796.5333673541825,7422.481449023656,2079.206985330571,954.1045448483418,3033.311530178913,0.7422481449023656,6,996.76547788987,942.0846939238872,-205.88927981837242,151.20849585238943,-2.2737367544323206e-13
962.8806291640138,3.0,,3142.794055820548,2,exp5:multi_hotspot:r001,,3.0,,962.8806291640138,0.01,hardening:multi_hotspot:r001,5,0.7422481449023655,6.0,2079.206985330571,1.0,,0.5400941577768482,6.0,,10000.0,Catalog then correct,,0.0,,,,,,moderate,4372.132883938903,17.03703490583939,0.7402266050311103,,,0.7422481449023656,4389.169918844743,1.0,,3.0,7402.266050311103,0.4372132883938903,0.0017037034905839,40001,,"[""L014"", ""R001"", ""R002"", ""R004"", ""C000"", ""C001""]","[""R001"", ""R004"", ""R005"", ""R007"", ""C001"", ""C002""]",,,3.0,,multi_hotspot,3030.1331663721994,0.0,,950.9261810416282,1.0,3,2274.717871112294,1158.3915149457362,3136.431374178778,54.00941577768483,7348.256634533418,6.362681641769864,944.5634993998583,7422.481449023656,2079.206985330571,954.1045448483418,3033.311530178913,0.7422481449023656,6,17.03703490583939,20.215398712552997,0.0,3.1783638067136053,0.0
151.2835923484403,1.0,,3142.794055820548,2,exp5:multi_hotspot:r001,,3.0,,752.9573410899932,0.1,hardening:multi_hotspot:r001,5,0.584035436144018,6.0,2426.001463460734,1.0,,0.5400941577768482,6.0,,10000.0,Catalog then correct,,2274.717871112294,,,,,,moderate,2667.108190289401,1722.0617285553417,0.579641308307301,,,0.7422481449023656,4389.169918844743,0.0,,1.0,5796.41308307301,0.2667108190289401,0.1722061728555341,40001,,"[""L018"", ""R001"", ""R004"", ""R005"", ""R007"", ""C001""]","[""R001"", ""R004"", ""R005"", ""R007"", ""C001"", ""C002""]",,,3.0,,multi_hotspot,3129.304892783609,601.6737487415529,,703.3034293228748,1.0,5,2274.717871112294,0.0,804.4493682905554,540.0941577768483,5256.318925296162,63.62681641769864,639.6766129051762,7422.481449023656,2079.206985330571,954.1045448483418,3033.311530178913,0.7422481449023656,6,1722.0617285553417,1626.0683659506458,-346.79447813016304,250.80111552546703,-1.1368683772161603e-13
516.1990794342663,1.0,,3142.794055820548,2,exp5:multi_hotspot:r001,,3.0,,952.9154401680448,0.1,hardening:multi_hotspot:r001,5,0.6749855816919829,5.0,2354.200589812782,1.0,,0.5400941577768482,6.0,,10000.0,Catalog then correct,,1137.358935556147,,,,,,moderate,3475.654106021686,913.5158128230568,0.6614964393004694,,,0.7422481449023656,4389.169918844743,0.5,,2.0,6614.964393004693,0.3475654106021686,0.0913515812823057,40001,,"[""R001"", ""R004"", ""R007"", ""C000"", ""C001""]","[""R001"", ""R004"", ""R005"", ""R007"", ""C001"", ""C002""]",,,3.0,,multi_hotspot,3139.3102869830072,436.7163607337784,,785.1096971702253,1.0,4,2274.717871112294,436.7163607337784,1941.8083038467023,540.0941577768483,6074.870235227845,63.62681641769864,721.4828807525267,7422.481449023656,2079.206985330571,954.1045448483418,3033.311530178913,0.7422481449023656,6,913.5158128230569,807.5170560189626,-274.9936044822107,168.99484767811646,0.0
1100.1919639876005,3.0,,3142.794055820548,2,exp5:multi_hotspot:r001,,3.0,,1100.1919639876005,0.1,hardening:multi_hotspot:r001,5,0.7702454366516783,6.0,2216.518320154158,1.0,,0.5400941577768482,6.0,,10000.0,Catalog then correct,,0.0,,,,,,moderate,4329.509031821405,59.66088702333764,0.7472303087641953,,,0.7422481449023656,4389.169918844743,1.0,,3.0,7472.303087641952,0.4329509031821405,0.0059660887023337,40001,,"[""R001"", ""R002"", ""R004"", ""R008"", ""C000"", ""C001""]","[""R001"", ""R004"", ""R005"", ""R007"", ""C001"", ""C002""]",,,3.0,,multi_hotspot,3142.794055820548,0.0,,926.2757356663892,1.0,3,2274.717871112294,1158.3915149457362,3079.167239402849,540.0941577768483,6932.2089298651035,63.62681641769864,862.6489192486906,7422.481449023656,2079.206985330571,954.1045448483418,3033.311530178913,0.7422481449023656,6,59.66088702333764,-49.821638618295765,-137.311334823587,27.82880918195258,-1.0231815394945443e-12
135.46628132232146,1.0,,3142.794055820548,2,exp5:multi_hotspot:r001,,3.0,,737.1400300638744,0.25,hardening:multi_hotspot:r001,5,0.5842094475373547,6.0,2410.184152434615,1.0,,0.5400941577768482,6.0,,10000.0,Catalog then correct,,2274.717871112294,,,,,,moderate,2613.003483056956,1776.1664357877871,0.5731806250972281,,,0.7422481449023656,4389.169918844743,0.0,,1.0,5731.80625097228,0.2613003483056956,0.1776166435787787,40001,,"[""L014"", ""R001"", ""R004"", ""R005"", ""R007"", ""C001""]","[""R001"", ""R004"", ""R005"", ""R007"", ""C001"", ""C002""]",,,3.0,,multi_hotspot,3118.8027679153247,601.6737487415529,,708.6186154807094,1.0,5,2274.717871112294,0.0,709.0091436640074,1350.2353944421207,4381.570856530159,159.0670410442466,549.5515744364628,7422.481449023656,2079.206985330571,954.1045448483418,3033.311530178913,0.7422481449023656,6,1776.1664357877867,1690.6751980513754,-330.97716710404393,245.48592936763237,-3.410605131648481e-13
516.1990794342663,1.0,,3142.794055820548,2,exp5:multi_hotspot:r001,,3.0,,952.9154401680448,0.25,hardening:multi_hotspot:r001,5,0.674985581691983,5.0,2354.200589812782,1.0,,0.5400941577768482,6.0,,10000.0,Catalog then correct,,1137.358935556147,,,,,,moderate,3298.123892314526,1091.0460265302167,0.6412627257131993,,,0.7422481449023656,4389.169918844743,0.5,,2.0,6412.627257131993,0.3298123892314526,0.1091046026530216,40001,,"[""R001"", ""R004"", ""R007"", ""C000"", ""C001""]","[""R001"", ""R004"", ""R005"", ""R007"", ""C001"", ""C002""]",,,3.0,,multi_hotspot,3114.503364817467,436.7163607337784,,760.3027750046855,1.0,4,2274.717871112294,436.7163607337784,1846.3680792201544,1350.2353944421207,5062.391862689872,159.0670410442466,601.2357339604389,7422.481449023656,2079.206985330571,954.1045448483418,3033.311530178913,0.7422481449023656,6,1091.0460265302167,1009.8541918916626,-274.9936044822107,193.8017698436563,-2.2737367544323206e-13
1100.1919639876005,3.0,,3142.794055820548,2,exp5:multi_hotspot:r001,,3.0,,1100.1919639876005,0.25,hardening:multi_hotspot:r001,5,0.7832555763498095,6.0,2216.518320154158,1.0,,0.5400941577768482,6.0,,10000.0,Catalog then correct,,0.0,,,,,,moderate,4115.014212988604,274.1557058561384,0.7224652217065692,,,0.7422481449023656,4389.169918844743,1.0,,3.0,7224.65221706569,0.4115014212988604,0.0274155705856138,40001,,"[""R001"", ""R002"", ""R004"", ""R008"", ""C000"", ""C001""]","[""R001"", ""R004"", ""R005"", ""R007"", ""C001"", ""C002""]",,,3.0,,multi_hotspot,3109.638004077085,0.0,,893.1196839229275,1.0,3,2274.717871112294,1158.3915149457362,2983.727014776301,1350.2353944421207,5874.416822623569,159.0670410442466,734.0526428786809,7422.481449023656,2079.206985330571,954.1045448483418,3033.311530178913,0.7422481449023656,6,274.1557058561384,197.82923195796593,-137.311334823587,60.984860925414296,-2.2737367544323206e-13
151.9806647447,1.0,,3169.8463396134275,2,exp5:regular:r001,,3.0,,151.9806647447,0.0,hardening:regular:r001,5,0.5752391573914156,8.0,2293.399328277196,1.0,,0.530621480135416,7.0,,9999.999999999998,Catalog then correct,,2141.418663532496,,,,,,moderate,2628.4192883790083,1898.400424732774,0.5752391573914156,,,0.7531189761763886,4526.819713111782,0.0,,0.0,5752.391573914156,0.2628419288379008,0.1898400424732774,40001,,"[""L006"", ""L026"", ""R002"", ""R004"", ""R005"", ""R007"", ""R008"", ""C000""]","[""L006"", ""R002"", ""R004"", ""R005"", ""R007"", ""R008"", ""C000""]",,,3.0,,regular,3123.9722855351474,0.0,,830.5729572579519,1.0,7,2141.418663532496,0.0,1028.4276760809316,0.0,5752.391573914156,0.0,830.5729572579519,7531.189761763886,2001.2630069901932,1003.1070416619106,3004.370048652104,0.7531189761763886,6,1898.400424732774,1778.7981878497303,-292.13632128700306,172.53408440395867,-7.958078640513122e-13
462.44444167990025,2.0,,3169.8463396134275,2,exp5:regular:r001,,3.0,,827.9646821550405,0.0,hardening:regular:r001,5,0.6379236830474185,7.0,2238.342864737256,1.0,,0.530621480135416,7.0,,9999.999999999998,Catalog then correct,,1070.709331766248,,,,,,moderate,3212.128479844085,1314.691233267697,0.6379236830474185,,,0.7531189761763886,4526.819713111782,0.5,,2.0,6379.236830474184,0.3212128479844086,0.1314691233267697,40001,,"[""L026"", ""R001"", ""R002"", ""R004"", ""R005"", ""R007"", ""R008""]","[""L006"", ""R002"", ""R004"", ""R005"", ""R007"", ""R008"", ""C000""]",,,3.0,,regular,3167.108350630099,365.5202404751402,,928.7654858928432,1.0,5,2141.418663532496,365.52024047514027,2099.1370078471796,0.0,6379.236830474184,0.0,928.7654858928432,7531.189761763886,2001.2630069901932,1003.1070416619106,3004.370048652104,0.7531189761763886,6,1314.691233267697,1151.952931289702,-237.079857747063,74.34155576906733,-6.821210263296962e-13
590.8848244079784,1.0,,3169.8463396134275,2,exp5:regular:r001,,3.0,,590.8848244079784,0.0,hardening:regular:r001,5,0.7531189761763886,6.0,2001.2630069901932,1.0,,0.530621480135416,7.0,,9999.999999999998,Catalog then correct,,0.0,,,,,,moderate,4526.819713111782,0.0,0.7531189761763886,,,0.7531189761763886,4526.819713111782,1.0,,2.0,7531.189761763886,0.4526819713111783,0.0,40001,,"[""R002"", ""R004"", ""R005"", ""R007"", ""R008"", ""C001""]","[""L006"", ""R002"", ""R004"", ""R005"", ""R007"", ""R008"", ""C000""]",,,3.0,,regular,3004.370048652104,0.0,,1003.1070416619106,1.0,5,2141.418663532496,731.0404809502805,3169.8463396134275,0.0,7531.189761763886,0.0,1003.1070416619106,7531.189761763886,2001.2630069901932,1003.1070416619106,3004.370048652104,0.7531189761763886,6,0.0,0.0,0.0,0.0,0.0
151.9806647447,1.0,,3169.8463396134275,2,exp5:regular:r001,,3.0,,151.9806647447,0.01,hardening:regular:r001,5,0.5752391573914156,8.0,2293.399328277196,1.0,,0.530621480135416,7.0,,9999.999999999998,Catalog then correct,,2141.418663532496,,,,,,moderate,2624.822916072998,1901.9967970387845,0.5747929806188556,,,0.7531189761763886,4526.819713111782,0.0,,0.0,5747.9298061885565,0.2624822916072998,0.1901996797038784,40001,,"[""L006"", ""L026"", ""R002"", ""R004"", ""R005"", ""R007"", ""R008"", ""C000""]","[""L006"", ""R002"", ""R004"", ""R005"", ""R007"", ""R008"", ""C000""]",,,3.0,,regular,3123.1068901155586,0.0,,829.707561838363,1.0,7,2141.418663532496,0.0,1020.9873419279411,53.0621480135416,5694.867658175015,7.440334152990588,822.2672276853724,7531.189761763886,2001.2630069901932,1003.1070416619106,3004.370048652104,0.7531189761763886,6,1901.9967970387843,1783.2599555753295,-292.13632128700306,173.3994798235476,-6.821210263296962e-13
462.44444167990025,2.0,,3169.8463396134275,2,exp5:regular:r001,,3.0,,827.9646821550405,0.01,hardening:regular:r001,5,0.6379236830474185,7.0,2238.342864737256,1.0,,0.530621480135416,7.0,,9999.999999999998,Catalog then correct,,1070.709331766248,,,,,,moderate,3203.2455802588224,1323.5741328529598,0.6368506610182986,,,0.7531189761763886,4526.819713111782,0.5,,2.0,6368.506610182983,0.3203245580258823,0.132357413285296,40001,,"[""L026"", ""R001"", ""R002"", ""R004"", ""R005"", ""R007"", ""R008""]","[""L006"", ""R002"", ""R004"", ""R005"", ""R007"", ""R008"", ""C000""]",,,3.0,,regular,3165.261029924161,365.5202404751402,,926.9181651869052,1.0,5,2141.418663532496,365.52024047514027,2091.696673694189,53.0621480135416,6315.444462169442,7.440334152990588,919.4778310339146,7531.189761763886,2001.2630069901932,1003.1070416619106,3004.370048652104,0.7531189761763886,6,1323.5741328529598,1162.6831515809026,-237.079857747063,76.18887647500537,-4.547473508864641e-13
728.9984458849966,2.0,,3169.8463396134275,2,exp5:regular:r001,,3.0,,728.9984458849966,0.01,hardening:regular:r001,5,0.7705987639827002,7.0,2139.376628467212,1.0,,0.530621480135416,7.0,,9999.999999999998,Catalog then correct,,0.0,,,,,,moderate,4512.143571828845,14.676141282937351,0.7681989911442274,,,0.7531189761763886,4526.819713111782,1.0,,2.0,7681.989911442272,0.4512143571828845,0.0014676141282937,40001,,"[""L009"", ""R002"", ""R004"", ""R005"", ""R007"", ""R008"", ""C001""]","[""L006"", ""R002"", ""R004"", ""R005"", ""R007"", ""R008"", ""C000""]",,,3.0,,regular,3169.8463396134275,0.0,,1030.4697111462156,1.0,5,2141.418663532496,731.0404809502805,3162.406005460437,53.0621480135416,7628.927763428731,7.440334152990588,1023.029376993225,7531.189761763886,2001.2630069901932,1003.1070416619106,3004.370048652104,0.7531189761763886,6,14.676141282937351,-150.80014967838633,-138.1136214770188,-27.362669484305002,-1.1368683772161603e-13
151.9806647447,1.0,,3169.8463396134275,2,exp5:regular:r001,,3.0,,151.9806647447,0.1,hardening:regular:r001,5,0.5752391573914156,8.0,2293.399328277196,1.0,,0.530621480135416,7.0,,9999.999999999998,Catalog then correct,,2141.418663532496,,,,,,moderate,2592.455565318898,1934.364147792884,0.5707773896658157,,,0.7531189761763886,4526.819713111782,0.0,,0.0,5707.773896658156,0.2592455565318898,0.1934364147792884,40001,,"[""L006"", ""L026"", ""R002"", ""R004"", ""R005"", ""R007"", ""R008"", ""C000""]","[""L006"", ""R002"", ""R004"", ""R005"", ""R007"", ""R008"", ""C000""]",,,3.0,,regular,3115.3183313392583,0.0,,821.9190030620625,1.0,7,2141.418663532496,0.0,954.0243345510257,530.621480135416,5177.15241652274,74.40334152990589,747.5156615321566,7531.189761763886,2001.2630069901932,1003.1070416619106,3004.370048652104,0.7531189761763886,6,1934.364147792884,1823.4158651057296,-292.13632128700306,181.18803859984803,-5.684341886080801e-13
462.44444167990025,2.0,,3169.8463396134275,2,exp5:regular:r001,,3.0,,827.9646821550405,0.1,hardening:regular:r001,5,0.6379236830474185,7.0,2238.342864737256,1.0,,0.530621480135416,7.0,,9999.999999999998,Catalog then correct,,1070.709331766248,,,,,,moderate,3123.2994839914613,1403.520229120321,0.6271934627562182,,,0.7531189761763886,4526.819713111782,0.5,,2.0,6271.934627562182,0.3123299483991462,0.1403520229120321,40001,,"[""L026"", ""R001"", ""R002"", ""R004"", ""R005"", ""R007"", ""R008""]","[""L006"", ""R002"", ""R004"", ""R005"", ""R007"", ""R008"", ""C000""]",,,3.0,,regular,3148.6351435707206,365.5202404751402,,910.2922788334648,1.0,5,2141.418663532496,365.52024047514027,2024.7336663172737,530.621480135416,5741.313147426766,74.40334152990589,835.8889373035589,7531.189761763886,2001.2630069901932,1003.1070416619106,3004.370048652104,0.7531189761763886,6,1403.520229120321,1259.255134201704,-237.079857747063,92.81476282844574,-4.547473508864641e-13
737.183834258432,2.0,,3169.8463396134275,2,exp5:regular:r001,,3.0,,737.183834258432,0.1,hardening:regular:r001,5,0.7823229024823793,7.0,2147.562016840647,1.0,,0.530621480135416,7.0,,9999.999999999998,Catalog then correct,,0.0,,,,,,moderate,4401.6812628634025,125.13845024837974,0.757152760247683,,,0.7531189761763886,4526.819713111782,1.0,,2.0,7571.52760247683,0.4401681262863403,0.0125138450248379,40001,,"[""L001"", ""R002"", ""R004"", ""R005"", ""R007"", ""R008"", ""C001""]","[""L006"", ""R002"", ""R004"", ""R005"", ""R007"", ""R008"", ""C000""]",,,3.0,,regular,3169.8463396134275,0.0,,1022.2843227727806,1.0,5,2141.418663532496,731.0404809502805,3095.4429980835216,530.621480135416,7040.906122341414,74.40334152990589,947.8809812428747,7531.189761763886,2001.2630069901932,1003.1070416619106,3004.370048652104,0.7531189761763886,6,125.13845024837974,-40.337840712943944,-146.299009850454,-19.177281110870013,-3.410605131648481e-13
151.9806647447,1.0,,3169.8463396134275,2,exp5:regular:r001,,3.0,,151.9806647447,0.25,hardening:regular:r001,5,0.5752391573914156,8.0,2293.399328277196,1.0,,0.530621480135416,7.0,,9999.999999999998,Catalog then correct,,2141.418663532496,,,,,,moderate,2538.5099807287334,1988.3097323830489,0.5640847380774157,,,0.7531189761763886,4526.819713111782,0.0,,0.0,5640.8473807741575,0.2538509980728733,0.1988309732383049,40001,,"[""L006"", ""L026"", ""R002"", ""R004"", ""R005"", ""R007"", ""R008"", ""C000""]","[""L006"", ""R002"", ""R004"", ""R005"", ""R007"", ""R008"", ""C000""]",,,3.0,,regular,3102.337400045424,0.0,,808.9380717682286,1.0,7,2141.418663532496,0.0,842.4193222561669,1326.55370033854,4314.293680435618,186.0083538247647,622.9297179434639,7531.189761763886,2001.2630069901932,1003.1070416619106,3004.370048652104,0.7531189761763886,6,1988.3097323830489,1890.3423809897286,-292.13632128700306,194.16896989368195,-7.958078640513122e-13
462.44444167990025,2.0,,3169.8463396134275,2,exp5:regular:r001,,3.0,,827.9646821550405,0.25,hardening:regular:r001,5,0.6379236830474185,7.0,2238.342864737256,1.0,,0.530621480135416,7.0,,9999.999999999998,Catalog then correct,,1070.709331766248,,,,,,moderate,2990.055990212525,1536.7637228992571,0.6110981323194179,,,0.7531189761763886,4526.819713111782,0.5,,2.0,6110.981323194178,0.2990055990212525,0.1536763722899257,40001,,"[""L026"", ""R001"", ""R002"", ""R004"", ""R005"", ""R007"", ""R008""]","[""L006"", ""R002"", ""R004"", ""R005"", ""R007"", ""R008"", ""C000""]",,,3.0,,regular,3120.925332981653,365.5202404751402,,882.5824682443972,1.0,5,2141.418663532496,365.52024047514027,1913.1286540224148,1326.55370033854,4784.427622855638,186.0083538247647,696.5741144196325,7531.189761763886,2001.2630069901932,1003.1070416619106,3004.370048652104,0.7531189761763886,6,1536.7637228992571,1420.208438569708,-237.079857747063,120.52457341751335,-5.684341886080801e-13
742.8654891526784,2.0,,3169.8463396134275,2,exp5:regular:r001,,3.0,,742.8654891526784,0.25,hardening:regular:r001,5,0.7977366534323882,7.0,2153.2436717348937,1.0,,0.530621480135416,7.0,,9999.999999999998,Catalog then correct,,0.0,,,,,,moderate,4151.876254011788,374.94345909999447,0.7309578601081451,,,0.7531189761763886,4526.819713111782,1.0,,2.0,7309.578601081451,0.4151876254011789,0.0374943459099994,40001,,"[""L026"", ""R002"", ""R004"", ""R005"", ""R007"", ""R008"", ""C001""]","[""L006"", ""R002"", ""R004"", ""R005"", ""R007"", ""R008"", ""C000""]",,,3.0,,regular,3157.702347069663,0.0,,1004.4586753347696,1.0,5,2141.418663532496,731.0404809502805,2983.837985788663,1326.55370033854,5983.024900742911,186.0083538247647,818.4503215100049,7531.189761763886,2001.2630069901932,1003.1070416619106,3004.370048652104,0.7531189761763886,6,374.94345909999447,221.61116068243518,-151.98066474470056,-1.3516336728590659,-3.410605131648481e-13
141.89743560352304,1.0,,3133.056593146416,2,exp5:asymmetric:r002,,3.0,,279.5368304833325,0.0,hardening:asymmetric:r002,5,0.6148730466965794,7.0,2311.369604546655,1.0,,0.5704094654747414,7.0,,10000.000000000002,Catalog then correct,,2169.472168943132,,,,,,moderate,3044.291825019644,594.2306464133176,0.6148730466965794,,,0.6712361919655517,3638.5224714329615,0.0,,1.0,6148.730466965794,0.3044291825019643,0.0594230646413317,40002,,"[""L020"", ""R000"", ""R003"", ""R006"", ""R007"", ""R008"", ""C001""]","[""L019"", ""R000"", ""R003"", ""R006"", ""R007"", ""R008"", ""C001""]",,,3.0,,asymmetric,3104.4386419461503,137.6393948798095,,793.0690373994953,1.0,6,2169.472168943132,0.0,963.584424203284,0.0,6148.730466965794,0.0,793.0690373994953,6712.361919655518,2061.8694942355783,1011.9699539869786,3073.8394482225567,0.6712361919655517,9,594.2306464133176,563.631452689724,-249.5001103110767,218.90091658748327,1.1368683772161603e-13
141.89743560352304,1.0,,3133.056593146416,2,exp5:asymmetric:r002,,3.0,,210.7171330434278,0.0,hardening:asymmetric:r002,5,0.6148730466965794,7.0,2242.5499071067497,1.0,,0.5704094654747414,7.0,,10000.000000000002,Catalog then correct,,1084.7360844715658,,,,,,moderate,3113.111522459549,525.4109489734124,0.6148730466965794,,,0.6712361919655517,3638.5224714329615,0.5,,1.0,6148.730466965794,0.3113111522459548,0.0525410948973412,40002,,"[""L020"", ""R000"", ""R003"", ""R006"", ""R007"", ""R008"", ""C001""]","[""L019"", ""R000"", ""R003"", ""R006"", ""R007"", ""R008"", ""C001""]",,,3.0,,asymmetric,3035.618944506245,68.81969743990474,,793.0690373994954,1.0,6,2169.472168943132,68.81969743990474,2048.3205086748503,0.0,6148.730466965794,0.0,793.0690373994954,6712.361919655518,2061.8694942355783,1011.9699539869786,3073.8394482225567,0.6712361919655517,9,525.4109489734124,563.631452689724,-180.68041287117148,218.90091658748315,0.0
1201.0981295046709,6.0,,3133.056593146416,2,exp5:asymmetric:r002,,3.0,,1201.0981295046709,0.0,hardening:asymmetric:r002,5,0.6712361919655517,9.0,2061.8694942355783,1.0,,0.5704094654747414,7.0,,10000.000000000002,Catalog then correct,,0.0,,,,,,moderate,3638.5224714329615,0.0,0.6712361919655517,,,0.6712361919655517,3638.5224714329615,1.0,,4.0,6712.361919655518,0.3638522471432961,0.0,40002,,"[""L015"", ""L020"", ""L027"", ""L032"", ""R000"", ""R003"", ""R004"", ""R005"", ""R007""]","[""L019"", ""R000"", ""R003"", ""R006"", ""R007"", ""R008"", ""C001""]",,,3.0,,asymmetric,3073.8394482225567,0.0,,1011.9699539869786,1.0,3,2169.472168943132,1308.7008042122245,3133.056593146416,0.0,6712.361919655518,0.0,1011.9699539869786,6712.361919655518,2061.8694942355783,1011.9699539869786,3073.8394482225567,0.6712361919655517,9,0.0,0.0,0.0,0.0,0.0
141.89743560352304,1.0,,3133.056593146416,2,exp5:asymmetric:r002,,3.0,,279.5368304833325,0.01,hardening:asymmetric:r002,5,0.6148730466965794,7.0,2311.369604546655,1.0,,0.5704094654747414,7.0,,10000.000000000002,Catalog then correct,,2169.472168943132,,,,,,moderate,3040.689328638412,597.83314279455,0.614428410884361,,,0.6712361919655517,3638.5224714329615,0.0,,1.0,6144.284108843611,0.3040689328638411,0.0597833142794549,40002,,"[""L020"", ""R000"", ""R003"", ""R006"", ""R007"", ""R008"", ""C001""]","[""L019"", ""R000"", ""R003"", ""R006"", ""R007"", ""R008"", ""C001""]",,,3.0,,asymmetric,3103.594780205199,137.6393948798095,,792.2251756585442,1.0,6,2169.472168943132,0.0,956.49759557024,57.04094654747414,6087.243162296137,7.086828633043995,785.1383470255003,6712.361919655518,2061.8694942355783,1011.9699539869786,3073.8394482225567,0.6712361919655517,9,597.8331427945495,568.0778108119075,-249.5001103110767,219.74477832843434,-3.410605131648481e-13
141.89743560352304,1.0,,3133.056593146416,2,exp5:asymmetric:r002,,3.0,,210.7171330434278,0.01,hardening:asymmetric:r002,5,0.6148730466965794,7.0,2242.5499071067497,1.0,,0.5704094654747414,7.0,,10000.000000000002,Catalog then correct,,1084.7360844715658,,,,,,moderate,3109.5090260783168,529.0134453546448,0.614428410884361,,,0.6712361919655517,3638.5224714329615,0.5,,1.0,6144.284108843611,0.3109509026078316,0.0529013445354644,40002,,"[""L020"", ""R000"", ""R003"", ""R006"", ""R007"", ""R008"", ""C001""]","[""L019"", ""R000"", ""R003"", ""R006"", ""R007"", ""R008"", ""C001""]",,,3.0,,asymmetric,3034.775082765294,68.81969743990474,,792.2251756585442,1.0,6,2169.472168943132,68.81969743990474,2041.2336800418063,57.04094654747414,6087.243162296137,7.086828633043995,785.1383470255003,6712.361919655518,2061.8694942355783,1011.9699539869786,3073.8394482225567,0.6712361919655517,9,529.0134453546448,568.0778108119075,-180.68041287117148,219.74477832843434,1.1368683772161603e-13
1201.0981295046709,6.0,,3133.056593146416,2,exp5:asymmetric:r002,,3.0,,1201.0981295046709,0.01,hardening:asymmetric:r002,5,0.6712361919655517,9.0,2061.8694942355783,1.0,,0.5704094654747414,7.0,,10000.000000000002,Catalog then correct,,0.0,,,,,,moderate,3631.4726696907055,7.049801742256022,0.6702279247006436,,,0.6712361919655517,3638.5224714329615,1.0,,4.0,6702.279247006437,0.3631472669690704,0.0007049801742256,40002,,"[""L015"", ""L020"", ""L027"", ""L032"", ""R000"", ""R003"", ""R004"", ""R005"", ""R007""]","[""L019"", ""R000"", ""R003"", ""R006"", ""R007"", ""R008"", ""C001""]",,,3.0,,asymmetric,3070.8065773157314,0.0,,1008.9370830801528,1.0,3,2169.472168943132,1308.7008042122245,3125.969764513372,57.04094654747414,6645.238300458963,7.086828633043995,1001.8502544471088,6712.361919655518,2061.8694942355783,1011.9699539869786,3073.8394482225567,0.6712361919655517,9,7.049801742256022,10.08267264908136,0.0,3.032870906825792,4.547473508864641e-13
141.89743560352304,1.0,,3133.056593146416,2,exp5:asymmetric:r002,,3.0,,279.5368304833325,0.1,hardening:asymmetric:r002,5,0.6148730466965793,7.0,2311.369604546655,1.0,,0.5704094654747414,7.0,,10000.000000000002,Catalog then correct,,2169.472168943132,,,,,,moderate,3008.266861207316,630.2556102256458,0.6104266885743955,,,0.6712361919655517,3638.5224714329615,0.0,,1.0,6104.266885743957,0.3008266861207315,0.0630255610225645,40002,,"[""L020"", ""R000"", ""R003"", ""R006"", ""R007"", ""R008"", ""C001""]","[""L019"", ""R000"", ""R003"", ""R006"", ""R007"", ""R008"", ""C001""]",,,3.0,,asymmetric,3096.000024536641,137.6393948798095,,784.6304199899857,1.0,6,2169.472168943132,0.0,892.7161378728441,570.4094654747414,5533.857420269215,70.86828633043994,713.7621336595458,6712.361919655518,2061.8694942355783,1011.9699539869786,3073.8394482225567,0.6712361919655517,9,630.2556102256453,608.0950339115616,-249.5001103110767,227.33953399699283,-1.1368683772161603e-13
141.89743560352304,1.0,,3133.056593146416,2,exp5:asymmetric:r002,,3.0,,210.7171330434278,0.1,hardening:asymmetric:r002,5,0.6148730466965793,7.0,2242.5499071067497,1.0,,0.5704094654747414,7.0,,10000.000000000002,Catalog then correct,,1084.7360844715658,,,,,,moderate,3077.086558647221,561.4359127857406,0.6104266885743955,,,0.6712361919655517,3638.5224714329615,0.5,,1.0,6104.266885743957,0.307708655864722,0.056143591278574,40002,,"[""L020"", ""R000"", ""R003"", ""R006"", ""R007"", ""R008"", ""C001""]","[""L019"", ""R000"", ""R003"", ""R006"", ""R007"", ""R008"", ""C001""]",,,3.0,,asymmetric,3027.180327096736,68.81969743990474,,784.6304199899857,1.0,6,2169.472168943132,68.81969743990474,1977.4522223444103,570.4094654747414,5533.857420269215,70.86828633043994,713.7621336595458,6712.361919655518,2061.8694942355783,1011.9699539869786,3073.8394482225567,0.6712361919655517,9,561.4359127857406,608.0950339115616,-180.68041287117148,227.33953399699283,3.410605131648481e-13
1201.0981295046709,6.0,,3133.056593146416,2,exp5:asymmetric:r002,,3.0,,1201.0981295046709,0.1,hardening:asymmetric:r002,5,0.6712361919655517,9.0,2061.8694942355783,1.0,,0.5704094654747414,7.0,,10000.000000000002,Catalog then correct,,0.0,,,,,,moderate,3568.0244540104086,70.49801742255295,0.6611535193164707,,,0.6712361919655517,3638.5224714329615,1.0,,4.0,6611.535193164707,0.3568024454010408,0.0070498017422552,40002,,"[""L015"", ""L020"", ""L027"", ""L032"", ""R000"", ""R003"", ""R004"", ""R005"", ""R007""]","[""L019"", ""R000"", ""R003"", ""R006"", ""R007"", ""R008"", ""C001""]",,,3.0,,asymmetric,3043.510739154299,0.0,,981.6412449187206,1.0,3,2169.472168943132,1308.7008042122245,3062.1883068159764,570.4094654747414,6041.125727689966,70.86828633043994,910.7729585882807,6712.361919655518,2061.8694942355783,1011.9699539869786,3073.8394482225567,0.6712361919655517,9,70.49801742255295,100.82672649081087,0.0,30.328709068257922,0.0
141.89743560352304,1.0,,3133.056593146416,2,exp5:asymmetric:r002,,3.0,,279.5368304833325,0.25,hardening:asymmetric:r002,5,0.6148730466965794,7.0,2311.369604546655,1.0,,0.5704094654747414,7.0,,10000.000000000002,Catalog then correct,,2169.472168943132,,,,,,moderate,2954.229415488824,684.2930559441379,0.60375715139112,,,0.6712361919655517,3638.5224714329615,0.0,,1.0,6037.5715139112,0.2954229415488823,0.0684293055944137,40002,,"[""L020"", ""R000"", ""R003"", ""R006"", ""R007"", ""R008"", ""C001""]","[""L019"", ""R000"", ""R003"", ""R006"", ""R007"", ""R008"", ""C001""]",,,3.0,,asymmetric,3083.342098422376,137.6393948798095,,771.9724938757213,1.0,6,2169.472168943132,0.0,786.4137083771841,1426.0236636868535,4611.547850224346,177.17071582609987,594.8017780496214,6712.361919655518,2061.8694942355783,1011.9699539869786,3073.8394482225567,0.6712361919655517,9,684.2930559441374,674.7904057443184,-249.5001103110767,239.99746011125728,-3.410605131648481e-13
141.89743560352304,1.0,,3133.056593146416,2,exp5:asymmetric:r002,,3.0,,210.7171330434278,0.25,hardening:asymmetric:r002,5,0.6148730466965794,7.0,2242.5499071067497,1.0,,0.5704094654747414,7.0,,10000.000000000002,Catalog then correct,,1084.7360844715658,,,,,,moderate,3023.049112928729,615.4733585042327,0.60375715139112,,,0.6712361919655517,3638.5224714329615,0.5,,1.0,6037.5715139112,0.3023049112928728,0.0615473358504232,40002,,"[""L020"", ""R000"", ""R003"", ""R006"", ""R007"", ""R008"", ""C001""]","[""L019"", ""R000"", ""R003"", ""R006"", ""R007"", ""R008"", ""C001""]",,,3.0,,asymmetric,3014.522400982471,68.81969743990474,,771.9724938757213,1.0,6,2169.472168943132,68.81969743990474,1871.1497928487504,1426.0236636868535,4611.547850224346,177.17071582609987,594.8017780496214,6712.361919655518,2061.8694942355783,1011.9699539869786,3073.8394482225567,0.6712361919655517,9,615.4733585042327,674.7904057443184,-180.68041287117148,239.99746011125728,1.1368683772161603e-13
1201.0981295046709,6.0,,3133.056593146416,2,exp5:asymmetric:r002,,3.0,,1201.0981295046709,0.25,hardening:asymmetric:r002,5,0.6712361919655517,9.0,2061.8694942355783,1.0,,0.5704094654747414,7.0,,10000.000000000002,Catalog then correct,,0.0,,,,,,moderate,3462.27742787658,176.24504355638146,0.6460295103428491,,,0.6712361919655517,3638.5224714329615,1.0,,4.0,6460.295103428492,0.3462277427876579,0.0176245043556381,40002,,"[""L015"", ""L020"", ""L027"", ""L032"", ""R000"", ""R003"", ""R004"", ""R005"", ""R007""]","[""L019"", ""R000"", ""R003"", ""R006"", ""R007"", ""R008"", ""C001""]",,,3.0,,asymmetric,2998.0176755519124,0.0,,936.148181316334,1.0,3,2169.472168943132,1308.7008042122245,2955.8858773203165,1426.0236636868535,5034.2714397416385,177.17071582609987,758.9774654902342,6712.361919655518,2061.8694942355783,1011.9699539869786,3073.8394482225567,0.6712361919655517,9,176.24504355638146,252.0668162270258,0.0,75.82177267064458,2.2737367544323206e-13
0.0,0.0,,3131.918120974454,2,exp5:multi_hotspot:r002,,3.0,,0.0,0.0,hardening:multi_hotspot:r002,5,0.6484622613030314,7.0,2186.8760450100635,1.0,,0.6484622613030314,7.0,,10000.000000000002,Catalog then correct,,2186.8760450100635,,,,,,moderate,3493.271826121603,678.0609843730381,0.6484622613030314,,,0.7303250931469095,4171.332810494641,0.0,,0.0,6484.622613030313,0.3493271826121603,0.0678060984373038,40002,,"[""L020"", ""R000"", ""R002"", ""R004"", ""R005"", ""R006"", ""C001""]","[""L020"", ""R000"", ""R002"", ""R004"", ""R005"", ""R006"", ""C001""]",,,3.0,,multi_hotspot,2991.35078690871,0.0,,804.4747418986462,1.0,7,2186.8760450100635,0.0,945.0420759643903,0.0,6484.622613030313,0.0,804.4747418986462,7303.250931469095,2195.4200360207205,936.4980849537332,3131.918120974454,0.7303250931469095,7,678.0609843730381,818.6283184387821,8.54399101065701,132.0233430550869,-1.1368683772161603e-13
289.1263538987864,2.0,,3131.918120974454,2,exp5:multi_hotspot:r002,,3.0,,506.7028364976356,0.0,hardening:multi_hotspot:r002,5,0.6797708695292851,7.0,2258.425916310001,1.0,,0.6484622613030314,7.0,,10000.000000000002,Catalog then correct,,1093.4380225050318,,,,,,moderate,3666.147986704983,505.1848237896584,0.6797708695292851,,,0.7303250931469095,4171.332810494641,0.5,,2.0,6797.70869529285,0.3666147986704982,0.0505184823789658,40002,,"[""L008"", ""L032"", ""R000"", ""R002"", ""R004"", ""R005"", ""C001""]","[""L020"", ""R000"", ""R002"", ""R004"", ""R005"", ""R006"", ""C001""]",,,3.0,,multi_hotspot,3131.560708587868,217.5764825988492,,873.1347922778666,1.0,5,2186.8760450100635,217.57648259884917,2038.480098469422,0.0,6797.70869529285,0.0,873.1347922778666,7303.250931469095,2195.4200360207205,936.4980849537332,3131.918120974454,0.7303250931469095,7,505.18482378965837,505.54223617624484,-63.00588028928041,63.363292675866546,-3.410605131648481e-13
443.69695620835466,2.0,,3131.918120974454,2,exp5:multi_hotspot:r002,,3.0,,443.69695620835466,0.0,hardening:multi_hotspot:r002,5,0.7303250931469095,7.0,2195.4200360207205,1.0,,0.6484622613030314,7.0,,10000.000000000002,Catalog then correct,,0.0,,,,,,moderate,4171.332810494641,0.0,0.7303250931469095,,,0.7303250931469095,4171.332810494641,1.0,,2.0,7303.250931469095,0.417133281049464,0.0,40002,,"[""L031"", ""R000"", ""R002"", ""R004"", ""R005"", ""R008"", ""C001""]","[""L020"", ""R000"", ""R002"", ""R004"", ""R005"", ""R006"", ""C001""]",,,3.0,,multi_hotspot,3131.918120974454,0.0,,936.4980849537332,1.0,5,2186.8760450100635,435.15296519769834,3131.918120974454,0.0,7303.250931469095,0.0,936.4980849537332,7303.250931469095,2195.4200360207205,936.4980849537332,3131.918120974454,0.7303250931469095,7,0.0,0.0,0.0,0.0,0.0
0.0,0.0,,3131.918120974454,2,exp5:multi_hotspot:r002,,3.0,,0.0,0.01,hardening:multi_hotspot:r002,5,0.6484622613030314,7.0,2186.8760450100635,1.0,,0.6484622613030314,7.0,,10000.000000000002,Catalog then correct,,2186.8760450100635,,,,,,moderate,3493.271826121603,678.0609843730381,0.6484622613030314,,,0.7303250931469095,4171.332810494641,0.0,,0.0,6484.622613030313,0.3493271826121603,0.0678060984373038,40002,,"[""L020"", ""R000"", ""R002"", ""R004"", ""R005"", ""R006"", ""C001""]","[""L020"", ""R000"", ""R002"", ""R004"", ""R005"", ""R006"", ""C001""]",,,3.0,,multi_hotspot,2991.35078690871,0.0,,804.4747418986464,1.0,7,2186.8760450100635,0.0,936.9973285454038,64.84622613030314,6419.77638690001,8.044747418986463,796.4299944796599,7303.250931469095,2195.4200360207205,936.4980849537332,3131.918120974454,0.7303250931469095,7,678.0609843730381,818.6283184387821,8.54399101065701,132.0233430550868,-2.2737367544323206e-13
289.1263538987864,2.0,,3131.918120974454,2,exp5:multi_hotspot:r002,,3.0,,506.7028364976356,0.01,hardening:multi_hotspot:r002,5,0.6797708695292851,7.0,2258.425916310001,1.0,,0.6484622613030314,7.0,,10000.000000000002,Catalog then correct,,1093.4380225050318,,,,,,moderate,3663.703726386149,507.629084108492,0.6794577834470226,,,0.7303250931469095,4171.332810494641,0.5,,2.0,6794.577834470225,0.3663703726386149,0.0507629084108491,40002,,"[""L008"", ""L032"", ""R000"", ""R002"", ""R004"", ""R005"", ""C001""]","[""L020"", ""R000"", ""R002"", ""R004"", ""R005"", ""R006"", ""C001""]",,,3.0,,multi_hotspot,3130.8741080840755,217.5764825988492,,872.4481917740744,1.0,5,2186.8760450100635,217.57648259884917,2030.4353510504357,64.84622613030314,6729.731608339922,8.044747418986463,864.4034443550879,7303.250931469095,2195.4200360207205,936.4980849537332,3131.918120974454,0.7303250931469095,7,507.6290841084924,508.6730969988703,-63.00588028928041,64.04989317965874,4.547473508864641e-13
443.69695620835466,2.0,,3131.918120974454,2,exp5:multi_hotspot:r002,,3.0,,443.69695620835466,0.01,hardening:multi_hotspot:r002,5,0.7309608419062348,7.0,2195.4200360207205,1.0,,0.6484622613030314,7.0,,10000.000000000002,Catalog then correct,,0.0,,,,,,moderate,4169.4404400275735,1.892370467067849,0.7301358561002027,,,0.7303250931469095,4171.332810494641,1.0,,2.0,7301.358561002027,0.4169440440027572,0.0001892370467067,40002,,"[""L031"", ""R000"", ""R002"", ""R004"", ""R005"", ""R008"", ""C001""]","[""L020"", ""R000"", ""R002"", ""R004"", ""R005"", ""R006"", ""C001""]",,,3.0,,multi_hotspot,3131.918120974454,0.0,,936.4980849537334,1.0,5,2186.8760450100635,435.15296519769834,3123.8733735554674,64.84622613030314,7236.512334871724,8.044747418986463,928.4533375347469,7303.250931469095,2195.4200360207205,936.4980849537332,3131.918120974454,0.7303250931469095,7,1.892370467067849,1.892370467067849,0.0,-2.2737367544323206e-13,-2.2737367544323206e-13
0.0,0.0,,3131.918120974454,2,exp5:multi_hotspot:r002,,3.0,,0.0,0.1,hardening:multi_hotspot:r002,5,0.6484622613030313,7.0,2186.8760450100635,1.0,,0.6484622613030314,7.0,,10000.000000000002,Catalog then correct,,2186.8760450100635,,,,,,moderate,3493.271826121603,678.0609843730381,0.6484622613030313,,,0.7303250931469095,4171.332810494641,0.0,,0.0,6484.622613030313,0.3493271826121603,0.0678060984373038,40002,,"[""L020"", ""R000"", ""R002"", ""R004"", ""R005"", ""R006"", ""C001""]","[""L020"", ""R000"", ""R002"", ""R004"", ""R005"", ""R006"", ""C001""]",,,3.0,,multi_hotspot,2991.35078690871,0.0,,804.4747418986462,1.0,7,2186.8760450100635,0.0,864.5946017745257,648.4622613030314,5836.1603517272815,80.44747418986464,724.0272677087817,7303.250931469095,2195.4200360207205,936.4980849537332,3131.918120974454,0.7303250931469095,7,678.0609843730381,818.6283184387821,8.54399101065701,132.0233430550869,-1.1368683772161603e-13
278.1078575422986,2.0,,3131.918120974454,2,exp5:multi_hotspot:r002,,3.0,,495.6843401411477,0.1,hardening:multi_hotspot:r002,5,0.682964289193525,7.0,2247.407419953513,1.0,,0.6484622613030314,7.0,,10000.000000000002,Catalog then correct,,1093.4380225050318,,,,,,moderate,3663.2227430703033,508.110067424338,0.6795140864044756,,,0.7303250931469095,4171.332810494641,0.5,,2.0,6795.140864044757,0.3663222743070302,0.0508110067424337,40002,,"[""L008"", ""L031"", ""R000"", ""R002"", ""R004"", ""R005"", ""C001""]","[""L020"", ""R000"", ""R002"", ""R004"", ""R005"", ""R006"", ""C001""]",,,3.0,,multi_hotspot,3131.918120974454,217.5764825988492,,884.510701020941,1.0,5,2186.8760450100635,217.57648259884917,1958.0326242795575,648.4622613030314,6146.678602741726,80.44747418986464,804.0632268310765,7303.250931469095,2195.4200360207205,936.4980849537332,3131.918120974454,0.7303250931469095,7,508.110067424338,508.110067424338,-51.987383932792454,51.98738393279211,-3.410605131648481e-13
450.66243364845707,2.0,,3131.918120974454,2,exp5:multi_hotspot:r002,,3.0,,450.66243364845707,0.1,hardening:multi_hotspot:r002,5,0.7317983137628548,7.0,2202.385513460823,1.0,,0.6484622613030314,7.0,,10000.000000000002,Catalog then correct,,0.0,,,,,,moderate,4111.767612639418,59.56519785522323,0.7234647085168724,,,0.7303250931469095,4171.332810494641,1.0,,2.0,7234.647085168724,0.4111767612639417,0.0059565197855223,40002,,"[""L031"", ""R000"", ""R002"", ""R004"", ""R005"", ""R007"", ""C001""]","[""L020"", ""R000"", ""R002"", ""R004"", ""R005"", ""R006"", ""C001""]",,,3.0,,multi_hotspot,3122.879472529307,0.0,,920.493959068484,1.0,5,2186.8760450100635,435.15296519769834,3051.470646784589,648.4622613030314,6586.184823865692,80.44747418986464,840.0464848786194,7303.250931469095,2195.4200360207205,936.4980849537332,3131.918120974454,0.7303250931469095,7,59.56519785522323,68.60384630037152,-6.965477440102404,16.00412588524921,-1.4779288903810084e-12
0.0,0.0,,3131.918120974454,2,exp5:multi_hotspot:r002,,3.0,,0.0,0.25,hardening:multi_hotspot:r002,5,0.6484622613030314,7.0,2186.8760450100635,1.0,,0.6484622613030314,7.0,,10000.000000000002,Catalog then correct,,2186.8760450100635,,,,,,moderate,3493.271826121603,678.0609843730381,0.6484622613030314,,,0.7303250931469095,4171.332810494641,0.0,,0.0,6484.622613030313,0.3493271826121603,0.0678060984373038,40002,,"[""L020"", ""R000"", ""R002"", ""R004"", ""R005"", ""R006"", ""C001""]","[""L020"", ""R000"", ""R002"", ""R004"", ""R005"", ""R006"", ""C001""]",,,3.0,,multi_hotspot,2991.35078690871,0.0,,804.4747418986462,1.0,7,2186.8760450100635,0.0,743.9233904897287,1621.1556532575783,4863.466959772735,201.11868547466156,603.3560564239847,7303.250931469095,2195.4200360207205,936.4980849537332,3131.918120974454,0.7303250931469095,7,678.0609843730381,818.6283184387821,8.54399101065701,132.0233430550869,-1.1368683772161603e-13
278.1078575422986,2.0,,3131.918120974454,2,exp5:multi_hotspot:r002,,3.0,,495.6843401411477,0.25,hardening:multi_hotspot:r002,5,0.6867471124872071,7.0,2247.407419953513,1.0,,0.6484622613030314,7.0,,10000.000000000002,Catalog then correct,,1093.4380225050318,,,,,,moderate,3647.2289643345193,524.103846160122,0.6771758996911632,,,0.7303250931469095,4171.332810494641,0.5,,2.0,6771.758996911631,0.3647228964334518,0.0524103846160121,40002,,"[""L008"", ""L031"", ""R000"", ""R002"", ""R004"", ""R005"", ""C001""]","[""L020"", ""R000"", ""R002"", ""R004"", ""R005"", ""R006"", ""C001""]",,,3.0,,multi_hotspot,3124.530032577112,217.5764825988492,,877.1226126235981,1.0,5,2186.8760450100635,217.57648259884917,1837.3614129947605,1621.1556532575783,5150.603343654053,201.11868547466156,676.0039271489366,7303.250931469095,2195.4200360207205,936.4980849537332,3131.918120974454,0.7303250931469095,7,524.103846160122,531.4919345574644,-51.987383932792454,59.37547233013504,1.1368683772161603e-13
782.5299659095888,3.0,,3131.918120974454,2,exp5:multi_hotspot:r002,,3.0,,782.5299659095888,0.25,hardening:multi_hotspot:r002,5,0.7358369004216965,7.0,2194.1688550313384,1.0,,0.6484622613030314,7.0,,10000.000000000002,Catalog then correct,,0.0,,,,,,moderate,4008.014285445849,163.31852504879225,0.7139932406420303,,,0.7303250931469095,4171.332810494641,1.0,,3.0,7139.932406420303,0.4008014285445848,0.0163318525048792,40002,,"[""L031"", ""R000"", ""R001"", ""R004"", ""R005"", ""R008"", ""C001""]","[""L020"", ""R000"", ""R002"", ""R004"", ""R005"", ""R006"", ""C001""]",,,3.0,,multi_hotspot,3131.918120974454,0.0,,937.7492659431156,1.0,4,2186.8760450100635,775.2371558883146,2930.7994354997923,1621.1556532575783,5518.776753162725,201.11868547466156,736.630580468454,7303.250931469095,2195.4200360207205,936.4980849537332,3131.918120974454,0.7303250931469095,7,163.31852504879225,163.31852504879225,1.251180989382192,-1.2511809893824193,-2.2737367544323206e-13
137.04115307083018,1.0,,3160.6718778658683,2,exp5:regular:r002,,3.0,,286.09498875667805,0.0,hardening:regular:r002,5,0.5542792954610762,8.0,2335.02978334866,1.0,,0.5087755614795667,8.0,,10000.000000000002,Catalog then correct,,2197.98863027783,,,,,,moderate,2396.154748785316,1176.9104083452949,0.5542792954610762,,,0.6701295643322643,3573.0651571306107,0.0,,1.0,5542.792954610763,0.2396154748785315,0.1176910408345294,40002,,"[""L004"", ""L005"", ""L022"", ""R001"", ""R004"", ""R005"", ""R007"", ""C002""]","[""L000"", ""L004"", ""L022"", ""R001"", ""R004"", ""R005"", ""R007"", ""C002""]",,,3.0,,regular,3146.638205825448,149.05383568584787,,811.6084224767874,1.0,7,2197.98863027783,0.0,962.6832475880383,0.0,5542.792954610763,0.0,811.6084224767874,6701.2956433226445,2101.392716188005,1026.8377700040285,3128.230486192034,0.6701295643322643,9,1176.9104083452949,1158.502688711881,-233.63706716065508,215.2293475272411,-2.2737367544323206e-13
475.43789808396,2.0,,3160.6718778658683,2,exp5:regular:r002,,3.0,,902.5934985067796,0.0,hardening:regular:r002,5,0.5790691276517638,7.0,2246.270927938971,1.0,,0.5087755614795667,8.0,,10000.000000000002,Catalog then correct,,1098.994315138915,,,,,,moderate,2699.393131315598,873.6720258150126,0.5790691276517638,,,0.6701295643322643,3573.0651571306107,0.5,,3.0,5790.691276517639,0.2699393131315598,0.0873672025815012,40002,,"[""L005"", ""L022"", ""R001"", ""R002"", ""R004"", ""R005"", ""R007""]","[""L000"", ""L004"", ""L022"", ""R001"", ""R004"", ""R005"", ""R007"", ""C002""]",,,3.0,,regular,3091.2981452020404,427.1556004228195,,845.0272172630695,1.0,5,2197.98863027783,427.1556004228194,2061.6775627269535,0.0,5790.691276517639,0.0,845.0272172630695,6701.2956433226445,2101.392716188005,1026.8377700040285,3128.230486192034,0.6701295643322643,9,873.6720258150126,910.6043668050052,-144.87821175096587,181.810552740959,5.684341886080801e-13
907.586753144646,5.0,,3160.6718778658683,2,exp5:regular:r002,,3.0,,907.586753144646,0.0,hardening:regular:r002,5,0.6701295643322643,9.0,2101.392716188005,1.0,,0.5087755614795667,8.0,,10000.000000000002,Catalog then correct,,0.0,,,,,,moderate,3573.0651571306107,0.0,0.6701295643322643,,,0.6701295643322643,3573.0651571306107,1.0,,4.0,6701.2956433226445,0.357306515713061,0.0,40002,,"[""L005"", ""L023"", ""L032"", ""L033"", ""R001"", ""R002"", ""R004"", ""R005"", ""R007""]","[""L000"", ""L004"", ""L022"", ""R001"", ""R004"", ""R005"", ""R007"", ""C002""]",,,3.0,,regular,3128.230486192034,0.0,,1026.8377700040285,1.0,4,2197.98863027783,1004.1826672344711,3160.6718778658683,0.0,6701.2956433226445,0.0,1026.8377700040285,6701.2956433226445,2101.392716188005,1026.8377700040285,3128.230486192034,0.6701295643322643,9,0.0,0.0,0.0,0.0,0.0
137.04115307083018,1.0,,3160.6718778658683,2,exp5:regular:r002,,3.0,,286.09498875667805,0.01,hardening:regular:r002,5,0.5542792954610762,8.0,2335.02978334866,1.0,,0.5087755614795667,8.0,,10000.000000000002,Catalog then correct,,2197.98863027783,,,,,,moderate,2392.616421128265,1180.448736002346,0.5538242581212611,,,0.6701295643322643,3573.0651571306107,0.0,,1.0,5538.242581212612,0.2392616421128264,0.1180448736002345,40002,,"[""L004"", ""L005"", ""L022"", ""R001"", ""R004"", ""R005"", ""R007"", ""C002""]","[""L000"", ""L004"", ""L022"", ""R001"", ""R004"", ""R005"", ""R007"", ""C002""]",,,3.0,,regular,3145.6261600843472,149.05383568584787,,810.5963767356873,1.0,7,2197.98863027783,0.0,955.5792091043704,50.87755614795668,5487.365025064655,7.104038483667828,803.4923382520194,6701.2956433226445,2101.392716188005,1026.8377700040285,3128.230486192034,0.6701295643322643,9,1180.4487360023459,1163.0530621100324,-233.63706716065508,216.2413932683412,-4.547473508864641e-13
475.43789808396,2.0,,3160.6718778658683,2,exp5:regular:r002,,3.0,,902.5934985067796,0.01,hardening:regular:r002,5,0.5790691276517638,7.0,2246.270927938971,1.0,,0.5087755614795667,8.0,,10000.000000000002,Catalog then correct,,1098.994315138915,,,,,,moderate,2693.710008387341,879.3551487432696,0.5783661919900418,,,0.6701295643322643,3573.0651571306107,0.5,,3.0,5783.661919900419,0.269371000838734,0.0879355148743269,40002,,"[""L005"", ""L022"", ""R001"", ""R002"", ""R004"", ""R005"", ""R007""]","[""L000"", ""L004"", ""L022"", ""R001"", ""R004"", ""R005"", ""R007"", ""C002""]",,,3.0,,regular,3089.951911513078,427.1556004228195,,843.6809835741067,1.0,5,2197.98863027783,427.1556004228194,2054.5735242432856,50.87755614795668,5732.784363752462,7.104038483667828,836.5769450904388,6701.2956433226445,2101.392716188005,1026.8377700040285,3128.230486192034,0.6701295643322643,9,879.3551487432696,917.6337234222256,-144.87821175096587,183.1567864299218,0.0
907.586753144646,5.0,,3160.6718778658683,2,exp5:regular:r002,,3.0,,907.586753144646,0.01,hardening:regular:r002,5,0.6701295643322643,9.0,2101.392716188005,1.0,,0.5087755614795667,8.0,,10000.000000000002,Catalog then correct,,0.0,,,,,,moderate,3560.094096061714,12.971061068896688,0.6685160243037374,,,0.6701295643322643,3573.0651571306107,1.0,,4.0,6685.160243037375,0.3560094096061713,0.0012971061068896,40002,,"[""L005"", ""L023"", ""L032"", ""L033"", ""R001"", ""R002"", ""R004"", ""R005"", ""R007""]","[""L000"", ""L004"", ""L022"", ""R001"", ""R004"", ""R005"", ""R007"", ""C002""]",,,3.0,,regular,3125.066146975661,0.0,,1023.673430787656,1.0,4,2197.98863027783,1004.1826672344711,3153.5678393822004,50.87755614795668,6634.282686889418,7.104038483667828,1016.5693923039881,6701.2956433226445,2101.392716188005,1026.8377700040285,3128.230486192034,0.6701295643322643,9,12.971061068896688,16.135400285269498,0.0,3.1643392163724684,-3.410605131648481e-13
137.04115307083018,1.0,,3160.6718778658683,2,exp5:regular:r002,,3.0,,286.09498875667805,0.1,hardening:regular:r002,5,0.5542792954610762,8.0,2335.02978334866,1.0,,0.5087755614795667,8.0,,10000.000000000002,Catalog then correct,,2197.98863027783,,,,,,moderate,2360.771472214807,1212.2936849158036,0.5497289220629253,,,0.6701295643322643,3573.0651571306107,0.0,,1.0,5497.289220629255,0.2360771472214806,0.1212293684915803,40002,,"[""L004"", ""L005"", ""L022"", ""R001"", ""R004"", ""R005"", ""R007"", ""C002""]","[""L000"", ""L004"", ""L022"", ""R001"", ""R004"", ""R005"", ""R007"", ""C002""]",,,3.0,,regular,3136.5177484144474,149.05383568584787,,801.4879650657871,1.0,7,2197.98863027783,0.0,891.64286275136,508.7755614795669,4988.5136591496885,71.04038483667829,730.4475802291088,6701.2956433226445,2101.392716188005,1026.8377700040285,3128.230486192034,0.6701295643322643,9,1212.2936849158036,1204.0064226933891,-233.63706716065508,225.3498049382414,7.958078640513122e-13
420.0063833611134,3.0,,3160.6718778658683,2,exp5:regular:r002,,3.0,,773.5257719367485,0.1,hardening:regular:r002,5,0.5891313216938927,9.0,2264.475625063308,1.0,,0.5087755614795667,8.0,,10000.000000000002,Catalog then correct,,1098.994315138915,,,,,,moderate,2650.2855788587344,922.7795782718764,0.5810957456724601,,,0.6701295643322643,3573.0651571306107,0.5,,2.0,5810.957456724603,0.2650285578858734,0.0922779578271876,40002,,"[""L004"", ""L022"", ""L023"", ""L031"", ""L033"", ""R001"", ""R004"", ""R005"", ""R007""]","[""L000"", ""L004"", ""L022"", ""R001"", ""R004"", ""R005"", ""R007"", ""C002""]",,,3.0,,regular,3160.6718778658683,353.519388575635,,896.1962528025601,1.0,6,2197.98863027783,353.519388575635,1990.6371778902753,508.7755614795669,5302.181895245036,71.04038483667829,825.1558679658818,6701.2956433226445,2101.392716188005,1026.8377700040285,3128.230486192034,0.6701295643322643,9,922.7795782718763,890.3381865980418,-163.08290887530302,130.64151720146833,-2.2737367544323206e-13
907.586753144646,5.0,,3160.6718778658683,2,exp5:regular:r002,,3.0,,907.586753144646,0.1,hardening:regular:r002,5,0.6701295643322643,9.0,2101.392716188005,1.0,,0.5087755614795667,8.0,,10000.000000000002,Catalog then correct,,0.0,,,,,,moderate,3443.354546441639,129.71061068897188,0.6539941640469945,,,0.6701295643322643,3573.0651571306107,1.0,,4.0,6539.941640469948,0.3443354546441638,0.0129710610688971,40002,,"[""L005"", ""L023"", ""L032"", ""L033"", ""R001"", ""R002"", ""R004"", ""R005"", ""R007""]","[""L000"", ""L004"", ""L022"", ""R001"", ""R004"", ""R005"", ""R007"", ""C002""]",,,3.0,,regular,3096.587094028309,0.0,,995.194377840304,1.0,4,2197.98863027783,1004.1826672344711,3089.63149302919,508.7755614795669,6031.166078990381,71.04038483667829,924.1539930036257,6701.2956433226445,2101.392716188005,1026.8377700040285,3128.230486192034,0.6701295643322643,9,129.71061068897188,161.3540028526968,0.0,31.643392163724457,-4.547473508864641e-13
137.04115307083018,1.0,,3160.6718778658683,2,exp5:regular:r002,,3.0,,286.09498875667805,0.25,hardening:regular:r002,5,0.5542792954610762,8.0,2335.02978334866,1.0,,0.5087755614795667,8.0,,10000.000000000002,Catalog then correct,,2197.98863027783,,,,,,moderate,2307.6965573590437,1265.3685997715677,0.5429033619656989,,,0.6701295643322643,3573.0651571306107,0.0,,1.0,5429.03361965699,0.2307696557359042,0.1265368599771567,40002,,"[""L004"", ""L005"", ""L022"", ""R001"", ""R004"", ""R005"", ""R007"", ""C002""]","[""L000"", ""L004"", ""L022"", ""R001"", ""R004"", ""R005"", ""R007"", ""C002""]",,,3.0,,regular,3121.3370622979464,149.05383568584787,,786.3072789492862,1.0,7,2197.98863027783,0.0,785.0822854963426,1271.938903698917,4157.094715958073,177.6009620916957,608.7063168575905,6701.2956433226445,2101.392716188005,1026.8377700040285,3128.230486192034,0.6701295643322643,9,1265.368599771567,1272.2620236656549,-233.63706716065508,240.53049105474224,-6.821210263296962e-13
417.3120937603262,3.0,,3160.6718778658683,2,exp5:regular:r002,,3.0,,770.8314823359613,0.25,hardening:regular:r002,5,0.6039019583989433,9.0,2261.7813354625214,1.0,,0.5087755614795667,8.0,,10000.000000000002,Catalog then correct,,1098.994315138915,,,,,,moderate,2641.2987085648456,931.7664485657652,0.5801203591690992,,,0.6701295643322643,3573.0651571306107,0.5,,2.0,5801.203591690993,0.2641298708564845,0.0931766448565765,40002,,"[""L004"", ""L005"", ""L022"", ""L023"", ""L033"", ""R001"", ""R004"", ""R005"", ""R007""]","[""L000"", ""L004"", ""L022"", ""R001"", ""R004"", ""R005"", ""R007"", ""C002""]",,,3.0,,regular,3159.904883126147,353.519388575635,,898.1235476636259,1.0,6,2197.98863027783,353.519388575635,1884.0766006352578,1271.938903698917,4529.264687992076,177.6009620916957,720.5225855719302,6701.2956433226445,2101.392716188005,1026.8377700040285,3128.230486192034,0.6701295643322643,9,931.7664485657651,900.0920516316519,-160.38861927451626,128.71422234040256,-4.547473508864641e-13
907.586753144646,5.0,,3160.6718778658683,2,exp5:regular:r002,,3.0,,907.586753144646,0.25,hardening:regular:r002,5,0.6701295643322643,9.0,2101.392716188005,1.0,,0.5087755614795667,8.0,,10000.000000000002,Catalog then correct,,0.0,,,,,,moderate,3248.7886304081785,324.2765267224322,0.62979106361909,,,0.6701295643322643,3573.0651571306107,1.0,,4.0,6297.910636190901,0.3248788630408178,0.0324276526722432,40002,,"[""L005"", ""L023"", ""L032"", ""L033"", ""R001"", ""R002"", ""R004"", ""R005"", ""R007""]","[""L000"", ""L004"", ""L022"", ""R001"", ""R004"", ""R005"", ""R007"", ""C002""]",,,3.0,,regular,3049.122005782722,0.0,,947.729289594717,1.0,4,2197.98863027783,1004.1826672344711,2983.0709157741726,1271.938903698917,5025.971732491984,177.6009620916957,770.1283275030213,6701.2956433226445,2101.392716188005,1026.8377700040285,3128.230486192034,0.6701295643322643,9,324.2765267224322,403.3850071317438,0.0,79.10848040931148,-1.1368683772161603e-13
297.4456830580041,2.0,,3160.085619378712,2,exp5:asymmetric:r003,,3.0,,297.4456830580041,0.0,hardening:asymmetric:r003,5,0.5310501377656561,9.0,2385.894025859001,1.0,,0.4492933731287543,7.0,,10000.000000000002,Catalog then correct,,2088.4483428009967,,,,,,moderate,2153.950296105427,1503.7222581293154,0.5310501377656561,,,0.6817758173613454,3657.672554234742,0.0,,0.0,5310.501377656562,0.2153950296105426,0.1503722258129315,40003,,"[""L006"", ""L020"", ""L033"", ""R000"", ""R001"", ""R002"", ""R005"", ""R006"", ""C000""]","[""L006"", ""R000"", ""R001"", ""R002"", ""R005"", ""R006"", ""C000""]",,,3.0,,asymmetric,3156.551081551135,0.0,,770.657055692134,1.0,7,2088.4483428009967,0.0,1071.6372765777155,0.0,5310.501377656562,0.0,770.657055692134,6817.758173613454,2246.029614048444,914.0560053302686,3160.085619378712,0.6817758173613454,8,1503.7222581293154,1507.2567959568923,-139.86441181055716,143.39894963813458,4.547473508864641e-13
338.476775694407,1.0,,3160.085619378712,2,exp5:asymmetric:r003,,3.0,,495.82335243250577,0.0,hardening:asymmetric:r003,5,0.5480963810187237,7.0,2269.578541757305,1.0,,0.4492933731287543,7.0,,10000.000000000002,Catalog then correct,,1044.2241714004983,,,,,,moderate,2439.1560458165472,1218.516508418195,0.5480963810187237,,,0.6817758173613454,3657.672554234742,0.5,,1.0,5480.963810187238,0.2439156045816546,0.1218516508418194,40003,,"[""L006"", ""R000"", ""R001"", ""R003"", ""R005"", ""R006"", ""C000""]","[""L006"", ""R000"", ""R001"", ""R002"", ""R005"", ""R006"", ""C000""]",,,3.0,,asymmetric,3041.8077643706906,157.34657673809875,,772.2292226133856,1.0,6,2088.4483428009967,157.34657673809875,2115.8614479782136,0.0,5480.963810187238,0.0,772.2292226133856,6817.758173613454,2246.029614048444,914.0560053302686,3160.085619378712,0.6817758173613454,8,1218.516508418195,1336.7943634262165,-23.548927708861356,141.82678271688303,1.1368683772161603e-13
1562.8277957292753,5.0,,3160.085619378712,2,exp5:asymmetric:r003,,3.0,,1562.8277957292753,0.0,hardening:asymmetric:r003,5,0.6817758173613454,8.0,2246.029614048444,1.0,,0.4492933731287543,7.0,,10000.000000000002,Catalog then correct,,0.0,,,,,,moderate,3657.672554234742,0.0,0.6817758173613454,,,0.6817758173613454,3657.672554234742,1.0,,4.0,6817.758173613454,0.3657672554234741,0.0,40003,,"[""L002"", ""L006"", ""L033"", ""R001"", ""R003"", ""R004"", ""R006"", ""C001""]","[""L006"", ""R000"", ""R001"", ""R002"", ""R005"", ""R006"", ""C000""]",,,3.0,,asymmetric,3160.085619378712,0.0,,914.0560053302686,1.0,3,2088.4483428009967,1405.246524481829,3160.085619378712,0.0,6817.758173613454,0.0,914.0560053302686,6817.758173613454,2246.029614048444,914.0560053302686,3160.085619378712,0.6817758173613454,8,0.0,0.0,0.0,0.0,0.0
289.83110136338667,2.0,,3160.085619378712,2,exp5:asymmetric:r003,,3.0,,289.83110136338667,0.01,hardening:asymmetric:r003,5,0.531984246255493,9.0,2378.279444164383,1.0,,0.4492933731287543,7.0,,10000.000000000002,Catalog then correct,,2088.4483428009967,,,,,,moderate,2151.487755863545,1506.1847983711973,0.5311573375242257,,,0.6817758173613454,3657.672554234742,0.0,,0.0,5311.573375242257,0.2151487755863544,0.1506184798371197,40003,,"[""L006"", ""L020"", ""L034"", ""R000"", ""R001"", ""R002"", ""R005"", ""R006"", ""C000""]","[""L006"", ""R000"", ""R001"", ""R002"", ""R005"", ""R006"", ""C000""]",,,3.0,,asymmetric,3160.085619378712,0.0,,781.8061752143286,1.0,7,2088.4483428009967,0.0,1065.5269816640596,44.92933731287543,5266.644037929381,6.110294913655832,775.6958803006728,6817.758173613454,2246.029614048444,914.0560053302686,3160.085619378712,0.6817758173613454,8,1506.1847983711973,1506.1847983711978,-132.2498301159394,132.24983011593997,1.1368683772161603e-13
338.476775694407,1.0,,3160.085619378712,2,exp5:asymmetric:r003,,3.0,,495.82335243250577,0.01,hardening:asymmetric:r003,5,0.5480963810187237,7.0,2269.578541757305,1.0,,0.4492933731287543,7.0,,10000.000000000002,Catalog then correct,,1044.2241714004983,,,,,,moderate,2430.8877423400286,1226.7848118947136,0.547108350939824,,,0.6817758173613454,3657.672554234742,0.5,,1.0,5471.083509398241,0.2430887742340028,0.1226784811894713,40003,,"[""L006"", ""R000"", ""R001"", ""R003"", ""R005"", ""R006"", ""C000""]","[""L006"", ""R000"", ""R001"", ""R002"", ""R005"", ""R006"", ""C000""]",,,3.0,,asymmetric,3040.195767058213,157.34657673809875,,770.6172253009075,1.0,6,2088.4483428009967,157.34657673809875,2109.751153064558,44.92933731287543,5426.154172085366,6.110294913655832,764.5069303872517,6817.758173613454,2246.029614048444,914.0560053302686,3160.085619378712,0.6817758173613454,8,1226.7848118947136,1346.674664215213,-23.548927708861356,143.43878002936106,3.410605131648481e-13
1562.8277957292753,5.0,,3160.085619378712,2,exp5:asymmetric:r003,,3.0,,1562.8277957292753,0.01,hardening:asymmetric:r003,5,0.6832521276669024,8.0,2246.029614048444,1.0,,0.4492933731287543,7.0,,10000.000000000002,Catalog then correct,,0.0,,,,,,moderate,3649.039781836496,8.632772398245834,0.6809125401215209,,,0.6817758173613454,3657.672554234742,1.0,,4.0,6809.1254012152085,0.3649039781836495,0.0008632772398245,40003,,"[""L002"", ""L006"", ""L033"", ""R001"", ""R003"", ""R004"", ""R006"", ""C001""]","[""L006"", ""R000"", ""R001"", ""R002"", ""R005"", ""R006"", ""C000""]",,,3.0,,asymmetric,3160.085619378712,0.0,,914.0560053302688,1.0,3,2088.4483428009967,1405.246524481829,3153.9753244650565,44.92933731287543,6764.196063902333,6.110294913655832,907.945710416613,6817.758173613454,2246.029614048444,914.0560053302686,3160.085619378712,0.6817758173613454,8,8.632772398246289,8.632772398245834,0.0,-2.2737367544323206e-13,2.2737367544323206e-13
289.83110136338667,2.0,,3160.085619378712,2,exp5:asymmetric:r003,,3.0,,289.83110136338667,0.1,hardening:asymmetric:r003,5,0.5374565010681028,9.0,2378.279444164383,1.0,,0.4492933731287543,7.0,,10000.000000000002,Catalog then correct,,2088.4483428009967,,,,,,moderate,2130.262485236116,1527.4100689986262,0.528640188274168,,,0.6817758173613454,3657.672554234742,0.0,,0.0,5286.401882741679,0.2130262485236115,0.1527410068998625,40003,,"[""L006"", ""L020"", ""L034"", ""R000"", ""R001"", ""R002"", ""R005"", ""R006"", ""C000""]","[""L006"", ""R000"", ""R001"", ""R002"", ""R005"", ""R006"", ""C000""]",,,3.0,,asymmetric,3156.1393975055635,0.0,,777.8599533411801,1.0,7,2088.4483428009967,0.0,1010.5343274411572,449.29337312875435,4837.108509612925,61.10294913655832,716.7570042046218,6817.758173613454,2246.029614048444,914.0560053302686,3160.085619378712,0.6817758173613454,8,1527.4100689986262,1531.356290871775,-132.2498301159394,136.19605198908846,3.410605131648481e-13
338.476775694407,1.0,,3160.085619378712,2,exp5:asymmetric:r003,,3.0,,495.82335243250577,0.1,hardening:asymmetric:r003,5,0.5480963810187237,7.0,2269.578541757305,1.0,,0.4492933731287543,7.0,,10000.000000000002,Catalog then correct,,1044.2241714004983,,,,,,moderate,2356.4730110513574,1301.1995431833848,0.5382160802297268,,,0.6817758173613454,3657.672554234742,0.5,,1.0,5382.160802297268,0.2356473011051357,0.1301199543183384,40003,,"[""L006"", ""R000"", ""R001"", ""R003"", ""R005"", ""R006"", ""C000""]","[""L006"", ""R000"", ""R001"", ""R002"", ""R005"", ""R006"", ""C000""]",,,3.0,,asymmetric,3025.6877912459104,157.34657673809875,,756.1092494886053,1.0,6,2088.4483428009967,157.34657673809875,2054.758498841655,449.29337312875435,4932.867429168514,61.10294913655832,695.006300352047,6817.758173613454,2246.029614048444,914.0560053302686,3160.085619378712,0.6817758173613454,8,1301.1995431833848,1435.5973713161866,-23.548927708861356,157.94675584166328,1.1368683772161603e-13
1570.993793931386,5.0,,3160.085619378712,2,exp5:asymmetric:r003,,3.0,,1570.993793931386,0.1,hardening:asymmetric:r003,5,0.6883337719049761,8.0,2254.195612250553,1.0,,0.4492933731287543,7.0,,10000.000000000002,Catalog then correct,,0.0,,,,,,moderate,3492.848738446881,164.82381578786135,0.6644297320273539,,,0.6817758173613454,3657.672554234742,1.0,,4.0,6644.297320273538,0.349284873844688,0.0164823815787861,40003,,"[""L002"", ""L006"", ""L027"", ""R001"", ""R003"", ""R004"", ""R006"", ""C001""]","[""L006"", ""R000"", ""R001"", ""R002"", ""R005"", ""R006"", ""C000""]",,,3.0,,asymmetric,3151.4485818266576,0.0,,897.2529695761039,1.0,3,2088.4483428009967,1405.246524481829,3098.9826702421537,449.29337312875435,6195.003947144784,61.10294913655832,836.1500204395455,6817.758173613454,2246.029614048444,914.0560053302686,3160.085619378712,0.6817758173613454,8,164.82381578786135,173.46085333991596,-8.165998202109222,16.80303575416474,9.094947017729282e-13
338.476775694407,1.0,,3160.085619378712,2,exp5:asymmetric:r003,,3.0,,338.476775694407,0.25,hardening:asymmetric:r003,5,0.5480963810187237,8.0,2426.925118495404,1.0,,0.4492933731287543,7.0,,10000.000000000002,Catalog then correct,,2088.4483428009967,,,,,,moderate,2075.3594128511336,1582.3131413836086,0.5233956290462314,,,0.6817758173613454,3657.672554234742,0.0,,0.0,5233.956290462314,0.2075359412851133,0.1582313141383608,40003,,"[""L006"", ""R000"", ""R001"", ""R002"", ""R003"", ""R005"", ""R006"", ""C000""]","[""L006"", ""R000"", ""R001"", ""R002"", ""R005"", ""R006"", ""C000""]",,,3.0,,asymmetric,3158.596877611181,0.0,,731.6717591157771,1.0,7,2088.4483428009967,0.0,918.8799037363196,1123.2334328218858,4110.722857640429,152.7573728413958,578.9143862743813,6817.758173613454,2246.029614048444,914.0560053302686,3160.085619378712,0.6817758173613454,8,1582.3131413836086,1583.80188315114,-180.89550444696033,182.38424621449144,-2.2737367544323206e-13
338.476775694407,1.0,,3160.085619378712,2,exp5:asymmetric:r003,,3.0,,495.82335243250577,0.25,hardening:asymmetric:r003,5,0.5480963810187237,7.0,2269.578541757305,1.0,,0.4492933731287543,7.0,,10000.000000000002,Catalog then correct,,1044.2241714004983,,,,,,moderate,2232.448458903574,1425.2240953311675,0.5233956290462314,,,0.6817758173613454,3657.672554234742,0.5,,1.0,5233.956290462314,0.2232448458903574,0.1425224095331167,40003,,"[""L006"", ""R000"", ""R001"", ""R003"", ""R005"", ""R006"", ""C000""]","[""L006"", ""R000"", ""R001"", ""R002"", ""R005"", ""R006"", ""C000""]",,,3.0,,asymmetric,3001.50783155874,157.34657673809875,,731.9292898014348,1.0,6,2088.4483428009967,157.34657673809875,1963.1040751368178,1123.2334328218858,4110.722857640429,152.7573728413958,579.171916960039,6817.758173613454,2246.029614048444,914.0560053302686,3160.085619378712,0.6817758173613454,8,1425.224095331168,1583.80188315114,-23.548927708861356,182.12671552883376,4.547473508864641e-13
1587.563328196734,5.0,,3160.085619378712,2,exp5:asymmetric:r003,,3.0,,1587.563328196734,0.25,hardening:asymmetric:r003,5,0.6974561902341522,8.0,2270.765146515901,1.0,,0.4492933731287543,7.0,,10000.000000000002,Catalog then correct,,0.0,,,,,,moderate,3214.06937530462,443.6031789301224,0.6354154859578027,,,0.6817758173613454,3657.672554234742,1.0,,4.0,6354.154859578028,0.3214069375304619,0.0443603178930122,40003,,"[""L002"", ""L006"", ""L024"", ""R001"", ""R003"", ""R004"", ""R006"", ""C001""]","[""L006"", ""R000"", ""R001"", ""R002"", ""R005"", ""R006"", ""C000""]",,,3.0,,asymmetric,3140.085484273408,0.0,,869.3203377575062,1.0,3,2088.4483428009967,1405.246524481829,3007.3282465373163,1123.2334328218858,5230.921426756142,152.7573728413958,716.5629649161103,6817.758173613454,2246.029614048444,914.0560053302686,3160.085619378712,0.6817758173613454,8,443.60317893012234,463.6033140354266,-24.735532467457233,44.735667572762395,9.094947017729282e-13
138.92443121641173,1.0,,3097.6906149428264,2,exp5:multi_hotspot:r003,,3.0,,138.92443121641173,0.0,hardening:multi_hotspot:r003,5,0.593711121921096,7.0,2273.2366125443896,1.0,,0.5502133255719991,6.0,,10000.000000000002,Catalog then correct,,2134.3121813279777,,,,,,moderate,2884.6565604683337,1187.2134683905017,0.593711121921096,,,0.7094069733452084,4071.870028858835,0.0,,0.0,5937.11121921096,0.2884656560468333,0.1187213468390501,40003,,"[""L023"", ""L029"", ""R000"", ""R006"", ""R007"", ""C001"", ""C002""]","[""L023"", ""R000"", ""R006"", ""R007"", ""C001"", ""C002""]",,,3.0,,multi_hotspot,3052.454658742626,0.0,,779.2180461982371,1.0,6,2134.3121813279777,0.0,963.3784336148487,0.0,5937.11121921096,0.0,779.2180461982371,7094.069733452085,2065.225156108603,956.974548484646,3022.1997045932494,0.7094069733452084,7,1187.2134683905015,1156.9585142411242,-208.01145643578639,177.75650228640893,-2.2737367544323206e-13
344.7493239705805,1.0,,3097.6906149428264,2,exp5:multi_hotspot:r003,,3.0,,629.8664299463761,0.0,hardening:multi_hotspot:r003,5,0.6260317379107742,6.0,2193.9443993227624,1.0,,0.5502133255719991,6.0,,10000.000000000002,Catalog then correct,,1067.1560906639888,,,,,,moderate,3248.9816901134345,822.8883387454007,0.6260317379107742,,,0.7094069733452084,4071.870028858835,0.5,,1.0,6260.317379107742,0.3248981690113434,0.08228883387454,40003,,"[""L023"", ""R000"", ""R001"", ""R006"", ""R007"", ""C001""]","[""L023"", ""R000"", ""R006"", ""R007"", ""C001"", ""C002""]",,,3.0,,multi_hotspot,3011.335688994308,285.1171059757956,,817.3912896715458,1.0,5,2134.3121813279777,285.1171059757956,2030.5345242788376,0.0,6260.317379107742,0.0,817.3912896715458,7094.069733452085,2065.225156108603,956.974548484646,3022.1997045932494,0.7094069733452084,7,822.8883387454007,833.7523543443422,-128.71924321415918,139.5832588131002,-4.547473508864641e-13
1054.571243502435,4.0,,3097.6906149428264,2,exp5:multi_hotspot:r003,,3.0,,1054.571243502435,0.0,hardening:multi_hotspot:r003,5,0.7094069733452084,7.0,2065.225156108603,1.0,,0.5502133255719991,6.0,,10000.000000000002,Catalog then correct,,0.0,,,,,,moderate,4071.870028858835,0.0,0.7094069733452084,,,0.7094069733452084,4071.870028858835,1.0,,3.0,7094.069733452085,0.4071870028858834,0.0,40003,,"[""L023"", ""L029"", ""R001"", ""R003"", ""R004"", ""R007"", ""C001""]","[""L023"", ""R000"", ""R006"", ""R007"", ""C001"", ""C002""]",,,3.0,,multi_hotspot,3022.1997045932494,0.0,,956.974548484646,1.0,3,2134.3121813279777,1123.6582687218097,3097.6906149428264,0.0,7094.069733452085,0.0,956.974548484646,7094.069733452085,2065.225156108603,956.974548484646,3022.1997045932494,0.7094069733452084,7,0.0,0.0,0.0,0.0,0.0
138.92443121641173,1.0,,3097.6906149428264,2,exp5:multi_hotspot:r003,,3.0,,138.92443121641173,0.01,hardening:multi_hotspot:r003,5,0.593711121921096,7.0,2273.2366125443896,1.0,,0.5502133255719991,6.0,,10000.000000000002,Catalog then correct,,2134.3121813279777,,,,,,moderate,2881.0781616991167,1190.7918671597183,0.5932761439576051,,,0.7094069733452084,4071.870028858835,0.0,,0.0,5932.761439576049,0.2881078161699116,0.1190791867159718,40003,,"[""L023"", ""L029"", ""R000"", ""R006"", ""R007"", ""C001"", ""C002""]","[""L023"", ""R000"", ""R006"", ""R007"", ""C001"", ""C002""]",,,3.0,,multi_hotspot,3051.6832778769326,0.0,,778.446665332543,1.0,6,2134.3121813279777,0.0,956.3576340185602,55.021332557199905,5877.74010701885,7.020799596288546,771.4258657362545,7094.069733452085,2065.225156108603,956.974548484646,3022.1997045932494,0.7094069733452084,7,1190.7918671597185,1161.3082938760353,-208.01145643578639,178.52788315210296,-2.2737367544323206e-13
344.7493239705805,1.0,,3097.6906149428264,2,exp5:multi_hotspot:r003,,3.0,,629.8664299463761,0.01,hardening:multi_hotspot:r003,5,0.6260317379107742,6.0,2193.9443993227624,1.0,,0.5502133255719991,6.0,,10000.000000000002,Catalog then correct,,1067.1560906639888,,,,,,moderate,3242.552962179982,829.3170666788533,0.6252735537873865,,,0.7094069733452084,4071.870028858835,0.5,,1.0,6252.735537873863,0.3242552962179981,0.0829317066678853,40003,,"[""L023"", ""R000"", ""R001"", ""R006"", ""R007"", ""C001""]","[""L023"", ""R000"", ""R006"", ""R007"", ""C001"", ""C002""]",,,3.0,,multi_hotspot,3010.182575693881,285.1171059757956,,816.2381763711187,1.0,5,2134.3121813279777,285.1171059757956,2023.513724682549,55.021332557199905,6197.7142053166635,7.020799596288546,809.2173767748302,7094.069733452085,2065.225156108603,956.974548484646,3022.1997045932494,0.7094069733452084,7,829.3170666788533,841.3341955782216,-128.71924321415918,140.7363721135273,-2.2737367544323206e-13
1054.571243502435,4.0,,3097.6906149428264,2,exp5:multi_hotspot:r003,,3.0,,1054.571243502435,0.01,hardening:multi_hotspot:r003,5,0.7094069733452084,7.0,2065.225156108603,1.0,,0.5502133255719991,6.0,,10000.000000000002,Catalog then correct,,0.0,,,,,,moderate,4058.499609970071,13.37041888876456,0.7078150368674764,,,0.7094069733452084,4071.870028858835,1.0,,3.0,7078.150368674762,0.405849960997007,0.0013370418888764,40003,,"[""L023"", ""L029"", ""R001"", ""R003"", ""R004"", ""R007"", ""C001""]","[""L023"", ""R000"", ""R006"", ""R007"", ""C001"", ""C002""]",,,3.0,,multi_hotspot,3019.6507587046917,0.0,,954.425602596088,1.0,3,2134.3121813279777,1123.6582687218097,3090.6698153465377,55.021332557199905,7023.1290361175625,7.020799596288546,947.4048029997995,7094.069733452085,2065.225156108603,956.974548484646,3022.1997045932494,0.7094069733452084,7,13.370418888764107,15.919364777322699,0.0,2.5489458885580234,-5.684341886080801e-13
138.92443121641173,1.0,,3097.6906149428264,2,exp5:multi_hotspot:r003,,3.0,,138.92443121641173,0.1,hardening:multi_hotspot:r003,5,0.593711121921096,7.0,2273.2366125443896,1.0,,0.5502133255719991,6.0,,10000.000000000002,Catalog then correct,,2134.3121813279777,,,,,,moderate,2848.872572776176,1222.9974560826597,0.5893613422861863,,,0.7094069733452084,4071.870028858835,0.0,,0.0,5893.613422861864,0.2848872572776175,0.1222997456082659,40003,,"[""L023"", ""L029"", ""R000"", ""R006"", ""R007"", ""C001"", ""C002""]","[""L023"", ""R000"", ""R006"", ""R007"", ""C001"", ""C002""]",,,3.0,,multi_hotspot,3044.740850085688,0.0,,771.5042375412988,1.0,6,2134.3121813279777,0.0,893.1704376519633,550.213325571999,5343.400097289865,70.20799596288546,701.2962415784134,7094.069733452085,2065.225156108603,956.974548484646,3022.1997045932494,0.7094069733452084,7,1222.997456082659,1200.4563105902207,-208.01145643578639,185.47031094334716,-9.094947017729282e-13
344.7493239705805,1.0,,3097.6906149428264,2,exp5:multi_hotspot:r003,,3.0,,629.8664299463761,0.1,hardening:multi_hotspot:r003,5,0.6260317379107742,6.0,2193.9443993227624,1.0,,0.5502133255719991,6.0,,10000.000000000002,Catalog then correct,,1067.1560906639888,,,,,,moderate,3184.694410778928,887.175618079907,0.6184498966768966,,,0.7094069733452084,4071.870028858835,0.5,,1.0,6184.498966768967,0.3184694410778927,0.0887175618079906,40003,,"[""L023"", ""R000"", ""R001"", ""R006"", ""R007"", ""C001""]","[""L023"", ""R000"", ""R006"", ""R007"", ""C001"", ""C002""]",,,3.0,,multi_hotspot,2999.804555990039,285.1171059757956,,805.8601566672766,1.0,5,2134.3121813279777,285.1171059757956,1960.3265283159521,550.213325571999,5634.285641196968,70.20799596288546,735.6521607043911,7094.069733452085,2065.225156108603,956.974548484646,3022.1997045932494,0.7094069733452084,7,887.175618079907,909.5707666831177,-128.71924321415918,151.11439181736944,-3.410605131648481e-13
1054.571243502435,4.0,,3097.6906149428264,2,exp5:multi_hotspot:r003,,3.0,,1054.571243502435,0.1,hardening:multi_hotspot:r003,5,0.7094069733452084,7.0,2065.225156108603,1.0,,0.5502133255719991,6.0,,10000.000000000002,Catalog then correct,,0.0,,,,,,moderate,3938.165839971205,133.70418888763015,0.6934876085678875,,,0.7094069733452084,4071.870028858835,1.0,,3.0,6934.876085678875,0.3938165839971204,0.013370418888763,40003,,"[""L023"", ""L029"", ""R001"", ""R003"", ""R004"", ""R007"", ""C001""]","[""L023"", ""R000"", ""R006"", ""R007"", ""C001"", ""C002""]",,,3.0,,multi_hotspot,2996.71024570767,0.0,,931.4850895990668,1.0,3,2134.3121813279777,1123.6582687218097,3027.482618979941,550.213325571999,6384.662760106876,70.20799596288546,861.2770936361813,7094.069733452085,2065.225156108603,956.974548484646,3022.1997045932494,0.7094069733452084,7,133.70418888763015,159.1936477732097,0.0,25.48945888557921,-3.410605131648481e-13
138.92443121641173,1.0,,3097.6906149428264,2,exp5:multi_hotspot:r003,,3.0,,138.92443121641173,0.25,hardening:multi_hotspot:r003,5,0.593711121921096,7.0,2273.2366125443896,1.0,,0.5502133255719991,6.0,,10000.000000000002,Catalog then correct,,2134.3121813279777,,,,,,moderate,2795.1965912379364,1276.6734376208988,0.5828366728338218,,,0.7094069733452084,4071.870028858835,0.0,,0.0,5828.366728338217,0.2795196591237936,0.1276673437620898,40003,,"[""L023"", ""L029"", ""R000"", ""R006"", ""R007"", ""C001"", ""C002""]","[""L023"", ""R000"", ""R006"", ""R007"", ""C001"", ""C002""]",,,3.0,,multi_hotspot,3033.170137100281,0.0,,759.9335245558914,1.0,6,2134.3121813279777,0.0,787.8584437076352,1375.5333139299976,4452.83341440822,175.51998990721364,584.4135346486778,7094.069733452085,2065.225156108603,956.974548484646,3022.1997045932494,0.7094069733452084,7,1276.6734376208988,1265.7030051138672,-208.01145643578639,197.0410239287546,-2.2737367544323206e-13
344.7493239705805,1.0,,3097.6906149428264,2,exp5:multi_hotspot:r003,,3.0,,629.8664299463761,0.25,hardening:multi_hotspot:r003,5,0.6260317379107742,6.0,2193.9443993227624,1.0,,0.5502133255719991,6.0,,10000.000000000002,Catalog then correct,,1067.1560906639888,,,,,,moderate,3088.263491777169,983.6065370816664,0.6070771348260804,,,0.7094069733452084,4071.870028858835,0.5,,1.0,6070.771348260804,0.3088263491777168,0.0983606537081666,40003,,"[""L023"", ""R000"", ""R001"", ""R006"", ""R007"", ""C001""]","[""L023"", ""R000"", ""R006"", ""R007"", ""C001"", ""C002""]",,,3.0,,multi_hotspot,2982.507856483636,285.1171059757956,,788.563457160873,1.0,5,2134.3121813279777,285.1171059757956,1855.014534371624,1375.5333139299976,4695.238034330807,175.51998990721364,613.0434672536594,7094.069733452085,2065.225156108603,956.974548484646,3022.1997045932494,0.7094069733452084,7,983.6065370816664,1023.2983851912804,-128.71924321415918,168.411091323773,-2.2737367544323206e-13
1027.3672494883951,4.0,,3097.6906149428264,2,exp5:multi_hotspot:r003,,3.0,,1027.3672494883951,0.25,hardening:multi_hotspot:r003,5,0.7334721496575268,7.0,2170.820618985178,1.0,,0.5502133255719991,6.0,,10000.000000000002,Catalog then correct,,0.0,,,,,,moderate,3782.29173726666,289.578291592175,0.6876574436361449,,,0.7094069733452084,4071.870028858835,1.0,,3.0,6876.574436361448,0.378229173726666,0.0289578291592174,40003,,"[""L029"", ""R001"", ""R004"", ""R005"", ""R006"", ""R007"", ""C001""]","[""L023"", ""R000"", ""R006"", ""R007"", ""C001"", ""C002""]",,,3.0,,multi_hotspot,3094.2826990947874,0.0,,923.4620801096094,1.0,3,2134.3121813279777,990.8588118311945,2922.170625035613,1375.5333139299976,5501.04112243145,175.51998990721364,747.9420902023958,7094.069733452085,2065.225156108603,956.974548484646,3022.1997045932494,0.7094069733452084,7,289.578291592175,217.495297090637,-105.59546287657486,33.51246837503663,-2.2737367544323206e-13
0.0,0.0,,3124.359200707915,2,exp5:regular:r003,,3.0,,0.0,0.0,hardening:regular:r003,5,0.6217417855195199,6.0,2213.059267741424,1.0,,0.6217417855195199,6.0,,10000.0,Catalog then correct,,2213.059267741424,,,,,,moderate,3253.1397609931487,1124.9069003537393,0.6217417855195199,,,0.7494754662484951,4378.046661346888,0.0,,0.0,6217.417855195199,0.3253139760993149,0.1124906900353739,40003,,"[""R000"", ""R002"", ""R003"", ""R006"", ""C000"", ""C001""]","[""R000"", ""R002"", ""R003"", ""R006"", ""C000"", ""C001""]",,,3.0,,regular,2964.2780942020504,0.0,,751.2188264606265,1.0,6,2213.059267741424,0.0,911.2999329664913,0.0,6217.417855195199,0.0,751.2188264606265,7494.754662484952,2150.501383292649,966.2066178454154,3116.708001138064,0.7494754662484951,7,1124.9069003537393,1277.3368072897529,-62.557884448774985,214.98779138478892,3.410605131648481e-13
273.74233205932603,2.0,,3124.359200707915,2,exp5:regular:r003,,3.0,,537.3779653028661,0.0,hardening:regular:r003,5,0.6934412756611953,7.0,2223.1659665572097,1.0,,0.6217417855195199,6.0,,10000.0,Catalog then correct,,1106.529633870712,,,,,,moderate,3810.053555904039,567.9931054428489,0.6934412756611953,,,0.7494754662484951,4378.046661346888,0.5,,1.0,6934.412756611954,0.3810053555904039,0.0567993105442848,40003,,"[""L002"", ""L025"", ""R000"", ""R002"", ""R003"", ""R006"", ""C001""]","[""R000"", ""R002"", ""R003"", ""R006"", ""C000"", ""C001""]",,,3.0,,regular,3124.359200707915,263.63563324354004,,901.1932341507052,1.0,5,2213.059267741424,263.63563324354004,2017.8295668372032,0.0,6934.412756611954,0.0,901.1932341507052,7494.754662484952,2150.501383292649,966.2066178454154,3116.708001138064,0.7494754662484951,7,567.9931054428489,560.3419058729978,-72.66458326456086,65.01338369471023,4.547473508864641e-13
464.7133820383053,2.0,,3124.359200707915,2,exp5:regular:r003,,3.0,,464.7133820383053,0.0,hardening:regular:r003,5,0.7494754662484951,7.0,2150.501383292649,1.0,,0.6217417855195199,6.0,,10000.0,Catalog then correct,,0.0,,,,,,moderate,4378.046661346888,0.0,0.7494754662484951,,,0.7494754662484951,4378.046661346888,1.0,,1.0,7494.754662484952,0.4378046661346887,0.0,40003,,"[""L002"", ""R000"", ""R002"", ""R003"", ""R006"", ""R007"", ""C001""]","[""R000"", ""R002"", ""R003"", ""R006"", ""C000"", ""C001""]",,,3.0,,regular,3116.708001138064,0.0,,966.2066178454154,1.0,5,2213.059267741424,527.2712664870801,3124.359200707915,0.0,7494.754662484952,0.0,966.2066178454154,7494.754662484952,2150.501383292649,966.2066178454154,3116.708001138064,0.7494754662484951,7,0.0,0.0,0.0,0.0,0.0
0.0,0.0,,3124.359200707915,2,exp5:regular:r003,,3.0,,0.0,0.01,hardening:regular:r003,5,0.6217417855195199,6.0,2213.059267741424,1.0,,0.6217417855195199,6.0,,10000.0,Catalog then correct,,2213.059267741424,,,,,,moderate,3253.139760993148,1124.9069003537402,0.6217417855195199,,,0.7494754662484951,4378.046661346888,0.0,,0.0,6217.417855195198,0.3253139760993148,0.112490690035374,40003,,"[""R000"", ""R002"", ""R003"", ""R006"", ""C000"", ""C001""]","[""R000"", ""R002"", ""R003"", ""R006"", ""C000"", ""C001""]",,,3.0,,regular,2964.2780942020504,0.0,,751.2188264606265,1.0,6,2213.059267741424,0.0,903.787744701885,62.17417855195199,6155.2436766432465,7.512188264606265,743.7066381960202,7494.754662484952,2150.501383292649,966.2066178454154,3116.708001138064,0.7494754662484951,7,1124.9069003537402,1277.3368072897538,-62.557884448774985,214.98779138478892,3.410605131648481e-13
273.74233205932603,2.0,,3124.359200707915,2,exp5:regular:r003,,3.0,,537.3779653028661,0.01,hardening:regular:r003,5,0.6940863598419115,7.0,2223.1659665572097,1.0,,0.6217417855195199,6.0,,10000.0,Catalog then correct,,1106.529633870712,,,,,,moderate,3809.26994027896,568.7767210679276,0.6933629140986876,,,0.7494754662484951,4378.046661346888,0.5,,1.0,6933.629140986875,0.380926994027896,0.0568776721067927,40003,,"[""L002"", ""L025"", ""R000"", ""R002"", ""R003"", ""R006"", ""C001""]","[""R000"", ""R002"", ""R003"", ""R006"", ""C000"", ""C001""]",,,3.0,,regular,3124.359200707915,263.63563324354004,,901.1932341507052,1.0,5,2213.059267741424,263.63563324354004,2010.317378572597,62.17417855195199,6871.454962434924,7.512188264606265,893.6810458860989,7494.754662484952,2150.501383292649,966.2066178454154,3116.708001138064,0.7494754662484951,7,568.7767210679281,561.1255214980765,-72.66458326456086,65.01338369471023,9.094947017729282e-13
464.7133820383053,2.0,,3124.359200707915,2,exp5:regular:r003,,3.0,,464.7133820383053,0.01,hardening:regular:r003,5,0.7494754662484951,7.0,2150.501383292649,1.0,,0.6217417855195199,6.0,,10000.0,Catalog then correct,,0.0,,,,,,moderate,4367.423171187837,10.62349015905056,0.7481981294412055,,,0.7494754662484951,4378.046661346888,1.0,,1.0,7481.981294412054,0.4367423171187837,0.001062349015905,40003,,"[""L002"", ""R000"", ""R002"", ""R003"", ""R006"", ""R007"", ""C001""]","[""R000"", ""R002"", ""R003"", ""R006"", ""C000"", ""C001""]",,,3.0,,regular,3114.5581232242166,0.0,,964.0567399315676,1.0,5,2213.059267741424,527.2712664870801,3116.847012443309,62.17417855195199,7419.807115860102,7.512188264606265,956.5445516669613,7494.754662484952,2150.501383292649,966.2066178454154,3116.708001138064,0.7494754662484951,7,10.623490159050561,12.773368072897938,0.0,2.1498779138478312,4.547473508864641e-13
0.0,0.0,,3124.359200707915,2,exp5:regular:r003,,3.0,,0.0,0.1,hardening:regular:r003,5,0.6217417855195199,6.0,2213.059267741424,1.0,,0.6217417855195199,6.0,,10000.0,Catalog then correct,,2213.059267741424,,,,,,moderate,3253.1397609931487,1124.9069003537393,0.6217417855195199,,,0.7494754662484951,4378.046661346888,0.0,,0.0,6217.417855195199,0.3253139760993149,0.1124906900353739,40003,,"[""R000"", ""R002"", ""R003"", ""R006"", ""C000"", ""C001""]","[""R000"", ""R002"", ""R003"", ""R006"", ""C000"", ""C001""]",,,3.0,,regular,2964.2780942020504,0.0,,751.2188264606266,1.0,6,2213.059267741424,0.0,836.1780503204286,621.7417855195199,5595.676069675679,75.12188264606264,676.0969438145639,7494.754662484952,2150.501383292649,966.2066178454154,3116.708001138064,0.7494754662484951,7,1124.9069003537393,1277.3368072897529,-62.557884448774985,214.9877913847888,2.2737367544323206e-13
273.74233205932603,2.0,,3124.359200707915,2,exp5:regular:r003,,3.0,,537.3779653028661,0.1,hardening:regular:r003,5,0.6963334719102999,7.0,2223.1659665572097,1.0,,0.6217417855195199,6.0,,10000.0,Catalog then correct,,1106.529633870712,,,,,,moderate,3773.2685339972327,604.7781273496553,0.6888743032712219,,,0.7494754662484951,4378.046661346888,0.5,,1.0,6888.743032712219,0.3773268533997232,0.0604778127349655,40003,,"[""L002"", ""L025"", ""R000"", ""R002"", ""R003"", ""R006"", ""C001""]","[""R000"", ""R002"", ""R003"", ""R006"", ""C000"", ""C001""]",,,3.0,,regular,3115.4744987149866,263.63563324354004,,892.3085321577768,1.0,5,2213.059267741424,263.63563324354004,1942.7076841911405,621.7417855195199,6267.001247192699,75.12188264606264,817.1866495117141,7494.754662484952,2150.501383292649,966.2066178454154,3116.708001138064,0.7494754662484951,7,604.7781273496553,606.0116297727327,-72.66458326456086,73.89808568763863,3.410605131648481e-13
464.7133820383053,2.0,,3124.359200707915,2,exp5:regular:r003,,3.0,,464.7133820383053,0.1,hardening:regular:r003,5,0.7494754662484951,7.0,2150.501383292649,1.0,,0.6217417855195199,6.0,,10000.0,Catalog then correct,,0.0,,,,,,moderate,4271.811759756391,106.23490159049652,0.7367020981755976,,,0.7494754662484951,4378.046661346888,1.0,,1.0,7367.020981755977,0.4271811759756391,0.0106234901590496,40003,,"[""L002"", ""R000"", ""R002"", ""R003"", ""R006"", ""R007"", ""C001""]","[""R000"", ""R002"", ""R003"", ""R006"", ""C000"", ""C001""]",,,3.0,,regular,3095.2092219995857,0.0,,944.7078387069366,1.0,5,2213.059267741424,527.2712664870801,3049.2373180618524,621.7417855195199,6745.279196236457,75.12188264606264,869.585956060874,7494.754662484952,2150.501383292649,966.2066178454154,3116.708001138064,0.7494754662484951,7,106.23490159049652,127.73368072897483,0.0,21.498779138478767,4.547473508864641e-13
0.0,0.0,,3124.359200707915,2,exp5:regular:r003,,3.0,,0.0,0.25,hardening:regular:r003,5,0.6217417855195199,6.0,2213.059267741424,1.0,,0.6217417855195199,6.0,,10000.0,Catalog then correct,,2213.059267741424,,,,,,moderate,3253.1397609931487,1124.9069003537393,0.6217417855195199,,,0.7494754662484951,4378.046661346888,0.0,,0.0,6217.417855195199,0.3253139760993149,0.1124906900353739,40003,,"[""R000"", ""R002"", ""R003"", ""R006"", ""C000"", ""C001""]","[""R000"", ""R002"", ""R003"", ""R006"", ""C000"", ""C001""]",,,3.0,,regular,2964.2780942020504,0.0,,751.2188264606266,1.0,6,2213.059267741424,0.0,723.4952263513346,1554.3544637987998,4663.063391396399,187.80470661515662,563.4141198454699,7494.754662484952,2150.501383292649,966.2066178454154,3116.708001138064,0.7494754662484951,7,1124.9069003537393,1277.3368072897529,-62.557884448774985,214.9877913847888,2.2737367544323206e-13
296.28651747043625,2.0,,3124.359200707915,2,exp5:regular:r003,,3.0,,559.9221507139763,0.25,hardening:regular:r003,5,0.7011512510386588,7.0,2245.71015196832,1.0,,0.6217417855195199,6.0,,10000.0,Catalog then correct,,1106.529633870712,,,,,,moderate,3688.6296458808265,689.4170154660615,0.6812988846588741,,,0.7494754662484951,4378.046661346888,0.5,,1.0,6812.988846588742,0.3688629645880826,0.0689417015466061,40003,,"[""L002"", ""L003"", ""R000"", ""R002"", ""R003"", ""R006"", ""C001""]","[""R000"", ""R002"", ""R003"", ""R006"", ""C000"", ""C001""]",,,3.0,,regular,3124.359200707915,263.63563324354004,,878.6490487395952,1.0,5,2213.059267741424,263.63563324354004,1830.0248602220465,1554.3544637987998,5258.634382789942,187.80470661515662,690.8443421244385,7494.754662484952,2150.501383292649,966.2066178454154,3116.708001138064,0.7494754662484951,7,689.4170154660615,681.7658158962104,-95.20876867567131,87.55756910582022,0.0
464.7133820383053,2.0,,3124.359200707915,2,exp5:regular:r003,,3.0,,464.7133820383053,0.25,hardening:regular:r003,5,0.7494754662484951,7.0,2150.501383292649,1.0,,0.6217417855195199,6.0,,10000.0,Catalog then correct,,0.0,,,,,,moderate,4112.459407370647,265.5872539762413,0.7175420460662513,,,0.7494754662484951,4378.046661346888,1.0,,1.0,7175.4204606625135,0.4112459407370646,0.0265587253976241,40003,,"[""L002"", ""R000"", ""R002"", ""R003"", ""R006"", ""R007"", ""C001""]","[""R000"", ""R002"", ""R003"", ""R006"", ""C000"", ""C001""]",,,3.0,,regular,3062.961053291867,0.0,,912.4596699992182,1.0,5,2213.059267741424,527.2712664870801,2936.5544940927584,1554.3544637987998,5621.065996863714,187.80470661515662,724.6549633840616,7494.754662484952,2150.501383292649,966.2066178454154,3116.708001138064,0.7494754662484951,7,265.5872539762413,319.33420182243844,0.0,53.746947846197145,0.0
280.1868006325166,1.0,,3189.1083616392616,2,exp5:asymmetric:r004,,3.0,,280.1868006325166,0.0,hardening:asymmetric:r004,5,0.588158193838944,7.0,2375.02460317086,1.0,,0.4962818746712377,6.0,,9999.999999999998,Catalog then correct,,2094.837802538344,,,,,,moderate,2721.601808411331,1130.352161340225,0.588158193838944,,,0.6927715025048842,3851.953969751556,0.0,,0.0,5881.58193838944,0.2721601808411331,0.1130352161340225,40004,,"[""L009"", ""R000"", ""R003"", ""R006"", ""R008"", ""C000"", ""C001""]","[""L009"", ""R000"", ""R003"", ""R008"", ""C000"", ""C001""]",,,3.0,,asymmetric,3159.9801299781093,0.0,,784.9555268072493,1.0,6,2094.837802538344,0.0,1094.2705591009176,0.0,5881.58193838944,0.0,784.9555268072493,6927.715025048841,2117.1375911946925,958.6234641025926,3075.761055297285,0.6927715025048842,7,1130.352161340225,1046.1330866594008,-257.8870119761673,173.66793729534334,2.2737367544323206e-13
570.122109068029,2.0,,3189.1083616392616,2,exp5:asymmetric:r004,,3.0,,997.3262674119336,0.0,hardening:asymmetric:r004,5,0.6052766001035818,6.0,2237.755753262468,1.0,,0.4962818746712377,6.0,,9999.999999999998,Catalog then correct,,1047.4189012691718,,,,,,moderate,2987.296380537624,864.6575892139322,0.6052766001035818,,,0.6927715025048842,3851.953969751556,0.5,,2.0,6052.766001035818,0.2987296380537624,0.0864657589213932,40004,,"[""L009"", ""R000"", ""R003"", ""R006"", ""R007"", ""C001""]","[""L009"", ""R000"", ""R003"", ""R008"", ""C000"", ""C001""]",,,3.0,,asymmetric,3065.4696204981938,427.2041583439048,,827.7138672357257,1.0,4,2094.837802538344,427.20415834390474,2141.6894603700894,0.0,6052.766001035818,0.0,827.7138672357257,6927.715025048841,2117.1375911946925,958.6234641025926,3075.761055297285,0.6927715025048842,7,864.6575892139322,874.9490240130235,-120.6181620677753,130.90959686686688,2.2737367544323206e-13
876.708105344158,3.0,,3189.1083616392616,2,exp5:asymmetric:r004,,3.0,,876.708105344158,0.0,hardening:asymmetric:r004,5,0.6927715025048842,7.0,2117.1375911946925,1.0,,0.4962818746712377,6.0,,9999.999999999998,Catalog then correct,,0.0,,,,,,moderate,3851.953969751556,0.0,0.6927715025048842,,,0.6927715025048842,3851.953969751556,1.0,,2.0,6927.715025048841,0.3851953969751557,0.0,40004,,"[""L009"", ""R000"", ""R003"", ""R005"", ""R006"", ""R007"", ""C001""]","[""L009"", ""R000"", ""R003"", ""R008"", ""C000"", ""C001""]",,,3.0,,asymmetric,3075.761055297285,0.0,,958.6234641025926,1.0,4,2094.837802538344,854.4083166878095,3189.1083616392616,0.0,6927.715025048841,0.0,958.6234641025926,6927.715025048841,2117.1375911946925,958.6234641025926,3075.761055297285,0.6927715025048842,7,0.0,0.0,0.0,0.0,0.0
280.1868006325166,1.0,,3189.1083616392616,2,exp5:asymmetric:r004,,3.0,,280.1868006325166,0.01,hardening:asymmetric:r004,5,0.588158193838944,7.0,2375.02460317086,1.0,,0.4962818746712377,6.0,,9999.999999999998,Catalog then correct,,2094.837802538344,,,,,,moderate,2713.6829375745774,1138.271032176979,0.5872394306472669,,,0.6927715025048842,3851.953969751556,0.0,,0.0,5872.394306472669,0.2713682937574578,0.1138271032176978,40004,,"[""L009"", ""R000"", ""R003"", ""R006"", ""R008"", ""C000"", ""C001""]","[""L009"", ""R000"", ""R003"", ""R008"", ""C000"", ""C001""]",,,3.0,,asymmetric,3158.711368898092,0.0,,783.6867657272312,1.0,6,2094.837802538344,0.0,1087.6897649128632,49.62818746712378,5822.766119005545,6.58079418805432,777.1059715391768,6927.715025048841,2117.1375911946925,958.6234641025926,3075.761055297285,0.6927715025048842,7,1138.2710321769787,1055.320718576172,-257.8870119761673,174.9366983753614,6.821210263296962e-13
570.122109068029,2.0,,3189.1083616392616,2,exp5:asymmetric:r004,,3.0,,997.3262674119336,0.01,hardening:asymmetric:r004,5,0.6052766001035818,6.0,2237.755753262468,1.0,,0.4962818746712377,6.0,,9999.999999999998,Catalog then correct,,1047.4189012691718,,,,,,moderate,2978.093252478692,873.8607172728639,0.6041866528492583,,,0.6927715025048842,3851.953969751556,0.5,,2.0,6041.866528492583,0.2978093252478693,0.0873860717272864,40004,,"[""L009"", ""R000"", ""R003"", ""R006"", ""R007"", ""C001""]","[""L009"", ""R000"", ""R003"", ""R008"", ""C000"", ""C001""]",,,3.0,,asymmetric,3063.7732760138906,427.2041583439048,,826.0175227514228,1.0,4,2094.837802538344,427.20415834390474,2135.108666182035,49.62818746712378,5992.238341025459,6.58079418805432,819.4367285633684,6927.715025048841,2117.1375911946925,958.6234641025926,3075.761055297285,0.6927715025048842,7,873.8607172728639,885.8484965562584,-120.6181620677753,132.6059413511698,0.0
876.708105344158,3.0,,3189.1083616392616,2,exp5:asymmetric:r004,,3.0,,876.708105344158,0.01,hardening:asymmetric:r004,5,0.6927715025048842,7.0,2117.1375911946925,1.0,,0.4962818746712377,6.0,,9999.999999999998,Catalog then correct,,0.0,,,,,,moderate,3835.310447421162,16.643522330393807,0.6908066062265477,,,0.6927715025048842,3851.953969751556,1.0,,2.0,6908.066062265476,0.3835310447421163,0.0016643522330393,40004,,"[""L009"", ""R000"", ""R003"", ""R005"", ""R006"", ""R007"", ""C001""]","[""L009"", ""R000"", ""R003"", ""R008"", ""C000"", ""C001""]",,,3.0,,asymmetric,3072.7556148443136,0.0,,955.6180236496213,1.0,4,2094.837802538344,854.4083166878095,3182.5275674512072,49.62818746712378,6858.437874798352,6.58079418805432,949.0372294615669,6927.715025048841,2117.1375911946925,958.6234641025926,3075.761055297285,0.6927715025048842,7,16.643522330394262,19.648962783365278,0.0,3.0054404529713565,3.410605131648481e-13
280.1868006325166,1.0,,3189.1083616392616,2,exp5:asymmetric:r004,,3.0,,280.1868006325166,0.1,hardening:asymmetric:r004,5,0.588158193838944,7.0,2375.02460317086,1.0,,0.4962818746712377,6.0,,9999.999999999998,Catalog then correct,,2094.837802538344,,,,,,moderate,2642.4131000438056,1209.5408697077503,0.5789705619221734,,,0.6927715025048842,3851.953969751556,0.0,,0.0,5789.705619221733,0.2642413100043806,0.120954086970775,40004,,"[""L009"", ""R000"", ""R003"", ""R006"", ""R008"", ""C000"", ""C001""]","[""L009"", ""R000"", ""R003"", ""R008"", ""C000"", ""C001""]",,,3.0,,asymmetric,3147.292519177928,0.0,,772.2679160070676,1.0,6,2094.837802538344,0.0,1028.4626172203743,496.2818746712378,5293.423744550495,65.8079418805432,706.4599741265243,6927.715025048841,2117.1375911946925,958.6234641025926,3075.761055297285,0.6927715025048842,7,1209.5408697077505,1138.009405827108,-257.8870119761673,186.35554809552502,3.410605131648481e-13
570.122109068029,2.0,,3189.1083616392616,2,exp5:asymmetric:r004,,3.0,,997.3262674119336,0.1,hardening:asymmetric:r004,5,0.6052766001035818,6.0,2237.755753262468,1.0,,0.4962818746712377,6.0,,9999.999999999998,Catalog then correct,,1047.4189012691718,,,,,,moderate,2895.2650999483103,956.6888698032458,0.5943771275603473,,,0.6927715025048842,3851.953969751556,0.5,,2.0,5943.771275603474,0.2895265099948311,0.0956688869803246,40004,,"[""L009"", ""R000"", ""R003"", ""R006"", ""R007"", ""C001""]","[""L009"", ""R000"", ""R003"", ""R008"", ""C000"", ""C001""]",,,3.0,,asymmetric,3048.506175655164,427.2041583439048,,810.7504223926965,1.0,4,2094.837802538344,427.20415834390474,2075.881518489546,496.2818746712378,5447.489400932236,65.8079418805432,744.9424805121532,6927.715025048841,2117.1375911946925,958.6234641025926,3075.761055297285,0.6927715025048842,7,956.6888698032458,983.9437494453668,-120.6181620677753,147.87304170989614,-2.2737367544323206e-13
876.708105344158,3.0,,3189.1083616392616,2,exp5:asymmetric:r004,,3.0,,876.708105344158,0.1,hardening:asymmetric:r004,5,0.6927715025048842,7.0,2117.1375911946925,1.0,,0.4962818746712377,6.0,,9999.999999999998,Catalog then correct,,0.0,,,,,,moderate,3685.518746447626,166.43522330392943,0.6731225397215195,,,0.6927715025048842,3851.953969751556,1.0,,2.0,6731.225397215196,0.3685518746447627,0.0166435223303929,40004,,"[""L009"", ""R000"", ""R003"", ""R005"", ""R006"", ""R007"", ""C001""]","[""L009"", ""R000"", ""R003"", ""R008"", ""C000"", ""C001""]",,,3.0,,asymmetric,3045.706650767569,0.0,,928.5690595728768,1.0,4,2094.837802538344,854.4083166878095,3123.3004197587184,496.2818746712378,6234.943522543957,65.8079418805432,862.7611176923335,6927.715025048841,2117.1375911946925,958.6234641025926,3075.761055297285,0.6927715025048842,7,166.4352233039299,196.4896278336455,0.0,30.05440452971584,2.2737367544323206e-13
280.1868006325166,1.0,,3189.1083616392616,2,exp5:asymmetric:r004,,3.0,,280.1868006325166,0.25,hardening:asymmetric:r004,5,0.588158193838944,7.0,2375.02460317086,1.0,,0.4962818746712377,6.0,,9999.999999999998,Catalog then correct,,2094.837802538344,,,,,,moderate,2523.6300374925186,1328.3239322590375,0.5651891140470174,,,0.6927715025048842,3851.953969751556,0.0,,0.0,5651.891140470174,0.2523630037492519,0.1328323932259038,40004,,"[""L009"", ""R000"", ""R003"", ""R006"", ""R008"", ""C000"", ""C001""]","[""L009"", ""R000"", ""R003"", ""R008"", ""C000"", ""C001""]",,,3.0,,asymmetric,3128.261102977656,0.0,,753.236499806795,1.0,6,2094.837802538344,0.0,929.7507043995596,1240.7046866780945,4411.186453792079,164.51985470135799,588.716645105437,6927.715025048841,2117.1375911946925,958.6234641025926,3075.761055297285,0.6927715025048842,7,1328.3239322590375,1275.8238845786673,-257.8870119761673,205.3869642957976,5.684341886080801e-13
570.122109068029,2.0,,3189.1083616392616,2,exp5:asymmetric:r004,,3.0,,997.3262674119336,0.25,hardening:asymmetric:r004,5,0.6052766001035818,6.0,2237.755753262468,1.0,,0.4962818746712377,6.0,,9999.999999999998,Catalog then correct,,1047.4189012691718,,,,,,moderate,2757.2181790643385,1094.7357906872176,0.5780279187454958,,,0.6927715025048842,3851.953969751556,0.5,,2.0,5780.279187454958,0.2757218179064339,0.1094735790687217,40004,,"[""L009"", ""R000"", ""R003"", ""R006"", ""R007"", ""C001""]","[""L009"", ""R000"", ""R003"", ""R008"", ""C000"", ""C001""]",,,3.0,,asymmetric,3023.06100839062,427.2041583439048,,785.3052551281522,1.0,4,2094.837802538344,427.20415834390474,1977.1696056687315,1240.7046866780945,4539.574500776864,164.51985470135799,620.7854004267942,6927.715025048841,2117.1375911946925,958.6234641025926,3075.761055297285,0.6927715025048842,7,1094.7357906872176,1147.4358375938828,-120.6181620677753,173.31820897444038,-1.1368683772161603e-13
1020.0128163440554,4.0,,3189.1083616392616,2,exp5:asymmetric:r004,,3.0,,1020.0128163440554,0.25,hardening:asymmetric:r004,5,0.7282301653552203,8.0,2260.442302194589,1.0,,0.4962818746712377,6.0,,9999.999999999998,Catalog then correct,,0.0,,,,,,moderate,3513.322565202986,338.6314045485701,0.6702430926842248,,,0.6927715025048842,3851.953969751556,1.0,,2.0,6702.430926842248,0.3513322565202986,0.033863140454857,40004,,"[""L008"", ""L009"", ""R000"", ""R003"", ""R005"", ""R006"", ""R007"", ""C001""]","[""L009"", ""R000"", ""R003"", ""R008"", ""C000"", ""C001""]",,,3.0,,asymmetric,3189.1083616392616,0.0,,928.6660594446722,1.0,4,2094.837802538344,854.4083166878095,3024.5885069379037,1240.7046866780945,5461.726240164153,164.51985470135799,764.1462047433142,6927.715025048841,2117.1375911946925,958.6234641025926,3075.761055297285,0.6927715025048842,7,338.6314045485701,225.28409820659363,-143.30471099989654,29.957404657920392,3.410605131648481e-13
282.2459828309756,1.0,,3168.841656308462,2,exp5:multi_hotspot:r004,,3.0,,282.2459828309756,0.0,hardening:multi_hotspot:r004,5,0.5345962254599773,7.0,2536.321588156576,1.0,,0.4278614281485832,6.0,,10000.0,Catalog then correct,,2254.0756053256005,,,,,,moderate,2185.1515535002936,1957.7339067362143,0.5345962254599773,,,0.7248535035124507,4142.885460236508,0.0,,0.0,5345.962254599775,0.2185151553500293,0.1957733906736214,40004,,"[""R002"", ""R003"", ""R004"", ""R007"", ""R008"", ""C001"", ""C002""]","[""R002"", ""R003"", ""R004"", ""R008"", ""C001"", ""C002""]",,,3.0,,multi_hotspot,3160.810701099481,0.0,,624.4891129429045,1.0,6,2254.0756053256005,0.0,914.7660509828615,0.0,5345.962254599775,0.0,624.4891129429045,7248.535035124507,2211.9913233048355,893.6582515831636,3105.6495748879997,0.7248535035124507,7,1957.7339067362145,1902.5727805247316,-324.3302648517406,269.1691386402591,1.4779288903810084e-12
564.923370563987,2.0,,3168.841656308462,2,exp5:multi_hotspot:r004,,3.0,,990.3955149768916,0.0,hardening:multi_hotspot:r004,5,0.6151834542613442,6.0,2393.5268314766827,1.0,,0.4278614281485832,6.0,,10000.0,Catalog then correct,,1127.0378026628002,,,,,,moderate,3024.003952764034,1118.8815074724744,0.6151834542613442,,,0.7248535035124507,4142.885460236508,0.5,,2.0,6151.834542613443,0.3024003952764034,0.1118881507472474,40004,,"[""R003"", ""R004"", ""R006"", ""R007"", ""R008"", ""C001""]","[""R002"", ""R003"", ""R004"", ""R008"", ""C001"", ""C002""]",,,3.0,,multi_hotspot,3127.830589849409,425.4721444129048,,734.3037583727262,1.0,4,2254.0756053256005,425.4721444129048,2041.8038536456618,0.0,6151.834542613443,0.0,734.3037583727262,7248.535035124507,2211.9913233048355,893.6582515831636,3105.6495748879997,0.7248535035124507,7,1118.8815074724744,1096.700492511064,-181.53550817184714,159.35449321043745,5.684341886080801e-13
1351.0320366989674,5.0,,3168.841656308462,2,exp5:multi_hotspot:r004,,3.0,,1351.0320366989674,0.0,hardening:multi_hotspot:r004,5,0.7248535035124507,7.0,2211.9913233048355,1.0,,0.4278614281485832,6.0,,10000.0,Catalog then correct,,0.0,,,,,,moderate,4142.885460236508,0.0,0.7248535035124507,,,0.7248535035124507,4142.885460236508,1.0,,4.0,7248.535035124507,0.4142885460236508,0.0,40004,,"[""L019"", ""R000"", ""R001"", ""R004"", ""R006"", ""R007"", ""C001""]","[""R002"", ""R003"", ""R004"", ""R008"", ""C001"", ""C002""]",,,3.0,,multi_hotspot,3105.6495748879997,0.0,,893.6582515831636,1.0,2,2254.0756053256005,1393.1163187197321,3168.841656308462,0.0,7248.535035124507,0.0,893.6582515831636,7248.535035124507,2211.9913233048355,893.6582515831636,3105.6495748879997,0.7248535035124507,7,0.0,0.0,0.0,0.0,0.0
282.2459828309756,1.0,,3168.841656308462,2,exp5:multi_hotspot:r004,,3.0,,282.2459828309756,0.01,hardening:multi_hotspot:r004,5,0.5345962254599773,7.0,2536.321588156576,1.0,,0.4278614281485832,6.0,,10000.0,Catalog then correct,,2254.0756053256005,,,,,,moderate,2176.056321308802,1966.829138927706,0.5335288774868633,,,0.7248535035124507,4142.885460236508,0.0,,0.0,5335.288774868634,0.2176056321308802,0.1966829138927706,40004,,"[""R002"", ""R003"", ""R004"", ""R007"", ""R008"", ""C001"", ""C002""]","[""R002"", ""R003"", ""R004"", ""R008"", ""C001"", ""C002""]",,,3.0,,multi_hotspot,3159.2324535598323,0.0,,622.910865403256,1.0,6,2254.0756053256005,0.0,910.0994073930809,42.78614281485832,5292.502632053776,4.666643589780624,618.2442218134754,7248.535035124507,2211.9913233048355,893.6582515831636,3105.6495748879997,0.7248535035124507,7,1966.829138927706,1913.2462602558726,-324.3302648517406,270.7473861799076,4.547473508864641e-13
564.923370563987,2.0,,3168.841656308462,2,exp5:multi_hotspot:r004,,3.0,,990.3955149768916,0.01,hardening:multi_hotspot:r004,5,0.6151834542613442,6.0,2393.5268314766827,1.0,,0.4278614281485832,6.0,,10000.0,Catalog then correct,,1127.0378026628002,,,,,,moderate,3007.948144146704,1134.9373160898044,0.6133102340002166,,,0.7248535035124507,4142.885460236508,0.5,,2.0,6133.102340002166,0.3007948144146704,0.1134937316089804,40004,,"[""R003"", ""R004"", ""R006"", ""R007"", ""R008"", ""C001""]","[""R002"", ""R003"", ""R004"", ""R008"", ""C001"", ""C002""]",,,3.0,,multi_hotspot,3125.154195855462,425.4721444129048,,731.6273643787796,1.0,4,2254.0756053256005,425.4721444129048,2037.137210055881,42.78614281485832,6090.316197187308,4.666643589780624,726.960720788999,7248.535035124507,2211.9913233048355,893.6582515831636,3105.6495748879997,0.7248535035124507,7,1134.937316089804,1115.432695122341,-181.53550817184714,162.03088720438404,-2.2737367544323206e-13
1351.0320366989674,5.0,,3168.841656308462,2,exp5:multi_hotspot:r004,,3.0,,1351.0320366989674,0.01,hardening:multi_hotspot:r004,5,0.7248535035124507,7.0,2211.9913233048355,1.0,,0.4278614281485832,6.0,,10000.0,Catalog then correct,,0.0,,,,,,moderate,4117.456191626172,25.42926861033629,0.721883582758812,,,0.7248535035124507,4142.885460236508,1.0,,4.0,7218.83582758812,0.4117456191626172,0.0025429268610336,40004,,"[""L019"", ""R000"", ""R001"", ""R004"", ""R006"", ""R007"", ""C001""]","[""R002"", ""R003"", ""R004"", ""R008"", ""C001"", ""C002""]",,,3.0,,multi_hotspot,3101.379635961948,0.0,,889.3883126571126,1.0,2,2254.0756053256005,1393.1163187197321,3164.1750127186815,42.78614281485832,7176.049684773262,4.666643589780624,884.721669067332,7248.535035124507,2211.9913233048355,893.6582515831636,3105.6495748879997,0.7248535035124507,7,25.429268610336294,29.699207536386893,0.0,4.269938926051054,4.547473508864641e-13
282.2459828309756,1.0,,3168.841656308462,2,exp5:multi_hotspot:r004,,3.0,,282.2459828309756,0.1,hardening:multi_hotspot:r004,5,0.5345962254599773,7.0,2536.321588156576,1.0,,0.4278614281485832,6.0,,10000.0,Catalog then correct,,2254.0756053256005,,,,,,moderate,2094.1992315853845,2048.686228651124,0.5239227457288379,,,0.7248535035124507,4142.885460236508,0.0,,0.0,5239.227457288381,0.2094199231585384,0.2048686228651123,40004,,"[""R002"", ""R003"", ""R004"", ""R007"", ""R008"", ""C001"", ""C002""]","[""R002"", ""R003"", ""R004"", ""R008"", ""C001"", ""C002""]",,,3.0,,multi_hotspot,3145.028225702996,0.0,,608.7066375464202,1.0,6,2254.0756053256005,0.0,868.0996150850553,427.86142814858323,4811.366029139797,46.666435897806245,562.040201648614,7248.535035124507,2211.9913233048355,893.6582515831636,3105.6495748879997,0.7248535035124507,7,2048.6862286511237,2009.3075778361263,-324.3302648517406,284.9516140367434,2.2737367544323206e-13
606.2098396831534,2.0,,3168.841656308462,2,exp5:multi_hotspot:r004,,3.0,,1031.6819840960582,0.1,hardening:multi_hotspot:r004,5,0.6236097853109903,6.0,2434.813300595849,1.0,,0.4278614281485832,6.0,,10000.0,Catalog then correct,,1127.0378026628002,,,,,,moderate,2885.338336693135,1257.5471235433731,0.6040349495947497,,,0.7248535035124507,4142.885460236508,0.5,,2.0,6040.3494959474965,0.2885338336693134,0.1257547123543373,40004,,"[""R001"", ""R003"", ""R004"", ""R007"", ""R008"", ""C001""]","[""R002"", ""R003"", ""R004"", ""R008"", ""C001"", ""C002""]",,,3.0,,multi_hotspot,3155.0111592543617,425.4721444129048,,720.1978586585129,1.0,4,2254.0756053256005,425.4721444129048,1995.1374177478556,427.86142814858323,5612.488067798913,46.666435897806245,673.5314227607067,7248.535035124507,2211.9913233048355,893.6582515831636,3105.6495748879997,0.7248535035124507,7,1257.5471235433733,1208.1855391770105,-222.82197729101335,173.4603929246507,2.2737367544323206e-13
1351.0320366989674,5.0,,3168.841656308462,2,exp5:multi_hotspot:r004,,3.0,,1351.0320366989674,0.1,hardening:multi_hotspot:r004,5,0.7248535035124507,7.0,2211.9913233048355,1.0,,0.4278614281485832,6.0,,10000.0,Catalog then correct,,0.0,,,,,,moderate,3888.5927741331498,254.2926861033584,0.695154295976064,,,0.7248535035124507,4142.885460236508,1.0,,4.0,6951.542959760639,0.388859277413315,0.0254292686103358,40004,,"[""L019"", ""R000"", ""R001"", ""R004"", ""R006"", ""R007"", ""C001""]","[""R002"", ""R003"", ""R004"", ""R008"", ""C001"", ""C002""]",,,3.0,,multi_hotspot,3062.950185627489,0.0,,850.9588623226534,1.0,2,2254.0756053256005,1393.1163187197321,3122.1752204106556,427.86142814858323,6523.681531612056,46.666435897806245,804.2924264248472,7248.535035124507,2211.9913233048355,893.6582515831636,3105.6495748879997,0.7248535035124507,7,254.2926861033584,296.992075363868,0.0,42.6993892605102,5.684341886080801e-13
282.2459828309756,1.0,,3168.841656308462,2,exp5:multi_hotspot:r004,,3.0,,282.2459828309756,0.25,hardening:multi_hotspot:r004,5,0.5345962254599773,7.0,2536.321588156576,1.0,,0.4278614281485832,6.0,,10000.0,Catalog then correct,,2254.0756053256005,,,,,,moderate,1957.7707487130192,2185.114711523489,0.5079125261321288,,,0.7248535035124507,4142.885460236508,0.0,,0.0,5079.125261321289,0.1957770748713019,0.2185114711523489,40004,,"[""R002"", ""R003"", ""R004"", ""R007"", ""R008"", ""C001"", ""C002""]","[""R002"", ""R003"", ""R004"", ""R008"", ""C001"", ""C002""]",,,3.0,,multi_hotspot,3121.35451260827,0.0,,585.0329244516939,1.0,6,2254.0756053256005,0.0,798.0999612383459,1069.653570371458,4009.471690949831,116.6660897445156,468.3668347071783,7248.535035124507,2211.9913233048355,893.6582515831636,3105.6495748879997,0.7248535035124507,7,2185.114711523489,2169.409773803218,-324.3302648517406,308.6253271314697,2.2737367544323206e-13
606.2098396831534,2.0,,3168.841656308462,2,exp5:multi_hotspot:r004,,3.0,,1031.6819840960582,0.25,hardening:multi_hotspot:r004,5,0.6236097853109903,6.0,2434.813300595849,1.0,,0.4278614281485832,6.0,,10000.0,Catalog then correct,,1127.0378026628002,,,,,,moderate,2633.9713842295982,1508.91407600691,0.5746726960203885,,,0.7248535035124507,4142.885460236508,0.5,,2.0,5746.726960203885,0.2633971384229598,0.150891407600691,40004,,"[""R001"", ""R003"", ""R004"", ""R007"", ""R008"", ""C001""]","[""R002"", ""R003"", ""R004"", ""R008"", ""C001"", ""C002""]",,,3.0,,multi_hotspot,3112.755575974287,425.4721444129048,,677.9422753784379,1.0,4,2254.0756053256005,425.4721444129048,1925.1377639011462,1069.653570371458,4677.073389832427,116.6660897445156,561.2761856339223,7248.535035124507,2211.9913233048355,893.6582515831636,3105.6495748879997,0.7248535035124507,7,1508.91407600691,1501.808074920622,-222.82197729101335,215.71597620472573,3.410605131648481e-13
1197.3776206919426,4.0,,3168.841656308462,2,exp5:multi_hotspot:r004,,3.0,,1197.3776206919426,0.25,hardening:multi_hotspot:r004,5,0.7542862576073304,7.0,2325.7551191636685,1.0,,0.4278614281485832,6.0,,10000.0,Catalog then correct,,0.0,,,,,,moderate,3597.657357746134,545.2281024903741,0.6726800502426435,,,0.7248535035124507,4142.885460236508,1.0,,3.0,6726.800502426437,0.3597657357746134,0.0545228102490374,40004,,"[""R000"", ""R001"", ""R004"", ""R006"", ""R007"", ""R008"", ""C001""]","[""R002"", ""R003"", ""R004"", ""R008"", ""C001"", ""C002""]",,,3.0,,multi_hotspot,3129.1431446803026,0.0,,803.3880255166341,1.0,3,2254.0756053256005,1125.6981068538742,3052.1755665639466,1069.653570371458,5657.146932054979,116.6660897445156,686.7219357721185,7248.535035124507,2211.9913233048355,893.6582515831636,3105.6495748879997,0.7248535035124507,7,545.2281024903741,521.7345326980703,-113.76379585883296,90.27022606652952,3.410605131648481e-13
0.0,0.0,,3114.147193190104,2,exp5:regular:r004,,3.0,,0.0,0.0,hardening:regular:r004,5,0.6194516301720134,7.0,2113.52060305079,1.0,,0.6194516301720134,7.0,,10000.0,Catalog then correct,,2113.52060305079,,,,,,moderate,3224.694360666428,584.8776118672013,0.6194516301720134,,,0.6884674154606688,3809.571972533629,0.0,,0.0,6194.516301720136,0.3224694360666428,0.0584877611867201,40004,,"[""L009"", ""R002"", ""R004"", ""R005"", ""R006"", ""R008"", ""C001""]","[""L009"", ""R002"", ""R004"", ""R005"", ""R006"", ""R008"", ""C001""]",,,3.0,,regular,2969.821941053708,0.0,,856.3013380029174,1.0,7,2113.52060305079,0.0,1000.626590139314,0.0,6194.516301720136,0.0,856.3013380029174,6884.67415460669,2120.4029809603003,954.6992011127596,3075.10218207306,0.6884674154606688,7,584.8776118672008,690.1578528865539,6.882377909510069,98.3978631098422,-7.958078640513122e-13
160.62154587452545,1.0,,3114.147193190104,2,exp5:regular:r004,,3.0,,231.93099555073044,0.0,hardening:regular:r004,5,0.6393659405547224,7.0,2202.83269924911,1.0,,0.6194516301720134,7.0,,10000.0,Catalog then correct,,1056.760301525395,,,,,,moderate,3285.0783980142864,524.4935745193429,0.6393659405547224,,,0.6884674154606688,3809.571972533629,0.5,,1.0,6393.659405547225,0.3285078398014286,0.0524493574519342,40004,,"[""L005"", ""R002"", ""R004"", ""R005"", ""R006"", ""R008"", ""C001""]","[""L009"", ""R002"", ""R004"", ""R005"", ""R006"", ""R008"", ""C001""]",,,3.0,,regular,3108.5810075329387,71.30944967620499,,905.748308283828,1.0,6,2113.52060305079,71.30944967620499,2057.386891664709,0.0,6393.659405547225,0.0,905.748308283828,6884.67415460669,2120.4029809603003,954.6992011127596,3075.10218207306,0.6884674154606688,7,524.4935745193425,491.0147490594645,-82.42971828880991,48.950892828931615,-3.410605131648481e-13
594.056877724536,2.0,,3114.147193190104,2,exp5:regular:r004,,3.0,,594.056877724536,0.0,hardening:regular:r004,5,0.6884674154606688,7.0,2120.4029809603003,1.0,,0.6194516301720134,7.0,,10000.0,Catalog then correct,,0.0,,,,,,moderate,3809.571972533629,0.0,0.6884674154606688,,,0.6884674154606688,3809.571972533629,1.0,,2.0,6884.67415460669,0.3809571972533629,0.0,40004,,"[""L009"", ""R000"", ""R004"", ""R005"", ""R006"", ""R007"", ""C001""]","[""L009"", ""R002"", ""R004"", ""R005"", ""R006"", ""R008"", ""C001""]",,,3.0,,regular,3075.10218207306,0.0,,954.6992011127596,1.0,5,2113.52060305079,587.1744998150261,3114.147193190104,0.0,6884.67415460669,0.0,954.6992011127596,6884.67415460669,2120.4029809603003,954.6992011127596,3075.10218207306,0.6884674154606688,7,0.0,0.0,0.0,0.0,0.0
0.0,0.0,,3114.147193190104,2,exp5:regular:r004,,3.0,,0.0,0.01,hardening:regular:r004,5,0.6194516301720134,7.0,2113.52060305079,1.0,,0.6194516301720134,7.0,,10000.0,Catalog then correct,,2113.52060305079,,,,,,moderate,3224.694360666428,584.8776118672013,0.6194516301720134,,,0.6884674154606688,3809.571972533629,0.0,,0.0,6194.516301720136,0.3224694360666428,0.0584877611867201,40004,,"[""L009"", ""R002"", ""R004"", ""R005"", ""R006"", ""R008"", ""C001""]","[""L009"", ""R002"", ""R004"", ""R005"", ""R006"", ""R008"", ""C001""]",,,3.0,,regular,2969.821941053708,0.0,,856.3013380029175,1.0,7,2113.52060305079,0.0,992.0635767592848,61.94516301720136,6132.571138702934,8.563013380029174,847.7383246228884,6884.67415460669,2120.4029809603003,954.6992011127596,3075.10218207306,0.6884674154606688,7,584.8776118672008,690.1578528865539,6.882377909510069,98.39786310984209,-9.094947017729282e-13
160.62154587452545,1.0,,3114.147193190104,2,exp5:regular:r004,,3.0,,231.93099555073044,0.01,hardening:regular:r004,5,0.6393659405547224,7.0,2202.83269924911,1.0,,0.6194516301720134,7.0,,10000.0,Catalog then correct,,1056.760301525395,,,,,,moderate,3283.5814366788245,525.9905358548049,0.6391667974508953,,,0.6884674154606688,3809.571972533629,0.5,,1.0,6391.667974508954,0.3283581436678824,0.0525990535854804,40004,,"[""L005"", ""R002"", ""R004"", ""R005"", ""R006"", ""R008"", ""C001""]","[""L009"", ""R002"", ""R004"", ""R005"", ""R006"", ""R008"", ""C001""]",,,3.0,,regular,3108.0865378301296,71.30944967620499,,905.2538385810192,1.0,6,2113.52060305079,71.30944967620499,2048.8238782846797,61.94516301720136,6329.7228114917525,8.563013380029174,896.69082520099,6884.67415460669,2120.4029809603003,954.6992011127596,3075.10218207306,0.6884674154606688,7,525.9905358548044,493.0061800977355,-82.42971828880991,49.44536253174044,-5.684341886080801e-13
594.056877724536,2.0,,3114.147193190104,2,exp5:regular:r004,,3.0,,594.056877724536,0.01,hardening:regular:r004,5,0.6884674154606688,7.0,2120.4029809603003,1.0,,0.6194516301720134,7.0,,10000.0,Catalog then correct,,0.0,,,,,,moderate,3803.654372635863,5.917599897766195,0.6877772576077823,,,0.6884674154606688,3809.571972533629,1.0,,2.0,6877.772576077825,0.3803654372635863,0.0005917599897766,40004,,"[""L009"", ""R000"", ""R004"", ""R005"", ""R006"", ""R007"", ""C001""]","[""L009"", ""R002"", ""R004"", ""R005"", ""R006"", ""R008"", ""C001""]",,,3.0,,regular,3074.1182034419617,0.0,,953.7152224816614,1.0,5,2113.52060305079,587.1744998150261,3105.584179810075,61.94516301720136,6815.827413060623,8.563013380029174,945.1522091016323,6884.67415460669,2120.4029809603003,954.6992011127596,3075.10218207306,0.6884674154606688,7,5.91759989776574,6.901578528864775,0.0,0.983978631098239,-7.958078640513122e-13
0.0,0.0,,3114.147193190104,2,exp5:regular:r004,,3.0,,0.0,0.1,hardening:regular:r004,5,0.6194516301720134,7.0,2113.52060305079,1.0,,0.6194516301720134,7.0,,10000.0,Catalog then correct,,2113.52060305079,,,,,,moderate,3224.694360666428,584.8776118672013,0.6194516301720134,,,0.6884674154606688,3809.571972533629,0.0,,0.0,6194.516301720136,0.3224694360666428,0.0584877611867201,40004,,"[""L009"", ""R002"", ""R004"", ""R005"", ""R006"", ""R008"", ""C001""]","[""L009"", ""R002"", ""R004"", ""R005"", ""R006"", ""R008"", ""C001""]",,,3.0,,regular,2969.821941053708,0.0,,856.3013380029174,1.0,7,2113.52060305079,0.0,914.9964563390222,619.4516301720137,5575.064671548122,85.63013380029174,770.6712042026256,6884.67415460669,2120.4029809603003,954.6992011127596,3075.10218207306,0.6884674154606688,7,584.8776118672008,690.1578528865539,6.882377909510069,98.3978631098422,-7.958078640513122e-13
160.62154587452545,1.0,,3114.147193190104,2,exp5:regular:r004,,3.0,,231.93099555073044,0.1,hardening:regular:r004,5,0.6393659405547224,7.0,2202.83269924911,1.0,,0.6194516301720134,7.0,,10000.0,Catalog then correct,,1056.760301525395,,,,,,moderate,3270.1087846596693,539.4631878739601,0.6373745095164515,,,0.6884674154606688,3809.571972533629,0.5,,1.0,6373.745095164517,0.3270108784659669,0.053946318787396,40004,,"[""L005"", ""R002"", ""R004"", ""R005"", ""R006"", ""R008"", ""C001""]","[""L009"", ""R002"", ""R004"", ""R005"", ""R006"", ""R008"", ""C001""]",,,3.0,,regular,3103.636310504848,71.30944967620499,,900.803611255737,1.0,6,2113.52060305079,71.30944967620499,1971.756757864417,619.4516301720137,5754.293464992503,85.63013380029174,815.1734774554452,6884.67415460669,2120.4029809603003,954.6992011127596,3075.10218207306,0.6884674154606688,7,539.4631878739597,510.92905944217273,-82.42971828880991,53.89558985702263,-3.410605131648481e-13
594.056877724536,2.0,,3114.147193190104,2,exp5:regular:r004,,3.0,,594.056877724536,0.1,hardening:regular:r004,5,0.6884674154606688,7.0,2120.4029809603003,1.0,,0.6194516301720134,7.0,,10000.0,Catalog then correct,,0.0,,,,,,moderate,3750.395973555959,59.17599897767059,0.6815658369318033,,,0.6884674154606688,3809.571972533629,1.0,,2.0,6815.658369318035,0.3750395973555959,0.005917599897767,40004,,"[""L009"", ""R000"", ""R004"", ""R005"", ""R006"", ""R007"", ""C001""]","[""L009"", ""R002"", ""R004"", ""R005"", ""R006"", ""R008"", ""C001""]",,,3.0,,regular,3065.262395762076,0.0,,944.8594148017756,1.0,5,2113.52060305079,587.1744998150261,3028.5170593898124,619.4516301720137,6196.2067391460205,85.63013380029174,859.2292810014839,6884.67415460669,2120.4029809603003,954.6992011127596,3075.10218207306,0.6884674154606688,7,59.17599897767013,69.01578528865502,0.0,9.839786310983982,-9.094947017729282e-13
0.0,0.0,,3114.147193190104,2,exp5:regular:r004,,3.0,,0.0,0.25,hardening:regular:r004,5,0.6194516301720134,7.0,2113.52060305079,1.0,,0.6194516301720134,7.0,,10000.0,Catalog then correct,,2113.52060305079,,,,,,moderate,3224.694360666428,584.8776118672013,0.6194516301720134,,,0.6884674154606688,3809.571972533629,0.0,,0.0,6194.516301720136,0.3224694360666428,0.0584877611867201,40004,,"[""L009"", ""R002"", ""R004"", ""R005"", ""R006"", ""R008"", ""C001""]","[""L009"", ""R002"", ""R004"", ""R005"", ""R006"", ""R008"", ""C001""]",,,3.0,,regular,2969.821941053708,0.0,,856.3013380029175,1.0,7,2113.52060305079,0.0,786.5512556385846,1548.629075430034,4645.887226290102,214.07533450072935,642.2260035021882,6884.67415460669,2120.4029809603003,954.6992011127596,3075.10218207306,0.6884674154606688,7,584.8776118672008,690.1578528865539,6.882377909510069,98.39786310984209,-9.094947017729282e-13
160.62154587452545,1.0,,3114.147193190104,2,exp5:regular:r004,,3.0,,231.93099555073044,0.25,hardening:regular:r004,5,0.6393659405547224,7.0,2202.83269924911,1.0,,0.6194516301720134,7.0,,10000.0,Catalog then correct,,1056.760301525395,,,,,,moderate,3247.6543646277414,561.917607905888,0.6343873629590452,,,0.6884674154606688,3809.571972533629,0.5,,1.0,6343.873629590453,0.3247654364627741,0.0561917607905887,40004,,"[""L005"", ""R002"", ""R004"", ""R005"", ""R006"", ""R008"", ""C001""]","[""L009"", ""R002"", ""R004"", ""R005"", ""R006"", ""R008"", ""C001""]",,,3.0,,regular,3096.219264962712,71.30944967620499,,893.3865657136005,1.0,6,2113.52060305079,71.30944967620499,1843.3115571639796,1548.629075430034,4795.244554160419,214.07533450072935,679.3112312128711,6884.67415460669,2120.4029809603003,954.6992011127596,3075.10218207306,0.6884674154606688,7,561.9176079058875,540.8005250162369,-82.42971828880991,61.31263539915915,-1.1368683772161603e-13
594.056877724536,2.0,,3114.147193190104,2,exp5:regular:r004,,3.0,,594.056877724536,0.25,hardening:regular:r004,5,0.6884674154606688,7.0,2120.4029809603003,1.0,,0.6194516301720134,7.0,,10000.0,Catalog then correct,,0.0,,,,,,moderate,3661.631975089451,147.93999744417852,0.671213469138505,,,0.6884674154606688,3809.571972533629,1.0,,2.0,6712.13469138505,0.3661631975089451,0.0147939997444178,40004,,"[""L009"", ""R000"", ""R004"", ""R005"", ""R006"", ""R007"", ""C001""]","[""L009"", ""R002"", ""R004"", ""R005"", ""R006"", ""R008"", ""C001""]",,,3.0,,regular,3050.5027162955994,0.0,,930.0997353352992,1.0,5,2113.52060305079,587.1744998150261,2900.071858689375,1548.629075430034,5163.505615955017,214.07533450072935,716.0244008345699,6884.67415460669,2120.4029809603003,954.6992011127596,3075.10218207306,0.6884674154606688,7,147.93999744417806,172.53946322163938,0.0,24.59946577746041,-9.094947017729282e-13
173.84921902199463,1.0,,3216.051041216963,2,exp5:asymmetric:r005,,3.0,,313.45051090832794,0.0,hardening:asymmetric:r005,5,0.6315178300082749,8.0,2345.872063902992,1.0,,0.5904308219648302,7.0,,10000.0,Catalog then correct,,2172.0228448809976,,,,,,moderate,3125.3825012854104,595.191848059836,0.6315178300082749,,,0.6911025592714688,3720.5743493452464,0.0,,0.0,6315.178300082749,0.312538250128541,0.0595191848059836,40005,,"[""L007"", ""L034"", ""R002"", ""R003"", ""R004"", ""R007"", ""R008"", ""C001""]","[""L034"", ""R002"", ""R003"", ""R004"", ""R007"", ""R008"", ""C001""]",,,3.0,,asymmetric,3189.795798797338,139.60129188633334,,843.9237348943467,1.0,7,2172.0228448809976,0.0,1044.0281963359653,0.0,6315.178300082749,0.0,843.9237348943467,6911.025592714688,2184.1046412451665,1006.346602124275,3190.4512433694417,0.6911025592714688,8,595.191848059836,595.8472926319391,-161.7674226578256,162.42286722992833,-3.410605131648481e-13
173.84921902199463,1.0,,3216.051041216963,2,exp5:asymmetric:r005,,3.0,,243.6498649651613,0.0,hardening:asymmetric:r005,5,0.6315178300082749,7.0,2276.0714179598253,1.0,,0.5904308219648302,7.0,,10000.0,Catalog then correct,,1086.0114224404988,,,,,,moderate,3195.183147228577,525.3912021166693,0.6315178300082749,,,0.6911025592714688,3720.5743493452464,0.5,,1.0,6315.178300082749,0.3195183147228577,0.0525391202116669,40005,,"[""L007"", ""R002"", ""R003"", ""R004"", ""R007"", ""R008"", ""C001""]","[""L034"", ""R002"", ""R003"", ""R004"", ""R007"", ""R008"", ""C001""]",,,3.0,,asymmetric,3119.995152854172,69.80064594316667,,843.9237348943467,1.0,6,2172.0228448809976,69.80064594316667,2130.039618776464,0.0,6315.178300082749,0.0,843.9237348943467,6911.025592714688,2184.1046412451665,1006.346602124275,3190.4512433694417,0.6911025592714688,8,525.3912021166693,595.8472926319391,-91.96677671465886,162.42286722992833,-3.410605131648481e-13
1089.8978175388434,5.0,,3216.051041216963,2,exp5:asymmetric:r005,,3.0,,1089.8978175388434,0.0,hardening:asymmetric:r005,5,0.6911025592714688,8.0,2184.1046412451665,1.0,,0.5904308219648302,7.0,,10000.0,Catalog then correct,,0.0,,,,,,moderate,3720.5743493452464,0.0,0.6911025592714688,,,0.6911025592714688,3720.5743493452464,1.0,,4.0,6911.025592714688,0.3720574349345246,0.0,40005,,"[""L019"", ""L022"", ""L025"", ""R000"", ""R003"", ""R004"", ""R005"", ""C001""]","[""L034"", ""R002"", ""R003"", ""R004"", ""R007"", ""R008"", ""C001""]",,,3.0,,asymmetric,3190.4512433694417,0.0,,1006.346602124275,1.0,3,2172.0228448809976,1077.8160211746745,3216.051041216963,0.0,6911.025592714688,0.0,1006.346602124275,6911.025592714688,2184.1046412451665,1006.346602124275,3190.4512433694417,0.6911025592714688,8,0.0,0.0,0.0,0.0,0.0
173.84921902199463,1.0,,3216.051041216963,2,exp5:asymmetric:r005,,3.0,,313.45051090832794,0.01,hardening:asymmetric:r005,5,0.6315178300082749,8.0,2345.872063902992,1.0,,0.5904308219648302,7.0,,10000.0,Catalog then correct,,2172.0228448809976,,,,,,moderate,3122.03621709945,598.5381322457965,0.6311069599278404,,,0.6911025592714688,3720.5743493452464,0.0,,0.0,6311.069599278404,0.312203621709945,0.0598538132245796,40005,,"[""L007"", ""L034"", ""R002"", ""R003"", ""R004"", ""R007"", ""R008"", ""C001""]","[""L034"", ""R002"", ""R003"", ""R004"", ""R007"", ""R008"", ""C001""]",,,3.0,,asymmetric,3189.033382178954,139.60129188633334,,843.161318275962,1.0,7,2172.0228448809976,0.0,1036.3513756054065,59.04308219648303,6252.026517081921,7.676820730558813,835.4844975454032,6911.025592714688,2184.1046412451665,1006.346602124275,3190.4512433694417,0.6911025592714688,8,598.5381322457965,599.9559934362842,-161.7674226578256,163.18528384831302,-2.2737367544323206e-13
173.84921902199463,1.0,,3216.051041216963,2,exp5:asymmetric:r005,,3.0,,243.6498649651613,0.01,hardening:asymmetric:r005,5,0.6315178300082749,7.0,2276.0714179598253,1.0,,0.5904308219648302,7.0,,10000.0,Catalog then correct,,1086.0114224404988,,,,,,moderate,3191.8368630426166,528.7374863026298,0.6311069599278404,,,0.6911025592714688,3720.5743493452464,0.5,,1.0,6311.069599278404,0.3191836863042616,0.0528737486302629,40005,,"[""L007"", ""R002"", ""R003"", ""R004"", ""R007"", ""R008"", ""C001""]","[""L034"", ""R002"", ""R003"", ""R004"", ""R007"", ""R008"", ""C001""]",,,3.0,,asymmetric,3119.232736235788,69.80064594316667,,843.161318275962,1.0,6,2172.0228448809976,69.80064594316667,2122.362798045905,59.04308219648303,6252.026517081921,7.676820730558813,835.4844975454032,6911.025592714688,2184.1046412451665,1006.346602124275,3190.4512433694417,0.6911025592714688,8,528.7374863026298,599.9559934362842,-91.96677671465886,163.18528384831302,-2.2737367544323206e-13
1089.8978175388434,5.0,,3216.051041216963,2,exp5:asymmetric:r005,,3.0,,1089.8978175388434,0.01,hardening:asymmetric:r005,5,0.6911025592714688,8.0,2184.1046412451665,1.0,,0.5904308219648302,7.0,,10000.0,Catalog then correct,,0.0,,,,,,moderate,3712.893820905266,7.680528439980662,0.6900958418984023,,,0.6911025592714688,3720.5743493452464,1.0,,4.0,6900.958418984023,0.3712893820905266,0.000768052843998,40005,,"[""L019"", ""L022"", ""L025"", ""R000"", ""R003"", ""R004"", ""R005"", ""C001""]","[""L034"", ""R002"", ""R003"", ""R004"", ""R007"", ""R008"", ""C001""]",,,3.0,,asymmetric,3188.0645980787576,0.0,,1003.959956833591,1.0,3,2172.0228448809976,1077.8160211746745,3208.374220486404,59.04308219648303,6841.915336787541,7.676820730558813,996.2831361030322,6911.025592714688,2184.1046412451665,1006.346602124275,3190.4512433694417,0.6911025592714688,8,7.680528439980662,10.067173730664763,0.0,2.386645290683987,-1.1368683772161603e-13
173.84921902199463,1.0,,3216.051041216963,2,exp5:asymmetric:r005,,3.0,,313.45051090832794,0.1,hardening:asymmetric:r005,5,0.6315178300082749,8.0,2345.872063902992,1.0,,0.5904308219648302,7.0,,10000.0,Catalog then correct,,2172.0228448809976,,,,,,moderate,3091.9196594258115,628.654689919435,0.6274091292039304,,,0.6911025592714688,3720.5743493452464,0.0,,0.0,6274.091292039304,0.3091919659425811,0.0628654689919435,40005,,"[""L007"", ""L034"", ""R002"", ""R003"", ""R004"", ""R007"", ""R008"", ""C001""]","[""L034"", ""R002"", ""R003"", ""R004"", ""R007"", ""R008"", ""C001""]",,,3.0,,asymmetric,3182.1716326134924,139.60129188633334,,836.2995687105002,1.0,7,2172.0228448809976,0.0,967.2599890303771,590.4308219648303,5683.660470074474,76.76820730558812,759.5313614049121,6911.025592714688,2184.1046412451665,1006.346602124275,3190.4512433694417,0.6911025592714688,8,628.654689919435,636.9343006753843,-161.7674226578256,170.04703341377478,-1.1368683772161603e-13
173.84921902199463,1.0,,3216.051041216963,2,exp5:asymmetric:r005,,3.0,,243.6498649651613,0.1,hardening:asymmetric:r005,5,0.6315178300082749,7.0,2276.0714179598253,1.0,,0.5904308219648302,7.0,,10000.0,Catalog then correct,,1086.0114224404988,,,,,,moderate,3161.720305368978,558.8540439762683,0.6274091292039304,,,0.6911025592714688,3720.5743493452464,0.5,,1.0,6274.091292039304,0.3161720305368978,0.0558854043976268,40005,,"[""L007"", ""R002"", ""R003"", ""R004"", ""R007"", ""R008"", ""C001""]","[""L034"", ""R002"", ""R003"", ""R004"", ""R007"", ""R008"", ""C001""]",,,3.0,,asymmetric,3112.3709866703257,69.80064594316667,,836.2995687105002,1.0,6,2172.0228448809976,69.80064594316667,2053.271411470876,590.4308219648303,5683.660470074474,76.76820730558812,759.5313614049121,6911.025592714688,2184.1046412451665,1006.346602124275,3190.4512433694417,0.6911025592714688,8,558.8540439762683,636.9343006753843,-91.96677671465886,170.04703341377478,-1.1368683772161603e-13
1089.8978175388434,5.0,,3216.051041216963,2,exp5:asymmetric:r005,,3.0,,1089.8978175388434,0.1,hardening:asymmetric:r005,5,0.6911025592714688,8.0,2184.1046412451665,1.0,,0.5904308219648302,7.0,,10000.0,Catalog then correct,,0.0,,,,,,moderate,3643.769064945447,76.8052843997998,0.681035385540805,,,0.6911025592714688,3720.5743493452464,1.0,,4.0,6810.353855408049,0.3643769064945447,0.0076805284399799,40005,,"[""L019"", ""L022"", ""L025"", ""R000"", ""R003"", ""R004"", ""R005"", ""C001""]","[""L034"", ""R002"", ""R003"", ""R004"", ""R007"", ""R008"", ""C001""]",,,3.0,,asymmetric,3166.584790462602,0.0,,982.4801492174356,1.0,3,2172.0228448809976,1077.8160211746745,3139.282833911375,590.4308219648303,6219.923033443219,76.76820730558812,905.7119419118475,6911.025592714688,2184.1046412451665,1006.346602124275,3190.4512433694417,0.6911025592714688,8,76.80528439979935,100.67173730663944,0.0,23.866452906839413,-6.821210263296962e-13
173.84921902199463,1.0,,3216.051041216963,2,exp5:asymmetric:r005,,3.0,,313.45051090832794,0.25,hardening:asymmetric:r005,5,0.6315178300082749,8.0,2345.872063902992,1.0,,0.5904308219648302,7.0,,10000.0,Catalog then correct,,2172.0228448809976,,,,,,moderate,3041.725396636414,678.8489527088318,0.6212460779974137,,,0.6911025592714688,3720.5743493452464,0.0,,0.0,6212.460779974137,0.3041725396636414,0.0678848952708831,40005,,"[""L007"", ""L034"", ""R002"", ""R003"", ""R004"", ""R007"", ""R008"", ""C001""]","[""L034"", ""R002"", ""R003"", ""R004"", ""R007"", ""R008"", ""C001""]",,,3.0,,asymmetric,3170.7353833377224,139.60129188633334,,824.8633194347303,1.0,7,2172.0228448809976,0.0,852.107678071995,1476.0770549120757,4736.383725062062,191.9205182639703,632.94280117076,6911.025592714688,2184.1046412451665,1006.346602124275,3190.4512433694417,0.6911025592714688,8,678.8489527088323,698.5648127405511,-161.7674226578256,181.4832826895447,2.2737367544323206e-13
173.84921902199463,1.0,,3216.051041216963,2,exp5:asymmetric:r005,,3.0,,243.6498649651613,0.25,hardening:asymmetric:r005,5,0.6315178300082749,7.0,2276.0714179598253,1.0,,0.5904308219648302,7.0,,10000.0,Catalog then correct,,1086.0114224404988,,,,,,moderate,3111.5260425795814,609.0483067656651,0.6212460779974137,,,0.6911025592714688,3720.5743493452464,0.5,,1.0,6212.460779974137,0.3111526042579581,0.0609048306765665,40005,,"[""L007"", ""R002"", ""R003"", ""R004"", ""R007"", ""R008"", ""C001""]","[""L034"", ""R002"", ""R003"", ""R004"", ""R007"", ""R008"", ""C001""]",,,3.0,,asymmetric,3100.934737394556,69.80064594316667,,824.8633194347303,1.0,6,2172.0228448809976,69.80064594316667,1938.1191005124938,1476.0770549120757,4736.383725062062,191.9205182639703,632.94280117076,6911.025592714688,2184.1046412451665,1006.346602124275,3190.4512433694417,0.6911025592714688,8,609.0483067656651,698.5648127405511,-91.96677671465886,181.4832826895447,-2.2737367544323206e-13
1089.8978175388434,5.0,,3216.051041216963,2,exp5:asymmetric:r005,,3.0,,1089.8978175388434,0.25,hardening:asymmetric:r005,5,0.6911025592714688,8.0,2184.1046412451665,1.0,,0.5904308219648302,7.0,,10000.0,Catalog then correct,,0.0,,,,,,moderate,3528.561138345749,192.01321099949743,0.665934624944809,,,0.6911025592714688,3720.5743493452464,1.0,,4.0,6659.346249448092,0.3528561138345749,0.0192013210999497,40005,,"[""L019"", ""L022"", ""L025"", ""R000"", ""R003"", ""R004"", ""R005"", ""C001""]","[""L034"", ""R002"", ""R003"", ""R004"", ""R007"", ""R008"", ""C001""]",,,3.0,,asymmetric,3130.785111102343,0.0,,946.6804698571766,1.0,3,2172.0228448809976,1077.8160211746745,3024.1305229529926,1476.0770549120757,5183.269194536017,191.9205182639703,754.7599515932063,6911.025592714688,2184.1046412451665,1006.346602124275,3190.4512433694417,0.6911025592714688,8,192.01321099949746,251.67934326659633,0.0,59.66613226709842,-4.547473508864641e-13
297.558712405965,1.0,,3121.037067074452,2,exp5:multi_hotspot:r005,,3.0,,585.1783426202604,0.0,hardening:multi_hotspot:r005,5,0.5182145163890074,6.0,2329.0956214536363,1.0,,0.4344481166145609,6.0,,10000.0,Catalog then correct,,2031.536909047671,,,,,,moderate,2147.2926603370297,1860.3115990560304,0.5182145163890074,,,0.7128641326467512,4007.60425939306,0.0,,1.0,5182.145163890074,0.2147292660337029,0.186031159905603,40005,,"[""L010"", ""R001"", ""R002"", ""R006"", ""C001"", ""C002""]","[""L010"", ""R002"", ""R006"", ""R007"", ""C001"", ""C002""]",,,3.0,,multi_hotspot,3034.8525035530447,287.6196302142954,,705.7568820994085,1.0,5,2031.536909047671,0.0,1089.5001580267808,0.0,5182.145163890074,0.0,705.7568820994085,7128.641326467512,2104.819444526568,1016.2176225478844,3121.037067074452,0.7128641326467512,8,1860.3115990560304,1946.4961625774376,-224.27617692706826,310.4607404484759,4.547473508864641e-13
770.9307765551621,3.0,,3121.037067074452,2,exp5:multi_hotspot:r005,,3.0,,1339.7154239605084,0.0,hardening:multi_hotspot:r005,5,0.5885147029502692,6.0,2233.683038197487,1.0,,0.4344481166145609,6.0,,10000.0,Catalog then correct,,1015.7684545238355,,,,,,moderate,2831.3372402763835,1176.2670191166767,0.5885147029502692,,,0.7128641326467512,4007.60425939306,0.5,,3.0,5885.147029502692,0.2831337240276383,0.1176267019116676,40005,,"[""L001"", ""L010"", ""R001"", ""R002"", ""R004"", ""C001""]","[""L010"", ""R002"", ""R006"", ""R007"", ""C001"", ""C002""]",,,3.0,,multi_hotspot,3053.809789226309,568.7846474053463,,820.1267510288218,1.0,3,2031.536909047671,568.7846474053463,2105.268612550616,0.0,5885.147029502692,0.0,820.1267510288218,7128.641326467512,2104.819444526568,1016.2176225478844,3121.037067074452,0.7128641326467512,8,1176.2670191166767,1243.49429696482,-128.86359367091882,196.0908715190626,4.547473508864641e-13
1210.851830289589,5.0,,3121.037067074452,2,exp5:multi_hotspot:r005,,3.0,,1210.851830289589,0.0,hardening:multi_hotspot:r005,5,0.7128641326467512,8.0,2104.819444526568,1.0,,0.4344481166145609,6.0,,10000.0,Catalog then correct,,0.0,,,,,,moderate,4007.60425939306,0.0,0.7128641326467512,,,0.7128641326467512,4007.60425939306,1.0,,3.0,7128.641326467512,0.400760425939306,0.0,40005,,"[""L010"", ""L027"", ""L031"", ""R001"", ""R002"", ""R004"", ""R008"", ""C001""]","[""L010"", ""R002"", ""R006"", ""R007"", ""C001"", ""C002""]",,,3.0,,multi_hotspot,3121.037067074452,0.0,,1016.2176225478844,1.0,3,2031.536909047671,1137.5692948106926,3121.037067074452,0.0,7128.641326467512,0.0,1016.2176225478844,7128.641326467512,2104.819444526568,1016.2176225478844,3121.037067074452,0.7128641326467512,8,0.0,0.0,0.0,0.0,0.0
297.558712405965,1.0,,3121.037067074452,2,exp5:multi_hotspot:r005,,3.0,,585.1783426202604,0.01,hardening:multi_hotspot:r005,5,0.5182145163890074,6.0,2329.0956214536363,1.0,,0.4344481166145609,6.0,,10000.0,Catalog then correct,,2031.536909047671,,,,,,moderate,2140.292750868531,1867.311508524529,0.517376852391263,,,0.7128641326467512,4007.60425939306,0.0,,1.0,5173.76852391263,0.2140292750868531,0.1867311508524529,40005,,"[""L010"", ""R001"", ""R002"", ""R006"", ""C001"", ""C002""]","[""L010"", ""R002"", ""R006"", ""R007"", ""C001"", ""C002""]",,,3.0,,multi_hotspot,3033.4757730440992,287.6196302142954,,704.3801515904629,1.0,5,2031.536909047671,0.0,1083.8193197147323,43.444811661456086,5130.323712251175,5.680838312048506,698.6993132784144,7128.641326467512,2104.819444526568,1016.2176225478844,3121.037067074452,0.7128641326467512,8,1867.311508524529,1954.8728025548817,-224.27617692706826,311.8374709574215,5.684341886080801e-13
770.9307765551621,3.0,,3121.037067074452,2,exp5:multi_hotspot:r005,,3.0,,1339.7154239605084,0.01,hardening:multi_hotspot:r005,5,0.5885147029502692,6.0,2233.683038197487,1.0,,0.4344481166145609,6.0,,10000.0,Catalog then correct,,1015.7684545238355,,,,,,moderate,2818.451010841052,1189.1532485520083,0.5869740370869121,,,0.7128641326467512,4007.60425939306,0.5,,3.0,5869.740370869121,0.2818451010841051,0.1189153248552008,40005,,"[""L001"", ""L010"", ""R001"", ""R002"", ""R004"", ""C001""]","[""L010"", ""R002"", ""R006"", ""R007"", ""C001"", ""C002""]",,,3.0,,multi_hotspot,3051.289360028069,568.7846474053463,,817.606321830582,1.0,3,2031.536909047671,568.7846474053463,2099.587774238568,43.444811661456086,5826.295559207665,5.680838312048506,811.9254835185335,7128.641326467512,2104.819444526568,1016.2176225478844,3121.037067074452,0.7128641326467512,8,1189.1532485520083,1258.9009555983912,-128.86359367091882,198.61130071730236,6.821210263296962e-13
1210.851830289589,5.0,,3121.037067074452,2,exp5:multi_hotspot:r005,,3.0,,1210.851830289589,0.01,hardening:multi_hotspot:r005,5,0.714357553700562,8.0,2104.819444526568,1.0,,0.4344481166145609,6.0,,10000.0,Catalog then correct,,0.0,,,,,,moderate,3995.931238288436,11.67302110462424,0.711558459329702,,,0.7128641326467512,4007.60425939306,1.0,,3.0,7115.584593297018,0.3995931238288436,0.0011673021104624,40005,,"[""L010"", ""L027"", ""L031"", ""R001"", ""R002"", ""R004"", ""R008"", ""C001""]","[""L010"", ""R002"", ""R006"", ""R007"", ""C001"", ""C002""]",,,3.0,,multi_hotspot,3119.653355008582,0.0,,1014.8339104820144,1.0,3,2031.536909047671,1137.5692948106926,3115.3562287624036,43.444811661456086,7072.139781635562,5.680838312048506,1009.1530721699659,7128.641326467512,2104.819444526568,1016.2176225478844,3121.037067074452,0.7128641326467512,8,11.67302110462424,13.056733170494226,0.0,1.383712065869986,0.0
297.558712405965,1.0,,3121.037067074452,2,exp5:multi_hotspot:r005,,3.0,,585.1783426202604,0.1,hardening:multi_hotspot:r005,5,0.5182145163890074,6.0,2329.0956214536363,1.0,,0.4344481166145609,6.0,,10000.0,Catalog then correct,,2031.536909047671,,,,,,moderate,2077.2935656520385,1930.3106937410216,0.5098378764115628,,,0.7128641326467512,4007.60425939306,0.0,,1.0,5098.378764115628,0.2077293565652038,0.1930310693741021,40005,,"[""L010"", ""R001"", ""R002"", ""R006"", ""C001"", ""C002""]","[""L010"", ""R002"", ""R006"", ""R007"", ""C001"", ""C002""]",,,3.0,,multi_hotspot,3021.085198463589,287.6196302142954,,691.9895770099527,1.0,5,2031.536909047671,0.0,1032.6917749062957,434.4481166145609,4663.930647501067,56.808383120485054,635.1811938894676,7128.641326467512,2104.819444526568,1016.2176225478844,3121.037067074452,0.7128641326467512,8,1930.3106937410216,2030.2625623518843,-224.27617692706826,324.22804553793173,7.958078640513122e-13
770.9307765551621,3.0,,3121.037067074452,2,exp5:multi_hotspot:r005,,3.0,,1339.7154239605084,0.1,hardening:multi_hotspot:r005,5,0.5885147029502692,6.0,2233.683038197487,1.0,,0.4344481166145609,6.0,,10000.0,Catalog then correct,,1015.7684545238355,,,,,,moderate,2702.474945923072,1305.1293134699886,0.5731080443166984,,,0.7128641326467512,4007.60425939306,0.5,,3.0,5731.080443166983,0.2702474945923072,0.1305129313469988,40005,,"[""L001"", ""L010"", ""R001"", ""R002"", ""R004"", ""C001""]","[""L010"", ""R002"", ""R006"", ""R007"", ""C001"", ""C002""]",,,3.0,,multi_hotspot,3028.6054972439115,568.7846474053463,,794.9224590464246,1.0,3,2031.536909047671,568.7846474053463,2048.460229430131,434.4481166145609,5296.6323265524225,56.808383120485054,738.1140759259396,7128.641326467512,2104.819444526568,1016.2176225478844,3121.037067074452,0.7128641326467512,8,1305.1293134699881,1397.560883300529,-128.86359367091882,221.2951635014598,1.1368683772161603e-13
1221.0337637562177,5.0,,3121.037067074452,2,exp5:multi_hotspot:r005,,3.0,,1221.0337637562177,0.1,hardening:multi_hotspot:r005,5,0.7189374849766444,8.0,2115.0013779931965,1.0,,0.4344481166145609,6.0,,10000.0,Catalog then correct,,0.0,,,,,,moderate,3807.552873133898,200.05138625916152,0.6904885481404361,,,0.7128641326467512,4007.60425939306,1.0,,3.0,6904.885481404361,0.3807552873133898,0.0200051386259161,40005,,"[""L001"", ""L010"", ""L027"", ""R001"", ""R002"", ""R004"", ""R008"", ""C001""]","[""L010"", ""R002"", ""R006"", ""R007"", ""C001"", ""C002""]",,,3.0,,multi_hotspot,3097.332608270462,0.0,,982.3312302772656,1.0,3,2031.536909047671,1137.5692948106926,3064.228683953967,434.4481166145609,6470.4373647898,56.808383120485054,925.5228471567806,7128.641326467512,2104.819444526568,1016.2176225478844,3121.037067074452,0.7128641326467512,8,200.05138625916197,223.75584506315136,-10.18193346662838,33.886392270618785,1.0231815394945443e-12
297.558712405965,1.0,,3121.037067074452,2,exp5:multi_hotspot:r005,,3.0,,585.1783426202604,0.25,hardening:multi_hotspot:r005,5,0.5182145163890074,6.0,2329.0956214536363,1.0,,0.4344481166145609,6.0,,10000.0,Catalog then correct,,2031.536909047671,,,,,,moderate,1972.294923624553,2035.309335768507,0.4972729164453957,,,0.7128641326467512,4007.60425939306,0.0,,1.0,4972.729164453958,0.1972294923624553,0.2035309335768507,40005,,"[""L010"", ""R001"", ""R002"", ""R006"", ""C001"", ""C002""]","[""L010"", ""R002"", ""R006"", ""R007"", ""C001"", ""C002""]",,,3.0,,multi_hotspot,3000.434240829405,287.6196302142954,,671.3386193757689,1.0,5,2031.536909047671,0.0,947.4792002255682,1086.1202915364022,3886.6088729175563,142.02095780121263,529.3176615745563,7128.641326467512,2104.819444526568,1016.2176225478844,3121.037067074452,0.7128641326467512,8,2035.3093357685073,2155.912162013554,-224.27617692706826,344.8790031721155,6.821210263296962e-13
770.9307765551621,3.0,,3121.037067074452,2,exp5:multi_hotspot:r005,,3.0,,1339.7154239605084,0.25,hardening:multi_hotspot:r005,5,0.5885147029502692,6.0,2233.683038197487,1.0,,0.4344481166145609,6.0,,10000.0,Catalog then correct,,1015.7684545238355,,,,,,moderate,2509.181504393104,1498.422754999956,0.5499980563663421,,,0.7128641326467512,4007.60425939306,0.5,,3.0,5499.98056366342,0.2509181504393104,0.1498422754999956,40005,,"[""L001"", ""L010"", ""R001"", ""R002"", ""R004"", ""C001""]","[""L010"", ""R002"", ""R006"", ""R007"", ""C001"", ""C002""]",,,3.0,,multi_hotspot,2990.799059270316,568.7846474053463,,757.1160210728289,1.0,3,2031.536909047671,568.7846474053463,1963.2476547494034,1086.1202915364022,4413.860272127018,142.02095780121263,615.0950632716163,7128.641326467512,2104.819444526568,1016.2176225478844,3121.037067074452,0.7128641326467512,8,1498.422754999956,1628.660762804092,-128.86359367091882,259.10160147505553,6.821210263296962e-13
1221.0337637562177,5.0,,3121.037067074452,2,exp5:multi_hotspot:r005,,3.0,,1221.0337637562177,0.25,hardening:multi_hotspot:r005,5,0.7189374849766444,8.0,2115.0013779931965,1.0,,0.4344481166145609,6.0,,10000.0,Catalog then correct,,0.0,,,,,,moderate,3449.860053769509,557.7442056235514,0.6478151428861235,,,0.7128641326467512,4007.60425939306,1.0,,3.0,6478.151428861235,0.3449860053769509,0.0557744205623551,40005,,"[""L001"", ""L010"", ""L027"", ""R001"", ""R002"", ""R004"", ""R008"", ""C001""]","[""L010"", ""R002"", ""R006"", ""R007"", ""C001"", ""C002""]",,,3.0,,multi_hotspot,3028.2913750917264,0.0,,913.28999709853,1.0,3,2031.536909047671,1137.5692948106926,2979.016109273239,1086.1202915364022,5392.031137324833,142.02095780121263,771.2690392973174,7128.641326467512,2104.819444526568,1016.2176225478844,3121.037067074452,0.7128641326467512,8,557.7442056235514,650.4898976062768,-10.18193346662838,102.92762544935442,5.684341886080801e-13
139.60129188633334,1.0,,3198.861412389728,2,exp5:regular:r005,,3.0,,289.2472560080839,0.0,hardening:regular:r005,5,0.6770187925365729,8.0,2329.100736080129,1.0,,0.651279807507733,7.0,,9999.999999999996,Catalog then correct,,2189.499444193796,,,,,,moderate,3599.5627212123054,815.7746616127824,0.6770187925365729,,,0.7581830242335966,4415.337382825088,0.0,,0.0,6770.18792536573,0.3599562721212306,0.0815774661612782,40005,,"[""L005"", ""L029"", ""R000"", ""R002"", ""R004"", ""R005"", ""R008"", ""C001""]","[""L005"", ""R000"", ""R002"", ""R004"", ""R005"", ""R008"", ""C001""]",,,3.0,,regular,3170.6252041534244,149.64596412175058,,841.5244680732953,1.0,7,2189.499444193796,0.0,1009.3619681959317,0.0,6770.18792536573,0.0,841.5244680732953,7581.830242335966,2173.6638440208126,992.829015490066,3166.4928595108786,0.7581830242335966,7,815.7746616127824,811.6423169702366,-155.4368920593165,151.30454741677067,0.0
324.4158344349886,1.0,,3198.861412389728,2,exp5:regular:r005,,3.0,,566.5084588416387,0.0,hardening:regular:r005,5,0.7193890093362859,6.0,2271.8226542221346,1.0,,0.651279807507733,7.0,,9999.999999999996,Catalog then correct,,1094.7497220968978,,,,,,moderate,4004.617563346837,410.71981947825134,0.7193890093362859,,,0.7581830242335966,4415.337382825088,0.5,,2.0,7193.890093362859,0.4004617563346838,0.0410719819478251,40005,,"[""R000"", ""R002"", ""R003"", ""R004"", ""R008"", ""C001""]","[""L005"", ""R000"", ""R002"", ""R004"", ""R005"", ""R008"", ""C001""]",,,3.0,,regular,3189.2725300160228,242.09262440665003,,917.4498757938884,1.0,5,2189.499444193796,242.09262440665003,2104.1116902928297,0.0,7193.890093362859,0.0,917.4498757938884,7581.830242335966,2173.6638440208126,992.829015490066,3166.4928595108786,0.7581830242335966,7,410.7198194782509,387.94014897310717,-98.15881020132201,75.37913969617762,-6.821210263296962e-13
468.34964864031673,2.0,,3198.861412389728,2,exp5:regular:r005,,3.0,,468.34964864031673,0.0,hardening:regular:r005,5,0.7581830242335966,7.0,2173.6638440208126,1.0,,0.651279807507733,7.0,,9999.999999999996,Catalog then correct,,0.0,,,,,,moderate,4415.337382825088,0.0,0.7581830242335966,,,0.7581830242335966,4415.337382825088,1.0,,2.0,7581.830242335966,0.4415337382825089,0.0,40005,,"[""L009"", ""R000"", ""R002"", ""R003"", ""R004"", ""R008"", ""C001""]","[""L005"", ""R000"", ""R002"", ""R004"", ""R005"", ""R008"", ""C001""]",,,3.0,,regular,3166.4928595108786,0.0,,992.829015490066,1.0,5,2189.499444193796,484.18524881330006,3198.861412389728,0.0,7581.830242335966,0.0,992.829015490066,7581.830242335966,2173.6638440208126,992.829015490066,3166.4928595108786,0.7581830242335966,7,0.0,0.0,0.0,0.0,0.0
139.60129188633334,1.0,,3198.861412389728,2,exp5:regular:r005,,3.0,,289.2472560080839,0.01,hardening:regular:r005,5,0.6770187925365729,8.0,2329.100736080129,1.0,,0.651279807507733,7.0,,9999.999999999996,Catalog then correct,,2189.499444193796,,,,,,moderate,3597.443734750552,817.893648074536,0.6767614026862845,,,0.7581830242335966,4415.337382825088,0.0,,0.0,6767.614026862847,0.3597443734750553,0.0817893648074536,40005,,"[""L005"", ""L029"", ""R000"", ""R002"", ""R004"", ""R005"", ""R008"", ""C001""]","[""L005"", ""R000"", ""R002"", ""R004"", ""R005"", ""R008"", ""C001""]",,,3.0,,regular,3170.170292112295,149.64596412175058,,841.0695560321659,1.0,7,2189.499444193796,0.0,1001.4016355563282,65.12798075077329,6702.486046112073,7.9603326396034895,833.1092233925624,7581.830242335966,2173.6638440208126,992.829015490066,3166.4928595108786,0.7581830242335966,7,817.893648074536,814.2162154731195,-155.4368920593165,151.7594594579001,1.1368683772161603e-13
324.4158344349886,1.0,,3198.861412389728,2,exp5:regular:r005,,3.0,,566.5084588416387,0.01,hardening:regular:r005,5,0.7193890093362859,6.0,2271.8226542221346,1.0,,0.651279807507733,7.0,,9999.999999999996,Catalog then correct,,1094.7497220968978,,,,,,moderate,3999.020809282317,416.3165735427706,0.7187079173180003,,,0.7581830242335966,4415.337382825088,0.5,,2.0,7187.079173180005,0.3999020809282319,0.041631657354277,40005,,"[""R000"", ""R002"", ""R003"", ""R004"", ""R008"", ""C001""]","[""L005"", ""R000"", ""R002"", ""R004"", ""R005"", ""R008"", ""C001""]",,,3.0,,regular,3188.0583638976877,242.09262440665003,,916.2357096755528,1.0,5,2189.499444193796,242.09262440665003,2096.151357653226,65.12798075077329,7121.951192429231,7.9603326396034895,908.2753770359493,7581.830242335966,2173.6638440208126,992.829015490066,3166.4928595108786,0.7581830242335966,7,416.31657354277104,394.7510691559619,-98.15881020132201,76.5933058145132,3.410605131648481e-13
468.34964864031673,2.0,,3198.861412389728,2,exp5:regular:r005,,3.0,,468.34964864031673,0.01,hardening:regular:r005,5,0.7581830242335966,7.0,2173.6638440208126,1.0,,0.651279807507733,7.0,,9999.999999999996,Catalog then correct,,0.0,,,,,,moderate,4406.615018667799,8.722364157289121,0.757113992066338,,,0.7581830242335966,4415.337382825088,1.0,,2.0,7571.13992066338,0.44066150186678,0.0008722364157289,40005,,"[""L009"", ""R000"", ""R002"", ""R003"", ""R004"", ""R008"", ""C001""]","[""L005"", ""R000"", ""R002"", ""R004"", ""R005"", ""R008"", ""C001""]",,,3.0,,regular,3164.5249019955813,0.0,,990.8610579747688,1.0,5,2189.499444193796,484.18524881330006,3190.901079750124,65.12798075077329,7506.011939912606,7.9603326396034895,982.9007253351652,7581.830242335966,2173.6638440208126,992.829015490066,3166.4928595108786,0.7581830242335966,7,8.722364157289121,10.690321672586833,0.0,1.9679575152972575,-4.547473508864641e-13
139.60129188633334,1.0,,3198.861412389728,2,exp5:regular:r005,,3.0,,289.2472560080839,0.1,hardening:regular:r005,5,0.6770187925365729,8.0,2329.100736080129,1.0,,0.651279807507733,7.0,,9999.999999999996,Catalog then correct,,2189.499444193796,,,,,,moderate,3578.3728565947617,836.9645262303261,0.674444894033689,,,0.7581830242335966,4415.337382825088,0.0,,0.0,6744.448940336892,0.3578372856594763,0.0836964526230326,40005,,"[""L005"", ""L029"", ""R000"", ""R002"", ""R004"", ""R005"", ""R008"", ""C001""]","[""L005"", ""R000"", ""R002"", ""R004"", ""R005"", ""R008"", ""C001""]",,,3.0,,regular,3166.07608374213,149.64596412175058,,836.9753476620008,1.0,7,2189.499444193796,0.0,929.7586417998968,651.279807507733,6093.169132829158,79.6033263960349,757.3720212659659,7581.830242335966,2173.6638440208126,992.829015490066,3166.4928595108786,0.7581830242335966,7,836.9645262303261,837.3813019990748,-155.4368920593165,155.85366782806523,0.0
324.4158344349886,1.0,,3198.861412389728,2,exp5:regular:r005,,3.0,,566.5084588416387,0.1,hardening:regular:r005,5,0.7193890093362859,6.0,2271.8226542221346,1.0,,0.651279807507733,7.0,,9999.999999999996,Catalog then correct,,1094.7497220968978,,,,,,moderate,3948.6500227016377,466.68736012345016,0.7125780891534307,,,0.7581830242335966,4415.337382825088,0.5,,2.0,7125.780891534307,0.3948650022701639,0.046668736012345,40005,,"[""R000"", ""R002"", ""R003"", ""R004"", ""R008"", ""C001""]","[""L005"", ""R000"", ""R002"", ""R004"", ""R005"", ""R008"", ""C001""]",,,3.0,,regular,3177.130868832669,242.09262440665003,,905.3082146105344,1.0,5,2189.499444193796,242.09262440665003,2024.508363896795,651.279807507733,6474.501084026573,79.6033263960349,825.7048882144995,7581.830242335966,2173.6638440208126,992.829015490066,3166.4928595108786,0.7581830242335966,7,466.68736012345016,456.0493508016598,-98.15881020132201,87.52080087953163,0.0
468.34964864031673,2.0,,3198.861412389728,2,exp5:regular:r005,,3.0,,468.34964864031673,0.1,hardening:regular:r005,5,0.7581830242335966,7.0,2173.6638440208126,1.0,,0.651279807507733,7.0,,9999.999999999996,Catalog then correct,,0.0,,,,,,moderate,4328.113741252196,87.22364157289212,0.7474927025610103,,,0.7581830242335966,4415.337382825088,1.0,,2.0,7474.927025610103,0.4328113741252197,0.0087223641572892,40005,,"[""L009"", ""R000"", ""R002"", ""R003"", ""R004"", ""R008"", ""C001""]","[""L005"", ""R000"", ""R002"", ""R004"", ""R005"", ""R008"", ""C001""]",,,3.0,,regular,3146.813284357907,0.0,,973.1494403370943,1.0,5,2189.499444193796,484.18524881330006,3119.258085993693,651.279807507733,6823.647218102369,79.6033263960349,893.5461139410595,7581.830242335966,2173.6638440208126,992.829015490066,3166.4928595108786,0.7581830242335966,7,87.22364157289212,106.90321672586379,0.0,19.679575152971665,0.0
169.02394794057756,1.0,,3198.861412389728,2,exp5:regular:r005,,3.0,,318.66991206232814,0.25,hardening:regular:r005,5,0.6846987050973661,8.0,2358.5233921343734,1.0,,0.651279807507733,7.0,,9999.999999999996,Catalog then correct,,2189.499444193796,,,,,,moderate,3564.578394609851,850.758988215237,0.6763439806999577,,,0.7581830242335966,4415.337382825088,0.0,,0.0,6763.439806999579,0.3564578394609852,0.0850758988215237,40005,,"[""L005"", ""L021"", ""R000"", ""R002"", ""R004"", ""R005"", ""R008"", ""C001""]","[""L005"", ""R000"", ""R002"", ""R004"", ""R005"", ""R008"", ""C001""]",,,3.0,,regular,3198.861412389728,149.64596412175058,,840.3380202553545,1.0,7,2189.499444193796,0.0,810.3536522058445,1628.1995187693324,5135.240288230247,199.00831599008723,641.3297042652673,7581.830242335966,2173.6638440208126,992.829015490066,3166.4928595108786,0.7581830242335966,7,850.758988215237,818.3904353363878,-184.85954811356078,152.49099523471148,-1.1368683772161603e-13
324.4158344349886,1.0,,3198.861412389728,2,exp5:regular:r005,,3.0,,566.5084588416387,0.25,hardening:regular:r005,5,0.7193890093362859,6.0,2271.8226542221346,1.0,,0.651279807507733,7.0,,9999.999999999996,Catalog then correct,,1094.7497220968978,,,,,,moderate,3864.69871173384,550.6386710912479,0.7023617088791476,,,0.7581830242335966,4415.337382825088,0.5,,2.0,7023.617088791478,0.3864698711733841,0.0550638671091248,40005,,"[""R000"", ""R002"", ""R003"", ""R004"", ""R008"", ""C001""]","[""L005"", ""R000"", ""R002"", ""R004"", ""R005"", ""R008"", ""C001""]",,,3.0,,regular,3158.918377057638,242.09262440665003,,887.0957228355034,1.0,5,2189.499444193796,242.09262440665003,1905.1033743027424,1628.1995187693324,5395.417570022146,199.00831599008723,688.0874068454161,7581.830242335966,2173.6638440208126,992.829015490066,3166.4928595108786,0.7581830242335966,7,550.6386710912479,558.2131535444887,-98.15881020132201,105.73329265456266,-1.1368683772161603e-13
468.34964864031673,2.0,,3198.861412389728,2,exp5:regular:r005,,3.0,,468.34964864031673,0.25,hardening:regular:r005,5,0.7581830242335966,7.0,2173.6638440208126,1.0,,0.651279807507733,7.0,,9999.999999999996,Catalog then correct,,0.0,,,,,,moderate,4197.278278892857,218.0591039322308,0.7314572200521307,,,0.7581830242335966,4415.337382825088,1.0,,2.0,7314.572200521306,0.4197278278892858,0.021805910393223,40005,,"[""L009"", ""R000"", ""R002"", ""R003"", ""R004"", ""R008"", ""C001""]","[""L005"", ""R000"", ""R002"", ""R004"", ""R005"", ""R008"", ""C001""]",,,3.0,,regular,3117.2939216284494,0.0,,943.6300776076368,1.0,5,2189.499444193796,484.18524881330006,2999.8530963996404,1628.1995187693324,5686.372681751973,199.00831599008723,744.6217616175496,7581.830242335966,2173.6638440208126,992.829015490066,3166.4928595108786,0.7581830242335966,7,218.05910393223076,267.2580418146608,0.0,49.19893788242916,-9.094947017729282e-13
288.26775805250213,1.0,,3105.939528570514,2,exp5:asymmetric:r006,,3.0,,288.26775805250213,0.0,hardening:asymmetric:r006,5,0.5350152209473831,8.0,2368.821212301714,1.0,,0.4475516240409219,7.0,,9999.999999999998,Catalog then correct,,2080.5534542492114,,,,,,moderate,2244.212680903316,1557.289648477918,0.5350152209473831,,,0.6865928979016124,3801.502329381234,0.0,,0.0,5350.15220947383,0.2244212680903316,0.1557289648477918,40006,,"[""L035"", ""R002"", ""R003"", ""R004"", ""R005"", ""R007"", ""R008"", ""C002""]","[""L035"", ""R002"", ""R003"", ""R004"", ""R005"", ""R007"", ""C002""]",,,3.0,,asymmetric,3105.939528570514,0.0,,737.1183162688005,1.0,7,2080.5534542492114,0.0,1025.3860743213027,0.0,5350.15220947383,0.0,737.1183162688005,6865.928979016124,2122.407584483948,942.0190651509416,3064.4266496348896,0.6865928979016124,9,1557.289648477918,1515.7767695422936,-246.4136278177657,204.9007488821411,-1.1368683772161603e-13
773.9068957876452,2.0,,3105.939528570514,2,exp5:asymmetric:r006,,3.0,,1236.2146588080095,0.0,hardening:asymmetric:r006,5,0.5964161497151448,6.0,2392.1525870164924,1.0,,0.4475516240409219,7.0,,9999.999999999998,Catalog then correct,,1040.2767271246057,,,,,,moderate,2858.221968580935,943.2803608002991,0.5964161497151448,,,0.6865928979016124,3801.502329381234,0.5,,3.0,5964.161497151449,0.2858221968580935,0.0943280360800299,40006,,"[""R002"", ""R004"", ""R005"", ""R007"", ""R008"", ""C001""]","[""L035"", ""R002"", ""R003"", ""R004"", ""R005"", ""R007"", ""C002""]",,,3.0,,asymmetric,3105.939528570514,462.3077630203644,,713.7869415540217,1.0,4,2080.5534542492114,462.30776302036435,2065.6628014459084,0.0,5964.161497151449,0.0,713.7869415540217,6865.928979016124,2122.407584483948,942.0190651509416,3064.4266496348896,0.6865928979016124,9,943.2803608002991,901.7674818646747,-269.7450025325443,228.2321235969199,1.1368683772161603e-13
1534.0656832087136,7.0,,3105.939528570514,2,exp5:asymmetric:r006,,3.0,,1534.0656832087136,0.0,hardening:asymmetric:r006,5,0.6865928979016124,9.0,2122.407584483948,1.0,,0.4475516240409219,7.0,,9999.999999999998,Catalog then correct,,0.0,,,,,,moderate,3801.502329381234,0.0,0.6865928979016124,,,0.6865928979016124,3801.502329381234,1.0,,5.0,6865.928979016124,0.3801502329381235,0.0,40006,,"[""L013"", ""L014"", ""L016"", ""L021"", ""L033"", ""R002"", ""R004"", ""R008"", ""C001""]","[""L035"", ""R002"", ""R003"", ""R004"", ""R005"", ""R007"", ""C002""]",,,3.0,,asymmetric,3064.4266496348896,0.0,,942.0190651509416,1.0,2,2080.5534542492114,1492.2115529739772,3105.939528570514,0.0,6865.928979016124,0.0,942.0190651509416,6865.928979016124,2122.407584483948,942.0190651509416,3064.4266496348896,0.6865928979016124,9,0.0,0.0,0.0,0.0,0.0
288.26775805250213,1.0,,3105.939528570514,2,exp5:asymmetric:r006,,3.0,,288.26775805250213,0.01,hardening:asymmetric:r006,5,0.5356932742665422,8.0,2368.821212301714,1.0,,0.4475516240409219,7.0,,9999.999999999998,Catalog then correct,,2080.5534542492114,,,,,,moderate,2242.179049072345,1559.323280308889,0.534811857764286,,,0.6865928979016124,3801.502329381234,0.0,,0.0,5348.118577642859,0.2242179049072345,0.1559323280308889,40006,,"[""L035"", ""R002"", ""R003"", ""R004"", ""R005"", ""R007"", ""R008"", ""C002""]","[""L035"", ""R002"", ""R003"", ""R004"", ""R005"", ""R007"", ""C002""]",,,3.0,,asymmetric,3105.939528570514,0.0,,737.1183162688005,1.0,7,2080.5534542492114,0.0,1019.193427676887,44.75516240409219,5303.363415238767,6.192646644415661,730.9256696243849,6865.928979016124,2122.407584483948,942.0190651509416,3064.4266496348896,0.6865928979016124,9,1559.323280308889,1517.8104013732645,-246.4136278177657,204.9007488821411,-1.1368683772161603e-13
773.9068957876452,2.0,,3105.939528570514,2,exp5:asymmetric:r006,,3.0,,1236.2146588080095,0.01,hardening:asymmetric:r006,5,0.5968947193669878,6.0,2392.1525870164924,1.0,,0.4475516240409219,7.0,,9999.999999999998,Catalog then correct,,1040.2767271246057,,,,,,moderate,2848.1773568976205,953.3249724836136,0.5954012884137271,,,0.6865928979016124,3801.502329381234,0.5,,3.0,5954.012884137271,0.2848177356897621,0.0953324972483613,40006,,"[""R002"", ""R004"", ""R005"", ""R007"", ""R008"", ""C001""]","[""L035"", ""R002"", ""R003"", ""R004"", ""R005"", ""R007"", ""C002""]",,,3.0,,asymmetric,3105.83552723965,462.3077630203644,,713.682940223158,1.0,4,2080.5534542492114,462.30776302036435,2059.4701548014928,44.75516240409219,5909.257721733178,6.192646644415661,707.4902935787424,6865.928979016124,2122.407584483948,942.0190651509416,3064.4266496348896,0.6865928979016124,9,953.3249724836137,911.9160948788531,-269.7450025325443,228.33612492778366,0.0
1534.0656832087136,7.0,,3105.939528570514,2,exp5:asymmetric:r006,,3.0,,1534.0656832087136,0.01,hardening:asymmetric:r006,5,0.6865928979016124,9.0,2122.407584483948,1.0,,0.4475516240409219,7.0,,9999.999999999998,Catalog then correct,,0.0,,,,,,moderate,3780.82574600226,20.67658337897456,0.6842024851630054,,,0.6865928979016124,3801.502329381234,1.0,,5.0,6842.024851630055,0.378082574600226,0.0020676583378974,40006,,"[""L013"", ""L014"", ""L016"", ""L021"", ""L033"", ""R002"", ""R004"", ""R008"", ""C001""]","[""L035"", ""R002"", ""R003"", ""R004"", ""R005"", ""R007"", ""C002""]",,,3.0,,asymmetric,3061.199105627796,0.0,,938.7915211438478,1.0,2,2080.5534542492114,1492.2115529739772,3099.7468819260985,44.75516240409219,6797.269689225963,6.192646644415661,932.5988744994322,6865.928979016124,2122.407584483948,942.0190651509416,3064.4266496348896,0.6865928979016124,9,20.6765833789741,23.904127386068467,0.0,3.2275440070937975,-5.684341886080801e-13
288.26775805250213,1.0,,3105.939528570514,2,exp5:asymmetric:r006,,3.0,,288.26775805250213,0.1,hardening:asymmetric:r006,5,0.5395615731825184,8.0,2368.821212301714,1.0,,0.4475516240409219,7.0,,9999.999999999998,Catalog then correct,,2080.5534542492114,,,,,,moderate,2202.267896044328,1599.234433336906,0.5303605782683588,,,0.6865928979016124,3801.502329381234,0.0,,0.0,5303.605782683588,0.2202267896044328,0.1599234433336906,40006,,"[""L035"", ""R002"", ""R003"", ""R004"", ""R005"", ""R007"", ""R008"", ""C002""]","[""L035"", ""R002"", ""R003"", ""R004"", ""R005"", ""R007"", ""C002""]",,,3.0,,asymmetric,3101.3378866392595,0.0,,732.516674337546,1.0,7,2080.5534542492114,0.0,963.459607877146,447.5516240409219,4856.054158642666,61.92646644415661,670.5902078933893,6865.928979016124,2122.407584483948,942.0190651509416,3064.4266496348896,0.6865928979016124,9,1599.234433336906,1562.323196332536,-246.4136278177657,209.50239081339566,-1.1368683772161603e-13
773.9068957876452,2.0,,3105.939528570514,2,exp5:asymmetric:r006,,3.0,,1236.2146588080095,0.1,hardening:asymmetric:r006,5,0.5968947193669878,6.0,2392.1525870164924,1.0,,0.4475516240409219,7.0,,9999.999999999998,Catalog then correct,,1040.2767271246057,,,,,,moderate,2722.352050720669,1079.1502786605647,0.5819604098343812,,,0.6865928979016124,3801.502329381234,0.5,,3.0,5819.604098343812,0.272235205072067,0.1079150278660564,40006,,"[""R002"", ""R004"", ""R005"", ""R007"", ""R008"", ""C001""]","[""L035"", ""R002"", ""R003"", ""R004"", ""R005"", ""R007"", ""C002""]",,,3.0,,asymmetric,3097.252047623142,462.3077630203644,,705.0994606066497,1.0,4,2080.5534542492114,462.30776302036435,2003.7363350017517,447.5516240409219,5372.052474302891,61.92646644415661,643.1729941624931,6865.928979016124,2122.407584483948,942.0190651509416,3064.4266496348896,0.6865928979016124,9,1079.1502786605652,1046.3248806723113,-269.7450025325443,236.91960454429193,1.4779288903810084e-12
1534.0656832087136,7.0,,3105.939528570514,2,exp5:asymmetric:r006,,3.0,,1534.0656832087136,0.1,hardening:asymmetric:r006,5,0.6865928979016124,9.0,2122.407584483948,1.0,,0.4475516240409219,7.0,,9999.999999999998,Catalog then correct,,0.0,,,,,,moderate,3594.7364955914813,206.76583378975283,0.6626887705155433,,,0.6865928979016124,3801.502329381234,1.0,,5.0,6626.887705155434,0.3594736495591482,0.0206765833789752,40006,,"[""L013"", ""L014"", ""L016"", ""L021"", ""L033"", ""R002"", ""R004"", ""R008"", ""C001""]","[""L035"", ""R002"", ""R003"", ""R004"", ""R005"", ""R007"", ""C002""]",,,3.0,,asymmetric,3032.1512095639523,0.0,,909.7436250800042,1.0,2,2080.5534542492114,1492.2115529739772,3044.0130621263575,447.5516240409219,6179.336081114512,61.92646644415661,847.8171586358476,6865.928979016124,2122.407584483948,942.0190651509416,3064.4266496348896,0.6865928979016124,9,206.76583378975283,239.04127386069013,0.0,32.27544007093741,1.1368683772161603e-13
288.26775805250213,1.0,,3105.939528570514,2,exp5:asymmetric:r006,,3.0,,288.26775805250213,0.25,hardening:asymmetric:r006,5,0.5395615731825184,8.0,2368.821212301714,1.0,,0.4475516240409219,7.0,,9999.999999999998,Catalog then correct,,2080.5534542492114,,,,,,moderate,2083.128307314596,1718.3740220666382,0.5165590858971193,,,0.6865928979016124,3801.502329381234,0.0,,0.0,5165.590858971193,0.2083128307314596,0.1718374022066638,40006,,"[""L035"", ""R002"", ""R003"", ""R004"", ""R005"", ""R007"", ""R008"", ""C002""]","[""L035"", ""R002"", ""R003"", ""R004"", ""R005"", ""R007"", ""C002""]",,,3.0,,asymmetric,3082.4625516565966,0.0,,713.6413393548828,1.0,7,2080.5534542492114,0.0,870.5699082109111,1118.8790601023047,4046.711798868888,154.81616611039152,558.8251732444912,6865.928979016124,2122.407584483948,942.0190651509416,3064.4266496348896,0.6865928979016124,9,1718.3740220666382,1700.3381200449312,-246.4136278177657,228.37772579605883,1.1368683772161603e-13
773.9068957876452,2.0,,3105.939528570514,2,exp5:asymmetric:r006,,3.0,,1226.5958621732716,0.25,hardening:asymmetric:r006,5,0.6076837217608796,6.0,2401.7713836512303,1.0,,0.4475516240409219,7.0,,9999.999999999998,Catalog then correct,,1040.2767271246057,,,,,,moderate,2570.567444738387,1230.934884642847,0.5676506973308901,,,0.6865928979016124,3801.502329381234,0.5,,3.0,5676.506973308901,0.2570567444738387,0.1230934884642847,40006,,"[""R002"", ""R003"", ""R004"", ""R005"", ""R008"", ""C001""]","[""L035"", ""R002"", ""R003"", ""R004"", ""R005"", ""R007"", ""C002""]",,,3.0,,asymmetric,3105.939528570514,452.6889663856263,,704.1681449192838,1.0,4,2080.5534542492114,452.6889663856264,1910.8466353355168,1118.8790601023047,4557.6279132065965,154.81616611039152,549.3519788088922,6865.928979016124,2122.407584483948,942.0190651509416,3064.4266496348896,0.6865928979016124,9,1230.934884642847,1189.4220057072225,-279.3637991672822,237.85092023165782,1.1368683772161603e-13
1355.0430097498977,6.0,,3105.939528570514,2,exp5:asymmetric:r006,,3.0,,1355.0430097498977,0.25,hardening:asymmetric:r006,5,0.7031789727564823,9.0,2230.2819418847102,1.0,,0.4475516240409219,7.0,,9999.999999999998,Catalog then correct,,0.0,,,,,,moderate,3292.959017976452,508.5433114047824,0.6392721355775922,,,0.6865928979016124,3801.502329381234,1.0,,4.0,6392.721355775922,0.3292959017976452,0.0508543311404782,40006,,"[""L010"", ""L014"", ""L016"", ""L033"", ""R002"", ""R003"", ""R004"", ""R008"", ""C001""]","[""L035"", ""R002"", ""R003"", ""R004"", ""R005"", ""R007"", ""C002""]",,,3.0,,asymmetric,3099.7623377994705,0.0,,869.4803959147603,1.0,3,2080.5534542492114,1205.3145221143984,2951.1233624601227,1118.8790601023047,5273.842295673618,154.81616611039152,714.6642298043687,6865.928979016124,2122.407584483948,942.0190651509416,3064.4266496348896,0.6865928979016124,9,508.54331140478234,473.2076232402014,-107.87435740076216,72.53866923618136,1.1368683772161603e-13
279.00008577192364,1.0,,3057.222876742177,2,exp5:multi_hotspot:r006,,3.0,,279.00008577192364,0.0,hardening:multi_hotspot:r006,5,0.5099695846371366,7.0,2377.864642321036,1.0,,0.4173219693670615,6.0,,10000.0,Catalog then correct,,2098.864556549112,,,,,,moderate,2058.1842063295708,1099.39164479902,0.5099695846371366,,,0.6196323933554714,3157.575851128591,0.0,,0.0,5099.695846371367,0.205818420632957,0.109939164479902,40006,,"[""L006"", ""R000"", ""R005"", ""R006"", ""R007"", ""C001"", ""C002""]","[""L006"", ""R000"", ""R006"", ""R007"", ""C001"", ""C002""]",,,3.0,,multi_hotspot,3041.5116400417965,0.0,,663.646997720761,1.0,6,2098.864556549112,0.0,958.3583201930651,0.0,5099.695846371367,0.0,663.646997720761,6196.323933554713,2147.4795767188184,891.2685057073039,3038.7480824261224,0.6196323933554714,8,1099.39164479902,1096.628087183346,-230.38506560221776,227.62150798654295,-7.958078640513122e-13
554.4574129427316,3.0,,3057.222876742177,2,exp5:multi_hotspot:r006,,3.0,,906.9024682661768,0.0,hardening:multi_hotspot:r006,5,0.5619348773326742,7.0,2300.876914168398,1.0,,0.4173219693670615,6.0,,10000.0,Catalog then correct,,1049.432278274556,,,,,,moderate,2562.125896584565,595.4499545440258,0.5619348773326742,,,0.6196323933554714,3157.575851128591,0.5,,2.0,5619.348773326742,0.2562125896584565,0.0595449954544025,40006,,"[""L007"", ""L028"", ""R000"", ""R005"", ""R006"", ""R007"", ""C001""]","[""L006"", ""R000"", ""R006"", ""R007"", ""C001"", ""C002""]",,,3.0,,multi_hotspot,3057.222876742177,352.44505532344533,,756.3459625737793,1.0,4,2098.864556549112,352.44505532344533,2007.790598467621,0.0,5619.348773326742,0.0,756.3459625737793,6196.323933554713,2147.4795767188184,891.2685057073039,3038.7480824261224,0.6196323933554714,8,595.4499545440258,576.9751602279712,-153.39733744957948,134.92254313352464,-2.2737367544323206e-13
753.5051308165974,4.0,,3057.222876742177,2,exp5:multi_hotspot:r006,,3.0,,753.5051308165974,0.0,hardening:multi_hotspot:r006,5,0.6196323933554714,8.0,2147.4795767188184,1.0,,0.4173219693670615,6.0,,10000.0,Catalog then correct,,0.0,,,,,,moderate,3157.575851128591,0.0,0.6196323933554714,,,0.6196323933554714,3157.575851128591,1.0,,2.0,6196.323933554713,0.315757585112859,0.0,40006,,"[""L007"", ""L020"", ""L029"", ""R000"", ""R005"", ""R006"", ""R007"", ""C001""]","[""L006"", ""R000"", ""R006"", ""R007"", ""C001"", ""C002""]",,,3.0,,multi_hotspot,3038.7480824261224,0.0,,891.2685057073039,1.0,4,2098.864556549112,704.8901106468907,3057.222876742177,0.0,6196.323933554713,0.0,891.2685057073039,6196.323933554713,2147.4795767188184,891.2685057073039,3038.7480824261224,0.6196323933554714,8,0.0,0.0,0.0,0.0,0.0
279.00008577192364,1.0,,3057.222876742177,2,exp5:multi_hotspot:r006,,3.0,,279.00008577192364,0.01,hardening:multi_hotspot:r006,5,0.5099695846371366,7.0,2377.864642321036,1.0,,0.4173219693670615,6.0,,10000.0,Catalog then correct,,2098.864556549112,,,,,,moderate,2050.4332455322337,1107.142605596357,0.5090431084844358,,,0.6196323933554714,3157.575851128591,0.0,,0.0,5090.431084844358,0.2050433245532233,0.1107142605596357,40006,,"[""L006"", ""R000"", ""R005"", ""R006"", ""R007"", ""C001"", ""C002""]","[""L006"", ""R000"", ""R006"", ""R007"", ""C001"", ""C002""]",,,3.0,,multi_hotspot,3039.9978393121246,0.0,,662.1331969910887,1.0,6,2098.864556549112,0.0,953.2356509455296,41.73219693670615,5048.6988879076525,5.122669247535417,657.0105277435532,6196.323933554713,2147.4795767188184,891.2685057073039,3038.7480824261224,0.6196323933554714,8,1107.142605596357,1105.8928487103549,-230.38506560221776,229.13530871621526,-3.410605131648481e-13
554.4574129427316,3.0,,3057.222876742177,2,exp5:multi_hotspot:r006,,3.0,,906.9024682661768,0.01,hardening:multi_hotspot:r006,5,0.5632898960291284,7.0,2300.876914168398,1.0,,0.4173219693670615,6.0,,10000.0,Catalog then correct,,1049.432278274556,,,,,,moderate,2561.079290882898,596.4965602456928,0.5618302167625077,,,0.6196323933554714,3157.575851128591,0.5,,2.0,5618.302167625076,0.2561079290882898,0.0596496560245692,40006,,"[""L007"", ""L028"", ""R000"", ""R005"", ""R006"", ""R007"", ""C001""]","[""L006"", ""R000"", ""R006"", ""R007"", ""C001"", ""C002""]",,,3.0,,multi_hotspot,3057.222876742177,352.44505532344533,,756.3459625737794,1.0,4,2098.864556549112,352.44505532344533,2002.6679292200856,41.73219693670615,5576.569970688371,5.122669247535417,751.223293326244,6196.323933554713,2147.4795767188184,891.2685057073039,3038.7480824261224,0.6196323933554714,8,596.4965602456928,578.0217659296368,-153.39733744957948,134.92254313352453,1.0231815394945443e-12
753.5051308165974,4.0,,3057.222876742177,2,exp5:multi_hotspot:r006,,3.0,,753.5051308165974,0.01,hardening:multi_hotspot:r006,5,0.6196323933554714,8.0,2147.4795767188184,1.0,,0.4173219693670615,6.0,,10000.0,Catalog then correct,,0.0,,,,,,moderate,3141.1348245392883,16.44102658930251,0.6176092891155872,,,0.6196323933554714,3157.575851128591,1.0,,2.0,6176.092891155873,0.3141134824539288,0.0016441026589302,40006,,"[""L007"", ""L020"", ""L029"", ""R000"", ""R005"", ""R006"", ""R007"", ""C001""]","[""L006"", ""R000"", ""R006"", ""R007"", ""C001"", ""C002""]",,,3.0,,multi_hotspot,3034.958066616585,0.0,,887.4784898977662,1.0,4,2098.864556549112,704.8901106468907,3052.100207494642,41.73219693670615,6134.360694219167,5.122669247535417,882.3558206502307,6196.323933554713,2147.4795767188184,891.2685057073039,3038.7480824261224,0.6196323933554714,8,16.44102658930251,20.231042398840145,0.0,3.790015809537749,1.1368683772161603e-13
279.00008577192364,1.0,,3057.222876742177,2,exp5:multi_hotspot:r006,,3.0,,279.00008577192364,0.1,hardening:multi_hotspot:r006,5,0.5099695846371366,7.0,2377.864642321036,1.0,,0.4173219693670615,6.0,,10000.0,Catalog then correct,,2098.864556549112,,,,,,moderate,1980.6745983562164,1176.9012527723744,0.5007048231101291,,,0.6196323933554714,3157.575851128591,0.0,,0.0,5007.048231101291,0.1980674598356216,0.1176901252772374,40006,,"[""L006"", ""R000"", ""R005"", ""R006"", ""R007"", ""C001"", ""C002""]","[""L006"", ""R000"", ""R006"", ""R007"", ""C001"", ""C002""]",,,3.0,,multi_hotspot,3026.3736327450747,0.0,,648.5089904240391,1.0,6,2098.864556549112,0.0,907.1316277177109,417.3219693670615,4589.726261734229,51.22669247535418,597.2822979486849,6196.323933554713,2147.4795767188184,891.2685057073039,3038.7480824261224,0.6196323933554714,8,1176.9012527723744,1189.2757024534221,-230.38506560221776,242.75951528326482,-6.821210263296962e-13
554.4574129427316,3.0,,3057.222876742177,2,exp5:multi_hotspot:r006,,3.0,,906.9024682661768,0.1,hardening:multi_hotspot:r006,5,0.5659384113039607,7.0,2300.876914168398,1.0,,0.4173219693670615,6.0,,10000.0,Catalog then correct,,1049.432278274556,,,,,,moderate,2471.3967421777907,686.1791089508001,0.5510767671102709,,,0.6196323933554714,3157.575851128591,0.5,,2.0,5510.767671102707,0.247139674217779,0.06861791089508,40006,,"[""L007"", ""L028"", ""R000"", ""R005"", ""R006"", ""R007"", ""C001""]","[""L006"", ""R000"", ""R006"", ""R007"", ""C001"", ""C002""]",,,3.0,,multi_hotspot,3039.3709289249164,352.44505532344533,,738.4940147565186,1.0,4,2098.864556549112,352.44505532344533,1956.5639059922669,417.3219693670615,5093.445701735645,51.22669247535418,687.2673222811644,6196.323933554713,2147.4795767188184,891.2685057073039,3038.7480824261224,0.6196323933554714,8,686.1791089508001,685.5562624520062,-153.39733744957948,152.77449095078532,-2.2737367544323206e-13
849.4774479153551,4.0,,3057.222876742177,2,exp5:multi_hotspot:r006,,3.0,,849.4774479153551,0.1,hardening:multi_hotspot:r006,5,0.6304128014292514,8.0,2243.451893817576,1.0,,0.4173219693670615,6.0,,10000.0,Catalog then correct,,0.0,,,,,,moderate,3039.477422807653,118.09842832093771,0.6091037182230324,,,0.6196323933554714,3157.575851128591,1.0,,2.0,6091.037182230324,0.3039477422807653,0.0118098428320937,40006,,"[""L007"", ""L028"", ""R000"", ""R004"", ""R005"", ""R006"", ""R007"", ""C001""]","[""L006"", ""R000"", ""R006"", ""R007"", ""C001"", ""C002""]",,,3.0,,multi_hotspot,3051.559759422671,0.0,,808.1078656050947,1.0,4,2098.864556549112,704.8901106468907,3005.996184266823,417.3219693670615,5673.715212863262,51.22669247535418,756.8811731297405,6196.323933554713,2147.4795767188184,891.2685057073039,3038.7480824261224,0.6196323933554714,8,118.09842832093773,105.28675132438912,-95.97231709875769,83.16064010220919,1.1368683772161603e-13
279.00008577192364,1.0,,3057.222876742177,2,exp5:multi_hotspot:r006,,3.0,,279.00008577192364,0.25,hardening:multi_hotspot:r006,5,0.5099695846371366,7.0,2377.864642321036,1.0,,0.4173219693670615,6.0,,10000.0,Catalog then correct,,2098.864556549112,,,,,,moderate,1864.410186396186,1293.1656647324048,0.4868076808196178,,,0.6196323933554714,3157.575851128591,0.0,,0.0,4868.076808196178,0.1864410186396186,0.1293165664732404,40006,,"[""L006"", ""R000"", ""R005"", ""R006"", ""R007"", ""C001"", ""C002""]","[""L006"", ""R000"", ""R006"", ""R007"", ""C001"", ""C002""]",,,3.0,,multi_hotspot,3003.666621799992,0.0,,625.8019794789561,1.0,6,2098.864556549112,0.0,830.2915890046796,1043.3049234176538,3824.771884778524,128.06673118838543,497.73524829057067,6196.323933554713,2147.4795767188184,891.2685057073039,3038.7480824261224,0.6196323933554714,8,1293.1656647324048,1328.2471253585354,-230.38506560221776,265.4665262283478,-5.684341886080801e-13
570.8846040169853,3.0,,3057.222876742177,2,exp5:multi_hotspot:r006,,3.0,,923.3296593404308,0.25,hardening:multi_hotspot:r006,5,0.575316770434405,7.0,2317.3041052426515,1.0,,0.4173219693670615,6.0,,10000.0,Catalog then correct,,1049.432278274556,,,,,,moderate,2316.317450792096,841.258400336495,0.5358180701675691,,,0.6196323933554714,3157.575851128591,0.5,,2.0,5358.180701675692,0.2316317450792095,0.0841258400336495,40006,,"[""L007"", ""L029"", ""R000"", ""R005"", ""R006"", ""R007"", ""C001""]","[""L006"", ""R000"", ""R006"", ""R007"", ""C001"", ""C002""]",,,3.0,,multi_hotspot,3041.8632508835963,352.44505532344533,,724.5591456409446,1.0,4,2098.864556549112,352.44505532344533,1879.7238672792357,1043.3049234176538,4314.875778258038,128.06673118838543,596.4924144525592,6196.323933554713,2147.4795767188184,891.2685057073039,3038.7480824261224,0.6196323933554714,8,841.2584003364946,838.1432318790212,-169.82452852383312,166.7093600663593,-4.547473508864641e-13
848.3067590447488,5.0,,3057.222876742177,2,exp5:multi_hotspot:r006,,3.0,,848.3067590447488,0.25,hardening:multi_hotspot:r006,5,0.6387714821944194,9.0,2242.28120494697,1.0,,0.4173219693670615,6.0,,10000.0,Catalog then correct,,0.0,,,,,,moderate,2784.633215259032,372.9426358695586,0.58340910398758,,,0.6196323933554714,3157.575851128591,1.0,,2.0,5834.091039875799,0.2784633215259032,0.0372942635869558,40006,,"[""L007"", ""L028"", ""L029"", ""L033"", ""R000"", ""R005"", ""R006"", ""R007"", ""C001""]","[""L006"", ""R000"", ""R006"", ""R007"", ""C001"", ""C002""]",,,3.0,,multi_hotspot,3049.457824616766,0.0,,807.1766196697968,1.0,4,2098.864556549112,704.8901106468907,2929.1561455537917,1043.3049234176538,4790.7861164581445,128.06673118838543,679.1098884814113,6196.323933554713,2147.4795767188184,891.2685057073039,3038.7480824261224,0.6196323933554714,8,372.94263586955867,362.2328936789145,-94.80162822815146,84.09188603750715,-1.1368683772161603e-13
0.0,0.0,,3122.879618156244,2,exp5:regular:r006,,3.0,,0.0,0.0,hardening:regular:r006,5,0.720720729685054,7.0,2141.3045878105563,1.0,,0.720720729685054,7.0,,10000.000000000002,Catalog then correct,,2141.3045878105563,,,,,,moderate,4159.339046088547,354.81250957357315,0.720720729685054,,,0.7627544505002614,4514.15155566212,0.0,,0.0,7207.207296850539,0.4159339046088546,0.0354812509573573,40006,,"[""L034"", ""R001"", ""R004"", ""R005"", ""R007"", ""R008"", ""C001""]","[""L034"", ""R001"", ""R004"", ""R005"", ""R007"", ""R008"", ""C001""]",,,3.0,,regular,3047.8682507619924,0.0,,906.5636629514358,1.0,7,2141.3045878105563,0.0,981.5750303456875,0.0,7207.207296850539,0.0,906.5636629514358,7627.544505002612,2173.764441606428,939.6285077340644,3113.392949340492,0.7627544505002614,7,354.81250957357315,420.3372081520729,32.45985379587182,33.0648447826286,6.821210263296962e-13
0.0,0.0,,3122.879618156244,2,exp5:regular:r006,,3.0,,0.0,0.0,hardening:regular:r006,5,0.720720729685054,7.0,2141.3045878105563,1.0,,0.720720729685054,7.0,,10000.000000000002,Catalog then correct,,1070.6522939052782,,,,,,moderate,4159.339046088547,354.81250957357315,0.720720729685054,,,0.7627544505002614,4514.15155566212,0.5,,0.0,7207.207296850539,0.4159339046088546,0.0354812509573573,40006,,"[""L034"", ""R001"", ""R004"", ""R005"", ""R007"", ""R008"", ""C001""]","[""L034"", ""R001"", ""R004"", ""R005"", ""R007"", ""R008"", ""C001""]",,,3.0,,regular,3047.8682507619924,0.0,,906.5636629514358,1.0,7,2141.3045878105563,0.0,2052.2273242509655,0.0,7207.207296850539,0.0,906.5636629514358,7627.544505002612,2173.764441606428,939.6285077340644,3113.392949340492,0.7627544505002614,7,354.81250957357315,420.3372081520729,32.45985379587182,33.0648447826286,6.821210263296962e-13
608.1925243222297,2.0,,3122.879618156244,2,exp5:regular:r006,,3.0,,608.1925243222297,0.0,hardening:regular:r006,5,0.7627544505002614,7.0,2173.764441606428,1.0,,0.720720729685054,7.0,,10000.000000000002,Catalog then correct,,0.0,,,,,,moderate,4514.15155566212,0.0,0.7627544505002614,,,0.7627544505002614,4514.15155566212,1.0,,2.0,7627.544505002612,0.4514151555662119,0.0,40006,,"[""L034"", ""R001"", ""R002"", ""R003"", ""R004"", ""R007"", ""C001""]","[""L034"", ""R001"", ""R004"", ""R005"", ""R007"", ""R008"", ""C001""]",,,3.0,,regular,3113.392949340492,0.0,,939.6285077340644,1.0,5,2141.3045878105563,575.7326705263581,3122.879618156244,0.0,7627.544505002612,0.0,939.6285077340644,7627.544505002612,2173.764441606428,939.6285077340644,3113.392949340492,0.7627544505002614,7,0.0,0.0,0.0,0.0,0.0
0.0,0.0,,3122.879618156244,2,exp5:regular:r006,,3.0,,0.0,0.01,hardening:regular:r006,5,0.720720729685054,7.0,2141.3045878105563,1.0,,0.720720729685054,7.0,,10000.000000000002,Catalog then correct,,2141.3045878105563,,,,,,moderate,4159.339046088548,354.81250957357224,0.720720729685054,,,0.7627544505002614,4514.15155566212,0.0,,0.0,7207.20729685054,0.4159339046088546,0.0354812509573572,40006,,"[""L034"", ""R001"", ""R004"", ""R005"", ""R007"", ""R008"", ""C001""]","[""L034"", ""R001"", ""R004"", ""R005"", ""R007"", ""R008"", ""C001""]",,,3.0,,regular,3047.8682507619924,0.0,,906.5636629514358,1.0,7,2141.3045878105563,0.0,972.5093937161732,72.0720729685054,7135.135223882035,9.065636629514358,897.4980263219215,7627.544505002612,2173.764441606428,939.6285077340644,3113.392949340492,0.7627544505002614,7,354.81250957357224,420.337208152072,32.45985379587182,33.0648447826286,6.821210263296962e-13
0.0,0.0,,3122.879618156244,2,exp5:regular:r006,,3.0,,0.0,0.01,hardening:regular:r006,5,0.720720729685054,7.0,2141.3045878105563,1.0,,0.720720729685054,7.0,,10000.000000000002,Catalog then correct,,1070.6522939052782,,,,,,moderate,4159.339046088548,354.81250957357224,0.720720729685054,,,0.7627544505002614,4514.15155566212,0.5,,0.0,7207.20729685054,0.4159339046088546,0.0354812509573572,40006,,"[""L034"", ""R001"", ""R004"", ""R005"", ""R007"", ""R008"", ""C001""]","[""L034"", ""R001"", ""R004"", ""R005"", ""R007"", ""R008"", ""C001""]",,,3.0,,regular,3047.8682507619924,0.0,,906.5636629514358,1.0,7,2141.3045878105563,0.0,2043.1616876214512,72.0720729685054,7135.135223882035,9.065636629514358,897.4980263219215,7627.544505002612,2173.764441606428,939.6285077340644,3113.392949340492,0.7627544505002614,7,354.81250957357224,420.337208152072,32.45985379587182,33.0648447826286,6.821210263296962e-13
608.1925243222297,2.0,,3122.879618156244,2,exp5:regular:r006,,3.0,,608.1925243222297,0.01,hardening:regular:r006,5,0.7627544505002614,7.0,2173.764441606428,1.0,,0.720720729685054,7.0,,10000.000000000002,Catalog then correct,,0.0,,,,,,moderate,4510.278832028426,3.872723633693568,0.7623341132921093,,,0.7627544505002614,4514.15155566212,1.0,,2.0,7623.341132921092,0.4510278832028425,0.0003872723633693,40006,,"[""L034"", ""R001"", ""R002"", ""R003"", ""R004"", ""R007"", ""C001""]","[""L034"", ""R001"", ""R004"", ""R005"", ""R007"", ""R008"", ""C001""]",,,3.0,,regular,3113.062300892666,0.0,,939.297859286238,1.0,5,2141.3045878105563,575.7326705263581,3113.8139815267295,72.0720729685054,7551.269059952587,9.065636629514358,930.2322226567237,7627.544505002612,2173.764441606428,939.6285077340644,3113.392949340492,0.7627544505002614,7,3.8727236336935675,4.203372081519774,0.0,0.33064844782643377,2.2737367544323206e-13
0.0,0.0,,3122.879618156244,2,exp5:regular:r006,,3.0,,0.0,0.1,hardening:regular:r006,5,0.720720729685054,7.0,2141.3045878105563,1.0,,0.720720729685054,7.0,,10000.000000000002,Catalog then correct,,2141.3045878105563,,,,,,moderate,4159.339046088548,354.81250957357224,0.720720729685054,,,0.7627544505002614,4514.15155566212,0.0,,0.0,7207.20729685054,0.4159339046088546,0.0354812509573572,40006,,"[""L034"", ""R001"", ""R004"", ""R005"", ""R007"", ""R008"", ""C001""]","[""L034"", ""R001"", ""R004"", ""R005"", ""R007"", ""R008"", ""C001""]",,,3.0,,regular,3047.8682507619924,0.0,,906.563662951436,1.0,7,2141.3045878105563,0.0,890.918664050544,720.7207296850539,6486.486567165486,90.65636629514358,815.9072966562924,7627.544505002612,2173.764441606428,939.6285077340644,3113.392949340492,0.7627544505002614,7,354.81250957357224,420.337208152072,32.45985379587182,33.064844782628484,5.684341886080801e-13
0.0,0.0,,3122.879618156244,2,exp5:regular:r006,,3.0,,0.0,0.1,hardening:regular:r006,5,0.720720729685054,7.0,2141.3045878105563,1.0,,0.720720729685054,7.0,,10000.000000000002,Catalog then correct,,1070.6522939052782,,,,,,moderate,4159.339046088548,354.81250957357224,0.720720729685054,,,0.7627544505002614,4514.15155566212,0.5,,0.0,7207.20729685054,0.4159339046088546,0.0354812509573572,40006,,"[""L034"", ""R001"", ""R004"", ""R005"", ""R007"", ""R008"", ""C001""]","[""L034"", ""R001"", ""R004"", ""R005"", ""R007"", ""R008"", ""C001""]",,,3.0,,regular,3047.8682507619924,0.0,,906.563662951436,1.0,7,2141.3045878105563,0.0,1961.570957955822,720.7207296850539,6486.486567165486,90.65636629514358,815.9072966562924,7627.544505002612,2173.764441606428,939.6285077340644,3113.392949340492,0.7627544505002614,7,354.81250957357224,420.337208152072,32.45985379587182,33.064844782628484,5.684341886080801e-13
608.1925243222297,2.0,,3122.879618156244,2,exp5:regular:r006,,3.0,,608.1925243222297,0.1,hardening:regular:r006,5,0.7627544505002614,7.0,2173.764441606428,1.0,,0.720720729685054,7.0,,10000.000000000002,Catalog then correct,,0.0,,,,,,moderate,4475.424319325176,38.72723633694386,0.7585510784187406,,,0.7627544505002614,4514.15155566212,1.0,,2.0,7585.510784187405,0.4475424319325175,0.0038727236336943,40006,,"[""L034"", ""R001"", ""R002"", ""R003"", ""R004"", ""R007"", ""C001""]","[""L034"", ""R001"", ""R004"", ""R005"", ""R007"", ""R008"", ""C001""]",,,3.0,,regular,3110.086464862229,0.0,,936.3220232558016,1.0,5,2141.3045878105563,575.7326705263581,3032.2232518611004,720.7207296850539,6864.790054502351,90.65636629514358,845.665656960658,7627.544505002612,2173.764441606428,939.6285077340644,3113.392949340492,0.7627544505002614,7,38.72723633694386,42.033720815206834,0.0,3.3064844782628597,-1.1368683772161603e-13
0.0,0.0,,3122.879618156244,2,exp5:regular:r006,,3.0,,0.0,0.25,hardening:regular:r006,5,0.720720729685054,7.0,2141.3045878105563,1.0,,0.720720729685054,7.0,,10000.000000000002,Catalog then correct,,2141.3045878105563,,,,,,moderate,4159.339046088548,354.81250957357224,0.720720729685054,,,0.7627544505002614,4514.15155566212,0.0,,0.0,7207.20729685054,0.4159339046088546,0.0354812509573572,40006,,"[""L034"", ""R001"", ""R004"", ""R005"", ""R007"", ""R008"", ""C001""]","[""L034"", ""R001"", ""R004"", ""R005"", ""R007"", ""R008"", ""C001""]",,,3.0,,regular,3047.8682507619924,0.0,,906.5636629514358,1.0,7,2141.3045878105563,0.0,754.9341146078286,1801.8018242126348,5405.405472637905,226.64091573785896,679.9227472135769,7627.544505002612,2173.764441606428,939.6285077340644,3113.392949340492,0.7627544505002614,7,354.81250957357224,420.337208152072,32.45985379587182,33.0648447826286,6.821210263296962e-13
0.0,0.0,,3122.879618156244,2,exp5:regular:r006,,3.0,,0.0,0.25,hardening:regular:r006,5,0.720720729685054,7.0,2141.3045878105563,1.0,,0.720720729685054,7.0,,10000.000000000002,Catalog then correct,,1070.6522939052782,,,,,,moderate,4159.339046088548,354.81250957357224,0.720720729685054,,,0.7627544505002614,4514.15155566212,0.5,,0.0,7207.20729685054,0.4159339046088546,0.0354812509573572,40006,,"[""L034"", ""R001"", ""R004"", ""R005"", ""R007"", ""R008"", ""C001""]","[""L034"", ""R001"", ""R004"", ""R005"", ""R007"", ""R008"", ""C001""]",,,3.0,,regular,3047.8682507619924,0.0,,906.5636629514358,1.0,7,2141.3045878105563,0.0,1825.5864085131066,1801.8018242126348,5405.405472637905,226.64091573785896,679.9227472135769,7627.544505002612,2173.764441606428,939.6285077340644,3113.392949340492,0.7627544505002614,7,354.81250957357224,420.337208152072,32.45985379587182,33.0648447826286,6.821210263296962e-13
763.1197169902271,3.0,,3122.879618156244,2,exp5:regular:r006,,3.0,,763.1197169902271,0.25,hardening:regular:r006,5,0.765309974264829,7.0,2189.2666961819154,1.0,,0.720720729685054,7.0,,10000.000000000002,Catalog then correct,,0.0,,,,,,moderate,4418.747013042608,95.40454261951164,0.7541626631198852,,,0.7627544505002614,4514.15155566212,1.0,,3.0,7541.626631198852,0.4418747013042607,0.0095404542619511,40006,,"[""L013"", ""R001"", ""R002"", ""R003"", ""R004"", ""R007"", ""C001""]","[""L034"", ""R001"", ""R004"", ""R005"", ""R007"", ""R008"", ""C001""]",,,3.0,,regular,3122.879618156244,0.0,,933.6129219743286,1.0,4,2141.3045878105563,715.1576086188676,2896.238702418385,1801.8018242126348,5739.8248069862175,226.64091573785896,706.9720062364697,7627.544505002612,2173.764441606428,939.6285077340644,3113.392949340492,0.7627544505002614,7,95.40454261951163,85.9178738037599,-15.502254575487314,6.0155857597358136,2.2737367544323206e-13
0.0,0.0,,3145.357852427541,2,exp5:asymmetric:r007,,3.0,,0.0,0.0,hardening:asymmetric:r007,5,0.6226451818775294,8.0,2147.9652626082698,1.0,,0.6226451818775294,8.0,,9999.999999999998,Catalog then correct,,2147.9652626082698,,,,,,moderate,3194.8623499470714,684.0599338141701,0.6226451818775294,,,0.7024280136188782,3878.9222837612415,0.0,,0.0,6226.451818775294,0.3194862349947072,0.068405993381417,40007,,"[""L013"", ""L017"", ""R000"", ""R001"", ""R003"", ""R004"", ""R006"", ""R007""]","[""L013"", ""L017"", ""R000"", ""R001"", ""R003"", ""R004"", ""R006"", ""R007""]",,,3.0,,asymmetric,3031.5894688282224,0.0,,883.6242062199526,1.0,8,2147.9652626082698,0.0,997.392589819271,0.0,6226.451818775294,0.0,883.6242062199526,7024.280136188782,2216.453816728647,928.904035698894,3145.357852427541,0.7024280136188782,8,684.0599338141701,797.8283174134885,68.4885541203771,45.27982947894134,0.0
0.0,0.0,,3145.357852427541,2,exp5:asymmetric:r007,,3.0,,0.0,0.0,hardening:asymmetric:r007,5,0.6226451818775294,8.0,2147.9652626082698,1.0,,0.6226451818775294,8.0,,9999.999999999998,Catalog then correct,,1073.9826313041349,,,,,,moderate,3194.8623499470714,684.0599338141701,0.6226451818775294,,,0.7024280136188782,3878.9222837612415,0.5,,0.0,6226.451818775294,0.3194862349947072,0.068405993381417,40007,,"[""L013"", ""L017"", ""R000"", ""R001"", ""R003"", ""R004"", ""R006"", ""R007""]","[""L013"", ""L017"", ""R000"", ""R001"", ""R003"", ""R004"", ""R006"", ""R007""]",,,3.0,,asymmetric,3031.5894688282224,0.0,,883.6242062199526,1.0,8,2147.9652626082698,0.0,2071.375221123406,0.0,6226.451818775294,0.0,883.6242062199526,7024.280136188782,2216.453816728647,928.904035698894,3145.357852427541,0.7024280136188782,8,684.0599338141701,797.8283174134885,68.4885541203771,45.27982947894134,0.0
1003.7523048309006,4.0,,3145.357852427541,2,exp5:asymmetric:r007,,3.0,,1003.7523048309006,0.0,hardening:asymmetric:r007,5,0.7024280136188782,8.0,2216.453816728647,1.0,,0.6226451818775294,8.0,,9999.999999999998,Catalog then correct,,0.0,,,,,,moderate,3878.9222837612415,0.0,0.7024280136188782,,,0.7024280136188782,3878.9222837612415,1.0,,4.0,7024.280136188782,0.3878922283761242,0.0,40007,,"[""L005"", ""L007"", ""L029"", ""R001"", ""R003"", ""R004"", ""R007"", ""C001""]","[""L013"", ""L017"", ""R000"", ""R001"", ""R003"", ""R004"", ""R006"", ""R007""]",,,3.0,,asymmetric,3145.357852427541,0.0,,928.904035698894,1.0,4,2147.9652626082698,935.2637507105233,3145.357852427541,0.0,7024.280136188782,0.0,928.904035698894,7024.280136188782,2216.453816728647,928.904035698894,3145.357852427541,0.7024280136188782,8,0.0,0.0,0.0,0.0,0.0
0.0,0.0,,3145.357852427541,2,exp5:asymmetric:r007,,3.0,,0.0,0.01,hardening:asymmetric:r007,5,0.6226451818775294,8.0,2147.9652626082698,1.0,,0.6226451818775294,8.0,,9999.999999999998,Catalog then correct,,2147.9652626082698,,,,,,moderate,3194.8623499470714,684.0599338141701,0.6226451818775294,,,0.7024280136188782,3878.9222837612415,0.0,,0.0,6226.451818775294,0.3194862349947072,0.068405993381417,40007,,"[""L013"", ""L017"", ""R000"", ""R001"", ""R003"", ""R004"", ""R006"", ""R007""]","[""L013"", ""L017"", ""R000"", ""R001"", ""R003"", ""R004"", ""R006"", ""R007""]",,,3.0,,asymmetric,3031.5894688282224,0.0,,883.6242062199526,1.0,8,2147.9652626082698,0.0,988.5563477570715,62.26451818775294,6164.18730058754,8.836242062199526,874.7879641577531,7024.280136188782,2216.453816728647,928.904035698894,3145.357852427541,0.7024280136188782,8,684.0599338141701,797.8283174134885,68.4885541203771,45.27982947894134,0.0
0.0,0.0,,3145.357852427541,2,exp5:asymmetric:r007,,3.0,,0.0,0.01,hardening:asymmetric:r007,5,0.6226451818775294,8.0,2147.9652626082698,1.0,,0.6226451818775294,8.0,,9999.999999999998,Catalog then correct,,1073.9826313041349,,,,,,moderate,3194.8623499470714,684.0599338141701,0.6226451818775294,,,0.7024280136188782,3878.9222837612415,0.5,,0.0,6226.451818775294,0.3194862349947072,0.068405993381417,40007,,"[""L013"", ""L017"", ""R000"", ""R001"", ""R003"", ""R004"", ""R006"", ""R007""]","[""L013"", ""L017"", ""R000"", ""R001"", ""R003"", ""R004"", ""R006"", ""R007""]",,,3.0,,asymmetric,3031.5894688282224,0.0,,883.6242062199526,1.0,8,2147.9652626082698,0.0,2062.538979061206,62.26451818775294,6164.18730058754,8.836242062199526,874.7879641577531,7024.280136188782,2216.453816728647,928.904035698894,3145.357852427541,0.7024280136188782,8,684.0599338141701,797.8283174134885,68.4885541203771,45.27982947894134,0.0
1003.7523048309006,4.0,,3145.357852427541,2,exp5:asymmetric:r007,,3.0,,1003.7523048309006,0.01,hardening:asymmetric:r007,5,0.7026423582768999,8.0,2216.453816728647,1.0,,0.6226451818775294,8.0,,9999.999999999998,Catalog then correct,,0.0,,,,,,moderate,3873.066012701521,5.856271059720712,0.7018423865129062,,,0.7024280136188782,3878.9222837612415,1.0,,4.0,7018.423865129062,0.3873066012701521,0.000585627105972,40007,,"[""L005"", ""L007"", ""L029"", ""R001"", ""R003"", ""R004"", ""R007"", ""C001""]","[""L013"", ""L017"", ""R000"", ""R001"", ""R003"", ""R004"", ""R006"", ""R007""]",,,3.0,,asymmetric,3145.357852427541,0.0,,928.9040356988936,1.0,4,2147.9652626082698,935.2637507105233,3136.521610365341,62.26451818775294,6956.159346941308,8.836242062199526,920.0677936366941,7024.280136188782,2216.453816728647,928.904035698894,3145.357852427541,0.7024280136188782,8,5.8562710597207115,5.8562710597207115,0.0,3.410605131648481e-13,3.410605131648481e-13
0.0,0.0,,3145.357852427541,2,exp5:asymmetric:r007,,3.0,,0.0,0.1,hardening:asymmetric:r007,5,0.6226451818775294,8.0,2147.9652626082698,1.0,,0.6226451818775294,8.0,,9999.999999999998,Catalog then correct,,2147.9652626082698,,,,,,moderate,3194.8623499470714,684.0599338141701,0.6226451818775294,,,0.7024280136188782,3878.9222837612415,0.0,,0.0,6226.451818775294,0.3194862349947072,0.068405993381417,40007,,"[""L013"", ""L017"", ""R000"", ""R001"", ""R003"", ""R004"", ""R006"", ""R007""]","[""L013"", ""L017"", ""R000"", ""R001"", ""R003"", ""R004"", ""R006"", ""R007""]",,,3.0,,asymmetric,3031.5894688282224,0.0,,883.6242062199525,1.0,8,2147.9652626082698,0.0,909.0301691972758,622.6451818775295,5603.806636897764,88.36242062199527,795.2617855979572,7024.280136188782,2216.453816728647,928.904035698894,3145.357852427541,0.7024280136188782,8,684.0599338141701,797.8283174134885,68.4885541203771,45.27982947894145,1.1368683772161603e-13
0.0,0.0,,3145.357852427541,2,exp5:asymmetric:r007,,3.0,,0.0,0.1,hardening:asymmetric:r007,5,0.6226451818775294,8.0,2147.9652626082698,1.0,,0.6226451818775294,8.0,,9999.999999999998,Catalog then correct,,1073.9826313041349,,,,,,moderate,3194.8623499470714,684.0599338141701,0.6226451818775294,,,0.7024280136188782,3878.9222837612415,0.5,,0.0,6226.451818775294,0.3194862349947072,0.068405993381417,40007,,"[""L013"", ""L017"", ""R000"", ""R001"", ""R003"", ""R004"", ""R006"", ""R007""]","[""L013"", ""L017"", ""R000"", ""R001"", ""R003"", ""R004"", ""R006"", ""R007""]",,,3.0,,asymmetric,3031.5894688282224,0.0,,883.6242062199525,1.0,8,2147.9652626082698,0.0,1983.0128005014108,622.6451818775295,5603.806636897764,88.36242062199527,795.2617855979572,7024.280136188782,2216.453816728647,928.904035698894,3145.357852427541,0.7024280136188782,8,684.0599338141701,797.8283174134885,68.4885541203771,45.27982947894145,1.1368683772161603e-13
1147.6719072043625,4.0,,3145.357852427541,2,exp5:asymmetric:r007,,3.0,,1147.6719072043625,0.1,hardening:asymmetric:r007,5,0.7128984954279275,8.0,2169.285432433696,1.0,,0.6226451818775294,8.0,,9999.999999999998,Catalog then correct,,0.0,,,,,,moderate,3912.906384619321,-33.98410085807973,0.7038731640728877,,,0.7024280136188782,3878.9222837612415,1.0,,4.0,7038.731640728877,0.3912906384619322,-0.0033984100858079,40007,,"[""L007"", ""L013"", ""L029"", ""R001"", ""R003"", ""R004"", ""R005"", ""C001""]","[""L013"", ""L017"", ""R000"", ""R001"", ""R003"", ""R004"", ""R006"", ""R007""]",,,3.0,,asymmetric,3125.825256109556,0.0,,956.5398236758602,1.0,4,2147.9652626082698,1126.351737378936,3056.9954318055456,622.6451818775295,6416.086458851348,88.36242062199527,868.177403053865,7024.280136188782,2216.453816728647,928.904035698894,3145.357852427541,0.7024280136188782,8,-33.98410085807973,-14.451504540094902,47.16838429495101,-27.6357879769663,-1.1368683772161603e-13
0.0,0.0,,3145.357852427541,2,exp5:asymmetric:r007,,3.0,,0.0,0.25,hardening:asymmetric:r007,5,0.6226451818775294,8.0,2147.9652626082698,1.0,,0.6226451818775294,8.0,,9999.999999999998,Catalog then correct,,2147.9652626082698,,,,,,moderate,3194.8623499470714,684.0599338141701,0.6226451818775294,,,0.7024280136188782,3878.9222837612415,0.0,,0.0,6226.451818775294,0.3194862349947072,0.068405993381417,40007,,"[""L013"", ""L017"", ""R000"", ""R001"", ""R003"", ""R004"", ""R006"", ""R007""]","[""L013"", ""L017"", ""R000"", ""R001"", ""R003"", ""R004"", ""R006"", ""R007""]",,,3.0,,asymmetric,3031.5894688282224,0.0,,883.6242062199526,1.0,8,2147.9652626082698,0.0,776.4865382642829,1556.6129546938234,4669.83886408147,220.90605155498815,662.7181546649645,7024.280136188782,2216.453816728647,928.904035698894,3145.357852427541,0.7024280136188782,8,684.0599338141701,797.8283174134885,68.4885541203771,45.27982947894134,0.0
0.0,0.0,,3145.357852427541,2,exp5:asymmetric:r007,,3.0,,0.0,0.25,hardening:asymmetric:r007,5,0.6226451818775294,8.0,2147.9652626082698,1.0,,0.6226451818775294,8.0,,9999.999999999998,Catalog then correct,,1073.9826313041349,,,,,,moderate,3194.8623499470714,684.0599338141701,0.6226451818775294,,,0.7024280136188782,3878.9222837612415,0.5,,0.0,6226.451818775294,0.3194862349947072,0.068405993381417,40007,,"[""L013"", ""L017"", ""R000"", ""R001"", ""R003"", ""R004"", ""R006"", ""R007""]","[""L013"", ""L017"", ""R000"", ""R001"", ""R003"", ""R004"", ""R006"", ""R007""]",,,3.0,,asymmetric,3031.5894688282224,0.0,,883.6242062199526,1.0,8,2147.9652626082698,0.0,1850.4691695684178,1556.6129546938234,4669.83886408147,220.90605155498815,662.7181546649645,7024.280136188782,2216.453816728647,928.904035698894,3145.357852427541,0.7024280136188782,8,684.0599338141701,797.8283174134885,68.4885541203771,45.27982947894134,0.0
1147.6719072043625,4.0,,3145.357852427541,2,exp5:asymmetric:r007,,3.0,,1147.6719072043625,0.25,hardening:asymmetric:r007,5,0.7128984954279275,8.0,2169.285432433696,1.0,,0.6226451818775294,8.0,,9999.999999999998,Catalog then correct,,0.0,,,,,,moderate,3789.679017203042,89.2432665581996,0.6903351670403279,,,0.7024280136188782,3878.9222837612415,1.0,,4.0,6903.35167040328,0.3789679017203042,0.0089243266558199,40007,,"[""L007"", ""L013"", ""L029"", ""R001"", ""R003"", ""R004"", ""R005"", ""C001""]","[""L013"", ""L017"", ""R000"", ""R001"", ""R003"", ""R004"", ""R006"", ""R007""]",,,3.0,,asymmetric,3113.672653200238,0.0,,944.3872207665422,1.0,4,2147.9652626082698,1126.351737378936,2924.4518008725527,1556.6129546938234,5346.738715709456,220.90605155498815,723.4811692115541,7024.280136188782,2216.453816728647,928.904035698894,3145.357852427541,0.7024280136188782,8,89.2432665581996,120.92846578550234,47.16838429495101,-15.483185067648265,0.0
273.3722826032253,1.0,,3160.0896040703738,2,exp5:multi_hotspot:r007,,3.0,,273.3722826032253,0.0,hardening:multi_hotspot:r007,5,0.5796473134373578,7.0,2390.708584368881,1.0,,0.517099852649601,6.0,,9999.999999999998,Catalog then correct,,2117.336301765655,,,,,,moderate,2645.175048859181,573.5870460481274,0.5796473134373578,,,0.6369918518381442,3218.762094907309,0.0,,0.0,5796.4731343735775,0.2645175048859182,0.0573587046048127,40007,,"[""R000"", ""R002"", ""R003"", ""R004"", ""R006"", ""R007"", ""C001""]","[""R000"", ""R002"", ""R004"", ""R006"", ""R007"", ""C001""]",,,3.0,,multi_hotspot,3151.298085514396,0.0,,760.5895011455152,1.0,6,2117.336301765655,0.0,1042.7533023047185,0.0,5796.4731343735775,0.0,760.5895011455152,6369.9185183814425,2150.5938896102944,1000.5625338638396,3151.1564234741336,0.6369918518381442,10,573.5870460481278,573.445384007865,-240.11469475858667,239.97303271832436,5.684341886080801e-13
300.6433042518371,2.0,,3160.0896040703738,2,exp5:multi_hotspot:r007,,3.0,,443.5969945261213,0.0,hardening:multi_hotspot:r007,5,0.581619470921216,7.0,2275.0259157432083,1.0,,0.517099852649601,6.0,,9999.999999999998,Catalog then correct,,1058.6681508828276,,,,,,moderate,2731.8350522292003,486.9270426781086,0.581619470921216,,,0.6369918518381442,3218.762094907309,0.5,,1.0,5816.19470921216,0.27318350522292,0.0486927042678108,40007,,"[""L018"", ""L021"", ""R000"", ""R002"", ""R004"", ""R007"", ""C001""]","[""R000"", ""R002"", ""R004"", ""R006"", ""R007"", ""C001""]",,,3.0,,multi_hotspot,3084.35965698296,142.95369027428418,,809.3337412397514,1.0,5,2117.336301765655,142.95369027428418,2101.421453187546,0.0,5816.19470921216,0.0,809.3337412397514,6369.9185183814425,2150.5938896102944,1000.5625338638396,3151.1564234741336,0.6369918518381442,10,486.9270426781086,553.7238091692825,-124.43202613291396,191.22879262408821,3.410605131648481e-13
886.7473158222322,6.0,,3160.0896040703738,2,exp5:multi_hotspot:r007,,3.0,,886.7473158222322,0.0,hardening:multi_hotspot:r007,5,0.6369918518381442,10.0,2150.5938896102944,1.0,,0.517099852649601,6.0,,9999.999999999998,Catalog then correct,,0.0,,,,,,moderate,3218.762094907309,0.0,0.6369918518381442,,,0.6369918518381442,3218.762094907309,1.0,,2.0,6369.9185183814425,0.3218762094907309,0.0,40007,,"[""L016"", ""L017"", ""L018"", ""L023"", ""L027"", ""L030"", ""R000"", ""R002"", ""R004"", ""R007""]","[""R000"", ""R002"", ""R004"", ""R006"", ""R007"", ""C001""]",,,3.0,,multi_hotspot,3151.1564234741336,0.0,,1000.5625338638396,1.0,4,2117.336301765655,853.4897279775932,3160.0896040703738,0.0,6369.9185183814425,0.0,1000.5625338638396,6369.9185183814425,2150.5938896102944,1000.5625338638396,3151.1564234741336,0.6369918518381442,10,0.0,0.0,0.0,0.0,0.0
273.3722826032253,1.0,,3160.0896040703738,2,exp5:multi_hotspot:r007,,3.0,,273.3722826032253,0.01,hardening:multi_hotspot:r007,5,0.5796473134373578,7.0,2390.708584368881,1.0,,0.517099852649601,6.0,,9999.999999999998,Catalog then correct,,2117.336301765655,,,,,,moderate,2639.888572664648,578.8735222426612,0.5790218388294802,,,0.6369918518381442,3218.762094907309,0.0,,0.0,5790.218388294802,0.2639888572664648,0.0578873522242661,40007,,"[""R000"", ""R002"", ""R003"", ""R004"", ""R006"", ""R007"", ""C001""]","[""R000"", ""R002"", ""R004"", ""R006"", ""R007"", ""C001""]",,,3.0,,multi_hotspot,3150.3298156301544,0.0,,759.6212312612738,1.0,6,2117.336301765655,0.0,1036.115677177505,51.7099852649601,5738.508403029842,6.637625127213553,752.9836061340602,6369.9185183814425,2150.5938896102944,1000.5625338638396,3151.1564234741336,0.6369918518381442,10,578.8735222426608,579.7001300866405,-240.11469475858667,240.94130260256577,-5.684341886080801e-13
300.6433042518371,2.0,,3160.0896040703738,2,exp5:multi_hotspot:r007,,3.0,,443.5969945261213,0.01,hardening:multi_hotspot:r007,5,0.581619470921216,7.0,2275.0259157432083,1.0,,0.517099852649601,6.0,,9999.999999999998,Catalog then correct,,1058.6681508828276,,,,,,moderate,2726.8388026872226,491.9232922200863,0.5809742747384999,,,0.6369918518381442,3218.762094907309,0.5,,1.0,5809.742747384998,0.2726838802687223,0.0491923292220086,40007,,"[""L018"", ""L021"", ""R000"", ""R002"", ""R004"", ""R007"", ""C001""]","[""R000"", ""R002"", ""R004"", ""R006"", ""R007"", ""C001""]",,,3.0,,multi_hotspot,3082.903944697776,142.95369027428418,,807.8780289545675,1.0,5,2117.336301765655,142.95369027428418,2094.7838280603323,51.7099852649601,5758.032762120039,6.637625127213553,801.2404038273539,6369.9185183814425,2150.5938896102944,1000.5625338638396,3151.1564234741336,0.6369918518381442,10,491.9232922200863,560.175770996444,-124.43202613291396,192.68450490927205,3.410605131648481e-13
886.7473158222322,6.0,,3160.0896040703738,2,exp5:multi_hotspot:r007,,3.0,,886.7473158222322,0.01,hardening:multi_hotspot:r007,5,0.6369918518381442,10.0,2150.5938896102944,1.0,,0.517099852649601,6.0,,9999.999999999998,Catalog then correct,,0.0,,,,,,moderate,3210.140895199878,8.62119970743106,0.6357929318462588,,,0.6369918518381442,3218.762094907309,1.0,,2.0,6357.929318462587,0.3210140895199878,0.0008621199707431,40007,,"[""L016"", ""L017"", ""L018"", ""L023"", ""L027"", ""L030"", ""R000"", ""R002"", ""R004"", ""R007""]","[""R000"", ""R002"", ""R004"", ""R006"", ""R007"", ""C001""]",,,3.0,,multi_hotspot,3147.788423262709,0.0,,997.1945336524144,1.0,4,2117.336301765655,853.4897279775932,3153.45197894316,51.7099852649601,6306.219333197627,6.637625127213553,990.5569085252008,6369.9185183814425,2150.5938896102944,1000.5625338638396,3151.1564234741336,0.6369918518381442,10,8.62119970743106,11.989199918855775,0.0,3.3680002114251693,4.547473508864641e-13
273.3722826032253,1.0,,3160.0896040703738,2,exp5:multi_hotspot:r007,,3.0,,273.3722826032253,0.1,hardening:multi_hotspot:r007,5,0.5796473134373578,7.0,2390.708584368881,1.0,,0.517099852649601,6.0,,9999.999999999998,Catalog then correct,,2117.336301765655,,,,,,moderate,2592.310286913842,626.4518079934669,0.573392567358582,,,0.6369918518381442,3218.762094907309,0.0,,0.0,5733.925673585822,0.2592310286913842,0.0626451807993467,40007,,"[""R000"", ""R002"", ""R003"", ""R004"", ""R006"", ""R007"", ""C001""]","[""R000"", ""R002"", ""R004"", ""R006"", ""R007"", ""C001""]",,,3.0,,multi_hotspot,3141.61538667198,0.0,,750.9068023030993,1.0,6,2117.336301765655,0.0,976.377051032583,517.0998526496011,5216.82582093622,66.37625127213553,684.5305510309638,6369.9185183814425,2150.5938896102944,1000.5625338638396,3151.1564234741336,0.6369918518381442,10,626.4518079934669,635.9928447956208,-240.11469475858667,249.65573156074026,-3.410605131648481e-13
300.6433042518371,2.0,,3160.0896040703738,2,exp5:multi_hotspot:r007,,3.0,,443.5969945261213,0.1,hardening:multi_hotspot:r007,5,0.581619470921216,7.0,2275.0259157432083,1.0,,0.517099852649601,6.0,,9999.999999999998,Catalog then correct,,1058.6681508828276,,,,,,moderate,2681.8725568094264,536.8895380978825,0.5751675090940545,,,0.6369918518381442,3218.762094907309,0.5,,1.0,5751.675090940546,0.2681872556809427,0.0536889538097882,40007,,"[""L018"", ""L021"", ""R000"", ""R002"", ""R004"", ""R007"", ""C001""]","[""R000"", ""R002"", ""R004"", ""R006"", ""R007"", ""C001""]",,,3.0,,multi_hotspot,3069.80253413112,142.95369027428418,,794.7766183879118,1.0,5,2117.336301765655,142.95369027428418,2035.0452019154104,517.0998526496011,5234.575238290945,66.37625127213553,728.4003671157762,6369.9185183814425,2150.5938896102944,1000.5625338638396,3151.1564234741336,0.6369918518381442,10,536.8895380978825,618.2434274408961,-124.43202613291396,205.78591547592782,2.2737367544323206e-13
899.0304579574886,6.0,,3160.0896040703738,2,exp5:multi_hotspot:r007,,3.0,,899.0304579574886,0.1,hardening:multi_hotspot:r007,5,0.6460099601642327,10.0,2162.8770317455505,1.0,,0.517099852649601,6.0,,9999.999999999998,Catalog then correct,,0.0,,,,,,moderate,3171.765949514656,46.99614539265304,0.6331189494127696,,,0.6369918518381442,3218.762094907309,1.0,,2.0,6331.189494127695,0.3171765949514656,0.0046996145392653,40007,,"[""L016"", ""L017"", ""L018"", ""L021"", ""L023"", ""L030"", ""R000"", ""R002"", ""R004"", ""R007""]","[""R000"", ""R002"", ""R004"", ""R006"", ""R007"", ""C001""]",,,3.0,,multi_hotspot,3159.423544613039,0.0,,996.5465128674888,1.0,4,2117.336301765655,853.4897279775932,3093.7133527982382,517.0998526496011,5814.089641478094,66.37625127213553,930.1702615953533,6369.9185183814425,2150.5938896102944,1000.5625338638396,3151.1564234741336,0.6369918518381442,10,46.996145392653034,38.72902425374741,-12.283142135256185,4.01602099635079,2.2737367544323206e-13
273.3722826032253,1.0,,3160.0896040703738,2,exp5:multi_hotspot:r007,,3.0,,273.3722826032253,0.25,hardening:multi_hotspot:r007,5,0.5796473134373578,7.0,2390.708584368881,1.0,,0.517099852649601,6.0,,9999.999999999998,Catalog then correct,,2117.336301765655,,,,,,moderate,2513.013143995829,705.7489509114794,0.5640104482404186,,,0.6369918518381442,3218.762094907309,0.0,,0.0,5640.104482404186,0.251301314399583,0.0705748950911479,40007,,"[""R000"", ""R002"", ""R003"", ""R004"", ""R006"", ""R007"", ""C001""]","[""R000"", ""R002"", ""R004"", ""R006"", ""R007"", ""C001""]",,,3.0,,multi_hotspot,3127.091338408356,0.0,,736.3827540394752,1.0,6,2117.336301765655,0.0,876.8126741243798,1292.7496316240026,4347.3548507801825,165.94062818033882,570.4421258591365,6369.9185183814425,2150.5938896102944,1000.5625338638396,3151.1564234741336,0.6369918518381442,10,705.7489509114798,729.8140359772569,-240.11469475858667,264.17977982436435,5.684341886080801e-13
411.3261556616653,2.0,,3160.0896040703738,2,exp5:multi_hotspot:r007,,3.0,,554.2798459359495,0.25,hardening:multi_hotspot:r007,5,0.5971886331942097,7.0,2385.708767153036,1.0,,0.517099852649601,6.0,,9999.999999999998,Catalog then correct,,1058.6681508828276,,,,,,moderate,2614.158028247981,604.604066659328,0.5771664380580576,,,0.6369918518381442,3218.762094907309,0.5,,1.0,5771.664380580576,0.2614158028247981,0.0604604066659328,40007,,"[""L017"", ""R000"", ""R002"", ""R003"", ""R004"", ""R007"", ""C001""]","[""R000"", ""R002"", ""R004"", ""R006"", ""R007"", ""C001""]",,,3.0,,multi_hotspot,3157.5063523325957,142.95369027428418,,771.7975851795591,1.0,5,2117.336301765655,142.95369027428418,1935.4808250072072,1292.7496316240026,4478.914748956573,165.94062818033882,605.8569569992203,6369.9185183814425,2150.5938896102944,1000.5625338638396,3151.1564234741336,0.6369918518381442,10,604.604066659328,598.2541378008664,-235.11487754274185,228.7649486842805,3.410605131648481e-13
899.0304579574886,6.0,,3160.0896040703738,2,exp5:multi_hotspot:r007,,3.0,,899.0304579574886,0.25,hardening:multi_hotspot:r007,5,0.6460099601642327,10.0,2162.8770317455505,1.0,,0.517099852649601,6.0,,9999.999999999998,Catalog then correct,,0.0,,,,,,moderate,3033.864788267064,184.897306640245,0.6137824332855748,,,0.6369918518381442,3218.762094907309,1.0,,2.0,6137.824332855747,0.3033864788267064,0.0184897306640245,40007,,"[""L016"", ""L017"", ""L018"", ""L021"", ""L023"", ""L030"", ""R000"", ""R002"", ""R004"", ""R007""]","[""R000"", ""R002"", ""R004"", ""R006"", ""R007"", ""C001""]",,,3.0,,multi_hotspot,3103.9595445886835,0.0,,941.0825128431331,1.0,4,2117.336301765655,853.4897279775932,2994.1489758900348,1292.7496316240026,4845.074701231744,165.94062818033882,775.1418846627944,6369.9185183814425,2150.5938896102944,1000.5625338638396,3151.1564234741336,0.6369918518381442,10,184.897306640245,232.09418552569514,-12.283142135256185,59.48002102070643,1.1368683772161603e-13
147.4378180157771,1.0,,3115.6062898195664,2,exp5:regular:r007,,3.0,,645.9550653691089,0.0,hardening:regular:r007,5,0.4097476826168196,7.0,2405.495212408028,1.0,,0.3637433706536435,7.0,,9999.999999999998,Catalog then correct,,2258.05739439225,,,,,,moderate,1135.7883675774565,2848.7899310506464,0.4097476826168196,,,0.7096109314429406,3984.578298628103,0.0,,1.0,4097.476826168197,0.1135788367577456,0.2848789931050647,40007,,"[""L029"", ""L030"", ""R003"", ""R004"", ""R006"", ""R008"", ""C002""]","[""L029"", ""R003"", ""R004"", ""R006"", ""R008"", ""C000"", ""C002""]",,,3.0,,regular,2961.68845859074,498.51724735333175,,556.1932461827125,1.0,6,2258.05739439225,0.0,857.5488954273164,0.0,4097.476826168197,0.0,556.1932461827125,7096.109314429406,2129.646010762552,981.8850050387516,3111.5310158013035,0.7096109314429406,7,2848.7899310506464,2998.63248826121,-275.84920164547566,425.6917588560391,0.0
599.0963668194081,3.0,,3115.6062898195664,2,exp5:regular:r007,,3.0,,1095.680737773896,0.0,hardening:regular:r007,5,0.5108553478183268,8.0,2360.56939025717,1.0,,0.3637433706536435,7.0,,9999.999999999998,Catalog then correct,,1129.028697196125,,,,,,moderate,1996.2289165675493,1988.3493820605536,0.5108553478183268,,,0.7096109314429406,3984.578298628103,0.5,,2.0,5108.553478183268,0.1996228916567549,0.1988349382060553,40007,,"[""L029"", ""L030"", ""L033"", ""R003"", ""R004"", ""R006"", ""R007"", ""R008""]","[""L029"", ""R003"", ""R004"", ""R006"", ""R008"", ""C000"", ""C002""]",,,3.0,,regular,3112.3245616157183,496.584370954488,,751.7551713585481,1.0,5,2258.05739439225,496.584370954488,1986.5775926234414,0.0,5108.553478183268,0.0,751.7551713585481,7096.109314429406,2129.646010762552,981.8850050387516,3111.5310158013035,0.7096109314429406,7,1988.3493820605536,1987.555836246138,-230.92337949461808,230.12983368020355,1.1368683772161603e-12
1853.825600314364,6.0,,3115.6062898195664,2,exp5:regular:r007,,3.0,,1853.825600314364,0.0,hardening:regular:r007,5,0.7096109314429406,7.0,2129.646010762552,1.0,,0.3637433706536435,7.0,,9999.999999999998,Catalog then correct,,0.0,,,,,,moderate,3984.578298628103,0.0,0.7096109314429406,,,0.7096109314429406,3984.578298628103,1.0,,6.0,7096.109314429406,0.3984578298628103,0.0,40007,,"[""L012"", ""L030"", ""R000"", ""R001"", ""R004"", ""R007"", ""C001""]","[""L029"", ""R003"", ""R004"", ""R006"", ""R008"", ""C000"", ""C002""]",,,3.0,,regular,3111.5310158013035,0.0,,981.8850050387516,1.0,1,2258.05739439225,1982.2369839440616,3115.6062898195664,0.0,7096.109314429406,0.0,981.8850050387516,7096.109314429406,2129.646010762552,981.8850050387516,3111.5310158013035,0.7096109314429406,7,0.0,0.0,0.0,0.0,0.0
147.4378180157771,1.0,,3115.6062898195664,2,exp5:regular:r007,,3.0,,645.9550653691089,0.01,hardening:regular:r007,5,0.4097476826168196,7.0,2405.495212408028,1.0,,0.3637433706536435,7.0,,9999.999999999998,Catalog then correct,,2258.05739439225,,,,,,moderate,1131.9995675546802,2852.5787310734227,0.4092876394971879,,,0.7096109314429406,3984.578298628103,0.0,,1.0,4092.876394971879,0.113199956755468,0.2852578731073423,40007,,"[""L029"", ""L030"", ""R003"", ""R004"", ""R006"", ""R008"", ""C002""]","[""L029"", ""R003"", ""R004"", ""R006"", ""R008"", ""C000"", ""C002""]",,,3.0,,regular,2960.876827417199,498.51724735333175,,555.3816150091716,1.0,6,2258.05739439225,0.0,852.7985941390302,36.37433706536435,4056.502057906515,4.750301288286208,550.6313137208854,7096.109314429406,2129.646010762552,981.8850050387516,3111.5310158013035,0.7096109314429406,7,2852.5787310734227,3003.2329194575273,-275.84920164547566,426.50339002958003,-2.2737367544323206e-13
599.0963668194081,3.0,,3115.6062898195664,2,exp5:regular:r007,,3.0,,1095.680737773896,0.01,hardening:regular:r007,5,0.5108553478183268,8.0,2360.56939025717,1.0,,0.3637433706536435,7.0,,9999.999999999998,Catalog then correct,,1129.028697196125,,,,,,moderate,1984.2849692763807,2000.2933293517224,0.5093842280466799,,,0.7096109314429406,3984.578298628103,0.5,,2.0,5093.8422804668,0.1984284969276381,0.2000293329351722,40007,,"[""L029"", ""L030"", ""L033"", ""R003"", ""R004"", ""R006"", ""R007"", ""R008""]","[""L029"", ""R003"", ""R004"", ""R006"", ""R008"", ""C000"", ""C002""]",,,3.0,,regular,3109.557311190419,496.584370954488,,748.9879209332489,1.0,5,2258.05739439225,496.584370954488,1981.8272913351552,36.37433706536435,5057.467943401435,4.750301288286208,744.2376196449627,7096.109314429406,2129.646010762552,981.8850050387516,3111.5310158013035,0.7096109314429406,7,2000.2933293517222,2002.2670339626065,-230.92337949461808,232.8970841055027,2.2737367544323206e-13
1853.825600314364,6.0,,3115.6062898195664,2,exp5:regular:r007,,3.0,,1853.825600314364,0.01,hardening:regular:r007,5,0.7096109314429406,7.0,2129.646010762552,1.0,,0.3637433706536435,7.0,,9999.999999999998,Catalog then correct,,0.0,,,,,,moderate,3955.060091311275,29.51820731682801,0.7061522558350477,,,0.7096109314429406,3984.578298628103,1.0,,6.0,7061.522558350477,0.3955060091311275,0.0029518207316828,40007,,"[""L012"", ""L030"", ""R000"", ""R001"", ""R004"", ""R007"", ""C001""]","[""L029"", ""R003"", ""R004"", ""R006"", ""R008"", ""C000"", ""C002""]",,,3.0,,regular,3106.4624670392022,0.0,,976.81645627665,1.0,1,2258.05739439225,1982.2369839440616,3110.85598853128,36.37433706536435,7025.148221285112,4.750301288286208,972.0661549883638,7096.109314429406,2129.646010762552,981.8850050387516,3111.5310158013035,0.7096109314429406,7,29.51820731682801,34.586756078929284,0.0,5.068548762101614,3.410605131648481e-13
299.88114045560343,1.0,,3115.6062898195664,2,exp5:regular:r007,,3.0,,798.3983878089352,0.1,hardening:regular:r007,5,0.4288699391042519,7.0,2557.9385348478536,1.0,,0.3637433706536435,7.0,,9999.999999999998,Catalog then correct,,2258.05739439225,,,,,,moderate,1107.9665327723435,2876.611765855759,0.4223572822591911,,,0.7096109314429406,3984.578298628103,0.0,,1.0,4223.57282259191,0.1107966532772344,0.2876611765855759,40007,,"[""L029"", ""R000"", ""R003"", ""R004"", ""R006"", ""R008"", ""C002""]","[""L029"", ""R003"", ""R004"", ""R006"", ""R008"", ""C000"", ""C002""]",,,3.0,,regular,3115.6062898195664,498.51724735333175,,557.667754971713,1.0,6,2258.05739439225,0.0,810.0458825444543,363.7433706536435,3859.8294519382666,47.50301288286208,510.16474208885086,7096.109314429406,2129.646010762552,981.8850050387516,3111.5310158013035,0.7096109314429406,7,2876.6117658557596,2872.536491837496,-428.29252408530147,424.21725006703866,5.684341886080801e-13
756.9889306312937,3.0,,3115.6062898195664,2,exp5:regular:r007,,3.0,,1392.4330698504489,0.1,hardening:regular:r007,5,0.5203760040499884,7.0,2379.6021858043887,1.0,,0.3637433706536435,7.0,,9999.999999999998,Catalog then correct,,1129.028697196125,,,,,,moderate,1943.967158657662,2040.611139970441,0.5047127407103539,,,0.7096109314429406,3984.578298628103,0.5,,3.0,5047.127407103539,0.1943967158657662,0.2040611139970441,40007,,"[""L029"", ""L030"", ""R000"", ""R004"", ""R006"", ""R007"", ""R008""]","[""L029"", ""R003"", ""R004"", ""R006"", ""R008"", ""C000"", ""C002""]",,,3.0,,regular,3103.1602484458767,635.4441392191552,,723.5580626414879,1.0,4,2258.05739439225,635.4441392191552,1939.0745797405793,363.7433706536435,4683.384036449896,47.50301288286208,676.0550497586258,7096.109314429406,2129.646010762552,981.8850050387516,3111.5310158013035,0.7096109314429406,7,2040.611139970441,2048.9819073258677,-249.95617504183656,258.3269423972637,3.410605131648481e-13
1853.825600314364,6.0,,3115.6062898195664,2,exp5:regular:r007,,3.0,,1853.825600314364,0.1,hardening:regular:r007,5,0.7096109314429406,7.0,2129.646010762552,1.0,,0.3637433706536435,7.0,,9999.999999999998,Catalog then correct,,0.0,,,,,,moderate,3689.396225459819,295.1820731682837,0.6750241753640109,,,0.7096109314429406,3984.578298628103,1.0,,6.0,6750.24175364011,0.368939622545982,0.0295182073168283,40007,,"[""L012"", ""L030"", ""R000"", ""R001"", ""R004"", ""R007"", ""C001""]","[""L029"", ""R003"", ""R004"", ""R006"", ""R008"", ""C000"", ""C002""]",,,3.0,,regular,3060.845528180291,0.0,,931.1995174177384,1.0,1,2258.05739439225,1982.2369839440616,3068.1032769367043,363.7433706536435,6386.498382986467,47.50301288286208,883.6965045348763,7096.109314429406,2129.646010762552,981.8850050387516,3111.5310158013035,0.7096109314429406,7,295.18207316828375,345.8675607892965,0.0,50.68548762101318,4.547473508864641e-13
285.9562392695199,2.0,,3115.6062898195664,2,exp5:regular:r007,,3.0,,784.4734866228516,0.25,hardening:regular:r007,5,0.437366634264093,8.0,2544.0136336617697,1.0,,0.3637433706536435,7.0,,9999.999999999998,Catalog then correct,,2258.05739439225,,,,,,moderate,1074.0438405622726,2910.53445806583,0.4189608183614806,,,0.7096109314429406,3984.578298628103,0.0,,1.0,4189.608183614806,0.1074043840562272,0.2910534458065831,40007,,"[""L027"", ""L029"", ""L030"", ""R003"", ""R004"", ""R006"", ""R008"", ""C002""]","[""L029"", ""R003"", ""R004"", ""R006"", ""R008"", ""C000"", ""C002""]",,,3.0,,regular,3115.5643430525333,498.51724735333175,,571.5507093907637,1.0,6,2258.05739439225,0.0,738.7913632201612,909.3584266341088,3280.2497569806974,118.7575322071552,452.7931771836085,7096.109314429406,2129.646010762552,981.8850050387516,3111.5310158013035,0.7096109314429406,7,2910.53445806583,2906.5011308146004,-414.3676228992176,410.3342956479879,1.1368683772161603e-13
756.9889306312937,3.0,,3115.6062898195664,2,exp5:regular:r007,,3.0,,1392.4330698504489,0.25,hardening:regular:r007,5,0.5203760040499884,7.0,2379.6021858043887,1.0,,0.3637433706536435,7.0,,9999.999999999998,Catalog then correct,,1129.028697196125,,,,,,moderate,1750.4395308652893,2234.1387677628136,0.4812178457009021,,,0.7096109314429406,3984.578298628103,0.5,,3.0,4812.178457009021,0.1750439530865289,0.2234138767762814,40007,,"[""L029"", ""L030"", ""R000"", ""R004"", ""R006"", ""R007"", ""R008""]","[""L029"", ""R003"", ""R004"", ""R006"", ""R008"", ""C000"", ""C002""]",,,3.0,,regular,3061.738926143732,635.4441392191552,,682.1367403393434,1.0,4,2258.05739439225,635.4441392191552,1867.8200604162862,909.3584266341088,3902.8200303749127,118.7575322071552,563.3792081321882,7096.109314429406,2129.646010762552,981.8850050387516,3111.5310158013035,0.7096109314429406,7,2234.1387677628136,2283.930857420385,-249.95617504183656,299.7482646994082,1.1368683772161603e-13
1821.18797636786,6.0,,3115.6062898195664,2,exp5:regular:r007,,3.0,,1821.18797636786,0.25,hardening:regular:r007,5,0.7372135152751109,8.0,2233.8032395236646,1.0,,0.3637433706536435,7.0,,9999.999999999998,Catalog then correct,,0.0,,,,,,moderate,3324.799461151978,659.7788374761249,0.6438459791197441,,,0.7096109314429406,3984.578298628103,1.0,,5.0,6438.459791197441,0.3324799461151979,0.0659778837476125,40007,,"[""L029"", ""L030"", ""L033"", ""R000"", ""R001"", ""R004"", ""R007"", ""C001""]","[""L029"", ""R003"", ""R004"", ""R006"", ""R008"", ""C000"", ""C002""]",,,3.0,,regular,3113.6603300454626,0.0,,879.8570905217982,1.0,2,2258.05739439225,1845.4421312364457,2996.848757612411,909.3584266341088,5529.101364563332,118.7575322071552,761.099558314643,7096.109314429406,2129.646010762552,981.8850050387516,3111.5310158013035,0.7096109314429406,7,659.7788374761249,657.6495232319658,-104.15722876111249,102.02791451695339,0.0
147.33646146015505,1.0,,3186.473778113356,2,exp5:asymmetric:r008,,3.0,,736.9031062860748,0.0,hardening:asymmetric:r008,5,0.4930708745816644,6.0,2412.610626725925,1.0,,0.4566937607675246,6.0,,9999.999999999998,Catalog then correct,,2265.27416526577,,,,,,moderate,1912.3273081769305,1409.4764025430973,0.4930708745816644,,,0.637456849001466,3321.8037107200275,0.0,,1.0,4930.7087458166425,0.191232730817693,0.1409476402543097,40008,,"[""L018"", ""L030"", ""R002"", ""R006"", ""R007"", ""C001""]","[""L018"", ""R002"", ""R006"", ""R007"", ""C001"", ""C002""]",,,3.0,,asymmetric,3018.381437639712,589.5666448259198,,605.7708109137872,1.0,5,2265.27416526577,0.0,921.1996128475857,0.0,4930.7087458166425,0.0,605.7708109137872,6374.568490014659,2183.3163299713306,869.4484493233008,3052.764779294632,0.637456849001466,8,1409.476402543097,1443.8597441980164,-229.2942967545946,263.67763840951363,-3.410605131648481e-13
466.2950930847269,2.0,,3186.473778113356,2,exp5:asymmetric:r008,,3.0,,761.0784154976868,0.0,hardening:asymmetric:r008,5,0.5696268968356971,7.0,2436.785935937537,1.0,,0.4566937607675246,6.0,,9999.999999999998,Catalog then correct,,1132.637082632885,,,,,,moderate,2531.7998690258123,790.0038416942152,0.5696268968356971,,,0.637456849001466,3321.8037107200275,0.5,,1.0,5696.26896835697,0.2531799869025812,0.0790003841694215,40008,,"[""L018"", ""L030"", ""R002"", ""R004"", ""R006"", ""R007"", ""C001""]","[""L018"", ""R002"", ""R006"", ""R007"", ""C001"", ""C002""]",,,3.0,,asymmetric,3164.4690993311574,294.7833224129599,,727.6831633936204,1.0,5,2265.27416526577,294.7833224129599,2053.8366954804706,0.0,5696.26896835697,0.0,727.6831633936204,6374.568490014659,2183.3163299713306,869.4484493233008,3052.764779294632,0.637456849001466,8,790.0038416942152,678.2995216576892,-253.46960596620647,141.76528592968043,0.0
1575.7639691307324,7.0,,3186.473778113356,2,exp5:asymmetric:r008,,3.0,,1575.7639691307324,0.0,hardening:asymmetric:r008,5,0.637456849001466,8.0,2183.3163299713306,1.0,,0.4566937607675246,6.0,,9999.999999999998,Catalog then correct,,0.0,,,,,,moderate,3321.8037107200275,0.0,0.637456849001466,,,0.637456849001466,3321.8037107200275,1.0,,5.0,6374.568490014659,0.3321803710720028,0.0,40008,,"[""L008"", ""L019"", ""L021"", ""L030"", ""R001"", ""R004"", ""R008"", ""C001""]","[""L018"", ""R002"", ""R006"", ""R007"", ""C001"", ""C002""]",,,3.0,,asymmetric,3052.764779294632,0.0,,869.4484493233008,1.0,1,2265.27416526577,1657.7218044251722,3186.473778113356,0.0,6374.568490014659,0.0,869.4484493233008,6374.568490014659,2183.3163299713306,869.4484493233008,3052.764779294632,0.637456849001466,8,0.0,0.0,0.0,0.0,0.0
147.33646146015505,1.0,,3186.473778113356,2,exp5:asymmetric:r008,,3.0,,736.9031062860748,0.01,hardening:asymmetric:r008,5,0.4930708745816644,6.0,2412.610626725925,1.0,,0.4566937607675246,6.0,,9999.999999999998,Catalog then correct,,2265.27416526577,,,,,,moderate,1909.3686000968523,1412.4351106231752,0.492707103443523,,,0.637456849001466,3321.8037107200275,0.0,,1.0,4927.071034435228,0.1909368600096852,0.1412435110623175,40008,,"[""L018"", ""L030"", ""R002"", ""R006"", ""R007"", ""C001""]","[""L018"", ""R002"", ""R006"", ""R007"", ""C001"", ""C002""]",,,3.0,,asymmetric,3017.702434338376,589.5666448259198,,605.0918076124508,1.0,5,2265.27416526577,0.0,915.8209080397843,45.66937607675245,4881.401658358476,5.378704807801476,599.7131028046493,6374.568490014659,2183.3163299713306,869.4484493233008,3052.764779294632,0.637456849001466,8,1412.4351106231752,1447.4974555794306,-229.2942967545946,264.35664171085,0.0
466.2950930847269,2.0,,3186.473778113356,2,exp5:asymmetric:r008,,3.0,,761.0784154976868,0.01,hardening:asymmetric:r008,5,0.5696268968356971,7.0,2436.785935937537,1.0,,0.4566937607675246,6.0,,9999.999999999998,Catalog then correct,,1132.637082632885,,,,,,moderate,2522.40468224513,799.3990284748975,0.5684975654750154,,,0.637456849001466,3321.8037107200275,0.5,,1.0,5684.975654750153,0.252240468224513,0.0799399028474897,40008,,"[""L018"", ""L030"", ""R002"", ""R004"", ""R006"", ""R007"", ""C001""]","[""L018"", ""R002"", ""R006"", ""R007"", ""C001"", ""C002""]",,,3.0,,asymmetric,3162.570972505023,294.7833224129599,,725.7850365674857,1.0,5,2265.27416526577,294.7833224129599,2048.457990672669,45.66937607675245,5639.306278673401,5.378704807801476,720.4063317596842,6374.568490014659,2183.3163299713306,869.4484493233008,3052.764779294632,0.637456849001466,8,799.3990284748975,689.592835264506,-253.46960596620647,143.6634127558151,1.1368683772161603e-13
1688.7540883767233,8.0,,3186.473778113356,2,exp5:asymmetric:r008,,3.0,,1688.7540883767233,0.01,hardening:asymmetric:r008,5,0.6522230830825686,9.0,2296.3064492173216,1.0,,0.4566937607675246,6.0,,9999.999999999998,Catalog then correct,,0.0,,,,,,moderate,3316.2041204808243,5.59959023920328,0.6502677898594181,,,0.637456849001466,3321.8037107200275,1.0,,5.0,6502.67789859418,0.3316204120480825,0.0005599590239203,40008,,"[""L013"", ""L019"", ""L021"", ""L030"", ""L031"", ""R001"", ""R004"", ""R008"", ""C001""]","[""L018"", ""R002"", ""R006"", ""R007"", ""C001"", ""C002""]",,,3.0,,asymmetric,3186.473778113356,0.0,,890.1673288960341,1.0,1,2265.27416526577,1657.7218044251722,3181.0950733055543,45.66937607675245,6457.008522517428,5.378704807801476,884.7886240882326,6374.568490014659,2183.3163299713306,869.4484493233008,3052.764779294632,0.637456849001466,8,5.59959023920328,-128.1094085795212,-112.99011924599108,-20.71887957273327,1.1368683772161603e-13
289.3211449564832,2.0,,3186.473778113356,2,exp5:asymmetric:r008,,3.0,,878.8877897824029,0.1,hardening:asymmetric:r008,5,0.5147908907735262,7.0,2554.5953102222534,1.0,,0.4566937607675246,6.0,,9999.999999999998,Catalog then correct,,2265.27416526577,,,,,,moderate,1903.337999615904,1418.465711104123,0.5089811777729261,,,0.637456849001466,3321.8037107200275,0.0,,1.0,5089.81177772926,0.1903337999615904,0.1418465711104123,40008,,"[""L013"", ""L018"", ""L030"", ""R002"", ""R006"", ""R007"", ""C001""]","[""L018"", ""R002"", ""R006"", ""R007"", ""C001"", ""C002""]",,,3.0,,asymmetric,3186.473778113356,589.5666448259198,,631.8784678911024,1.0,5,2265.27416526577,0.0,867.412564769571,456.6937607675245,4633.1180169617355,53.78704807801477,578.0914198130877,6374.568490014659,2183.3163299713306,869.4484493233008,3052.764779294632,0.637456849001466,8,1418.4657111041236,1284.7567122853989,-371.2789802509228,237.56998143219835,2.2737367544323206e-13
466.2950930847269,2.0,,3186.473778113356,2,exp5:asymmetric:r008,,3.0,,761.0784154976868,0.1,hardening:asymmetric:r008,5,0.5696268968356971,7.0,2436.785935937537,1.0,,0.4566937607675246,6.0,,9999.999999999998,Catalog then correct,,1132.637082632885,,,,,,moderate,2437.8480012189875,883.95570950104,0.5583335832288799,,,0.637456849001466,3321.8037107200275,0.5,,1.0,5583.335832288798,0.2437848001218988,0.088395570950104,40008,,"[""L018"", ""L030"", ""R002"", ""R004"", ""R006"", ""R007"", ""C001""]","[""L018"", ""R002"", ""R006"", ""R007"", ""C001"", ""C002""]",,,3.0,,asymmetric,3145.4878310698105,294.7833224129599,,708.7018951322732,1.0,5,2265.27416526577,294.7833224129599,2000.0496474024558,456.6937607675245,5126.6420715212735,53.78704807801477,654.9148470542584,6374.568490014659,2183.3163299713306,869.4484493233008,3052.764779294632,0.637456849001466,8,883.95570950104,791.2326577258609,-253.46960596620647,160.7465541910276,2.2737367544323206e-13
1683.8377794450405,8.0,,3186.473778113356,2,exp5:asymmetric:r008,,3.0,,1683.8377794450405,0.1,hardening:asymmetric:r008,5,0.6587279647961477,9.0,2291.390140285638,1.0,,0.4566937607675246,6.0,,9999.999999999998,Catalog then correct,,0.0,,,,,,moderate,3210.941064413546,110.86264630648157,0.6385245443932854,,,0.637456849001466,3321.8037107200275,1.0,,5.0,6385.245443932852,0.3210941064413546,0.0110862646306481,40008,,"[""L007"", ""L019"", ""L021"", ""L030"", ""L031"", ""R001"", ""R004"", ""R008"", ""C001""]","[""L018"", ""R002"", ""R006"", ""R007"", ""C001"", ""C002""]",,,3.0,,asymmetric,3174.304379519306,0.0,,882.9142392336678,1.0,1,2265.27416526577,1657.7218044251722,3132.686730035341,456.6937607675245,5928.551683165328,53.78704807801477,829.127191155653,6374.568490014659,2183.3163299713306,869.4484493233008,3052.764779294632,0.637456849001466,8,110.86264630648157,-10.676953918193249,-108.0738103143076,-13.465789910366993,2.2737367544323206e-13
280.0347035302075,2.0,,3186.473778113356,2,exp5:asymmetric:r008,,3.0,,869.6013483561272,0.25,hardening:asymmetric:r008,5,0.5222726938703922,7.0,2545.3088687959776,1.0,,0.4566937607675246,6.0,,9999.999999999998,Catalog then correct,,2265.27416526577,,,,,,moderate,1873.9872094991208,1447.816501220907,0.5058779605946753,,,0.637456849001466,3321.8037107200275,0.0,,1.0,5058.779605946752,0.187398720949912,0.1447816501220907,40008,,"[""L018"", ""L021"", ""L032"", ""R002"", ""R006"", ""R007"", ""C001""]","[""L018"", ""R002"", ""R006"", ""R007"", ""C001"", ""C002""]",,,3.0,,asymmetric,3184.7923964476317,589.5666448259198,,639.4835276516538,1.0,5,2265.27416526577,0.0,786.7319926525488,1141.7344019188113,3917.0452040279406,134.46762019503691,505.0159074566169,6374.568490014659,2183.3163299713306,869.4484493233008,3052.764779294632,0.637456849001466,8,1447.8165012209067,1315.788884067907,-361.992538824647,229.96492167164695,-3.410605131648481e-13
466.2950930847269,2.0,,3186.473778113356,2,exp5:asymmetric:r008,,3.0,,761.0784154976868,0.25,hardening:asymmetric:r008,5,0.5696268968356971,7.0,2436.785935937537,1.0,,0.4566937607675246,6.0,,9999.999999999998,Catalog then correct,,1132.637082632885,,,,,,moderate,2296.920199508749,1024.8835112112783,0.541393612818654,,,0.637456849001466,3321.8037107200275,0.5,,1.0,5413.936128186539,0.2296920199508749,0.1024883511211278,40008,,"[""L018"", ""L030"", ""R002"", ""R004"", ""R006"", ""R007"", ""C001""]","[""L018"", ""R002"", ""R006"", ""R007"", ""C001"", ""C002""]",,,3.0,,asymmetric,3117.0159286777894,294.7833224129599,,680.2299927402523,1.0,5,2265.27416526577,294.7833224129599,1919.3690752854336,1141.7344019188113,4272.201726267727,134.46762019503691,545.7623725452154,6374.568490014659,2183.3163299713306,869.4484493233008,3052.764779294632,0.637456849001466,8,1024.8835112112783,960.6323618281203,-253.46960596620647,189.21845658304846,0.0
1712.8323436953774,8.0,,3186.473778113356,2,exp5:asymmetric:r008,,3.0,,1712.8323436953774,0.25,hardening:asymmetric:r008,5,0.666874302266319,9.0,2320.3847045359757,1.0,,0.4566937607675246,6.0,,9999.999999999998,Catalog then correct,,0.0,,,,,,moderate,2986.546290029506,335.2574206905215,0.6143291668916204,,,0.637456849001466,3321.8037107200275,1.0,,5.0,6143.291668916203,0.2986546290029506,0.0335257420690521,40008,,"[""L007"", ""L008"", ""L019"", ""L021"", ""L030"", ""R001"", ""R004"", ""R008"", ""C001""]","[""L018"", ""R002"", ""R006"", ""R007"", ""C001"", ""C002""]",,,3.0,,asymmetric,3156.745378886697,0.0,,836.3606743507219,1.0,1,2265.27416526577,1657.7218044251722,3052.006157918319,1141.7344019188113,5001.557266997392,134.46762019503691,701.8930541556849,6374.568490014659,2183.3163299713306,869.4484493233008,3052.764779294632,0.637456849001466,8,335.2574206905215,231.2768210984559,-137.06837456464518,33.08777497257893,-6.821210263296962e-13
141.98468349632816,1.0,,3111.814402771996,2,exp5:multi_hotspot:r008,,3.0,,636.3193065782988,0.0,hardening:multi_hotspot:r008,5,0.6592498780102933,6.0,2278.29890149234,1.0,,0.6265553842937166,6.0,,10000.0,Catalog then correct,,2136.3142179960114,,,,,,moderate,3480.684377330936,1292.5291604903318,0.6592498780102933,,,0.7876031868376837,4773.213537821268,0.0,,1.0,6592.498780102932,0.3480684377330936,0.1292529160490332,40008,,"[""L001"", ""R003"", ""R004"", ""R005"", ""R007"", ""C001""]","[""R003"", ""R004"", ""R005"", ""R007"", ""C001"", ""C002""]",,,3.0,,multi_hotspot,3111.814402771996,494.3346230819706,,833.5155012796563,1.0,5,2136.3142179960114,0.0,975.5001847759845,0.0,6592.498780102932,0.0,833.5155012796563,7876.031868376838,2171.1913928627964,931.626937692774,3102.8183305555704,0.7876031868376837,6,1292.5291604903318,1283.5330882739063,-107.10750862954364,98.11143641311776,-3.410605131648481e-13
281.503145744102,2.0,,3111.814402771996,2,exp5:multi_hotspot:r008,,3.0,,528.6704572850873,0.0,hardening:multi_hotspot:r008,5,0.7099853572928495,7.0,2170.6500521991284,1.0,,0.6265553842937166,6.0,,10000.0,Catalog then correct,,1068.1571089980057,,,,,,moderate,3993.596519917856,779.6170179034125,0.7099853572928495,,,0.7876031868376837,4773.213537821268,0.5,,1.0,7099.853572928495,0.3993596519917855,0.0779617017903412,40008,,"[""L001"", ""L020"", ""R003"", ""R004"", ""R005"", ""R007"", ""C001""]","[""R003"", ""R004"", ""R005"", ""R007"", ""C001"", ""C002""]",,,3.0,,multi_hotspot,3106.2570530106395,247.1673115409853,,935.6070008115114,1.0,5,2136.3142179960114,247.1673115409853,2043.6572937739902,0.0,7099.853572928495,0.0,935.6070008115114,7876.031868376838,2171.1913928627964,931.626937692774,3102.8183305555704,0.7876031868376837,6,779.617017903412,776.1782954483433,0.541340663668052,-3.9800631187373483,-5.684341886080801e-13
814.6360152676409,2.0,,3111.814402771996,2,exp5:multi_hotspot:r008,,3.0,,814.6360152676409,0.0,hardening:multi_hotspot:r008,5,0.7876031868376837,6.0,2171.1913928627964,1.0,,0.6265553842937166,6.0,,10000.0,Catalog then correct,,0.0,,,,,,moderate,4773.213537821268,0.0,0.7876031868376837,,,0.7876031868376837,4773.213537821268,1.0,,2.0,7876.031868376838,0.4773213537821268,0.0,40008,,"[""R001"", ""R003"", ""R004"", ""R005"", ""C000"", ""C001""]","[""R003"", ""R004"", ""R005"", ""R007"", ""C001"", ""C002""]",,,3.0,,multi_hotspot,3102.8183305555704,0.0,,931.626937692774,1.0,4,2136.3142179960114,779.7588404008559,3111.814402771996,0.0,7876.031868376838,0.0,931.626937692774,7876.031868376838,2171.1913928627964,931.626937692774,3102.8183305555704,0.7876031868376837,6,0.0,0.0,0.0,0.0,0.0
141.98468349632816,1.0,,3111.814402771996,2,exp5:multi_hotspot:r008,,3.0,,636.3193065782988,0.01,hardening:multi_hotspot:r008,5,0.659553497024579,6.0,2278.29890149234,1.0,,0.6265553842937166,6.0,,10000.0,Catalog then correct,,2136.3142179960114,,,,,,moderate,3480.4207562007064,1292.7927816205615,0.6592235158972704,,,0.7876031868376837,4773.213537821268,0.0,,1.0,6592.235158972702,0.3480420756200706,0.1292792781620561,40008,,"[""L001"", ""R003"", ""R004"", ""R005"", ""R007"", ""C001""]","[""R003"", ""R004"", ""R005"", ""R007"", ""C001"", ""C002""]",,,3.0,,multi_hotspot,3111.814402771996,494.3346230819706,,833.5155012796564,1.0,5,2136.3142179960114,0.0,967.7083568313398,62.65553842937167,6529.579620543331,7.79182794464476,825.7236733350117,7876.031868376838,2171.1913928627964,931.626937692774,3102.8183305555704,0.7876031868376837,6,1292.7927816205615,1283.796709404136,-107.10750862954364,98.11143641311764,-4.547473508864641e-13
281.503145744102,2.0,,3111.814402771996,2,exp5:multi_hotspot:r008,,3.0,,528.6704572850873,0.01,hardening:multi_hotspot:r008,5,0.7099853572928495,7.0,2170.6500521991284,1.0,,0.6265553842937166,6.0,,10000.0,Catalog then correct,,1068.1571089980057,,,,,,moderate,3986.817764681412,786.3957731398564,0.7091510575628581,,,0.7876031868376837,4773.213537821268,0.5,,1.0,7091.510575628581,0.3986817764681411,0.0786395773139856,40008,,"[""L001"", ""L020"", ""R003"", ""R004"", ""R005"", ""R007"", ""C001""]","[""R003"", ""R004"", ""R005"", ""R007"", ""C001"", ""C002""]",,,3.0,,multi_hotspot,3104.6928109471696,247.1673115409853,,934.0427587480413,1.0,5,2136.3142179960114,247.1673115409853,2035.8654658293453,62.65553842937167,7028.85503719921,7.79182794464476,926.2509308033965,7876.031868376838,2171.1913928627964,931.626937692774,3102.8183305555704,0.7876031868376837,6,786.3957731398559,784.5212927482571,0.541340663668052,-2.4158210552672017,-3.410605131648481e-13
814.6360152676409,2.0,,3111.814402771996,2,exp5:multi_hotspot:r008,,3.0,,814.6360152676409,0.01,hardening:multi_hotspot:r008,5,0.7876031868376837,6.0,2171.1913928627964,1.0,,0.6265553842937166,6.0,,10000.0,Catalog then correct,,0.0,,,,,,moderate,4758.633198999152,14.580338822115664,0.785992708812244,,,0.7876031868376837,4773.213537821268,1.0,,2.0,7859.92708812244,0.4758633198999152,0.0014580338822115,40008,,"[""R001"", ""R003"", ""R004"", ""R005"", ""C000"", ""C001""]","[""R003"", ""R004"", ""R005"", ""R007"", ""C001"", ""C002""]",,,3.0,,multi_hotspot,3101.2938891232875,0.0,,930.102496260491,1.0,4,2136.3142179960114,779.7588404008559,3104.022574827351,62.65553842937167,7797.271549693069,7.79182794464476,922.3106683158462,7876.031868376838,2171.1913928627964,931.626937692774,3102.8183305555704,0.7876031868376837,6,14.580338822115664,16.104780254398065,0.0,1.5244414322830835,6.821210263296962e-13
141.98468349632816,1.0,,3111.814402771996,2,exp5:multi_hotspot:r008,,3.0,,636.3193065782988,0.1,hardening:multi_hotspot:r008,5,0.6625789600487297,6.0,2278.29890149234,1.0,,0.6265553842937166,6.0,,10000.0,Catalog then correct,,2136.3142179960114,,,,,,moderate,3477.951621960288,1295.26191586098,0.6589766024732284,,,0.7876031868376837,4773.213537821268,0.0,,1.0,6589.766024732284,0.3477951621960288,0.129526191586098,40008,,"[""L001"", ""R003"", ""R004"", ""R005"", ""R007"", ""C001""]","[""R003"", ""R004"", ""R005"", ""R007"", ""C001"", ""C002""]",,,3.0,,multi_hotspot,3111.814402771996,494.3346230819706,,833.5155012796564,1.0,5,2136.3142179960114,0.0,897.5819053295369,626.5553842937167,5963.210640438567,77.91827944644761,755.5972218332088,7876.031868376838,2171.1913928627964,931.626937692774,3102.8183305555704,0.7876031868376837,6,1295.26191586098,1286.2658436445545,-107.10750862954364,98.11143641311764,-4.547473508864641e-13
286.8549237079289,2.0,,3111.814402771996,2,exp5:multi_hotspot:r008,,3.0,,534.0222352489142,0.1,hardening:multi_hotspot:r008,5,0.7138566213826539,7.0,2176.0018301629552,1.0,,0.6265553842937166,6.0,,10000.0,Catalog then correct,,1068.1571089980057,,,,,,moderate,3941.1536320455066,832.0599057757613,0.7051264976737602,,,0.7876031868376837,4773.213537821268,0.5,,1.0,7051.264976737603,0.3941153632045506,0.0832059905775761,40008,,"[""L018"", ""L020"", ""R003"", ""R004"", ""R005"", ""R007"", ""C001""]","[""R003"", ""R004"", ""R005"", ""R007"", ""C001"", ""C002""]",,,3.0,,multi_hotspot,3110.1113446920967,247.1673115409853,,934.1095145291414,1.0,5,2136.3142179960114,247.1673115409853,1965.7390143275427,626.5553842937167,6424.709592443886,77.91827944644761,856.1912350826938,7876.031868376838,2171.1913928627964,931.626937692774,3102.8183305555704,0.7876031868376837,6,832.0599057757613,824.7668916392349,-4.81043730015881,-2.4825768363673433,2.2737367544323206e-13
463.4564910013409,2.0,,3111.814402771996,2,exp5:multi_hotspot:r008,,3.0,,463.4564910013409,0.1,hardening:multi_hotspot:r008,5,0.7765397680587867,7.0,2105.4360859153817,1.0,,0.6265553842937166,6.0,,10000.0,Catalog then correct,,0.0,,,,,,moderate,4504.870279930628,268.3432578906395,0.7615413296822797,,,0.7876031868376837,4773.213537821268,1.0,,1.0,7615.413296822797,0.4504870279930628,0.0268343257890639,40008,,"[""L020"", ""R001"", ""R003"", ""R004"", ""R005"", ""R007"", ""C001""]","[""R003"", ""R004"", ""R005"", ""R007"", ""C001"", ""C002""]",,,3.0,,multi_hotspot,3110.5430168921685,0.0,,1005.1069309767868,1.0,5,2136.3142179960114,494.3346230819706,3033.896123325548,626.5553842937167,6988.85791252908,77.91827944644761,927.1886515303391,7876.031868376838,2171.1913928627964,931.626937692774,3102.8183305555704,0.7876031868376837,6,268.3432578906395,260.6185715540414,65.75530694741474,-73.47999328401272,1.1368683772161603e-13
141.98468349632816,1.0,,3111.814402771996,2,exp5:multi_hotspot:r008,,3.0,,636.3193065782988,0.25,hardening:multi_hotspot:r008,5,0.6655407229892311,6.0,2278.29890149234,1.0,,0.6265553842937166,6.0,,10000.0,Catalog then correct,,2136.3142179960114,,,,,,moderate,3451.115068080043,1322.098469741225,0.6557943883153524,,,0.7876031868376837,4773.213537821268,0.0,,1.0,6557.943883153524,0.3451115068080043,0.1322098469741225,40008,,"[""L001"", ""R003"", ""R004"", ""R005"", ""R007"", ""C001""]","[""R003"", ""R004"", ""R005"", ""R007"", ""C001"", ""C002""]",,,3.0,,multi_hotspot,3106.8288150734816,494.3346230819706,,828.5299135811417,1.0,5,2136.3142179960114,0.0,780.7044861598655,1566.3884607342916,4991.555422419233,194.795698616119,633.7342149650227,7876.031868376838,2171.1913928627964,931.626937692774,3102.8183305555704,0.7876031868376837,6,1322.098469741225,1318.0879852233138,-107.10750862954364,103.09702411163232,-1.1368683772161603e-13
323.938028753567,1.0,,3111.814402771996,2,exp5:multi_hotspot:r008,,3.0,,571.1053402945523,0.25,hardening:multi_hotspot:r008,5,0.7320951337551682,6.0,2213.0849352085934,1.0,,0.6265553842937166,6.0,,10000.0,Catalog then correct,,1068.1571089980057,,,,,,moderate,3945.516649611478,827.6968882097899,0.7057101963898054,,,0.7876031868376837,4773.213537821268,0.5,,1.0,7057.101963898052,0.3945516649611478,0.0827696888209789,40008,,"[""R001"", ""R003"", ""R004"", ""R005"", ""R007"", ""C001""]","[""R003"", ""R004"", ""R005"", ""R007"", ""C001"", ""C002""]",,,3.0,,multi_hotspot,3111.5853142865744,247.1673115409853,,898.5003790779812,1.0,5,2136.3142179960114,247.1673115409853,1848.8615951578713,1566.3884607342916,5490.713503163761,194.795698616119,703.7046804618622,7876.031868376838,2171.1913928627964,931.626937692774,3102.8183305555704,0.7876031868376837,6,827.6968882097899,818.9299044787858,-41.89354234579696,33.126558614792884,0.0
796.6159142166722,3.0,,3111.814402771996,2,exp5:multi_hotspot:r008,,3.0,,796.6159142166722,0.25,hardening:multi_hotspot:r008,5,0.7847689350010034,7.0,2116.0819362345705,1.0,,0.6265553842937166,6.0,,10000.0,Catalog then correct,,0.0,,,,,,moderate,4340.341070469822,432.8724673514462,0.7452155473241817,,,0.7876031868376837,4773.213537821268,1.0,,2.0,7452.155473241817,0.4340341070469822,0.0432872467351446,40008,,"[""L020"", ""R001"", ""R003"", ""R004"", ""R006"", ""R007"", ""C001""]","[""R003"", ""R004"", ""R005"", ""R007"", ""C001"", ""C002""]",,,3.0,,multi_hotspot,3111.814402771996,0.0,,995.7324665374252,1.0,4,2136.3142179960114,816.848195978113,2917.018704155877,1566.3884607342916,5885.767012507526,194.795698616119,800.9367679213062,7876.031868376838,2171.1913928627964,931.626937692774,3102.8183305555704,0.7876031868376837,6,432.8724673514462,423.8763951350211,55.10945662822587,-64.10552884465119,-2.2737367544323206e-13
156.2582941864771,1.0,,3204.768007661325,2,exp5:regular:r008,,3.0,,156.2582941864771,0.0,hardening:regular:r008,5,0.6000625884476385,8.0,2357.55291134176,1.0,,0.5560942817252541,7.0,,9999.999999999998,Catalog then correct,,2201.294617155283,,,,,,moderate,2795.85787681506,655.1146541104554,0.6000625884476385,,,0.6537931786684548,3450.9725309255155,0.0,,0.0,6000.625884476385,0.279585787681506,0.0655114654110455,40008,,"[""L026"", ""L032"", ""R000"", ""R001"", ""R002"", ""R004"", ""R008"", ""C002""]","[""L026"", ""R000"", ""R001"", ""R002"", ""R004"", ""R008"", ""C002""]",,,3.0,,regular,3204.768007661325,0.0,,847.215096319565,1.0,7,2201.294617155283,0.0,1003.473390506042,0.0,6000.625884476385,0.0,847.215096319565,6537.931786684548,2138.841852912563,948.1174028464696,3086.959255759032,0.6537931786684548,8,655.1146541104554,537.3059022081625,-218.71105842919724,100.90230652690468,3.410605131648481e-13
424.217218184557,2.0,,3204.768007661325,2,exp5:regular:r008,,3.0,,700.7042678246241,0.0,hardening:regular:r008,5,0.6017374227426369,8.0,2349.024785699773,1.0,,0.5560942817252541,7.0,,9999.999999999998,Catalog then correct,,1100.6473085776415,,,,,,moderate,2821.8219671790853,629.1505637464302,0.6017374227426369,,,0.6537931786684548,3450.9725309255155,0.5,,1.0,6017.374227426368,0.2821821967179085,0.062915056374643,40008,,"[""L008"", ""L026"", ""R000"", ""R001"", ""R002"", ""R004"", ""R005"", ""R008""]","[""L026"", ""R000"", ""R001"", ""R002"", ""R004"", ""R008"", ""C002""]",,,3.0,,regular,3195.5522602472824,276.48704964006714,,846.5274745475094,1.0,6,2201.294617155283,276.48704964006714,2104.1206990836836,0.0,6017.374227426368,0.0,846.5274745475094,6537.931786684548,2138.841852912563,948.1174028464696,3086.959255759032,0.6537931786684548,8,629.1505637464302,520.5575592581799,-210.18293278721012,101.58992829896022,3.410605131648481e-13
930.0055862107134,4.0,,3204.768007661325,2,exp5:regular:r008,,3.0,,930.0055862107134,0.0,hardening:regular:r008,5,0.6537931786684548,8.0,2138.841852912563,1.0,,0.5560942817252541,7.0,,9999.999999999998,Catalog then correct,,0.0,,,,,,moderate,3450.9725309255155,0.0,0.6537931786684548,,,0.6537931786684548,3450.9725309255155,1.0,,3.0,6537.931786684548,0.3450972530925516,0.0,40008,,"[""L021"", ""L032"", ""R000"", ""R001"", ""R003"", ""R004"", ""R005"", ""R008""]","[""L026"", ""R000"", ""R001"", ""R002"", ""R004"", ""R008"", ""C002""]",,,3.0,,regular,3086.959255759032,0.0,,948.1174028464696,1.0,4,2201.294617155283,992.4583504534335,3204.768007661325,0.0,6537.931786684548,0.0,948.1174028464696,6537.931786684548,2138.841852912563,948.1174028464696,3086.959255759032,0.6537931786684548,8,0.0,0.0,0.0,0.0,0.0
156.2582941864771,1.0,,3204.768007661325,2,exp5:regular:r008,,3.0,,156.2582941864771,0.01,hardening:regular:r008,5,0.6004404532035347,8.0,2357.55291134176,1.0,,0.5560942817252541,7.0,,9999.999999999998,Catalog then correct,,2201.294617155283,,,,,,moderate,2795.2019072261937,655.7706236993217,0.5999969914887519,,,0.6537931786684548,3450.9725309255155,0.0,,0.0,5999.969914887519,0.2795201907226194,0.0655770623699321,40008,,"[""L026"", ""L032"", ""R000"", ""R001"", ""R002"", ""R004"", ""R008"", ""C002""]","[""L026"", ""R000"", ""R001"", ""R002"", ""R004"", ""R008"", ""C002""]",,,3.0,,regular,3204.768007661325,0.0,,847.215096319565,1.0,7,2201.294617155283,0.0,995.7413994836147,55.60942817252541,5944.360486714993,7.731991022427386,839.4831052971376,6537.931786684548,2138.841852912563,948.1174028464696,3086.959255759032,0.6537931786684548,8,655.7706236993217,537.9618717970288,-218.71105842919724,100.90230652690468,3.410605131648481e-13
424.217218184557,2.0,,3204.768007661325,2,exp5:regular:r008,,3.0,,700.7042678246241,0.01,hardening:regular:r008,5,0.6017374227426369,8.0,2349.024785699773,1.0,,0.5560942817252541,7.0,,9999.999999999998,Catalog then correct,,1100.6473085776415,,,,,,moderate,2817.9909368003955,632.98159412512,0.601280991332463,,,0.6537931786684548,3450.9725309255155,0.5,,1.0,6012.809913324631,0.2817990936800396,0.063298159412512,40008,,"[""L008"", ""L026"", ""R000"", ""R001"", ""R002"", ""R004"", ""R005"", ""R008""]","[""L026"", ""R000"", ""R001"", ""R002"", ""R004"", ""R008"", ""C002""]",,,3.0,,regular,3194.818976524235,276.48704964006714,,845.7941908244618,1.0,6,2201.294617155283,276.48704964006714,2096.3887080612562,55.60942817252541,5957.200485152106,7.731991022427386,838.0621998020345,6537.931786684548,2138.841852912563,948.1174028464696,3086.959255759032,0.6537931786684548,8,632.98159412512,525.1218733599162,-210.18293278721012,102.32321202200785,1.4779288903810084e-12
930.0055862107134,4.0,,3204.768007661325,2,exp5:regular:r008,,3.0,,930.0055862107134,0.01,hardening:regular:r008,5,0.6537931786684548,8.0,2138.841852912563,1.0,,0.5560942817252541,7.0,,9999.999999999998,Catalog then correct,,0.0,,,,,,moderate,3442.9518242372333,8.02070668828219,0.6528161896990227,,,0.6537931786684548,3450.9725309255155,1.0,,3.0,6528.161896990228,0.3442951824237233,0.0008020706688282,40008,,"[""L021"", ""L032"", ""R000"", ""R001"", ""R003"", ""R004"", ""R005"", ""R008""]","[""L026"", ""R000"", ""R001"", ""R002"", ""R004"", ""R008"", ""C002""]",,,3.0,,regular,3085.210072752995,0.0,,946.3682198404322,1.0,4,2201.294617155283,992.4583504534335,3197.0360166388978,55.60942817252541,6472.552468817703,7.731991022427386,938.6362288180048,6537.931786684548,2138.841852912563,948.1174028464696,3086.959255759032,0.6537931786684548,8,8.02070668828219,9.769889694319318,0.0,1.7491830060374696,3.410605131648481e-13
156.2582941864771,1.0,,3204.768007661325,2,exp5:regular:r008,,3.0,,156.2582941864771,0.1,hardening:regular:r008,5,0.6022351229421274,8.0,2357.55291134176,1.0,,0.5560942817252541,7.0,,9999.999999999998,Catalog then correct,,2201.294617155283,,,,,,moderate,2774.975296590891,675.9972343346244,0.5976210388204402,,,0.6537931786684548,3450.9725309255155,0.0,,0.0,5976.210388204401,0.2774975296590891,0.0675997234334624,40008,,"[""L026"", ""L032"", ""R000"", ""R001"", ""R002"", ""R004"", ""R008"", ""C002""]","[""L026"", ""R000"", ""R001"", ""R002"", ""R004"", ""R008"", ""C002""]",,,3.0,,regular,3201.23509161351,0.0,,843.68218027175,1.0,7,2201.294617155283,0.0,926.1534802817682,556.0942817252542,5420.116106479147,77.31991022427387,766.3622700474762,6537.931786684548,2138.841852912563,948.1174028464696,3086.959255759032,0.6537931786684548,8,675.9972343346244,561.7213984801465,-218.71105842919724,104.43522257471966,3.410605131648481e-13
424.217218184557,2.0,,3204.768007661325,2,exp5:regular:r008,,3.0,,700.7042678246241,0.1,hardening:regular:r008,5,0.6017374227426369,8.0,2349.024785699773,1.0,,0.5560942817252541,7.0,,9999.999999999998,Catalog then correct,,1100.6473085776415,,,,,,moderate,2783.5116633921807,667.4608675333347,0.5971731086408987,,,0.6537931786684548,3450.9725309255155,0.5,,1.0,5971.731086408986,0.2783511663392181,0.0667460867533334,40008,,"[""L008"", ""L026"", ""R000"", ""R001"", ""R002"", ""R004"", ""R005"", ""R008""]","[""L026"", ""R000"", ""R001"", ""R002"", ""R004"", ""R008"", ""C002""]",,,3.0,,regular,3188.219423016805,276.48704964006714,,839.1946373170323,1.0,6,2201.294617155283,276.48704964006714,2026.8007888594097,556.0942817252542,5415.6368046837315,77.31991022427387,761.8747270927585,6537.931786684548,2138.841852912563,948.1174028464696,3086.959255759032,0.6537931786684548,8,667.4608675333347,566.2007002755618,-210.18293278721012,108.92276552943736,2.2737367544323206e-13
930.0055862107134,4.0,,3204.768007661325,2,exp5:regular:r008,,3.0,,930.0055862107134,0.1,hardening:regular:r008,5,0.6537931786684548,8.0,2138.841852912563,1.0,,0.5560942817252541,7.0,,9999.999999999998,Catalog then correct,,0.0,,,,,,moderate,3370.765464042688,80.20706688282735,0.6440232889741347,,,0.6537931786684548,3450.9725309255155,1.0,,3.0,6440.232889741347,0.3370765464042689,0.0080207066882827,40008,,"[""L021"", ""L032"", ""R000"", ""R001"", ""R003"", ""R004"", ""R005"", ""R008""]","[""L026"", ""R000"", ""R001"", ""R002"", ""R004"", ""R008"", ""C002""]",,,3.0,,regular,3069.467425698659,0.0,,930.6255727860964,1.0,4,2201.294617155283,992.4583504534335,3127.4480974370513,556.0942817252542,5884.138608016093,77.31991022427387,853.3056625618226,6537.931786684548,2138.841852912563,948.1174028464696,3086.959255759032,0.6537931786684548,8,80.20706688282735,97.69889694320045,0.0,17.491830060373218,1.1368683772161603e-13
156.2582941864771,1.0,,3204.768007661325,2,exp5:regular:r008,,3.0,,156.2582941864771,0.25,hardening:regular:r008,5,0.6022351229421274,8.0,2357.55291134176,1.0,,0.5560942817252541,7.0,,9999.999999999998,Catalog then correct,,2201.294617155283,,,,,,moderate,2717.511214437081,733.461316488434,0.5906999126379091,,,0.6537931786684548,3450.9725309255155,0.0,,0.0,5906.99912637909,0.2717511214437081,0.0733461316488434,40008,,"[""L026"", ""L032"", ""R000"", ""R001"", ""R002"", ""R004"", ""R008"", ""C002""]","[""L026"", ""R000"", ""R001"", ""R002"", ""R004"", ""R008"", ""C002""]",,,3.0,,regular,3189.4879119420084,0.0,,831.9350006002481,1.0,7,2201.294617155283,0.0,810.1736149453574,1390.2357043131353,4516.763422065955,193.29977556068465,638.6352250395635,6537.931786684548,2138.841852912563,948.1174028464696,3086.959255759032,0.6537931786684548,8,733.4613164884345,630.9326603054578,-218.71105842919724,116.1824022462215,9.094947017729282e-13
444.3177938936577,2.0,,3204.768007661325,2,exp5:regular:r008,,3.0,,720.8048435337248,0.25,hardening:regular:r008,5,0.6081177869315001,8.0,2369.1253614088737,1.0,,0.5560942817252541,7.0,,9999.999999999998,Catalog then correct,,1100.6473085776415,,,,,,moderate,2746.3510986380606,704.6214322874548,0.5951119106299386,,,0.6537931786684548,3450.9725309255155,0.5,,1.0,5951.119106299386,0.2746351098638061,0.0704621432287455,40008,,"[""L026"", ""L032"", ""R000"", ""R001"", ""R002"", ""R004"", ""R005"", ""R008""]","[""L026"", ""R000"", ""R001"", ""R002"", ""R004"", ""R008"", ""C002""]",,,3.0,,regular,3204.768007661325,276.48704964006714,,835.6426462524515,1.0,6,2201.294617155283,276.48704964006714,1910.820923522999,1390.2357043131353,4560.883401986251,193.29977556068465,642.3428706917668,6537.931786684548,2138.841852912563,948.1174028464696,3086.959255759032,0.6537931786684548,8,704.6214322874548,586.8126803851619,-230.2835084963108,112.47475659401812,2.2737367544323206e-13
1054.1089447344953,5.0,,3204.768007661325,2,exp5:regular:r008,,3.0,,1054.1089447344953,0.25,hardening:regular:r008,5,0.6808851492021429,9.0,2262.945211436345,1.0,,0.5560942817252541,7.0,,9999.999999999998,Catalog then correct,,0.0,,,,,,moderate,3292.106315667882,158.86621525763348,0.6496874323329207,,,0.6537931786684548,3450.9725309255155,1.0,,3.0,6496.874323329207,0.3292106315667882,0.0158866215257633,40008,,"[""L008"", ""L027"", ""L032"", ""R000"", ""R001"", ""R003"", ""R004"", ""R005"", ""R008""]","[""L026"", ""R000"", ""R001"", ""R002"", ""R004"", ""R008"", ""C002""]",,,3.0,,regular,3204.768007661325,0.0,,941.8227962249802,1.0,4,2201.294617155283,992.4583504534335,3011.4682321006403,1390.2357043131353,5106.638619016072,193.29977556068465,748.5230206642955,6537.931786684548,2138.841852912563,948.1174028464696,3086.959255759032,0.6537931786684548,8,158.86621525763348,41.05746335534059,-124.10335852378194,6.294606621489493,4.547473508864641e-13
0.0,0.0,,3182.8115459264554,2,exp5:asymmetric:r009,,3.0,,0.0,0.0,hardening:asymmetric:r009,5,0.6225305708818265,10.0,2174.1838911869368,1.0,,0.6225305708818265,10.0,,10000.0,Catalog then correct,,2174.1838911869368,,,,,,moderate,3107.154684724956,1162.8805884746316,0.6225305708818265,,,0.7403374106234593,4270.035273199587,0.0,,0.0,6225.305708818265,0.3107154684724955,0.1162880588474631,40009,,"[""L004"", ""L006"", ""L007"", ""L010"", ""L018"", ""R000"", ""R001"", ""R003"", ""R005"", ""R007""]","[""L004"", ""L006"", ""L007"", ""L010"", ""L018"", ""R000"", ""R001"", ""R003"", ""R005"", ""R007""]",,,3.0,,asymmetric,3118.1510240933094,0.0,,943.9671329063726,1.0,10,2174.1838911869368,0.0,1008.6276547395187,0.0,6225.305708818265,0.0,943.9671329063726,7403.374106234593,2154.333331688701,979.0055013463044,3133.3388330350053,0.7403374106234593,7,1162.8805884746312,1178.0683974163276,-19.850559498235725,35.03836843993179,-3.410605131648481e-13
0.0,0.0,,3182.8115459264554,2,exp5:asymmetric:r009,,3.0,,0.0,0.0,hardening:asymmetric:r009,5,0.6225305708818265,10.0,2174.1838911869368,1.0,,0.6225305708818265,10.0,,10000.0,Catalog then correct,,1087.0919455934684,,,,,,moderate,3107.154684724956,1162.8805884746316,0.6225305708818265,,,0.7403374106234593,4270.035273199587,0.5,,0.0,6225.305708818265,0.3107154684724955,0.1162880588474631,40009,,"[""L004"", ""L006"", ""L007"", ""L010"", ""L018"", ""R000"", ""R001"", ""R003"", ""R005"", ""R007""]","[""L004"", ""L006"", ""L007"", ""L010"", ""L018"", ""R000"", ""R001"", ""R003"", ""R005"", ""R007""]",,,3.0,,asymmetric,3118.1510240933094,0.0,,943.9671329063726,1.0,10,2174.1838911869368,0.0,2095.7196003329873,0.0,6225.305708818265,0.0,943.9671329063726,7403.374106234593,2154.333331688701,979.0055013463044,3133.3388330350053,0.7403374106234593,7,1162.8805884746312,1178.0683974163276,-19.850559498235725,35.03836843993179,-3.410605131648481e-13
967.1385673472272,3.0,,3182.8115459264554,2,exp5:asymmetric:r009,,3.0,,967.1385673472272,0.0,hardening:asymmetric:r009,5,0.7403374106234593,7.0,2154.333331688701,1.0,,0.6225305708818265,10.0,,10000.0,Catalog then correct,,0.0,,,,,,moderate,4270.035273199587,0.0,0.7403374106234593,,,0.7403374106234593,4270.035273199587,1.0,,6.0,7403.374106234593,0.4270035273199587,0.0,40009,,"[""L014"", ""R001"", ""R003"", ""R004"", ""R005"", ""R007"", ""C001""]","[""L004"", ""L006"", ""L007"", ""L010"", ""L018"", ""R000"", ""R001"", ""R003"", ""R005"", ""R007""]",,,3.0,,asymmetric,3133.3388330350053,0.0,,979.0055013463044,1.0,4,2174.1838911869368,986.9891268454629,3182.8115459264554,0.0,7403.374106234593,0.0,979.0055013463044,7403.374106234593,2154.333331688701,979.0055013463044,3133.3388330350053,0.7403374106234593,7,0.0,0.0,0.0,0.0,0.0
0.0,0.0,,3182.8115459264554,2,exp5:asymmetric:r009,,3.0,,0.0,0.01,hardening:asymmetric:r009,5,0.6225305708818265,10.0,2174.1838911869368,1.0,,0.6225305708818265,10.0,,10000.0,Catalog then correct,,2174.1838911869368,,,,,,moderate,3107.154684724956,1162.8805884746316,0.6225305708818265,,,0.7403374106234593,4270.035273199587,0.0,,0.0,6225.305708818265,0.3107154684724955,0.1162880588474631,40009,,"[""L004"", ""L006"", ""L007"", ""L010"", ""L018"", ""R000"", ""R001"", ""R003"", ""R005"", ""R007""]","[""L004"", ""L006"", ""L007"", ""L010"", ""L018"", ""R000"", ""R001"", ""R003"", ""R005"", ""R007""]",,,3.0,,asymmetric,3118.1510240933094,0.0,,943.9671329063724,1.0,10,2174.1838911869368,0.0,999.187983410455,62.25305708818265,6163.052651730082,9.439671329063726,934.5274615773087,7403.374106234593,2154.333331688701,979.0055013463044,3133.3388330350053,0.7403374106234593,7,1162.8805884746312,1178.0683974163276,-19.850559498235725,35.038368439932015,-1.1368683772161603e-13
0.0,0.0,,3182.8115459264554,2,exp5:asymmetric:r009,,3.0,,0.0,0.01,hardening:asymmetric:r009,5,0.6225305708818265,10.0,2174.1838911869368,1.0,,0.6225305708818265,10.0,,10000.0,Catalog then correct,,1087.0919455934684,,,,,,moderate,3107.154684724956,1162.8805884746316,0.6225305708818265,,,0.7403374106234593,4270.035273199587,0.5,,0.0,6225.305708818265,0.3107154684724955,0.1162880588474631,40009,,"[""L004"", ""L006"", ""L007"", ""L010"", ""L018"", ""R000"", ""R001"", ""R003"", ""R005"", ""R007""]","[""L004"", ""L006"", ""L007"", ""L010"", ""L018"", ""R000"", ""R001"", ""R003"", ""R005"", ""R007""]",,,3.0,,asymmetric,3118.1510240933094,0.0,,943.9671329063724,1.0,10,2174.1838911869368,0.0,2086.2799290039234,62.25305708818265,6163.052651730082,9.439671329063726,934.5274615773087,7403.374106234593,2154.333331688701,979.0055013463044,3133.3388330350053,0.7403374106234593,7,1162.8805884746312,1178.0683974163276,-19.850559498235725,35.038368439932015,-1.1368683772161603e-13
967.1385673472272,3.0,,3182.8115459264554,2,exp5:asymmetric:r009,,3.0,,967.1385673472272,0.01,hardening:asymmetric:r009,5,0.7403374106234593,7.0,2154.333331688701,1.0,,0.6225305708818265,10.0,,10000.0,Catalog then correct,,0.0,,,,,,moderate,4258.604972909823,11.43030028976409,0.739159342226043,,,0.7403374106234593,4270.035273199587,1.0,,6.0,7391.593422260429,0.4258604972909823,0.0011430300289764,40009,,"[""L014"", ""R001"", ""R003"", ""R004"", ""R005"", ""R007"", ""C001""]","[""L004"", ""L006"", ""L007"", ""L010"", ""L018"", ""R000"", ""R001"", ""R003"", ""R005"", ""R007""]",,,3.0,,asymmetric,3132.988449350606,0.0,,978.655117661905,1.0,4,2174.1838911869368,986.9891268454629,3173.3718745973915,62.25305708818265,7329.3403651722465,9.439671329063726,969.2154463328413,7403.374106234593,2154.333331688701,979.0055013463044,3133.3388330350053,0.7403374106234593,7,11.43030028976409,11.780683974163367,0.0,0.3503836843993895,1.1368683772161603e-13
0.0,0.0,,3182.8115459264554,2,exp5:asymmetric:r009,,3.0,,0.0,0.1,hardening:asymmetric:r009,5,0.6225305708818265,10.0,2174.1838911869368,1.0,,0.6225305708818265,10.0,,10000.0,Catalog then correct,,2174.1838911869368,,,,,,moderate,3107.154684724956,1162.8805884746316,0.6225305708818265,,,0.7403374106234593,4270.035273199587,0.0,,0.0,6225.305708818265,0.3107154684724955,0.1162880588474631,40009,,"[""L004"", ""L006"", ""L007"", ""L010"", ""L018"", ""R000"", ""R001"", ""R003"", ""R005"", ""R007""]","[""L004"", ""L006"", ""L007"", ""L010"", ""L018"", ""R000"", ""R001"", ""R003"", ""R005"", ""R007""]",,,3.0,,asymmetric,3118.1510240933094,0.0,,943.9671329063729,1.0,10,2174.1838911869368,0.0,914.2309414488814,622.5305708818265,5602.775137936438,94.39671329063727,849.5704196157355,7403.374106234593,2154.333331688701,979.0055013463044,3133.3388330350053,0.7403374106234593,7,1162.8805884746312,1178.0683974163276,-19.850559498235725,35.03836843993156,-5.684341886080801e-13
0.0,0.0,,3182.8115459264554,2,exp5:asymmetric:r009,,3.0,,0.0,0.1,hardening:asymmetric:r009,5,0.6225305708818265,10.0,2174.1838911869368,1.0,,0.6225305708818265,10.0,,10000.0,Catalog then correct,,1087.0919455934684,,,,,,moderate,3107.154684724956,1162.8805884746316,0.6225305708818265,,,0.7403374106234593,4270.035273199587,0.5,,0.0,6225.305708818265,0.3107154684724955,0.1162880588474631,40009,,"[""L004"", ""L006"", ""L007"", ""L010"", ""L018"", ""R000"", ""R001"", ""R003"", ""R005"", ""R007""]","[""L004"", ""L006"", ""L007"", ""L010"", ""L018"", ""R000"", ""R001"", ""R003"", ""R005"", ""R007""]",,,3.0,,asymmetric,3118.1510240933094,0.0,,943.9671329063729,1.0,10,2174.1838911869368,0.0,2001.32288704235,622.5305708818265,5602.775137936438,94.39671329063727,849.5704196157355,7403.374106234593,2154.333331688701,979.0055013463044,3133.3388330350053,0.7403374106234593,7,1162.8805884746312,1178.0683974163276,-19.850559498235725,35.03836843993156,-5.684341886080801e-13
967.1385673472272,3.0,,3182.8115459264554,2,exp5:asymmetric:r009,,3.0,,967.1385673472272,0.1,hardening:asymmetric:r009,5,0.7403374106234593,7.0,2154.333331688701,1.0,,0.6225305708818265,10.0,,10000.0,Catalog then correct,,0.0,,,,,,moderate,4155.732270301948,114.30300289763908,0.7285567266492959,,,0.7403374106234593,4270.035273199587,1.0,,6.0,7285.567266492961,0.4155732270301948,0.0114303002897639,40009,,"[""L014"", ""R001"", ""R003"", ""R004"", ""R005"", ""R007"", ""C001""]","[""L004"", ""L006"", ""L007"", ""L010"", ""L018"", ""R000"", ""R001"", ""R003"", ""R005"", ""R007""]",,,3.0,,asymmetric,3129.8349961910126,0.0,,975.5016645023112,1.0,4,2174.1838911869368,986.9891268454629,3088.414832635818,622.5305708818265,6663.036695611134,94.39671329063727,881.1049512116739,7403.374106234593,2154.333331688701,979.0055013463044,3133.3388330350053,0.7403374106234593,7,114.30300289763909,117.80683974163185,0.0,3.503836843993213,4.547473508864641e-13
0.0,0.0,,3182.8115459264554,2,exp5:asymmetric:r009,,3.0,,0.0,0.25,hardening:asymmetric:r009,5,0.6225305708818265,10.0,2174.1838911869368,1.0,,0.6225305708818265,10.0,,10000.0,Catalog then correct,,2174.1838911869368,,,,,,moderate,3107.1546847249547,1162.8805884746323,0.6225305708818265,,,0.7403374106234593,4270.035273199587,0.0,,0.0,6225.305708818264,0.3107154684724955,0.1162880588474632,40009,,"[""L004"", ""L006"", ""L007"", ""L010"", ""L018"", ""R000"", ""R001"", ""R003"", ""R005"", ""R007""]","[""L004"", ""L006"", ""L007"", ""L010"", ""L018"", ""R000"", ""R001"", ""R003"", ""R005"", ""R007""]",,,3.0,,asymmetric,3118.1510240933094,0.0,,943.9671329063726,1.0,10,2174.1838911869368,0.0,772.6358715129255,1556.3264272045662,4668.979281613698,235.99178322659316,707.9753496797795,7403.374106234593,2154.333331688701,979.0055013463044,3133.3388330350053,0.7403374106234593,7,1162.8805884746325,1178.0683974163285,-19.850559498235725,35.03836843993179,1.1368683772161603e-13
0.0,0.0,,3182.8115459264554,2,exp5:asymmetric:r009,,3.0,,0.0,0.25,hardening:asymmetric:r009,5,0.6225305708818265,10.0,2174.1838911869368,1.0,,0.6225305708818265,10.0,,10000.0,Catalog then correct,,1087.0919455934684,,,,,,moderate,3107.1546847249547,1162.8805884746323,0.6225305708818265,,,0.7403374106234593,4270.035273199587,0.5,,0.0,6225.305708818264,0.3107154684724955,0.1162880588474632,40009,,"[""L004"", ""L006"", ""L007"", ""L010"", ""L018"", ""R000"", ""R001"", ""R003"", ""R005"", ""R007""]","[""L004"", ""L006"", ""L007"", ""L010"", ""L018"", ""R000"", ""R001"", ""R003"", ""R005"", ""R007""]",,,3.0,,asymmetric,3118.1510240933094,0.0,,943.9671329063726,1.0,10,2174.1838911869368,0.0,1859.727817106394,1556.3264272045662,4668.979281613698,235.99178322659316,707.9753496797795,7403.374106234593,2154.333331688701,979.0055013463044,3133.3388330350053,0.7403374106234593,7,1162.8805884746325,1178.0683974163285,-19.850559498235725,35.03836843993179,1.1368683772161603e-13
967.1385673472272,3.0,,3182.8115459264554,2,exp5:asymmetric:r009,,3.0,,967.1385673472272,0.25,hardening:asymmetric:r009,5,0.7403374106234593,7.0,2154.333331688701,1.0,,0.6225305708818265,10.0,,10000.0,Catalog then correct,,0.0,,,,,,moderate,3984.277765955488,285.75750724409954,0.7108857006880511,,,0.7403374106234593,4270.035273199587,1.0,,6.0,7108.85700688051,0.3984277765955488,0.0285757507244099,40009,,"[""L014"", ""R001"", ""R003"", ""R004"", ""R005"", ""R007"", ""C001""]","[""L004"", ""L006"", ""L007"", ""L010"", ""L018"", ""R000"", ""R001"", ""R003"", ""R005"", ""R007""]",,,3.0,,asymmetric,3124.5792409250225,0.0,,970.2459092363214,1.0,4,2174.1838911869368,986.9891268454629,2946.819762699862,1556.3264272045662,5552.530579675944,235.99178322659316,734.2541260097282,7403.374106234593,2154.333331688701,979.0055013463044,3133.3388330350053,0.7403374106234593,7,285.7575072440991,294.51709935408235,0.0,8.759592109983032,-2.2737367544323206e-13
0.0,0.0,,3134.181575541887,2,exp5:multi_hotspot:r009,,3.0,,0.0,0.0,hardening:multi_hotspot:r009,5,0.7207765711808827,7.0,2131.1733349841334,1.0,,0.7207765711808827,7.0,,9999.999999999998,Catalog then correct,,2131.1733349841334,,,,,,moderate,4134.735043493018,143.78191128424078,0.7207765711808827,,,0.7409034689294206,4278.516954777258,0.0,,0.0,7207.765711808828,0.4134735043493018,0.014378191128424,40009,,"[""L024"", ""R000"", ""R002"", ""R003"", ""R005"", ""R006"", ""C001""]","[""L024"", ""R000"", ""R002"", ""R003"", ""R005"", ""R006"", ""C001""]",,,3.0,,multi_hotspot,3073.03066831581,0.0,,941.8573333316766,1.0,7,2131.1733349841334,0.0,1003.0082405577537,0.0,7207.765711808828,0.0,941.8573333316766,7409.034689294208,2143.965211665842,986.5525228511074,3130.517734516949,0.7409034689294206,7,143.78191128424078,201.26897748537976,12.7918766817088,44.695189519430755,5.684341886080801e-13
0.0,0.0,,3134.181575541887,2,exp5:multi_hotspot:r009,,3.0,,0.0,0.0,hardening:multi_hotspot:r009,5,0.7207765711808827,7.0,2131.1733349841334,1.0,,0.7207765711808827,7.0,,9999.999999999998,Catalog then correct,,1065.586667492067,,,,,,moderate,4134.735043493018,143.78191128424078,0.7207765711808827,,,0.7409034689294206,4278.516954777258,0.5,,0.0,7207.765711808828,0.4134735043493018,0.014378191128424,40009,,"[""L024"", ""R000"", ""R002"", ""R003"", ""R005"", ""R006"", ""C001""]","[""L024"", ""R000"", ""R002"", ""R003"", ""R005"", ""R006"", ""C001""]",,,3.0,,multi_hotspot,3073.03066831581,0.0,,941.8573333316766,1.0,7,2131.1733349841334,0.0,2068.5949080498203,0.0,7207.765711808828,0.0,941.8573333316766,7409.034689294208,2143.965211665842,986.5525228511074,3130.517734516949,0.7409034689294206,7,143.78191128424078,201.26897748537976,12.7918766817088,44.695189519430755,5.684341886080801e-13
606.359890465113,2.0,,3134.181575541887,2,exp5:multi_hotspot:r009,,3.0,,606.359890465113,0.0,hardening:multi_hotspot:r009,5,0.7409034689294206,7.0,2143.965211665842,1.0,,0.7207765711808827,7.0,,9999.999999999998,Catalog then correct,,0.0,,,,,,moderate,4278.516954777258,0.0,0.7409034689294206,,,0.7409034689294206,4278.516954777258,1.0,,2.0,7409.034689294208,0.4278516954777259,0.0,40009,,"[""L024"", ""R000"", ""R003"", ""R004"", ""R006"", ""R008"", ""C001""]","[""L024"", ""R000"", ""R002"", ""R003"", ""R005"", ""R006"", ""C001""]",,,3.0,,multi_hotspot,3130.517734516949,0.0,,986.5525228511074,1.0,5,2131.1733349841334,593.5680137834039,3134.181575541887,0.0,7409.034689294208,0.0,986.5525228511074,7409.034689294208,2143.965211665842,986.5525228511074,3130.517734516949,0.7409034689294206,7,0.0,0.0,0.0,0.0,0.0
0.0,0.0,,3134.181575541887,2,exp5:multi_hotspot:r009,,3.0,,0.0,0.01,hardening:multi_hotspot:r009,5,0.7207765711808827,7.0,2131.1733349841334,1.0,,0.7207765711808827,7.0,,9999.999999999998,Catalog then correct,,2131.1733349841334,,,,,,moderate,4134.73504349302,143.78191128423896,0.7207765711808827,,,0.7409034689294206,4278.516954777258,0.0,,0.0,7207.765711808829,0.413473504349302,0.0143781911284238,40009,,"[""L024"", ""R000"", ""R002"", ""R003"", ""R005"", ""R006"", ""C001""]","[""L024"", ""R000"", ""R002"", ""R003"", ""R005"", ""R006"", ""C001""]",,,3.0,,multi_hotspot,3073.03066831581,0.0,,941.8573333316768,1.0,7,2131.1733349841334,0.0,993.5896672244369,72.07765711808828,7135.6880546907405,9.418573333316766,932.4387599983601,7409.034689294208,2143.965211665842,986.5525228511074,3130.517734516949,0.7409034689294206,7,143.78191128423805,201.26897748537885,12.7918766817088,44.69518951943053,-1.4779288903810084e-12
0.0,0.0,,3134.181575541887,2,exp5:multi_hotspot:r009,,3.0,,0.0,0.01,hardening:multi_hotspot:r009,5,0.7207765711808827,7.0,2131.1733349841334,1.0,,0.7207765711808827,7.0,,9999.999999999998,Catalog then correct,,1065.586667492067,,,,,,moderate,4134.73504349302,143.78191128423896,0.7207765711808827,,,0.7409034689294206,4278.516954777258,0.5,,0.0,7207.765711808829,0.413473504349302,0.0143781911284238,40009,,"[""L024"", ""R000"", ""R002"", ""R003"", ""R005"", ""R006"", ""C001""]","[""L024"", ""R000"", ""R002"", ""R003"", ""R005"", ""R006"", ""C001""]",,,3.0,,multi_hotspot,3073.03066831581,0.0,,941.8573333316768,1.0,7,2131.1733349841334,0.0,2059.176334716504,72.07765711808828,7135.6880546907405,9.418573333316766,932.4387599983601,7409.034689294208,2143.965211665842,986.5525228511074,3130.517734516949,0.7409034689294206,7,143.78191128423805,201.26897748537885,12.7918766817088,44.69518951943053,-1.4779288903810084e-12
606.359890465113,2.0,,3134.181575541887,2,exp5:multi_hotspot:r009,,3.0,,606.359890465113,0.01,hardening:multi_hotspot:r009,5,0.7409034689294206,7.0,2143.965211665842,1.0,,0.7207765711808827,7.0,,9999.999999999998,Catalog then correct,,0.0,,,,,,moderate,4276.951216897598,1.5657378796604462,0.7407021999519352,,,0.7409034689294206,4278.516954777258,1.0,,2.0,7407.021999519353,0.4276951216897598,0.000156573787966,40009,,"[""L024"", ""R000"", ""R003"", ""R004"", ""R006"", ""R008"", ""C001""]","[""L024"", ""R000"", ""R002"", ""R003"", ""R005"", ""R006"", ""C001""]",,,3.0,,multi_hotspot,3130.070782621756,0.0,,986.1055709559132,1.0,5,2131.1733349841334,593.5680137834039,3124.7630022085705,72.07765711808828,7334.944342401264,9.418573333316766,976.6869976225964,7409.034689294208,2143.965211665842,986.5525228511074,3130.517734516949,0.7409034689294206,7,1.5657378796604462,2.012689774855062,0.0,0.4469518951941609,-4.547473508864641e-13
0.0,0.0,,3134.181575541887,2,exp5:multi_hotspot:r009,,3.0,,0.0,0.1,hardening:multi_hotspot:r009,5,0.7207765711808827,7.0,2131.1733349841334,1.0,,0.7207765711808827,7.0,,9999.999999999998,Catalog then correct,,2131.1733349841334,,,,,,moderate,4134.73504349302,143.78191128423896,0.7207765711808827,,,0.7409034689294206,4278.516954777258,0.0,,0.0,7207.76571180883,0.413473504349302,0.0143781911284238,40009,,"[""L024"", ""R000"", ""R002"", ""R003"", ""R005"", ""R006"", ""C001""]","[""L024"", ""R000"", ""R002"", ""R003"", ""R005"", ""R006"", ""C001""]",,,3.0,,multi_hotspot,3073.03066831581,0.0,,941.8573333316768,1.0,7,2131.1733349841334,0.0,908.8225072245859,720.7765711808829,6486.989140627948,94.18573333316766,847.6715999985092,7409.034689294208,2143.965211665842,986.5525228511074,3130.517734516949,0.7409034689294206,7,143.78191128423805,201.26897748537795,12.7918766817088,44.69518951943053,-5.684341886080801e-13
0.0,0.0,,3134.181575541887,2,exp5:multi_hotspot:r009,,3.0,,0.0,0.1,hardening:multi_hotspot:r009,5,0.7207765711808827,7.0,2131.1733349841334,1.0,,0.7207765711808827,7.0,,9999.999999999998,Catalog then correct,,1065.586667492067,,,,,,moderate,4134.73504349302,143.78191128423896,0.7207765711808827,,,0.7409034689294206,4278.516954777258,0.5,,0.0,7207.76571180883,0.413473504349302,0.0143781911284238,40009,,"[""L024"", ""R000"", ""R002"", ""R003"", ""R005"", ""R006"", ""C001""]","[""L024"", ""R000"", ""R002"", ""R003"", ""R005"", ""R006"", ""C001""]",,,3.0,,multi_hotspot,3073.03066831581,0.0,,941.8573333316768,1.0,7,2131.1733349841334,0.0,1974.4091747166526,720.7765711808829,6486.989140627948,94.18573333316766,847.6715999985092,7409.034689294208,2143.965211665842,986.5525228511074,3130.517734516949,0.7409034689294206,7,143.78191128423805,201.26897748537795,12.7918766817088,44.69518951943053,-5.684341886080801e-13
315.16031107563526,1.0,,3134.181575541887,2,exp5:multi_hotspot:r009,,3.0,,315.16031107563526,0.1,hardening:multi_hotspot:r009,5,0.7365578319039647,7.0,2130.059618601593,1.0,,0.7207765711808827,7.0,,9999.999999999998,Catalog then correct,,0.0,,,,,,moderate,4263.171339785315,15.345614991943876,0.7349797058316565,,,0.7409034689294206,4278.516954777258,1.0,,1.0,7349.797058316566,0.4263171339785315,0.0015345614991943,40009,,"[""L024"", ""R000"", ""R002"", ""R003"", ""R004"", ""R006"", ""C001""]","[""L024"", ""R000"", ""R002"", ""R003"", ""R005"", ""R006"", ""C001""]",,,3.0,,multi_hotspot,3086.625718531252,0.0,,956.566099929659,1.0,6,2131.1733349841334,316.2740274581753,3039.9958422087193,720.7765711808829,6629.020487135684,94.18573333316766,862.3803665964913,7409.034689294208,2143.965211665842,986.5525228511074,3130.517734516949,0.7409034689294206,7,15.345614991943876,59.23763097764186,13.905593064249388,29.986422921448366,-2.2737367544323206e-13
0.0,0.0,,3134.181575541887,2,exp5:multi_hotspot:r009,,3.0,,0.0,0.25,hardening:multi_hotspot:r009,5,0.7207765711808827,7.0,2131.1733349841334,1.0,,0.7207765711808827,7.0,,9999.999999999998,Catalog then correct,,2131.1733349841334,,,,,,moderate,4134.73504349302,143.78191128423896,0.7207765711808827,,,0.7409034689294206,4278.516954777258,0.0,,0.0,7207.765711808829,0.413473504349302,0.0143781911284238,40009,,"[""L024"", ""R000"", ""R002"", ""R003"", ""R005"", ""R006"", ""C001""]","[""L024"", ""R000"", ""R002"", ""R003"", ""R005"", ""R006"", ""C001""]",,,3.0,,multi_hotspot,3073.03066831581,0.0,,941.8573333316766,1.0,7,2131.1733349841334,0.0,767.5439072248345,1801.941427952207,5405.824283856622,235.46433333291915,706.3929999987574,7409.034689294208,2143.965211665842,986.5525228511074,3130.517734516949,0.7409034689294206,7,143.78191128423805,201.26897748537885,12.7918766817088,44.695189519430755,-1.2505552149377763e-12
0.0,0.0,,3134.181575541887,2,exp5:multi_hotspot:r009,,3.0,,0.0,0.25,hardening:multi_hotspot:r009,5,0.7207765711808827,7.0,2131.1733349841334,1.0,,0.7207765711808827,7.0,,9999.999999999998,Catalog then correct,,1065.586667492067,,,,,,moderate,4134.73504349302,143.78191128423896,0.7207765711808827,,,0.7409034689294206,4278.516954777258,0.5,,0.0,7207.765711808829,0.413473504349302,0.0143781911284238,40009,,"[""L024"", ""R000"", ""R002"", ""R003"", ""R005"", ""R006"", ""C001""]","[""L024"", ""R000"", ""R002"", ""R003"", ""R005"", ""R006"", ""C001""]",,,3.0,,multi_hotspot,3073.03066831581,0.0,,941.8573333316766,1.0,7,2131.1733349841334,0.0,1833.1305747169013,1801.941427952207,5405.824283856622,235.46433333291915,706.3929999987574,7409.034689294208,2143.965211665842,986.5525228511074,3130.517734516949,0.7409034689294206,7,143.78191128423805,201.26897748537885,12.7918766817088,44.695189519430755,-1.2505552149377763e-12
315.16031107563526,1.0,,3134.181575541887,2,exp5:multi_hotspot:r009,,3.0,,315.16031107563526,0.25,hardening:multi_hotspot:r009,5,0.7365578319039647,7.0,2130.059618601593,1.0,,0.7207765711808827,7.0,,9999.999999999998,Catalog then correct,,0.0,,,,,,moderate,4241.950909800356,36.56604497690205,0.7326125167231943,,,0.7409034689294206,4278.516954777258,1.0,,1.0,7326.125167231944,0.4241950909800357,0.0036566044976902,40009,,"[""L024"", ""R000"", ""R002"", ""R003"", ""R004"", ""R006"", ""C001""]","[""L024"", ""R000"", ""R002"", ""R003"", ""R005"", ""R006"", ""C001""]",,,3.0,,multi_hotspot,3084.174257431588,0.0,,954.1146388299952,1.0,6,2131.1733349841334,316.2740274581753,2898.717242208968,1801.941427952207,5524.183739279737,235.46433333291915,718.650305497076,7409.034689294208,2143.965211665842,986.5525228511074,3130.517734516949,0.7409034689294206,7,36.56604497690205,82.90952206226393,13.905593064249388,32.437884021112154,-3.410605131648481e-13
144.98858118397473,1.0,,3136.9553617898514,2,exp5:regular:r009,,3.0,,144.98858118397473,0.0,hardening:regular:r009,5,0.6700840204874611,9.0,2189.0406406390184,1.0,,0.6335202879321218,8.0,,9999.999999999998,Catalog then correct,,2044.0520594550435,,,,,,moderate,3563.8848430847584,912.8955313514124,0.6700840204874611,,,0.7598549679995223,4476.780374436171,0.0,,0.0,6700.84020487461,0.3563884843084759,0.0912895531351412,40009,,"[""L002"", ""L003"", ""L005"", ""R000"", ""R001"", ""R002"", ""R003"", ""R006"", ""R008""]","[""L002"", ""L005"", ""R000"", ""R001"", ""R002"", ""R003"", ""R006"", ""R008""]",,,3.0,,regular,3136.955361789852,0.0,,947.9147211508332,1.0,8,2044.0520594550435,0.0,1092.903302334808,0.0,6700.84020487461,0.0,947.9147211508332,7598.549679995223,2176.828360032627,944.9409455264253,3121.769305559053,0.7598549679995223,7,912.8955313514125,897.7094751206132,-12.212280606391232,-2.973775624407949,1.1368683772161603e-13
144.98858118397473,1.0,,3136.9553617898514,2,exp5:regular:r009,,3.0,,212.59893417670023,0.0,hardening:regular:r009,5,0.6631096593748591,8.0,2121.4302876462925,1.0,,0.6335202879321218,8.0,,9999.999999999998,Catalog then correct,,1022.0260297275216,,,,,,moderate,3576.8308069571794,899.9495674789914,0.6631096593748591,,,0.7598549679995223,4476.780374436171,0.5,,1.0,6631.096593748591,0.357683080695718,0.0899949567478991,40009,,"[""L002"", ""L003"", ""R000"", ""R001"", ""R002"", ""R003"", ""R006"", ""R008""]","[""L002"", ""L005"", ""R000"", ""R001"", ""R002"", ""R003"", ""R006"", ""R008""]",,,3.0,,regular,3054.2657867914118,67.61035299272554,,932.8354991451184,1.0,7,2044.0520594550435,67.61035299272554,2114.9293320623296,0.0,6631.096593748591,0.0,932.8354991451184,7598.549679995223,2176.828360032627,944.9409455264253,3121.769305559053,0.7598549679995223,7,899.9495674789914,967.4530862466327,55.39807238633466,12.10544638130682,2.2737367544323206e-13
869.4290306293562,2.0,,3136.9553617898514,2,exp5:regular:r009,,3.0,,869.4290306293562,0.0,hardening:regular:r009,5,0.7598549679995223,7.0,2176.828360032627,1.0,,0.6335202879321218,8.0,,9999.999999999998,Catalog then correct,,0.0,,,,,,moderate,4476.780374436171,0.0,0.7598549679995223,,,0.7598549679995223,4476.780374436171,1.0,,3.0,7598.549679995223,0.4476780374436171,0.0,40009,,"[""L002"", ""R000"", ""R001"", ""R002"", ""R003"", ""R007"", ""C001""]","[""L002"", ""L005"", ""R000"", ""R001"", ""R002"", ""R003"", ""R006"", ""R008""]",,,3.0,,regular,3121.769305559053,0.0,,944.9409455264253,1.0,5,2044.0520594550435,736.6527300517727,3136.9553617898514,0.0,7598.549679995223,0.0,944.9409455264253,7598.549679995223,2176.828360032627,944.9409455264253,3121.769305559053,0.7598549679995223,7,0.0,0.0,0.0,0.0,0.0
144.98858118397473,1.0,,3136.9553617898514,2,exp5:regular:r009,,3.0,,144.98858118397473,0.01,hardening:regular:r009,5,0.670372959341817,9.0,2189.0406406390184,1.0,,0.6335202879321218,8.0,,9999.999999999998,Catalog then correct,,2044.0520594550435,,,,,,moderate,3563.088964487348,913.6914099488232,0.67000443262772,,,0.7598549679995223,4476.780374436171,0.0,,0.0,6700.0443262772,0.3563088964487348,0.0913691409948823,40009,,"[""L002"", ""L003"", ""L005"", ""R000"", ""R001"", ""R002"", ""R003"", ""R006"", ""R008""]","[""L002"", ""L005"", ""R000"", ""R001"", ""R002"", ""R003"", ""R006"", ""R008""]",,,3.0,,regular,3136.955361789852,0.0,,947.9147211508332,1.0,8,2044.0520594550435,0.0,1084.0428415528859,63.35202879321218,6636.692297483987,8.860460781922093,939.0542603689111,7598.549679995223,2176.828360032627,944.9409455264253,3121.769305559053,0.7598549679995223,7,913.6914099488226,898.5053537180238,-12.212280606391232,-2.973775624407949,-3.410605131648481e-13
144.98858118397473,1.0,,3136.9553617898514,2,exp5:regular:r009,,3.0,,212.59893417670023,0.01,hardening:regular:r009,5,0.6631096593748591,8.0,2121.4302876462925,1.0,,0.6335202879321218,8.0,,9999.999999999998,Catalog then correct,,1022.0260297275216,,,,,,moderate,3574.3397640224352,902.4406104137356,0.6628137656604317,,,0.7598549679995223,4476.780374436171,0.5,,1.0,6628.137656604317,0.3574339764022436,0.0902440610413735,40009,,"[""L002"", ""L003"", ""R000"", ""R001"", ""R002"", ""R003"", ""R006"", ""R008""]","[""L002"", ""L005"", ""R000"", ""R001"", ""R002"", ""R003"", ""R006"", ""R008""]",,,3.0,,regular,3053.797892581882,67.61035299272554,,932.3676049355894,1.0,7,2044.0520594550435,67.61035299272554,2106.0688712804076,63.35202879321218,6564.785627811105,8.860460781922093,923.5071441536672,7598.549679995223,2176.828360032627,944.9409455264253,3121.769305559053,0.7598549679995223,7,902.4406104137356,970.4120233909061,55.39807238633466,12.573340590835869,0.0
869.4290306293562,2.0,,3136.9553617898514,2,exp5:regular:r009,,3.0,,869.4290306293562,0.01,hardening:regular:r009,5,0.7598549679995223,7.0,2176.828360032627,1.0,,0.6335202879321218,8.0,,9999.999999999998,Catalog then correct,,0.0,,,,,,moderate,4464.735855102774,12.044519333397147,0.7585916211988484,,,0.7598549679995223,4476.780374436171,1.0,,3.0,7585.916211988483,0.4464735855102774,0.0012044519333397,40009,,"[""L002"", ""R000"", ""R001"", ""R002"", ""R003"", ""R007"", ""C001""]","[""L002"", ""L005"", ""R000"", ""R001"", ""R002"", ""R003"", ""R006"", ""R008""]",,,3.0,,regular,3121.18035688571,0.0,,944.3519968530828,1.0,5,2044.0520594550435,736.6527300517727,3128.0949010079294,63.35202879321218,7522.564183195271,8.860460781922093,935.4915360711607,7598.549679995223,2176.828360032627,944.9409455264253,3121.769305559053,0.7598549679995223,7,12.044519333397147,12.633468006740259,0.0,0.5889486733424292,-6.821210263296962e-13
144.98858118397473,1.0,,3136.9553617898514,2,exp5:regular:r009,,3.0,,144.98858118397473,0.1,hardening:regular:r009,5,0.673262347885375,9.0,2189.0406406390184,1.0,,0.6335202879321218,8.0,,9999.999999999998,Catalog then correct,,2044.0520594550435,,,,,,moderate,3555.926057110645,920.8543173255256,0.6692881418900497,,,0.7598549679995223,4476.780374436171,0.0,,0.0,6692.881418900497,0.3555926057110646,0.0920854317325525,40009,,"[""L002"", ""L003"", ""L005"", ""R000"", ""R001"", ""R002"", ""R003"", ""R006"", ""R008""]","[""L002"", ""L005"", ""R000"", ""R001"", ""R002"", ""R003"", ""R006"", ""R008""]",,,3.0,,regular,3136.955361789852,0.0,,947.9147211508332,1.0,8,2044.0520594550435,0.0,1004.2986945155869,633.5202879321218,6059.361130968375,88.60460781922093,859.3101133316122,7598.549679995223,2176.828360032627,944.9409455264253,3121.769305559053,0.7598549679995223,7,920.8543173255257,905.6682610947264,-12.212280606391232,-2.973775624407949,1.1368683772161603e-13
144.98858118397473,1.0,,3136.9553617898514,2,exp5:regular:r009,,3.0,,144.98858118397473,0.1,hardening:regular:r009,5,0.6732623478853748,9.0,2189.0406406390184,1.0,,0.6335202879321218,8.0,,9999.999999999998,Catalog then correct,,1022.0260297275216,,,,,,moderate,3555.926057110644,920.8543173255276,0.6692881418900495,,,0.7598549679995223,4476.780374436171,0.5,,0.0,6692.881418900495,0.3555926057110644,0.0920854317325527,40009,,"[""L002"", ""L003"", ""L005"", ""R000"", ""R001"", ""R002"", ""R003"", ""R006"", ""R008""]","[""L002"", ""L005"", ""R000"", ""R001"", ""R002"", ""R003"", ""R006"", ""R008""]",,,3.0,,regular,3136.955361789852,0.0,,947.9147211508332,1.0,8,2044.0520594550435,0.0,2026.3247242431087,633.5202879321218,6059.361130968373,88.60460781922093,859.3101133316122,7598.549679995223,2176.828360032627,944.9409455264253,3121.769305559053,0.7598549679995223,7,920.8543173255271,905.6682610947282,-12.212280606391232,-2.973775624407949,-3.410605131648481e-13
869.4290306293562,2.0,,3136.9553617898514,2,exp5:regular:r009,,3.0,,869.4290306293562,0.1,hardening:regular:r009,5,0.7598549679995223,7.0,2176.828360032627,1.0,,0.6335202879321218,8.0,,9999.999999999998,Catalog then correct,,0.0,,,,,,moderate,4356.335181102192,120.44519333397876,0.7472214999927823,,,0.7598549679995223,4476.780374436171,1.0,,3.0,7472.214999927823,0.4356335181102193,0.0120445193333978,40009,,"[""L002"", ""R000"", ""R001"", ""R002"", ""R003"", ""R007"", ""C001""]","[""L002"", ""L005"", ""R000"", ""R001"", ""R002"", ""R003"", ""R006"", ""R008""]",,,3.0,,regular,3115.8798188256305,0.0,,939.0514587930036,1.0,5,2044.0520594550435,736.6527300517727,3048.3507539706306,633.5202879321218,6838.6947119957,88.60460781922093,850.4468509737826,7598.549679995223,2176.828360032627,944.9409455264253,3121.769305559053,0.7598549679995223,7,120.44519333397875,126.33468006740077,0.0,5.889486733421677,-3.410605131648481e-13
144.98858118397473,1.0,,3136.9553617898514,2,exp5:regular:r009,,3.0,,144.98858118397473,0.25,hardening:regular:r009,5,0.676871401797727,9.0,2189.0406406390184,1.0,,0.6335202879321218,8.0,,9999.999999999998,Catalog then correct,,2044.0520594550435,,,,,,moderate,3527.784524436055,948.9958500001158,0.6660336233313258,,,0.7598549679995223,4476.780374436171,0.0,,0.0,6660.336233313257,0.3527784524436055,0.0948995850000116,40009,,"[""L002"", ""L003"", ""L005"", ""R000"", ""R001"", ""R002"", ""R003"", ""R006"", ""R008""]","[""L002"", ""L005"", ""R000"", ""R001"", ""R002"", ""R003"", ""R006"", ""R008""]",,,3.0,,regular,3132.551708877202,0.0,,943.5110682381836,1.0,8,2044.0520594550435,0.0,871.3917827867556,1583.8007198303044,5076.535513482953,221.51151954805232,721.9995486901313,7598.549679995223,2176.828360032627,944.9409455264253,3121.769305559053,0.7598549679995223,7,948.9958500001158,938.2134466819662,-12.212280606391232,1.4298772882416415,0.0
144.98858118397473,1.0,,3136.9553617898514,2,exp5:regular:r009,,3.0,,144.98858118397473,0.25,hardening:regular:r009,5,0.676871401797727,9.0,2189.0406406390184,1.0,,0.6335202879321218,8.0,,9999.999999999998,Catalog then correct,,1022.0260297275216,,,,,,moderate,3527.784524436055,948.9958500001158,0.6660336233313258,,,0.7598549679995223,4476.780374436171,0.5,,0.0,6660.336233313257,0.3527784524436055,0.0948995850000116,40009,,"[""L002"", ""L003"", ""L005"", ""R000"", ""R001"", ""R002"", ""R003"", ""R006"", ""R008""]","[""L002"", ""L005"", ""R000"", ""R001"", ""R002"", ""R003"", ""R006"", ""R008""]",,,3.0,,regular,3132.551708877202,0.0,,943.5110682381836,1.0,8,2044.0520594550435,0.0,1893.4178125142773,1583.8007198303044,5076.535513482953,221.51151954805232,721.9995486901313,7598.549679995223,2176.828360032627,944.9409455264253,3121.769305559053,0.7598549679995223,7,948.9958500001158,938.2134466819662,-12.212280606391232,1.4298772882416415,0.0
849.1700731763206,2.0,,3136.9553617898514,2,exp5:regular:r009,,3.0,,849.1700731763206,0.25,hardening:regular:r009,5,0.7568804950851747,7.0,2156.5694025795915,1.0,,0.6335202879321218,8.0,,9999.999999999998,Catalog then correct,,0.0,,,,,,moderate,4177.044022780918,299.7363516552532,0.7260404432969114,,,0.7598549679995223,4476.780374436171,1.0,,3.0,7260.404432969115,0.4177044022780918,0.0299736351655253,40009,,"[""L002"", ""R000"", ""R001"", ""R002"", ""R003"", ""R005"", ""C001""]","[""L002"", ""L005"", ""R000"", ""R001"", ""R002"", ""R003"", ""R006"", ""R008""]",,,3.0,,regular,3083.3604101881974,0.0,,926.7910076086056,1.0,5,2044.0520594550435,736.6527300517727,2915.443842241799,1583.8007198303044,5676.603713138811,221.51151954805232,705.2794880605533,7598.549679995223,2176.828360032627,944.9409455264253,3121.769305559053,0.7598549679995223,7,299.7363516552532,338.14524702610834,20.25895745303569,18.14993791781967,2.2737367544323206e-13
165.25142350265426,1.0,,3145.9474472763204,2,exp5:asymmetric:r010,,3.0,,165.25142350265426,0.0,hardening:asymmetric:r010,5,0.5600577944061327,8.0,2206.3522307262783,1.0,,0.5148284838763731,7.0,,10000.0,Catalog then correct,,2041.100807223624,,,,,,moderate,2543.3007618250604,1618.0199715485105,0.5600577944061327,,,0.72317203536194,4161.320733373571,0.0,,0.0,5600.577944061328,0.254330076182506,0.161801997154851,40010,,"[""L015"", ""L034"", ""R001"", ""R004"", ""R005"", ""R006"", ""R007"", ""C002""]","[""L034"", ""R001"", ""R004"", ""R005"", ""R006"", ""R007"", ""C002""]",,,3.0,,asymmetric,3057.2771822362674,0.0,,850.9249515099889,1.0,7,2041.100807223624,0.0,1104.8466400526963,0.0,5600.577944061328,0.0,850.9249515099889,7231.720353619402,2070.1653555522826,1000.2342646935488,3070.399620245831,0.72317203536194,8,1618.0199715485105,1631.1424095580742,-136.18687517399576,149.30931318355988,4.547473508864641e-13
446.7551939992246,3.0,,3145.9474472763204,2,exp5:asymmetric:r010,,3.0,,766.092086245869,0.0,hardening:asymmetric:r010,5,0.6187540617554967,8.0,2168.5191089762043,1.0,,0.5148284838763731,7.0,,10000.0,Catalog then correct,,1020.550403611812,,,,,,moderate,3043.3787617964367,1117.9419715771342,0.6187540617554967,,,0.72317203536194,4161.320733373571,0.5,,2.0,6187.540617554969,0.3043378761796437,0.1117941971577134,40010,,"[""L009"", ""L014"", ""L015"", ""R001"", ""R004"", ""R005"", ""R006"", ""R007""]","[""L034"", ""R001"", ""R004"", ""R005"", ""R006"", ""R007"", ""C002""]",,,3.0,,asymmetric,3144.161855758532,319.3368922466445,,975.6427467823275,1.0,5,2041.100807223624,319.3368922466445,2125.3970436645086,0.0,6187.540617554969,0.0,975.6427467823275,7231.720353619402,2070.1653555522826,1000.2342646935488,3070.399620245831,0.72317203536194,8,1117.9419715771342,1044.1797360644332,-98.35375342392172,24.591517911221217,4.547473508864641e-13
958.624684612427,4.0,,3145.9474472763204,2,exp5:asymmetric:r010,,3.0,,958.624684612427,0.0,hardening:asymmetric:r010,5,0.72317203536194,8.0,2070.1653555522826,1.0,,0.5148284838763731,7.0,,10000.0,Catalog then correct,,0.0,,,,,,moderate,4161.320733373571,0.0,0.72317203536194,,,0.72317203536194,4161.320733373571,1.0,,3.0,7231.720353619402,0.4161320733373571,0.0,40010,,"[""L009"", ""L014"", ""L015"", ""R001"", ""R004"", ""R005"", ""R007"", ""C001""]","[""L034"", ""R001"", ""R004"", ""R005"", ""R006"", ""R007"", ""C002""]",,,3.0,,asymmetric,3070.399620245831,0.0,,1000.2342646935488,1.0,4,2041.100807223624,929.5601362837689,3145.9474472763204,0.0,7231.720353619402,0.0,1000.2342646935488,7231.720353619402,2070.1653555522826,1000.2342646935488,3070.399620245831,0.72317203536194,8,0.0,0.0,0.0,0.0,0.0
165.25142350265426,1.0,,3145.9474472763204,2,exp5:asymmetric:r010,,3.0,,165.25142350265426,0.01,hardening:asymmetric:r010,5,0.5600577944061327,8.0,2206.3522307262783,1.0,,0.5148284838763731,7.0,,10000.0,Catalog then correct,,2041.100807223624,,,,,,moderate,2539.812200629286,1621.5085327442848,0.5596055013008351,,,0.72317203536194,4161.320733373571,0.0,,0.0,5596.055013008351,0.2539812200629286,0.1621508532744285,40010,,"[""L015"", ""L034"", ""R001"", ""R004"", ""R005"", ""R006"", ""R007"", ""C002""]","[""L034"", ""R001"", ""R004"", ""R005"", ""R006"", ""R007"", ""C002""]",,,3.0,,asymmetric,3056.242812379065,0.0,,849.8905816527865,1.0,7,2041.100807223624,0.0,1097.3717603947987,51.48284838763732,5544.572164620714,7.474879657897694,842.4157019948889,7231.720353619402,2070.1653555522826,1000.2342646935488,3070.399620245831,0.72317203536194,8,1621.5085327442848,1635.6653406110509,-136.18687517399576,150.34368304076224,4.547473508864641e-13
446.7551939992246,3.0,,3145.9474472763204,2,exp5:asymmetric:r010,,3.0,,766.092086245869,0.01,hardening:asymmetric:r010,5,0.6187540617554967,8.0,2168.5191089762043,1.0,,0.5148284838763731,7.0,,10000.0,Catalog then correct,,1020.550403611812,,,,,,moderate,3035.267751818451,1126.05298155512,0.6177148059767055,,,0.72317203536194,4161.320733373571,0.5,,2.0,6177.148059767057,0.3035267751818451,0.1126052981555119,40010,,"[""L009"", ""L014"", ""L015"", ""R001"", ""R004"", ""R005"", ""R006"", ""R007""]","[""L034"", ""R001"", ""R004"", ""R005"", ""R006"", ""R007"", ""C002""]",,,3.0,,asymmetric,3141.880307948606,319.3368922466445,,973.361198972402,1.0,5,2041.100807223624,319.3368922466445,2117.9221640066107,51.48284838763732,6125.66521137942,7.474879657897694,965.8863193145044,7231.720353619402,2070.1653555522826,1000.2342646935488,3070.399620245831,0.72317203536194,8,1126.05298155512,1054.572293852345,-98.35375342392172,26.87306572114676,0.0
1278.5814452041418,6.0,,3145.9474472763204,2,exp5:asymmetric:r010,,3.0,,1278.5814452041418,0.01,hardening:asymmetric:r010,5,0.7280337069641335,9.0,2097.8732356980004,1.0,,0.5148284838763731,7.0,,10000.0,Catalog then correct,,0.0,,,,,,moderate,4113.069100056239,48.25163331733165,0.7259016547332559,,,0.72317203536194,4161.320733373571,1.0,,4.0,7259.01654733256,0.4113069100056239,0.0048251633317331,40010,,"[""L002"", ""L009"", ""L014"", ""L015"", ""L026"", ""R001"", ""R004"", ""R007"", ""C001""]","[""L034"", ""R001"", ""R004"", ""R005"", ""R006"", ""R007"", ""C002""]",,,3.0,,asymmetric,3145.9474472763204,0.0,,1048.07421157832,1.0,3,2041.100807223624,1221.8090167297657,3138.4725676184225,51.48284838763732,7207.533698944922,7.474879657897694,1040.5993319204224,7231.720353619402,2070.1653555522826,1000.2342646935488,3070.399620245831,0.72317203536194,8,48.25163331733165,-27.296193713157663,-27.70788014571781,-47.83994688477128,2.2737367544323206e-13
165.25142350265426,1.0,,3145.9474472763204,2,exp5:asymmetric:r010,,3.0,,165.25142350265426,0.1,hardening:asymmetric:r010,5,0.5600577944061327,8.0,2206.3522307262783,1.0,,0.5148284838763731,7.0,,10000.0,Catalog then correct,,2041.100807223624,,,,,,moderate,2508.4151498673223,1652.9055835062486,0.5555348633531567,,,0.72317203536194,4161.320733373571,0.0,,0.0,5555.348633531567,0.2508415149867322,0.1652905583506248,40010,,"[""L015"", ""L034"", ""R001"", ""R004"", ""R005"", ""R006"", ""R007"", ""C002""]","[""L034"", ""R001"", ""R004"", ""R005"", ""R006"", ""R007"", ""C002""]",,,3.0,,asymmetric,3046.933483664245,0.0,,840.5812529379668,1.0,7,2041.100807223624,0.0,1030.0978434737194,514.8284838763732,5040.5201496551945,74.74879657897695,765.8324563589899,7231.720353619402,2070.1653555522826,1000.2342646935488,3070.399620245831,0.72317203536194,8,1652.9055835062486,1676.3717200878345,-136.18687517399576,159.65301175558193,2.2737367544323206e-13
446.7551939992246,3.0,,3145.9474472763204,2,exp5:asymmetric:r010,,3.0,,766.092086245869,0.1,hardening:asymmetric:r010,5,0.6187540617554967,8.0,2168.5191089762043,1.0,,0.5148284838763731,7.0,,10000.0,Catalog then correct,,1020.550403611812,,,,,,moderate,2962.2686620165687,1199.0520713570022,0.6083615039675844,,,0.72317203536194,4161.320733373571,0.5,,2.0,6083.615039675845,0.2962268662016569,0.1199052071357002,40010,,"[""L009"", ""L014"", ""L015"", ""R001"", ""R004"", ""R005"", ""R006"", ""R007""]","[""L034"", ""R001"", ""R004"", ""R005"", ""R006"", ""R007"", ""C002""]",,,3.0,,asymmetric,3121.346377659276,319.3368922466445,,952.827268683072,1.0,5,2041.100807223624,319.3368922466445,2050.6482470855317,514.8284838763732,5568.786555799472,74.74879657897695,878.0784721040951,7231.720353619402,2070.1653555522826,1000.2342646935488,3070.399620245831,0.72317203536194,8,1199.0520713570022,1148.1053139435571,-98.35375342392172,47.406996010476746,1.1368683772161603e-13
1278.5814452041418,6.0,,3145.9474472763204,2,exp5:asymmetric:r010,,3.0,,1278.5814452041418,0.1,hardening:asymmetric:r010,5,0.7385669086023127,9.0,2097.8732356980004,1.0,,0.5148284838763731,7.0,,10000.0,Catalog then correct,,0.0,,,,,,moderate,4021.3064118803386,140.01432149323227,0.7161930661297187,,,0.72317203536194,4161.320733373571,1.0,,4.0,7161.930661297188,0.4021306411880339,0.0140014321493232,40010,,"[""L002"", ""L009"", ""L014"", ""L015"", ""L026"", ""R001"", ""R004"", ""R007"", ""C001""]","[""L034"", ""R001"", ""R004"", ""R005"", ""R006"", ""R007"", ""C002""]",,,3.0,,asymmetric,3140.624249416849,0.0,,1042.751013718849,1.0,3,2041.100807223624,1221.8090167297657,3071.1986506973435,514.8284838763732,6647.102177420815,74.74879657897695,968.0022171398721,7231.720353619402,2070.1653555522826,1000.2342646935488,3070.399620245831,0.72317203536194,8,140.01432149323227,69.78969232221425,-27.70788014571781,-42.516749025300214,0.0
165.25142350265426,1.0,,3145.9474472763204,2,exp5:asymmetric:r010,,3.0,,165.25142350265426,0.25,hardening:asymmetric:r010,5,0.5600577944061327,8.0,2206.3522307262783,1.0,,0.5148284838763731,7.0,,10000.0,Catalog then correct,,2041.100807223624,,,,,,moderate,2456.086731930715,1705.234001442856,0.5487504667736928,,,0.72317203536194,4161.320733373571,0.0,,0.0,5487.504667736927,0.2456086731930715,0.1705234001442856,40010,,"[""L015"", ""L034"", ""R001"", ""R004"", ""R005"", ""R006"", ""R007"", ""C002""]","[""L034"", ""R001"", ""R004"", ""R005"", ""R006"", ""R007"", ""C002""]",,,3.0,,asymmetric,3031.4179358062124,0.0,,825.065705079934,1.0,7,2041.100807223624,0.0,917.974648605254,1287.0712096909328,4200.4334580459945,186.87199144744235,638.1937136324916,7231.720353619402,2070.1653555522826,1000.2342646935488,3070.399620245831,0.72317203536194,8,1705.234001442856,1744.2156858824746,-136.18687517399576,175.16855961361478,3.410605131648481e-13
446.7551939992246,3.0,,3145.9474472763204,2,exp5:asymmetric:r010,,3.0,,766.092086245869,0.25,hardening:asymmetric:r010,5,0.6187540617554967,8.0,2168.5191089762043,1.0,,0.5148284838763731,7.0,,10000.0,Catalog then correct,,1020.550403611812,,,,,,moderate,2840.6035123467677,1320.7172210268036,0.5927726672857159,,,0.72317203536194,4161.320733373571,0.5,,2.0,5927.726672857159,0.2840603512346767,0.1320717221026803,40010,,"[""L009"", ""L014"", ""L015"", ""R001"", ""R004"", ""R005"", ""R006"", ""R007""]","[""L034"", ""R001"", ""R004"", ""R005"", ""R006"", ""R007"", ""C002""]",,,3.0,,asymmetric,3087.123160510392,319.3368922466445,,918.604051534188,1.0,5,2041.100807223624,319.3368922466445,1938.5250522170663,1287.0712096909328,4640.655463166227,186.87199144744235,731.7320600867456,7231.720353619402,2070.1653555522826,1000.2342646935488,3070.399620245831,0.72317203536194,8,1320.7172210268031,1303.9936807622425,-98.35375342392172,81.63021315936078,-3.410605131648481e-13
1278.5814452041418,6.0,,3145.9474472763204,2,exp5:asymmetric:r010,,3.0,,1278.5814452041418,0.25,hardening:asymmetric:r010,5,0.7385669086023127,9.0,2097.8732356980004,1.0,,0.5148284838763731,7.0,,10000.0,Catalog then correct,,0.0,,,,,,moderate,3734.9092827796094,426.4114505939615,0.6826323024208278,,,0.72317203536194,4161.320733373571,1.0,,4.0,6826.323024208279,0.3734909282779609,0.0426411450593961,40010,,"[""L002"", ""L009"", ""L014"", ""L015"", ""L026"", ""R001"", ""R004"", ""R007"", ""C001""]","[""L034"", ""R001"", ""R004"", ""R005"", ""R006"", ""R007"", ""C002""]",,,3.0,,asymmetric,3091.4137414286697,0.0,,993.5405057306692,1.0,3,2041.100807223624,1221.8090167297657,2959.075455828878,1287.0712096909328,5539.251814517346,186.87199144744235,806.6685142832268,7231.720353619402,2070.1653555522826,1000.2342646935488,3070.399620245831,0.72317203536194,8,426.4114505939615,405.3973294111229,-27.70788014571781,6.693758962879542,3.410605131648481e-13
146.3819609332866,1.0,,3131.0191729170765,2,exp5:multi_hotspot:r010,,3.0,,146.3819609332866,0.0,hardening:multi_hotspot:r010,5,0.5709459123275291,7.0,2242.189652295188,1.0,,0.5274522193815794,6.0,,10000.0,Catalog then correct,,2095.807691361901,,,,,,moderate,2657.451982212855,931.8391530428844,0.5709459123275291,,,0.6585625108955876,3589.2911352557394,0.0,,0.0,5709.459123275291,0.2657451982212855,0.0931839153042884,40010,,"[""L025"", ""L033"", ""R000"", ""R004"", ""R007"", ""C001"", ""C002""]","[""L025"", ""R000"", ""R004"", ""R007"", ""C001"", ""C002""]",,,3.0,,multi_hotspot,3052.007141062436,0.0,,809.817488767248,1.0,6,2095.807691361901,0.0,1035.2114815551754,0.0,5709.459123275291,0.0,809.817488767248,6585.625108955876,2054.057173066039,942.2768006340972,2996.333973700136,0.6585625108955876,6,931.8391530428844,876.1659856805854,-188.13247922914888,132.45931186684913,-7.958078640513122e-13
317.952828019289,1.0,,3131.0191729170765,2,exp5:multi_hotspot:r010,,3.0,,565.3591274489623,0.0,hardening:multi_hotspot:r010,5,0.6165462636049283,6.0,2166.354219951517,1.0,,0.5274522193815794,6.0,,10000.0,Catalog then correct,,1047.9038456809506,,,,,,moderate,3125.4830028071706,463.8081324485688,0.6165462636049283,,,0.6585625108955876,3589.2911352557394,0.5,,1.0,6165.462636049282,0.312548300280717,0.0463808132448568,40010,,"[""L025"", ""R000"", ""R004"", ""R006"", ""R007"", ""C001""]","[""L025"", ""R000"", ""R004"", ""R007"", ""C001"", ""C002""]",,,3.0,,multi_hotspot,3039.9796332421115,247.4062994296734,,873.6254132905947,1.0,5,2095.807691361901,247.4062994296734,2083.115327236126,0.0,6165.462636049282,0.0,873.6254132905947,6585.625108955876,2054.057173066039,942.2768006340972,2996.333973700136,0.6585625108955876,6,463.8081324485688,420.1624729065943,-112.29704688547781,68.6513873435025,-7.958078640513122e-13
591.7491527718491,2.0,,3131.0191729170765,2,exp5:multi_hotspot:r010,,3.0,,591.7491527718491,0.0,hardening:multi_hotspot:r010,5,0.6585625108955876,6.0,2054.057173066039,1.0,,0.5274522193815794,6.0,,10000.0,Catalog then correct,,0.0,,,,,,moderate,3589.2911352557394,0.0,0.6585625108955876,,,0.6585625108955876,3589.2911352557394,1.0,,2.0,6585.625108955876,0.3589291135255739,0.0,40010,,"[""R000"", ""R003"", ""R004"", ""R006"", ""R007"", ""C001""]","[""L025"", ""R000"", ""R004"", ""R007"", ""C001"", ""C002""]",,,3.0,,multi_hotspot,2996.333973700136,0.0,,942.2768006340972,1.0,4,2095.807691361901,633.4996710677111,3131.0191729170765,0.0,6585.625108955876,0.0,942.2768006340972,6585.625108955876,2054.057173066039,942.2768006340972,2996.333973700136,0.6585625108955876,6,0.0,0.0,0.0,0.0,0.0
146.3819609332866,1.0,,3131.0191729170765,2,exp5:multi_hotspot:r010,,3.0,,146.3819609332866,0.01,hardening:multi_hotspot:r010,5,0.5709459123275291,7.0,2242.189652295188,1.0,,0.5274522193815794,6.0,,10000.0,Catalog then correct,,2095.807691361901,,,,,,moderate,2653.94726202616,935.3438732295796,0.5705109753980696,,,0.6585625108955876,3589.2911352557394,0.0,,0.0,5705.109753980696,0.265394726202616,0.0935343873229579,40010,,"[""L025"", ""L033"", ""R000"", ""R004"", ""R007"", ""C001"", ""C002""]","[""L025"", ""R000"", ""R004"", ""R007"", ""C001"", ""C002""]",,,3.0,,multi_hotspot,3051.162491954536,0.0,,808.9728396593481,1.0,6,2095.807691361901,0.0,1027.9579557754028,52.74522193815794,5652.3645320425385,7.2535257797725965,801.7193138795755,6585.625108955876,2054.057173066039,942.2768006340972,2996.333973700136,0.6585625108955876,6,935.3438732295795,880.5153549751803,-188.13247922914888,133.3039609747491,-6.821210263296962e-13
317.952828019289,1.0,,3131.0191729170765,2,exp5:multi_hotspot:r010,,3.0,,565.3591274489623,0.01,hardening:multi_hotspot:r010,5,0.6165462636049283,6.0,2166.354219951517,1.0,,0.5274522193815794,6.0,,10000.0,Catalog then correct,,1047.9038456809506,,,,,,moderate,3118.056326737969,471.2348085177705,0.6156553231626947,,,0.6585625108955876,3589.2911352557394,0.5,,1.0,6156.553231626947,0.3118056326737969,0.047123480851777,40010,,"[""L025"", ""R000"", ""R004"", ""R006"", ""R007"", ""C001""]","[""L025"", ""R000"", ""R004"", ""R007"", ""C001"", ""C002""]",,,3.0,,multi_hotspot,3038.4969048889784,247.4062994296734,,872.1426849374615,1.0,5,2095.807691361901,247.4062994296734,2075.8618014563535,52.74522193815794,6103.80800968879,7.2535257797725965,864.8891591576888,6585.625108955876,2054.057173066039,942.2768006340972,2996.333973700136,0.6585625108955876,6,471.2348085177705,429.0718773289291,-112.29704688547781,70.13411569663572,-6.821210263296962e-13
591.7491527718491,2.0,,3131.0191729170765,2,exp5:multi_hotspot:r010,,3.0,,591.7491527718491,0.01,hardening:multi_hotspot:r010,5,0.6585625108955876,6.0,2054.057173066039,1.0,,0.5274522193815794,6.0,,10000.0,Catalog then correct,,0.0,,,,,,moderate,3578.349348330906,10.941786924833195,0.6572514079804475,,,0.6585625108955876,3589.2911352557394,1.0,,2.0,6572.514079804474,0.3578349348330906,0.0010941786924833,40010,,"[""R000"", ""R003"", ""R004"", ""R006"", ""R007"", ""C001""]","[""L025"", ""R000"", ""R004"", ""R007"", ""C001"", ""C002""]",,,3.0,,multi_hotspot,2994.164731473568,0.0,,940.1075584075288,1.0,4,2095.807691361901,633.4996710677111,3123.765647137304,52.74522193815794,6519.7688578663165,7.2535257797725965,932.8540326277562,6585.625108955876,2054.057173066039,942.2768006340972,2996.333973700136,0.6585625108955876,6,10.941786924833195,13.111029151402363,0.0,2.1692422265683717,-7.958078640513122e-13
146.3819609332866,1.0,,3131.0191729170765,2,exp5:multi_hotspot:r010,,3.0,,146.3819609332866,0.1,hardening:multi_hotspot:r010,5,0.5709459123275291,7.0,2242.189652295188,1.0,,0.5274522193815794,6.0,,10000.0,Catalog then correct,,2095.807691361901,,,,,,moderate,2622.404780345904,966.8863549098356,0.5665965430329342,,,0.6585625108955876,3589.2911352557394,0.0,,0.0,5665.965430329341,0.2622404780345904,0.0966886354909835,40010,,"[""L025"", ""L033"", ""R000"", ""R004"", ""R007"", ""C001"", ""C002""]","[""L025"", ""R000"", ""R004"", ""R007"", ""C001"", ""C002""]",,,3.0,,multi_hotspot,3043.560649983437,0.0,,801.3709976882492,1.0,6,2095.807691361901,0.0,962.6762237574494,527.4522193815794,5138.513210947762,72.53525779772598,728.8357398905232,6585.625108955876,2054.057173066039,942.2768006340972,2996.333973700136,0.6585625108955876,6,966.8863549098355,919.6596786265354,-188.13247922914888,140.905802945848,-7.958078640513122e-13
317.952828019289,1.0,,3131.0191729170765,2,exp5:multi_hotspot:r010,,3.0,,565.3591274489623,0.1,hardening:multi_hotspot:r010,5,0.6165462636049283,6.0,2166.354219951517,1.0,,0.5274522193815794,6.0,,10000.0,Catalog then correct,,1047.9038456809506,,,,,,moderate,3051.216242115155,538.0748931405842,0.6076368591825934,,,0.6585625108955876,3589.2911352557394,0.5,,1.0,6076.368591825933,0.3051216242115155,0.0538074893140584,40010,,"[""L025"", ""R000"", ""R004"", ""R006"", ""R007"", ""C001""]","[""L025"", ""R000"", ""R004"", ""R007"", ""C001"", ""C002""]",,,3.0,,multi_hotspot,3025.1523497107783,247.4062994296734,,858.7981297592612,1.0,5,2095.807691361901,247.4062994296734,2010.5800694384002,527.4522193815794,5548.916372444354,72.53525779772598,786.2628719615352,6585.625108955876,2054.057173066039,942.2768006340972,2996.333973700136,0.6585625108955876,6,538.0748931405842,509.25651712994295,-112.29704688547781,83.47867087483598,-5.684341886080801e-13
591.7491527718491,2.0,,3131.0191729170765,2,exp5:multi_hotspot:r010,,3.0,,591.7491527718491,0.1,hardening:multi_hotspot:r010,5,0.6585625108955876,6.0,2054.057173066039,1.0,,0.5274522193815794,6.0,,10000.0,Catalog then correct,,0.0,,,,,,moderate,3479.873266007416,109.41786924832375,0.6454514817441868,,,0.6585625108955876,3589.2911352557394,1.0,,2.0,6454.514817441868,0.3479873266007415,0.0109417869248323,40010,,"[""R000"", ""R003"", ""R004"", ""R006"", ""R007"", ""C001""]","[""L025"", ""R000"", ""R004"", ""R007"", ""C001"", ""C002""]",,,3.0,,multi_hotspot,2974.6415514344526,0.0,,920.5843783684136,1.0,4,2095.807691361901,633.4996710677111,3058.4839151193505,527.4522193815794,5927.062598060289,72.53525779772598,848.0491205706876,6585.625108955876,2054.057173066039,942.2768006340972,2996.333973700136,0.6585625108955876,6,109.41786924832331,131.11029151400817,0.0,21.692422265683604,-1.2505552149377763e-12
146.3819609332866,1.0,,3131.0191729170765,2,exp5:multi_hotspot:r010,,3.0,,146.3819609332866,0.25,hardening:multi_hotspot:r010,5,0.5709459123275291,7.0,2242.189652295188,1.0,,0.5274522193815794,6.0,,10000.0,Catalog then correct,,2095.807691361901,,,,,,moderate,2569.833977545478,1019.4571577102616,0.5600724890910417,,,0.6585625108955876,3589.2911352557394,0.0,,0.0,5600.724890910416,0.2569833977545477,0.1019457157710261,40010,,"[""L025"", ""L033"", ""R000"", ""R004"", ""R007"", ""C001"", ""C002""]","[""L025"", ""R000"", ""R004"", ""R007"", ""C001"", ""C002""]",,,3.0,,multi_hotspot,3030.8909133649386,0.0,,788.7012610697509,1.0,6,2095.807691361901,0.0,853.8733370608604,1318.6305484539484,4282.094342456468,181.33814449431492,607.3631165754359,6585.625108955876,2054.057173066039,942.2768006340972,2996.333973700136,0.6585625108955876,6,1019.4571577102615,984.90021804546,-188.13247922914888,153.5755395643463,-1.0231815394945443e-12
317.952828019289,1.0,,3131.0191729170765,2,exp5:multi_hotspot:r010,,3.0,,565.3591274489623,0.25,hardening:multi_hotspot:r010,5,0.6165462636049283,6.0,2166.354219951517,1.0,,0.5274522193815794,6.0,,10000.0,Catalog then correct,,1047.9038456809506,,,,,,moderate,2939.816101077131,649.4750341786084,0.5942727525490911,,,0.6585625108955876,3589.2911352557394,0.5,,1.0,5942.727525490909,0.2939816101077131,0.0649475034178608,40010,,"[""L025"", ""R000"", ""R004"", ""R006"", ""R007"", ""C001""]","[""L025"", ""R000"", ""R004"", ""R007"", ""C001"", ""C002""]",,,3.0,,multi_hotspot,3002.911424413778,247.4062994296734,,836.5572044622611,1.0,5,2095.807691361901,247.4062994296734,1901.7771827418112,1318.6305484539484,4624.096977036961,181.33814449431492,655.2190599679461,6585.625108955876,2054.057173066039,942.2768006340972,2996.333973700136,0.6585625108955876,6,649.4750341786084,642.8975834649673,-112.29704688547781,105.71959617183609,-5.684341886080801e-13
727.8890585091426,3.0,,3131.0191729170765,2,exp5:multi_hotspot:r010,,3.0,,727.8890585091426,0.25,hardening:multi_hotspot:r010,5,0.6975716073510474,7.0,2190.1970788033323,1.0,,0.5274522193815794,6.0,,10000.0,Catalog then correct,,0.0,,,,,,moderate,3420.809754550461,168.48138070527784,0.6550417603586803,,,0.6585625108955876,3589.2911352557394,1.0,,2.0,6550.417603586804,0.3420809754550462,0.0168481380705277,40010,,"[""L034"", ""R000"", ""R003"", ""R004"", ""R006"", ""R007"", ""C001""]","[""L025"", ""R000"", ""R004"", ""R007"", ""C001"", ""C002""]",,,3.0,,multi_hotspot,3129.6078490363425,0.0,,939.4107702330105,1.0,4,2095.807691361901,633.4996710677111,2949.6810284227618,1318.6305484539484,5231.787055132856,181.33814449431492,758.0726257386955,6585.625108955876,2054.057173066039,942.2768006340972,2996.333973700136,0.6585625108955876,6,168.4813807052783,35.20750536907235,-136.13990573729325,2.866030401086732,-5.684341886080801e-13
135.95882624925358,1.0,,3156.668444536349,2,exp5:regular:r010,,3.0,,135.95882624925358,0.0,hardening:regular:r010,5,0.5478577730256298,8.0,2318.1264715110315,1.0,,0.5171621528751755,7.0,,10000.0,Catalog then correct,,2182.167645261778,,,,,,moderate,2321.9092857199485,1568.5100111120018,0.5478577730256298,,,0.701949122608566,3890.4192968319503,0.0,,0.0,5478.577730256297,0.2321909285719948,0.1568510011112001,40010,,"[""L017"", ""L029"", ""R000"", ""R003"", ""R005"", ""R007"", ""R008"", ""C000""]","[""L029"", ""R000"", ""R003"", ""R005"", ""R007"", ""R008"", ""C000""]",,,3.0,,regular,3156.668444536349,0.0,,838.5419730253172,1.0,7,2182.167645261778,0.0,974.5007992745709,0.0,5478.577730256297,0.0,838.5419730253172,7019.49122608566,2064.60969865872,1064.4622305949897,3129.0719292537096,0.701949122608566,8,1568.5100111120018,1540.9134958293625,-253.51677285231153,225.92025756967246,2.2737367544323206e-13
324.4847446458311,1.0,,3156.668444536349,2,exp5:regular:r010,,3.0,,656.2987370088683,0.0,hardening:regular:r010,5,0.5947483068485644,6.0,2174.838397544572,1.0,,0.5171621528751755,7.0,,10000.0,Catalog then correct,,1091.083822630889,,,,,,moderate,2887.434445600673,1002.9848512312774,0.5947483068485644,,,0.701949122608566,3890.4192968319503,0.5,,2.0,5947.483068485644,0.2887434445600673,0.1002984851231277,40010,,"[""R000"", ""R001"", ""R003"", ""R005"", ""R007"", ""R008""]","[""L029"", ""R000"", ""R003"", ""R005"", ""R007"", ""R008"", ""C000""]",,,3.0,,regular,3060.048622884972,331.81399236303724,,885.2102253403993,1.0,5,2182.167645261778,331.81399236303724,2065.58462190546,0.0,5947.483068485644,0.0,885.2102253403993,7019.49122608566,2064.60969865872,1064.4622305949897,3129.0719292537096,0.701949122608566,8,1002.9848512312774,1072.0081576000157,-110.22869888585228,179.25200525459036,-2.2737367544323206e-13
1191.92519326246,5.0,,3156.668444536349,2,exp5:regular:r010,,3.0,,1191.92519326246,0.0,hardening:regular:r010,5,0.701949122608566,8.0,2064.60969865872,1.0,,0.5171621528751755,7.0,,10000.0,Catalog then correct,,0.0,,,,,,moderate,3890.4192968319503,0.0,0.701949122608566,,,0.701949122608566,3890.4192968319503,1.0,,4.0,7019.49122608566,0.389041929683195,0.0,40010,,"[""L000"", ""L007"", ""L013"", ""L025"", ""R000"", ""R005"", ""R007"", ""C001""]","[""L029"", ""R000"", ""R003"", ""R005"", ""R007"", ""R008"", ""C000""]",,,3.0,,regular,3129.0719292537096,0.0,,1064.4622305949897,1.0,3,2182.167645261778,1309.4831398655178,3156.668444536349,0.0,7019.49122608566,0.0,1064.4622305949897,7019.49122608566,2064.60969865872,1064.4622305949897,3129.0719292537096,0.701949122608566,8,0.0,0.0,0.0,0.0,0.0
135.95882624925358,1.0,,3156.668444536349,2,exp5:regular:r010,,3.0,,135.95882624925358,0.01,hardening:regular:r010,5,0.5481373101784064,8.0,2318.1264715110315,1.0,,0.5171621528751755,7.0,,10000.0,Catalog then correct,,2182.167645261778,,,,,,moderate,2321.6071415173924,1568.812155314558,0.547827558605374,,,0.701949122608566,3890.4192968319503,0.0,,0.0,5478.275586053741,0.2321607141517392,0.1568812155314558,40010,,"[""L017"", ""L029"", ""R000"", ""R003"", ""R005"", ""R007"", ""R008"", ""C000""]","[""L029"", ""R000"", ""R003"", ""R005"", ""R007"", ""R008"", ""C000""]",,,3.0,,regular,3156.6684445363485,0.0,,838.5419730253171,1.0,7,2182.167645261778,0.0,966.7516310606679,51.71621528751756,5426.559370766224,7.7491682139029825,830.7928048114142,7019.49122608566,2064.60969865872,1064.4622305949897,3129.0719292537096,0.701949122608566,8,1568.812155314558,1541.215640031919,-253.51677285231153,225.92025756967257,-1.1368683772161603e-13
324.4847446458311,1.0,,3156.668444536349,2,exp5:regular:r010,,3.0,,656.2987370088683,0.01,hardening:regular:r010,5,0.5947483068485644,6.0,2174.838397544572,1.0,,0.5171621528751755,7.0,,10000.0,Catalog then correct,,1091.083822630889,,,,,,moderate,2880.7787642428348,1009.6405325891157,0.5939724453088304,,,0.701949122608566,3890.4192968319503,0.5,,2.0,5939.724453088305,0.2880778764242834,0.1009640532589115,40010,,"[""R000"", ""R001"", ""R003"", ""R005"", ""R007"", ""R008""]","[""L029"", ""R000"", ""R003"", ""R005"", ""R007"", ""R008"", ""C000""]",,,3.0,,regular,3058.9456888454706,331.81399236303724,,884.1072913008982,1.0,5,2182.167645261778,331.81399236303724,2057.835453691557,51.71621528751756,5888.008237800788,7.7491682139029825,876.3581230869952,7019.49122608566,2064.60969865872,1064.4622305949897,3129.0719292537096,0.701949122608566,8,1009.6405325891155,1079.7667729973546,-110.22869888585228,180.35493929409154,2.2737367544323206e-13
1191.92519326246,5.0,,3156.668444536349,2,exp5:regular:r010,,3.0,,1191.92519326246,0.01,hardening:regular:r010,5,0.701949122608566,8.0,2064.60969865872,1.0,,0.5171621528751755,7.0,,10000.0,Catalog then correct,,0.0,,,,,,moderate,3874.836053950657,15.583242881293245,0.700101252911232,,,0.701949122608566,3890.4192968319503,1.0,,4.0,7001.01252911232,0.3874836053950657,0.0015583242881293,40010,,"[""L000"", ""L007"", ""L013"", ""L025"", ""R000"", ""R005"", ""R007"", ""C001""]","[""L029"", ""R000"", ""R003"", ""R005"", ""R007"", ""R008"", ""C000""]",,,3.0,,regular,3126.1764751616624,0.0,,1061.5667765029425,1.0,3,2182.167645261778,1309.4831398655178,3148.919276322446,51.71621528751756,6949.296313824803,7.7491682139029825,1053.8176082890395,7019.49122608566,2064.60969865872,1064.4622305949897,3129.0719292537096,0.701949122608566,8,15.583242881293245,18.478696973339538,0.0,2.8954540920472027,9.094947017729282e-13
135.95882624925358,1.0,,3156.668444536349,2,exp5:regular:r010,,3.0,,135.95882624925358,0.1,hardening:regular:r010,5,0.5509320799075194,8.0,2318.1264715110315,1.0,,0.5171621528751755,7.0,,10000.0,Catalog then correct,,2182.167645261778,,,,,,moderate,2318.8824275065017,1571.5368693254486,0.547555087204285,,,0.701949122608566,3890.4192968319503,0.0,,0.0,5475.550872042851,0.2318882427506501,0.1571536869325448,40010,,"[""L017"", ""L029"", ""R000"", ""R003"", ""R005"", ""R007"", ""R008"", ""C000""]","[""L029"", ""R000"", ""R003"", ""R005"", ""R007"", ""R008"", ""C000""]",,,3.0,,regular,3156.668444536349,0.0,,838.5419730253172,1.0,7,2182.167645261778,0.0,897.0091171355411,517.1621528751756,4958.388719167675,77.49168213902982,761.0502908862875,7019.49122608566,2064.60969865872,1064.4622305949897,3129.0719292537096,0.701949122608566,8,1571.5368693254486,1543.9403540428093,-253.51677285231153,225.92025756967246,2.2737367544323206e-13
324.4847446458311,1.0,,3156.668444536349,2,exp5:regular:r010,,3.0,,656.2987370088683,0.1,hardening:regular:r010,5,0.5947483068485644,6.0,2174.838397544572,1.0,,0.5171621528751755,7.0,,10000.0,Catalog then correct,,1091.083822630889,,,,,,moderate,2820.877632022294,1069.541664809656,0.5869896914512256,,,0.701949122608566,3890.4192968319503,0.5,,2.0,5869.896914512256,0.2820877632022294,0.1069541664809656,40010,,"[""R000"", ""R001"", ""R003"", ""R005"", ""R007"", ""R008""]","[""L029"", ""R000"", ""R003"", ""R005"", ""R007"", ""R008"", ""C000""]",,,3.0,,regular,3049.0192824899614,331.81399236303724,,874.1808849453892,1.0,5,2182.167645261778,331.81399236303724,1988.0929397664304,517.1621528751756,5352.734761637081,77.49168213902982,796.6892028063594,7019.49122608566,2064.60969865872,1064.4622305949897,3129.0719292537096,0.701949122608566,8,1069.5416648096561,1149.5943115734035,-110.22869888585228,190.28134564960055,9.094947017729282e-13
1191.92519326246,5.0,,3156.668444536349,2,exp5:regular:r010,,3.0,,1191.92519326246,0.1,hardening:regular:r010,5,0.701949122608566,8.0,2064.60969865872,1.0,,0.5171621528751755,7.0,,10000.0,Catalog then correct,,0.0,,,,,,moderate,3734.5868680190288,155.8324288129215,0.683470425635227,,,0.701949122608566,3890.4192968319503,1.0,,4.0,6834.704256352269,0.3734586868019028,0.0155832428812921,40010,,"[""L000"", ""L007"", ""L013"", ""L025"", ""R000"", ""R005"", ""R007"", ""C001""]","[""L029"", ""R000"", ""R003"", ""R005"", ""R007"", ""R008"", ""C000""]",,,3.0,,regular,3100.1173883332403,0.0,,1035.5076896745202,1.0,3,2182.167645261778,1309.4831398655178,3079.176762397319,517.1621528751756,6317.542103477093,77.49168213902982,958.0160075354904,7019.49122608566,2064.60969865872,1064.4622305949897,3129.0719292537096,0.701949122608566,8,155.83242881292153,184.78696973339083,0.0,28.954540920469526,2.2737367544323206e-13
135.95882624925358,1.0,,3156.668444536349,2,exp5:regular:r010,,3.0,,135.95882624925358,0.25,hardening:regular:r010,5,0.5570331306758471,8.0,2318.1264715110315,1.0,,0.5171621528751755,7.0,,10000.0,Catalog then correct,,2182.167645261778,,,,,,moderate,2313.985417720444,1576.433879111507,0.5470653862256792,,,0.701949122608566,3890.4192968319503,0.0,,0.0,5470.653862256792,0.2313985417720443,0.1576433879111507,40010,,"[""L017"", ""L029"", ""R000"", ""R003"", ""R005"", ""R007"", ""R008"", ""C000""]","[""L029"", ""R000"", ""R003"", ""R005"", ""R007"", ""R008"", ""C000""]",,,3.0,,regular,3156.668444536349,0.0,,838.5419730253174,1.0,7,2182.167645261778,0.0,780.7715939269964,1292.9053821879388,4177.7484800688535,193.72920534757455,644.8127676777428,7019.49122608566,2064.60969865872,1064.4622305949897,3129.0719292537096,0.701949122608566,8,1576.4338791115065,1548.8373638288676,-253.51677285231153,225.92025756967234,-3.410605131648481e-13
307.2006121648164,1.0,,3156.668444536349,2,exp5:regular:r010,,3.0,,639.0146045278536,0.25,hardening:regular:r010,5,0.5924223048900302,6.0,2157.554265063557,1.0,,0.5171621528751755,7.0,,10000.0,Catalog then correct,,1091.083822630889,,,,,,moderate,2721.960038876734,1168.4592579552163,0.5736072668863166,,,0.701949122608566,3890.4192968319503,0.5,,2.0,5736.072668863166,0.2721960038876734,0.1168459257955216,40010,,"[""R000"", ""R003"", ""R004"", ""R005"", ""R007"", ""R008""]","[""L029"", ""R000"", ""R003"", ""R005"", ""R007"", ""R008"", ""C000""]",,,3.0,,regular,3014.112629986432,331.81399236303724,,856.5583649228747,1.0,5,2182.167645261778,331.81399236303724,1871.8554165578855,1292.9053821879388,4443.167286675227,193.72920534757455,662.8291595753002,7019.49122608566,2064.60969865872,1064.4622305949897,3129.0719292537096,0.701949122608566,8,1168.4592579552163,1283.4185572224942,-92.94456640483713,207.903865672115,0.0
1191.92519326246,5.0,,3156.668444536349,2,exp5:regular:r010,,3.0,,1191.92519326246,0.25,hardening:regular:r010,5,0.701949122608566,8.0,2064.60969865872,1.0,,0.5171621528751755,7.0,,10000.0,Catalog then correct,,0.0,,,,,,moderate,3500.838224799647,389.5810720323034,0.6557523801752184,,,0.701949122608566,3890.4192968319503,1.0,,4.0,6557.523801752183,0.3500838224799646,0.0389581072032303,40010,,"[""L000"", ""L007"", ""L013"", ""L025"", ""R000"", ""R005"", ""R007"", ""C001""]","[""L029"", ""R000"", ""R003"", ""R005"", ""R007"", ""R008"", ""C000""]",,,3.0,,regular,3056.6855769525364,0.0,,992.0758782938166,1.0,3,2182.167645261778,1309.4831398655178,2962.9392391887745,1292.9053821879388,5264.6184195642445,193.72920534757455,798.346672946242,7019.49122608566,2064.60969865872,1064.4622305949897,3129.0719292537096,0.701949122608566,8,389.5810720323034,461.96742433347663,0.0,72.38635230117313,-1.1368683772161603e-13
143.23145297742911,1.0,,3167.666805407142,2,exp5:asymmetric:r011,,3.0,,707.6932510438651,0.0,hardening:asymmetric:r011,5,0.538342548422247,7.0,2283.7884538423264,1.0,,0.4940941290043287,7.0,,10000.000000000002,Catalog then correct,,2140.5570008648974,,,,,,moderate,2290.364667590657,1802.566974269886,0.538342548422247,,,0.7203597254422129,4092.931641860543,0.0,,1.0,5383.425484222472,0.2290364667590656,0.1802566974269885,40011,,"[""L006"", ""L030"", ""R002"", ""R003"", ""R004"", ""R006"", ""R008""]","[""L006"", ""R002"", ""R003"", ""R004"", ""R006"", ""R008"", ""C002""]",,,3.0,,asymmetric,3093.0608166318148,564.461798066436,,809.2723627894884,1.0,6,2140.5570008648974,0.0,1027.1098045422445,0.0,5383.425484222472,0.0,809.2723627894884,7203.597254422131,2162.877545952941,947.7880666086472,3110.665612561588,0.7203597254422129,8,1802.566974269886,1820.1717701996595,-120.91090788938527,138.51570381915883,1.1368683772161603e-13
302.10840890088014,2.0,,3167.666805407142,2,exp5:asymmetric:r011,,3.0,,584.3393079340981,0.0,hardening:asymmetric:r011,5,0.5819727581470419,8.0,2160.4345107325594,1.0,,0.4940941290043287,7.0,,10000.000000000002,Catalog then correct,,1070.2785004324487,,,,,,moderate,2768.318451380177,1324.613190480366,0.5819727581470419,,,0.7203597254422129,4092.931641860543,0.5,,1.0,5819.727581470419,0.2768318451380177,0.1324613190480365,40011,,"[""L006"", ""L019"", ""L030"", ""R002"", ""R003"", ""R004"", ""R006"", ""R008""]","[""L006"", ""R002"", ""R003"", ""R004"", ""R006"", ""R008"", ""C002""]",,,3.0,,asymmetric,3051.409130090242,282.230899033218,,890.9746193576824,1.0,6,2140.5570008648974,282.230899033218,2097.3883049746933,0.0,5819.727581470419,0.0,890.9746193576824,7203.597254422131,2162.877545952941,947.7880666086472,3110.665612561588,0.7203597254422129,8,1324.613190480366,1383.8696729517123,2.4430352203817165,56.81344725096483,2.2737367544323206e-13
877.0682304580823,3.0,,3167.666805407142,2,exp5:asymmetric:r011,,3.0,,877.0682304580823,0.0,hardening:asymmetric:r011,5,0.7203597254422129,8.0,2162.877545952941,1.0,,0.4940941290043287,7.0,,10000.000000000002,Catalog then correct,,0.0,,,,,,moderate,4092.931641860543,0.0,0.7203597254422129,,,0.7203597254422129,4092.931641860543,1.0,,2.0,7203.597254422131,0.4092931641860542,0.0,40011,,"[""L006"", ""L015"", ""L030"", ""R002"", ""R003"", ""R006"", ""R008"", ""C001""]","[""L006"", ""R002"", ""R003"", ""R004"", ""R006"", ""R008"", ""C002""]",,,3.0,,asymmetric,3110.665612561588,0.0,,947.7880666086472,1.0,5,2140.5570008648974,854.7476853700384,3167.666805407142,0.0,7203.597254422131,0.0,947.7880666086472,7203.597254422131,2162.877545952941,947.7880666086472,3110.665612561588,0.7203597254422129,8,0.0,0.0,0.0,0.0,0.0
143.23145297742911,1.0,,3167.666805407142,2,exp5:asymmetric:r011,,3.0,,707.6932510438651,0.01,hardening:asymmetric:r011,5,0.538342548422247,7.0,2283.7884538423264,1.0,,0.4940941290043287,7.0,,10000.000000000002,Catalog then correct,,2140.5570008648974,,,,,,moderate,2286.681145790757,1806.250496069786,0.5379000642280679,,,0.7203597254422129,4092.931641860543,0.0,,1.0,5379.000642280679,0.2286681145790756,0.1806250496069786,40011,,"[""L006"", ""L030"", ""R002"", ""R003"", ""R004"", ""R006"", ""R008""]","[""L006"", ""R002"", ""R003"", ""R004"", ""R006"", ""R008"", ""C002""]",,,3.0,,asymmetric,3092.319496489922,564.461798066436,,808.531042647596,1.0,6,2140.5570008648974,0.0,1019.7584010562421,49.40941290043288,5329.591229380247,7.351403486002523,801.1796391615935,7203.597254422131,2162.877545952941,947.7880666086472,3110.665612561588,0.7203597254422129,8,1806.250496069786,1824.5966121414522,-120.91090788938527,139.25702396105123,-1.1368683772161603e-13
302.10840890088014,2.0,,3167.666805407142,2,exp5:asymmetric:r011,,3.0,,584.3393079340981,0.01,hardening:asymmetric:r011,5,0.5819727581470419,8.0,2160.4345107325594,1.0,,0.4940941290043287,7.0,,10000.000000000002,Catalog then correct,,1070.2785004324487,,,,,,moderate,2761.088931173479,1331.842710687064,0.5810939718556147,,,0.7203597254422129,4092.931641860543,0.5,,1.0,5810.9397185561465,0.2761088931173479,0.1331842710687063,40011,,"[""L006"", ""L019"", ""L030"", ""R002"", ""R003"", ""R004"", ""R006"", ""R008""]","[""L006"", ""R002"", ""R003"", ""R004"", ""R006"", ""R008"", ""C002""]",,,3.0,,asymmetric,3049.8507873826675,282.230899033218,,889.4162766501081,1.0,6,2140.5570008648974,282.230899033218,2090.0369014886905,49.40941290043288,5761.530305655714,7.351403486002523,882.0648731641056,7203.597254422131,2162.877545952941,947.7880666086472,3110.665612561588,0.7203597254422129,8,1331.842710687064,1392.6575358659848,2.4430352203817165,58.371789958539125,1.1368683772161603e-13
877.0682304580823,3.0,,3167.666805407142,2,exp5:asymmetric:r011,,3.0,,877.0682304580823,0.01,hardening:asymmetric:r011,5,0.7203597254422129,8.0,2162.877545952941,1.0,,0.4940941290043287,7.0,,10000.000000000002,Catalog then correct,,0.0,,,,,,moderate,4072.431559396837,20.50008246370589,0.7180970694778341,,,0.7203597254422129,4092.931641860543,1.0,,2.0,7180.970694778342,0.4072431559396836,0.0020500082463705,40011,,"[""L006"", ""L015"", ""L030"", ""R002"", ""R003"", ""R006"", ""R008"", ""C001""]","[""L006"", ""R002"", ""R003"", ""R004"", ""R006"", ""R008"", ""C002""]",,,3.0,,asymmetric,3108.5391353815044,0.0,,945.6615894285632,1.0,5,2140.5570008648974,854.7476853700384,3160.3154019211393,49.40941290043288,7131.561281877909,7.351403486002523,938.3101859425607,7203.597254422131,2162.877545952941,947.7880666086472,3110.665612561588,0.7203597254422129,8,20.500082463705894,22.626559643789733,0.0,2.1264771800840663,2.2737367544323206e-13
143.23145297742911,1.0,,3167.666805407142,2,exp5:asymmetric:r011,,3.0,,707.6932510438651,0.1,hardening:asymmetric:r011,5,0.538342548422247,7.0,2283.7884538423264,1.0,,0.4940941290043287,7.0,,10000.000000000002,Catalog then correct,,2140.5570008648974,,,,,,moderate,2253.529449591662,1839.4021922688808,0.5339177064804552,,,0.7203597254422129,4092.931641860543,0.0,,1.0,5339.177064804553,0.2253529449591661,0.183940219226888,40011,,"[""L006"", ""L030"", ""R002"", ""R003"", ""R004"", ""R006"", ""R008""]","[""L006"", ""R002"", ""R003"", ""R004"", ""R006"", ""R008"", ""C002""]",,,3.0,,asymmetric,3085.647615212891,564.461798066436,,801.8591613705648,1.0,6,2140.5570008648974,0.0,953.5957696822193,494.0941290043288,4845.082935800225,73.51403486002523,728.3451265105396,7203.597254422131,2162.877545952941,947.7880666086472,3110.665612561588,0.7203597254422129,8,1839.4021922688812,1864.4201896175782,-120.91090788938527,145.9289052380824,1.1368683772161603e-13
302.10840890088014,2.0,,3167.666805407142,2,exp5:asymmetric:r011,,3.0,,584.3393079340981,0.1,hardening:asymmetric:r011,5,0.5819727581470419,8.0,2160.4345107325594,1.0,,0.4940941290043287,7.0,,10000.000000000002,Catalog then correct,,1070.2785004324487,,,,,,moderate,2696.023249313207,1396.908392547336,0.5731848952327706,,,0.7203597254422129,4092.931641860543,0.5,,1.0,5731.848952327706,0.2696023249313206,0.1396908392547335,40011,,"[""L006"", ""L019"", ""L030"", ""R002"", ""R003"", ""R004"", ""R006"", ""R008""]","[""L006"", ""R002"", ""R003"", ""R004"", ""R006"", ""R008"", ""C002""]",,,3.0,,asymmetric,3035.8257030144987,282.230899033218,,875.3911922819394,1.0,6,2140.5570008648974,282.230899033218,2023.874270114668,494.0941290043288,5237.754823323377,73.51403486002523,801.8771574219141,7203.597254422131,2162.877545952941,947.7880666086472,3110.665612561588,0.7203597254422129,8,1396.908392547336,1471.7483020944255,2.4430352203817165,72.3968743267078,0.0
857.6506614478284,3.0,,3167.666805407142,2,exp5:asymmetric:r011,,3.0,,857.6506614478284,0.1,hardening:asymmetric:r011,5,0.7190983028977743,8.0,2143.4599769426877,1.0,,0.4940941290043287,7.0,,10000.000000000002,Catalog then correct,,0.0,,,,,,moderate,3888.113771934932,204.81786992561135,0.6965978855084298,,,0.7203597254422129,4092.931641860543,1.0,,2.0,6965.978855084297,0.3888113771934931,0.0204817869925611,40011,,"[""L006"", ""L030"", ""L033"", ""R002"", ""R003"", ""R006"", ""R008"", ""C001""]","[""L006"", ""R002"", ""R003"", ""R004"", ""R006"", ""R008"", ""C002""]",,,3.0,,asymmetric,3077.865083149365,0.0,,934.405106206678,1.0,5,2140.5570008648974,854.7476853700384,3094.1527705471167,494.0941290043288,6471.8847260799685,73.51403486002523,860.8910713466528,7203.597254422131,2162.877545952941,947.7880666086472,3110.665612561588,0.7203597254422129,8,204.81786992561092,237.6183993378345,19.417569010253374,13.382960401969171,-1.0231815394945443e-12
143.23145297742911,1.0,,3167.666805407142,2,exp5:asymmetric:r011,,3.0,,707.6932510438651,0.25,hardening:asymmetric:r011,5,0.538342548422247,7.0,2283.7884538423264,1.0,,0.4940941290043287,7.0,,10000.000000000002,Catalog then correct,,2140.5570008648974,,,,,,moderate,2198.2766225931696,1894.6550192673733,0.5272804435677675,,,0.7203597254422129,4092.931641860543,0.0,,1.0,5272.804435677675,0.2198276622593169,0.1894655019267373,40011,,"[""L006"", ""L030"", ""R002"", ""R003"", ""R004"", ""R006"", ""R008""]","[""L006"", ""R002"", ""R003"", ""R004"", ""R006"", ""R008"", ""C002""]",,,3.0,,asymmetric,3074.527813084506,564.461798066436,,790.7393592421794,1.0,6,2140.5570008648974,0.0,843.3247173921815,1235.235322510822,4037.5691131668536,183.78508715006308,606.9542720921163,7203.597254422131,2162.877545952941,947.7880666086472,3110.665612561588,0.7203597254422129,8,1894.6550192673735,1930.7928187444559,-120.91090788938527,157.04870736646785,2.2737367544323206e-13
422.88133163936953,3.0,,3167.666805407142,2,exp5:asymmetric:r011,,3.0,,705.1122306725875,0.25,hardening:asymmetric:r011,5,0.6052370010964174,9.0,2281.2074334710487,1.0,,0.4940941290043287,7.0,,10000.000000000002,Catalog then correct,,1070.2785004324487,,,,,,moderate,2606.8460253268104,1486.0856165337327,0.5774512830733952,,,0.7203597254422129,4092.931641860543,0.5,,1.0,5774.512830733952,0.260684602532681,0.1486085616533732,40011,,"[""L006"", ""L007"", ""L030"", ""L033"", ""R002"", ""R003"", ""R004"", ""R006"", ""R008""]","[""L006"", ""R002"", ""R003"", ""R004"", ""R006"", ""R008"", ""C002""]",,,3.0,,asymmetric,3167.666805407141,282.230899033218,,886.4593719360929,1.0,6,2140.5570008648974,282.230899033218,1913.60321782463,1235.235322510822,4539.27750822313,183.78508715006308,702.6742847860298,7203.597254422131,2162.877545952941,947.7880666086472,3110.665612561588,0.7203597254422129,8,1486.0856165337327,1429.0844236881794,-118.32988751810763,61.32869467255432,0.0
857.6506614478284,3.0,,3167.666805407142,2,exp5:asymmetric:r011,,3.0,,857.6506614478284,0.25,hardening:asymmetric:r011,5,0.7190983028977743,8.0,2143.4599769426877,1.0,,0.4940941290043287,7.0,,10000.000000000002,Catalog then correct,,0.0,,,,,,moderate,3583.8183040291683,509.1133378313748,0.6628472594244129,,,0.7203597254422129,4092.931641860543,1.0,,2.0,6628.472594244129,0.3583818304029167,0.0509113337831374,40011,,"[""L006"", ""L030"", ""L033"", ""R002"", ""R003"", ""R006"", ""R008"", ""C001""]","[""L006"", ""R002"", ""R003"", ""R004"", ""R006"", ""R008"", ""C002""]",,,3.0,,asymmetric,3044.654290214961,0.0,,901.1943132722736,1.0,5,2140.5570008648974,854.7476853700384,2983.881718257079,1235.235322510822,5393.237271733307,183.78508715006308,717.4092261222105,7203.597254422131,2162.877545952941,947.7880666086472,3110.665612561588,0.7203597254422129,8,509.1133378313748,575.1246601780022,19.417569010253374,46.59375333637365,-3.410605131648481e-13
143.23145297742911,1.0,,3086.135330375794,2,exp5:multi_hotspot:r011,,3.0,,143.23145297742911,0.0,hardening:multi_hotspot:r011,5,0.6612245387775689,8.0,2307.7654353149483,1.0,,0.6216621474365267,7.0,,9999.999999999998,Catalog then correct,,2164.53398233752,,,,,,moderate,3527.051241917008,482.3182726238701,0.6612245387775689,,,0.7094008477285011,4009.369514540878,0.0,,0.0,6612.245387775691,0.3527051241917008,0.048231827262387,40011,,"[""L011"", ""L012"", ""L018"", ""R003"", ""R007"", ""R008"", ""C001"", ""C002""]","[""L011"", ""L012"", ""R003"", ""R007"", ""R008"", ""C001"", ""C002""]",,,3.0,,multi_hotspot,3085.194145858683,0.0,,777.4287105437347,1.0,7,2164.53398233752,0.0,921.6013480382744,0.0,6612.245387775691,0.0,777.4287105437347,7094.008477285011,2100.8013428899985,983.837619854135,3084.6389627441336,0.7094008477285011,9,482.3182726238697,481.7630895093207,-206.96409242494974,206.4089093104003,-4.547473508864641e-13
307.2714993828432,1.0,,3086.135330375794,2,exp5:multi_hotspot:r011,,3.0,,469.6192216800016,0.0,hardening:multi_hotspot:r011,5,0.678254286394289,7.0,2309.457759423204,1.0,,0.6216621474365267,7.0,,9999.999999999998,Catalog then correct,,1082.2669911687597,,,,,,moderate,3696.407533567096,312.9619809737819,0.678254286394289,,,0.7094008477285011,4009.369514540878,0.5,,1.0,6782.54286394289,0.3696407533567096,0.0312961980973782,40011,,"[""L011"", ""L012"", ""R002"", ""R003"", ""R007"", ""C001"", ""C002""]","[""L011"", ""L012"", ""R003"", ""R007"", ""R008"", ""C001"", ""C002""]",,,3.0,,multi_hotspot,3086.135330375794,162.3477222971584,,776.6775709525903,1.0,6,2164.53398233752,162.3477222971584,2003.8683392070343,0.0,6782.54286394289,0.0,776.6775709525903,7094.008477285011,2100.8013428899985,983.837619854135,3084.6389627441336,0.7094008477285011,9,312.9619809737819,311.4656133421213,-208.65641653320563,207.16004890154477,-2.2737367544323206e-13
1060.7027810208706,5.0,,3086.135330375794,2,exp5:multi_hotspot:r011,,3.0,,1060.7027810208706,0.0,hardening:multi_hotspot:r011,5,0.7094008477285011,9.0,2100.8013428899985,1.0,,0.6216621474365267,7.0,,9999.999999999998,Catalog then correct,,0.0,,,,,,moderate,4009.369514540878,0.0,0.7094008477285011,,,0.7094008477285011,4009.369514540878,1.0,,3.0,7094.008477285011,0.4009369514540878,0.0,40011,,"[""L011"", ""L012"", ""L023"", ""L029"", ""L032"", ""R001"", ""R002"", ""R003"", ""C001""]","[""L011"", ""L012"", ""R003"", ""R007"", ""R008"", ""C001"", ""C002""]",,,3.0,,multi_hotspot,3084.6389627441336,0.0,,983.837619854135,1.0,4,2164.53398233752,1124.4354204683914,3086.135330375794,0.0,7094.008477285011,0.0,983.837619854135,7094.008477285011,2100.8013428899985,983.837619854135,3084.6389627441336,0.7094008477285011,9,0.0,0.0,0.0,0.0,0.0
143.23145297742911,1.0,,3086.135330375794,2,exp5:multi_hotspot:r011,,3.0,,143.23145297742911,0.01,hardening:multi_hotspot:r011,5,0.6612245387775689,8.0,2307.7654353149483,1.0,,0.6216621474365267,7.0,,9999.999999999998,Catalog then correct,,2164.53398233752,,,,,,moderate,3523.7880099555045,485.5815045853733,0.6608289148641585,,,0.7094008477285011,4009.369514540878,0.0,,0.0,6608.289148641586,0.3523788009955505,0.0485581504585373,40011,,"[""L011"", ""L012"", ""L018"", ""R003"", ""R007"", ""R008"", ""C001"", ""C002""]","[""L011"", ""L012"", ""R003"", ""R007"", ""R008"", ""C001"", ""C002""]",,,3.0,,multi_hotspot,3084.501138686081,0.0,,776.7357033711328,1.0,7,2164.53398233752,0.0,914.520068105439,62.166214743652674,6546.122933897933,7.081279932835455,769.6544234382974,7094.008477285011,2100.8013428899985,983.837619854135,3084.6389627441336,0.7094008477285011,9,485.5815045853733,485.7193286434258,-206.96409242494974,207.10191648300224,0.0
307.2714993828432,1.0,,3086.135330375794,2,exp5:multi_hotspot:r011,,3.0,,469.6192216800016,0.01,hardening:multi_hotspot:r011,5,0.6786471666661724,7.0,2309.457759423204,1.0,,0.6216621474365267,7.0,,9999.999999999998,Catalog then correct,,1082.2669911687597,,,,,,moderate,3694.637834362967,314.7316801779112,0.678077316473876,,,0.7094008477285011,4009.369514540878,0.5,,1.0,6780.773164738761,0.3694637834362967,0.0314731680177911,40011,,"[""L011"", ""L012"", ""R002"", ""R003"", ""R007"", ""C001"", ""C002""]","[""L011"", ""L012"", ""R003"", ""R007"", ""R008"", ""C001"", ""C002""]",,,3.0,,multi_hotspot,3086.135330375794,162.3477222971584,,776.6775709525901,1.0,6,2164.53398233752,162.3477222971584,1996.7870592741988,62.166214743652674,6718.606949995108,7.081279932835455,769.5962910197547,7094.008477285011,2100.8013428899985,983.837619854135,3084.6389627441336,0.7094008477285011,9,314.7316801779107,313.2353125462505,-208.65641653320563,207.16004890154488,-5.684341886080801e-13
1202.1406974989852,6.0,,3086.135330375794,2,exp5:multi_hotspot:r011,,3.0,,1202.1406974989852,0.01,hardening:multi_hotspot:r011,5,0.7110997060876214,9.0,2100.5238194007784,1.0,,0.6216621474365267,7.0,,9999.999999999998,Catalog then correct,,0.0,,,,,,moderate,4021.3845319512257,-12.01501741034781,0.7102053305011105,,,0.7094008477285011,4009.369514540878,1.0,,4.0,7102.053305011105,0.4021384531951226,-0.0012015017410347,40011,,"[""L003"", ""L012"", ""L018"", ""L023"", ""L029"", ""R001"", ""R002"", ""R003"", ""C001""]","[""L011"", ""L012"", ""R003"", ""R007"", ""R008"", ""C001"", ""C002""]",,,3.0,,multi_hotspot,3080.66877305988,0.0,,980.1449536591012,1.0,3,2164.53398233752,1266.1508604357264,3079.0540504429587,62.166214743652674,7039.887090267453,7.081279932835455,973.0636737262658,7094.008477285011,2100.8013428899985,983.837619854135,3084.6389627441336,0.7094008477285011,9,-12.01501741034781,-8.0448277260939,0.2775234892201297,3.6926661950337802,0.0
142.01715482790712,1.0,,3086.135330375794,2,exp5:multi_hotspot:r011,,3.0,,142.01715482790712,0.1,hardening:multi_hotspot:r011,5,0.6637907419231058,8.0,2306.5511371654266,1.0,,0.6216621474365267,7.0,,9999.999999999998,Catalog then correct,,2164.53398233752,,,,,,moderate,3509.6434943686854,499.7260201721924,0.6595778824744479,,,0.7094008477285011,4009.369514540878,0.0,,0.0,6595.77882474448,0.3509643494368686,0.0499726020172192,40011,,"[""L011"", ""L012"", ""L029"", ""R003"", ""R007"", ""R008"", ""C001"", ""C002""]","[""L011"", ""L012"", ""R003"", ""R007"", ""R008"", ""C001"", ""C002""]",,,3.0,,multi_hotspot,3086.135330375794,0.0,,779.5841932103679,1.0,7,2164.53398233752,0.0,850.7885487099198,621.6621474365268,5974.116677307953,70.81279932835456,708.7713938820133,7094.008477285011,2100.8013428899985,983.837619854135,3084.6389627441336,0.7094008477285011,9,499.7260201721924,498.2296525405318,-205.74979427542803,204.25342664376717,-2.2737367544323206e-13
307.2714993828432,1.0,,3086.135330375794,2,exp5:multi_hotspot:r011,,3.0,,469.6192216800016,0.1,hardening:multi_hotspot:r011,5,0.6805186624455193,7.0,2309.457759423204,1.0,,0.6216621474365267,7.0,,9999.999999999998,Catalog then correct,,1082.2669911687597,,,,,,moderate,3663.458033736248,345.9114808046297,0.67463301094462,,,0.7094008477285011,4009.369514540878,0.5,,1.0,6746.330109446201,0.3663458033736249,0.0345911480804629,40011,,"[""L011"", ""L012"", ""R002"", ""R003"", ""R007"", ""C001"", ""C002""]","[""L011"", ""L012"", ""R003"", ""R007"", ""R008"", ""C001"", ""C002""]",,,3.0,,multi_hotspot,3082.872075709953,162.3477222971584,,773.4143162867489,1.0,6,2164.53398233752,162.3477222971584,1933.0555398786798,621.6621474365268,6124.667962009675,70.81279932835456,702.6015169583943,7094.008477285011,2100.8013428899985,983.837619854135,3084.6389627441336,0.7094008477285011,9,345.9114808046297,347.6783678388101,-208.65641653320563,210.42330356738614,1.1368683772161603e-13
1194.1694727292104,6.0,,3086.135330375794,2,exp5:multi_hotspot:r011,,3.0,,1194.1694727292104,0.1,hardening:multi_hotspot:r011,5,0.7154046013728235,9.0,2092.552594631004,1.0,,0.6216621474365267,7.0,,9999.999999999998,Catalog then correct,,0.0,,,,,,moderate,3983.9455349579976,25.423979582880293,0.7060303559791938,,,0.7094008477285011,4009.369514540878,1.0,,4.0,7060.303559791938,0.3983945534957998,0.002542397958288,40011,,"[""L012"", ""L018"", ""L023"", ""L029"", ""L035"", ""R001"", ""R002"", ""R003"", ""C001""]","[""L011"", ""L012"", ""R003"", ""R007"", ""R008"", ""C001"", ""C002""]",,,3.0,,multi_hotspot,3076.3580248339404,0.0,,983.8054302029368,1.0,3,2164.53398233752,1266.1508604357264,3015.3225310474395,621.6621474365268,6438.641412355411,70.81279932835456,912.9926308745822,7094.008477285011,2100.8013428899985,983.837619854135,3084.6389627441336,0.7094008477285011,9,25.423979582880293,33.70491749307348,8.24874825899451,0.032189651198223146,-4.547473508864641e-13
142.01715482790712,1.0,,3086.135330375794,2,exp5:multi_hotspot:r011,,3.0,,142.01715482790712,0.25,hardening:multi_hotspot:r011,5,0.6660170247769648,8.0,2306.5511371654266,1.0,,0.6216621474365267,7.0,,9999.999999999998,Catalog then correct,,2164.53398233752,,,,,,moderate,3471.8935488779066,537.4759656629712,0.6549283054418553,,,0.7094008477285011,4009.369514540878,0.0,,0.0,6549.283054418554,0.3471893548877907,0.0537475965662971,40011,,"[""L011"", ""L012"", ""L029"", ""R003"", ""R007"", ""R008"", ""C001"", ""C002""]","[""L011"", ""L012"", ""R003"", ""R007"", ""R008"", ""C001"", ""C002""]",,,3.0,,multi_hotspot,3077.389505540647,0.0,,770.8383683752205,1.0,7,2164.53398233752,0.0,744.569349717388,1554.1553685913168,4995.127685827237,177.03199832088637,593.8063700543341,7094.008477285011,2100.8013428899985,983.837619854135,3084.6389627441336,0.7094008477285011,9,537.4759656629712,544.7254228664578,-205.74979427542803,212.99925147891452,-1.1368683772161603e-13
307.2714993828432,1.0,,3086.135330375794,2,exp5:multi_hotspot:r011,,3.0,,469.6192216800016,0.25,hardening:multi_hotspot:r011,5,0.6805186624455193,7.0,2309.457759423204,1.0,,0.6216621474365267,7.0,,9999.999999999998,Catalog then correct,,1082.2669911687597,,,,,,moderate,3586.0543150566264,423.3151994842515,0.6658045336932712,,,0.7094008477285011,4009.369514540878,0.5,,1.0,6658.045336932712,0.3586054315056627,0.0423315199484251,40011,,"[""L011"", ""L012"", ""R002"", ""R003"", ""R007"", ""C001"", ""C002""]","[""L011"", ""L012"", ""R003"", ""R007"", ""R008"", ""C001"", ""C002""]",,,3.0,,multi_hotspot,3071.991021876086,162.3477222971584,,762.5332624528817,1.0,6,2164.53398233752,162.3477222971584,1826.8363408861478,1554.1553685913168,5103.889968341396,177.03199832088637,585.5012641319953,7094.008477285011,2100.8013428899985,983.837619854135,3084.6389627441336,0.7094008477285011,9,423.3151994842515,435.963140352299,-208.65641653320563,221.30435740125336,2.2737367544323206e-13
1207.5849130670445,6.0,,3086.135330375794,2,exp5:multi_hotspot:r011,,3.0,,1207.5849130670445,0.25,hardening:multi_hotspot:r011,5,0.7216314084176507,9.0,2105.9680349688374,1.0,,0.6216621474365267,7.0,,9999.999999999998,Catalog then correct,,0.0,,,,,,moderate,3911.0610113413536,98.30850319952424,0.6966390931723697,,,0.7094008477285011,4009.369514540878,1.0,,4.0,6966.390931723698,0.3911061011341354,0.0098308503199524,40011,,"[""L012"", ""L023"", ""L029"", ""L032"", ""L035"", ""R001"", ""R002"", ""R003"", ""C001""]","[""L011"", ""L012"", ""R003"", ""R007"", ""R008"", ""C001"", ""C002""]",,,3.0,,multi_hotspot,3055.329920382344,0.0,,949.3618854135068,1.0,3,2164.53398233752,1266.1508604357264,2909.1033320549077,1554.1553685913168,5412.235563132381,177.03199832088637,772.3298870926204,7094.008477285011,2100.8013428899985,983.837619854135,3084.6389627441336,0.7094008477285011,9,98.30850319952424,127.61754556131382,-5.166692078838878,34.47573444062823,-2.2737367544323206e-13
0.0,0.0,,3160.557603079724,2,exp5:regular:r011,,3.0,,0.0,0.0,hardening:regular:r011,5,0.5925644098738743,7.0,2133.810335365187,1.0,,0.5925644098738743,7.0,,10000.000000000002,Catalog then correct,,2133.810335365187,,,,,,moderate,2931.029019666119,1478.592553532275,0.5925644098738743,,,0.7555959929813905,4409.621573198394,0.0,,0.0,5925.644098738744,0.2931029019666118,0.1478592553532274,40011,,"[""L014"", ""R002"", ""R003"", ""R004"", ""R005"", ""R008"", ""C000""]","[""L014"", ""R002"", ""R003"", ""R004"", ""R005"", ""R008"", ""C000""]",,,3.0,,regular,2994.615079072625,0.0,,860.8047437074381,1.0,7,2133.810335365187,0.0,1026.747267714537,0.0,5925.644098738744,0.0,860.8047437074381,7555.959929813905,2125.167307084085,1021.171049531426,3146.338356615511,0.7555959929813905,7,1478.592553532275,1630.3158310751605,-8.643028281101579,160.3663058239879,6.821210263296962e-13
524.574705627447,1.0,,3160.557603079724,2,exp5:regular:r011,,3.0,,934.4240640626904,0.0,hardening:regular:r011,5,0.6721588613577479,6.0,2248.535682557391,1.0,,0.5925644098738743,7.0,,10000.000000000002,Catalog then correct,,1066.9051676825934,,,,,,moderate,3561.031010497756,848.5905627006377,0.6721588613577479,,,0.7555959929813905,4409.621573198394,0.5,,2.0,6721.58861357748,0.3561031010497755,0.0848590562700637,40011,,"[""L014"", ""R002"", ""R003"", ""R004"", ""R008"", ""C001""]","[""L014"", ""R002"", ""R003"", ""R004"", ""R005"", ""R008"", ""C000""]",,,3.0,,regular,3160.557603079724,409.8493584352433,,912.0219205223332,1.0,5,2133.810335365187,409.8493584352433,2093.6524353971304,0.0,6721.58861357748,0.0,912.0219205223332,7555.959929813905,2125.167307084085,1021.171049531426,3146.338356615511,0.7555959929813905,7,848.5905627006377,834.3713162364247,-123.3683754733056,109.1491290090928,2.2737367544323206e-13
957.3093749307606,3.0,,3160.557603079724,2,exp5:regular:r011,,3.0,,957.3093749307606,0.0,hardening:regular:r011,5,0.7555959929813905,7.0,2125.167307084085,1.0,,0.5925644098738743,7.0,,10000.000000000002,Catalog then correct,,0.0,,,,,,moderate,4409.621573198394,0.0,0.7555959929813905,,,0.7555959929813905,4409.621573198394,1.0,,3.0,7555.959929813905,0.4409621573198393,0.0,40011,,"[""L026"", ""R000"", ""R002"", ""R003"", ""R004"", ""R008"", ""C001""]","[""L014"", ""R002"", ""R003"", ""R004"", ""R005"", ""R008"", ""C000""]",,,3.0,,regular,3146.338356615511,0.0,,1021.171049531426,1.0,4,2133.810335365187,965.9524032118622,3160.557603079724,0.0,7555.959929813905,0.0,1021.171049531426,7555.959929813905,2125.167307084085,1021.171049531426,3146.338356615511,0.7555959929813905,7,0.0,0.0,0.0,0.0,0.0
0.0,0.0,,3160.557603079724,2,exp5:regular:r011,,3.0,,0.0,0.01,hardening:regular:r011,5,0.5925644098738743,7.0,2133.810335365187,1.0,,0.5925644098738743,7.0,,10000.000000000002,Catalog then correct,,2133.810335365187,,,,,,moderate,2931.029019666119,1478.592553532275,0.5925644098738743,,,0.7555959929813905,4409.621573198394,0.0,,0.0,5925.644098738744,0.2931029019666118,0.1478592553532274,40011,,"[""L014"", ""R002"", ""R003"", ""R004"", ""R005"", ""R008"", ""C000""]","[""L014"", ""R002"", ""R003"", ""R004"", ""R005"", ""R008"", ""C000""]",,,3.0,,regular,2994.615079072625,0.0,,860.8047437074381,1.0,7,2133.810335365187,0.0,1018.1392202774626,59.25644098738744,5866.3876577513565,8.608047437074381,852.1966962703638,7555.959929813905,2125.167307084085,1021.171049531426,3146.338356615511,0.7555959929813905,7,1478.592553532275,1630.3158310751605,-8.643028281101579,160.3663058239879,6.821210263296962e-13
524.574705627447,1.0,,3160.557603079724,2,exp5:regular:r011,,3.0,,934.4240640626904,0.01,hardening:regular:r011,5,0.6724350250472139,6.0,2248.535682557391,1.0,,0.5925644098738743,7.0,,10000.000000000002,Catalog then correct,,1066.9051676825934,,,,,,moderate,3555.80558587508,853.815987323314,0.6716363188954805,,,0.7555959929813905,4409.621573198394,0.5,,2.0,6716.363188954804,0.3555805585875079,0.0853815987323313,40011,,"[""L014"", ""R002"", ""R003"", ""R004"", ""R008"", ""C001""]","[""L014"", ""R002"", ""R003"", ""R004"", ""R005"", ""R008"", ""C000""]",,,3.0,,regular,3160.557603079724,409.8493584352433,,912.0219205223332,1.0,5,2133.810335365187,409.8493584352433,2085.044387960056,59.25644098738744,6657.106747967417,8.608047437074381,903.4138730852588,7555.959929813905,2125.167307084085,1021.171049531426,3146.338356615511,0.7555959929813905,7,853.815987323314,839.5967408591005,-123.3683754733056,109.1491290090928,6.821210263296962e-13
957.3093749307606,3.0,,3160.557603079724,2,exp5:regular:r011,,3.0,,957.3093749307606,0.01,hardening:regular:r011,5,0.7555959929813905,7.0,2125.167307084085,1.0,,0.5925644098738743,7.0,,10000.000000000002,Catalog then correct,,0.0,,,,,,moderate,4394.922077945882,14.699495252511952,0.7539656771503153,,,0.7555959929813905,4409.621573198394,1.0,,3.0,7539.656771503153,0.4394922077945881,0.0014699495252511,40011,,"[""L026"", ""R000"", ""R002"", ""R003"", ""R004"", ""R008"", ""C001""]","[""L014"", ""R002"", ""R003"", ""R004"", ""R005"", ""R008"", ""C000""]",,,3.0,,regular,3144.7346935572714,0.0,,1019.567386473186,1.0,4,2133.810335365187,965.9524032118622,3151.9495556426496,59.25644098738744,7480.400330515766,8.608047437074381,1010.9593390361117,7555.959929813905,2125.167307084085,1021.171049531426,3146.338356615511,0.7555959929813905,7,14.699495252511952,16.303158310751314,0.0,1.6036630582399312,5.684341886080801e-13
0.0,0.0,,3160.557603079724,2,exp5:regular:r011,,3.0,,0.0,0.1,hardening:regular:r011,5,0.5925644098738743,7.0,2133.810335365187,1.0,,0.5925644098738743,7.0,,10000.000000000002,Catalog then correct,,2133.810335365187,,,,,,moderate,2931.029019666118,1478.5925535322758,0.5925644098738744,,,0.7555959929813905,4409.621573198394,0.0,,0.0,5925.644098738743,0.2931029019666117,0.1478592553532275,40011,,"[""L014"", ""R002"", ""R003"", ""R004"", ""R005"", ""R008"", ""C000""]","[""L014"", ""R002"", ""R003"", ""R004"", ""R005"", ""R008"", ""C000""]",,,3.0,,regular,2994.615079072625,0.0,,860.8047437074381,1.0,7,2133.810335365187,0.0,940.6667933437932,592.5644098738744,5333.079688864869,86.08047437074381,774.7242693366943,7555.959929813905,2125.167307084085,1021.171049531426,3146.338356615511,0.7555959929813905,7,1478.5925535322758,1630.3158310751614,-8.643028281101579,160.3663058239879,6.821210263296962e-13
524.574705627447,1.0,,3160.557603079724,2,exp5:regular:r011,,3.0,,934.4240640626904,0.1,hardening:regular:r011,5,0.6751947818822428,6.0,2248.535682557391,1.0,,0.5925644098738743,7.0,,10000.000000000002,Catalog then correct,,1066.9051676825934,,,,,,moderate,3508.7598437343368,900.8617294640572,0.666931744681406,,,0.7555959929813905,4409.621573198394,0.5,,2.0,6669.3174468140605,0.3508759843734336,0.0900861729464057,40011,,"[""L014"", ""R002"", ""R003"", ""R004"", ""R008"", ""C001""]","[""L014"", ""R002"", ""R003"", ""R004"", ""R005"", ""R008"", ""C000""]",,,3.0,,regular,3160.557603079724,409.8493584352433,,912.0219205223332,1.0,5,2133.810335365187,409.8493584352433,2007.5719610263866,592.5644098738744,6076.753036940187,86.08047437074381,825.9414461515894,7555.959929813905,2125.167307084085,1021.171049531426,3146.338356615511,0.7555959929813905,7,900.8617294640571,886.6424829998441,-123.3683754733056,109.1491290090928,2.2737367544323206e-13
804.9984486676321,3.0,,3160.557603079724,2,exp5:regular:r011,,3.0,,804.9984486676321,0.1,hardening:regular:r011,5,0.7531390373928949,8.0,2119.1100671623326,1.0,,0.5925644098738743,7.0,,10000.000000000002,Catalog then correct,,0.0,,,,,,moderate,4210.258143330206,199.36342986818815,0.7370815746409929,,,0.7555959929813905,4409.621573198394,1.0,,2.0,7370.8157464099295,0.4210258143330205,0.0199363429868188,40011,,"[""L007"", ""L014"", ""L026"", ""R002"", ""R003"", ""R004"", ""R008"", ""C001""]","[""L014"", ""R002"", ""R003"", ""R004"", ""R005"", ""R008"", ""C000""]",,,3.0,,regular,3160.557603079724,0.0,,1041.447535917391,1.0,5,2133.810335365187,819.6987168704866,3074.4771287089798,592.5644098738744,6778.2513365360555,86.08047437074381,955.3670615466472,7555.959929813905,2125.167307084085,1021.171049531426,3146.338356615511,0.7555959929813905,7,199.36342986818818,185.14418340397515,6.057239921752625,-20.276486385964972,6.821210263296962e-13
0.0,0.0,,3160.557603079724,2,exp5:regular:r011,,3.0,,0.0,0.25,hardening:regular:r011,5,0.5925644098738743,7.0,2133.810335365187,1.0,,0.5925644098738743,7.0,,10000.000000000002,Catalog then correct,,2133.810335365187,,,,,,moderate,2931.029019666119,1478.592553532275,0.5925644098738743,,,0.7555959929813905,4409.621573198394,0.0,,0.0,5925.644098738744,0.2931029019666118,0.1478592553532274,40011,,"[""L014"", ""R002"", ""R003"", ""R004"", ""R005"", ""R008"", ""C000""]","[""L014"", ""R002"", ""R003"", ""R004"", ""R005"", ""R008"", ""C000""]",,,3.0,,regular,2994.615079072625,0.0,,860.8047437074381,1.0,7,2133.810335365187,0.0,811.5460817876774,1481.411024684686,4444.233074054058,215.20118592685952,645.6035577805785,7555.959929813905,2125.167307084085,1021.171049531426,3146.338356615511,0.7555959929813905,7,1478.592553532275,1630.3158310751605,-8.643028281101579,160.3663058239879,6.821210263296962e-13
524.574705627447,1.0,,3160.557603079724,2,exp5:regular:r011,,3.0,,934.4240640626904,0.25,hardening:regular:r011,5,0.6812411201485676,6.0,2248.535682557391,1.0,,0.5925644098738743,7.0,,10000.000000000002,Catalog then correct,,1066.9051676825934,,,,,,moderate,3430.16182271922,979.4597504791744,0.6590719425798943,,,0.7555959929813905,4409.621573198394,0.5,,2.0,6590.719425798943,0.3430161822719219,0.0979459750479174,40011,,"[""L014"", ""R002"", ""R003"", ""R004"", ""R008"", ""C001""]","[""L014"", ""R002"", ""R003"", ""R004"", ""R005"", ""R008"", ""C000""]",,,3.0,,regular,3160.557603079724,409.8493584352433,,912.0219205223332,1.0,5,2133.810335365187,409.8493584352433,1878.4512494702708,1481.411024684686,5109.308401114257,215.20118592685952,696.8207345954736,7555.959929813905,2125.167307084085,1021.171049531426,3146.338356615511,0.7555959929813905,7,979.4597504791741,965.2405040149615,-123.3683754733056,109.1491290090928,-2.2737367544323206e-13
804.9984486676321,3.0,,3160.557603079724,2,exp5:regular:r011,,3.0,,804.9984486676321,0.25,hardening:regular:r011,5,0.7645849258350077,8.0,2119.1100671623326,1.0,,0.5925644098738743,7.0,,10000.000000000002,Catalog then correct,,0.0,,,,,,moderate,4068.364012375706,341.257560822688,0.7215797968447243,,,0.7555959929813905,4409.621573198394,1.0,,2.0,7215.797968447244,0.4068364012375705,0.0341257560822687,40011,,"[""L007"", ""L014"", ""L026"", ""R002"", ""R003"", ""R004"", ""R008"", ""C001""]","[""L014"", ""R002"", ""R003"", ""R004"", ""R005"", ""R008"", ""C000""]",,,3.0,,regular,3147.433956071538,0.0,,1028.3238889092054,1.0,5,2133.810335365187,819.6987168704866,2945.356417152864,1481.411024684686,5734.386943762558,215.20118592685952,813.1227029823458,7555.959929813905,2125.167307084085,1021.171049531426,3146.338356615511,0.7555959929813905,7,341.257560822688,340.16196136666076,6.057239921752625,-7.152839377779401,4.547473508864641e-13
141.9759266099407,1.0,,3192.8536656157503,2,exp5:asymmetric:r012,,3.0,,141.9759266099407,0.0,hardening:asymmetric:r012,5,0.5264040636703052,8.0,2300.764102980625,1.0,,0.4821801382911561,7.0,,10000.000000000004,Catalog then correct,,2158.788176370684,,,,,,moderate,2217.264649426042,2088.2893697538043,0.5264040636703052,,,0.7395417490007237,4305.554019179846,0.0,,0.0,5264.040636703052,0.2217264649426041,0.2088289369753803,40012,,"[""L015"", ""L031"", ""R000"", ""R001"", ""R003"", ""R004"", ""R005"", ""C000""]","[""L015"", ""R000"", ""R001"", ""R003"", ""R004"", ""R005"", ""C000""]",,,3.0,,asymmetric,3046.77598727701,0.0,,746.0118842963847,1.0,7,2158.788176370684,0.0,1034.0654892450661,0.0,5264.040636703052,0.0,746.0118842963847,7395.417490007237,2134.336376379076,955.5270944483142,3089.86347082739,0.7395417490007237,6,2088.2893697538043,2131.376853304185,-166.42772660154924,209.51521015192952,-2.2737367544323206e-13
604.6061800553261,1.0,,3192.8536656157503,2,exp5:asymmetric:r012,,3.0,,1012.554434491099,0.0,hardening:asymmetric:r012,5,0.6556726339172338,6.0,2355.4461019902374,1.0,,0.4821801382911561,7.0,,10000.000000000004,Catalog then correct,,1079.394088185342,,,,,,moderate,3363.8726735565874,941.681345623259,0.6556726339172338,,,0.7395417490007237,4305.554019179846,0.5,,2.0,6556.726339172337,0.3363872673556586,0.0941681345623258,40012,,"[""L015"", ""R000"", ""R001"", ""R004"", ""R005"", ""C001""]","[""L015"", ""R000"", ""R001"", ""R003"", ""R004"", ""R005"", ""C000""]",,,3.0,,asymmetric,3192.85366561575,407.9482544357728,,837.4075636255126,1.0,5,2158.788176370684,407.9482544357728,2113.459577430408,0.0,6556.726339172337,0.0,837.4075636255126,7395.417490007237,2134.336376379076,955.5270944483142,3089.86347082739,0.7395417490007237,6,941.681345623259,838.6911508348994,-221.1097256111616,118.11953082280161,-4.547473508864641e-13
1214.0331081226966,3.0,,3192.8536656157503,2,exp5:asymmetric:r012,,3.0,,1214.0331081226966,0.0,hardening:asymmetric:r012,5,0.7395417490007237,6.0,2134.336376379076,1.0,,0.4821801382911561,7.0,,10000.000000000004,Catalog then correct,,0.0,,,,,,moderate,4305.554019179846,0.0,0.7395417490007237,,,0.7395417490007237,4305.554019179846,1.0,,4.0,7395.417490007237,0.4305554019179844,0.0,40012,,"[""R000"", ""R004"", ""R005"", ""R007"", ""R008"", ""C001""]","[""L015"", ""R000"", ""R001"", ""R003"", ""R004"", ""R005"", ""C000""]",,,3.0,,asymmetric,3089.86347082739,0.0,,955.5270944483142,1.0,3,2158.788176370684,1238.4849081143047,3192.8536656157503,0.0,7395.417490007237,0.0,955.5270944483142,7395.417490007237,2134.336376379076,955.5270944483142,3089.86347082739,0.7395417490007237,6,0.0,0.0,0.0,0.0,0.0
141.9759266099407,1.0,,3192.8536656157503,2,exp5:asymmetric:r012,,3.0,,141.9759266099407,0.01,hardening:asymmetric:r012,5,0.5264040636703052,8.0,2300.764102980625,1.0,,0.4821801382911561,7.0,,10000.000000000004,Catalog then correct,,2158.788176370684,,,,,,moderate,2213.5965910697605,2091.957428110086,0.5259618244165137,,,0.7395417490007237,4305.554019179846,0.0,,0.0,5259.618244165137,0.2213596591069759,0.2091957428110085,40012,,"[""L015"", ""L031"", ""R000"", ""R001"", ""R003"", ""R004"", ""R005"", ""C000""]","[""L015"", ""R000"", ""R001"", ""R003"", ""R004"", ""R005"", ""C000""]",,,3.0,,asymmetric,3046.0216530953767,0.0,,745.2575501147516,1.0,7,2158.788176370684,0.0,1027.3597045837353,48.218013829115606,5211.400230336021,6.705784661330808,738.5517654534208,7395.417490007237,2134.336376379076,955.5270944483142,3089.86347082739,0.7395417490007237,6,2091.957428110086,2135.7992458420995,-166.42772660154924,210.26954433356264,-2.2737367544323206e-13
604.6061800553261,1.0,,3192.8536656157503,2,exp5:asymmetric:r012,,3.0,,1012.554434491099,0.01,hardening:asymmetric:r012,5,0.6566513641569701,6.0,2355.4461019902374,1.0,,0.4821801382911561,7.0,,10000.000000000004,Catalog then correct,,1079.394088185342,,,,,,moderate,3356.2128533673704,949.341165812476,0.654906651898312,,,0.7395417490007237,4305.554019179846,0.5,,2.0,6549.066518983121,0.3356212853367369,0.0949341165812475,40012,,"[""L015"", ""R000"", ""R001"", ""R004"", ""R005"", ""C001""]","[""L015"", ""R000"", ""R001"", ""R003"", ""R004"", ""R005"", ""C000""]",,,3.0,,asymmetric,3192.8536656157503,407.9482544357728,,837.4075636255127,1.0,5,2158.788176370684,407.9482544357728,2106.7537927690773,48.218013829115606,6500.848505154005,6.705784661330808,830.7017789641819,7395.417490007237,2134.336376379076,955.5270944483142,3089.86347082739,0.7395417490007237,6,949.341165812476,846.350971024116,-221.1097256111616,118.1195308228015,-1.1368683772161603e-13
1214.0331081226966,3.0,,3192.8536656157503,2,exp5:asymmetric:r012,,3.0,,1214.0331081226966,0.01,hardening:asymmetric:r012,5,0.7395417490007237,6.0,2134.336376379076,1.0,,0.4821801382911561,7.0,,10000.000000000004,Catalog then correct,,0.0,,,,,,moderate,4282.667344392043,22.886674787803717,0.736968132893628,,,0.7395417490007237,4305.554019179846,1.0,,4.0,7369.681328936281,0.4282667344392041,0.0022886674787803,40012,,"[""R000"", ""R004"", ""R005"", ""R007"", ""R008"", ""C001""]","[""L015"", ""R000"", ""R001"", ""R003"", ""R004"", ""R005"", ""C000""]",,,3.0,,asymmetric,3087.0139845442377,0.0,,952.6776081651618,1.0,3,2158.788176370684,1238.4849081143047,3186.1478809544196,48.218013829115606,7321.463315107165,6.705784661330808,945.971823503831,7395.417490007237,2134.336376379076,955.5270944483142,3089.86347082739,0.7395417490007237,6,22.886674787803713,25.73616107095586,0.0,2.8494862831523733,2.2737367544323206e-13
269.5748551388876,1.0,,3192.8536656157503,2,exp5:asymmetric:r012,,3.0,,269.5748551388876,0.1,hardening:asymmetric:r012,5,0.5454289161042292,8.0,2428.363031509572,1.0,,0.4821801382911561,7.0,,10000.000000000004,Catalog then correct,,2158.788176370684,,,,,,moderate,2198.1867176134697,2107.3673015663767,0.5391040383229219,,,0.7395417490007237,4305.554019179846,0.0,,0.0,5391.04038322922,0.2198186717613469,0.2107367301566376,40012,,"[""L015"", ""R000"", ""R001"", ""R003"", ""R004"", ""R005"", ""R007"", ""C000""]","[""L015"", ""R000"", ""R001"", ""R003"", ""R004"", ""R005"", ""C000""]",,,3.0,,asymmetric,3192.85366561575,0.0,,764.4906341061783,1.0,7,2158.788176370684,0.0,967.007642631758,482.1801382911561,4908.860244938064,67.05784661330809,697.4327874928701,7395.417490007237,2134.336376379076,955.5270944483142,3089.86347082739,0.7395417490007237,6,2107.3673015663767,2004.3771067780162,-294.02665513049624,191.0364603421359,1.1368683772161603e-13
604.6061800553261,1.0,,3192.8536656157503,2,exp5:asymmetric:r012,,3.0,,1012.554434491099,0.1,hardening:asymmetric:r012,5,0.6600920817038022,6.0,2355.4461019902374,1.0,,0.4821801382911561,7.0,,10000.000000000004,Catalog then correct,,1079.394088185342,,,,,,moderate,3239.928537852386,1065.6254813274604,0.6423008873625375,,,0.7395417490007237,4305.554019179846,0.5,,2.0,6423.008873625375,0.3239928537852384,0.106562548132746,40012,,"[""L015"", ""R000"", ""R001"", ""R004"", ""R005"", ""C001""]","[""L015"", ""R000"", ""R001"", ""R003"", ""R004"", ""R005"", ""C000""]",,,3.0,,asymmetric,3183.0803357729887,407.9482544357728,,827.6342337827514,1.0,5,2158.788176370684,407.9482544357728,2046.4017308170999,482.1801382911561,5940.828735334218,67.05784661330809,760.5763871694433,7395.417490007237,2134.336376379076,955.5270944483142,3089.86347082739,0.7395417490007237,6,1065.6254813274604,972.408616381862,-221.1097256111616,127.89286066556281,-3.410605131648481e-13
1214.0331081226966,3.0,,3192.8536656157503,2,exp5:asymmetric:r012,,3.0,,1214.0331081226966,0.1,hardening:asymmetric:r012,5,0.7395417490007237,6.0,2134.336376379076,1.0,,0.4821801382911561,7.0,,10000.000000000004,Catalog then correct,,0.0,,,,,,moderate,4076.687271301802,228.8667478780444,0.7138055879297669,,,0.7395417490007237,4305.554019179846,1.0,,4.0,7138.055879297669,0.40766872713018,0.0228866747878044,40012,,"[""R000"", ""R004"", ""R005"", ""R007"", ""R008"", ""C001""]","[""L015"", ""R000"", ""R001"", ""R003"", ""R004"", ""R005"", ""C000""]",,,3.0,,asymmetric,3061.368607995867,0.0,,927.032231616791,1.0,3,2158.788176370684,1238.4849081143047,3125.7958190024424,482.1801382911561,6655.875741006513,67.05784661330809,859.9743850034829,7395.417490007237,2134.336376379076,955.5270944483142,3089.86347082739,0.7395417490007237,6,228.8667478780444,257.3616107095677,0.0,28.494862831523164,-1.1368683772161603e-13
269.5748551388876,1.0,,3192.8536656157503,2,exp5:asymmetric:r012,,3.0,,269.5748551388876,0.25,hardening:asymmetric:r012,5,0.5540790853153975,8.0,2428.363031509572,1.0,,0.4821801382911561,7.0,,10000.000000000004,Catalog then correct,,2158.788176370684,,,,,,moderate,2172.412152371423,2133.1418668084234,0.5361043485593371,,,0.7395417490007237,4305.554019179846,0.0,,0.0,5361.043485593371,0.2172412152371422,0.2133141866808422,40012,,"[""L015"", ""R000"", ""R001"", ""R003"", ""R004"", ""R005"", ""R007"", ""C000""]","[""L015"", ""R000"", ""R001"", ""R003"", ""R004"", ""R005"", ""C000""]",,,3.0,,asymmetric,3188.631333221948,0.0,,760.2683017123762,1.0,7,2158.788176370684,0.0,866.4208727117959,1205.4503457278902,4155.593139865481,167.6446165332702,592.623685179106,7395.417490007237,2134.336376379076,955.5270944483142,3089.86347082739,0.7395417490007237,6,2133.1418668084234,2034.3740044138658,-294.02665513049624,195.25879273593796,-6.821210263296962e-13
604.6061800553261,1.0,,3192.8536656157503,2,exp5:asymmetric:r012,,3.0,,1012.554434491099,0.25,hardening:asymmetric:r012,5,0.6600920817038021,6.0,2355.4461019902374,1.0,,0.4821801382911561,7.0,,10000.000000000004,Catalog then correct,,1079.394088185342,,,,,,moderate,2999.236584008361,1306.3174351714852,0.6156140958506405,,,0.7395417490007237,4305.554019179846,0.5,,2.0,6156.140958506405,0.299923658400836,0.1306317435171484,40012,,"[""L015"", ""R000"", ""R001"", ""R004"", ""R005"", ""C001""]","[""L015"", ""R000"", ""R001"", ""R003"", ""R004"", ""R005"", ""C000""]",,,3.0,,asymmetric,3156.904374498044,407.9482544357728,,801.4582725078062,1.0,5,2158.788176370684,407.9482544357728,1945.8149608971378,1205.4503457278902,4950.690612778515,167.6446165332702,633.813655974536,7395.417490007237,2134.336376379076,955.5270944483142,3089.86347082739,0.7395417490007237,6,1306.3174351714852,1239.2765315008319,-221.1097256111616,154.06882194050797,-3.410605131648481e-13
1214.0331081226966,3.0,,3192.8536656157503,2,exp5:asymmetric:r012,,3.0,,1214.0331081226966,0.25,hardening:asymmetric:r012,5,0.7395417490007237,6.0,2134.336376379076,1.0,,0.4821801382911561,7.0,,10000.000000000004,Catalog then correct,,0.0,,,,,,moderate,3733.387149484736,572.1668696951106,0.6752013463233317,,,0.7395417490007237,4305.554019179846,1.0,,4.0,6752.013463233317,0.3733387149484734,0.057216686969511,40012,,"[""R000"", ""R004"", ""R005"", ""R007"", ""R008"", ""C001""]","[""L015"", ""R000"", ""R001"", ""R003"", ""R004"", ""R005"", ""C000""]",,,3.0,,asymmetric,3018.6263137485817,0.0,,884.2899373695059,1.0,3,2158.788176370684,1238.4849081143047,3025.2090490824803,1205.4503457278902,5546.563117505428,167.6446165332702,716.6453208362357,7395.417490007237,2134.336376379076,955.5270944483142,3089.86347082739,0.7395417490007237,6,572.1668696951106,643.4040267739192,0.0,71.23715707880831,-3.410605131648481e-13
291.12156499875067,1.0,,3156.616877017109,2,exp5:multi_hotspot:r012,,3.0,,291.12156499875067,0.0,hardening:multi_hotspot:r012,5,0.5556589793066984,7.0,2474.2845384617635,1.0,,0.4765354761910494,6.0,,10000.0,Catalog then correct,,2183.162973463013,,,,,,moderate,2399.9729160498755,1312.683664344011,0.5556589793066984,,,0.6860291752473989,3712.656580393887,0.0,,0.0,5556.589793066984,0.2399972916049875,0.1312683664344011,40012,,"[""L021"", ""R000"", ""R001"", ""R007"", ""R008"", ""C001"", ""C002""]","[""L021"", ""R000"", ""R001"", ""R007"", ""C001"", ""C002""]",,,3.0,,multi_hotspot,3156.616877017109,0.0,,682.3323385553454,1.0,6,2183.162973463013,0.0,973.4539035540961,0.0,5556.589793066984,0.0,682.3323385553454,6860.29175247399,2226.7775552567027,920.8576168234006,3147.635172080103,0.6860291752473989,8,1312.6836643440115,1303.7019594070052,-247.5069832050608,238.52527826805522,6.821210263296962e-13
624.068296666356,2.0,,3156.616877017109,2,exp5:multi_hotspot:r012,,3.0,,1098.4687348734303,0.0,hardening:multi_hotspot:r012,5,0.5871625988131833,6.0,2332.8308319222942,1.0,,0.4765354761910494,6.0,,10000.0,Catalog then correct,,1091.5814867315064,,,,,,moderate,2760.2925895423764,952.3639908515102,0.5871625988131833,,,0.6860291752473989,3712.656580393887,0.5,,2.0,5871.625988131833,0.2760292589542376,0.095236399085151,40012,,"[""L021"", ""R001"", ""R002"", ""R005"", ""R007"", ""C001""]","[""L021"", ""R000"", ""R001"", ""R007"", ""C001"", ""C002""]",,,3.0,,multi_hotspot,3111.3333985894565,474.4004382070744,,778.5025666671623,1.0,4,2183.162973463013,474.40043820707444,2065.0353902856023,0.0,5871.625988131833,0.0,778.5025666671623,6860.29175247399,2226.7775552567027,920.8576168234006,3147.635172080103,0.6860291752473989,8,952.3639908515106,988.6657643421568,-106.05327666559151,142.35505015623824,5.684341886080801e-13
1147.0906111393658,5.0,,3156.616877017109,2,exp5:multi_hotspot:r012,,3.0,,1147.0906111393658,0.0,hardening:multi_hotspot:r012,5,0.6860291752473989,8.0,2226.7775552567027,1.0,,0.4765354761910494,6.0,,10000.0,Catalog then correct,,0.0,,,,,,moderate,3712.656580393887,0.0,0.6860291752473989,,,0.6860291752473989,3712.656580393887,1.0,,3.0,6860.29175247399,0.3712656580393886,0.0,40012,,"[""L003"", ""L019"", ""R001"", ""R004"", ""R005"", ""R007"", ""R008"", ""C001""]","[""L021"", ""R000"", ""R001"", ""R007"", ""C001"", ""C002""]",,,3.0,,multi_hotspot,3147.635172080103,0.0,,920.8576168234006,1.0,3,2183.162973463013,1103.4760293456757,3156.616877017109,0.0,6860.29175247399,0.0,920.8576168234006,6860.29175247399,2226.7775552567027,920.8576168234006,3147.635172080103,0.6860291752473989,8,0.0,0.0,0.0,0.0,0.0
291.12156499875067,1.0,,3156.616877017109,2,exp5:multi_hotspot:r012,,3.0,,291.12156499875067,0.01,hardening:multi_hotspot:r012,5,0.5561940518554371,7.0,2474.2845384617635,1.0,,0.4765354761910494,6.0,,10000.0,Catalog then correct,,2183.162973463013,,,,,,moderate,2397.357783970823,1315.298796423063,0.5553974660987933,,,0.6860291752473989,3712.656580393887,0.0,,0.0,5553.974660987932,0.2397357783970823,0.1315298796423063,40012,,"[""L021"", ""R000"", ""R001"", ""R007"", ""R008"", ""C001"", ""C002""]","[""L021"", ""R000"", ""R001"", ""R007"", ""C001"", ""C002""]",,,3.0,,multi_hotspot,3156.616877017109,0.0,,682.3323385553455,1.0,6,2183.162973463013,0.0,967.6379994740645,47.653547619104955,5506.321113368827,5.815904080031551,676.5164344753139,6860.29175247399,2226.7775552567027,920.8576168234006,3147.635172080103,0.6860291752473989,8,1315.2987964230638,1306.3170914860575,-247.5069832050608,238.5252782680551,5.684341886080801e-13
624.068296666356,2.0,,3156.616877017109,2,exp5:multi_hotspot:r012,,3.0,,1098.4687348734303,0.01,hardening:multi_hotspot:r012,5,0.5871625988131833,6.0,2332.8308319222942,1.0,,0.4765354761910494,6.0,,10000.0,Catalog then correct,,1091.5814867315064,,,,,,moderate,2751.198998866803,961.4575815270836,0.586056327586962,,,0.6860291752473989,3712.656580393887,0.5,,2.0,5860.563275869619,0.2751198998866803,0.0961457581527083,40012,,"[""L021"", ""R001"", ""R002"", ""R005"", ""R007"", ""C001""]","[""L021"", ""R000"", ""R001"", ""R007"", ""C001"", ""C002""]",,,3.0,,multi_hotspot,3109.3642770028164,474.4004382070744,,776.5334450805223,1.0,4,2183.162973463013,474.40043820707444,2059.219486205571,47.653547619104955,5812.9097282505145,5.815904080031551,770.7175410004907,6860.29175247399,2226.7775552567027,920.8576168234006,3147.635172080103,0.6860291752473989,8,961.4575815270841,999.7284766043704,-106.05327666559151,144.32417174287832,5.684341886080801e-13
1151.2256849350265,5.0,,3156.616877017109,2,exp5:multi_hotspot:r012,,3.0,,1151.2256849350265,0.01,hardening:multi_hotspot:r012,5,0.6886211630524125,8.0,2230.912629052363,1.0,,0.4765354761910494,6.0,,10000.0,Catalog then correct,,0.0,,,,,,moderate,3708.38618482088,4.270395573006681,0.6865003061837989,,,0.6860291752473989,3712.656580393887,1.0,,3.0,6865.003061837989,0.370838618482088,0.0004270395573006,40012,,"[""L003"", ""L013"", ""R001"", ""R004"", ""R005"", ""R007"", ""R008"", ""C001""]","[""L021"", ""R000"", ""R001"", ""R007"", ""C001"", ""C002""]",,,3.0,,multi_hotspot,3156.616877017109,0.0,,925.7042479647458,1.0,3,2183.162973463013,1103.4760293456757,3150.8009729370774,47.653547619104955,6817.349514218884,5.815904080031551,919.8883438847142,6860.29175247399,2226.7775552567027,920.8576168234006,3147.635172080103,0.6860291752473989,8,4.270395573007136,-4.711309363999135,-4.135073795660446,-4.846631141345256,5.684341886080801e-13
291.12156499875067,1.0,,3156.616877017109,2,exp5:multi_hotspot:r012,,3.0,,291.12156499875067,0.1,hardening:multi_hotspot:r012,5,0.5614566334697966,7.0,2474.2845384617635,1.0,,0.4765354761910494,6.0,,10000.0,Catalog then correct,,2183.162973463013,,,,,,moderate,2373.0283004021103,1339.6282799917765,0.5529645177419218,,,0.6860291752473989,3712.656580393887,0.0,,0.0,5529.645177419219,0.237302830040211,0.1339628279991776,40012,,"[""L021"", ""R000"", ""R001"", ""R007"", ""R008"", ""C001"", ""C002""]","[""L021"", ""R000"", ""R001"", ""R007"", ""C001"", ""C002""]",,,3.0,,multi_hotspot,3156.616877017109,0.0,,682.3323385553454,1.0,6,2183.162973463013,0.0,915.2948627537805,476.5354761910496,5053.10970122817,58.15904080031551,624.1732977550298,6860.29175247399,2226.7775552567027,920.8576168234006,3147.635172080103,0.6860291752473989,8,1339.6282799917767,1330.6465750547704,-247.5069832050608,238.52527826805522,6.821210263296962e-13
624.068296666356,2.0,,3156.616877017109,2,exp5:multi_hotspot:r012,,3.0,,1098.4687348734303,0.1,hardening:multi_hotspot:r012,5,0.5871625988131833,6.0,2332.8308319222942,1.0,,0.4765354761910494,6.0,,10000.0,Catalog then correct,,1091.5814867315064,,,,,,moderate,2669.3566827866434,1043.299897607243,0.5760998865509699,,,0.6860291752473989,3712.656580393887,0.5,,2.0,5760.9988655097,0.2669356682786643,0.1043299897607243,40012,,"[""L021"", ""R001"", ""R002"", ""R005"", ""R007"", ""C001""]","[""L021"", ""R000"", ""R001"", ""R007"", ""C001"", ""C002""]",,,3.0,,multi_hotspot,3091.642182723056,474.4004382070744,,758.8113508007616,1.0,4,2183.162973463013,474.40043820707444,2006.8763494852867,476.5354761910496,5284.463389318651,58.15904080031551,700.652310000446,6860.29175247399,2226.7775552567027,920.8576168234006,3147.635172080103,0.6860291752473989,8,1043.2998976072436,1099.2928869642892,-106.05327666559151,162.04626602263897,1.8189894035458565e-12
1151.9567951561555,5.0,,3156.616877017109,2,exp5:multi_hotspot:r012,,3.0,,1151.9567951561555,0.1,hardening:multi_hotspot:r012,5,0.7008426319970256,8.0,2231.6437392734924,1.0,,0.4765354761910494,6.0,,10000.0,Catalog then correct,,0.0,,,,,,moderate,3627.502287147171,85.1542932467155,0.678411916416428,,,0.6860291752473989,3712.656580393887,1.0,,3.0,6784.11916416428,0.3627502287147171,0.0085154293246715,40012,,"[""L001"", ""L027"", ""R001"", ""R004"", ""R005"", ""R007"", ""R008"", ""C001""]","[""L021"", ""R000"", ""R001"", ""R007"", ""C001"", ""C002""]",,,3.0,,multi_hotspot,3156.616877017109,0.0,,924.9731377436168,1.0,3,2183.162973463013,1103.4760293456757,3098.4578362167936,476.5354761910496,6307.583687973231,58.15904080031551,866.8140969433013,6860.29175247399,2226.7775552567027,920.8576168234006,3147.635172080103,0.6860291752473989,8,85.15429324671595,76.17258830970968,-4.866184016789703,-4.115520920216227,3.410605131648481e-13
283.37109041186085,1.0,,3156.616877017109,2,exp5:multi_hotspot:r012,,3.0,,283.37109041186085,0.25,hardening:multi_hotspot:r012,5,0.564321485500964,7.0,2466.534063874873,1.0,,0.4765354761910494,6.0,,10000.0,Catalog then correct,,2183.162973463013,,,,,,moderate,2270.256626971157,1442.3999534227296,0.5423749831734853,,,0.6860291752473989,3712.656580393887,0.0,,0.0,5423.749831734853,0.2270256626971157,0.1442399953422729,40012,,"[""L021"", ""R000"", ""R001"", ""R005"", ""R007"", ""C001"", ""C002""]","[""L021"", ""R000"", ""R001"", ""R007"", ""C001"", ""C002""]",,,3.0,,multi_hotspot,3153.493204763696,0.0,,686.9591408888223,1.0,6,2183.162973463013,0.0,828.0563015533073,1191.338690477624,4232.411141257229,145.39760200078877,541.5615388880335,6860.29175247399,2226.7775552567027,920.8576168234006,3147.635172080103,0.6860291752473989,8,1442.39995342273,1436.541920739137,-239.7565086181703,233.8984759345783,1.1368683772161603e-12
624.068296666356,2.0,,3156.616877017109,2,exp5:multi_hotspot:r012,,3.0,,1098.4687348734303,0.25,hardening:multi_hotspot:r012,5,0.5871625988131833,6.0,2332.8308319222942,1.0,,0.4765354761910494,6.0,,10000.0,Catalog then correct,,1091.5814867315064,,,,,,moderate,2532.9528226530438,1179.7037577408432,0.5595058181576499,,,0.6860291752473989,3712.656580393887,0.5,,2.0,5595.058181576498,0.2532952822653043,0.1179703757740843,40012,,"[""L021"", ""R001"", ""R002"", ""R005"", ""R007"", ""C001""]","[""L021"", ""R000"", ""R001"", ""R007"", ""C001"", ""C002""]",,,3.0,,multi_hotspot,3062.105358923455,474.4004382070744,,729.2745270011605,1.0,4,2183.162973463013,474.40043820707444,1919.6377882848135,1191.338690477624,4403.719491098875,145.39760200078877,583.8769250003718,6860.29175247399,2226.7775552567027,920.8576168234006,3147.635172080103,0.6860291752473989,8,1179.7037577408432,1265.2335708974915,-106.05327666559151,191.58308982224003,2.2737367544323206e-13
1211.9248750747315,4.0,,3156.616877017109,2,exp5:multi_hotspot:r012,,3.0,,1211.9248750747315,0.25,hardening:multi_hotspot:r012,5,0.7165140764709101,7.0,2291.6118191920687,1.0,,0.4765354761910494,6.0,,10000.0,Catalog then correct,,0.0,,,,,,moderate,3409.1997863107963,303.45679408309024,0.656519426400945,,,0.6860291752473989,3712.656580393887,1.0,,3.0,6565.194264009449,0.3409199786310796,0.030345679408309,40012,,"[""R001"", ""R002"", ""R003"", ""R005"", ""R007"", ""R008"", ""C001""]","[""L021"", ""R000"", ""R001"", ""R007"", ""C001"", ""C002""]",,,3.0,,multi_hotspot,3155.994477698653,0.0,,864.3826585065844,1.0,3,2183.162973463013,1103.4760293456757,3011.2192750163204,1191.338690477624,5373.855573531826,145.39760200078877,718.9850565057957,6860.29175247399,2226.7775552567027,920.8576168234006,3147.635172080103,0.6860291752473989,8,303.4567940830907,295.0974884645402,-64.83426393536593,56.47495831681613,6.821210263296962e-13
0.0,0.0,,3192.099663508026,2,exp5:regular:r012,,3.0,,0.0,0.0,hardening:regular:r012,5,0.6339707249973966,7.0,2148.546993120903,1.0,,0.6339707249973966,7.0,,9999.999999999998,Catalog then correct,,2148.546993120903,,,,,,moderate,3273.0972323149485,594.0922166185214,0.6339707249973966,,,0.70155951356645,3867.18944893347,0.0,,0.0,6339.707249973965,0.3273097232314949,0.0594092216618521,40012,,"[""R001"", ""R002"", ""R004"", ""R005"", ""R006"", ""R007"", ""R008""]","[""R001"", ""R002"", ""R004"", ""R005"", ""R006"", ""R007"", ""R008""]",,,3.0,,regular,3066.6100176590166,0.0,,918.0630245381136,1.0,7,2148.546993120903,0.0,1043.5526703871228,0.0,6339.707249973965,0.0,918.0630245381136,7015.5951356645,2212.409310172163,935.9963765588674,3148.40568673103,0.70155951356645,6,594.0922166185214,675.8878856905349,63.86231705125965,17.933352020753773,0.0
153.094851155045,1.0,,3192.099663508026,2,exp5:regular:r012,,3.0,,292.61132053265453,0.0,hardening:regular:r012,5,0.6448864408848356,7.0,2162.125374898338,1.0,,0.6339707249973966,7.0,,9999.999999999998,Catalog then correct,,1074.2734965604516,,,,,,moderate,3336.627598448092,530.5618504853783,0.6448864408848356,,,0.70155951356645,3867.18944893347,0.5,,1.0,6448.864408848356,0.3336627598448092,0.0530561850485378,40012,,"[""L008"", ""R001"", ""R002"", ""R004"", ""R005"", ""R006"", ""R007""]","[""R001"", ""R002"", ""R004"", ""R005"", ""R006"", ""R007"", ""R008""]",,,3.0,,regular,3112.2368104002644,139.51646937760955,,950.1114355019264,1.0,6,2148.546993120903,139.51646937760955,2117.826166947574,0.0,6448.864408848356,0.0,950.1114355019264,7015.5951356645,2212.409310172163,935.9963765588674,3148.40568673103,0.70155951356645,6,530.5618504853778,566.7307268161439,50.28393527382468,-14.115058943059012,-4.547473508864641e-13
612.4701109453663,1.0,,3192.099663508026,2,exp5:regular:r012,,3.0,,612.4701109453663,0.0,hardening:regular:r012,5,0.70155951356645,6.0,2212.409310172163,1.0,,0.6339707249973966,7.0,,9999.999999999998,Catalog then correct,,0.0,,,,,,moderate,3867.18944893347,0.0,0.70155951356645,,,0.70155951356645,3867.18944893347,1.0,,2.0,7015.5951356645,0.386718944893347,0.0,40012,,"[""R001"", ""R004"", ""R005"", ""R006"", ""R007"", ""C001""]","[""R001"", ""R002"", ""R004"", ""R005"", ""R006"", ""R007"", ""R008""]",,,3.0,,regular,3148.40568673103,0.0,,935.9963765588674,1.0,5,2148.546993120903,548.6077938941066,3192.099663508026,0.0,7015.5951356645,0.0,935.9963765588674,7015.5951356645,2212.409310172163,935.9963765588674,3148.40568673103,0.70155951356645,6,0.0,0.0,0.0,0.0,0.0
0.0,0.0,,3192.099663508026,2,exp5:regular:r012,,3.0,,0.0,0.01,hardening:regular:r012,5,0.6339707249973966,7.0,2148.546993120903,1.0,,0.6339707249973966,7.0,,9999.999999999998,Catalog then correct,,2148.546993120903,,,,,,moderate,3273.097232314949,594.0922166185205,0.6339707249973966,,,0.70155951356645,3867.18944893347,0.0,,0.0,6339.707249973966,0.327309723231495,0.059409221661852,40012,,"[""R001"", ""R002"", ""R004"", ""R005"", ""R006"", ""R007"", ""R008""]","[""R001"", ""R002"", ""R004"", ""R005"", ""R006"", ""R007"", ""R008""]",,,3.0,,regular,3066.6100176590166,0.0,,918.0630245381136,1.0,7,2148.546993120903,0.0,1034.3720401417418,63.39707249973965,6276.310177474226,9.180630245381137,908.8823942927324,7015.5951356645,2212.409310172163,935.9963765588674,3148.40568673103,0.70155951356645,6,594.092216618521,675.887885690534,63.86231705125965,17.933352020753773,4.547473508864641e-13
153.094851155045,1.0,,3192.099663508026,2,exp5:regular:r012,,3.0,,292.61132053265453,0.01,hardening:regular:r012,5,0.6448864408848356,7.0,2162.125374898338,1.0,,0.6339707249973966,7.0,,9999.999999999998,Catalog then correct,,1074.2734965604516,,,,,,moderate,3335.8565109689857,531.3329379644842,0.6447772837259612,,,0.70155951356645,3867.18944893347,0.5,,1.0,6447.772837259612,0.3335856510968986,0.0531332937964484,40012,,"[""L008"", ""R001"", ""R002"", ""R004"", ""R005"", ""R006"", ""R007""]","[""R001"", ""R002"", ""R004"", ""R005"", ""R006"", ""R007"", ""R008""]",,,3.0,,regular,3111.9163262906263,139.51646937760955,,949.7909513922882,1.0,6,2148.546993120903,139.51646937760955,2108.645536702193,63.39707249973965,6384.375764759872,9.180630245381137,940.610321146907,7015.5951356645,2212.409310172163,935.9963765588674,3148.40568673103,0.70155951356645,6,531.3329379644842,567.822298404888,50.28393527382468,-13.794574833420825,1.1368683772161603e-13
612.4701109453663,1.0,,3192.099663508026,2,exp5:regular:r012,,3.0,,612.4701109453663,0.01,hardening:regular:r012,5,0.70155951356645,6.0,2212.409310172163,1.0,,0.6339707249973966,7.0,,9999.999999999998,Catalog then correct,,0.0,,,,,,moderate,3860.6099035967727,6.579545336697265,0.7008836256807595,,,0.70155951356645,3867.18944893347,1.0,,2.0,7008.836256807595,0.3860609903596773,0.0006579545336697,40012,,"[""R001"", ""R004"", ""R005"", ""R006"", ""R007"", ""C001""]","[""R001"", ""R002"", ""R004"", ""R005"", ""R006"", ""R007"", ""R008""]",,,3.0,,regular,3148.2263532108227,0.0,,935.81704303866,1.0,5,2148.546993120903,548.6077938941066,3182.919033262645,63.39707249973965,6945.439184307856,9.180630245381137,926.6364127932789,7015.5951356645,2212.409310172163,935.9963765588674,3148.40568673103,0.70155951356645,6,6.579545336697265,6.75887885690463,0.0,0.17933352020736493,0.0
0.0,0.0,,3192.099663508026,2,exp5:regular:r012,,3.0,,0.0,0.1,hardening:regular:r012,5,0.6339707249973966,7.0,2148.546993120903,1.0,,0.6339707249973966,7.0,,9999.999999999998,Catalog then correct,,2148.546993120903,,,,,,moderate,3273.0972323149485,594.0922166185214,0.6339707249973966,,,0.70155951356645,3867.18944893347,0.0,,0.0,6339.707249973965,0.3273097232314949,0.0594092216618521,40012,,"[""R001"", ""R002"", ""R004"", ""R005"", ""R006"", ""R007"", ""R008""]","[""R001"", ""R002"", ""R004"", ""R005"", ""R006"", ""R007"", ""R008""]",,,3.0,,regular,3066.6100176590166,0.0,,918.0630245381136,1.0,7,2148.546993120903,0.0,951.7463679333115,633.9707249973966,5705.736524976569,91.80630245381137,826.2567220843023,7015.5951356645,2212.409310172163,935.9963765588674,3148.40568673103,0.70155951356645,6,594.0922166185214,675.8878856905349,63.86231705125965,17.933352020753773,0.0
153.094851155045,1.0,,3192.099663508026,2,exp5:regular:r012,,3.0,,292.61132053265453,0.1,hardening:regular:r012,5,0.6448864408848356,7.0,2162.125374898338,1.0,,0.6339707249973966,7.0,,9999.999999999998,Catalog then correct,,1074.2734965604516,,,,,,moderate,3328.9167236570333,538.2727252764366,0.6437948692960918,,,0.70155951356645,3867.18944893347,0.5,,1.0,6437.948692960917,0.3328916723657034,0.0538272725276436,40012,,"[""L008"", ""R001"", ""R002"", ""R004"", ""R005"", ""R006"", ""R007""]","[""R001"", ""R002"", ""R004"", ""R005"", ""R006"", ""R007"", ""R008""]",,,3.0,,regular,3109.031969303883,139.51646937760955,,946.906594405545,1.0,6,2148.546993120903,139.51646937760955,2026.0198644937627,633.9707249973966,5803.97796796352,91.80630245381137,855.1002919517337,7015.5951356645,2212.409310172163,935.9963765588674,3148.40568673103,0.70155951356645,6,538.2727252764366,577.6464427035835,50.28393527382468,-10.910217846677597,2.2737367544323206e-13
612.4701109453663,1.0,,3192.099663508026,2,exp5:regular:r012,,3.0,,612.4701109453663,0.1,hardening:regular:r012,5,0.70155951356645,6.0,2212.409310172163,1.0,,0.6339707249973966,7.0,,9999.999999999998,Catalog then correct,,0.0,,,,,,moderate,3801.393995566492,65.79545336697811,0.6948006347095447,,,0.70155951356645,3867.18944893347,1.0,,2.0,6948.006347095447,0.3801393995566492,0.0065795453366978,40012,,"[""R001"", ""R004"", ""R005"", ""R006"", ""R007"", ""C001""]","[""R001"", ""R002"", ""R004"", ""R005"", ""R006"", ""R007"", ""R008""]",,,3.0,,regular,3146.6123515289546,0.0,,934.203041356792,1.0,5,2148.546993120903,548.6077938941066,3100.2933610542145,633.9707249973966,6314.035622098051,91.80630245381137,842.3967389029807,7015.5951356645,2212.409310172163,935.9963765588674,3148.40568673103,0.70155951356645,6,65.79545336697811,67.58878856905267,0.0,1.7933352020753546,7.958078640513122e-13
0.0,0.0,,3192.099663508026,2,exp5:regular:r012,,3.0,,0.0,0.25,hardening:regular:r012,5,0.6339707249973966,7.0,2148.546993120903,1.0,,0.6339707249973966,7.0,,9999.999999999998,Catalog then correct,,2148.546993120903,,,,,,moderate,3273.097232314949,594.0922166185205,0.6339707249973966,,,0.70155951356645,3867.18944893347,0.0,,0.0,6339.707249973966,0.327309723231495,0.059409221661852,40012,,"[""R001"", ""R002"", ""R004"", ""R005"", ""R006"", ""R007"", ""R008""]","[""R001"", ""R002"", ""R004"", ""R005"", ""R006"", ""R007"", ""R008""]",,,3.0,,regular,3066.6100176590166,0.0,,918.0630245381136,1.0,7,2148.546993120903,0.0,814.0369142525944,1584.9268124934913,4754.780437480475,229.5157561345284,688.5472684035852,7015.5951356645,2212.409310172163,935.9963765588674,3148.40568673103,0.70155951356645,6,594.092216618521,675.887885690534,63.86231705125965,17.933352020753773,4.547473508864641e-13
153.094851155045,1.0,,3192.099663508026,2,exp5:regular:r012,,3.0,,292.61132053265453,0.25,hardening:regular:r012,5,0.6448864408848356,7.0,2162.125374898338,1.0,,0.6339707249973966,7.0,,9999.999999999998,Catalog then correct,,1074.2734965604516,,,,,,moderate,3317.3504114704474,549.8390374630226,0.6421575119129759,,,0.70155951356645,3867.18944893347,0.5,,1.0,6421.575119129759,0.3317350411470448,0.0549839037463022,40012,,"[""L008"", ""R001"", ""R002"", ""R004"", ""R005"", ""R006"", ""R007""]","[""R001"", ""R002"", ""R004"", ""R005"", ""R006"", ""R007"", ""R008""]",,,3.0,,regular,3104.224707659311,139.51646937760955,,942.0993327609732,1.0,6,2148.546993120903,139.51646937760955,1888.3104108130458,1584.9268124934913,4836.648306636267,229.5157561345284,712.5835766264448,7015.5951356645,2212.409310172163,935.9963765588674,3148.40568673103,0.70155951356645,6,549.8390374630226,594.0200165347414,50.28393527382468,-6.1029562021058155,0.0
612.4701109453663,1.0,,3192.099663508026,2,exp5:regular:r012,,3.0,,612.4701109453663,0.25,hardening:regular:r012,5,0.6994158562656521,6.0,2178.142386713706,1.0,,0.6339707249973966,7.0,,9999.999999999998,Catalog then correct,,0.0,,,,,,moderate,3705.83851504298,161.35093389049052,0.6830545734485881,,,0.70155951356645,3867.18944893347,1.0,,2.0,6830.545734485881,0.370583851504298,0.016135093389049,40012,,"[""R002"", ""R004"", ""R005"", ""R006"", ""R007"", ""C001""]","[""R001"", ""R002"", ""R004"", ""R005"", ""R006"", ""R007"", ""R008""]",,,3.0,,regular,3124.707219442902,0.0,,946.5648327291964,1.0,5,2148.546993120903,582.8747173525633,2962.5839073734974,1584.9268124934913,5245.61892199239,229.5157561345284,717.049076594668,7015.5951356645,2212.409310172163,935.9963765588674,3148.40568673103,0.70155951356645,6,161.35093389049007,185.0494011786186,34.26692345845686,-10.568456170329,-6.821210263296962e-13
0.0,0.0,,3215.031053233879,2,exp5:asymmetric:r013,,3.0,,0.0,0.0,hardening:asymmetric:r013,5,0.6665520397665059,7.0,2290.8270834788004,1.0,,0.6665520397665059,7.0,,9999.999999999998,Catalog then correct,,2290.8270834788004,,,,,,moderate,3612.161615845702,692.4217388407433,0.6665520397665059,,,0.7429661732655479,4304.583354686445,0.0,,0.0,6665.520397665056,0.3612161615845702,0.0692421738840743,40013,,"[""R001"", ""R002"", ""R004"", ""R005"", ""R006"", ""R008"", ""C001""]","[""R001"", ""R002"", ""R004"", ""R005"", ""R006"", ""R008"", ""C001""]",,,3.0,,asymmetric,3053.3587818193546,0.0,,762.5316983405539,1.0,7,2290.8270834788004,0.0,924.2039697550786,0.0,6665.520397665056,0.0,762.5316983405539,7429.661732655478,2173.1787127856146,951.8996651834176,3125.0783779690323,0.7429661732655479,8,692.4217388407433,764.1413349904215,-117.64837069318583,189.36796684286367,-3.410605131648481e-13
155.88752026706226,1.0,,3215.031053233879,2,exp5:asymmetric:r013,,3.0,,295.0734535736141,0.0,hardening:asymmetric:r013,5,0.7092300149125393,7.0,2307.528670439311,1.0,,0.6665520397665059,7.0,,9999.999999999998,Catalog then correct,,1145.4135417394002,,,,,,moderate,3945.748459709016,358.8348949774295,0.7092300149125393,,,0.7429661732655479,4304.583354686445,0.5,,1.0,7092.300149125393,0.3945748459709016,0.0358834894977429,40013,,"[""L032"", ""R001"", ""R002"", ""R004"", ""R005"", ""R008"", ""C001""]","[""R001"", ""R002"", ""R004"", ""R005"", ""R006"", ""R008"", ""C001""]",,,3.0,,asymmetric,3146.551689416377,139.18593330655182,,839.0230189770659,1.0,6,2290.8270834788004,139.18593330655182,2069.617511494479,0.0,7092.300149125393,0.0,839.0230189770659,7429.661732655478,2173.1787127856146,951.8996651834176,3125.0783779690323,0.7429661732655479,8,358.83489497742903,337.3615835300852,-134.3499576536965,112.87664620635167,-1.0231815394945443e-12
477.8013138590185,3.0,,3215.031053233879,2,exp5:asymmetric:r013,,3.0,,477.8013138590185,0.0,hardening:asymmetric:r013,5,0.7429661732655479,8.0,2173.1787127856146,1.0,,0.6665520397665059,7.0,,9999.999999999998,Catalog then correct,,0.0,,,,,,moderate,4304.583354686445,0.0,0.7429661732655479,,,0.7429661732655479,4304.583354686445,1.0,,2.0,7429.661732655478,0.4304583354686446,0.0,40013,,"[""L015"", ""L016"", ""L032"", ""R001"", ""R002"", ""R004"", ""R005"", ""C001""]","[""R001"", ""R002"", ""R004"", ""R005"", ""R006"", ""R008"", ""C001""]",,,3.0,,asymmetric,3125.0783779690323,0.0,,951.8996651834176,1.0,5,2290.8270834788004,595.4496845522042,3215.031053233879,0.0,7429.661732655478,0.0,951.8996651834176,7429.661732655478,2173.1787127856146,951.8996651834176,3125.0783779690323,0.7429661732655479,8,0.0,0.0,0.0,0.0,0.0
0.0,0.0,,3215.031053233879,2,exp5:asymmetric:r013,,3.0,,0.0,0.01,hardening:asymmetric:r013,5,0.6665520397665059,7.0,2290.8270834788004,1.0,,0.6665520397665059,7.0,,9999.999999999998,Catalog then correct,,2290.8270834788004,,,,,,moderate,3612.161615845703,692.4217388407424,0.6665520397665059,,,0.7429661732655479,4304.583354686445,0.0,,0.0,6665.520397665057,0.3612161615845703,0.0692421738840742,40013,,"[""R001"", ""R002"", ""R004"", ""R005"", ""R006"", ""R008"", ""C001""]","[""R001"", ""R002"", ""R004"", ""R005"", ""R006"", ""R008"", ""C001""]",,,3.0,,asymmetric,3053.3587818193546,0.0,,762.5316983405539,1.0,7,2290.8270834788004,0.0,916.578652771673,66.65520397665057,6598.865193688407,7.62531698340554,754.9063813571483,7429.661732655478,2173.1787127856146,951.8996651834176,3125.0783779690323,0.7429661732655479,8,692.4217388407419,764.1413349904205,-117.64837069318583,189.36796684286367,-7.958078640513122e-13
155.88752026706226,1.0,,3215.031053233879,2,exp5:asymmetric:r013,,3.0,,295.0734535736141,0.01,hardening:asymmetric:r013,5,0.7092300149125393,7.0,2307.528670439311,1.0,,0.6665520397665059,7.0,,9999.999999999998,Catalog then correct,,1145.4135417394002,,,,,,moderate,3942.245575400776,362.3377792856695,0.708803235161079,,,0.7429661732655479,4304.583354686445,0.5,,1.0,7088.032351610787,0.3942245575400776,0.0362337779285669,40013,,"[""L032"", ""R001"", ""R002"", ""R004"", ""R005"", ""R008"", ""C001""]","[""R001"", ""R002"", ""R004"", ""R005"", ""R006"", ""R008"", ""C001""]",,,3.0,,asymmetric,3145.786776210012,139.18593330655182,,838.2581057707007,1.0,6,2290.8270834788004,139.18593330655182,2061.9921945110736,66.65520397665057,7021.377147634137,7.62531698340554,830.6327887872951,7429.661732655478,2173.1787127856146,951.8996651834176,3125.0783779690323,0.7429661732655479,8,362.33777928566906,341.6293810446905,-134.3499576536965,113.6415594127169,-1.0231815394945443e-12
477.8013138590185,3.0,,3215.031053233879,2,exp5:asymmetric:r013,,3.0,,477.8013138590185,0.01,hardening:asymmetric:r013,5,0.7429661732655479,8.0,2173.1787127856146,1.0,,0.6665520397665059,7.0,,9999.999999999998,Catalog then correct,,0.0,,,,,,moderate,4298.83562100497,5.747733681475438,0.7422020319305576,,,0.7429661732655479,4304.583354686445,1.0,,2.0,7422.020319305573,0.429883562100497,0.0005747733681475,40013,,"[""L015"", ""L016"", ""L032"", ""R001"", ""R002"", ""R004"", ""R005"", ""C001""]","[""R001"", ""R002"", ""R004"", ""R005"", ""R006"", ""R008"", ""C001""]",,,3.0,,asymmetric,3123.1846983006035,0.0,,950.0059855149892,1.0,5,2290.8270834788004,595.4496845522042,3207.4057362504736,66.65520397665057,7355.365115328923,7.62531698340554,942.3806685315836,7429.661732655478,2173.1787127856146,951.8996651834176,3125.0783779690323,0.7429661732655479,8,5.747733681475438,7.641413349904724,0.0,1.8936796684283763,-9.094947017729282e-13
0.0,0.0,,3215.031053233879,2,exp5:asymmetric:r013,,3.0,,0.0,0.1,hardening:asymmetric:r013,5,0.6665520397665059,7.0,2290.8270834788004,1.0,,0.6665520397665059,7.0,,9999.999999999998,Catalog then correct,,2290.8270834788004,,,,,,moderate,3612.161615845704,692.4217388407415,0.6665520397665059,,,0.7429661732655479,4304.583354686445,0.0,,0.0,6665.520397665058,0.3612161615845704,0.0692421738840741,40013,,"[""R001"", ""R002"", ""R004"", ""R005"", ""R006"", ""R008"", ""C001""]","[""R001"", ""R002"", ""R004"", ""R005"", ""R006"", ""R008"", ""C001""]",,,3.0,,asymmetric,3053.3587818193546,0.0,,762.531698340554,1.0,7,2290.8270834788004,0.0,847.9507999210232,666.5520397665057,5998.968357898552,76.2531698340554,686.2785285064987,7429.661732655478,2173.1787127856146,951.8996651834176,3125.0783779690323,0.7429661732655479,8,692.421738840741,764.1413349904196,-117.64837069318583,189.36796684286355,-9.094947017729282e-13
155.88752026706226,1.0,,3215.031053233879,2,exp5:asymmetric:r013,,3.0,,295.0734535736141,0.1,hardening:asymmetric:r013,5,0.7092300149125393,7.0,2307.528670439311,1.0,,0.6665520397665059,7.0,,9999.999999999998,Catalog then correct,,1145.4135417394002,,,,,,moderate,3910.7196166266335,393.8637380598116,0.704962217397936,,,0.7429661732655479,4304.583354686445,0.5,,1.0,7049.622173979359,0.3910719616626634,0.0393863738059811,40013,,"[""L032"", ""R001"", ""R002"", ""R004"", ""R005"", ""R008"", ""C001""]","[""R001"", ""R002"", ""R004"", ""R005"", ""R006"", ""R008"", ""C001""]",,,3.0,,asymmetric,3138.9025573527256,139.18593330655182,,831.3738869134146,1.0,6,2290.8270834788004,139.18593330655182,1993.3643416604236,666.5520397665057,6383.070134212853,76.2531698340554,755.1207170793592,7429.661732655478,2173.1787127856146,951.8996651834176,3125.0783779690323,0.7429661732655479,8,393.86373805981157,380.03955867611876,-134.3499576536965,120.525778270003,-6.821210263296962e-13
477.8013138590185,3.0,,3215.031053233879,2,exp5:asymmetric:r013,,3.0,,477.8013138590185,0.1,hardening:asymmetric:r013,5,0.7429661732655479,8.0,2173.1787127856146,1.0,,0.6665520397665059,7.0,,9999.999999999998,Catalog then correct,,0.0,,,,,,moderate,4247.106017871691,57.47733681475438,0.7353247599156437,,,0.7429661732655479,4304.583354686445,1.0,,2.0,7353.247599156436,0.4247106017871691,0.0057477336814754,40013,,"[""L015"", ""L016"", ""L032"", ""R001"", ""R002"", ""R004"", ""R005"", ""C001""]","[""R001"", ""R002"", ""R004"", ""R005"", ""R006"", ""R008"", ""C001""]",,,3.0,,asymmetric,3106.141581284746,0.0,,932.9628684991312,1.0,5,2290.8270834788004,595.4496845522042,3138.7778833998236,666.5520397665057,6686.69555938993,76.2531698340554,856.7096986650758,7429.661732655478,2173.1787127856146,951.8996651834176,3125.0783779690323,0.7429661732655479,8,57.47733681475438,76.41413349904178,0.0,18.936796684286378,-1.0231815394945443e-12
0.0,0.0,,3215.031053233879,2,exp5:asymmetric:r013,,3.0,,0.0,0.25,hardening:asymmetric:r013,5,0.6665520397665059,7.0,2290.8270834788004,1.0,,0.6665520397665059,7.0,,9999.999999999998,Catalog then correct,,2290.8270834788004,,,,,,moderate,3612.161615845702,692.4217388407433,0.6665520397665059,,,0.7429661732655479,4304.583354686445,0.0,,0.0,6665.520397665056,0.3612161615845702,0.0692421738840743,40013,,"[""R001"", ""R002"", ""R004"", ""R005"", ""R006"", ""R008"", ""C001""]","[""R001"", ""R002"", ""R004"", ""R005"", ""R006"", ""R008"", ""C001""]",,,3.0,,asymmetric,3053.3587818193546,0.0,,762.5316983405539,1.0,7,2290.8270834788004,0.0,733.5710451699401,1666.380099416264,4999.1402982487925,190.63292458513848,571.8987737554155,7429.661732655478,2173.1787127856146,951.8996651834176,3125.0783779690323,0.7429661732655479,8,692.4217388407433,764.1413349904215,-117.64837069318583,189.36796684286367,-3.410605131648481e-13
155.88752026706226,1.0,,3215.031053233879,2,exp5:asymmetric:r013,,3.0,,295.0734535736141,0.25,hardening:asymmetric:r013,5,0.7092300149125393,7.0,2307.528670439311,1.0,,0.6665520397665059,7.0,,9999.999999999998,Catalog then correct,,1145.4135417394002,,,,,,moderate,3858.176352003058,446.40700268338696,0.698560521126031,,,0.7429661732655479,4304.583354686445,0.5,,1.0,6985.605211260307,0.3858176352003059,0.0446407002683387,40013,,"[""L032"", ""R001"", ""R002"", ""R004"", ""R005"", ""R008"", ""C001""]","[""R001"", ""R002"", ""R004"", ""R005"", ""R006"", ""R008"", ""C001""]",,,3.0,,asymmetric,3127.4288592572493,139.18593330655182,,819.900188817938,1.0,6,2290.8270834788004,139.18593330655182,1878.9845869093406,1666.380099416264,5319.225111844044,190.63292458513848,629.2672642327996,7429.661732655478,2173.1787127856146,951.8996651834176,3125.0783779690323,0.7429661732655479,8,446.40700268338696,444.0565213951704,-134.3499576536965,131.9994763654796,-3.410605131648481e-13
588.527063396006,4.0,,3215.031053233879,2,exp5:asymmetric:r013,,3.0,,588.527063396006,0.25,hardening:asymmetric:r013,5,0.762499866667003,9.0,2283.9044623226023,1.0,,0.6665520397665059,7.0,,9999.999999999998,Catalog then correct,,0.0,,,,,,moderate,4170.098046184907,134.48530850153838,0.7385129099418787,,,0.7429661732655479,4304.583354686445,1.0,,2.0,7385.129099418786,0.4170098046184907,0.0134485308501538,40013,,"[""L016"", ""L022"", ""L032"", ""L033"", ""R001"", ""R002"", ""R004"", ""R005"", ""C001""]","[""R001"", ""R002"", ""R004"", ""R005"", ""R006"", ""R008"", ""C001""]",,,3.0,,asymmetric,3215.031053233879,0.0,,931.1265909112768,1.0,5,2290.8270834788004,595.4496845522042,3024.3981286487406,1666.380099416264,5718.749000002522,190.63292458513848,740.4936663261383,7429.661732655478,2173.1787127856146,951.8996651834176,3125.0783779690323,0.7429661732655479,8,134.48530850153838,44.53263323669216,-110.72574953698768,20.773074272140775,-6.821210263296962e-13
148.9273966704373,1.0,,3128.370898926705,2,exp5:multi_hotspot:r013,,3.0,,725.6106432644251,0.0,hardening:multi_hotspot:r013,5,0.6315107138592357,6.0,2264.744599578433,1.0,,0.5846951675538251,6.0,,9999.999999999998,Catalog then correct,,2115.817202907996,,,,,,moderate,3211.1676312636587,1629.345306361362,0.6315107138592357,,,0.7968883836551726,4840.512937625021,0.0,,1.0,6315.107138592357,0.3211167631263659,0.1629345306361362,40013,,"[""L001"", ""L009"", ""R004"", ""R005"", ""R006"", ""C001""]","[""L001"", ""R004"", ""R005"", ""R006"", ""C001"", ""C002""]",,,3.0,,multi_hotspot,3103.9395073286983,576.6832465939877,,839.1949077502654,1.0,5,2115.817202907996,0.0,1012.5536960187092,0.0,6315.107138592357,0.0,839.1949077502654,7968.883836551726,2181.641551602728,946.7293473239768,3128.370898926705,0.7968883836551726,7,1629.345306361362,1653.776697959369,-83.10304797570461,107.53443957371132,-2.2737367544323206e-13
294.38197042663387,1.0,,3128.370898926705,2,exp5:multi_hotspot:r013,,3.0,,582.7235937236278,0.0,hardening:multi_hotspot:r013,5,0.6734824350615276,6.0,2121.8575500376355,1.0,,0.5846951675538251,6.0,,9999.999999999998,Catalog then correct,,1057.9086014539978,,,,,,moderate,3741.947657599578,1098.565280025442,0.6734824350615276,,,0.7968883836551726,4840.512937625021,0.5,,1.0,6734.824350615276,0.3741947657599579,0.1098565280025442,40013,,"[""L001"", ""R003"", ""R004"", ""R005"", ""R006"", ""C001""]","[""L001"", ""R004"", ""R005"", ""R006"", ""C001"", ""C002""]",,,3.0,,multi_hotspot,2992.876693015697,288.3416232969939,,871.0191429780618,1.0,5,2115.817202907996,288.3416232969939,2070.462297472707,0.0,6734.824350615276,0.0,871.0191429780618,7968.883836551726,2181.641551602728,946.7293473239768,3128.370898926705,0.7968883836551726,7,1098.5652800254425,1234.05948593645,59.784001565092694,75.71020434591492,0.0
971.1921245217014,3.0,,3128.370898926705,2,exp5:multi_hotspot:r013,,3.0,,971.1921245217014,0.0,hardening:multi_hotspot:r013,5,0.7968883836551726,7.0,2181.641551602728,1.0,,0.5846951675538251,6.0,,9999.999999999998,Catalog then correct,,0.0,,,,,,moderate,4840.512937625021,0.0,0.7968883836551726,,,0.7968883836551726,4840.512937625021,1.0,,2.0,7968.883836551726,0.4840512937625021,0.0,40013,,"[""L001"", ""L004"", ""R001"", ""R005"", ""R006"", ""C000"", ""C001""]","[""L001"", ""R004"", ""R005"", ""R006"", ""C001"", ""C002""]",,,3.0,,multi_hotspot,3128.370898926705,0.0,,946.7293473239768,1.0,4,2115.817202907996,905.3677758269687,3128.370898926705,0.0,7968.883836551726,0.0,946.7293473239768,7968.883836551726,2181.641551602728,946.7293473239768,3128.370898926705,0.7968883836551726,7,0.0,0.0,0.0,0.0,0.0
148.9273966704373,1.0,,3128.370898926705,2,exp5:multi_hotspot:r013,,3.0,,725.6106432644251,0.01,hardening:multi_hotspot:r013,5,0.6315107138592357,6.0,2264.744599578433,1.0,,0.5846951675538251,6.0,,9999.999999999998,Catalog then correct,,2115.817202907996,,,,,,moderate,3207.3259256478354,1633.1870119771852,0.6310425583961816,,,0.7968883836551726,4840.512937625021,0.0,,1.0,6310.425583961816,0.3207325925647836,0.1633187011977185,40013,,"[""L001"", ""L009"", ""R004"", ""R005"", ""R006"", ""C001""]","[""L001"", ""R004"", ""R005"", ""R006"", ""C001"", ""C002""]",,,3.0,,multi_hotspot,3103.099658313981,576.6832465939877,,838.3550587355479,1.0,5,2115.817202907996,0.0,1005.0015959559239,58.46951675538252,6251.9560672064335,7.55210006278523,830.8029586727627,7968.883836551726,2181.641551602728,946.7293473239768,3128.370898926705,0.7968883836551726,7,1633.1870119771852,1658.4582525899095,-83.10304797570461,108.37428858842884,-1.1368683772161603e-13
294.38197042663387,1.0,,3128.370898926705,2,exp5:multi_hotspot:r013,,3.0,,582.7235937236278,0.01,hardening:multi_hotspot:r013,5,0.6734824350615276,6.0,2121.8575500376355,1.0,,0.5846951675538251,6.0,,9999.999999999998,Catalog then correct,,1057.9086014539978,,,,,,moderate,3734.227022215804,1106.2859154092166,0.6725945623864507,,,0.7968883836551726,4840.512937625021,0.5,,1.0,6725.945623864506,0.3734227022215804,0.1106285915409216,40013,,"[""L001"", ""R003"", ""R004"", ""R005"", ""R006"", ""C001""]","[""L001"", ""R004"", ""R005"", ""R006"", ""C001"", ""C002""]",,,3.0,,multi_hotspot,2991.718601648702,288.3416232969939,,869.8610516110664,1.0,5,2115.817202907996,288.3416232969939,2062.910197409922,58.46951675538252,6667.476107109123,7.55210006278523,862.3089515482811,7968.883836551726,2181.641551602728,946.7293473239768,3128.370898926705,0.7968883836551726,7,1106.2859154092166,1242.9382126872197,59.784001565092694,76.86829571291037,0.0
971.1921245217014,3.0,,3128.370898926705,2,exp5:multi_hotspot:r013,,3.0,,971.1921245217014,0.01,hardening:multi_hotspot:r013,5,0.797824735304147,7.0,2181.641551602728,1.0,,0.5846951675538251,6.0,,9999.999999999998,Catalog then correct,,0.0,,,,,,moderate,4828.563497339732,11.949440285288802,0.7956934396266439,,,0.7968883836551726,4840.512937625021,1.0,,2.0,7956.934396266437,0.4828563497339733,0.0011949440285288,40013,,"[""L001"", ""L004"", ""R001"", ""R005"", ""R006"", ""C000"", ""C001""]","[""L001"", ""R004"", ""R005"", ""R006"", ""C001"", ""C002""]",,,3.0,,multi_hotspot,3128.370898926705,0.0,,946.729347323977,1.0,4,2115.817202907996,905.3677758269687,3120.81879886392,58.46951675538252,7898.464879511054,7.55210006278523,939.1772472611917,7968.883836551726,2181.641551602728,946.7293473239768,3128.370898926705,0.7968883836551726,7,11.949440285288802,11.949440285288802,0.0,-2.2737367544323206e-13,-2.2737367544323206e-13
148.9273966704373,1.0,,3128.370898926705,2,exp5:multi_hotspot:r013,,3.0,,725.6106432644251,0.1,hardening:multi_hotspot:r013,5,0.6315107138592357,6.0,2264.744599578433,1.0,,0.5846951675538251,6.0,,9999.999999999998,Catalog then correct,,2115.817202907996,,,,,,moderate,3172.7505751054223,1667.7623625195984,0.6268291592286946,,,0.7968883836551726,4840.512937625021,0.0,,1.0,6268.291592286946,0.3172750575105423,0.1667762362519598,40013,,"[""L001"", ""L009"", ""R004"", ""R005"", ""R006"", ""C001""]","[""L001"", ""R004"", ""R005"", ""R006"", ""C001"", ""C002""]",,,3.0,,multi_hotspot,3095.541017181524,576.6832465939877,,830.7964176030912,1.0,5,2115.817202907996,0.0,937.0326953908568,584.6951675538252,5683.596424733121,75.5210006278523,755.2754169752388,7968.883836551726,2181.641551602728,946.7293473239768,3128.370898926705,0.7968883836551726,7,1667.7623625195984,1700.5922442647798,-83.10304797570461,115.93292972088557,-4.547473508864641e-13
294.38197042663387,1.0,,3128.370898926705,2,exp5:multi_hotspot:r013,,3.0,,582.7235937236278,0.1,hardening:multi_hotspot:r013,5,0.6734824350615276,6.0,2121.8575500376355,1.0,,0.5846951675538251,6.0,,9999.999999999998,Catalog then correct,,1057.9086014539978,,,,,,moderate,3664.74130376183,1175.7716338631908,0.6646037083107573,,,0.7968883836551726,4840.512937625021,0.5,,1.0,6646.037083107573,0.366474130376183,0.1175771633863191,40013,,"[""L001"", ""R003"", ""R004"", ""R005"", ""R006"", ""C001""]","[""L001"", ""R004"", ""R005"", ""R006"", ""C001"", ""C002""]",,,3.0,,multi_hotspot,2981.2957793457435,288.3416232969939,,859.438229308108,1.0,5,2115.817202907996,288.3416232969939,1994.9412968448548,584.6951675538252,6061.341915553749,75.5210006278523,783.9172286802557,7968.883836551726,2181.641551602728,946.7293473239768,3128.370898926705,0.7968883836551726,7,1175.7716338631908,1322.8467534441525,59.784001565092694,87.29111801586873,-2.2737367544323206e-13
971.1921245217014,3.0,,3128.370898926705,2,exp5:multi_hotspot:r013,,3.0,,971.1921245217014,0.1,hardening:multi_hotspot:r013,5,0.8031910927834168,7.0,2181.641551602728,1.0,,0.5846951675538251,6.0,,9999.999999999998,Catalog then correct,,0.0,,,,,,moderate,4692.225781781999,148.28715584302154,0.7813415002604577,,,0.7968883836551726,4840.512937625021,1.0,,2.0,7813.415002604577,0.4692225781782,0.0148287155843021,40013,,"[""L001"", ""L004"", ""R001"", ""R005"", ""R006"", ""C000"", ""C001""]","[""L001"", ""R004"", ""R005"", ""R006"", ""C001"", ""C002""]",,,3.0,,multi_hotspot,3121.189220822578,0.0,,939.54766921985,1.0,4,2115.817202907996,905.3677758269687,3052.849898298853,584.6951675538252,7228.719835050752,75.5210006278523,864.0266685919977,7968.883836551726,2181.641551602728,946.7293473239768,3128.370898926705,0.7968883836551726,7,148.28715584302154,155.4688339471486,0.0,7.181678104126718,-3.410605131648481e-13
148.9273966704373,1.0,,3128.370898926705,2,exp5:multi_hotspot:r013,,3.0,,725.6106432644251,0.25,hardening:multi_hotspot:r013,5,0.6315107138592357,6.0,2264.744599578433,1.0,,0.5846951675538251,6.0,,9999.999999999998,Catalog then correct,,2115.817202907996,,,,,,moderate,3115.1249908680675,1725.3879467569532,0.619806827282883,,,0.7968883836551726,4840.512937625021,0.0,,1.0,6198.06827282883,0.3115124990868068,0.1725387946756953,40013,,"[""L001"", ""L009"", ""R004"", ""R005"", ""R006"", ""C001""]","[""L001"", ""R004"", ""R005"", ""R006"", ""C001"", ""C002""]",,,3.0,,multi_hotspot,3082.9432819607628,576.6832465939877,,818.1986823823297,1.0,5,2115.817202907996,0.0,823.7511944490784,1461.737918884563,4736.330353944268,188.80250156963075,629.396180812699,7968.883836551726,2181.641551602728,946.7293473239768,3128.370898926705,0.7968883836551726,7,1725.3879467569532,1770.8155637228956,-83.10304797570461,128.53066494164705,0.0
418.5979546347978,2.0,,3128.370898926705,2,exp5:multi_hotspot:r013,,3.0,,706.9395779317917,0.25,hardening:multi_hotspot:r013,5,0.6993421726037443,7.0,2246.0735342457992,1.0,,0.5846951675538251,6.0,,9999.999999999998,Catalog then correct,,1057.9086014539978,,,,,,moderate,3578.433314485941,1262.079623139079,0.6706804213412645,,,0.7968883836551726,4840.512937625021,0.5,,1.0,6706.804213412646,0.3578433314485942,0.1262079623139079,40013,,"[""L001"", ""L004"", ""R001"", ""R004"", ""R005"", ""R006"", ""C001""]","[""L001"", ""R004"", ""R005"", ""R006"", ""C001"", ""C002""]",,,3.0,,multi_hotspot,3128.3708989267047,288.3416232969939,,882.2973646809055,1.0,5,2115.817202907996,288.3416232969939,1881.6597959030764,1461.737918884563,5245.066294528084,188.80250156963075,693.4948631112748,7968.883836551726,2181.641551602728,946.7293473239768,3128.370898926705,0.7968883836551726,7,1262.0796231390796,1262.0796231390796,-64.43198264307102,64.43198264307125,2.2737367544323206e-13
984.4621108848072,3.0,,3128.370898926705,2,exp5:multi_hotspot:r013,,3.0,,984.4621108848072,0.25,hardening:multi_hotspot:r013,5,0.8066150589779547,7.0,2194.9115379658338,1.0,,0.5846951675538251,6.0,,9999.999999999998,Catalog then correct,,0.0,,,,,,moderate,4408.537877709265,431.975059915756,0.7511350861219223,,,0.7968883836551726,4840.512937625021,1.0,,2.0,7511.350861219224,0.4408537877709265,0.0431975059915756,40013,,"[""L001"", ""L009"", ""R001"", ""R005"", ""R006"", ""C000"", ""C001""]","[""L001"", ""R004"", ""R005"", ""R006"", ""C001"", ""C002""]",,,3.0,,multi_hotspot,3102.812983509959,0.0,,907.9014455441254,1.0,4,2115.817202907996,905.3677758269687,2939.5683973570744,1461.737918884563,6049.612942334661,188.80250156963075,719.0989439744947,7968.883836551726,2181.641551602728,946.7293473239768,3128.370898926705,0.7968883836551726,7,431.975059915756,457.53297533250225,-13.269986363105545,38.827901779851345,-4.547473508864641e-13
136.9475783669733,1.0,,3184.1865156025765,2,exp5:regular:r013,,3.0,,136.9475783669733,0.0,hardening:regular:r013,5,0.6225859547567472,8.0,2310.612857524621,1.0,,0.5960961433884806,7.0,,9999.999999999998,Catalog then correct,,2173.665279157648,,,,,,moderate,3041.673031964896,1258.7832406975394,0.6225859547567472,,,0.7477257128554277,4300.456272662435,0.0,,0.0,6225.859547567472,0.3041673031964896,0.1258783240697539,40013,,"[""L030"", ""L033"", ""R001"", ""R002"", ""R005"", ""R007"", ""R008"", ""C000""]","[""L030"", ""R001"", ""R002"", ""R005"", ""R007"", ""R008"", ""C000""]",,,3.0,,regular,3184.186515602576,0.0,,873.5736580779551,1.0,7,2173.665279157648,0.0,1010.5212364449285,0.0,6225.859547567472,0.0,873.5736580779551,7477.257128554276,2168.4064714020096,1008.3943844898312,3176.800855891841,0.7477257128554277,8,1258.7832406975394,1251.3975809868043,-142.20638612261155,134.82072641187608,-3.410605131648481e-13
298.5271190848946,2.0,,3184.1865156025765,2,exp5:regular:r013,,3.0,,554.0043086949263,0.0,hardening:regular:r013,5,0.6251304055434481,8.0,2216.7152086325104,1.0,,0.5960961433884806,7.0,,9999.999999999998,Catalog then correct,,1086.832639578824,,,,,,moderate,3094.447394050084,1206.0088786123515,0.6251304055434481,,,0.7477257128554277,4300.456272662435,0.5,,1.0,6251.304055434481,0.3094447394050084,0.1206008878612351,40013,,"[""L030"", ""L032"", ""L033"", ""R001"", ""R002"", ""R005"", ""R007"", ""R008""]","[""L030"", ""R001"", ""R002"", ""R005"", ""R007"", ""R008"", ""C000""]",,,3.0,,regular,3156.856661384397,255.47718961003167,,940.1414527518866,1.0,6,2173.665279157648,255.47718961003167,2097.3538760237525,0.0,6251.304055434481,0.0,940.1414527518866,7477.257128554276,2168.4064714020096,1008.3943844898312,3176.800855891841,0.7477257128554277,8,1206.0088786123515,1225.9530731197956,-48.30873723050081,68.25293173794455,-3.410605131648481e-13
1120.3964733592752,4.0,,3184.1865156025765,2,exp5:regular:r013,,3.0,,1120.3964733592752,0.0,hardening:regular:r013,5,0.7477257128554277,8.0,2168.4064714020096,1.0,,0.5960961433884806,7.0,,9999.999999999998,Catalog then correct,,0.0,,,,,,moderate,4300.456272662435,0.0,0.7477257128554277,,,0.7477257128554277,4300.456272662435,1.0,,3.0,7477.257128554276,0.4300456272662436,0.0,40013,,"[""L028"", ""L030"", ""L033"", ""R001"", ""R002"", ""R004"", ""R008"", ""C001""]","[""L030"", ""R001"", ""R002"", ""R005"", ""R007"", ""R008"", ""C000""]",,,3.0,,regular,3176.800855891841,0.0,,1008.3943844898312,1.0,4,2173.665279157648,1125.6552811149134,3184.1865156025765,0.0,7477.257128554276,0.0,1008.3943844898312,7477.257128554276,2168.4064714020096,1008.3943844898312,3176.800855891841,0.7477257128554277,8,0.0,0.0,0.0,0.0,0.0
136.9475783669733,1.0,,3184.1865156025765,2,exp5:regular:r013,,3.0,,136.9475783669733,0.01,hardening:regular:r013,5,0.6228063471504199,8.0,2310.612857524621,1.0,,0.5960961433884806,7.0,,9999.999999999998,Catalog then correct,,2173.665279157648,,,,,,moderate,3041.205935525428,1259.2503371370071,0.6225392451128006,,,0.7477257128554277,4300.456272662435,0.0,,0.0,6225.392451128005,0.3041205935525429,0.1259250337137007,40013,,"[""L030"", ""L033"", ""R001"", ""R002"", ""R005"", ""R007"", ""R008"", ""C000""]","[""L030"", ""R001"", ""R002"", ""R005"", ""R007"", ""R008"", ""C000""]",,,3.0,,regular,3184.1865156025765,0.0,,873.5736580779553,1.0,7,2173.665279157648,0.0,1002.2177438148409,59.60961433884807,6165.782836789157,8.303492630087547,865.2701654478677,7477.257128554276,2168.4064714020096,1008.3943844898312,3176.800855891841,0.7477257128554277,8,1259.2503371370076,1251.8646774262716,-142.20638612261155,134.82072641187585,3.410605131648481e-13
298.5271190848946,2.0,,3184.1865156025765,2,exp5:regular:r013,,3.0,,554.0043086949263,0.01,hardening:regular:r013,5,0.6251304055434481,8.0,2216.7152086325104,1.0,,0.5960961433884806,7.0,,9999.999999999998,Catalog then correct,,1086.832639578824,,,,,,moderate,3092.6418897320177,1207.8143829304177,0.6248400629218984,,,0.7477257128554277,4300.456272662435,0.5,,1.0,6248.400629218983,0.3092641889732018,0.1207814382930417,40013,,"[""L030"", ""L032"", ""L033"", ""R001"", ""R002"", ""R005"", ""R007"", ""R008""]","[""L030"", ""R001"", ""R002"", ""R005"", ""R007"", ""R008"", ""C000""]",,,3.0,,regular,3155.7587394869656,255.47718961003167,,939.0435308544552,1.0,6,2173.665279157648,255.47718961003167,2089.050383393665,59.60961433884807,6188.791014880136,8.303492630087547,930.7400382243676,7477.257128554276,2168.4064714020096,1008.3943844898312,3176.800855891841,0.7477257128554277,8,1207.8143829304177,1228.856499335293,-48.30873723050081,69.35085363537598,-1.1368683772161603e-13
1120.3964733592752,4.0,,3184.1865156025765,2,exp5:regular:r013,,3.0,,1120.3964733592752,0.01,hardening:regular:r013,5,0.7477257128554277,8.0,2168.4064714020096,1.0,,0.5960961433884806,7.0,,9999.999999999998,Catalog then correct,,0.0,,,,,,moderate,4287.073766930551,13.38250573188452,0.7462094171607582,,,0.7477257128554277,4300.456272662435,1.0,,3.0,7462.09417160758,0.4287073766930551,0.0013382505731884,40013,,"[""L028"", ""L030"", ""L033"", ""R001"", ""R002"", ""R004"", ""R008"", ""C001""]","[""L030"", ""R001"", ""R002"", ""R005"", ""R007"", ""R008"", ""C000""]",,,3.0,,regular,3175.02040467703,0.0,,1006.6139332750204,1.0,4,2173.665279157648,1125.6552811149134,3175.883022972489,59.60961433884807,7402.484557268733,8.303492630087547,998.3104406449328,7477.257128554276,2168.4064714020096,1008.3943844898312,3176.800855891841,0.7477257128554277,8,13.382505731884521,15.162956946695886,0.0,1.780451214810796,-5.684341886080801e-13
136.9475783669733,1.0,,3184.1865156025765,2,exp5:regular:r013,,3.0,,136.9475783669733,0.1,hardening:regular:r013,5,0.6249707870582022,8.0,2310.612857524621,1.0,,0.5960961433884806,7.0,,9999.999999999998,Catalog then correct,,2173.665279157648,,,,,,moderate,3036.646711309724,1263.8095613527116,0.62208332269123,,,0.7477257128554277,4300.456272662435,0.0,,0.0,6220.8332269123,0.3036646711309724,0.1263809561352711,40013,,"[""L030"", ""L033"", ""R001"", ""R002"", ""R005"", ""R007"", ""R008"", ""C000""]","[""L030"", ""R001"", ""R002"", ""R005"", ""R007"", ""R008"", ""C000""]",,,3.0,,regular,3184.1865156025765,0.0,,873.5736580779552,1.0,7,2173.665279157648,0.0,927.486310144053,596.0961433884808,5624.73708352382,83.03492630087547,790.5387317770798,7477.257128554276,2168.4064714020096,1008.3943844898312,3176.800855891841,0.7477257128554277,8,1263.8095613527112,1256.423901641976,-142.20638612261155,134.82072641187597,-4.547473508864641e-13
298.5271190848946,2.0,,3184.1865156025765,2,exp5:regular:r013,,3.0,,554.0043086949263,0.1,hardening:regular:r013,5,0.6251304055434481,8.0,2216.7152086325104,1.0,,0.5960961433884806,7.0,,9999.999999999998,Catalog then correct,,1086.832639578824,,,,,,moderate,3076.392350869429,1224.0639217930066,0.6222269793279513,,,0.7477257128554277,4300.456272662435,0.5,,1.0,6222.269793279513,0.3076392350869429,0.1224063921793006,40013,,"[""L030"", ""L032"", ""L033"", ""R001"", ""R002"", ""R005"", ""R007"", ""R008""]","[""L030"", ""R001"", ""R002"", ""R005"", ""R007"", ""R008"", ""C000""]",,,3.0,,regular,3145.877442410084,255.47718961003167,,929.1622337775734,1.0,6,2173.665279157648,255.47718961003167,2014.318949722877,596.0961433884808,5626.173649891032,83.03492630087547,846.127307476698,7477.257128554276,2168.4064714020096,1008.3943844898312,3176.800855891841,0.7477257128554277,8,1224.0639217930066,1254.9873352747636,-48.30873723050081,79.23215071225775,-1.1368683772161603e-13
843.4804663874174,3.0,,3184.1865156025765,2,exp5:regular:r013,,3.0,,843.4804663874174,0.1,hardening:regular:r013,5,0.7520409625056148,8.0,2211.930684826956,1.0,,0.5960961433884806,7.0,,9999.999999999998,Catalog then correct,,0.0,,,,,,moderate,4180.278290336438,120.17798232599762,0.7364464805939014,,,0.7477257128554277,4300.456272662435,1.0,,2.0,7364.464805939014,0.4180278290336438,0.0120177982325997,40013,,"[""L009"", ""L030"", ""L033"", ""R001"", ""R002"", ""R005"", ""R008"", ""C001""]","[""L030"", ""R001"", ""R002"", ""R005"", ""R007"", ""R008"", ""C000""]",,,3.0,,regular,3184.186515602576,0.0,,972.25583077562,1.0,5,2173.665279157648,805.2150607181088,3101.151589301701,596.0961433884808,6768.368662550533,83.03492630087547,889.2209044747445,7477.257128554276,2168.4064714020096,1008.3943844898312,3176.800855891841,0.7477257128554277,8,120.17798232599762,112.79232261526249,-43.52421342494654,36.138553714211184,-2.2737367544323206e-13
136.9475783669733,1.0,,3184.1865156025765,2,exp5:regular:r013,,3.0,,136.9475783669733,0.25,hardening:regular:r013,5,0.62968129427234,8.0,2310.612857524621,1.0,,0.5960961433884806,7.0,,9999.999999999998,Catalog then correct,,2173.665279157648,,,,,,moderate,3028.663549911176,1271.79272275126,0.6212850065513751,,,0.7477257128554277,4300.456272662435,0.0,,0.0,6212.850065513751,0.3028663549911176,0.127179272275126,40013,,"[""L030"", ""L033"", ""R001"", ""R002"", ""R005"", ""R007"", ""R008"", ""C000""]","[""L030"", ""R001"", ""R002"", ""R005"", ""R007"", ""R008"", ""C000""]",,,3.0,,regular,3184.186515602576,0.0,,873.5736580779551,1.0,7,2173.665279157648,0.0,802.9339206927398,1490.2403584712017,4722.609707042549,207.58731575218866,665.9863423257664,7477.257128554276,2168.4064714020096,1008.3943844898312,3176.800855891841,0.7477257128554277,8,1271.7927227512596,1264.407063040525,-142.20638612261155,134.82072641187608,-7.958078640513122e-13
298.5271190848946,2.0,,3184.1865156025765,2,exp5:regular:r013,,3.0,,554.0043086949263,0.25,hardening:regular:r013,5,0.6251304055434481,8.0,2216.7152086325104,1.0,,0.5960961433884806,7.0,,9999.999999999998,Catalog then correct,,1086.832639578824,,,,,,moderate,3049.309786098448,1251.1464865639878,0.6178718400047063,,,0.7477257128554277,4300.456272662435,0.5,,1.0,6178.718400047062,0.3049309786098448,0.1251146486563988,40013,,"[""L030"", ""L032"", ""L033"", ""R001"", ""R002"", ""R005"", ""R007"", ""R008""]","[""L030"", ""R001"", ""R002"", ""R005"", ""R007"", ""R008"", ""C000""]",,,3.0,,regular,3129.408613948614,255.47718961003167,,912.6934053161036,1.0,6,2173.665279157648,255.47718961003167,1889.7665602715638,1490.2403584712017,4688.47804157586,207.58731575218866,705.106089563915,7477.257128554276,2168.4064714020096,1008.3943844898312,3176.800855891841,0.7477257128554277,8,1251.1464865639873,1298.5387285072147,-48.30873723050081,95.70097917372755,-6.821210263296962e-13
843.4804663874174,3.0,,3184.1865156025765,2,exp5:regular:r013,,3.0,,843.4804663874174,0.25,hardening:regular:r013,5,0.7666849359066282,8.0,2211.930684826956,1.0,,0.5960961433884806,7.0,,9999.999999999998,Catalog then correct,,0.0,,,,,,moderate,4056.190862168337,244.2654104940989,0.7240377377770912,,,0.7477257128554277,4300.456272662435,1.0,,2.0,7240.377377770913,0.4056190862168337,0.0244265410494098,40013,,"[""L009"", ""L030"", ""L033"", ""R001"", ""R002"", ""R005"", ""R008"", ""C001""]","[""L030"", ""R001"", ""R002"", ""R005"", ""R007"", ""R008"", ""C000""]",,,3.0,,regular,3184.1865156025765,0.0,,972.2558307756204,1.0,5,2173.665279157648,805.2150607181088,2976.599199850388,1490.2403584712017,5750.137019299711,207.58731575218866,764.6685150234318,7477.257128554276,2168.4064714020096,1008.3943844898312,3176.800855891841,0.7477257128554277,8,244.26541049409843,236.8797507833633,-43.52421342494654,36.13855371421073,-6.821210263296962e-13
135.35075312754083,1.0,,3226.2524599151698,2,exp5:asymmetric:r014,,3.0,,135.35075312754083,0.0,hardening:asymmetric:r014,5,0.5690699409286104,7.0,2462.8406716110103,1.0,,0.5230377264830088,6.0,,10000.0,Catalog then correct,,2327.4899184834694,,,,,,moderate,2558.468728806589,1518.637088567688,0.5690699409286104,,,0.7294900861738771,4077.1058173742767,0.0,,0.0,5690.699409286104,0.2558468728806589,0.1518637088567687,40014,,"[""L010"", ""R000"", ""R003"", ""R006"", ""R008"", ""C001"", ""C002""]","[""R000"", ""R003"", ""R006"", ""R008"", ""C001"", ""C002""]",,,3.0,,asymmetric,3132.2306804795157,0.0,,669.3900088685052,1.0,6,2327.4899184834694,0.0,898.7625414317004,0.0,5690.699409286104,0.0,669.3900088685052,7294.90086173877,2274.637663991773,943.1573803727196,3217.795044364493,0.7294900861738771,7,1518.637088567688,1604.2014524526658,-188.20300761923727,273.76737150421434,-7.958078640513122e-13
402.75227289544455,2.0,,3226.2524599151698,2,exp5:asymmetric:r014,,3.0,,655.66963122178,0.0,hardening:asymmetric:r014,5,0.6017445797580007,7.0,2477.3248330525785,1.0,,0.5230377264830088,6.0,,10000.0,Catalog then correct,,1163.7449592417347,,,,,,moderate,2791.193337664836,1285.9124797094414,0.6017445797580007,,,0.7294900861738771,4077.1058173742767,0.5,,1.0,6017.445797580005,0.2791193337664835,0.1285912479709441,40014,,"[""L019"", ""R000"", ""R003"", ""R006"", ""R007"", ""R008"", ""C001""]","[""R000"", ""R003"", ""R006"", ""R008"", ""C001"", ""C002""]",,,3.0,,asymmetric,3226.2524599151698,252.91735832633543,,748.9276268625913,1.0,5,2327.4899184834694,252.91735832633546,2062.507500673435,0.0,6017.445797580005,0.0,748.9276268625913,7294.90086173877,2274.637663991773,943.1573803727196,3217.795044364493,0.7294900861738771,7,1285.912479709441,1277.4550641587648,-202.68716906080545,194.22975351012826,-1.0231815394945443e-12
1068.6489459755066,4.0,,3226.2524599151698,2,exp5:asymmetric:r014,,3.0,,1068.6489459755066,0.0,hardening:asymmetric:r014,5,0.7294900861738771,7.0,2274.637663991773,1.0,,0.5230377264830088,6.0,,10000.0,Catalog then correct,,0.0,,,,,,moderate,4077.1058173742767,0.0,0.7294900861738771,,,0.7294900861738771,4077.1058173742767,1.0,,3.0,7294.90086173877,0.4077105817374277,0.0,40014,,"[""L010"", ""R000"", ""R001"", ""R004"", ""R007"", ""R008"", ""C001""]","[""R000"", ""R003"", ""R006"", ""R008"", ""C001"", ""C002""]",,,3.0,,asymmetric,3217.795044364493,0.0,,943.1573803727196,1.0,3,2327.4899184834694,1121.5012004672026,3226.2524599151698,0.0,7294.90086173877,0.0,943.1573803727196,7294.90086173877,2274.637663991773,943.1573803727196,3217.795044364493,0.7294900861738771,7,0.0,0.0,0.0,0.0,0.0
135.35075312754083,1.0,,3226.2524599151698,2,exp5:asymmetric:r014,,3.0,,135.35075312754083,0.01,hardening:asymmetric:r014,5,0.5690699409286104,7.0,2462.8406716110103,1.0,,0.5230377264830088,6.0,,10000.0,Catalog then correct,,2327.4899184834694,,,,,,moderate,2554.81043439448,1522.295382979797,0.5686096187841544,,,0.7294900861738771,4077.1058173742767,0.0,,0.0,5686.096187841544,0.2554810434394479,0.1522295382979797,40014,,"[""L010"", ""R000"", ""R003"", ""R006"", ""R008"", ""C001"", ""C002""]","[""R000"", ""R003"", ""R006"", ""R008"", ""C001"", ""C002""]",,,3.0,,asymmetric,3131.285753447064,0.0,,668.445081836054,1.0,6,2327.4899184834694,0.0,893.0135683754665,52.30377264830088,5633.792415193243,5.748973056233847,662.6961087798202,7294.90086173877,2274.637663991773,943.1573803727196,3217.795044364493,0.7294900861738771,7,1522.2953829797966,1608.8046738972262,-188.20300761923727,274.71229853666557,-1.2505552149377763e-12
402.75227289544455,2.0,,3226.2524599151698,2,exp5:asymmetric:r014,,3.0,,655.66963122178,0.01,hardening:asymmetric:r014,5,0.6026878669452019,7.0,2477.3248330525785,1.0,,0.5230377264830088,6.0,,10000.0,Catalog then correct,,1163.7449592417347,,,,,,moderate,2792.661195490629,1284.444621883648,0.60189136554058,,,0.7294900861738771,4077.1058173742767,0.5,,1.0,6018.913655405799,0.2792661195490629,0.1284444621883647,40014,,"[""L019"", ""R000"", ""R003"", ""R006"", ""R007"", ""R008"", ""C001""]","[""R000"", ""R003"", ""R006"", ""R008"", ""C001"", ""C002""]",,,3.0,,asymmetric,3226.2524599151698,252.91735832633543,,748.9276268625912,1.0,5,2327.4899184834694,252.91735832633546,2056.7585276172013,52.30377264830088,5966.609882757498,5.748973056233847,743.1786538063574,7294.90086173877,2274.637663991773,943.1573803727196,3217.795044364493,0.7294900861738771,7,1284.4446218836479,1275.9872063329713,-202.68716906080545,194.22975351012838,-4.547473508864641e-13
1068.6489459755066,4.0,,3226.2524599151698,2,exp5:asymmetric:r014,,3.0,,1068.6489459755066,0.01,hardening:asymmetric:r014,5,0.7294900861738771,7.0,2274.637663991773,1.0,,0.5230377264830088,6.0,,10000.0,Catalog then correct,,0.0,,,,,,moderate,4060.1431821526826,16.962635221594155,0.7274255625769684,,,0.7294900861738771,4077.1058173742767,1.0,,3.0,7274.255625769682,0.4060143182152682,0.0016962635221594,40014,,"[""L010"", ""R000"", ""R001"", ""R004"", ""R007"", ""R008"", ""C001""]","[""R000"", ""R003"", ""R006"", ""R008"", ""C001"", ""C002""]",,,3.0,,asymmetric,3214.112443617,0.0,,939.4747796252262,1.0,3,2327.4899184834694,1121.5012004672026,3220.503486858936,52.30377264830088,7221.951853121382,5.748973056233847,933.7258065689924,7294.90086173877,2274.637663991773,943.1573803727196,3217.795044364493,0.7294900861738771,7,16.962635221594155,20.64523596908748,0.0,3.682600747493325,0.0
135.35075312754083,1.0,,3226.2524599151698,2,exp5:asymmetric:r014,,3.0,,135.35075312754083,0.1,hardening:asymmetric:r014,5,0.5690699409286104,7.0,2462.8406716110103,1.0,,0.5230377264830088,6.0,,10000.0,Catalog then correct,,2327.4899184834694,,,,,,moderate,2521.8857846854976,1555.2200326887792,0.5644667194840502,,,0.7294900861738771,4077.1058173742767,0.0,,0.0,5644.667194840501,0.2521885784685497,0.1555220032688779,40014,,"[""L010"", ""R000"", ""R003"", ""R006"", ""R008"", ""C001"", ""C002""]","[""R000"", ""R003"", ""R006"", ""R008"", ""C001"", ""C002""]",,,3.0,,asymmetric,3122.7814101550034,0.0,,659.9407385439932,1.0,6,2327.4899184834694,0.0,841.2728108693619,523.0377264830088,5121.629468357492,57.48973056233847,602.4510079816548,7294.90086173877,2274.637663991773,943.1573803727196,3217.795044364493,0.7294900861738771,7,1555.2200326887792,1650.233666898269,-188.20300761923727,283.2166418287263,-6.821210263296962e-13
538.1030260229854,3.0,,3226.2524599151698,2,exp5:asymmetric:r014,,3.0,,948.7906245228224,0.1,hardening:asymmetric:r014,5,0.6077560639330669,7.0,2454.905346006618,1.0,,0.5230377264830088,6.0,,10000.0,Catalog then correct,,1163.7449592417347,,,,,,moderate,2766.589841965439,1310.5159754088377,0.5992842301880611,,,0.7294900861738771,4077.1058173742767,0.5,,2.0,5992.842301880609,0.2766589841965439,0.1310515975408837,40014,,"[""L010"", ""L019"", ""R000"", ""R003"", ""R007"", ""R008"", ""C001""]","[""R000"", ""R003"", ""R006"", ""R008"", ""C001"", ""C002""]",,,3.0,,asymmetric,3226.2524599151698,410.6875984998369,,771.3471139085517,1.0,4,2327.4899184834694,410.6875984998369,2005.0177701110965,523.0377264830088,5469.8045753976,57.48973056233847,713.8573833462133,7294.90086173877,2274.637663991773,943.1573803727196,3217.795044364493,0.7294900861738771,7,1310.5159754088377,1302.058559858161,-180.26768201484492,171.81026646416785,-4.547473508864641e-13
1068.6489459755066,4.0,,3226.2524599151698,2,exp5:asymmetric:r014,,3.0,,1068.6489459755066,0.1,hardening:asymmetric:r014,5,0.7294900861738771,7.0,2274.637663991773,1.0,,0.5230377264830088,6.0,,10000.0,Catalog then correct,,0.0,,,,,,moderate,3907.479465158342,169.62635221593473,0.7088448502047903,,,0.7294900861738771,4077.1058173742767,1.0,,3.0,7088.4485020479015,0.3907479465158342,0.0169626352215934,40014,,"[""L010"", ""R000"", ""R001"", ""R004"", ""R007"", ""R008"", ""C001""]","[""R000"", ""R003"", ""R006"", ""R008"", ""C001"", ""C002""]",,,3.0,,asymmetric,3180.9690368895594,0.0,,906.331372897786,1.0,3,2327.4899184834694,1121.5012004672026,3168.7627293528312,523.0377264830088,6565.410775564893,57.48973056233847,848.8416423354475,7294.90086173877,2274.637663991773,943.1573803727196,3217.795044364493,0.7294900861738771,7,169.62635221593473,206.45235969086843,0.0,36.82600747493359,-1.1368683772161603e-13
135.35075312754083,1.0,,3226.2524599151698,2,exp5:asymmetric:r014,,3.0,,135.35075312754083,0.25,hardening:asymmetric:r014,5,0.5690699409286104,7.0,2462.8406716110103,1.0,,0.5230377264830088,6.0,,10000.0,Catalog then correct,,2327.4899184834694,,,,,,moderate,2467.011368503864,1610.0944488704126,0.55756188731721,,,0.7294900861738771,4077.1058173742767,0.0,,0.0,5575.6188731721,0.2467011368503864,0.1610094448870412,40014,,"[""L010"", ""R000"", ""R003"", ""R006"", ""R008"", ""C001"", ""C002""]","[""R000"", ""R003"", ""R006"", ""R008"", ""C001"", ""C002""]",,,3.0,,asymmetric,3108.6075046682354,0.0,,645.7668330572251,1.0,6,2327.4899184834694,0.0,755.0382150258542,1307.5943162075218,4268.024556964579,143.72432640584617,502.0425066513789,7294.90086173877,2274.637663991773,943.1573803727196,3217.795044364493,0.7294900861738771,7,1610.0944488704126,1719.2819885666695,-188.20300761923727,297.3905473154945,3.410605131648481e-13
594.6560353729781,2.0,,3226.2524599151698,2,exp5:asymmetric:r014,,3.0,,1005.343633872815,0.25,hardening:asymmetric:r014,5,0.6260094347728711,6.0,2511.458355356611,1.0,,0.5230377264830088,6.0,,10000.0,Catalog then correct,,1163.7449592417347,,,,,,moderate,2776.4126170888844,1300.6932002853923,0.6002665077004055,,,0.7294900861738771,4077.1058173742767,0.5,,2.0,6002.665077004054,0.2776412617088884,0.1300693200285392,40014,,"[""R000"", ""R001"", ""R003"", ""R007"", ""R008"", ""C001""]","[""R000"", ""R003"", ""R006"", ""R008"", ""C001"", ""C002""]",,,3.0,,asymmetric,3226.2524599151698,410.6875984998369,,714.794104558559,1.0,4,2327.4899184834694,410.6875984998369,1918.783174267589,1307.5943162075218,4695.070760796532,143.72432640584617,571.0697781527128,7294.90086173877,2274.637663991773,943.1573803727196,3217.795044364493,0.7294900861738771,7,1300.6932002853923,1292.2357847347157,-236.82069136483778,228.3632758141606,-5.684341886080801e-13
1068.6489459755066,4.0,,3226.2524599151698,2,exp5:asymmetric:r014,,3.0,,1068.6489459755066,0.25,hardening:asymmetric:r014,5,0.7294900861738771,7.0,2274.637663991773,1.0,,0.5230377264830088,6.0,,10000.0,Catalog then correct,,0.0,,,,,,moderate,3653.039936834439,424.065880539838,0.67787699625116,,,0.7294900861738771,4077.1058173742767,1.0,,3.0,6778.769962511598,0.3653039936834438,0.0424065880539838,40014,,"[""L010"", ""R000"", ""R001"", ""R004"", ""R007"", ""R008"", ""C001""]","[""R000"", ""R003"", ""R006"", ""R008"", ""C001"", ""C002""]",,,3.0,,asymmetric,3125.73002567716,0.0,,851.0923616853859,1.0,3,2327.4899184834694,1121.5012004672026,3082.5281335093237,1307.5943162075218,5471.1756463040765,143.72432640584617,707.3680352795398,7294.90086173877,2274.637663991773,943.1573803727196,3217.795044364493,0.7294900861738771,7,424.06588053983796,516.1308992271715,0.0,92.06501868733369,1.1368683772161603e-13
146.95966374621435,1.0,,3172.528396547715,2,exp5:multi_hotspot:r014,,3.0,,146.95966374621435,0.0,hardening:multi_hotspot:r014,5,0.6618951780126092,8.0,2281.574588038822,1.0,,0.6178020716754026,7.0,,10000.0,Catalog then correct,,2134.614924292608,,,,,,moderate,3468.413744671914,880.6431336893438,0.6618951780126092,,,0.7406079322431478,4349.056878361258,0.0,,0.0,6618.951780126092,0.3468413744671914,0.0880643133689343,40014,,"[""L007"", ""L013"", ""R000"", ""R001"", ""R002"", ""R005"", ""R006"", ""C002""]","[""L007"", ""R000"", ""R001"", ""R002"", ""R005"", ""R006"", ""C002""]",,,3.0,,multi_hotspot,3150.5380354541776,0.0,,868.9634474153556,1.0,7,2134.614924292608,0.0,1037.913472255107,0.0,6618.951780126092,0.0,868.9634474153556,7406.079322431478,2164.6429230925337,892.3795209776863,3057.02244407022,0.7406079322431478,6,880.6431336893438,787.1275423053867,-116.93166494628849,23.416073562330666,-6.821210263296962e-13
274.9987954131134,1.0,,3172.528396547715,2,exp5:multi_hotspot:r014,,3.0,,411.636260579092,0.0,hardening:multi_hotspot:r014,5,0.6898908755184804,7.0,2272.9762545397425,1.0,,0.6178020716754026,7.0,,10000.0,Catalog then correct,,1067.3074621463038,,,,,,moderate,3726.3803586370886,622.6765197241693,0.6898908755184804,,,0.7406079322431478,4349.056878361258,0.5,,1.0,6898.908755184804,0.3726380358637088,0.0622676519724169,40014,,"[""L007"", ""R000"", ""R001"", ""R002"", ""R004"", ""R005"", ""C002""]","[""L007"", ""R000"", ""R001"", ""R002"", ""R005"", ""R006"", ""C002""]",,,3.0,,multi_hotspot,3172.528396547716,136.63746516597865,,899.5521420079729,1.0,6,2134.614924292608,136.63746516597865,2105.220934401411,0.0,6898.908755184804,0.0,899.5521420079729,7406.079322431478,2164.6429230925337,892.3795209776863,3057.02244407022,0.7406079322431478,6,622.6765197241693,507.1705672466742,-108.33333144720882,-7.172621030286564,-2.2737367544323206e-13
573.102212883356,1.0,,3172.528396547715,2,exp5:multi_hotspot:r014,,3.0,,573.102212883356,0.0,hardening:multi_hotspot:r014,5,0.7406079322431478,6.0,2164.6429230925337,1.0,,0.6178020716754026,7.0,,10000.0,Catalog then correct,,0.0,,,,,,moderate,4349.056878361258,0.0,0.7406079322431478,,,0.7406079322431478,4349.056878361258,1.0,,2.0,7406.079322431478,0.4349056878361258,0.0,40014,,"[""L007"", ""R001"", ""R002"", ""R005"", ""C001"", ""C002""]","[""L007"", ""R000"", ""R001"", ""R002"", ""R005"", ""R006"", ""C002""]",,,3.0,,multi_hotspot,3057.02244407022,0.0,,892.3795209776863,1.0,5,2134.614924292608,543.0742140834295,3172.528396547715,0.0,7406.079322431478,0.0,892.3795209776863,7406.079322431478,2164.6429230925337,892.3795209776863,3057.02244407022,0.7406079322431478,6,0.0,0.0,0.0,0.0,0.0
146.95966374621435,1.0,,3172.528396547715,2,exp5:multi_hotspot:r014,,3.0,,146.95966374621435,0.01,hardening:multi_hotspot:r014,5,0.6618951780126092,8.0,2281.574588038822,1.0,,0.6178020716754026,7.0,,10000.0,Catalog then correct,,2134.614924292608,,,,,,moderate,3464.795880836321,884.2609975249366,0.6614542469492372,,,0.7406079322431478,4349.056878361258,0.0,,0.0,6614.542469492372,0.3464795880836321,0.0884260997524936,40014,,"[""L007"", ""L013"", ""R000"", ""R001"", ""R002"", ""R005"", ""R006"", ""C002""]","[""L007"", ""R000"", ""R001"", ""R002"", ""R005"", ""R006"", ""C002""]",,,3.0,,multi_hotspot,3149.746588656051,0.0,,868.1720006172285,1.0,7,2134.614924292608,0.0,1030.0152845790808,61.78020716754025,6552.762262324832,7.89818767602639,860.2738129412021,7406.079322431478,2164.6429230925337,892.3795209776863,3057.02244407022,0.7406079322431478,6,884.260997524937,791.5368529391062,-116.93166494628849,24.207520360457806,1.1368683772161603e-13
274.9987954131134,1.0,,3172.528396547715,2,exp5:multi_hotspot:r014,,3.0,,411.636260579092,0.01,hardening:multi_hotspot:r014,5,0.6903362705810087,7.0,2272.9762545397425,1.0,,0.6178020716754026,7.0,,10000.0,Catalog then correct,,1067.3074621463038,,,,,,moderate,3723.9112430131167,625.1456353481412,0.6896109285919526,,,0.7406079322431478,4349.056878361258,0.5,,1.0,6896.109285919526,0.3723911243013116,0.0625145635348141,40014,,"[""L007"", ""R000"", ""R001"", ""R002"", ""R004"", ""R005"", ""C002""]","[""L007"", ""R000"", ""R001"", ""R002"", ""R005"", ""R006"", ""C002""]",,,3.0,,multi_hotspot,3172.198042906409,136.63746516597865,,899.2217883666666,1.0,6,2134.614924292608,136.63746516597865,2097.3227467253846,61.78020716754025,6834.329078751985,7.89818767602639,891.3236006906402,7406.079322431478,2164.6429230925337,892.3795209776863,3057.02244407022,0.7406079322431478,6,625.1456353481412,509.97003651195246,-108.33333144720882,-6.842267388980304,-3.410605131648481e-13
573.102212883356,1.0,,3172.528396547715,2,exp5:multi_hotspot:r014,,3.0,,573.102212883356,0.01,hardening:multi_hotspot:r014,5,0.7406079322431478,6.0,2164.6429230925337,1.0,,0.6178020716754026,7.0,,10000.0,Catalog then correct,,0.0,,,,,,moderate,4337.801899838235,11.254978523023055,0.7393798736374703,,,0.7406079322431478,4349.056878361258,1.0,,2.0,7393.798736374704,0.4337801899838235,0.0011254978523023,40014,,"[""L007"", ""R001"", ""R002"", ""R005"", ""C001"", ""C002""]","[""L007"", ""R000"", ""R001"", ""R002"", ""R005"", ""R006"", ""C002""]",,,3.0,,multi_hotspot,3055.9968365364693,0.0,,891.3539134439358,1.0,5,2134.614924292608,543.0742140834295,3164.630208871689,61.78020716754025,7332.018529207164,7.89818767602639,883.4557257679094,7406.079322431478,2164.6429230925337,892.3795209776863,3057.02244407022,0.7406079322431478,6,11.254978523023055,12.280586056774155,0.0,1.0256075337505308,-5.684341886080801e-13
146.95966374621435,1.0,,3172.528396547715,2,exp5:multi_hotspot:r014,,3.0,,146.95966374621435,0.1,hardening:multi_hotspot:r014,5,0.6618951780126092,8.0,2281.574588038822,1.0,,0.6178020716754026,7.0,,10000.0,Catalog then correct,,2134.614924292608,,,,,,moderate,3432.2351063159804,916.8217720452776,0.6574858673788886,,,0.7406079322431478,4349.056878361258,0.0,,0.0,6574.858673788886,0.343223510631598,0.0916821772045277,40014,,"[""L007"", ""L013"", ""R000"", ""R001"", ""R002"", ""R005"", ""R006"", ""C002""]","[""L007"", ""R000"", ""R001"", ""R002"", ""R005"", ""R006"", ""C002""]",,,3.0,,multi_hotspot,3142.623567472906,0.0,,861.0489794340838,1.0,7,2134.614924292608,0.0,958.9315954948431,617.8020716754025,5957.056602113484,78.9818767602639,782.0671026738198,7406.079322431478,2164.6429230925337,892.3795209776863,3057.02244407022,0.7406079322431478,6,916.8217720452776,831.2206486425921,-116.93166494628849,31.33054154360252,-4.547473508864641e-13
274.9987954131134,1.0,,3172.528396547715,2,exp5:multi_hotspot:r014,,3.0,,411.636260579092,0.1,hardening:multi_hotspot:r014,5,0.6903362705810087,7.0,2272.9762545397425,1.0,,0.6178020716754026,7.0,,10000.0,Catalog then correct,,1067.3074621463038,,,,,,moderate,3668.5761931584375,680.4806852028205,0.683082850690448,,,0.7406079322431478,4349.056878361258,0.5,,1.0,6830.8285069044805,0.3668576193158437,0.068048068520282,40014,,"[""L007"", ""R000"", ""R001"", ""R002"", ""R004"", ""R005"", ""C002""]","[""L007"", ""R000"", ""R001"", ""R002"", ""R005"", ""R006"", ""C002""]",,,3.0,,multi_hotspot,3162.252313746043,136.63746516597865,,889.2760592063005,1.0,6,2134.614924292608,136.63746516597865,2026.239057641147,617.8020716754025,6213.026435229078,78.9818767602639,810.2941824460365,7406.079322431478,2164.6429230925337,892.3795209776863,3057.02244407022,0.7406079322431478,6,680.4806852028205,575.2508155269979,-108.33333144720882,3.1034617713858097,-4.547473508864641e-13
573.102212883356,1.0,,3172.528396547715,2,exp5:multi_hotspot:r014,,3.0,,573.102212883356,0.1,hardening:multi_hotspot:r014,5,0.7406079322431478,6.0,2164.6429230925337,1.0,,0.6178020716754026,7.0,,10000.0,Catalog then correct,,0.0,,,,,,moderate,4236.507093131018,112.54978523023964,0.7283273461863733,,,0.7406079322431478,4349.056878361258,1.0,,2.0,7283.273461863733,0.4236507093131018,0.0112549785230239,40014,,"[""L007"", ""R001"", ""R002"", ""R005"", ""C001"", ""C002""]","[""L007"", ""R000"", ""R001"", ""R002"", ""R005"", ""R006"", ""C002""]",,,3.0,,multi_hotspot,3046.766368732716,0.0,,882.1234456401817,1.0,5,2134.614924292608,543.0742140834295,3093.5465197874514,617.8020716754025,6665.471390188331,78.9818767602639,803.1415688799177,7406.079322431478,2164.6429230925337,892.3795209776863,3057.02244407022,0.7406079322431478,6,112.54978523023965,122.80586056774519,0.0,10.256075337504626,-9.094947017729282e-13
146.95966374621435,1.0,,3172.528396547715,2,exp5:multi_hotspot:r014,,3.0,,146.95966374621435,0.25,hardening:multi_hotspot:r014,5,0.6618951780126092,8.0,2281.574588038822,1.0,,0.6178020716754026,7.0,,10000.0,Catalog then correct,,2134.614924292608,,,,,,moderate,3377.967148782077,971.089729579181,0.6508719014283075,,,0.7406079322431478,4349.056878361258,0.0,,0.0,6508.719014283076,0.3377967148782076,0.0971089729579181,40014,,"[""L007"", ""L013"", ""R000"", ""R001"", ""R002"", ""R005"", ""R006"", ""C002""]","[""L007"", ""R000"", ""R001"", ""R002"", ""R005"", ""R006"", ""C002""]",,,3.0,,multi_hotspot,3130.751865500999,0.0,,849.1772774621766,1.0,7,2134.614924292608,0.0,840.4587803544473,1544.5051791885062,4964.21383509457,197.45469190065972,651.7225855615168,7406.079322431478,2164.6429230925337,892.3795209776863,3057.02244407022,0.7406079322431478,6,971.089729579181,897.3603081484025,-116.93166494628849,43.202243515509736,-2.2737367544323206e-13
274.9987954131134,1.0,,3172.528396547715,2,exp5:multi_hotspot:r014,,3.0,,411.636260579092,0.25,hardening:multi_hotspot:r014,5,0.6903362705810087,7.0,2272.9762545397425,1.0,,0.6178020716754026,7.0,,10000.0,Catalog then correct,,1067.3074621463038,,,,,,moderate,3576.351110067305,772.705768293953,0.6722027208546072,,,0.7406079322431478,4349.056878361258,0.5,,1.0,6722.027208546071,0.3576351110067305,0.0772705768293953,40014,,"[""L007"", ""R000"", ""R001"", ""R002"", ""R004"", ""R005"", ""C002""]","[""L007"", ""R000"", ""R001"", ""R002"", ""R005"", ""R006"", ""C002""]",,,3.0,,multi_hotspot,3145.676098478766,136.63746516597865,,872.6998439390236,1.0,6,2134.614924292608,136.63746516597865,1907.766242500751,1544.5051791885062,5177.522029357565,197.45469190065972,675.2451520383638,7406.079322431478,2164.6429230925337,892.3795209776863,3057.02244407022,0.7406079322431478,6,772.705768293953,684.0521138854074,-108.33333144720882,19.679677038662703,-4.547473508864641e-13
573.102212883356,1.0,,3172.528396547715,2,exp5:multi_hotspot:r014,,3.0,,573.102212883356,0.25,hardening:multi_hotspot:r014,5,0.7406079322431478,6.0,2164.6429230925337,1.0,,0.6178020716754026,7.0,,10000.0,Catalog then correct,,0.0,,,,,,moderate,4067.682415285657,281.37446307560094,0.7099064671012115,,,0.7406079322431478,4349.056878361258,1.0,,2.0,7099.064671012116,0.4067682415285657,0.02813744630756,40014,,"[""L007"", ""R001"", ""R002"", ""R005"", ""C001"", ""C002""]","[""L007"", ""R000"", ""R001"", ""R002"", ""R005"", ""R006"", ""C002""]",,,3.0,,multi_hotspot,3031.3822557264584,0.0,,866.7393326339245,1.0,5,2134.614924292608,543.0742140834295,2975.0737046470554,1544.5051791885062,5554.55949182361,197.45469190065972,669.2846407332647,7406.079322431478,2164.6429230925337,892.3795209776863,3057.02244407022,0.7406079322431478,6,281.37446307560094,307.01465141936205,0.0,25.640188343761793,6.821210263296962e-13
165.25279045583056,1.0,,3149.994846744082,2,exp5:regular:r014,,3.0,,165.25279045583056,0.0,hardening:regular:r014,5,0.6085850674207466,8.0,2249.7947002594988,1.0,,0.5625259930979497,7.0,,10000.0,Catalog then correct,,2084.541909803668,,,,,,moderate,2999.8901094228254,1597.8206418015675,0.6085850674207466,,,0.774176231283154,4597.710751224393,0.0,,0.0,6085.850674207466,0.2999890109422825,0.1597820641801567,40014,,"[""L017"", ""L031"", ""R000"", ""R002"", ""R005"", ""R006"", ""R007"", ""C000""]","[""L017"", ""R000"", ""R002"", ""R005"", ""R006"", ""R007"", ""C000""]",,,3.0,,regular,3085.9605647846406,0.0,,836.1658645251418,1.0,7,2084.541909803668,0.0,1065.452936940414,0.0,6085.850674207466,0.0,836.1658645251418,7741.762312831541,2142.4661804344587,1001.585381172689,3144.051561607148,0.774176231283154,7,1597.8206418015675,1655.9116386240748,-107.32851982504008,165.4195166475472,-2.2737367544323206e-13
439.6986861398917,2.0,,3149.994846744082,2,exp5:regular:r014,,3.0,,708.1401986387814,0.0,hardening:regular:r014,5,0.6458525278965485,8.0,2255.79908344467,1.0,,0.5625259930979497,7.0,,10000.0,Catalog then correct,,1042.270954901834,,,,,,moderate,3308.530432221401,1289.1803190029918,0.6458525278965485,,,0.774176231283154,4597.710751224393,0.5,,1.0,6458.525278965483,0.3308530432221401,0.1289180319002991,40014,,"[""L006"", ""L017"", ""R000"", ""R001"", ""R002"", ""R005"", ""R006"", ""R007""]","[""L017"", ""R000"", ""R002"", ""R005"", ""R006"", ""R007"", ""C000""]",,,3.0,,regular,3149.994846744082,268.44151249888967,,894.1957632994122,1.0,6,2084.541909803668,268.44151249888967,2107.723891842248,0.0,6458.525278965483,0.0,894.1957632994122,7741.762312831541,2142.4661804344587,1001.585381172689,3144.051561607148,0.774176231283154,7,1289.1803190029918,1283.2370338660576,-113.33290301021134,107.38961787327685,-2.2737367544323206e-13
1198.230157269595,3.0,,3149.994846744082,2,exp5:regular:r014,,3.0,,1198.230157269595,0.0,hardening:regular:r014,5,0.774176231283154,7.0,2142.4661804344587,1.0,,0.5625259930979497,7.0,,10000.0,Catalog then correct,,0.0,,,,,,moderate,4597.710751224393,0.0,0.774176231283154,,,0.774176231283154,4597.710751224393,1.0,,3.0,7741.762312831541,0.4597710751224393,0.0,40014,,"[""L017"", ""R000"", ""R001"", ""R004"", ""R005"", ""R007"", ""C001""]","[""L017"", ""R000"", ""R002"", ""R005"", ""R006"", ""R007"", ""C000""]",,,3.0,,regular,3144.051561607148,0.0,,1001.585381172689,1.0,4,2084.541909803668,1140.3058866388042,3149.994846744082,0.0,7741.762312831541,0.0,1001.585381172689,7741.762312831541,2142.4661804344587,1001.585381172689,3144.051561607148,0.774176231283154,7,0.0,0.0,0.0,0.0,0.0
165.25279045583056,1.0,,3149.994846744082,2,exp5:regular:r014,,3.0,,165.25279045583056,0.01,hardening:regular:r014,5,0.6085850674207466,8.0,2249.7947002594988,1.0,,0.5625259930979497,7.0,,10000.0,Catalog then correct,,2084.541909803668,,,,,,moderate,2996.190475039341,1601.5202761850514,0.6081244766775187,,,0.774176231283154,4597.710751224393,0.0,,0.0,6081.244766775186,0.2996190475039341,0.1601520276185051,40014,,"[""L017"", ""L031"", ""R000"", ""R002"", ""R005"", ""R006"", ""R007"", ""C000""]","[""L017"", ""R000"", ""R002"", ""R005"", ""R006"", ""R007"", ""C000""]",,,3.0,,regular,3085.0542917358443,0.0,,835.2595914763456,1.0,7,2084.541909803668,0.0,1057.997551343959,56.25259930979496,6024.992167465391,7.4553855964550895,827.8042058798904,7741.762312831541,2142.4661804344587,1001.585381172689,3144.051561607148,0.774176231283154,7,1601.520276185052,1660.517546056355,-107.32851982504008,166.32578969634346,2.2737367544323206e-13
439.6986861398917,2.0,,3149.994846744082,2,exp5:regular:r014,,3.0,,708.1401986387814,0.01,hardening:regular:r014,5,0.646666776134203,8.0,2255.79908344467,1.0,,0.5625259930979497,7.0,,10000.0,Catalog then correct,,1042.270954901834,,,,,,moderate,3308.258836294321,1289.4519149300718,0.6458253683038404,,,0.774176231283154,4597.710751224393,0.5,,1.0,6458.253683038403,0.3308258836294321,0.1289451914930071,40014,,"[""L006"", ""L017"", ""R000"", ""R001"", ""R002"", ""R005"", ""R006"", ""R007""]","[""L017"", ""R000"", ""R002"", ""R005"", ""R006"", ""R007"", ""C000""]",,,3.0,,regular,3149.994846744082,268.44151249888967,,894.1957632994121,1.0,6,2084.541909803668,268.44151249888967,2100.268506245793,56.25259930979496,6402.001083728608,7.4553855964550895,886.740377702957,7741.762312831541,2142.4661804344587,1001.585381172689,3144.051561607148,0.774176231283154,7,1289.4519149300718,1283.5086297931375,-113.33290301021134,107.38961787327696,-1.1368683772161603e-13
1198.230157269595,3.0,,3149.994846744082,2,exp5:regular:r014,,3.0,,1198.230157269595,0.01,hardening:regular:r014,5,0.7741762312831542,7.0,2142.4661804344587,1.0,,0.5625259930979497,7.0,,10000.0,Catalog then correct,,0.0,,,,,,moderate,4579.106195621145,18.60455560324772,0.7720597289013021,,,0.774176231283154,4597.710751224393,1.0,,3.0,7720.597289013021,0.4579106195621145,0.0018604555603247,40014,,"[""L017"", ""R000"", ""R001"", ""R004"", ""R005"", ""R007"", ""C001""]","[""L017"", ""R000"", ""R002"", ""R005"", ""R006"", ""R007"", ""C000""]",,,3.0,,regular,3141.491093391876,0.0,,999.0249129574172,1.0,4,2084.541909803668,1140.3058866388042,3142.539461147627,56.25259930979496,7664.344689703225,7.4553855964550895,991.5695273609621,7741.762312831541,2142.4661804344587,1001.585381172689,3144.051561607148,0.774176231283154,7,18.604555603247718,21.16502381852024,0.0,2.5604682152718397,-6.821210263296962e-13
165.25279045583056,1.0,,3149.994846744082,2,exp5:regular:r014,,3.0,,165.25279045583056,0.1,hardening:regular:r014,5,0.6085850674207466,8.0,2249.7947002594988,1.0,,0.5625259930979497,7.0,,10000.0,Catalog then correct,,2084.541909803668,,,,,,moderate,2962.893765587992,1634.8169856364011,0.603979159988467,,,0.774176231283154,4597.710751224393,0.0,,0.0,6039.791599884669,0.2962893765587991,0.1634816985636401,40014,,"[""L017"", ""L031"", ""R000"", ""R002"", ""R005"", ""R006"", ""R007"", ""C000""]","[""L017"", ""R000"", ""R002"", ""R005"", ""R006"", ""R007"", ""C000""]",,,3.0,,regular,3076.897834296677,0.0,,827.1031340371786,1.0,7,2084.541909803668,0.0,990.8990809758632,562.5259930979496,5477.265606786719,74.55385596455089,752.5492780726278,7741.762312831541,2142.4661804344587,1001.585381172689,3144.051561607148,0.774176231283154,7,1634.8169856364007,1701.9707129468716,-107.32851982504008,174.48224713551042,-5.684341886080801e-13
439.6986861398917,2.0,,3149.994846744082,2,exp5:regular:r014,,3.0,,708.1401986387814,0.1,hardening:regular:r014,5,0.6486123128654266,8.0,2255.79908344467,1.0,,0.5625259930979497,7.0,,10000.0,Catalog then correct,,1042.270954901834,,,,,,moderate,3260.286386032093,1337.4243651922998,0.640003680888679,,,0.774176231283154,4597.710751224393,0.5,,1.0,6400.036808886789,0.3260286386032093,0.1337424365192299,40014,,"[""L006"", ""L017"", ""R000"", ""R001"", ""R002"", ""R005"", ""R006"", ""R007""]","[""L017"", ""R000"", ""R002"", ""R005"", ""R006"", ""R007"", ""C000""]",,,3.0,,regular,3139.750422854696,268.44151249888967,,883.9513394100261,1.0,6,2084.541909803668,268.44151249888967,2033.1700358776973,562.5259930979496,5837.510815788839,74.55385596455089,809.3974834454752,7741.762312831541,2142.4661804344587,1001.585381172689,3144.051561607148,0.774176231283154,7,1337.4243651922998,1341.7255039447518,-113.33290301021134,117.63404176266295,-4.547473508864641e-13
1198.230157269595,3.0,,3149.994846744082,2,exp5:regular:r014,,3.0,,1198.230157269595,0.1,hardening:regular:r014,5,0.774176231283154,7.0,2142.4661804344587,1.0,,0.5625259930979497,7.0,,10000.0,Catalog then correct,,0.0,,,,,,moderate,4411.665195191907,186.04555603248627,0.7530112074646337,,,0.774176231283154,4597.710751224393,1.0,,3.0,7530.112074646337,0.4411665195191906,0.0186045556032486,40014,,"[""L017"", ""R000"", ""R001"", ""R004"", ""R005"", ""R007"", ""C001""]","[""L017"", ""R000"", ""R002"", ""R005"", ""R006"", ""R007"", ""C000""]",,,3.0,,regular,3118.44687945443,0.0,,975.9806990199712,1.0,4,2084.541909803668,1140.3058866388042,3075.440990779531,562.5259930979496,6967.586081548387,74.55385596455089,901.4268430554204,7741.762312831541,2142.4661804344587,1001.585381172689,3144.051561607148,0.774176231283154,7,186.04555603248627,211.65023818520422,0.0,25.604682152717828,-1.1368683772161603e-13
165.25279045583056,1.0,,3149.994846744082,2,exp5:regular:r014,,3.0,,165.25279045583056,0.25,hardening:regular:r014,5,0.6085850674207466,8.0,2249.7947002594988,1.0,,0.5625259930979497,7.0,,10000.0,Catalog then correct,,2084.541909803668,,,,,,moderate,2907.399249835741,1690.3115013886518,0.5970702988400474,,,0.774176231283154,4597.710751224393,0.0,,0.0,5970.702988400473,0.2907399249835741,0.1690311501388652,40014,,"[""L017"", ""L031"", ""R000"", ""R002"", ""R005"", ""R006"", ""R007"", ""C000""]","[""L017"", ""R000"", ""R002"", ""R005"", ""R006"", ""R007"", ""C000""]",,,3.0,,regular,3063.303738564732,0.0,,813.5090383052336,1.0,7,2084.541909803668,0.0,879.0682970290368,1406.314982744874,4564.388005655599,186.38463991137723,627.1243983938564,7741.762312831541,2142.4661804344587,1001.585381172689,3144.051561607148,0.774176231283154,7,1690.3115013886518,1771.0593244310676,-107.32851982504008,188.07634286745542,-4.547473508864641e-13
455.2980700621522,2.0,,3149.994846744082,2,exp5:regular:r014,,3.0,,723.7395825610419,0.25,hardening:regular:r014,5,0.6544602734035719,8.0,2271.398467366931,1.0,,0.5625259930979497,7.0,,10000.0,Catalog then correct,,1042.270954901834,,,,,,moderate,3168.240825286003,1429.4699259383897,0.6314767033271663,,,0.774176231283154,4597.710751224393,0.5,,1.0,6314.767033271663,0.3168240825286003,0.1429469925938389,40014,,"[""L005"", ""L017"", ""R000"", ""R002"", ""R004"", ""R005"", ""R006"", ""R007""]","[""L017"", ""R000"", ""R002"", ""R005"", ""R006"", ""R007"", ""C000""]",,,3.0,,regular,3146.52620798566,268.44151249888967,,875.1277406187293,1.0,6,2084.541909803668,268.44151249888967,1921.339251930871,1406.314982744874,4908.452050526789,186.38463991137723,688.743100707352,7741.762312831541,2142.4661804344587,1001.585381172689,3144.051561607148,0.774176231283154,7,1429.4699259383897,1426.9952795598774,-128.93228693247238,126.45764055395978,-3.410605131648481e-13
1198.230157269595,3.0,,3149.994846744082,2,exp5:regular:r014,,3.0,,1198.230157269595,0.25,hardening:regular:r014,5,0.774176231283154,7.0,2142.4661804344587,1.0,,0.5625259930979497,7.0,,10000.0,Catalog then correct,,0.0,,,,,,moderate,4132.596861143176,465.1138900812166,0.7212636717368529,,,0.774176231283154,4597.710751224393,1.0,,3.0,7212.636717368529,0.4132596861143176,0.0465113890081216,40014,,"[""L017"", ""R000"", ""R001"", ""R004"", ""R005"", ""R007"", ""C001""]","[""L017"", ""R000"", ""R002"", ""R005"", ""R006"", ""R007"", ""C000""]",,,3.0,,regular,3080.0398562253527,0.0,,937.573675790894,1.0,4,2084.541909803668,1140.3058866388042,2963.610206832705,1406.314982744874,5806.321734623655,186.38463991137723,751.1890358795167,7741.762312831541,2142.4661804344587,1001.585381172689,3144.051561607148,0.774176231283154,7,465.1138900812166,529.1255954630115,0.0,64.01170538179508,2.2737367544323206e-13
317.8206538065928,1.0,,3183.9642388539933,2,exp5:asymmetric:r015,,3.0,,899.4687700282165,0.0,hardening:asymmetric:r015,5,0.582255421682218,5.0,2490.919714351119,1.0,,0.4732639092381659,5.0,,10000.000000000002,Catalog then correct,,2173.0990605445263,,,,,,moderate,2653.29131125554,1602.384276022006,0.582255421682218,,,0.7425856663617152,4255.675587277546,0.0,,1.0,5822.55421682218,0.2653291311255539,0.1602384276022005,40015,,"[""R000"", ""R002"", ""R006"", ""C001"", ""C002""]","[""R000"", ""R002"", ""C000"", ""C001"", ""C002""]",,,3.0,,asymmetric,3169.2629055666403,581.6481162216237,,678.3431912155213,1.0,4,2173.0990605445263,0.0,1010.865178309467,0.0,5822.55421682218,0.0,678.3431912155213,7425.856663617153,2179.870987632576,990.3100887070312,3170.181076339607,0.7425856663617152,8,1602.3842760220055,1603.3024467949726,-311.0487267185431,311.96689749150994,-3.410605131648481e-13
584.3466264723704,2.0,,3183.9642388539933,2,exp5:asymmetric:r015,,3.0,,1010.8078190502664,0.0,hardening:asymmetric:r015,5,0.6440997394925958,5.0,2330.9844944390006,1.0,,0.4732639092381659,5.0,,10000.000000000002,Catalog then correct,,1086.5495302722632,,,,,,moderate,3368.358878947783,887.3167083297626,0.6440997394925958,,,0.7425856663617152,4255.675587277546,0.5,,2.0,6440.997394925957,0.3368358878947782,0.0887316708329762,40015,,"[""R002"", ""R005"", ""R006"", ""C001"", ""C002""]","[""R000"", ""R002"", ""C000"", ""C001"", ""C002""]",,,3.0,,asymmetric,3072.6385159781744,426.4611925778961,,741.6540215391739,1.0,3,2173.0990605445263,426.4611925778961,2097.4147085817303,0.0,6440.997394925957,0.0,741.6540215391739,7425.856663617153,2179.870987632576,990.3100887070312,3170.181076339607,0.7425856663617152,8,887.3167083297626,984.8592686911952,-151.11350680642454,248.65606716785737,2.2737367544323206e-13
1366.8743908557933,6.0,,3183.9642388539933,2,exp5:asymmetric:r015,,3.0,,1366.8743908557933,0.0,hardening:asymmetric:r015,5,0.7425856663617152,8.0,2179.870987632576,1.0,,0.4732639092381659,5.0,,10000.000000000002,Catalog then correct,,0.0,,,,,,moderate,4255.675587277546,0.0,0.7425856663617152,,,0.7425856663617152,4255.675587277546,1.0,,3.0,7425.856663617153,0.4255675587277545,0.0,40015,,"[""L008"", ""L027"", ""L033"", ""R002"", ""R005"", ""R006"", ""R007"", ""C001""]","[""R000"", ""R002"", ""C000"", ""C001"", ""C002""]",,,3.0,,asymmetric,3170.181076339607,0.0,,990.3100887070312,1.0,2,2173.0990605445263,1360.1024637677438,3183.9642388539933,0.0,7425.856663617153,0.0,990.3100887070312,7425.856663617153,2179.870987632576,990.3100887070312,3170.181076339607,0.7425856663617152,8,0.0,0.0,0.0,0.0,0.0
317.8206538065928,1.0,,3183.9642388539933,2,exp5:asymmetric:r015,,3.0,,899.4687700282165,0.01,hardening:asymmetric:r015,5,0.582255421682218,5.0,2490.919714351119,1.0,,0.4732639092381659,5.0,,10000.000000000002,Catalog then correct,,2173.0990605445263,,,,,,moderate,2643.898095052544,1611.777492225002,0.5811655065577774,,,0.7425856663617152,4255.675587277546,0.0,,1.0,5811.655065577775,0.2643898095052543,0.1611777492225001,40015,,"[""R000"", ""R002"", ""R006"", ""C001"", ""C002""]","[""R000"", ""R002"", ""C000"", ""C001"", ""C002""]",,,3.0,,asymmetric,3167.756970525231,581.6481162216237,,676.8372561741119,1.0,4,2173.0990605445263,0.0,1005.5876814387212,47.32639092381661,5764.328674653958,5.277496870745772,671.5597593033661,7425.856663617153,2179.870987632576,990.3100887070312,3170.181076339607,0.7425856663617152,8,1611.7774922250019,1614.201598039378,-311.0487267185431,313.47283253291937,1.1368683772161603e-13
584.3466264723704,2.0,,3183.9642388539933,2,exp5:asymmetric:r015,,3.0,,1010.8078190502664,0.01,hardening:asymmetric:r015,5,0.6440997394925958,5.0,2330.9844944390006,1.0,,0.4732639092381659,5.0,,10000.000000000002,Catalog then correct,,1086.5495302722632,,,,,,moderate,3353.4143392669853,902.2612480105604,0.6423913811900515,,,0.7425856663617152,4255.675587277546,0.5,,2.0,6423.913811900514,0.3353414339266984,0.090226124801056,40015,,"[""R002"", ""R005"", ""R006"", ""C001"", ""C002""]","[""R000"", ""R002"", ""C000"", ""C001"", ""C002""]",,,3.0,,asymmetric,3070.4994726335285,426.4611925778961,,739.514978194528,1.0,3,2173.0990605445263,426.4611925778961,2092.1372117109845,47.32639092381661,6376.587420976697,5.277496870745772,734.2374813237823,7425.856663617153,2179.870987632576,990.3100887070312,3170.181076339607,0.7425856663617152,8,902.2612480105604,1001.9428517166389,-151.11350680642454,250.79511051250324,2.2737367544323206e-13
1366.8743908557933,6.0,,3183.9642388539933,2,exp5:asymmetric:r015,,3.0,,1366.8743908557933,0.01,hardening:asymmetric:r015,5,0.7425856663617152,8.0,2179.870987632576,1.0,,0.4732639092381659,5.0,,10000.000000000002,Catalog then correct,,0.0,,,,,,moderate,4233.369015581515,22.306571696030915,0.7398924487904797,,,0.7425856663617152,4255.675587277546,1.0,,3.0,7398.924487904797,0.4233369015581514,0.002230657169603,40015,,"[""L008"", ""L027"", ""L033"", ""R002"", ""R005"", ""R006"", ""R007"", ""C001""]","[""R000"", ""R002"", ""C000"", ""C001"", ""C002""]",,,3.0,,asymmetric,3165.555472323282,0.0,,985.6844846907064,1.0,2,2173.0990605445263,1360.1024637677438,3178.6867419832474,47.32639092381661,7351.598096980981,5.277496870745772,980.4069878199607,7425.856663617153,2179.870987632576,990.3100887070312,3170.181076339607,0.7425856663617152,8,22.306571696030915,26.932175712355274,0.0,4.625604016324814,4.547473508864641e-13
317.8206538065928,1.0,,3183.9642388539933,2,exp5:asymmetric:r015,,3.0,,899.4687700282165,0.1,hardening:asymmetric:r015,5,0.582255421682218,5.0,2490.919714351119,1.0,,0.4732639092381659,5.0,,10000.000000000002,Catalog then correct,,2173.0990605445263,,,,,,moderate,2559.3591492255828,1696.316438051963,0.5713562704378129,,,0.7425856663617152,4255.675587277546,0.0,,1.0,5713.562704378129,0.2559359149225582,0.1696316438051962,40015,,"[""R000"", ""R002"", ""R006"", ""C001"", ""C002""]","[""R000"", ""R002"", ""C000"", ""C001"", ""C002""]",,,3.0,,asymmetric,3154.203555152546,581.6481162216237,,663.2838408014268,1.0,4,2173.0990605445263,0.0,958.0902096020093,473.2639092381661,5240.298795139963,52.774968707457724,610.5088720939691,7425.856663617153,2179.870987632576,990.3100887070312,3170.181076339607,0.7425856663617152,8,1696.316438051963,1712.293959239024,-311.0487267185431,327.02624790560446,3.410605131648481e-13
584.3466264723704,2.0,,3183.9642388539933,2,exp5:asymmetric:r015,,3.0,,1010.8078190502664,0.1,hardening:asymmetric:r015,5,0.6440997394925958,5.0,2330.9844944390006,1.0,,0.4732639092381659,5.0,,10000.000000000002,Catalog then correct,,1086.5495302722632,,,,,,moderate,3218.9134821398134,1036.7621051377323,0.6270161564671529,,,0.7425856663617152,4255.675587277546,0.5,,2.0,6270.161564671528,0.3218913482139813,0.1036762105137732,40015,,"[""R002"", ""R005"", ""R006"", ""C001"", ""C002""]","[""R000"", ""R002"", ""C000"", ""C001"", ""C002""]",,,3.0,,asymmetric,3051.2480825317148,426.4611925778961,,720.2635880927141,1.0,3,2173.0990605445263,426.4611925778961,2044.6397398742727,473.2639092381661,5796.897655433362,52.774968707457724,667.4886193852565,7425.856663617153,2179.870987632576,990.3100887070312,3170.181076339607,0.7425856663617152,8,1036.7621051377323,1155.6950989456245,-151.11350680642454,270.0465006143171,3.410605131648481e-13
1392.0693285474638,5.0,,3183.9642388539933,2,exp5:asymmetric:r015,,3.0,,1392.0693285474638,0.1,hardening:asymmetric:r015,5,0.7534074488669897,7.0,2205.065925324246,1.0,,0.4732639092381659,5.0,,10000.000000000002,Catalog then correct,,0.0,,,,,,moderate,4096.636839818675,159.0387474588706,0.7253930949041074,,,0.7425856663617152,4255.675587277546,1.0,,3.0,7253.930949041074,0.4096636839818674,0.015903874745887,40015,,"[""L008"", ""R001"", ""R002"", ""R005"", ""R006"", ""R007"", ""C001""]","[""R000"", ""R002"", ""C000"", ""C001"", ""C002""]",,,3.0,,asymmetric,3157.294109222399,0.0,,952.2281838981532,1.0,2,2173.0990605445263,1360.1024637677438,3131.1892701465354,473.2639092381661,6780.667039802908,52.774968707457724,899.4532151906956,7425.856663617153,2179.870987632576,990.3100887070312,3170.181076339607,0.7425856663617152,8,159.0387474588706,171.92571457607846,-25.19493769167002,38.081904808877994,1.1368683772161603e-13
317.8206538065928,1.0,,3183.9642388539933,2,exp5:asymmetric:r015,,3.0,,899.4687700282165,0.25,hardening:asymmetric:r015,5,0.582255421682218,5.0,2490.919714351119,1.0,,0.4732639092381659,5.0,,10000.000000000002,Catalog then correct,,2173.0990605445263,,,,,,moderate,2418.460906180646,1837.2146810969,0.555007543571205,,,0.7425856663617152,4255.675587277546,0.0,,1.0,5550.07543571205,0.2418460906180645,0.1837214681096899,40015,,"[""R000"", ""R002"", ""R006"", ""C001"", ""C002""]","[""R000"", ""R002"", ""C000"", ""C001"", ""C002""]",,,3.0,,asymmetric,3131.6145295314045,581.6481162216237,,640.6948151802853,1.0,4,2173.0990605445263,0.0,878.9277565408227,1183.1597730954152,4366.915662616635,131.9374217686443,508.75739341164103,7425.856663617153,2179.870987632576,990.3100887070312,3170.181076339607,0.7425856663617152,8,1837.2146810968998,1875.7812279051022,-311.0487267185431,349.6152735267459,3.410605131648481e-13
584.3466264723704,2.0,,3183.9642388539933,2,exp5:asymmetric:r015,,3.0,,875.1706845831823,0.25,hardening:asymmetric:r015,5,0.6702302156516217,6.0,2466.621628906085,1.0,,0.4732639092381659,5.0,,10000.000000000002,Catalog then correct,,1086.5495302722632,,,,,,moderate,3025.9221516285843,1229.7534356489614,0.6209886390482577,,,0.7425856663617152,4255.675587277546,0.5,,1.0,6209.886390482578,0.3025922151628584,0.1229753435648961,40015,,"[""R000"", ""R002"", ""R005"", ""R006"", ""C001"", ""C002""]","[""R000"", ""R002"", ""C000"", ""C001"", ""C002""]",,,3.0,,asymmetric,3183.9642388539933,290.82405811081185,,717.3426099479084,1.0,4,2173.0990605445263,290.82405811081185,1965.477286813086,1183.1597730954152,5026.726617387162,131.9374217686443,585.4051881792641,7425.856663617153,2179.870987632576,990.3100887070312,3170.181076339607,0.7425856663617152,8,1229.7534356489614,1215.970273134575,-286.7506412735088,272.96747875912286,3.410605131648481e-13
1392.0693285474638,5.0,,3183.9642388539933,2,exp5:asymmetric:r015,,3.0,,1392.0693285474638,0.25,hardening:asymmetric:r015,5,0.7534074488669897,7.0,2205.065925324246,1.0,,0.4732639092381659,5.0,,10000.000000000002,Catalog then correct,,0.0,,,,,,moderate,3747.167946512703,508.507640764843,0.6833715639597837,,,0.7425856663617152,4255.675587277546,1.0,,3.0,6833.715639597839,0.3747167946512702,0.0508507640764842,40015,,"[""L008"", ""R001"", ""R002"", ""R005"", ""R006"", ""R007"", ""C001""]","[""R000"", ""R002"", ""C000"", ""C001"", ""C002""]",,,3.0,,asymmetric,3086.5476930851364,0.0,,881.4817677608905,1.0,2,2173.0990605445263,1360.1024637677438,3052.0268170853487,1183.1597730954152,5650.555866502424,131.9374217686443,749.5443459922462,7425.856663617153,2179.870987632576,990.3100887070312,3170.181076339607,0.7425856663617152,8,508.50764076484256,592.1410240193136,-25.19493769167002,108.8283209461407,-3.410605131648481e-13
0.0,0.0,,3173.152608497909,2,exp5:multi_hotspot:r015,,3.0,,0.0,0.0,hardening:multi_hotspot:r015,5,0.6782619383735445,7.0,2133.7423819671253,1.0,,0.6782619383735445,7.0,,9999.999999999998,Catalog then correct,,2133.7423819671253,,,,,,moderate,3730.545937347149,501.877639457633,0.6782619383735445,,,0.7401848884456208,4232.423576804782,0.0,,0.0,6782.619383735446,0.3730545937347149,0.0501877639457633,40015,,"[""L029"", ""R000"", ""R002"", ""R003"", ""R005"", ""R006"", ""C001""]","[""L029"", ""R000"", ""R002"", ""R003"", ""R005"", ""R006"", ""C001""]",,,3.0,,multi_hotspot,3052.073446388297,0.0,,918.3310644211716,1.0,7,2133.7423819671253,0.0,1039.4102265307838,0.0,6782.619383735446,0.0,918.3310644211716,7401.848884456208,2153.1732584551723,1016.2520491962532,3169.4253076514256,0.7401848884456208,7,501.877639457633,619.2295007207622,19.430876488047033,97.92098477508159,-5.684341886080801e-13
164.89362585785997,1.0,,3173.152608497909,2,exp5:multi_hotspot:r015,,3.0,,333.0094600897048,0.0,hardening:multi_hotspot:r015,5,0.6828481391557649,7.0,2130.5201735931405,1.0,,0.6782619383735445,7.0,,9999.999999999998,Catalog then correct,,1066.8711909835629,,,,,,moderate,3766.638145102901,465.78543170188095,0.6828481391557649,,,0.7401848884456208,4232.423576804782,0.5,,1.0,6828.48139155765,0.3766638145102902,0.0465785431701881,40015,,"[""L002"", ""L029"", ""R000"", ""R002"", ""R003"", ""R005"", ""C001""]","[""L029"", ""R000"", ""R002"", ""R003"", ""R005"", ""R006"", ""C001""]",,,3.0,,multi_hotspot,3061.8432464547486,168.1158342318448,,931.3230728616084,1.0,6,2133.7423819671253,168.11583423184481,2106.2814175143467,0.0,6828.48139155765,0.0,931.3230728616084,7401.848884456208,2153.1732584551723,1016.2520491962532,3169.4253076514256,0.7401848884456208,7,465.78543170188095,573.3674928985583,22.653084862031847,84.92897633464486,-6.821210263296962e-13
491.616277867848,2.0,,3173.152608497909,2,exp5:multi_hotspot:r015,,3.0,,491.616277867848,0.0,hardening:multi_hotspot:r015,5,0.7401848884456208,7.0,2153.1732584551723,1.0,,0.6782619383735445,7.0,,9999.999999999998,Catalog then correct,,0.0,,,,,,moderate,4232.423576804782,0.0,0.7401848884456208,,,0.7401848884456208,4232.423576804782,1.0,,2.0,7401.848884456208,0.4232423576804783,0.0,40015,,"[""L002"", ""R000"", ""R002"", ""R003"", ""R005"", ""R008"", ""C001""]","[""L029"", ""R000"", ""R002"", ""R003"", ""R005"", ""R006"", ""C001""]",,,3.0,,multi_hotspot,3169.4253076514256,0.0,,1016.2520491962532,1.0,5,2133.7423819671253,472.1854013798006,3173.152608497909,0.0,7401.848884456208,0.0,1016.2520491962532,7401.848884456208,2153.1732584551723,1016.2520491962532,3169.4253076514256,0.7401848884456208,7,0.0,0.0,0.0,0.0,0.0
0.0,0.0,,3173.152608497909,2,exp5:multi_hotspot:r015,,3.0,,0.0,0.01,hardening:multi_hotspot:r015,5,0.6782619383735445,7.0,2133.7423819671253,1.0,,0.6782619383735445,7.0,,9999.999999999998,Catalog then correct,,2133.7423819671253,,,,,,moderate,3730.545937347149,501.877639457633,0.6782619383735445,,,0.7401848884456208,4232.423576804782,0.0,,0.0,6782.619383735446,0.3730545937347149,0.0501877639457633,40015,,"[""L029"", ""R000"", ""R002"", ""R003"", ""R005"", ""R006"", ""C001""]","[""L029"", ""R000"", ""R002"", ""R003"", ""R005"", ""R006"", ""C001""]",,,3.0,,multi_hotspot,3052.073446388297,0.0,,918.3310644211714,1.0,7,2133.7423819671253,0.0,1030.226915886572,67.82619383735445,6714.793189898091,9.183310644211716,909.1477537769597,7401.848884456208,2153.1732584551723,1016.2520491962532,3169.4253076514256,0.7401848884456208,7,501.877639457633,619.2295007207622,19.430876488047033,97.92098477508182,-3.410605131648481e-13
164.89362585785997,1.0,,3173.152608497909,2,exp5:multi_hotspot:r015,,3.0,,333.0094600897048,0.01,hardening:multi_hotspot:r015,5,0.6828481391557649,7.0,2130.5201735931405,1.0,,0.6782619383735445,7.0,,9999.999999999998,Catalog then correct,,1066.8711909835629,,,,,,moderate,3766.309445109082,466.11413169570005,0.6828022771479427,,,0.7401848884456208,4232.423576804782,0.5,,1.0,6828.022771479426,0.3766309445109083,0.04661141316957,40015,,"[""L002"", ""L029"", ""R000"", ""R002"", ""R003"", ""R005"", ""C001""]","[""L029"", ""R000"", ""R002"", ""R003"", ""R005"", ""R006"", ""C001""]",,,3.0,,multi_hotspot,3061.7133263703445,168.1158342318448,,931.193152777204,1.0,6,2133.7423819671253,168.11583423184481,2097.098106870135,67.82619383735445,6760.196577642072,9.183310644211716,922.0098421329923,7401.848884456208,2153.1732584551723,1016.2520491962532,3169.4253076514256,0.7401848884456208,7,466.11413169570005,573.8261129767816,22.653084862031847,85.05889641904923,-4.547473508864641e-13
491.616277867848,2.0,,3173.152608497909,2,exp5:multi_hotspot:r015,,3.0,,491.616277867848,0.01,hardening:multi_hotspot:r015,5,0.7401848884456208,7.0,2153.1732584551723,1.0,,0.6782619383735445,7.0,,9999.999999999998,Catalog then correct,,0.0,,,,,,moderate,4227.210491645326,5.213085159455659,0.7395656589449001,,,0.7401848884456208,4232.423576804782,1.0,,2.0,7395.656589449,0.4227210491645327,0.0005213085159455,40015,,"[""L002"", ""R000"", ""R002"", ""R003"", ""R005"", ""R008"", ""C001""]","[""L029"", ""R000"", ""R002"", ""R003"", ""R005"", ""R006"", ""C001""]",,,3.0,,multi_hotspot,3168.4460978036745,0.0,,1015.2728393485024,1.0,5,2133.7423819671253,472.1854013798006,3163.9692978536973,67.82619383735445,7327.830395611646,9.183310644211716,1006.0895287042907,7401.848884456208,2153.1732584551723,1016.2520491962532,3169.4253076514256,0.7401848884456208,7,5.213085159455659,6.192295007207576,0.0,0.9792098477507807,-1.1368683772161603e-12
0.0,0.0,,3173.152608497909,2,exp5:multi_hotspot:r015,,3.0,,0.0,0.1,hardening:multi_hotspot:r015,5,0.6782619383735445,7.0,2133.7423819671253,1.0,,0.6782619383735445,7.0,,9999.999999999998,Catalog then correct,,2133.7423819671253,,,,,,moderate,3730.545937347149,501.877639457633,0.6782619383735445,,,0.7401848884456208,4232.423576804782,0.0,,0.0,6782.619383735446,0.3730545937347149,0.0501877639457633,40015,,"[""L029"", ""R000"", ""R002"", ""R003"", ""R005"", ""R006"", ""C001""]","[""L029"", ""R000"", ""R002"", ""R003"", ""R005"", ""R006"", ""C001""]",,,3.0,,multi_hotspot,3052.073446388297,0.0,,918.3310644211716,1.0,7,2133.7423819671253,0.0,947.5771200886667,678.2619383735446,6104.357445361901,91.83310644211717,826.4979579790545,7401.848884456208,2153.1732584551723,1016.2520491962532,3169.4253076514256,0.7401848884456208,7,501.877639457633,619.2295007207622,19.430876488047033,97.92098477508159,-5.684341886080801e-13
164.89362585785997,1.0,,3173.152608497909,2,exp5:multi_hotspot:r015,,3.0,,333.0094600897048,0.1,hardening:multi_hotspot:r015,5,0.6828481391557649,7.0,2130.5201735931405,1.0,,0.6782619383735445,7.0,,9999.999999999998,Catalog then correct,,1066.8711909835629,,,,,,moderate,3763.351145164724,469.0724316400583,0.6823895190775429,,,0.7401848884456208,4232.423576804782,0.5,,1.0,6823.895190775429,0.3763351145164724,0.0469072431640058,40015,,"[""L002"", ""L029"", ""R000"", ""R002"", ""R003"", ""R005"", ""C001""]","[""L029"", ""R000"", ""R002"", ""R003"", ""R005"", ""R006"", ""C001""]",,,3.0,,multi_hotspot,3060.5440456107053,168.1158342318448,,930.0238720175648,1.0,6,2133.7423819671253,168.11583423184481,2014.4483110722294,678.2619383735446,6145.633252401884,91.83310644211717,838.1907655754477,7401.848884456208,2153.1732584551723,1016.2520491962532,3169.4253076514256,0.7401848884456208,7,469.07243164005786,577.953693680779,22.653084862031847,86.22817717868838,-9.094947017729282e-13
491.616277867848,2.0,,3173.152608497909,2,exp5:multi_hotspot:r015,,3.0,,491.616277867848,0.1,hardening:multi_hotspot:r015,5,0.7401848884456208,7.0,2153.1732584551723,1.0,,0.6782619383735445,7.0,,9999.999999999998,Catalog then correct,,0.0,,,,,,moderate,4180.292725210215,52.1308515945675,0.7339925934384132,,,0.7401848884456208,4232.423576804782,1.0,,2.0,7339.925934384131,0.4180292725210215,0.0052130851594567,40015,,"[""L002"", ""R000"", ""R002"", ""R003"", ""R005"", ""R008"", ""C001""]","[""L029"", ""R000"", ""R002"", ""R003"", ""R005"", ""R006"", ""C001""]",,,3.0,,multi_hotspot,3159.6332091739173,0.0,,1006.4599507187452,1.0,5,2133.7423819671253,472.1854013798006,3081.319502055792,678.2619383735446,6661.663996010587,91.83310644211717,914.626844276628,7401.848884456208,2153.1732584551723,1016.2520491962532,3169.4253076514256,0.7401848884456208,7,52.13085159456659,61.922950072076674,0.0,9.792098477508034,-2.0463630789890885e-12
0.0,0.0,,3173.152608497909,2,exp5:multi_hotspot:r015,,3.0,,0.0,0.25,hardening:multi_hotspot:r015,5,0.6782619383735445,7.0,2133.7423819671253,1.0,,0.6782619383735445,7.0,,9999.999999999998,Catalog then correct,,2133.7423819671253,,,,,,moderate,3730.545937347149,501.877639457633,0.6782619383735445,,,0.7401848884456208,4232.423576804782,0.0,,0.0,6782.619383735446,0.3730545937347149,0.0501877639457633,40015,,"[""L029"", ""R000"", ""R002"", ""R003"", ""R005"", ""R006"", ""C001""]","[""L029"", ""R000"", ""R002"", ""R003"", ""R005"", ""R006"", ""C001""]",,,3.0,,multi_hotspot,3052.073446388297,0.0,,918.3310644211716,1.0,7,2133.7423819671253,0.0,809.8274604254909,1695.6548459338615,5086.964537801585,229.5827661052929,688.7482983158787,7401.848884456208,2153.1732584551723,1016.2520491962532,3169.4253076514256,0.7401848884456208,7,501.877639457633,619.2295007207622,19.430876488047033,97.92098477508159,-5.684341886080801e-13
164.89362585785997,1.0,,3173.152608497909,2,exp5:multi_hotspot:r015,,3.0,,333.0094600897048,0.25,hardening:multi_hotspot:r015,5,0.6828481391557649,7.0,2130.5201735931405,1.0,,0.6782619383735445,7.0,,9999.999999999998,Catalog then correct,,1066.8711909835629,,,,,,moderate,3758.420645257459,474.002931547323,0.6817015889602098,,,0.7401848884456208,4232.423576804782,0.5,,1.0,6817.0158896020985,0.375842064525746,0.0474002931547323,40015,,"[""L002"", ""L029"", ""R000"", ""R002"", ""R003"", ""R005"", ""C001""]","[""L029"", ""R000"", ""R002"", ""R003"", ""R005"", ""R006"", ""C001""]",,,3.0,,multi_hotspot,3058.5952443446395,168.1158342318448,,928.0750707514992,1.0,6,2133.7423819671253,168.11583423184481,1876.6986514090538,1695.6548459338615,5121.3610436682375,229.5827661052929,698.4923046462063,7401.848884456208,2153.1732584551723,1016.2520491962532,3169.4253076514256,0.7401848884456208,7,474.002931547323,584.8329948541095,22.653084862031847,88.17697844475401,-6.821210263296962e-13
326.722652009988,1.0,,3173.152608497909,2,exp5:multi_hotspot:r015,,3.0,,326.722652009988,0.25,hardening:multi_hotspot:r015,5,0.736531190594229,7.0,2124.2333655134235,1.0,,0.6782619383735445,7.0,,9999.999999999998,Catalog then correct,,0.0,,,,,,moderate,4106.868169632754,125.55540717202804,0.7219638775390579,,,0.7401848884456208,4232.423576804782,1.0,,1.0,7219.638775390578,0.4106868169632754,0.0125555407172028,40015,,"[""L029"", ""R000"", ""R002"", ""R003"", ""R005"", ""R008"", ""C001""]","[""L029"", ""R000"", ""R002"", ""R003"", ""R005"", ""R006"", ""C001""]",,,3.0,,multi_hotspot,3112.7706057578243,0.0,,988.5372402444008,1.0,6,2133.7423819671253,336.23166846368963,2943.569842392616,1695.6548459338615,5523.983929456717,229.5827661052929,758.9544741391079,7401.848884456208,2153.1732584551723,1016.2520491962532,3169.4253076514256,0.7401848884456208,7,125.55540717202803,182.2101090656297,28.939892941748894,27.714808951852433,-3.410605131648481e-13
0.0,0.0,,3157.5449359068625,2,exp5:regular:r015,,3.0,,0.0,0.0,hardening:regular:r015,5,0.5905436544588097,7.0,2284.582416020416,1.0,,0.5905436544588097,7.0,,9999.999999999998,Catalog then correct,,2284.582416020416,,,,,,moderate,2887.17691525188,1097.7352928027567,0.5905436544588097,,,0.71424571439615,3984.9122080546367,0.0,,0.0,5905.436544588098,0.288717691525188,0.1097735292802756,40015,,"[""R000"", ""R001"", ""R004"", ""R005"", ""R006"", ""R008"", ""C000""]","[""R000"", ""R001"", ""R004"", ""R005"", ""R006"", ""R008"", ""C000""]",,,3.0,,regular,3018.2596293362176,0.0,,733.6772133158021,1.0,7,2284.582416020416,0.0,872.9625198864464,0.0,5905.436544588098,0.0,733.6772133158021,7142.457143961499,2121.7478636443047,1035.797072262558,3157.5449359068625,0.71424571439615,9,1097.7352928027567,1237.0205993734016,-162.83455237611133,302.1198589467559,-3.410605131648481e-13
271.86299680163813,2.0,,3157.5449359068625,2,exp5:regular:r015,,3.0,,536.3509341389924,0.0,hardening:regular:r015,5,0.6161259038753644,8.0,2291.9574754846994,1.0,,0.5905436544588097,7.0,,9999.999999999998,Catalog then correct,,1142.2912080102078,,,,,,moderate,3003.7141028467813,981.1981052078554,0.6161259038753644,,,0.71424571439615,3984.9122080546367,0.5,,1.0,6161.259038753644,0.3003714102846782,0.0981198105207855,40015,,"[""L004"", ""L009"", ""R000"", ""R001"", ""R004"", ""R005"", ""R006"", ""R008""]","[""R000"", ""R001"", ""R004"", ""R005"", ""R006"", ""R008"", ""C000""]",,,3.0,,regular,3157.5449359068625,264.4879373373544,,865.587460422163,1.0,6,2284.582416020416,264.48793733735437,2015.2537278966545,0.0,6161.259038753644,0.0,865.587460422163,7142.457143961499,2121.7478636443047,1035.797072262558,3157.5449359068625,0.71424571439615,9,981.1981052078554,981.1981052078554,-170.2096118403947,170.20961184039504,3.410605131648481e-13
1233.46805302451,6.0,,3157.5449359068625,2,exp5:regular:r015,,3.0,,1233.46805302451,0.0,hardening:regular:r015,5,0.71424571439615,9.0,2121.7478636443047,1.0,,0.5905436544588097,7.0,,9999.999999999998,Catalog then correct,,0.0,,,,,,moderate,3984.9122080546367,0.0,0.71424571439615,,,0.71424571439615,3984.9122080546367,1.0,,4.0,7142.457143961499,0.3984912208054637,0.0,40015,,"[""L004"", ""L009"", ""L013"", ""L028"", ""L035"", ""R001"", ""R004"", ""R008"", ""C001""]","[""R000"", ""R001"", ""R004"", ""R005"", ""R006"", ""R008"", ""C000""]",,,3.0,,regular,3157.5449359068625,0.0,,1035.797072262558,1.0,3,2284.582416020416,1396.3026054006207,3157.5449359068625,0.0,7142.457143961499,0.0,1035.797072262558,7142.457143961499,2121.7478636443047,1035.797072262558,3157.5449359068625,0.71424571439615,9,0.0,0.0,0.0,0.0,0.0
0.0,0.0,,3157.5449359068625,2,exp5:regular:r015,,3.0,,0.0,0.01,hardening:regular:r015,5,0.5905436544588097,7.0,2284.582416020416,1.0,,0.5905436544588097,7.0,,9999.999999999998,Catalog then correct,,2284.582416020416,,,,,,moderate,2887.176915251879,1097.7352928027576,0.5905436544588097,,,0.71424571439615,3984.9122080546367,0.0,,0.0,5905.436544588097,0.2887176915251879,0.1097735292802757,40015,,"[""R000"", ""R001"", ""R004"", ""R005"", ""R006"", ""R008"", ""C000""]","[""R000"", ""R001"", ""R004"", ""R005"", ""R006"", ""R008"", ""C000""]",,,3.0,,regular,3018.2596293362176,0.0,,733.6772133158021,1.0,7,2284.582416020416,0.0,865.6257477532885,59.054365445880975,5846.382179142216,7.336772133158021,726.3404411826441,7142.457143961499,2121.7478636443047,1035.797072262558,3157.5449359068625,0.71424571439615,9,1097.7352928027576,1237.0205993734025,-162.83455237611133,302.1198589467559,-3.410605131648481e-13
271.86299680163813,2.0,,3157.5449359068625,2,exp5:regular:r015,,3.0,,536.3509341389924,0.01,hardening:regular:r015,5,0.6168224243636868,8.0,2291.9574754846994,1.0,,0.5905436544588097,7.0,,9999.999999999998,Catalog then correct,,1142.2912080102078,,,,,,moderate,3008.0514307395183,976.8607773151184,0.6165596366646381,,,0.71424571439615,3984.9122080546367,0.5,,1.0,6165.59636664638,0.3008051430739519,0.0976860777315118,40015,,"[""L004"", ""L009"", ""R000"", ""R001"", ""R004"", ""R005"", ""R006"", ""R008""]","[""R000"", ""R001"", ""R004"", ""R005"", ""R006"", ""R008"", ""C000""]",,,3.0,,regular,3157.544935906862,264.4879373373544,,865.5874604221627,1.0,6,2284.582416020416,264.48793733735437,2007.9169557634964,59.054365445880975,6106.5420012005,7.336772133158021,858.2506882890048,7142.457143961499,2121.7478636443047,1035.797072262558,3157.5449359068625,0.71424571439615,9,976.8607773151184,976.8607773151189,-170.2096118403947,170.20961184039527,1.1368683772161603e-13
1233.46805302451,6.0,,3157.5449359068625,2,exp5:regular:r015,,3.0,,1233.46805302451,0.01,hardening:regular:r015,5,0.715568896175136,9.0,2121.7478636443047,1.0,,0.5905436544588097,7.0,,9999.999999999998,Catalog then correct,,0.0,,,,,,moderate,3985.641501672864,-0.7292936182275298,0.7143186437579727,,,0.71424571439615,3984.9122080546367,1.0,,4.0,7143.186437579728,0.3985641501672865,-7.2929361822753e-05,40015,,"[""L004"", ""L009"", ""L013"", ""L028"", ""L035"", ""R001"", ""R004"", ""R008"", ""C001""]","[""R000"", ""R001"", ""R004"", ""R005"", ""R006"", ""R008"", ""C000""]",,,3.0,,regular,3157.5449359068634,0.0,,1035.7970722625585,1.0,3,2284.582416020416,1396.3026054006207,3150.2081637737047,59.054365445880975,7084.132072133847,7.336772133158021,1028.4603001294004,7142.457143961499,2121.7478636443047,1035.797072262558,3157.5449359068625,0.71424571439615,9,-0.7292936182270751,-0.7292936182284393,0.0,-4.547473508864641e-13,9.094947017729282e-13
0.0,0.0,,3157.5449359068625,2,exp5:regular:r015,,3.0,,0.0,0.1,hardening:regular:r015,5,0.5905436544588097,7.0,2284.582416020416,1.0,,0.5905436544588097,7.0,,9999.999999999998,Catalog then correct,,2284.582416020416,,,,,,moderate,2887.17691525188,1097.7352928027567,0.5905436544588097,,,0.71424571439615,3984.9122080546367,0.0,,0.0,5905.436544588098,0.288717691525188,0.1097735292802756,40015,,"[""R000"", ""R001"", ""R004"", ""R005"", ""R006"", ""R008"", ""C000""]","[""R000"", ""R001"", ""R004"", ""R005"", ""R006"", ""R008"", ""C000""]",,,3.0,,regular,3018.2596293362176,0.0,,733.6772133158022,1.0,7,2284.582416020416,0.0,799.5947985548662,590.5436544588098,5314.8928901292875,73.36772133158021,660.309491984222,7142.457143961499,2121.7478636443047,1035.797072262558,3157.5449359068625,0.71424571439615,9,1097.7352928027567,1237.0205993734016,-162.83455237611133,302.1198589467558,-4.547473508864641e-13
271.86299680163813,2.0,,3157.5449359068625,2,exp5:regular:r015,,3.0,,536.3509341389924,0.1,hardening:regular:r015,5,0.623787629246912,8.0,2291.9574754846994,1.0,,0.5905436544588097,7.0,,9999.999999999998,Catalog then correct,,1142.2912080102078,,,,,,moderate,3047.087381774156,937.8248262804808,0.6204632317681018,,,0.71424571439615,3984.9122080546367,0.5,,1.0,6204.632317681018,0.3047087381774156,0.0937824826280481,40015,,"[""L004"", ""L009"", ""R000"", ""R001"", ""R004"", ""R005"", ""R006"", ""R008""]","[""R000"", ""R001"", ""R004"", ""R005"", ""R006"", ""R008"", ""C000""]",,,3.0,,regular,3157.5449359068625,264.4879373373544,,865.5874604221628,1.0,6,2284.582416020416,264.48793733735437,1941.8860065650742,590.5436544588098,5614.088663222208,73.36772133158021,792.2197390905826,7142.457143961499,2121.7478636443047,1035.797072262558,3157.5449359068625,0.71424571439615,9,937.8248262804809,937.8248262804809,-170.2096118403947,170.20961184039516,4.547473508864641e-13
1266.852136119478,6.0,,3157.5449359068625,2,exp5:regular:r015,,3.0,,1266.852136119478,0.1,hardening:regular:r015,5,0.7202322379685011,9.0,2155.1319467392727,1.0,,0.5905436544588097,7.0,,9999.999999999998,Catalog then correct,,0.0,,,,,,moderate,3918.136361952309,66.7758461023277,0.7072633796175319,,,0.71424571439615,3984.9122080546367,1.0,,4.0,7072.63379617532,0.3918136361952309,0.0066775846102327,40015,,"[""L004"", ""L009"", ""L013"", ""L026"", ""L035"", ""R001"", ""R004"", ""R008"", ""C001""]","[""R000"", ""R001"", ""R004"", ""R005"", ""R006"", ""R008"", ""C000""]",,,3.0,,regular,3154.4974342230107,0.0,,999.365487483738,1.0,3,2284.582416020416,1396.3026054006207,3084.1772145752825,590.5436544588098,6482.09014171651,73.36772133158021,925.9977661521577,7142.457143961499,2121.7478636443047,1035.797072262558,3157.5449359068625,0.71424571439615,9,66.7758461023277,69.82334778617951,-33.38408309496799,36.431584778820024,2.2737367544323206e-13
0.0,0.0,,3157.5449359068625,2,exp5:regular:r015,,3.0,,0.0,0.25,hardening:regular:r015,5,0.5905436544588097,7.0,2284.582416020416,1.0,,0.5905436544588097,7.0,,9999.999999999998,Catalog then correct,,2284.582416020416,,,,,,moderate,2887.17691525188,1097.7352928027567,0.5905436544588097,,,0.71424571439615,3984.9122080546367,0.0,,0.0,5905.436544588098,0.288717691525188,0.1097735292802756,40015,,"[""R000"", ""R001"", ""R004"", ""R005"", ""R006"", ""R008"", ""C000""]","[""R000"", ""R001"", ""R004"", ""R005"", ""R006"", ""R008"", ""C000""]",,,3.0,,regular,3018.2596293362176,0.0,,733.6772133158021,1.0,7,2284.582416020416,0.0,689.543216557496,1476.3591361470244,4429.077408441073,183.41930332895052,550.2579099868516,7142.457143961499,2121.7478636443047,1035.797072262558,3157.5449359068625,0.71424571439615,9,1097.7352928027567,1237.0205993734016,-162.83455237611133,302.1198589467559,-3.410605131648481e-13
270.73241896754223,2.0,,3157.5449359068625,2,exp5:regular:r015,,3.0,,535.2203563048965,0.25,hardening:regular:r015,5,0.631319634353678,8.0,2290.8268976506038,1.0,,0.5905436544588097,7.0,,9999.999999999998,Catalog then correct,,1142.2912080102078,,,,,,moderate,3056.889213169962,928.0229948846744,0.6211256393799609,,,0.71424571439615,3984.9122080546367,0.5,,1.0,6211.256393799609,0.3056889213169962,0.0928022994884674,40015,,"[""L009"", ""L013"", ""R000"", ""R001"", ""R004"", ""R005"", ""R006"", ""R008""]","[""R000"", ""R001"", ""R004"", ""R005"", ""R006"", ""R008"", ""C000""]",,,3.0,,regular,3154.367180629647,264.4879373373544,,863.5402829790437,1.0,6,2284.582416020416,264.48793733735437,1831.834424567704,1476.3591361470244,4734.897257652585,183.41930332895052,680.1209796500932,7142.457143961499,2121.7478636443047,1035.797072262558,3157.5449359068625,0.71424571439615,9,928.0229948846745,931.20075016189,-169.07903400629903,172.2567892835143,-2.2737367544323206e-13
1233.46805302451,6.0,,3157.5449359068625,2,exp5:regular:r015,,3.0,,1233.46805302451,0.25,hardening:regular:r015,5,0.7180554703621811,9.0,2121.7478636443047,1.0,,0.5905436544588097,7.0,,9999.999999999998,Catalog then correct,,0.0,,,,,,moderate,3773.169636537889,211.74257151674735,0.6861775163863383,,,0.71424571439615,3984.9122080546367,1.0,,4.0,6861.775163863382,0.377316963653789,0.0211742571516747,40015,,"[""L004"", ""L009"", ""L013"", ""L028"", ""L035"", ""R001"", ""R004"", ""R008"", ""C001""]","[""R000"", ""R001"", ""R004"", ""R005"", ""R006"", ""R008"", ""C000""]",,,3.0,,regular,3088.6055273254924,0.0,,966.8576636811874,1.0,3,2284.582416020416,1396.3026054006207,2974.125632577912,1476.3591361470244,5385.416027716357,183.41930332895052,783.4383603522369,7142.457143961499,2121.7478636443047,1035.797072262558,3157.5449359068625,0.71424571439615,9,211.74257151674783,280.6819800981175,0.0,68.93940858137057,9.094947017729282e-13
138.44602581703217,1.0,,3191.431769562457,2,exp5:asymmetric:r016,,3.0,,138.44602581703217,0.0,hardening:asymmetric:r016,5,0.7008249574789046,7.0,2395.1979936635075,1.0,,0.674248537525143,6.0,,10000.000000000004,Catalog then correct,,2256.7519678464755,,,,,,moderate,3816.817805226589,867.9282393565668,0.7008249574789046,,,0.7875976286559998,4684.746044583156,0.0,,0.0,7008.249574789046,0.3816817805226588,0.0867928239356566,40016,,"[""L030"", ""R002"", ""R004"", ""R007"", ""R008"", ""C000"", ""C001""]","[""R002"", ""R004"", ""R007"", ""R008"", ""C000"", ""C001""]",,,3.0,,asymmetric,3191.431769562457,0.0,,796.2337758989497,1.0,6,2256.7519678464755,0.0,934.6798017159813,0.0,7008.249574789046,0.0,796.2337758989497,7875.97628656,2262.9038306797256,928.3264112971182,3191.230241976844,0.7875976286559998,7,867.9282393565668,867.7267117709534,-132.29416298378192,132.09263539816845,-1.1368683772161603e-13
159.49379980466637,1.0,,3191.431769562457,2,exp5:asymmetric:r016,,3.0,,298.94456032199093,0.0,hardening:asymmetric:r016,5,0.7206734555134267,6.0,2276.7950071338173,1.0,,0.674248537525143,6.0,,10000.000000000004,Catalog then correct,,1128.3759839232378,,,,,,moderate,4098.343761358592,586.4022832245637,0.7206734555134267,,,0.7875976286559998,4684.746044583156,0.5,,1.0,7206.734555134267,0.409834376135859,0.0586402283224563,40016,,"[""L025"", ""R004"", ""R007"", ""R008"", ""C000"", ""C001""]","[""R002"", ""R004"", ""R007"", ""R008"", ""C000"", ""C001""]",,,3.0,,asymmetric,3108.3907937756744,139.45076051732454,,831.5957866418571,1.0,5,2256.7519678464755,139.45076051732454,2063.055785639219,0.0,7206.734555134267,0.0,831.5957866418571,7875.97628656,2262.9038306797256,928.3264112971182,3191.230241976844,0.7875976286559998,7,586.4022832245637,669.2417314257327,-13.891176454091692,96.73062465526107,3.410605131648481e-13
618.1734214264699,3.0,,3191.431769562457,2,exp5:asymmetric:r016,,3.0,,618.1734214264699,0.0,hardening:asymmetric:r016,5,0.7875976286559998,7.0,2262.9038306797256,1.0,,0.674248537525143,6.0,,10000.000000000004,Catalog then correct,,0.0,,,,,,moderate,4684.746044583156,0.0,0.7875976286559998,,,0.7875976286559998,4684.746044583156,1.0,,2.0,7875.97628656,0.4684746044583154,0.0,40016,,"[""L008"", ""L030"", ""R001"", ""R004"", ""R007"", ""C000"", ""C001""]","[""R002"", ""R004"", ""R007"", ""R008"", ""C000"", ""C001""]",,,3.0,,asymmetric,3191.230241976844,0.0,,928.3264112971182,1.0,4,2256.7519678464755,612.0215585932197,3191.431769562457,0.0,7875.97628656,0.0,928.3264112971182,7875.97628656,2262.9038306797256,928.3264112971182,3191.230241976844,0.7875976286559998,7,0.0,0.0,0.0,0.0,0.0
138.44602581703217,1.0,,3191.431769562457,2,exp5:asymmetric:r016,,3.0,,138.44602581703217,0.01,hardening:asymmetric:r016,5,0.7010715824317877,7.0,2395.1979936635075,1.0,,0.674248537525143,6.0,,10000.000000000004,Catalog then correct,,2256.7519678464755,,,,,,moderate,3816.601750264754,868.1442943184011,0.7008033519827213,,,0.7875976286559998,4684.746044583156,0.0,,0.0,7008.033519827211,0.3816601750264753,0.08681442943184,40016,,"[""L030"", ""R002"", ""R004"", ""R007"", ""R008"", ""C000"", ""C001""]","[""R002"", ""R004"", ""R007"", ""R008"", ""C000"", ""C001""]",,,3.0,,asymmetric,3191.431769562457,0.0,,796.2337758989494,1.0,6,2256.7519678464755,0.0,927.1873674999891,67.4248537525143,6940.608666074697,7.492434215992114,788.7413416829572,7875.97628656,2262.9038306797256,928.3264112971182,3191.230241976844,0.7875976286559998,7,868.1442943184015,867.9427667327882,-132.29416298378192,132.0926353981688,2.2737367544323206e-13
159.49379980466637,1.0,,3191.431769562457,2,exp5:asymmetric:r016,,3.0,,298.94456032199093,0.01,hardening:asymmetric:r016,5,0.7206734555134267,6.0,2276.7950071338173,1.0,,0.674248537525143,6.0,,10000.000000000004,Catalog then correct,,1128.3759839232378,,,,,,moderate,4094.52479321019,590.2212513729655,0.7202092063335438,,,0.7875976286559998,4684.746044583156,0.5,,1.0,7202.092063335438,0.4094524793210188,0.0590221251372965,40016,,"[""L025"", ""R004"", ""R007"", ""R008"", ""C000"", ""C001""]","[""R002"", ""R004"", ""R007"", ""R008"", ""C000"", ""C001""]",,,3.0,,asymmetric,3107.567270125248,139.45076051732454,,830.7722629914305,1.0,5,2256.7519678464755,139.45076051732454,2055.563351423227,67.4248537525143,7134.6672095829235,7.492434215992114,823.2798287754383,7875.97628656,2262.9038306797256,928.3264112971182,3191.230241976844,0.7875976286559998,7,590.2212513729655,673.8842232245615,-13.891176454091692,97.5541483056877,0.0
618.1734214264699,3.0,,3191.431769562457,2,exp5:asymmetric:r016,,3.0,,618.1734214264699,0.01,hardening:asymmetric:r016,5,0.7875976286559998,7.0,2262.9038306797256,1.0,,0.674248537525143,6.0,,10000.000000000004,Catalog then correct,,0.0,,,,,,moderate,4675.201965367049,9.544079216107091,0.7864641377446913,,,0.7875976286559998,4684.746044583156,1.0,,2.0,7864.641377446913,0.4675201965367047,0.0009544079216107,40016,,"[""L008"", ""L030"", ""R001"", ""R004"", ""R007"", ""C000"", ""C001""]","[""R002"", ""R004"", ""R007"", ""R008"", ""C000"", ""C001""]",,,3.0,,asymmetric,3189.4394120798647,0.0,,926.535581400139,1.0,4,2256.7519678464755,612.0215585932197,3183.9393353464648,67.4248537525143,7797.216523694398,7.492434215992114,919.0431471841468,7875.97628656,2262.9038306797256,928.3264112971182,3191.230241976844,0.7875976286559998,7,9.544079216107093,11.334909113086724,0.0,1.7908298969791758,-4.547473508864641e-13
138.44602581703217,1.0,,3191.431769562457,2,exp5:asymmetric:r016,,3.0,,138.44602581703217,0.1,hardening:asymmetric:r016,5,0.7035378319606206,7.0,2395.1979936635075,1.0,,0.674248537525143,6.0,,10000.000000000004,Catalog then correct,,2256.7519678464755,,,,,,moderate,3814.657255608271,870.0887889748851,0.7006089025170729,,,0.7875976286559998,4684.746044583156,0.0,,0.0,7006.089025170728,0.3814657255608269,0.0870088788974884,40016,,"[""L030"", ""R002"", ""R004"", ""R007"", ""R008"", ""C000"", ""C001""]","[""R002"", ""R004"", ""R007"", ""R008"", ""C000"", ""C001""]",,,3.0,,asymmetric,3191.431769562457,0.0,,796.2337758989496,1.0,6,2256.7519678464755,0.0,859.7554595560601,674.2485375251431,6331.840487645584,74.92434215992114,721.3094337390285,7875.97628656,2262.9038306797256,928.3264112971182,3191.230241976844,0.7875976286559998,7,870.0887889748847,869.8872613892718,-132.29416298378192,132.09263539816857,-4.547473508864641e-13
159.49379980466637,1.0,,3191.431769562457,2,exp5:asymmetric:r016,,3.0,,298.94456032199093,0.1,hardening:asymmetric:r016,5,0.7206734555134267,6.0,2276.7950071338173,1.0,,0.674248537525143,6.0,,10000.000000000004,Catalog then correct,,1128.3759839232378,,,,,,moderate,4060.1540798745737,624.591964708582,0.7160309637145983,,,0.7875976286559998,4684.746044583156,0.5,,1.0,7160.309637145983,0.4060154079874572,0.0624591964708581,40016,,"[""L025"", ""R004"", ""R007"", ""R008"", ""C000"", ""C001""]","[""R002"", ""R004"", ""R007"", ""R008"", ""C000"", ""C001""]",,,3.0,,asymmetric,3100.1555572714096,139.45076051732454,,823.3605501375924,1.0,5,2256.7519678464755,139.45076051732454,1988.1314434792976,674.2485375251431,6486.06109962084,74.92434215992114,748.4362079776713,7875.97628656,2262.9038306797256,928.3264112971182,3191.230241976844,0.7875976286559998,7,624.591964708582,715.6666494140163,-13.891176454091692,104.96586115952573,-2.2737367544323206e-13
635.9127893888308,3.0,,3191.431769562457,2,exp5:asymmetric:r016,,3.0,,635.9127893888308,0.1,hardening:asymmetric:r016,5,0.7928825739034528,7.0,2280.643198642086,1.0,,0.674248537525143,6.0,,10000.000000000004,Catalog then correct,,0.0,,,,,,moderate,4620.331124765812,64.41491981734362,0.7810191702656218,,,0.7875976286559998,4684.746044583156,1.0,,2.0,7810.191702656219,0.462033112476581,0.0064414919817343,40016,,"[""L025"", ""L030"", ""R001"", ""R004"", ""R007"", ""C000"", ""C001""]","[""R002"", ""R004"", ""R007"", ""R008"", ""C000"", ""C001""]",,,3.0,,asymmetric,3189.8605778904066,0.0,,909.2173792483198,1.0,4,2256.7519678464755,612.0215585932197,3116.5074274025355,674.2485375251431,7135.943165131075,74.92434215992114,834.2930370883987,7875.97628656,2262.9038306797256,928.3264112971182,3191.230241976844,0.7875976286559998,7,64.41491981734362,65.78458390378091,-17.739367962360575,19.109032048798326,4.547473508864641e-13
138.44602581703217,1.0,,3191.431769562457,2,exp5:asymmetric:r016,,3.0,,138.44602581703217,0.25,hardening:asymmetric:r016,5,0.7089635809240526,7.0,2395.1979936635075,1.0,,0.674248537525143,6.0,,10000.000000000004,Catalog then correct,,2256.7519678464755,,,,,,moderate,3811.4164311807954,873.3296134023603,0.7002848200743252,,,0.7875976286559998,4684.746044583156,0.0,,0.0,7002.848200743252,0.3811416431180794,0.087332961340236,40016,,"[""L030"", ""R002"", ""R004"", ""R007"", ""R008"", ""C000"", ""C001""]","[""R002"", ""R004"", ""R007"", ""R008"", ""C000"", ""C001""]",,,3.0,,asymmetric,3191.431769562457,0.0,,796.2337758989495,1.0,6,2256.7519678464755,0.0,747.3689463161784,1685.6213438128575,5317.226856930394,187.31085539980285,608.9229204991466,7875.97628656,2262.9038306797256,928.3264112971182,3191.230241976844,0.7875976286559998,7,873.3296134023603,873.1280858167474,-132.29416298378192,132.09263539816868,-3.410605131648481e-13
159.49379980466637,1.0,,3191.431769562457,2,exp5:asymmetric:r016,,3.0,,298.94456032199093,0.25,hardening:asymmetric:r016,5,0.7206734555134267,6.0,2276.7950071338173,1.0,,0.674248537525143,6.0,,10000.000000000004,Catalog then correct,,1128.3759839232378,,,,,,moderate,4002.869557648544,681.8764869346114,0.7090672260163557,,,0.7875976286559998,4684.746044583156,0.5,,1.0,7090.672260163557,0.4002869557648543,0.0681876486934611,40016,,"[""L025"", ""R004"", ""R007"", ""R008"", ""C000"", ""C001""]","[""R002"", ""R004"", ""R007"", ""R008"", ""C000"", ""C001""]",,,3.0,,asymmetric,3087.802702515013,139.45076051732454,,811.0076953811956,1.0,5,2256.7519678464755,139.45076051732454,1875.744930239416,1685.6213438128575,5405.0509163506995,187.31085539980285,623.6968399813927,7875.97628656,2262.9038306797256,928.3264112971182,3191.230241976844,0.7875976286559998,7,681.8764869346119,785.3040263964422,-13.891176454091692,117.31871591592255,5.684341886080801e-13
639.2211954141042,3.0,,3191.431769562457,2,exp5:asymmetric:r016,,3.0,,639.2211954141042,0.25,hardening:asymmetric:r016,5,0.7996522623347095,7.0,2283.95160466736,1.0,,0.674248537525143,6.0,,10000.000000000004,Catalog then correct,,0.0,,,,,,moderate,4503.129839982421,181.6162046007348,0.7683013311323179,,,0.7875976286559998,4684.746044583156,1.0,,2.0,7683.013311323179,0.4503129839982419,0.0181616204600734,40016,,"[""L008"", ""L025"", ""R001"", ""R004"", ""R007"", ""C000"", ""C001""]","[""R002"", ""R004"", ""R007"", ""R008"", ""C000"", ""C001""]",,,3.0,,asymmetric,3179.8834713407578,0.0,,895.9318666733977,1.0,4,2256.7519678464755,612.0215585932197,3004.120914162654,1685.6213438128575,5997.391967510321,187.31085539980285,708.6210112735948,7875.97628656,2262.9038306797256,928.3264112971182,3191.230241976844,0.7875976286559998,7,181.61620460073482,192.96297523682097,-21.047773987634173,32.394544623720435,1.1368683772161603e-13
0.0,0.0,,3177.084552498707,2,exp5:multi_hotspot:r016,,3.0,,0.0,0.0,hardening:multi_hotspot:r016,5,0.6916101672479752,6.0,2229.19785142334,1.0,,0.6916101672479752,6.0,,10000.0,Catalog then correct,,2229.19785142334,,,,,,moderate,3837.218181859479,395.7645180616464,0.6916101672479752,,,0.7267511885495074,4232.9826999211255,0.0,,0.0,6916.101672479753,0.3837218181859479,0.0395764518061646,40016,,"[""L023"", ""R004"", ""R006"", ""R008"", ""C001"", ""C002""]","[""L023"", ""R004"", ""R006"", ""R008"", ""C001"", ""C002""]",,,3.0,,multi_hotspot,3078.8834906202737,0.0,,849.6856391969338,1.0,6,2229.19785142334,0.0,947.886701075367,0.0,6916.101672479753,0.0,849.6856391969338,7267.511885495075,2071.547501494323,962.981684079627,3034.52918557395,0.7267511885495074,6,395.7645180616464,351.41021301532237,-157.650349929017,113.2960448826932,2.2737367544323206e-13
0.0,0.0,,3177.084552498707,2,exp5:multi_hotspot:r016,,3.0,,0.0,0.0,hardening:multi_hotspot:r016,5,0.6916101672479752,6.0,2229.19785142334,1.0,,0.6916101672479752,6.0,,10000.0,Catalog then correct,,1114.59892571167,,,,,,moderate,3837.218181859479,395.7645180616464,0.6916101672479752,,,0.7267511885495074,4232.9826999211255,0.5,,0.0,6916.101672479753,0.3837218181859479,0.0395764518061646,40016,,"[""L023"", ""R004"", ""R006"", ""R008"", ""C001"", ""C002""]","[""L023"", ""R004"", ""R006"", ""R008"", ""C001"", ""C002""]",,,3.0,,multi_hotspot,3078.8834906202737,0.0,,849.6856391969338,1.0,6,2229.19785142334,0.0,2062.4856267870373,0.0,6916.101672479753,0.0,849.6856391969338,7267.511885495075,2071.547501494323,962.981684079627,3034.52918557395,0.7267511885495074,6,395.7645180616464,351.41021301532237,-157.650349929017,113.2960448826932,2.2737367544323206e-13
586.7055485521635,2.0,,3177.084552498707,2,exp5:multi_hotspot:r016,,3.0,,586.7055485521635,0.0,hardening:multi_hotspot:r016,5,0.7267511885495074,6.0,2071.547501494323,1.0,,0.6916101672479752,6.0,,10000.0,Catalog then correct,,0.0,,,,,,moderate,4232.9826999211255,0.0,0.7267511885495074,,,0.7267511885495074,4232.9826999211255,1.0,,2.0,7267.511885495075,0.4232982699921125,0.0,40016,,"[""R001"", ""R002"", ""R004"", ""R006"", ""R008"", ""C001""]","[""L023"", ""R004"", ""R006"", ""R008"", ""C001"", ""C002""]",,,3.0,,multi_hotspot,3034.52918557395,0.0,,962.981684079627,1.0,4,2229.19785142334,744.3558984811807,3177.084552498707,0.0,7267.511885495075,0.0,962.981684079627,7267.511885495075,2071.547501494323,962.981684079627,3034.52918557395,0.7267511885495074,6,0.0,0.0,0.0,0.0,0.0
0.0,0.0,,3177.084552498707,2,exp5:multi_hotspot:r016,,3.0,,0.0,0.01,hardening:multi_hotspot:r016,5,0.6916101672479752,6.0,2229.19785142334,1.0,,0.6916101672479752,6.0,,10000.0,Catalog then correct,,2229.19785142334,,,,,,moderate,3837.218181859479,395.7645180616464,0.6916101672479752,,,0.7267511885495074,4232.9826999211255,0.0,,0.0,6916.101672479753,0.3837218181859479,0.0395764518061646,40016,,"[""L023"", ""R004"", ""R006"", ""R008"", ""C001"", ""C002""]","[""L023"", ""R004"", ""R006"", ""R008"", ""C001"", ""C002""]",,,3.0,,multi_hotspot,3078.8834906202737,0.0,,849.6856391969338,1.0,6,2229.19785142334,0.0,939.3898446833977,69.16101672479753,6846.9406557549555,8.496856391969338,841.1887828049645,7267.511885495075,2071.547501494323,962.981684079627,3034.52918557395,0.7267511885495074,6,395.7645180616464,351.41021301532237,-157.650349929017,113.2960448826932,2.2737367544323206e-13
0.0,0.0,,3177.084552498707,2,exp5:multi_hotspot:r016,,3.0,,0.0,0.01,hardening:multi_hotspot:r016,5,0.6916101672479752,6.0,2229.19785142334,1.0,,0.6916101672479752,6.0,,10000.0,Catalog then correct,,1114.59892571167,,,,,,moderate,3837.218181859479,395.7645180616464,0.6916101672479752,,,0.7267511885495074,4232.9826999211255,0.5,,0.0,6916.101672479753,0.3837218181859479,0.0395764518061646,40016,,"[""L023"", ""R004"", ""R006"", ""R008"", ""C001"", ""C002""]","[""L023"", ""R004"", ""R006"", ""R008"", ""C001"", ""C002""]",,,3.0,,multi_hotspot,3078.8834906202737,0.0,,849.6856391969338,1.0,6,2229.19785142334,0.0,2053.988770395068,69.16101672479753,6846.9406557549555,8.496856391969338,841.1887828049645,7267.511885495075,2071.547501494323,962.981684079627,3034.52918557395,0.7267511885495074,6,395.7645180616464,351.41021301532237,-157.650349929017,113.2960448826932,2.2737367544323206e-13
586.7055485521635,2.0,,3177.084552498707,2,exp5:multi_hotspot:r016,,3.0,,586.7055485521635,0.01,hardening:multi_hotspot:r016,5,0.7267511885495074,6.0,2071.547501494323,1.0,,0.6916101672479752,6.0,,10000.0,Catalog then correct,,0.0,,,,,,moderate,4230.601558239799,2.3811416813268806,0.726399778336492,,,0.7267511885495074,4232.9826999211255,1.0,,2.0,7263.997783364922,0.4230601558239799,0.0002381141681326,40016,,"[""R001"", ""R002"", ""R004"", ""R006"", ""R008"", ""C001""]","[""L023"", ""R004"", ""R006"", ""R008"", ""C001"", ""C002""]",,,3.0,,multi_hotspot,3033.3962251251232,0.0,,961.8487236308002,1.0,4,2229.19785142334,744.3558984811807,3168.587696106738,69.16101672479753,7194.836766640125,8.496856391969338,953.3518672388309,7267.511885495075,2071.547501494323,962.981684079627,3034.52918557395,0.7267511885495074,6,2.3811416813268806,3.514102130153333,0.0,1.1329604488267933,3.410605131648481e-13
0.0,0.0,,3177.084552498707,2,exp5:multi_hotspot:r016,,3.0,,0.0,0.1,hardening:multi_hotspot:r016,5,0.6916101672479752,6.0,2229.19785142334,1.0,,0.6916101672479752,6.0,,10000.0,Catalog then correct,,2229.19785142334,,,,,,moderate,3837.218181859479,395.7645180616464,0.6916101672479753,,,0.7267511885495074,4232.9826999211255,0.0,,0.0,6916.101672479753,0.3837218181859479,0.0395764518061646,40016,,"[""L023"", ""R004"", ""R006"", ""R008"", ""C001"", ""C002""]","[""L023"", ""R004"", ""R006"", ""R008"", ""C001"", ""C002""]",,,3.0,,multi_hotspot,3078.8834906202737,0.0,,849.6856391969338,1.0,6,2229.19785142334,0.0,862.9181371556735,691.6101672479754,6224.491505231777,84.9685639196934,764.7170752772404,7267.511885495075,2071.547501494323,962.981684079627,3034.52918557395,0.7267511885495074,6,395.7645180616464,351.41021301532237,-157.650349929017,113.2960448826932,2.2737367544323206e-13
0.0,0.0,,3177.084552498707,2,exp5:multi_hotspot:r016,,3.0,,0.0,0.1,hardening:multi_hotspot:r016,5,0.6916101672479752,6.0,2229.19785142334,1.0,,0.6916101672479752,6.0,,10000.0,Catalog then correct,,1114.59892571167,,,,,,moderate,3837.218181859479,395.7645180616464,0.6916101672479753,,,0.7267511885495074,4232.9826999211255,0.5,,0.0,6916.101672479753,0.3837218181859479,0.0395764518061646,40016,,"[""L023"", ""R004"", ""R006"", ""R008"", ""C001"", ""C002""]","[""L023"", ""R004"", ""R006"", ""R008"", ""C001"", ""C002""]",,,3.0,,multi_hotspot,3078.8834906202737,0.0,,849.6856391969338,1.0,6,2229.19785142334,0.0,1977.5170628673438,691.6101672479754,6224.491505231777,84.9685639196934,764.7170752772404,7267.511885495075,2071.547501494323,962.981684079627,3034.52918557395,0.7267511885495074,6,395.7645180616464,351.41021301532237,-157.650349929017,113.2960448826932,2.2737367544323206e-13
586.7055485521635,2.0,,3177.084552498707,2,exp5:multi_hotspot:r016,,3.0,,586.7055485521635,0.1,hardening:multi_hotspot:r016,5,0.7267511885495074,6.0,2071.547501494323,1.0,,0.6916101672479752,6.0,,10000.0,Catalog then correct,,0.0,,,,,,moderate,4209.171283107862,23.81141681326335,0.7232370864193542,,,0.7267511885495074,4232.9826999211255,1.0,,2.0,7232.370864193543,0.4209171283107862,0.0023811416813263,40016,,"[""R001"", ""R002"", ""R004"", ""R006"", ""R008"", ""C001""]","[""L023"", ""R004"", ""R006"", ""R008"", ""C001"", ""C002""]",,,3.0,,multi_hotspot,3023.1995810856806,0.0,,951.6520795913576,1.0,4,2229.19785142334,744.3558984811807,3092.115988579014,691.6101672479754,6540.760696945567,84.9685639196934,866.6835156716643,7267.511885495075,2071.547501494323,962.981684079627,3034.52918557395,0.7267511885495074,6,23.81141681326335,35.14102130153242,0.0,11.32960448826941,3.410605131648481e-13
0.0,0.0,,3177.084552498707,2,exp5:multi_hotspot:r016,,3.0,,0.0,0.25,hardening:multi_hotspot:r016,5,0.6916101672479752,6.0,2229.19785142334,1.0,,0.6916101672479752,6.0,,10000.0,Catalog then correct,,2229.19785142334,,,,,,moderate,3837.218181859479,395.7645180616464,0.6916101672479752,,,0.7267511885495074,4232.9826999211255,0.0,,0.0,6916.101672479753,0.3837218181859479,0.0395764518061646,40016,,"[""L023"", ""R004"", ""R006"", ""R008"", ""C001"", ""C002""]","[""L023"", ""R004"", ""R006"", ""R008"", ""C001"", ""C002""]",,,3.0,,multi_hotspot,3078.8834906202737,0.0,,849.6856391969338,1.0,6,2229.19785142334,0.0,735.4652912761335,1729.0254181199382,5187.076254359815,212.42140979923346,637.2642293977003,7267.511885495075,2071.547501494323,962.981684079627,3034.52918557395,0.7267511885495074,6,395.7645180616464,351.41021301532237,-157.650349929017,113.2960448826932,2.2737367544323206e-13
0.0,0.0,,3177.084552498707,2,exp5:multi_hotspot:r016,,3.0,,0.0,0.25,hardening:multi_hotspot:r016,5,0.6916101672479752,6.0,2229.19785142334,1.0,,0.6916101672479752,6.0,,10000.0,Catalog then correct,,1114.59892571167,,,,,,moderate,3837.218181859479,395.7645180616464,0.6916101672479752,,,0.7267511885495074,4232.9826999211255,0.5,,0.0,6916.101672479753,0.3837218181859479,0.0395764518061646,40016,,"[""L023"", ""R004"", ""R006"", ""R008"", ""C001"", ""C002""]","[""L023"", ""R004"", ""R006"", ""R008"", ""C001"", ""C002""]",,,3.0,,multi_hotspot,3078.8834906202737,0.0,,849.6856391969338,1.0,6,2229.19785142334,0.0,1850.0642169878038,1729.0254181199382,5187.076254359815,212.42140979923346,637.2642293977003,7267.511885495075,2071.547501494323,962.981684079627,3034.52918557395,0.7267511885495074,6,395.7645180616464,351.41021301532237,-157.650349929017,113.2960448826932,2.2737367544323206e-13
726.5188618356085,3.0,,3177.084552498707,2,exp5:multi_hotspot:r016,,3.0,,726.5188618356085,0.25,hardening:multi_hotspot:r016,5,0.7519376690265743,7.0,2211.360814777768,1.0,,0.6916101672479752,6.0,,10000.0,Catalog then correct,,0.0,,,,,,moderate,4191.473383320539,41.50931660058632,0.7368557935819245,,,0.7267511885495074,4232.9826999211255,1.0,,2.0,7368.557935819246,0.4191473383320539,0.0041509316600586,40016,,"[""L013"", ""R001"", ""R002"", ""R004"", ""R006"", ""R008"", ""C001""]","[""L023"", ""R004"", ""R006"", ""R008"", ""C001"", ""C002""]",,,3.0,,multi_hotspot,3177.084552498707,0.0,,965.7237377209387,1.0,4,2229.19785142334,744.3558984811807,2964.6631426994736,1729.0254181199382,5639.532517699308,212.42140979923346,753.3023279217052,7267.511885495075,2071.547501494323,962.981684079627,3034.52918557395,0.7267511885495074,6,41.50931660058632,-101.04605032417112,-139.81331328344504,-2.7420536413117134,6.821210263296962e-13
143.53544570454906,1.0,,3157.122265676465,2,exp5:regular:r016,,3.0,,143.53544570454906,0.0,hardening:regular:r016,5,0.5790609546063431,8.0,2343.235214866862,1.0,,0.5427365755746135,7.0,,10000.000000000002,Catalog then correct,,2199.699769162313,,,,,,moderate,2634.673723871829,1548.899686758427,0.5790609546063431,,,0.733586184417362,4183.573410630256,0.0,,0.0,5790.609546063431,0.2634673723871829,0.1548899686758426,40016,,"[""L020"", ""L032"", ""R001"", ""R002"", ""R003"", ""R004"", ""R008"", ""C000""]","[""L020"", ""R001"", ""R002"", ""R003"", ""R004"", ""R008"", ""C000""]",,,3.0,,regular,3155.9358221916013,0.0,,812.7006073247394,1.0,7,2199.699769162313,0.0,957.422496514152,0.0,5790.609546063431,0.0,812.7006073247394,7335.861844173619,2132.539278197888,1019.749155345475,3152.2884335433628,0.733586184417362,8,1548.899686758427,1545.2522981101883,-210.6959366689739,207.04854802073555,2.2737367544323206e-13
509.2146997840613,1.0,,3157.122265676465,2,exp5:regular:r016,,3.0,,951.3238819987218,0.0,hardening:regular:r016,5,0.6305983521167227,6.0,2266.8052867317137,1.0,,0.5427365755746135,7.0,,10000.000000000002,Catalog then correct,,1099.8498845811564,,,,,,moderate,3203.85970000439,979.713710625866,0.6305983521167227,,,0.733586184417362,4183.573410630256,0.5,,2.0,6305.983521167226,0.3203859700004389,0.0979713710625865,40016,,"[""L020"", ""R002"", ""R003"", ""R004"", ""R008"", ""C001""]","[""L020"", ""R001"", ""R002"", ""R003"", ""R004"", ""R008"", ""C000""]",,,3.0,,regular,3102.123821162836,442.1091822146605,,835.3185344311223,1.0,5,2199.699769162313,442.1091822146605,2057.2723810953084,0.0,6305.983521167226,0.0,835.3185344311223,7335.861844173619,2132.539278197888,1019.749155345475,3152.2884335433628,0.733586184417362,8,979.713710625866,1029.8783230063927,-134.2660085338257,184.43062091435263,2.2737367544323206e-13
1122.0693078547388,4.0,,3157.122265676465,2,exp5:regular:r016,,3.0,,1122.0693078547388,0.0,hardening:regular:r016,5,0.733586184417362,8.0,2132.539278197888,1.0,,0.5427365755746135,7.0,,10000.000000000002,Catalog then correct,,0.0,,,,,,moderate,4183.573410630256,0.0,0.733586184417362,,,0.733586184417362,4183.573410630256,1.0,,3.0,7335.861844173619,0.4183573410630255,0.0,40016,,"[""L020"", ""L025"", ""L035"", ""R002"", ""R003"", ""R004"", ""R005"", ""C001""]","[""L020"", ""R001"", ""R002"", ""R003"", ""R004"", ""R008"", ""C000""]",,,3.0,,regular,3152.2884335433628,0.0,,1019.749155345475,1.0,4,2199.699769162313,1189.2297988191638,3157.122265676465,0.0,7335.861844173619,0.0,1019.749155345475,7335.861844173619,2132.539278197888,1019.749155345475,3152.2884335433628,0.733586184417362,8,0.0,0.0,0.0,0.0,0.0
143.53544570454906,1.0,,3157.122265676465,2,exp5:regular:r016,,3.0,,143.53544570454906,0.01,hardening:regular:r016,5,0.5790609546063431,8.0,2343.235214866862,1.0,,0.5427365755746135,7.0,,10000.000000000002,Catalog then correct,,2199.699769162313,,,,,,moderate,2631.660986807466,1551.91242382279,0.5786977108160257,,,0.733586184417362,4183.573410630256,0.0,,0.0,5786.977108160258,0.2631660986807466,0.1551912423822789,40016,,"[""L020"", ""L032"", ""R001"", ""R002"", ""R003"", ""R004"", ""R008"", ""C000""]","[""L020"", ""R001"", ""R002"", ""R003"", ""R004"", ""R008"", ""C000""]",,,3.0,,regular,3155.3161213527915,0.0,,812.0809064859294,1.0,7,2199.699769162313,0.0,949.9151912797146,54.273657557461355,5732.703450602796,7.507305234437425,804.5736012514919,7335.861844173619,2132.539278197888,1019.749155345475,3152.2884335433628,0.733586184417362,8,1551.91242382279,1548.8847360133614,-210.6959366689739,207.66824885954554,3.410605131648481e-13
509.2146997840613,1.0,,3157.122265676465,2,exp5:regular:r016,,3.0,,951.3238819987218,0.01,hardening:regular:r016,5,0.6305983521167227,6.0,2266.8052867317137,1.0,,0.5427365755746135,7.0,,10000.000000000002,Catalog then correct,,1099.8498845811564,,,,,,moderate,3195.9194024600524,987.6540081702036,0.6297197343513016,,,0.733586184417362,4183.573410630256,0.5,,2.0,6297.197343513015,0.3195919402460052,0.0987654008170203,40016,,"[""L020"", ""R002"", ""R003"", ""R004"", ""R008"", ""C001""]","[""L020"", ""R001"", ""R002"", ""R003"", ""R004"", ""R008"", ""C000""]",,,3.0,,regular,3101.2779410529624,442.1091822146605,,834.4726543212486,1.0,5,2199.699769162313,442.1091822146605,2049.765075860871,54.273657557461355,6242.923685955553,7.507305234437425,826.9653490868111,7335.861844173619,2132.539278197888,1019.749155345475,3152.2884335433628,0.733586184417362,8,987.6540081702037,1038.664500660604,-134.2660085338257,185.27650102422638,3.410605131648481e-13
1122.0693078547388,4.0,,3157.122265676465,2,exp5:regular:r016,,3.0,,1122.0693078547388,0.01,hardening:regular:r016,5,0.733586184417362,8.0,2132.539278197888,1.0,,0.5427365755746135,7.0,,10000.000000000002,Catalog then correct,,0.0,,,,,,moderate,4167.178636064999,16.39477456525674,0.7316776883289344,,,0.733586184417362,4183.573410630256,1.0,,3.0,7316.776883289345,0.4167178636064998,0.0016394774565256,40016,,"[""L020"", ""L025"", ""L035"", ""R002"", ""R003"", ""R004"", ""R005"", ""C001""]","[""L020"", ""R001"", ""R002"", ""R003"", ""R004"", ""R008"", ""C000""]",,,3.0,,regular,3149.598247224346,0.0,,1017.0589690264576,1.0,4,2199.699769162313,1189.2297988191638,3149.6149604420275,54.273657557461355,7262.5032257318835,7.507305234437425,1009.5516637920201,7335.861844173619,2132.539278197888,1019.749155345475,3152.2884335433628,0.733586184417362,8,16.39477456525674,19.08496088427364,0.0,2.690186319017357,4.547473508864641e-13
143.53544570454906,1.0,,3157.122265676465,2,exp5:regular:r016,,3.0,,143.53544570454906,0.1,hardening:regular:r016,5,0.5790609546063431,8.0,2343.235214866862,1.0,,0.5427365755746135,7.0,,10000.000000000002,Catalog then correct,,2199.699769162313,,,,,,moderate,2604.5463532281988,1579.0270574020574,0.5754285167031702,,,0.733586184417362,4183.573410630256,0.0,,0.0,5754.2851670317,0.2604546353228198,0.1579027057402057,40016,,"[""L020"", ""L032"", ""R001"", ""R002"", ""R003"", ""R004"", ""R008"", ""C000""]","[""L020"", ""R001"", ""R002"", ""R003"", ""R004"", ""R008"", ""C000""]",,,3.0,,regular,3149.7388138035017,0.0,,806.5035989366396,1.0,7,2199.699769162313,0.0,882.3494441697778,542.7365755746135,5211.548591457087,75.07305234437425,731.4305465922654,7335.861844173619,2132.539278197888,1019.749155345475,3152.2884335433628,0.733586184417362,8,1579.0270574020574,1581.5766771419185,-210.6959366689739,213.24555640883534,3.410605131648481e-13
509.2146997840613,1.0,,3157.122265676465,2,exp5:regular:r016,,3.0,,951.3238819987218,0.1,hardening:regular:r016,5,0.6305983521167227,6.0,2266.8052867317137,1.0,,0.5427365755746135,7.0,,10000.000000000002,Catalog then correct,,1099.8498845811564,,,,,,moderate,3124.4567245610187,1059.1166860692374,0.6218121744625118,,,0.733586184417362,4183.573410630256,0.5,,2.0,6218.121744625117,0.3124456724561018,0.1059116686069237,40016,,"[""L020"", ""R002"", ""R003"", ""R004"", ""R008"", ""C001""]","[""L020"", ""R001"", ""R002"", ""R003"", ""R004"", ""R008"", ""C000""]",,,3.0,,regular,3093.665020064098,442.1091822146605,,826.8597333323844,1.0,5,2199.699769162313,442.1091822146605,1982.1993287509342,542.7365755746135,5675.3851690505035,75.07305234437425,751.7866809880102,7335.861844173619,2132.539278197888,1019.749155345475,3152.2884335433628,0.733586184417362,8,1059.1166860692374,1117.7400995485023,-134.2660085338257,192.88942201309055,0.0
1124.7441722001467,4.0,,3157.122265676465,2,exp5:regular:r016,,3.0,,1124.7441722001467,0.1,hardening:regular:r016,5,0.7350694002122975,8.0,2135.2141425432965,1.0,,0.5427365755746135,7.0,,10000.000000000002,Catalog then correct,,0.0,,,,,,moderate,4021.377160869537,162.19624976071964,0.7158361177485292,,,0.733586184417362,4183.573410630256,1.0,,3.0,7158.36117748529,0.4021377160869536,0.0162196249760719,40016,,"[""L000"", ""L020"", ""L035"", ""R002"", ""R003"", ""R004"", ""R005"", ""C001""]","[""L020"", ""R001"", ""R002"", ""R003"", ""R004"", ""R008"", ""C000""]",,,3.0,,regular,3136.9840166157533,0.0,,1001.7698740724568,1.0,4,2199.699769162313,1189.2297988191638,3082.0492133320904,542.7365755746135,6615.624601910677,75.07305234437425,926.6968217280826,7335.861844173619,2132.539278197888,1019.749155345475,3152.2884335433628,0.733586184417362,8,162.19624976071918,177.50066668832915,-2.674864345408423,17.97928127301816,-2.2737367544323206e-13
140.29868556455878,1.0,,3157.122265676465,2,exp5:regular:r016,,3.0,,140.29868556455878,0.25,hardening:regular:r016,5,0.5817585379875413,8.0,2339.9984547268714,1.0,,0.5427365755746135,7.0,,10000.000000000002,Catalog then correct,,2199.699769162313,,,,,,moderate,2570.039552440324,1613.5338581899323,0.5720030473843093,,,0.733586184417362,4183.573410630256,0.0,,0.0,5720.030473843093,0.2570039552440323,0.1613533858189932,40016,,"[""L013"", ""L020"", ""R001"", ""R002"", ""R003"", ""R004"", ""R008"", ""C000""]","[""L020"", ""R001"", ""R002"", ""R003"", ""R004"", ""R008"", ""C000""]",,,3.0,,regular,3149.9909214027693,0.0,,809.9924666758982,1.0,7,2199.699769162313,0.0,769.7398656532164,1356.841438936534,4363.18903490656,187.6826308609356,622.3098358149625,7335.861844173619,2132.539278197888,1019.749155345475,3152.2884335433628,0.733586184417362,8,1613.5338581899323,1615.8313703305257,-207.45917652898333,209.75668866957676,0.0
509.2146997840613,1.0,,3157.122265676465,2,exp5:regular:r016,,3.0,,951.3238819987218,0.25,hardening:regular:r016,5,0.6305983521167227,6.0,2266.8052867317137,1.0,,0.5427365755746135,7.0,,10000.000000000002,Catalog then correct,,1099.8498845811564,,,,,,moderate,3005.352261395961,1178.221149234295,0.6086329079811954,,,0.733586184417362,4183.573410630256,0.5,,2.0,6086.329079811952,0.300535226139596,0.1178221149234294,40016,,"[""L020"", ""R002"", ""R003"", ""R004"", ""R008"", ""C001""]","[""L020"", ""R001"", ""R002"", ""R003"", ""R004"", ""R008"", ""C000""]",,,3.0,,regular,3080.976818415991,442.1091822146605,,814.1715316842774,1.0,5,2199.699769162313,442.1091822146605,1869.5897502343728,1356.841438936534,4729.487640875419,187.6826308609356,626.4889008233417,7335.861844173619,2132.539278197888,1019.749155345475,3152.2884335433628,0.733586184417362,8,1178.2211492342954,1249.5327643616665,-134.2660085338257,205.57762366119755,6.821210263296962e-13
1141.9573078850617,4.0,,3157.122265676465,2,exp5:regular:r016,,3.0,,1141.9573078850617,0.25,hardening:regular:r016,5,0.739504499167997,8.0,2152.427278228211,1.0,,0.5427365755746135,7.0,,10000.000000000002,Catalog then correct,,0.0,,,,,,moderate,3779.1468070966566,404.4266035335995,0.6903125182696511,,,0.733586184417362,4183.573410630256,1.0,,3.0,6903.125182696511,0.3779146807096656,0.0404426603533599,40016,,"[""L000"", ""L020"", ""L035"", ""R002"", ""R003"", ""R004"", ""R007"", ""C001""]","[""L020"", ""R001"", ""R002"", ""R003"", ""R004"", ""R008"", ""C000""]",,,3.0,,regular,3123.978375599854,0.0,,971.5510973716434,1.0,4,2199.699769162313,1189.2297988191638,2969.439634815529,1356.841438936534,5546.283743759977,187.6826308609356,783.8684665107078,7335.861844173619,2132.539278197888,1019.749155345475,3152.2884335433628,0.733586184417362,8,404.4266035335995,432.7366614771081,-19.888000030322928,48.19805797383151,0.0
323.50382324290086,1.0,,3139.619133310156,2,exp5:asymmetric:r017,,3.0,,895.6842182807873,0.0,hardening:asymmetric:r017,5,0.3895587360551247,6.0,2545.502968350761,1.0,,0.2884932379322579,6.0,,9999.999999999998,Catalog then correct,,2221.99914510786,,,,,,moderate,821.0543710867969,3139.7824196139904,0.3895587360551247,,,0.7088042354807323,3960.8367907007873,0.0,,1.0,3895.587360551247,0.0821054371086797,0.3139782419613991,40017,,"[""R001"", ""R002"", ""R003"", ""R005"", ""R007"", ""C002""]","[""R001"", ""R003"", ""R005"", ""R007"", ""C000"", ""C002""]",,,3.0,,asymmetric,3074.5329894644497,572.1803950378863,,529.0300211136888,1.0,5,2221.99914510786,0.0,917.6199882022961,0.0,3895.587360551247,0.0,529.0300211136888,7088.042354807323,2118.5012983161887,1008.704265790347,3127.205564106536,0.7088042354807323,8,3139.7824196139904,3192.454994256076,-427.00167003457227,479.6742446766582,2.2737367544323206e-13
666.3825108707761,2.0,,3139.619133310156,2,exp5:asymmetric:r017,,3.0,,1228.476817467568,0.0,hardening:asymmetric:r017,5,0.5240724066730158,6.0,2326.2873493818443,1.0,,0.2884932379322579,6.0,,9999.999999999998,Catalog then correct,,1110.99957255393,,,,,,moderate,2246.743867127774,1714.0929235730132,0.5240724066730158,,,0.7088042354807323,3960.8367907007873,0.5,,2.0,5240.724066730158,0.2246743867127774,0.1714092923573013,40017,,"[""L015"", ""R001"", ""R003"", ""R005"", ""R007"", ""C001""]","[""R001"", ""R003"", ""R005"", ""R007"", ""C000"", ""C002""]",,,3.0,,asymmetric,2993.9801996023834,562.094306596792,,667.6928502205394,1.0,4,2221.99914510786,562.094306596792,2028.619560756226,0.0,5240.724066730158,0.0,667.6928502205394,7088.042354807323,2118.5012983161887,1008.704265790347,3127.205564106536,0.7088042354807323,8,1714.0929235730132,1847.3182880771656,-207.78605106565556,341.0114155698076,-3.410605131648481e-13
1575.3764377671434,6.0,,3139.619133310156,2,exp5:asymmetric:r017,,3.0,,1575.3764377671434,0.0,hardening:asymmetric:r017,5,0.7088042354807323,8.0,2118.5012983161887,1.0,,0.2884932379322579,6.0,,9999.999999999998,Catalog then correct,,0.0,,,,,,moderate,3960.8367907007873,0.0,0.7088042354807323,,,0.7088042354807323,3960.8367907007873,1.0,,4.0,7088.042354807323,0.3960836790700788,0.0,40017,,"[""L006"", ""L015"", ""L027"", ""R001"", ""R002"", ""R004"", ""R005"", ""C001""]","[""R001"", ""R003"", ""R005"", ""R007"", ""C000"", ""C002""]",,,3.0,,asymmetric,3127.205564106536,0.0,,1008.704265790347,1.0,2,2221.99914510786,1678.874284558815,3139.619133310156,0.0,7088.042354807323,0.0,1008.704265790347,7088.042354807323,2118.5012983161887,1008.704265790347,3127.205564106536,0.7088042354807323,8,0.0,0.0,0.0,0.0,0.0
323.50382324290086,1.0,,3139.619133310156,2,exp5:asymmetric:r017,,3.0,,895.6842182807873,0.01,hardening:asymmetric:r017,5,0.3895587360551247,6.0,2545.502968350761,1.0,,0.2884932379322579,6.0,,9999.999999999998,Catalog then correct,,2221.99914510786,,,,,,moderate,812.2330838088001,3148.6037068919877,0.388548081073896,,,0.7088042354807323,3960.8367907007873,0.0,,1.0,3885.48081073896,0.08122330838088,0.3148603706891988,40017,,"[""R001"", ""R002"", ""R003"", ""R005"", ""R007"", ""C002""]","[""R001"", ""R003"", ""R005"", ""R007"", ""C000"", ""C002""]",,,3.0,,asymmetric,3073.24772693016,572.1803950378863,,527.7447585793988,1.0,5,2221.99914510786,0.0,913.6149505254492,28.849323793225786,3856.631486945734,4.005037676846909,523.7397209025519,7088.042354807323,2118.5012983161887,1008.704265790347,3127.205564106536,0.7088042354807323,8,3148.6037068919873,3202.561544068363,-427.00167003457227,480.95950721094823,0.0
666.3825108707761,2.0,,3139.619133310156,2,exp5:asymmetric:r017,,3.0,,1228.476817467568,0.01,hardening:asymmetric:r017,5,0.5240724066730158,6.0,2326.2873493818443,1.0,,0.2884932379322579,6.0,,9999.999999999998,Catalog then correct,,1110.99957255393,,,,,,moderate,2225.8578410790583,1734.978949621729,0.5217166149856082,,,0.7088042354807323,3960.8367907007873,0.5,,2.0,5217.166149856083,0.2225857841079058,0.1734978949621729,40017,,"[""L015"", ""R001"", ""R003"", ""R005"", ""R007"", ""C001""]","[""R001"", ""R003"", ""R005"", ""R007"", ""C000"", ""C002""]",,,3.0,,asymmetric,2991.308308777025,562.094306596792,,665.0209593951809,1.0,4,2221.99914510786,562.094306596792,2024.614523079379,28.849323793225786,5188.316826062857,4.005037676846909,661.015921718334,7088.042354807323,2118.5012983161887,1008.704265790347,3127.205564106536,0.7088042354807323,8,1734.978949621729,1870.8762049512397,-207.78605106565556,343.68330639516614,-1.1368683772161603e-13
1575.3764377671434,6.0,,3139.619133310156,2,exp5:asymmetric:r017,,3.0,,1575.3764377671434,0.01,hardening:asymmetric:r017,5,0.7088042354807323,8.0,2118.5012983161887,1.0,,0.2884932379322579,6.0,,9999.999999999998,Catalog then correct,,0.0,,,,,,moderate,3924.887695926997,35.949094773789966,0.7046011255052476,,,0.7088042354807323,3960.8367907007873,1.0,,4.0,7046.011255052476,0.3924887695926998,0.0035949094773789,40017,,"[""L006"", ""L015"", ""L027"", ""R001"", ""R002"", ""R004"", ""R005"", ""C001""]","[""R001"", ""R003"", ""R005"", ""R007"", ""C000"", ""C002""]",,,3.0,,asymmetric,3121.123559125479,0.0,,1002.6222608092904,1.0,2,2221.99914510786,1678.874284558815,3135.6140956333093,28.849323793225786,7017.16193125925,4.005037676846909,998.6172231324435,7088.042354807323,2118.5012983161887,1008.704265790347,3127.205564106536,0.7088042354807323,8,35.94909477379042,42.031099754846764,0.0,6.082004981056571,2.2737367544323206e-13
323.50382324290086,1.0,,3139.619133310156,2,exp5:asymmetric:r017,,3.0,,895.6842182807873,0.1,hardening:asymmetric:r017,5,0.3895587360551247,6.0,2545.502968350761,1.0,,0.2884932379322579,6.0,,9999.999999999998,Catalog then correct,,2221.99914510786,,,,,,moderate,732.8414983068296,3227.9952923939577,0.379452186242838,,,0.7088042354807323,3960.8367907007873,0.0,,1.0,3794.52186242838,0.0732841498306829,0.3227995292393958,40017,,"[""R001"", ""R002"", ""R003"", ""R005"", ""R007"", ""C002""]","[""R001"", ""R003"", ""R005"", ""R007"", ""C000"", ""C002""]",,,3.0,,asymmetric,3061.68036412155,572.1803950378863,,516.177395770789,1.0,5,2221.99914510786,0.0,877.569611433827,288.49323793225784,3506.028624496122,40.05037676846909,476.12701900231986,7088.042354807323,2118.5012983161887,1008.704265790347,3127.205564106536,0.7088042354807323,8,3227.9952923939577,3293.5204923789433,-427.00167003457227,492.52687001955803,1.1368683772161603e-13
804.4553659569912,3.0,,3139.619133310156,2,exp5:asymmetric:r017,,3.0,,1366.5496725537832,0.1,hardening:asymmetric:r017,5,0.5448382874751826,7.0,2464.3602044680592,1.0,,0.2884932379322579,6.0,,9999.999999999998,Catalog then correct,,1110.99957255393,,,,,,moderate,2052.418691898746,1908.4180988020407,0.5192037825208902,,,0.7088042354807323,3960.8367907007873,0.5,,2.0,5192.037825208902,0.2052418691898746,0.1908418098802041,40017,,"[""L004"", ""L015"", ""R001"", ""R003"", ""R005"", ""R007"", ""C001""]","[""R001"", ""R003"", ""R005"", ""R007"", ""C000"", ""C002""]",,,3.0,,asymmetric,3139.619133310156,562.094306596792,,675.2589288420968,1.0,4,2221.99914510786,562.094306596792,1988.569183987757,288.49323793225784,4903.544587276644,40.05037676846909,635.2085520736277,7088.042354807323,2118.5012983161887,1008.704265790347,3127.205564106536,0.7088042354807323,8,1908.4180988020412,1896.004529598421,-345.85890615187054,333.4453369482502,-1.1368683772161603e-13
1575.3764377671434,6.0,,3139.619133310156,2,exp5:asymmetric:r017,,3.0,,1575.3764377671434,0.1,hardening:asymmetric:r017,5,0.7088042354807323,8.0,2118.5012983161887,1.0,,0.2884932379322579,6.0,,9999.999999999998,Catalog then correct,,0.0,,,,,,moderate,3601.345842962879,359.4909477379083,0.6667731357258849,,,0.7088042354807323,3960.8367907007873,1.0,,4.0,6667.731357258849,0.360134584296288,0.0359490947737908,40017,,"[""L006"", ""L015"", ""L027"", ""R001"", ""R002"", ""R004"", ""R005"", ""C001""]","[""R001"", ""R003"", ""R005"", ""R007"", ""C000"", ""C002""]",,,3.0,,asymmetric,3066.38551429597,0.0,,947.8842159797814,1.0,2,2221.99914510786,1678.874284558815,3099.568756541687,288.49323793225784,6379.238119326591,40.05037676846909,907.8338392113124,7088.042354807323,2118.5012983161887,1008.704265790347,3127.205564106536,0.7088042354807323,8,359.4909477379083,420.310997548474,0.0,60.82004981056559,-1.1368683772161603e-13
323.50382324290086,1.0,,3139.619133310156,2,exp5:asymmetric:r017,,3.0,,895.6842182807873,0.25,hardening:asymmetric:r017,5,0.3895587360551247,6.0,2545.502968350761,1.0,,0.2884932379322579,6.0,,9999.999999999998,Catalog then correct,,2221.99914510786,,,,,,moderate,600.5221891368788,3360.3146015639086,0.364292361524408,,,0.7088042354807323,3960.8367907007873,0.0,,1.0,3642.923615244079,0.0600522189136878,0.3360314601563909,40017,,"[""R001"", ""R002"", ""R003"", ""R005"", ""R007"", ""C002""]","[""R001"", ""R003"", ""R005"", ""R007"", ""C000"", ""C002""]",,,3.0,,asymmetric,3042.4014261072,572.1803950378863,,496.89845775643926,1.0,5,2221.99914510786,0.0,817.4940462811234,721.2330948306446,2921.6905204134346,100.12594192117272,396.7725158352665,7088.042354807323,2118.5012983161887,1008.704265790347,3127.205564106536,0.7088042354807323,8,3360.3146015639086,3445.118739563244,-427.00167003457227,511.80580803390774,-1.1368683772161603e-13
843.649273391045,2.0,,3139.619133310156,2,exp5:asymmetric:r017,,3.0,,1405.743579987837,0.25,hardening:asymmetric:r017,5,0.578327445327702,6.0,2503.5541119021127,1.0,,0.2884932379322579,6.0,,9999.999999999998,Catalog then correct,,1110.99957255393,,,,,,moderate,1920.1716278799763,2040.665162820811,0.5058688934788409,,,0.7088042354807323,3960.8367907007873,0.5,,2.0,5058.688934788409,0.1920171627879976,0.2040665162820811,40017,,"[""R001"", ""R002"", ""R003"", ""R005"", ""R007"", ""C001""]","[""R001"", ""R003"", ""R005"", ""R007"", ""C000"", ""C002""]",,,3.0,,asymmetric,3138.5173069084326,562.094306596792,,634.96319500632,1.0,4,2221.99914510786,562.094306596792,1928.4936188350534,721.2330948306446,4337.4558399577645,100.12594192117272,534.8372530851473,7088.042354807323,2118.5012983161887,1008.704265790347,3127.205564106536,0.7088042354807323,8,2040.665162820811,2029.3534200189142,-385.052813585924,373.741070784027,-2.2737367544323206e-13
1693.6966388479775,7.0,,3139.619133310156,2,exp5:asymmetric:r017,,3.0,,1693.6966388479775,0.25,hardening:asymmetric:r017,5,0.7421897712944433,9.0,2236.8214993970228,1.0,,0.2884932379322579,6.0,,9999.999999999998,Catalog then correct,,0.0,,,,,,moderate,3151.6218932896613,809.214897411126,0.628765637953897,,,0.7088042354807323,3960.8367907007873,1.0,,4.0,6287.656379538968,0.3151621893289661,0.0809214897411126,40017,,"[""L006"", ""L015"", ""L031"", ""L033"", ""R001"", ""R002"", ""R004"", ""R005"", ""C001""]","[""R001"", ""R003"", ""R005"", ""R007"", ""C000"", ""C002""]",,,3.0,,asymmetric,3136.034486249307,0.0,,899.2129868522844,1.0,2,2221.99914510786,1678.874284558815,3039.493191388983,721.2330948306446,5566.423284708324,100.12594192117272,799.0870449311117,7088.042354807323,2118.5012983161887,1008.704265790347,3127.205564106536,0.7088042354807323,8,809.214897411126,800.3859752683547,-118.32020108083407,109.49127893806258,-2.2737367544323206e-13
153.61832711045489,1.0,,3078.847843759583,2,exp5:multi_hotspot:r017,,3.0,,153.61832711045489,0.0,hardening:multi_hotspot:r017,5,0.6516426393946104,7.0,2156.9673874452637,1.0,,0.6058270146118893,6.0,,10000.0,Catalog then correct,,2003.3490603348084,,,,,,moderate,3496.861560697568,715.1200736235896,0.6516426393946104,,,0.7263680329505566,4211.981634321158,0.0,,0.0,6516.426393946103,0.3496861560697568,0.0715120073623589,40017,,"[""L003"", ""L006"", ""R001"", ""R003"", ""R007"", ""C001"", ""C002""]","[""L003"", ""R001"", ""R003"", ""R007"", ""C001"", ""C002""]",,,3.0,,multi_hotspot,3019.5648332485357,0.0,,862.5974458032719,1.0,6,2003.3490603348084,0.0,1075.4987834247747,0.0,6516.426393946103,0.0,862.5974458032719,7263.680329505565,2018.6404599151065,1033.058235269301,3051.698695184408,0.7263680329505566,8,715.1200736235896,747.2539355594618,-138.32692753015726,170.46078946602904,-3.410605131648481e-13
153.61832711045489,1.0,,3078.847843759583,2,exp5:multi_hotspot:r017,,3.0,,153.61832711045489,0.0,hardening:multi_hotspot:r017,5,0.6516426393946104,7.0,2156.9673874452637,1.0,,0.6058270146118893,6.0,,10000.0,Catalog then correct,,1001.6745301674042,,,,,,moderate,3496.861560697568,715.1200736235896,0.6516426393946104,,,0.7263680329505566,4211.981634321158,0.5,,0.0,6516.426393946103,0.3496861560697568,0.0715120073623589,40017,,"[""L003"", ""L006"", ""R001"", ""R003"", ""R007"", ""C001"", ""C002""]","[""L003"", ""R001"", ""R003"", ""R007"", ""C001"", ""C002""]",,,3.0,,multi_hotspot,3019.5648332485357,0.0,,862.5974458032719,1.0,6,2003.3490603348084,0.0,2077.173313592179,0.0,6516.426393946103,0.0,862.5974458032719,7263.680329505565,2018.6404599151065,1033.058235269301,3051.698695184408,0.7263680329505566,8,715.1200736235896,747.2539355594618,-138.32692753015726,170.46078946602904,-3.410605131648481e-13
1061.5962905184588,5.0,,3078.847843759583,2,exp5:multi_hotspot:r017,,3.0,,1061.5962905184588,0.0,hardening:multi_hotspot:r017,5,0.7263680329505566,8.0,2018.6404599151065,1.0,,0.6058270146118893,6.0,,10000.0,Catalog then correct,,0.0,,,,,,moderate,4211.981634321158,0.0,0.7263680329505566,,,0.7263680329505566,4211.981634321158,1.0,,3.0,7263.680329505565,0.4211981634321158,0.0,40017,,"[""L003"", ""L006"", ""L008"", ""L027"", ""R003"", ""R004"", ""R006"", ""C001""]","[""L003"", ""R001"", ""R003"", ""R007"", ""C001"", ""C002""]",,,3.0,,multi_hotspot,3051.698695184408,0.0,,1033.058235269301,1.0,3,2003.3490603348084,1046.304890938161,3078.847843759583,0.0,7263.680329505565,0.0,1033.058235269301,7263.680329505565,2018.6404599151065,1033.058235269301,3051.698695184408,0.7263680329505566,8,0.0,0.0,0.0,0.0,0.0
153.61832711045489,1.0,,3078.847843759583,2,exp5:multi_hotspot:r017,,3.0,,153.61832711045489,0.01,hardening:multi_hotspot:r017,5,0.6516426393946104,7.0,2156.9673874452637,1.0,,0.6058270146118893,6.0,,10000.0,Catalog then correct,,2003.3490603348084,,,,,,moderate,3493.102888906271,718.8787454148869,0.6511844831467832,,,0.7263680329505566,4211.981634321158,0.0,,0.0,6511.844831467831,0.3493102888906271,0.0718878745414886,40017,,"[""L003"", ""L006"", ""R001"", ""R003"", ""R007"", ""C001"", ""C002""]","[""L003"", ""R001"", ""R003"", ""R007"", ""C001"", ""C002""]",,,3.0,,multi_hotspot,3018.74194256156,0.0,,861.7745551162966,1.0,6,2003.3490603348084,0.0,1067.6956996537172,60.58270146118892,6451.262130006642,7.803083771057602,853.971471345239,7263.680329505565,2018.6404599151065,1033.058235269301,3051.698695184408,0.7263680329505566,8,718.8787454148869,751.8354980377344,-138.32692753015726,171.2836801530043,-4.547473508864641e-13
153.61832711045489,1.0,,3078.847843759583,2,exp5:multi_hotspot:r017,,3.0,,153.61832711045489,0.01,hardening:multi_hotspot:r017,5,0.6516426393946104,7.0,2156.9673874452637,1.0,,0.6058270146118893,6.0,,10000.0,Catalog then correct,,1001.6745301674042,,,,,,moderate,3493.102888906271,718.8787454148869,0.6511844831467832,,,0.7263680329505566,4211.981634321158,0.5,,0.0,6511.844831467831,0.3493102888906271,0.0718878745414886,40017,,"[""L003"", ""L006"", ""R001"", ""R003"", ""R007"", ""C001"", ""C002""]","[""L003"", ""R001"", ""R003"", ""R007"", ""C001"", ""C002""]",,,3.0,,multi_hotspot,3018.74194256156,0.0,,861.7745551162966,1.0,6,2003.3490603348084,0.0,2069.3702298211215,60.58270146118892,6451.262130006642,7.803083771057602,853.971471345239,7263.680329505565,2018.6404599151065,1033.058235269301,3051.698695184408,0.7263680329505566,8,718.8787454148869,751.8354980377344,-138.32692753015726,171.2836801530043,-4.547473508864641e-13
1094.2364433885282,5.0,,3078.847843759583,2,exp5:multi_hotspot:r017,,3.0,,1094.2364433885282,0.01,hardening:multi_hotspot:r017,5,0.7296932874575787,8.0,2051.2806127851754,1.0,,0.6058270146118893,6.0,,10000.0,Catalog then correct,,0.0,,,,,,moderate,4206.4019149150645,5.579719406093318,0.7284546247291218,,,0.7263680329505566,4211.981634321158,1.0,,3.0,7284.546247291217,0.4206401914915064,0.0005579719406093,40017,,"[""L003"", ""L006"", ""L008"", ""L018"", ""R003"", ""R004"", ""R006"", ""C001""]","[""L003"", ""R001"", ""R003"", ""R007"", ""C001"", ""C002""]",,,3.0,,multi_hotspot,3078.1443323761528,0.0,,1026.863719590977,1.0,3,2003.3490603348084,1046.304890938161,3071.0447599885256,60.58270146118892,7223.963545830028,7.803083771057602,1019.0606358199195,7263.680329505565,2018.6404599151065,1033.058235269301,3051.698695184408,0.7263680329505566,8,5.579719406093318,-20.865917785651618,-32.64015287006896,6.194515678323796,-2.2737367544323206e-13
138.86383692693772,1.0,,3078.847843759583,2,exp5:multi_hotspot:r017,,3.0,,138.86383692693772,0.1,hardening:multi_hotspot:r017,5,0.651082711989859,7.0,2142.212897261746,1.0,,0.6058270146118893,6.0,,10000.0,Catalog then correct,,2003.3490603348084,,,,,,moderate,3459.5545187825965,752.4271155385613,0.6465571422520621,,,0.7263680329505566,4211.981634321158,0.0,,0.0,6465.57142252062,0.3459554518782596,0.0752427115538561,40017,,"[""L003"", ""L008"", ""R001"", ""R003"", ""R007"", ""C001"", ""C002""]","[""L003"", ""R001"", ""R003"", ""R007"", ""C001"", ""C002""]",,,3.0,,multi_hotspot,3006.016903738024,0.0,,863.8040064762778,1.0,6,2003.3490603348084,0.0,997.4679457141987,605.8270146118892,5859.744407908731,78.03083771057602,785.7731687657017,7263.680329505565,2018.6404599151065,1033.058235269301,3051.698695184408,0.7263680329505566,8,752.4271155385613,798.108906984945,-123.57243734663962,169.25422879302312,-1.1368683772161603e-13
451.0121235092821,2.0,,3078.847843759583,2,exp5:multi_hotspot:r017,,3.0,,697.6185286875655,0.1,hardening:multi_hotspot:r017,5,0.6577832608323584,7.0,2207.754778665807,1.0,,0.6058270146118893,6.0,,10000.0,Catalog then correct,,1001.6745301674042,,,,,,moderate,3447.02851834353,764.9531159776279,0.6525876362103115,,,0.7263680329505566,4211.981634321158,0.5,,1.0,6525.876362103113,0.344702851834353,0.0764953115977628,40017,,"[""L003"", ""L019"", ""R001"", ""R003"", ""R006"", ""R007"", ""C001""]","[""L003"", ""R001"", ""R003"", ""R007"", ""C001"", ""C002""]",,,3.0,,multi_hotspot,3078.847843759583,246.60640517828327,,871.0930650937764,1.0,5,2003.3490603348084,246.60640517828332,1999.142475881603,605.8270146118892,5920.049347491224,78.03083771057602,793.0622273832004,7263.680329505565,2018.6404599151065,1033.058235269301,3051.698695184408,0.7263680329505566,8,764.9531159776279,737.8039674024521,-189.11431875070048,161.96517017552446,-2.2737367544323206e-13
1094.2364433885282,5.0,,3078.847843759583,2,exp5:multi_hotspot:r017,,3.0,,1094.2364433885282,0.1,hardening:multi_hotspot:r017,5,0.7296932874575787,8.0,2051.2806127851754,1.0,,0.6058270146118893,6.0,,10000.0,Catalog then correct,,0.0,,,,,,moderate,4117.336391398054,94.64524292310398,0.7173066601730097,,,0.7263680329505566,4211.981634321158,1.0,,3.0,7173.066601730096,0.4117336391398054,0.0094645242923103,40017,,"[""L003"", ""L006"", ""L008"", ""L018"", ""R003"", ""R004"", ""R006"", ""C001""]","[""L003"", ""R001"", ""R003"", ""R007"", ""C001"", ""C002""]",,,3.0,,multi_hotspot,3055.730210332042,0.0,,1004.4495975468668,1.0,3,2003.3490603348084,1046.304890938161,3000.817006049007,605.8270146118892,6567.239587118207,78.03083771057602,926.4187598362907,7263.680329505565,2018.6404599151065,1033.058235269301,3051.698695184408,0.7263680329505566,8,94.64524292310398,90.61372777546876,-32.64015287006896,28.608637722434082,3.410605131648481e-13
138.86383692693772,1.0,,3078.847843759583,2,exp5:multi_hotspot:r017,,3.0,,138.86383692693772,0.25,hardening:multi_hotspot:r017,5,0.651082711989859,7.0,2142.212897261746,1.0,,0.6058270146118893,6.0,,10000.0,Catalog then correct,,2003.3490603348084,,,,,,moderate,3405.586910944061,806.3947233770969,0.6397687876453666,,,0.7263680329505566,4211.981634321158,0.0,,0.0,6397.687876453665,0.3405586910944061,0.0806394723377096,40017,,"[""L003"", ""L008"", ""R001"", ""R003"", ""R007"", ""C001"", ""C002""]","[""L003"", ""R001"", ""R003"", ""R007"", ""C001"", ""C002""]",,,3.0,,multi_hotspot,2992.100965509604,0.0,,849.8880682478582,1.0,6,2003.3490603348084,0.0,880.4216891483347,1514.567536529723,4883.120339923942,195.07709427644005,654.8109739714182,7263.680329505565,2018.6404599151065,1033.058235269301,3051.698695184408,0.7263680329505566,8,806.3947233770969,865.9924530519002,-123.57243734663962,183.1701670214427,-2.2737367544323206e-13
451.0121235092821,2.0,,3078.847843759583,2,exp5:multi_hotspot:r017,,3.0,,697.6185286875655,0.25,hardening:multi_hotspot:r017,5,0.6692516127410962,7.0,2207.754778665807,1.0,,0.6058270146118893,6.0,,10000.0,Catalog then correct,,1001.6745301674042,,,,,,moderate,3455.1067883283604,756.8748459927974,0.6533954632087945,,,0.7263680329505566,4211.981634321158,0.5,,1.0,6533.954632087944,0.345510678832836,0.0756874845992797,40017,,"[""L003"", ""L019"", ""R001"", ""R003"", ""R006"", ""R007"", ""C001""]","[""L003"", ""R001"", ""R003"", ""R007"", ""C001"", ""C002""]",,,3.0,,multi_hotspot,3078.847843759583,246.60640517828327,,871.0930650937762,1.0,5,2003.3490603348084,246.60640517828332,1882.096219315739,1514.567536529723,5019.3870955582215,195.07709427644005,676.0159708173362,7263.680329505565,2018.6404599151065,1033.058235269301,3051.698695184408,0.7263680329505566,8,756.8748459927974,729.7256974176207,-189.11431875070048,161.9651701755247,9.094947017729282e-13
1061.5962905184588,5.0,,3078.847843759583,2,exp5:multi_hotspot:r017,,3.0,,1061.5962905184588,0.25,hardening:multi_hotspot:r017,5,0.7263680329505566,8.0,2018.6404599151065,1.0,,0.6058270146118893,6.0,,10000.0,Catalog then correct,,0.0,,,,,,moderate,3973.816553015375,238.16508130578316,0.6962327783658897,,,0.7263680329505566,4211.981634321158,1.0,,3.0,6962.327783658897,0.3973816553015374,0.0238165081305783,40017,,"[""L003"", ""L006"", ""L008"", ""L027"", ""R003"", ""R004"", ""R006"", ""C001""]","[""L003"", ""R001"", ""R003"", ""R007"", ""C001"", ""C002""]",,,3.0,,multi_hotspot,2988.511230643522,0.0,,969.8707707284156,1.0,3,2003.3490603348084,1046.304890938161,2883.770749483143,1514.567536529723,5447.760247129174,195.07709427644005,774.7936764519754,7263.680329505565,2018.6404599151065,1033.058235269301,3051.698695184408,0.7263680329505566,8,238.16508130578268,301.35254584666836,0.0,63.187464540885344,-3.410605131648481e-13
0.0,0.0,,3219.934328513683,2,exp5:regular:r017,,3.0,,0.0,0.0,hardening:regular:r017,5,0.5825924616288779,6.0,2316.286113825685,1.0,,0.5825924616288779,6.0,,10000.000000000002,Catalog then correct,,2316.286113825685,,,,,,moderate,2756.777592661724,895.5372609212463,0.5825924616288779,,,0.6872249182096654,3652.3148535829705,0.0,,0.0,5825.924616288779,0.2756777592661724,0.0895537260921246,40017,,"[""R001"", ""R004"", ""R007"", ""R008"", ""C001"", ""C002""]","[""R001"", ""R004"", ""R007"", ""R008"", ""C001"", ""C002""]",,,3.0,,regular,3069.147023627055,0.0,,752.8609098013706,1.0,6,2316.286113825685,0.0,903.648214687998,0.0,5825.924616288779,0.0,752.8609098013706,6872.249182096653,2182.3499857481675,1037.5843427655154,3219.934328513683,0.6872249182096654,9,895.5372609212463,1046.324565807874,-133.93612807751742,284.7234329641449,-2.2737367544323206e-13
295.03486604404964,1.0,,3219.934328513683,2,exp5:regular:r017,,3.0,,543.1926892378277,0.0,hardening:regular:r017,5,0.6387819247373303,6.0,2363.1631566759565,1.0,,0.5825924616288779,6.0,,10000.000000000002,Catalog then correct,,1158.1430569128424,,,,,,moderate,3177.3659113346102,474.94894224836025,0.6387819247373303,,,0.6872249182096654,3652.3148535829705,0.5,,1.0,6387.819247373303,0.317736591133461,0.047494894224836,40017,,"[""R000"", ""R001"", ""R004"", ""R007"", ""R008"", ""C001""]","[""R001"", ""R004"", ""R007"", ""R008"", ""C001"", ""C002""]",,,3.0,,regular,3210.453336038693,248.15782319377809,,847.2901793627364,1.0,5,2316.286113825685,248.15782319377809,2061.7912716008404,0.0,6387.819247373303,0.0,847.2901793627364,6872.249182096653,2182.3499857481675,1037.5843427655154,3219.934328513683,0.6872249182096654,9,474.94894224836025,484.42993472335,-180.8131709277891,190.29416340277908,2.2737367544323206e-13
1269.1037719519934,6.0,,3219.934328513683,2,exp5:regular:r017,,3.0,,1269.1037719519934,0.0,hardening:regular:r017,5,0.6872249182096654,9.0,2182.3499857481675,1.0,,0.5825924616288779,6.0,,10000.000000000002,Catalog then correct,,0.0,,,,,,moderate,3652.3148535829705,0.0,0.6872249182096654,,,0.6872249182096654,3652.3148535829705,1.0,,3.0,6872.249182096653,0.3652314853582969,0.0,40017,,"[""L009"", ""L014"", ""L020"", ""R000"", ""R001"", ""R002"", ""R004"", ""R005"", ""R008""]","[""R001"", ""R004"", ""R007"", ""R008"", ""C001"", ""C002""]",,,3.0,,regular,3219.934328513683,0.0,,1037.5843427655154,1.0,3,2316.286113825685,1403.0399000295104,3219.934328513683,0.0,6872.249182096653,0.0,1037.5843427655154,6872.249182096653,2182.3499857481675,1037.5843427655154,3219.934328513683,0.6872249182096654,9,0.0,0.0,0.0,0.0,0.0
0.0,0.0,,3219.934328513683,2,exp5:regular:r017,,3.0,,0.0,0.01,hardening:regular:r017,5,0.5825924616288779,6.0,2316.286113825685,1.0,,0.5825924616288779,6.0,,10000.000000000002,Catalog then correct,,2316.286113825685,,,,,,moderate,2756.7775926617232,895.5372609212473,0.5825924616288778,,,0.6872249182096654,3652.3148535829705,0.0,,0.0,5825.924616288778,0.2756777592661723,0.0895537260921247,40017,,"[""R001"", ""R004"", ""R007"", ""R008"", ""C001"", ""C002""]","[""R001"", ""R004"", ""R007"", ""R008"", ""C001"", ""C002""]",,,3.0,,regular,3069.147023627055,0.0,,752.8609098013706,1.0,6,2316.286113825685,0.0,896.1196055899843,58.25924616288779,5767.665370125891,7.528609098013706,745.3323007033569,6872.249182096653,2182.3499857481675,1037.5843427655154,3219.934328513683,0.6872249182096654,9,895.5372609212473,1046.324565807875,-133.93612807751742,284.7234329641449,-2.2737367544323206e-13
295.03486604404964,1.0,,3219.934328513683,2,exp5:regular:r017,,3.0,,543.1926892378277,0.01,hardening:regular:r017,5,0.6387819247373303,6.0,2363.1631566759565,1.0,,0.5825924616288779,6.0,,10000.000000000002,Catalog then correct,,1158.1430569128424,,,,,,moderate,3172.6912577193784,479.6235958635921,0.6382200301062457,,,0.6872249182096654,3652.3148535829705,0.5,,1.0,6382.200301062458,0.3172691257719378,0.0479623595863592,40017,,"[""R000"", ""R001"", ""R004"", ""R007"", ""R008"", ""C001""]","[""R001"", ""R004"", ""R007"", ""R008"", ""C001"", ""C002""]",,,3.0,,regular,3209.509043343079,248.15782319377809,,846.3458866671227,1.0,5,2316.286113825685,248.15782319377809,2054.2626625028265,58.25924616288779,6323.94105489957,7.528609098013706,838.817277569109,6872.249182096653,2182.3499857481675,1037.5843427655154,3219.934328513683,0.6872249182096654,9,479.6235958635921,490.0488810341958,-180.8131709277891,191.2384560983927,-1.1368683772161603e-13
1269.1037719519934,6.0,,3219.934328513683,2,exp5:regular:r017,,3.0,,1269.1037719519934,0.01,hardening:regular:r017,5,0.6885565929369936,9.0,2182.3499857481675,1.0,,0.5825924616288779,6.0,,10000.000000000002,Catalog then correct,,0.0,,,,,,moderate,3655.035187725441,-2.72033414247062,0.6874969516239123,,,0.6872249182096654,3652.3148535829705,1.0,,3.0,6874.969516239124,0.365503518772544,-0.000272033414247,40017,,"[""L009"", ""L014"", ""L020"", ""R000"", ""R001"", ""R002"", ""R004"", ""R005"", ""R008""]","[""R001"", ""R004"", ""R007"", ""R008"", ""C001"", ""C002""]",,,3.0,,regular,3219.9343285136824,0.0,,1037.584342765515,1.0,3,2316.286113825685,1403.0399000295104,3212.405719415669,58.25924616288779,6816.710270076236,7.528609098013706,1030.0557336675013,6872.249182096653,2182.3499857481675,1037.5843427655154,3219.934328513683,0.6872249182096654,9,-2.7203341424706196,-2.720334142470165,0.0,4.547473508864641e-13,0.0
0.0,0.0,,3219.934328513683,2,exp5:regular:r017,,3.0,,0.0,0.1,hardening:regular:r017,5,0.5825924616288779,6.0,2316.286113825685,1.0,,0.5825924616288779,6.0,,10000.000000000002,Catalog then correct,,2316.286113825685,,,,,,moderate,2756.7775926617232,895.5372609212473,0.5825924616288779,,,0.6872249182096654,3652.3148535829705,0.0,,0.0,5825.924616288778,0.2756777592661723,0.0895537260921247,40017,,"[""R001"", ""R004"", ""R007"", ""R008"", ""C001"", ""C002""]","[""R001"", ""R004"", ""R007"", ""R008"", ""C001"", ""C002""]",,,3.0,,regular,3069.147023627055,0.0,,752.8609098013706,1.0,6,2316.286113825685,0.0,828.362123707861,582.5924616288779,5243.332154659901,75.28609098013706,677.5748188212335,6872.249182096653,2182.3499857481675,1037.5843427655154,3219.934328513683,0.6872249182096654,9,895.5372609212473,1046.324565807875,-133.93612807751742,284.7234329641449,-2.2737367544323206e-13
295.03486604404964,1.0,,3219.934328513683,2,exp5:regular:r017,,3.0,,543.1926892378277,0.1,hardening:regular:r017,5,0.6387819247373303,6.0,2363.1631566759565,1.0,,0.5825924616288779,6.0,,10000.000000000002,Catalog then correct,,1158.1430569128424,,,,,,moderate,3130.619375182295,521.6954784006757,0.6331629784264851,,,0.6872249182096654,3652.3148535829705,0.5,,1.0,6331.629784264851,0.3130619375182294,0.0521695478400675,40017,,"[""R000"", ""R001"", ""R004"", ""R007"", ""R008"", ""C001""]","[""R001"", ""R004"", ""R007"", ""R008"", ""C001"", ""C002""]",,,3.0,,regular,3201.010409082556,248.15782319377809,,837.8472524065998,1.0,5,2316.286113825685,248.15782319377809,1986.5051806207034,582.5924616288779,5749.037322635973,75.28609098013706,762.5611614264627,6872.249182096653,2182.3499857481675,1037.5843427655154,3219.934328513683,0.6872249182096654,9,521.6954784006757,540.6193978318024,-180.8131709277891,199.73709035891568,-1.1368683772161603e-13
1272.291600140214,6.0,,3219.934328513683,2,exp5:regular:r017,,3.0,,1272.291600140214,0.1,hardening:regular:r017,5,0.699359450182924,9.0,2185.5378139363884,1.0,,0.5825924616288779,6.0,,10000.000000000002,Catalog then correct,,0.0,,,,,,moderate,3661.796320470308,-9.481466887337774,0.6876827513275194,,,0.6872249182096654,3652.3148535829705,1.0,,3.0,6876.827513275194,0.3661796320470307,-0.0009481466887337,40017,,"[""L009"", ""L020"", ""L024"", ""R000"", ""R001"", ""R002"", ""R004"", ""R005"", ""R008""]","[""R001"", ""R004"", ""R007"", ""R008"", ""C001"", ""C002""]",,,3.0,,regular,3215.031192804886,0.0,,1029.4933788684978,1.0,3,2316.286113825685,1403.0399000295104,3144.648237533546,582.5924616288779,6294.235051646317,75.28609098013706,954.2072878883607,6872.249182096653,2182.3499857481675,1037.5843427655154,3219.934328513683,0.6872249182096654,9,-9.48146688733732,-4.578331178540793,-3.1878281882209194,8.090963897017673,2.2737367544323206e-13
0.0,0.0,,3219.934328513683,2,exp5:regular:r017,,3.0,,0.0,0.25,hardening:regular:r017,5,0.5825924616288779,6.0,2316.286113825685,1.0,,0.5825924616288779,6.0,,10000.000000000002,Catalog then correct,,2316.286113825685,,,,,,moderate,2756.7775926617232,895.5372609212473,0.5825924616288779,,,0.6872249182096654,3652.3148535829705,0.0,,0.0,5825.924616288778,0.2756777592661723,0.0895537260921247,40017,,"[""R001"", ""R004"", ""R007"", ""R008"", ""C001"", ""C002""]","[""R001"", ""R004"", ""R007"", ""R008"", ""C001"", ""C002""]",,,3.0,,regular,3069.147023627055,0.0,,752.8609098013706,1.0,6,2316.286113825685,0.0,715.4329872376554,1456.4811540721948,4369.443462216584,188.21522745034264,564.645682351028,6872.249182096653,2182.3499857481675,1037.5843427655154,3219.934328513683,0.6872249182096654,9,895.5372609212473,1046.324565807875,-133.93612807751742,284.7234329641449,-2.2737367544323206e-13
295.03486604404964,1.0,,3219.934328513683,2,exp5:regular:r017,,3.0,,543.1926892378277,0.25,hardening:regular:r017,5,0.6387819247373303,6.0,2363.1631566759565,1.0,,0.5825924616288779,6.0,,10000.000000000002,Catalog then correct,,1158.1430569128424,,,,,,moderate,3060.49957095382,591.8152826291507,0.6247345589602172,,,0.6872249182096654,3652.3148535829705,0.5,,1.0,6247.345589602172,0.3060499570953819,0.059181528262915,40017,,"[""R000"", ""R001"", ""R004"", ""R007"", ""R008"", ""C001""]","[""R001"", ""R004"", ""R007"", ""R008"", ""C001"", ""C002""]",,,3.0,,regular,3186.846018648352,248.15782319377809,,823.6828619723949,1.0,5,2316.286113825685,248.15782319377809,1873.5760441504979,1456.4811540721948,4790.8644355299775,188.21522745034264,635.4676345220523,6872.249182096653,2182.3499857481675,1037.5843427655154,3219.934328513683,0.6872249182096654,9,591.8152826291507,624.903592494481,-180.8131709277891,213.90148079312053,1.1368683772161603e-12
1305.3829935076214,6.0,,3219.934328513683,2,exp5:regular:r017,,3.0,,1305.3829935076214,0.25,hardening:regular:r017,5,0.7091718830800919,9.0,2218.629207303796,1.0,,0.5825924616288779,6.0,,10000.000000000002,Catalog then correct,,0.0,,,,,,moderate,3557.279172564394,95.03568101857672,0.6775270277172883,,,0.6872249182096654,3652.3148535829705,1.0,,3.0,6775.270277172885,0.3557279172564393,0.0095035681018576,40017,,"[""L009"", ""L020"", ""L032"", ""R000"", ""R001"", ""R002"", ""R004"", ""R005"", ""R008""]","[""R001"", ""R004"", ""R007"", ""R008"", ""C001"", ""C002""]",,,3.0,,regular,3217.991104608491,0.0,,999.3618973046948,1.0,3,2316.286113825685,1403.0399000295104,3031.71910106334,1456.4811540721948,5318.78912310069,188.21522745034264,811.1466698543522,6872.249182096653,2182.3499857481675,1037.5843427655154,3219.934328513683,0.6872249182096654,9,95.03568101857672,96.97890492376882,-36.27922155562874,38.22244546082061,-2.2737367544323206e-13
281.1447304188385,2.0,,3122.2820399652,2,exp5:asymmetric:r018,,3.0,,281.1447304188385,0.0,hardening:asymmetric:r018,5,0.4863043302848395,9.0,2442.001632253159,1.0,,0.4222459125235644,7.0,,10000.000000000002,Catalog then correct,,2160.8569018343205,,,,,,moderate,1741.6477378669138,1772.3207293116898,0.4863043302848395,,,0.6603213978484154,3513.9684671786035,0.0,,0.0,4863.043302848394,0.1741647737866913,0.1772320729311689,40018,,"[""L007"", ""L014"", ""L019"", ""L028"", ""R001"", ""R004"", ""R007"", ""C000"", ""C002""]","[""L007"", ""L028"", ""R001"", ""R004"", ""R007"", ""C000"", ""C002""]",,,3.0,,asymmetric,3121.39556498148,0.0,,679.393932728321,1.0,7,2160.8569018343205,0.0,961.4251381308795,0.0,4863.043302848394,0.0,679.393932728321,6603.213978484154,2161.183220815245,928.0622904903056,3089.2455113055503,0.6603213978484154,8,1772.3207293116898,1740.1706756357598,-280.81841143791416,248.66835776198457,3.410605131648481e-13
520.7114400407661,1.0,,3122.2820399652,2,exp5:asymmetric:r018,,3.0,,763.9529138354114,0.0,hardening:asymmetric:r018,5,0.5443957942775143,7.0,2438.3268680804413,1.0,,0.4222459125235644,7.0,,10000.000000000002,Catalog then correct,,1080.4284509171605,,,,,,moderate,2321.94597724479,1192.0224899338136,0.5443957942775143,,,0.6603213978484154,3513.9684671786035,0.5,,1.0,5443.957942775142,0.2321945977244789,0.1192022489933813,40018,,"[""L007"", ""L028"", ""R001"", ""R004"", ""R007"", ""C000"", ""C001""]","[""L007"", ""L028"", ""R001"", ""R004"", ""R007"", ""C000"", ""C002""]",,,3.0,,asymmetric,3122.0119655303524,243.2414737946453,,683.6850974499109,1.0,6,2160.8569018343205,243.24147379464532,2041.8535890480398,0.0,5443.957942775142,0.0,683.6850974499109,6603.213978484154,2161.183220815245,928.0622904903056,3089.2455113055503,0.6603213978484154,8,1192.0224899338136,1159.2560357090115,-277.14364726519625,244.37719304039467,5.684341886080801e-13
1586.8327581985848,6.0,,3122.2820399652,2,exp5:asymmetric:r018,,3.0,,1586.8327581985848,0.0,hardening:asymmetric:r018,5,0.6603213978484154,8.0,2161.183220815245,1.0,,0.4222459125235644,7.0,,10000.000000000002,Catalog then correct,,0.0,,,,,,moderate,3513.9684671786035,0.0,0.6603213978484154,,,0.6603213978484154,3513.9684671786035,1.0,,5.0,6603.213978484154,0.3513968467178603,0.0,40018,,"[""L008"", ""L014"", ""L019"", ""R001"", ""R006"", ""R007"", ""R008"", ""C001""]","[""L007"", ""L028"", ""R001"", ""R004"", ""R007"", ""C000"", ""C002""]",,,3.0,,asymmetric,3089.2455113055503,0.0,,928.0622904903056,1.0,2,2160.8569018343205,1586.506439217661,3122.2820399652,0.0,6603.213978484154,0.0,928.0622904903056,6603.213978484154,2161.183220815245,928.0622904903056,3089.2455113055503,0.6603213978484154,8,0.0,0.0,0.0,0.0,0.0
281.1447304188385,2.0,,3122.2820399652,2,exp5:asymmetric:r018,,3.0,,281.1447304188385,0.01,hardening:asymmetric:r018,5,0.4863043302848395,9.0,2442.001632253159,1.0,,0.4222459125235644,7.0,,10000.000000000002,Catalog then correct,,2160.8569018343205,,,,,,moderate,1736.3843750007245,1777.584092177879,0.4856637461072267,,,0.6603213978484154,3513.9684671786035,0.0,,0.0,4856.637461072267,0.1736384375000724,0.1777584092177878,40018,,"[""L007"", ""L014"", ""L019"", ""L028"", ""R001"", ""R004"", ""R007"", ""C000"", ""C002""]","[""L007"", ""L028"", ""R001"", ""R004"", ""R007"", ""C000"", ""C002""]",,,3.0,,asymmetric,3120.2530860715424,0.0,,678.2514538183834,1.0,7,2160.8569018343205,0.0,955.773677713534,42.22459125235645,4814.41286981991,5.651460417345574,672.5999934010379,6603.213978484154,2161.183220815245,928.0622904903056,3089.2455113055503,0.6603213978484154,8,1777.584092177879,1746.576517411887,-280.81841143791416,249.81083667192217,1.1368683772161603e-13
520.7114400407661,1.0,,3122.2820399652,2,exp5:asymmetric:r018,,3.0,,763.9529138354114,0.01,hardening:asymmetric:r018,5,0.5443957942775143,7.0,2438.3268680804413,1.0,,0.4222459125235644,7.0,,10000.000000000002,Catalog then correct,,1080.4284509171605,,,,,,moderate,2310.9163796265498,1203.0520875520538,0.5431742954599748,,,0.6603213978484154,3513.9684671786035,0.5,,1.0,5431.742954599748,0.2310916379626549,0.1203052087552053,40018,,"[""L007"", ""L028"", ""R001"", ""R004"", ""R007"", ""C000"", ""C001""]","[""L007"", ""L028"", ""R001"", ""R004"", ""R007"", ""C000"", ""C002""]",,,3.0,,asymmetric,3120.8265749731986,243.2414737946453,,682.4997068927574,1.0,6,2160.8569018343205,243.24147379464532,2036.2021286306942,42.22459125235645,5389.518363347392,5.651460417345574,676.8482464754119,6603.213978484154,2161.183220815245,928.0622904903056,3089.2455113055503,0.6603213978484154,8,1203.0520875520538,1171.4710238844054,-277.14364726519625,245.56258359754816,2.2737367544323206e-13
1586.8327581985848,6.0,,3122.2820399652,2,exp5:asymmetric:r018,,3.0,,1586.8327581985848,0.01,hardening:asymmetric:r018,5,0.6603213978484153,8.0,2161.183220815245,1.0,,0.4222459125235644,7.0,,10000.000000000002,Catalog then correct,,0.0,,,,,,moderate,3493.790081133676,20.17838604492772,0.6579406429951667,,,0.6603213978484154,3513.9684671786035,1.0,,5.0,6579.4064299516685,0.3493790081133675,0.0020178386044927,40018,,"[""L008"", ""L014"", ""L019"", ""R001"", ""R006"", ""R007"", ""R008"", ""C001""]","[""L007"", ""L028"", ""R001"", ""R004"", ""R007"", ""C000"", ""C002""]",,,3.0,,asymmetric,3085.6163488179927,0.0,,924.433128002748,1.0,2,2160.8569018343205,1586.506439217661,3116.6305795478543,42.22459125235645,6537.181838699312,5.651460417345574,918.7816675854025,6603.213978484154,2161.183220815245,928.0622904903056,3089.2455113055503,0.6603213978484154,8,20.17838604492772,23.80754853248527,0.0,3.6291624875575508,0.0
286.0977046597008,2.0,,3122.2820399652,2,exp5:asymmetric:r018,,3.0,,286.0977046597008,0.1,hardening:asymmetric:r018,5,0.4884871289087638,9.0,2446.9546064940214,1.0,,0.4222459125235644,7.0,,10000.000000000002,Catalog then correct,,2160.8569018343205,,,,,,moderate,1699.9119091401658,1814.0565580384375,0.4818630072702439,,,0.6603213978484154,3513.9684671786035,0.0,,0.0,4818.63007270244,0.1699911909140165,0.1814056558038437,40018,,"[""L007"", ""L009"", ""L014"", ""L028"", ""R001"", ""R004"", ""R007"", ""C000"", ""C002""]","[""L007"", ""L028"", ""R001"", ""R004"", ""R007"", ""C000"", ""C002""]",,,3.0,,asymmetric,3118.718163562274,0.0,,671.7635570682529,1.0,7,2160.8569018343205,0.0,904.9105339574238,422.2459125235645,4396.384160178875,56.51460417345575,615.2489528947972,6603.213978484154,2161.183220815245,928.0622904903056,3089.2455113055503,0.6603213978484154,8,1814.0565580384377,1784.5839057817138,-285.77138567877637,256.2987334220527,2.2737367544323206e-13
520.7114400407661,1.0,,3122.2820399652,2,exp5:asymmetric:r018,,3.0,,763.9529138354114,0.1,hardening:asymmetric:r018,5,0.5443957942775143,7.0,2438.3268680804413,1.0,,0.4222459125235644,7.0,,10000.000000000002,Catalog then correct,,1080.4284509171605,,,,,,moderate,2211.650001062376,1302.3184661162277,0.5321808061021194,,,0.6603213978484154,3513.9684671786035,0.5,,1.0,5321.808061021193,0.2211650001062375,0.1302318466116227,40018,,"[""L007"", ""L028"", ""R001"", ""R004"", ""R007"", ""C000"", ""C001""]","[""L007"", ""L028"", ""R001"", ""R004"", ""R007"", ""C000"", ""C002""]",,,3.0,,asymmetric,3110.158059958817,243.2414737946453,,671.8311918783756,1.0,6,2160.8569018343205,243.24147379464532,1985.338984874584,422.2459125235645,4899.562148497628,56.51460417345575,615.3165877049199,6603.213978484154,2161.183220815245,928.0622904903056,3089.2455113055503,0.6603213978484154,8,1302.3184661162277,1281.405917462961,-277.14364726519625,256.23109861192995,3.410605131648481e-13
1586.8327581985848,6.0,,3122.2820399652,2,exp5:asymmetric:r018,,3.0,,1586.8327581985848,0.1,hardening:asymmetric:r018,5,0.6603213978484153,8.0,2161.183220815245,1.0,,0.4222459125235644,7.0,,10000.000000000002,Catalog then correct,,0.0,,,,,,moderate,3312.184606729328,201.78386044927583,0.6365138493159302,,,0.6603213978484154,3513.9684671786035,1.0,,5.0,6365.138493159303,0.3312184606729327,0.0201783860449275,40018,,"[""L008"", ""L014"", ""L019"", ""R001"", ""R006"", ""R007"", ""R008"", ""C001""]","[""L007"", ""L028"", ""R001"", ""R004"", ""R007"", ""C000"", ""C002""]",,,3.0,,asymmetric,3052.9538864299752,0.0,,891.7706656147307,1.0,2,2160.8569018343205,1586.506439217661,3065.7674357917444,422.2459125235645,5942.892580635738,56.51460417345575,835.2560614412749,6603.213978484154,2161.183220815245,928.0622904903056,3089.2455113055503,0.6603213978484154,8,201.78386044927538,238.0754853248509,0.0,36.29162487557494,-5.684341886080801e-13
287.2689161527807,2.0,,3122.2820399652,2,exp5:asymmetric:r018,,3.0,,287.2689161527807,0.25,hardening:asymmetric:r018,5,0.4920342398425842,9.0,2448.125817987101,1.0,,0.4222459125235644,7.0,,10000.000000000002,Catalog then correct,,2160.8569018343205,,,,,,moderate,1633.1927090580805,1880.7757581205235,0.4745871580128293,,,0.6603213978484154,3513.9684671786035,0.0,,0.0,4745.871580128293,0.163319270905808,0.1880775758120522,40018,,"[""L007"", ""L014"", ""L028"", ""L031"", ""R001"", ""R004"", ""R007"", ""C000"", ""C002""]","[""L007"", ""L028"", ""R001"", ""R004"", ""R007"", ""C000"", ""C002""]",,,3.0,,asymmetric,3112.678871070213,0.0,,664.5530530831122,1.0,7,2160.8569018343205,0.0,820.1386276972402,1055.6147813089112,3690.2567988193823,141.28651043363936,523.2665426494729,6603.213978484154,2161.183220815245,928.0622904903056,3089.2455113055503,0.6603213978484154,8,1880.775758120523,1857.3423983558605,-286.94259717185605,263.5092374071934,-1.1368683772161603e-13
520.7114400407661,1.0,,3122.2820399652,2,exp5:asymmetric:r018,,3.0,,763.9529138354114,0.25,hardening:asymmetric:r018,5,0.5443957942775143,7.0,2438.3268680804413,1.0,,0.4222459125235644,7.0,,10000.000000000002,Catalog then correct,,1080.4284509171605,,,,,,moderate,2046.2060367887543,1467.7624303898492,0.5138583238390269,,,0.6603213978484154,3513.9684671786035,0.5,,1.0,5138.583238390268,0.2046206036788753,0.1467762430389849,40018,,"[""L007"", ""L028"", ""R001"", ""R004"", ""R007"", ""C000"", ""C001""]","[""L007"", ""L028"", ""R001"", ""R004"", ""R007"", ""C000"", ""C002""]",,,3.0,,asymmetric,3092.3772016015137,243.2414737946453,,654.0503335210726,1.0,6,2160.8569018343205,243.24147379464532,1900.5670786144005,1055.6147813089112,4082.968457081357,141.28651043363936,512.7638230874333,6603.213978484154,2161.183220815245,928.0622904903056,3089.2455113055503,0.6603213978484154,8,1467.7624303898492,1464.6307400938858,-277.14364726519625,274.011956969233,1.1368683772161603e-13
1586.8327581985848,6.0,,3122.2820399652,2,exp5:asymmetric:r018,,3.0,,1586.8327581985848,0.25,hardening:asymmetric:r018,5,0.6603213978484153,8.0,2161.183220815245,1.0,,0.4222459125235644,7.0,,10000.000000000002,Catalog then correct,,0.0,,,,,,moderate,3009.5088160554133,504.4596511231903,0.6008025265172026,,,0.6603213978484154,3513.9684671786035,1.0,,5.0,6008.025265172027,0.3009508816055413,0.050445965112319,40018,,"[""L008"", ""L014"", ""L019"", ""R001"", ""R006"", ""R007"", ""R008"", ""C001""]","[""L007"", ""L028"", ""R001"", ""R004"", ""R007"", ""C000"", ""C002""]",,,3.0,,asymmetric,2998.5164491166133,0.0,,837.3332283013685,1.0,2,2160.8569018343205,1586.506439217661,2980.995529531561,1055.6147813089112,4952.410483863116,141.28651043363936,696.0467178677292,6603.213978484154,2161.183220815245,928.0622904903056,3089.2455113055503,0.6603213978484154,8,504.45965112319027,595.1887133121272,0.0,90.72906218893706,1.1368683772161603e-13
137.1847306793665,1.0,,3144.247219381794,2,exp5:multi_hotspot:r018,,3.0,,137.1847306793665,0.0,hardening:multi_hotspot:r018,5,0.6002177594455573,8.0,2259.615025280953,1.0,,0.5593330868564128,7.0,,10000.000000000002,Catalog then correct,,2122.430294601587,,,,,,moderate,2859.8571403201604,685.5050959838413,0.6002177594455573,,,0.6686435720039036,3545.3622363040017,0.0,,0.0,6002.177594455575,0.285985714032016,0.0685505095983841,40018,,"[""L002"", ""L016"", ""R000"", ""R001"", ""R002"", ""R003"", ""R007"", ""C001""]","[""L002"", ""R000"", ""R001"", ""R002"", ""R003"", ""R007"", ""C001""]",,,3.0,,multi_hotspot,3142.3204541354144,0.0,,882.7054288544607,1.0,7,2122.430294601587,0.0,1021.816924780207,0.0,6002.177594455575,0.0,882.7054288544607,6686.435720039037,2047.7067931337097,1093.3666906013254,3141.073483735035,0.6686435720039036,10,685.5050959838413,684.2581255834621,-211.90823214724333,210.66126174686474,6.821210263296962e-13
301.71197956779696,2.0,,3144.247219381794,2,exp5:multi_hotspot:r018,,3.0,,560.8683446138614,0.0,hardening:multi_hotspot:r018,5,0.6135868920515452,8.0,2164.9859091233197,1.0,,0.5593330868564128,7.0,,10000.000000000002,Catalog then correct,,1061.2151473007934,,,,,,moderate,3008.678624955385,536.6836113486165,0.6135868920515452,,,0.6686435720039036,3545.3622363040017,0.5,,1.0,6135.868920515452,0.3008678624955385,0.0536683611348616,40018,,"[""L002"", ""L010"", ""L020"", ""R000"", ""R001"", ""R002"", ""R003"", ""R007""]","[""L002"", ""R000"", ""R001"", ""R002"", ""R003"", ""R007"", ""C001""]",,,3.0,,multi_hotspot,3127.190295560067,259.1563650460645,,962.204386436748,1.0,6,2122.430294601587,259.1563650460645,2083.0320720810005,0.0,6135.868920515452,0.0,962.204386436748,6686.435720039037,2047.7067931337097,1093.3666906013254,3141.073483735035,0.6686435720039036,10,536.6836113486165,550.5667995235845,-117.27911598961009,131.16230416457745,-5.684341886080801e-13
729.5181425634313,5.0,,3144.247219381794,2,exp5:multi_hotspot:r018,,3.0,,729.5181425634313,0.0,hardening:multi_hotspot:r018,5,0.6686435720039036,10.0,2047.7067931337097,1.0,,0.5593330868564128,7.0,,10000.000000000002,Catalog then correct,,0.0,,,,,,moderate,3545.3622363040017,0.0,0.6686435720039036,,,0.6686435720039036,3545.3622363040017,1.0,,2.0,6686.435720039037,0.3545362236304001,0.0,40018,,"[""L002"", ""L010"", ""L020"", ""L026"", ""L028"", ""L034"", ""R000"", ""R002"", ""R003"", ""R007""]","[""L002"", ""R000"", ""R001"", ""R002"", ""R003"", ""R007"", ""C001""]",,,3.0,,multi_hotspot,3141.073483735035,0.0,,1093.3666906013254,1.0,5,2122.430294601587,804.2416440313089,3144.247219381794,0.0,6686.435720039037,0.0,1093.3666906013254,6686.435720039037,2047.7067931337097,1093.3666906013254,3141.073483735035,0.6686435720039036,10,0.0,0.0,0.0,0.0,0.0
137.1847306793665,1.0,,3144.247219381794,2,exp5:multi_hotspot:r018,,3.0,,137.1847306793665,0.01,hardening:multi_hotspot:r018,5,0.6002177594455573,8.0,2259.615025280953,1.0,,0.5593330868564128,7.0,,10000.000000000002,Catalog then correct,,2122.430294601587,,,,,,moderate,2856.564248756345,688.7979875476572,0.599808912719666,,,0.6686435720039036,3545.3622363040017,0.0,,0.0,5998.08912719666,0.2856564248756344,0.0688797987547657,40018,,"[""L002"", ""L016"", ""R000"", ""R001"", ""R002"", ""R003"", ""R007"", ""C001""]","[""L002"", ""R000"", ""R001"", ""R002"", ""R003"", ""R007"", ""C001""]",,,3.0,,multi_hotspot,3141.524878440316,0.0,,881.9098531593622,1.0,7,2122.430294601587,0.0,1013.7854461867607,55.93330868564128,5942.155818511019,8.03147859344632,873.8783745659159,6686.435720039037,2047.7067931337097,1093.3666906013254,3141.073483735035,0.6686435720039036,10,688.7979875476567,688.3465928423766,-211.90823214724333,211.45683744196322,0.0
301.71197956779696,2.0,,3144.247219381794,2,exp5:multi_hotspot:r018,,3.0,,560.8683446138614,0.01,hardening:multi_hotspot:r018,5,0.6135868920515452,8.0,2164.9859091233197,1.0,,0.5593330868564128,7.0,,10000.000000000002,Catalog then correct,,1061.2151473007934,,,,,,moderate,3004.843809706793,540.5184265972089,0.6130443539995939,,,0.6686435720039036,3545.3622363040017,0.5,,1.0,6130.443539995939,0.3004843809706792,0.0540518426597208,40018,,"[""L002"", ""L010"", ""L020"", ""R000"", ""R001"", ""R002"", ""R003"", ""R007""]","[""L002"", ""R000"", ""R001"", ""R002"", ""R003"", ""R007"", ""C001""]",,,3.0,,multi_hotspot,3125.5997302891465,259.1563650460645,,960.613821165827,1.0,6,2122.430294601587,259.1563650460645,2075.000593487554,55.93330868564128,6074.510231310298,8.03147859344632,952.5823425723806,6686.435720039037,2047.7067931337097,1093.3666906013254,3141.073483735035,0.6686435720039036,10,540.5184265972089,555.9921800430975,-117.27911598961009,132.7528694354985,-2.2737367544323206e-13
729.5181425634313,5.0,,3144.247219381794,2,exp5:multi_hotspot:r018,,3.0,,729.5181425634313,0.01,hardening:multi_hotspot:r018,5,0.6686435720039036,10.0,2047.7067931337097,1.0,,0.5593330868564128,7.0,,10000.000000000002,Catalog then correct,,0.0,,,,,,moderate,3537.3333761018184,8.028860202183296,0.6675504671524287,,,0.6686435720039036,3545.3622363040017,1.0,,2.0,6675.504671524287,0.3537333376101818,0.0008028860202183,40018,,"[""L002"", ""L010"", ""L020"", ""L026"", ""L028"", ""L034"", ""R000"", ""R002"", ""R003"", ""R007""]","[""L002"", ""R000"", ""R001"", ""R002"", ""R003"", ""R007"", ""C001""]",,,3.0,,multi_hotspot,3138.1712954224686,0.0,,1090.4645022887587,1.0,5,2122.430294601587,804.2416440313089,3136.2157407883474,55.93330868564128,6619.571362838646,8.03147859344632,1082.4330236953124,6686.435720039037,2047.7067931337097,1093.3666906013254,3141.073483735035,0.6686435720039036,10,8.028860202183296,10.931048514749818,0.0,2.90218831256675,2.2737367544323206e-13
143.9358461447357,1.0,,3144.247219381794,2,exp5:multi_hotspot:r018,,3.0,,143.9358461447357,0.1,hardening:multi_hotspot:r018,5,0.6021374973184161,8.0,2266.3661407463223,1.0,,0.5593330868564128,7.0,,10000.000000000002,Catalog then correct,,2122.430294601587,,,,,,moderate,2834.323343340366,711.0388929636356,0.5978570562722159,,,0.6686435720039036,3545.3622363040017,0.0,,0.0,5978.57056272216,0.2834323343340366,0.0711038892963635,40018,,"[""L002"", ""L028"", ""R000"", ""R001"", ""R002"", ""R003"", ""R007"", ""C001""]","[""L002"", ""R000"", ""R001"", ""R002"", ""R003"", ""R007"", ""C001""]",,,3.0,,multi_hotspot,3144.247219381793,0.0,,877.8810786354712,1.0,7,2122.430294601587,0.0,941.5021388457438,559.3330868564128,5419.237475865747,80.3147859344632,797.566292701008,6686.435720039037,2047.7067931337097,1093.3666906013254,3141.073483735035,0.6686435720039036,10,711.0388929636356,707.8651573168772,-218.6593476126127,215.48561196585422,-1.1368683772161603e-13
301.71197956779696,2.0,,3144.247219381794,2,exp5:multi_hotspot:r018,,3.0,,560.8683446138614,0.1,hardening:multi_hotspot:r018,5,0.6135868920515452,8.0,2164.9859091233197,1.0,,0.5593330868564128,7.0,,10000.000000000002,Catalog then correct,,1061.2151473007934,,,,,,moderate,2970.330472469464,575.0317638345377,0.6081615115320319,,,0.6686435720039036,3545.3622363040017,0.5,,1.0,6081.61511532032,0.2970330472469463,0.0575031763834537,40018,,"[""L002"", ""L010"", ""L020"", ""R000"", ""R001"", ""R002"", ""R003"", ""R007""]","[""L002"", ""R000"", ""R001"", ""R002"", ""R003"", ""R007"", ""C001""]",,,3.0,,multi_hotspot,3111.284642850856,259.1563650460645,,946.2987337275366,1.0,6,2122.430294601587,259.1563650460645,2002.7172861465374,559.3330868564128,5522.282028463907,80.3147859344632,865.9839477930734,6686.435720039037,2047.7067931337097,1093.3666906013254,3141.073483735035,0.6686435720039036,10,575.0317638345377,604.8206047187168,-117.27911598961009,147.06795687378883,-3.410605131648481e-13
729.5181425634313,5.0,,3144.247219381794,2,exp5:multi_hotspot:r018,,3.0,,729.5181425634313,0.1,hardening:multi_hotspot:r018,5,0.6686435720039036,10.0,2047.7067931337097,1.0,,0.5593330868564128,7.0,,10000.000000000002,Catalog then correct,,0.0,,,,,,moderate,3465.0736342821792,80.2886020218225,0.6577125234891545,,,0.6686435720039036,3545.3622363040017,1.0,,2.0,6577.125234891545,0.3465073634282178,0.0080288602021822,40018,,"[""L002"", ""L010"", ""L020"", ""L026"", ""L028"", ""L034"", ""R000"", ""R002"", ""R003"", ""R007""]","[""L002"", ""R000"", ""R001"", ""R002"", ""R003"", ""R007"", ""C001""]",,,3.0,,multi_hotspot,3112.051600609366,0.0,,1064.344807475656,1.0,5,2122.430294601587,804.2416440313089,3063.932433447331,559.3330868564128,6017.792148035132,80.3147859344632,984.0300215411927,6686.435720039037,2047.7067931337097,1093.3666906013254,3141.073483735035,0.6686435720039036,10,80.2886020218225,109.31048514749182,0.0,29.021883125669547,2.2737367544323206e-13
146.4596259088879,1.0,,3144.247219381794,2,exp5:multi_hotspot:r018,,3.0,,146.4596259088879,0.25,hardening:multi_hotspot:r018,5,0.6050636842932314,8.0,2268.889920510475,1.0,,0.5593330868564128,7.0,,10000.000000000002,Catalog then correct,,2122.430294601587,,,,,,moderate,2794.862467670404,750.4997686335978,0.5936310349340268,,,0.6686435720039036,3545.3622363040017,0.0,,0.0,5936.31034934027,0.2794862467670403,0.0750499768633597,40018,,"[""L002"", ""L010"", ""R000"", ""R001"", ""R002"", ""R003"", ""R007"", ""C001""]","[""L002"", ""R000"", ""R001"", ""R002"", ""R003"", ""R007"", ""C001""]",,,3.0,,multi_hotspot,3141.4478816698656,0.0,,872.557961159391,1.0,7,2122.430294601587,0.0,821.0299599440491,1398.332717141032,4537.977632199238,200.786964836158,671.770996323233,6686.435720039037,2047.7067931337097,1093.3666906013254,3141.073483735035,0.6686435720039036,10,750.4997686335978,750.1253706987673,-221.18312737676524,220.80872944193447,-2.2737367544323206e-13
301.71197956779696,2.0,,3144.247219381794,2,exp5:multi_hotspot:r018,,3.0,,560.8683446138614,0.25,hardening:multi_hotspot:r018,5,0.6135868920515452,8.0,2164.9859091233197,1.0,,0.5593330868564128,7.0,,10000.000000000002,Catalog then correct,,1061.2151473007934,,,,,,moderate,2912.808243740583,632.5539925634189,0.600023440752762,,,0.6686435720039036,3545.3622363040017,0.5,,1.0,6000.234407527621,0.2912808243740582,0.0632553992563418,40018,,"[""L002"", ""L010"", ""L020"", ""R000"", ""R001"", ""R002"", ""R003"", ""R007""]","[""L002"", ""R000"", ""R001"", ""R002"", ""R003"", ""R007"", ""C001""]",,,3.0,,multi_hotspot,3087.4261637870386,259.1563650460645,,922.4402546637192,1.0,6,2122.430294601587,259.1563650460645,1882.2451072448425,1398.332717141032,4601.9016903865895,200.786964836158,721.6532898275611,6686.435720039037,2047.7067931337097,1093.3666906013254,3141.073483735035,0.6686435720039036,10,632.5539925634189,686.2013125114154,-117.27911598961009,170.92643593760624,-3.410605131648481e-13
729.5181425634313,5.0,,3144.247219381794,2,exp5:multi_hotspot:r018,,3.0,,729.5181425634313,0.25,hardening:multi_hotspot:r018,5,0.6686435720039036,10.0,2047.7067931337097,1.0,,0.5593330868564128,7.0,,10000.000000000002,Catalog then correct,,0.0,,,,,,moderate,3344.6407312494475,200.7215050545542,0.6413159507170308,,,0.6686435720039036,3545.3622363040017,1.0,,2.0,6413.15950717031,0.3344640731249447,0.0200721505054554,40018,,"[""L002"", ""L010"", ""L020"", ""L026"", ""L028"", ""L034"", ""R000"", ""R002"", ""R003"", ""R007""]","[""L002"", ""R000"", ""R001"", ""R002"", ""R003"", ""R007"", ""C001""]",,,3.0,,multi_hotspot,3068.518775920862,0.0,,1020.811982787152,1.0,5,2122.430294601587,804.2416440313089,2943.460254545636,1398.332717141032,5014.826790029278,200.786964836158,820.025017950994,6686.435720039037,2047.7067931337097,1093.3666906013254,3141.073483735035,0.6686435720039036,10,200.7215050545542,273.27621286872727,0.0,72.55470781417341,3.410605131648481e-13
0.0,0.0,,3175.553828239308,2,exp5:regular:r018,,3.0,,0.0,0.0,hardening:regular:r018,5,0.5610701172847007,8.0,2224.60803274958,1.0,,0.5610701172847007,8.0,,9999.999999999996,Catalog then correct,,2224.60803274958,,,,,,moderate,2598.705672833329,1588.5469355811829,0.5610701172847007,,,0.7305845734760166,4187.252608414512,0.0,,0.0,5610.701172847006,0.259870567283333,0.1588546935581183,40018,,"[""L007"", ""L016"", ""R000"", ""R003"", ""R004"", ""R005"", ""R006"", ""C002""]","[""L007"", ""L016"", ""R000"", ""R003"", ""R004"", ""R005"", ""R006"", ""C002""]",,,3.0,,regular,3011.995500013677,0.0,,787.387467264097,1.0,8,2224.60803274958,0.0,950.945795489728,0.0,5610.701172847006,0.0,787.387467264097,7305.845734760165,2153.450660811356,965.142465534298,3118.5931263456537,0.7305845734760166,7,1588.5469355811829,1695.1445619131591,-71.15737193822406,177.75499827020099,6.821210263296962e-13
289.000244120576,2.0,,3175.553828239308,2,exp5:regular:r018,,3.0,,552.728674211874,0.0,hardening:regular:r018,5,0.6164111181064263,9.0,2249.8798467788583,1.0,,0.5610701172847007,8.0,,9999.999999999996,Catalog then correct,,1112.30401637479,,,,,,moderate,2988.557352824955,1198.6952555895568,0.6164111181064263,,,0.7305845734760166,4187.252608414512,0.5,,1.0,6164.111181064263,0.2988557352824956,0.1198695255589557,40018,,"[""L007"", ""L016"", ""L021"", ""L024"", ""R000"", ""R003"", ""R004"", ""R005"", ""R006""]","[""L007"", ""L016"", ""R000"", ""R003"", ""R004"", ""R005"", ""R006"", ""C002""]",,,3.0,,regular,3175.553828239308,263.72843009129804,,925.67398146045,1.0,7,2224.60803274958,263.72843009129804,2063.249811864518,0.0,6164.111181064263,0.0,925.67398146045,7305.845734760165,2153.450660811356,965.142465534298,3118.5931263456537,0.7305845734760166,7,1198.6952555895568,1141.734553695902,-96.42918596750224,39.468484073848,6.821210263296962e-13
1166.2694138624267,3.0,,3175.553828239308,2,exp5:regular:r018,,3.0,,1166.2694138624267,0.0,hardening:regular:r018,5,0.7305845734760166,7.0,2153.450660811356,1.0,,0.5610701172847007,8.0,,9999.999999999996,Catalog then correct,,0.0,,,,,,moderate,4187.252608414512,0.0,0.7305845734760166,,,0.7305845734760166,4187.252608414512,1.0,,4.0,7305.845734760165,0.4187252608414513,0.0,40018,,"[""L016"", ""R000"", ""R001"", ""R003"", ""R005"", ""R007"", ""C001""]","[""L007"", ""L016"", ""R000"", ""R003"", ""R004"", ""R005"", ""R006"", ""C002""]",,,3.0,,regular,3118.5931263456537,0.0,,965.142465534298,1.0,4,2224.60803274958,1237.4267858006515,3175.553828239308,0.0,7305.845734760165,0.0,965.142465534298,7305.845734760165,2153.450660811356,965.142465534298,3118.5931263456537,0.7305845734760166,7,0.0,0.0,0.0,0.0,0.0
0.0,0.0,,3175.553828239308,2,exp5:regular:r018,,3.0,,0.0,0.01,hardening:regular:r018,5,0.5610701172847007,8.0,2224.60803274958,1.0,,0.5610701172847007,8.0,,9999.999999999996,Catalog then correct,,2224.60803274958,,,,,,moderate,2598.70567283333,1588.546935581182,0.5610701172847007,,,0.7305845734760166,4187.252608414512,0.0,,0.0,5610.701172847007,0.2598705672833331,0.1588546935581182,40018,,"[""L007"", ""L016"", ""R000"", ""R003"", ""R004"", ""R005"", ""R006"", ""C002""]","[""L007"", ""L016"", ""R000"", ""R003"", ""R004"", ""R005"", ""R006"", ""C002""]",,,3.0,,regular,3011.995500013677,0.0,,787.387467264097,1.0,8,2224.60803274958,0.0,943.071920817087,56.10701172847006,5554.594161118537,7.87387467264097,779.513592591456,7305.845734760165,2153.450660811356,965.142465534298,3118.5931263456537,0.7305845734760166,7,1588.546935581182,1695.1445619131582,-71.15737193822406,177.75499827020099,6.821210263296962e-13
289.000244120576,2.0,,3175.553828239308,2,exp5:regular:r018,,3.0,,552.728674211874,0.01,hardening:regular:r018,5,0.6170837072164367,9.0,2249.8798467788583,1.0,,0.5610701172847007,8.0,,9999.999999999996,Catalog then correct,,1112.30401637479,,,,,,moderate,2989.6818849318847,1197.5707234826273,0.6165235713171193,,,0.7305845734760166,4187.252608414512,0.5,,1.0,6165.235713171193,0.2989681884931885,0.1197570723482627,40018,,"[""L007"", ""L016"", ""L021"", ""L024"", ""R000"", ""R003"", ""R004"", ""R005"", ""R006""]","[""L007"", ""L016"", ""R000"", ""R003"", ""R004"", ""R005"", ""R006"", ""C002""]",,,3.0,,regular,3175.5538282393086,263.72843009129804,,925.67398146045,1.0,7,2224.60803274958,263.72843009129804,2055.3759371918773,56.10701172847006,6109.1287014427235,7.87387467264097,917.800106787809,7305.845734760165,2153.450660811356,965.142465534298,3118.5931263456537,0.7305845734760166,7,1197.5707234826273,1140.610021588972,-96.42918596750224,39.468484073848,1.1368683772161603e-12
1166.2694138624267,3.0,,3175.553828239308,2,exp5:regular:r018,,3.0,,1166.2694138624267,0.01,hardening:regular:r018,5,0.7305845734760166,7.0,2153.450660811356,1.0,,0.5610701172847007,8.0,,9999.999999999996,Catalog then correct,,0.0,,,,,,moderate,4172.078712778082,15.173895636429734,0.7288894289141035,,,0.7305845734760166,4187.252608414512,1.0,,4.0,7288.894289141034,0.4172078712778084,0.0015173895636429,40018,,"[""L016"", ""R000"", ""R001"", ""R003"", ""R005"", ""R007"", ""C001""]","[""L007"", ""L016"", ""R000"", ""R003"", ""R004"", ""R005"", ""R006"", ""C002""]",,,3.0,,regular,3116.815576362952,0.0,,963.364915551596,1.0,4,2224.60803274958,1237.4267858006515,3167.6799535666673,56.10701172847006,7232.787277412564,7.87387467264097,955.491040878955,7305.845734760165,2153.450660811356,965.142465534298,3118.5931263456537,0.7305845734760166,7,15.173895636429734,16.951445619130936,0.0,1.7775499827019985,7.958078640513122e-13
0.0,0.0,,3175.553828239308,2,exp5:regular:r018,,3.0,,0.0,0.1,hardening:regular:r018,5,0.5610701172847007,8.0,2224.60803274958,1.0,,0.5610701172847007,8.0,,9999.999999999996,Catalog then correct,,2224.60803274958,,,,,,moderate,2598.705672833329,1588.5469355811829,0.5610701172847007,,,0.7305845734760166,4187.252608414512,0.0,,0.0,5610.701172847006,0.259870567283333,0.1588546935581183,40018,,"[""L007"", ""L016"", ""R000"", ""R003"", ""R004"", ""R005"", ""R006"", ""C002""]","[""L007"", ""L016"", ""R000"", ""R003"", ""R004"", ""R005"", ""R006"", ""C002""]",,,3.0,,regular,3011.995500013677,0.0,,787.387467264097,1.0,8,2224.60803274958,0.0,872.2070487633182,561.0701172847006,5049.631055562306,78.73874672640972,708.6487205376873,7305.845734760165,2153.450660811356,965.142465534298,3118.5931263456537,0.7305845734760166,7,1588.5469355811829,1695.1445619131591,-71.15737193822406,177.75499827020099,6.821210263296962e-13
289.000244120576,2.0,,3175.553828239308,2,exp5:regular:r018,,3.0,,552.728674211874,0.1,hardening:regular:r018,5,0.6237905187205606,9.0,2249.8798467788583,1.0,,0.5610701172847007,8.0,,9999.999999999996,Catalog then correct,,1112.30401637479,,,,,,moderate,2999.6309575304385,1187.6216508840737,0.6175184785769746,,,0.7305845734760166,4187.252608414512,0.5,,1.0,6175.184785769747,0.299963095753044,0.1187621650884074,40018,,"[""L007"", ""L016"", ""L021"", ""L024"", ""R000"", ""R003"", ""R004"", ""R005"", ""R006""]","[""L007"", ""L016"", ""R000"", ""R003"", ""R004"", ""R005"", ""R006"", ""C002""]",,,3.0,,regular,3175.553828239308,263.72843009129804,,925.67398146045,1.0,7,2224.60803274958,263.72843009129804,1984.5110651381083,561.0701172847006,5614.114668485046,78.73874672640972,846.9352347340403,7305.845734760165,2153.450660811356,965.142465534298,3118.5931263456537,0.7305845734760166,7,1187.6216508840735,1130.6609489904185,-96.42918596750224,39.468484073848,6.821210263296962e-13
1166.2694138624267,3.0,,3175.553828239308,2,exp5:regular:r018,,3.0,,1166.2694138624267,0.1,hardening:regular:r018,5,0.7305845734760166,7.0,2153.450660811356,1.0,,0.5610701172847007,8.0,,9999.999999999996,Catalog then correct,,0.0,,,,,,moderate,4035.513652050216,151.73895636429643,0.713633127856885,,,0.7305845734760166,4187.252608414512,1.0,,4.0,7136.3312785688495,0.4035513652050217,0.0151738956364296,40018,,"[""L016"", ""R000"", ""R001"", ""R003"", ""R005"", ""R007"", ""C001""]","[""L007"", ""L016"", ""R000"", ""R003"", ""R004"", ""R005"", ""R006"", ""C002""]",,,3.0,,regular,3100.817626518634,0.0,,947.366965707278,1.0,4,2224.60803274958,1237.4267858006515,3096.8150815128984,561.0701172847006,6575.261161284149,78.73874672640972,868.6282189808683,7305.845734760165,2153.450660811356,965.142465534298,3118.5931263456537,0.7305845734760166,7,151.73895636429597,169.51445619131573,0.0,17.775499827019985,2.2737367544323206e-13
0.0,0.0,,3175.553828239308,2,exp5:regular:r018,,3.0,,0.0,0.25,hardening:regular:r018,5,0.5610701172847007,8.0,2224.60803274958,1.0,,0.5610701172847007,8.0,,9999.999999999996,Catalog then correct,,2224.60803274958,,,,,,moderate,2598.705672833329,1588.5469355811829,0.5610701172847007,,,0.7305845734760166,4187.252608414512,0.0,,0.0,5610.701172847006,0.259870567283333,0.1588546935581183,40018,,"[""L007"", ""L016"", ""R000"", ""R003"", ""R004"", ""R005"", ""R006"", ""C002""]","[""L007"", ""L016"", ""R000"", ""R003"", ""R004"", ""R005"", ""R006"", ""C002""]",,,3.0,,regular,3011.995500013677,0.0,,787.387467264097,1.0,8,2224.60803274958,0.0,754.0989286737038,1402.6752932117515,4208.025879635255,196.84686681602426,590.5406004480728,7305.845734760165,2153.450660811356,965.142465534298,3118.5931263456537,0.7305845734760166,7,1588.5469355811829,1695.1445619131591,-71.15737193822406,177.75499827020099,6.821210263296962e-13
331.5440007008807,1.0,,3175.553828239308,2,exp5:regular:r018,,3.0,,595.2724307921787,0.25,hardening:regular:r018,5,0.6385654602823442,8.0,2292.423603359163,1.0,,0.5610701172847007,8.0,,9999.999999999996,Catalog then correct,,1112.30401637479,,,,,,moderate,3026.412002998752,1160.8406054157604,0.6191916245329333,,,0.7305845734760166,4187.252608414512,0.5,,1.0,6191.916245329333,0.3026412002998753,0.116084060541576,40018,,"[""L007"", ""L016"", ""R000"", ""R001"", ""R003"", ""R004"", ""R005"", ""R006""]","[""L007"", ""L016"", ""R000"", ""R003"", ""R004"", ""R005"", ""R006"", ""C002""]",,,3.0,,regular,3165.5042423305813,263.72843009129804,,873.0806389714182,1.0,7,2224.60803274958,263.72843009129804,1866.4029450484938,1402.6752932117515,4789.240952117581,196.84686681602426,676.233772155394,7305.845734760165,2153.450660811356,965.142465534298,3118.5931263456537,0.7305845734760166,7,1160.84060541576,1113.9294894308323,-138.97294254780672,92.06182656287979,6.821210263296962e-13
1166.2694138624267,3.0,,3175.553828239308,2,exp5:regular:r018,,3.0,,1166.2694138624267,0.25,hardening:regular:r018,5,0.7305845734760166,7.0,2153.450660811356,1.0,,0.5610701172847007,8.0,,9999.999999999996,Catalog then correct,,0.0,,,,,,moderate,3807.905217503772,379.3473909107397,0.6882059594281876,,,0.7305845734760166,4187.252608414512,1.0,,4.0,6882.059594281875,0.3807905217503773,0.0379347390910739,40018,,"[""L016"", ""R000"", ""R001"", ""R003"", ""R005"", ""R007"", ""C001""]","[""L007"", ""L016"", ""R000"", ""R003"", ""R004"", ""R005"", ""R006"", ""C002""]",,,3.0,,regular,3074.154376778103,0.0,,920.7037159667476,1.0,4,2224.60803274958,1237.4267858006515,2978.7069614232837,1402.6752932117515,5479.384301070124,196.84686681602426,723.8568491507233,7305.845734760165,2153.450660811356,965.142465534298,3118.5931263456537,0.7305845734760166,7,379.34739091074016,423.7861404782898,0.0,44.43874956755042,7.958078640513122e-13
0.0,0.0,,3154.233279599062,2,exp5:asymmetric:r019,,3.0,,0.0,0.0,hardening:asymmetric:r019,5,0.6241161211834713,8.0,2240.2951142889506,1.0,,0.6241161211834713,8.0,,9999.999999999998,Catalog then correct,,2240.2951142889506,,,,,,moderate,3200.5846650216326,344.6433293512782,0.6241161211834713,,,0.6575463214145225,3545.227994372911,0.0,,0.0,6241.161211834714,0.3200584665021633,0.0344643329351278,40019,,"[""L018"", ""R000"", ""R001"", ""R003"", ""R004"", ""R005"", ""R007"", ""R008""]","[""L018"", ""R000"", ""R001"", ""R003"", ""R004"", ""R005"", ""R007"", ""R008""]",,,3.0,,asymmetric,3040.576546813081,0.0,,800.2814325241305,1.0,8,2240.2951142889506,0.0,913.9381653101113,0.0,6241.161211834714,0.0,800.2814325241305,6575.463214145226,2151.19188330956,879.0433364627554,3030.235219772315,0.6575463214145225,8,344.6433293512782,334.30200231051185,-89.10323097939045,78.76190393862487,7.958078640513122e-13
135.8017153848612,1.0,,3154.233279599062,2,exp5:asymmetric:r019,,3.0,,204.72865905737305,0.0,hardening:asymmetric:r019,5,0.6470727833906496,8.0,2307.1698860013,1.0,,0.6241161211834713,8.0,,9999.999999999998,Catalog then correct,,1120.1475571444753,,,,,,moderate,3316.494554307436,228.73344006547492,0.6470727833906496,,,0.6575463214145225,3545.227994372911,0.5,,1.0,6470.727833906498,0.3316494554307436,0.0228733440065475,40019,,"[""L002"", ""R000"", ""R001"", ""R003"", ""R004"", ""R005"", ""R007"", ""R008""]","[""L018"", ""R000"", ""R001"", ""R003"", ""R004"", ""R005"", ""R007"", ""R008""]",,,3.0,,asymmetric,3154.233279599062,68.92694367251181,,847.0633935977621,1.0,7,2240.2951142889506,68.92694367251181,2034.0857224545866,0.0,6470.727833906498,0.0,847.0633935977621,6575.463214145226,2151.19188330956,879.0433364627554,3030.235219772315,0.6575463214145225,8,228.73344006547495,104.73538023872788,-155.97800269173968,31.97994286499329,6.821210263296962e-13
328.53786575515875,2.0,,3154.233279599062,2,exp5:asymmetric:r019,,3.0,,328.53786575515875,0.0,hardening:asymmetric:r019,5,0.6575463214145225,8.0,2151.19188330956,1.0,,0.6241161211834713,8.0,,9999.999999999998,Catalog then correct,,0.0,,,,,,moderate,3545.227994372911,0.0,0.6575463214145225,,,0.6575463214145225,3545.227994372911,1.0,,2.0,6575.463214145226,0.3545227994372911,0.0,40019,,"[""L015"", ""L025"", ""R000"", ""R001"", ""R003"", ""R004"", ""R007"", ""R008""]","[""L018"", ""R000"", ""R001"", ""R003"", ""R004"", ""R005"", ""R007"", ""R008""]",,,3.0,,asymmetric,3030.235219772315,0.0,,879.0433364627554,1.0,6,2240.2951142889506,417.64109673454976,3154.233279599062,0.0,6575.463214145226,0.0,879.0433364627554,6575.463214145226,2151.19188330956,879.0433364627554,3030.235219772315,0.6575463214145225,8,0.0,0.0,0.0,0.0,0.0
0.0,0.0,,3154.233279599062,2,exp5:asymmetric:r019,,3.0,,0.0,0.01,hardening:asymmetric:r019,5,0.6241161211834713,8.0,2240.2951142889506,1.0,,0.6241161211834713,8.0,,9999.999999999998,Catalog then correct,,2240.2951142889506,,,,,,moderate,3200.584665021632,344.64332935127914,0.6241161211834713,,,0.6575463214145225,3545.227994372911,0.0,,0.0,6241.161211834713,0.3200584665021632,0.0344643329351279,40019,,"[""L018"", ""R000"", ""R001"", ""R003"", ""R004"", ""R005"", ""R007"", ""R008""]","[""L018"", ""R000"", ""R001"", ""R003"", ""R004"", ""R005"", ""R007"", ""R008""]",,,3.0,,asymmetric,3040.576546813081,0.0,,800.2814325241305,1.0,8,2240.2951142889506,0.0,905.9353509848701,62.41161211834714,6178.749599716366,8.002814325241305,792.2786181988893,6575.463214145226,2151.19188330956,879.0433364627554,3030.235219772315,0.6575463214145225,8,344.6433293512787,334.30200231051276,-89.10323097939045,78.76190393862487,3.410605131648481e-13
135.8017153848612,1.0,,3154.233279599062,2,exp5:asymmetric:r019,,3.0,,204.72865905737305,0.01,hardening:asymmetric:r019,5,0.6472981880420419,8.0,2307.1698860013,1.0,,0.6241161211834713,8.0,,9999.999999999998,Catalog then correct,,1120.1475571444753,,,,,,moderate,3316.4303941355,228.7976002374112,0.6470663673734561,,,0.6575463214145225,3545.227994372911,0.5,,1.0,6470.663673734562,0.33164303941355,0.0228797600237411,40019,,"[""L002"", ""R000"", ""R001"", ""R003"", ""R004"", ""R005"", ""R007"", ""R008""]","[""L018"", ""R000"", ""R001"", ""R003"", ""R004"", ""R005"", ""R007"", ""R008""]",,,3.0,,asymmetric,3154.233279599062,68.92694367251181,,847.063393597762,1.0,7,2240.2951142889506,68.92694367251181,2026.0829081293452,62.41161211834714,6408.252061616215,8.002814325241305,839.0605792725207,6575.463214145226,2151.19188330956,879.0433364627554,3030.235219772315,0.6575463214145225,8,228.79760023741073,104.79954041066412,-155.97800269173968,31.979942864993404,3.410605131648481e-13
328.53786575515875,2.0,,3154.233279599062,2,exp5:asymmetric:r019,,3.0,,328.53786575515875,0.01,hardening:asymmetric:r019,5,0.6575463214145225,8.0,2151.19188330956,1.0,,0.6241161211834713,8.0,,9999.999999999998,Catalog then correct,,0.0,,,,,,moderate,3542.672593389192,2.5554009837192098,0.657212019412212,,,0.6575463214145225,3545.227994372911,1.0,,2.0,6572.120194122121,0.3542672593389192,0.0002555400983719,40019,,"[""L015"", ""L025"", ""R000"", ""R001"", ""R003"", ""R004"", ""R007"", ""R008""]","[""L018"", ""R000"", ""R001"", ""R003"", ""R004"", ""R005"", ""R007"", ""R008""]",,,3.0,,asymmetric,3029.447600732929,0.0,,878.2557174233692,1.0,6,2240.2951142889506,417.64109673454976,3146.2304652738208,62.41161211834714,6509.708582003774,8.002814325241305,870.252903098128,6575.463214145226,2151.19188330956,879.0433364627554,3030.235219772315,0.6575463214145225,8,2.555400983718755,3.343020023105055,0.0,0.7876190393861862,-1.1368683772161603e-13
0.0,0.0,,3154.233279599062,2,exp5:asymmetric:r019,,3.0,,0.0,0.1,hardening:asymmetric:r019,5,0.6241161211834713,8.0,2240.2951142889506,1.0,,0.6241161211834713,8.0,,9999.999999999998,Catalog then correct,,2240.2951142889506,,,,,,moderate,3200.5846650216326,344.6433293512782,0.6241161211834713,,,0.6575463214145225,3545.227994372911,0.0,,0.0,6241.161211834714,0.3200584665021633,0.0344643329351278,40019,,"[""L018"", ""R000"", ""R001"", ""R003"", ""R004"", ""R005"", ""R007"", ""R008""]","[""L018"", ""R000"", ""R001"", ""R003"", ""R004"", ""R005"", ""R007"", ""R008""]",,,3.0,,asymmetric,3040.576546813081,0.0,,800.2814325241305,1.0,8,2240.2951142889506,0.0,833.9100220576983,624.1161211834715,5617.045090651242,80.02814325241306,720.2532892717174,6575.463214145226,2151.19188330956,879.0433364627554,3030.235219772315,0.6575463214145225,8,344.6433293512782,334.30200231051185,-89.10323097939045,78.76190393862487,7.958078640513122e-13
135.8017153848612,1.0,,3154.233279599062,2,exp5:asymmetric:r019,,3.0,,204.72865905737305,0.1,hardening:asymmetric:r019,5,0.6495522345559642,8.0,2307.1698860013,1.0,,0.6241161211834713,8.0,,9999.999999999998,Catalog then correct,,1120.1475571444753,,,,,,moderate,3315.852952588088,229.3750417848228,0.6470086232187149,,,0.6575463214145225,3545.227994372911,0.5,,1.0,6470.08623218715,0.3315852952588088,0.0229375041784822,40019,,"[""L002"", ""R000"", ""R001"", ""R003"", ""R004"", ""R005"", ""R007"", ""R008""]","[""L018"", ""R000"", ""R001"", ""R003"", ""R004"", ""R005"", ""R007"", ""R008""]",,,3.0,,asymmetric,3154.233279599062,68.92694367251181,,847.0633935977621,1.0,7,2240.2951142889506,68.92694367251181,1954.0575792021737,624.1161211834715,5845.9701110036785,80.02814325241306,767.035250345349,6575.463214145226,2151.19188330956,879.0433364627554,3030.235219772315,0.6575463214145225,8,229.37504178482277,105.3769819580757,-155.97800269173968,31.97994286499329,6.821210263296962e-13
412.22859455436185,3.0,,3154.233279599062,2,exp5:asymmetric:r019,,3.0,,412.22859455436185,0.1,hardening:asymmetric:r019,5,0.6777942291187561,9.0,2234.882612108763,1.0,,0.6241161211834713,8.0,,9999.999999999998,Catalog then correct,,0.0,,,,,,moderate,3575.186620769977,-29.958626397065927,0.6724264183252276,,,0.6575463214145225,3545.227994372911,1.0,,2.0,6724.264183252277,0.3575186620769977,-0.0029958626397065,40019,,"[""L000"", ""L002"", ""L019"", ""R000"", ""R001"", ""R003"", ""R004"", ""R007"", ""R008""]","[""L018"", ""R000"", ""R001"", ""R003"", ""R004"", ""R005"", ""R007"", ""R008""]",,,3.0,,asymmetric,3149.0775624823,0.0,,914.1949503735368,1.0,6,2240.2951142889506,417.64109673454976,3074.205136346649,624.1161211834715,6100.148062068805,80.02814325241306,834.1668071211237,6575.463214145226,2151.19188330956,879.0433364627554,3030.235219772315,0.6575463214145225,8,-29.958626397065927,-148.80096910705106,-83.69072879920304,-35.15161391078141,6.821210263296962e-13
0.0,0.0,,3154.233279599062,2,exp5:asymmetric:r019,,3.0,,0.0,0.25,hardening:asymmetric:r019,5,0.6241161211834713,8.0,2240.2951142889506,1.0,,0.6241161211834713,8.0,,9999.999999999998,Catalog then correct,,2240.2951142889506,,,,,,moderate,3200.5846650216326,344.6433293512782,0.6241161211834713,,,0.6575463214145225,3545.227994372911,0.0,,0.0,6241.161211834714,0.3200584665021633,0.0344643329351278,40019,,"[""L018"", ""R000"", ""R001"", ""R003"", ""R004"", ""R005"", ""R007"", ""R008""]","[""L018"", ""R000"", ""R001"", ""R003"", ""R004"", ""R005"", ""R007"", ""R008""]",,,3.0,,asymmetric,3040.576546813081,0.0,,800.2814325241307,1.0,8,2240.2951142889506,0.0,713.8678071790787,1560.2903029586785,4680.870908876035,200.07035813103263,600.211074393098,6575.463214145226,2151.19188330956,879.0433364627554,3030.235219772315,0.6575463214145225,8,344.6433293512782,334.30200231051185,-89.10323097939045,78.76190393862476,6.821210263296962e-13
135.8017153848612,1.0,,3154.233279599062,2,exp5:asymmetric:r019,,3.0,,204.72865905737305,0.25,hardening:asymmetric:r019,5,0.6512496162068535,8.0,2307.1698860013,1.0,,0.6241161211834713,8.0,,9999.999999999998,Catalog then correct,,1120.1475571444753,,,,,,moderate,3295.5504765189658,249.67751785394512,0.6444662424510079,,,0.6575463214145225,3545.227994372911,0.5,,1.0,6444.66242451008,0.3295550476518966,0.0249677517853945,40019,,"[""L002"", ""R000"", ""R001"", ""R003"", ""R004"", ""R005"", ""R007"", ""R008""]","[""L018"", ""R000"", ""R001"", ""R003"", ""R004"", ""R005"", ""R007"", ""R008""]",,,3.0,,asymmetric,3149.1119479911144,68.92694367251181,,841.9420619898145,1.0,7,2240.2951142889506,68.92694367251181,1834.015364323554,1560.2903029586785,4884.3721215514015,200.07035813103263,641.8717038587819,6575.463214145226,2151.19188330956,879.0433364627554,3030.235219772315,0.6575463214145225,8,249.67751785394512,130.80078963514552,-155.97800269173968,37.10127447294087,7.958078640513122e-13
427.47892156235525,3.0,,3154.233279599062,2,exp5:asymmetric:r019,,3.0,,427.47892156235525,0.25,hardening:asymmetric:r019,5,0.6849660722842679,9.0,2250.1329391167565,1.0,,0.6241161211834713,8.0,,9999.999999999998,Catalog then correct,,0.0,,,,,,moderate,3545.028894512893,0.1990998600176681,0.6697535845090687,,,0.6575463214145225,3545.227994372911,1.0,,2.0,6697.535845090687,0.3545028894512894,1.990998600176681e-05,40019,,"[""L002"", ""L019"", ""L025"", ""R000"", ""R001"", ""R003"", ""R004"", ""R007"", ""R008""]","[""L018"", ""R000"", ""R001"", ""R003"", ""R004"", ""R005"", ""R007"", ""R008""]",,,3.0,,asymmetric,3152.5069505777938,0.0,,902.3740114610374,1.0,6,2240.2951142889506,417.64109673454976,2954.1629214680293,1560.2903029586785,5137.245542132008,200.07035813103263,702.3036533300047,6575.463214145226,2151.19188330956,879.0433364627554,3030.235219772315,0.6575463214145225,8,0.1990998600176681,-122.07263094546124,-98.94105580719634,-23.330674998282007,5.684341886080801e-13
145.79545719020092,1.0,,3139.3042522037977,2,exp5:multi_hotspot:r019,,3.0,,145.79545719020092,0.0,hardening:multi_hotspot:r019,5,0.6072363182887728,7.0,2361.91182696887,1.0,,0.5620003219963388,6.0,,9999.999999999998,Catalog then correct,,2216.1163697786697,,,,,,moderate,2961.7451333558693,893.1075796421592,0.6072363182887728,,,0.6994156965201827,3854.852712998029,0.0,,0.0,6072.363182887728,0.296174513335587,0.0893107579642159,40019,,"[""L006"", ""L032"", ""R000"", ""R002"", ""R005"", ""C001"", ""C002""]","[""L006"", ""R000"", ""R002"", ""R005"", ""C001"", ""C002""]",,,3.0,,multi_hotspot,3110.6180495318586,0.0,,748.7062225629879,1.0,6,2216.1163697786697,0.0,923.187882425128,0.0,6072.363182887728,0.0,748.7062225629879,6994.156965201826,2149.67649797877,989.6277542250276,3139.3042522037977,0.6994156965201827,9,893.1075796421596,921.7937823140983,-212.23532899010024,240.92153166203968,7.958078640513122e-13
424.4338740854174,2.0,,3139.3042522037977,2,exp5:multi_hotspot:r019,,3.0,,738.0345870084027,0.0,hardening:multi_hotspot:r019,5,0.6152365274585594,6.0,2326.949530941102,1.0,,0.5620003219963388,6.0,,9999.999999999998,Catalog then correct,,1108.0581848893348,,,,,,moderate,3046.588319830441,808.2643931675875,0.6152365274585594,,,0.6994156965201827,3854.852712998029,0.5,,2.0,6152.365274585593,0.3046588319830441,0.0808264393167587,40019,,"[""L006"", ""L032"", ""R000"", ""R007"", ""C001"", ""C002""]","[""L006"", ""R000"", ""R002"", ""R005"", ""C001"", ""C002""]",,,3.0,,multi_hotspot,3105.7769547551525,313.6007129229853,,778.8274238140508,1.0,4,2216.1163697786697,313.6007129229853,2031.2460673144628,0.0,6152.365274585593,0.0,778.8274238140508,6994.156965201826,2149.67649797877,989.6277542250276,3139.3042522037977,0.6994156965201827,9,808.264393167588,841.7916906162327,-177.27303296233185,210.8003304109768,2.2737367544323206e-13
1165.693287525675,6.0,,3139.3042522037977,2,exp5:multi_hotspot:r019,,3.0,,1165.693287525675,0.0,hardening:multi_hotspot:r019,5,0.6994156965201827,9.0,2149.67649797877,1.0,,0.5620003219963388,6.0,,9999.999999999998,Catalog then correct,,0.0,,,,,,moderate,3854.852712998029,0.0,0.6994156965201827,,,0.6994156965201827,3854.852712998029,1.0,,3.0,6994.156965201826,0.3854852712998029,0.0,40019,,"[""L006"", ""L007"", ""L019"", ""L027"", ""L028"", ""R000"", ""R004"", ""R007"", ""C001""]","[""L006"", ""R000"", ""R002"", ""R005"", ""C001"", ""C002""]",,,3.0,,multi_hotspot,3139.3042522037977,0.0,,989.6277542250276,1.0,3,2216.1163697786697,1232.133159325575,3139.3042522037977,0.0,6994.156965201826,0.0,989.6277542250276,6994.156965201826,2149.67649797877,989.6277542250276,3139.3042522037977,0.6994156965201827,9,0.0,0.0,0.0,0.0,0.0
145.79545719020092,1.0,,3139.3042522037977,2,exp5:multi_hotspot:r019,,3.0,,145.79545719020092,0.01,hardening:multi_hotspot:r019,5,0.6072363182887728,7.0,2361.91182696887,1.0,,0.5620003219963388,6.0,,9999.999999999998,Catalog then correct,,2216.1163697786697,,,,,,moderate,2958.046832526112,896.8058804719162,0.6067839583258484,,,0.6994156965201827,3854.852712998029,0.0,,0.0,6067.839583258486,0.2958046832526113,0.0896805880471916,40019,,"[""L006"", ""L032"", ""R000"", ""R002"", ""R005"", ""C001"", ""C002""]","[""L006"", ""R000"", ""R002"", ""R005"", ""C001"", ""C002""]",,,3.0,,multi_hotspot,3109.7927507323734,0.0,,747.8809237635027,1.0,6,2216.1163697786697,0.0,916.5261189989834,56.20003219963388,6011.639551058852,6.661763426144648,741.2191603373581,6994.156965201826,2149.67649797877,989.6277542250276,3139.3042522037977,0.6994156965201827,9,896.8058804719167,926.3173819433405,-212.23532899010024,241.74683046152495,9.094947017729282e-13
424.4338740854174,2.0,,3139.3042522037977,2,exp5:multi_hotspot:r019,,3.0,,738.0345870084027,0.01,hardening:multi_hotspot:r019,5,0.6152365274585594,6.0,2326.949530941102,1.0,,0.5620003219963388,6.0,,9999.999999999998,Catalog then correct,,1108.0581848893348,,,,,,moderate,3042.391210096215,812.4615029018132,0.6147041654039371,,,0.6994156965201827,3854.852712998029,0.5,,2.0,6147.041654039372,0.3042391210096216,0.0812461502901813,40019,,"[""L006"", ""L032"", ""R000"", ""R007"", ""C001"", ""C002""]","[""L006"", ""R000"", ""R002"", ""R005"", ""C001"", ""C002""]",,,3.0,,multi_hotspot,3104.6504439431565,313.6007129229853,,777.7009130020548,1.0,4,2216.1163697786697,313.6007129229853,2024.5843038883181,56.20003219963388,6090.841621839738,6.661763426144648,771.0391495759102,6994.156965201826,2149.67649797877,989.6277542250276,3139.3042522037977,0.6994156965201827,9,812.4615029018137,847.1153111624544,-177.27303296233185,211.92684122297283,2.2737367544323206e-13
1165.693287525675,6.0,,3139.3042522037977,2,exp5:multi_hotspot:r019,,3.0,,1165.693287525675,0.01,hardening:multi_hotspot:r019,5,0.7011254526847693,9.0,2149.67649797877,1.0,,0.5620003219963388,6.0,,9999.999999999998,Catalog then correct,,0.0,,,,,,moderate,3858.037761575052,-3.185048577023736,0.699734201377885,,,0.6994156965201827,3854.852712998029,1.0,,3.0,6997.34201377885,0.3858037761575053,-0.0003185048577023,40019,,"[""L006"", ""L007"", ""L019"", ""L027"", ""L028"", ""R000"", ""R004"", ""R007"", ""C001""]","[""L006"", ""R000"", ""R002"", ""R005"", ""C001"", ""C002""]",,,3.0,,multi_hotspot,3139.3042522037977,0.0,,989.6277542250276,1.0,3,2216.1163697786697,1232.133159325575,3132.642488777653,56.20003219963388,6941.141981579216,6.661763426144648,982.965990798883,6994.156965201826,2149.67649797877,989.6277542250276,3139.3042522037977,0.6994156965201827,9,-3.185048577023281,-3.1850485770237356,0.0,0.0,4.547473508864641e-13
145.79545719020092,1.0,,3139.3042522037977,2,exp5:multi_hotspot:r019,,3.0,,145.79545719020092,0.1,hardening:multi_hotspot:r019,5,0.6072363182887728,7.0,2361.91182696887,1.0,,0.5620003219963388,6.0,,9999.999999999998,Catalog then correct,,2216.1163697786697,,,,,,moderate,2924.762125058289,930.0905879397396,0.6027127186595294,,,0.6994156965201827,3854.852712998029,0.0,,0.0,6027.127186595295,0.2924762125058289,0.0930090587939739,40019,,"[""L006"", ""L032"", ""R000"", ""R002"", ""R005"", ""C001"", ""C002""]","[""L006"", ""R000"", ""R002"", ""R005"", ""C001"", ""C002""]",,,3.0,,multi_hotspot,3102.365061537006,0.0,,740.4532345681357,1.0,6,2216.1163697786697,0.0,856.5702481636815,562.0003219963388,5465.126864598956,66.61763426144648,673.8356003066892,6994.156965201826,2149.67649797877,989.6277542250276,3139.3042522037977,0.6994156965201827,9,930.0905879397401,967.0297786065312,-212.23532899010024,249.1745196568919,5.684341886080801e-13
424.4338740854174,2.0,,3139.3042522037977,2,exp5:multi_hotspot:r019,,3.0,,738.0345870084027,0.1,hardening:multi_hotspot:r019,5,0.6152365274585594,6.0,2326.949530941102,1.0,,0.5620003219963388,6.0,,9999.999999999998,Catalog then correct,,1108.0581848893348,,,,,,moderate,3004.61722248818,850.2354905098482,0.6099129069123373,,,0.6994156965201827,3854.852712998029,0.5,,2.0,6099.129069123374,0.300461722248818,0.0850235490509848,40019,,"[""L006"", ""L032"", ""R000"", ""R007"", ""C001"", ""C002""]","[""L006"", ""R000"", ""R002"", ""R005"", ""C001"", ""C002""]",,,3.0,,multi_hotspot,3094.511846635194,313.6007129229853,,767.5623156940921,1.0,4,2216.1163697786697,313.6007129229853,1964.6284330530164,562.0003219963388,5537.128747127035,66.61763426144648,700.9446814326457,6994.156965201826,2149.67649797877,989.6277542250276,3139.3042522037977,0.6994156965201827,9,850.2354905098491,895.0278960784517,-177.27303296233185,222.06543853093547,1.0231815394945443e-12
1137.8842741029157,7.0,,3139.3042522037977,2,exp5:multi_hotspot:r019,,3.0,,1137.8842741029157,0.1,hardening:multi_hotspot:r019,5,0.7082234000304194,10.0,2121.8674845560104,1.0,,0.5620003219963388,6.0,,9999.999999999998,Catalog then correct,,0.0,,,,,,moderate,3803.090923478701,51.76178951932798,0.6936010922270114,,,0.6994156965201827,3854.852712998029,1.0,,3.0,6936.010922270113,0.3803090923478701,0.0051761789519327,40019,,"[""L006"", ""L007"", ""L019"", ""L022"", ""L027"", ""L029"", ""L032"", ""R000"", ""R007"", ""C001""]","[""L006"", ""R000"", ""R002"", ""R005"", ""C001"", ""C002""]",,,3.0,,multi_hotspot,3132.9199987914126,0.0,,1011.052514235402,1.0,3,2216.1163697786697,1232.133159325575,3072.6866179423514,562.0003219963388,6374.010600273774,66.61763426144648,944.4348799739555,6994.156965201826,2149.67649797877,989.6277542250276,3139.3042522037977,0.6994156965201827,9,51.76178951932798,58.146042931713055,27.809013422759563,-21.42476001037437,1.1368683772161603e-13
145.79545719020092,1.0,,3139.3042522037977,2,exp5:multi_hotspot:r019,,3.0,,145.79545719020092,0.25,hardening:multi_hotspot:r019,5,0.6072363182887728,7.0,2361.91182696887,1.0,,0.5620003219963388,6.0,,9999.999999999998,Catalog then correct,,2216.1163697786697,,,,,,moderate,2869.287612611915,985.5651003861136,0.5959273192156642,,,0.6994156965201827,3854.852712998029,0.0,,0.0,5959.273192156643,0.2869287612611915,0.0985565100386113,40019,,"[""L006"", ""L032"", ""R000"", ""R002"", ""R005"", ""C001"", ""C002""]","[""L006"", ""R000"", ""R002"", ""R005"", ""C001"", ""C002""]",,,3.0,,multi_hotspot,3089.985579544728,0.0,,728.0737525758572,1.0,6,2216.1163697786697,0.0,756.6437967715118,1405.000804990847,4554.272387165796,166.5440856536162,561.529666922241,6994.156965201826,2149.67649797877,989.6277542250276,3139.3042522037977,0.6994156965201827,9,985.565100386114,1034.8837730451833,-212.23532899010024,261.55400164917046,9.094947017729282e-13
424.4338740854174,2.0,,3139.3042522037977,2,exp5:multi_hotspot:r019,,3.0,,738.0345870084027,0.25,hardening:multi_hotspot:r019,5,0.6152365274585594,6.0,2326.949530941102,1.0,,0.5620003219963388,6.0,,9999.999999999998,Catalog then correct,,1108.0581848893348,,,,,,moderate,2941.660576474786,913.1921365232424,0.6019274760930042,,,0.6994156965201827,3854.852712998029,0.5,,2.0,6019.274760930042,0.2941660576474786,0.0913192136523242,40019,,"[""L006"", ""L032"", ""R000"", ""R007"", ""C001"", ""C002""]","[""L006"", ""R000"", ""R002"", ""R005"", ""C001"", ""C002""]",,,3.0,,multi_hotspot,3077.614184455256,313.6007129229853,,750.6646535141543,1.0,4,2216.1163697786697,313.6007129229853,1864.7019816608467,1405.000804990847,4614.273955939196,166.5440856536162,584.1205678605381,6994.156965201826,2149.67649797877,989.6277542250276,3139.3042522037977,0.6994156965201827,9,913.1921365232429,974.8822042717838,-177.27303296233185,238.96310071087328,4.547473508864641e-13
1151.5841463084732,7.0,,3139.3042522037977,2,exp5:multi_hotspot:r019,,3.0,,1151.5841463084732,0.25,hardening:multi_hotspot:r019,5,0.719660339839906,10.0,2135.567356761568,1.0,,0.5620003219963388,6.0,,9999.999999999998,Catalog then correct,,0.0,,,,,,moderate,3688.1004679830144,166.75224501501407,0.6802453353790142,,,0.6994156965201827,3854.852712998029,1.0,,3.0,6802.453353790141,0.3688100467983015,0.0166752245015014,40019,,"[""L006"", ""L019"", ""L022"", ""L028"", ""L029"", ""L032"", ""L035"", ""R000"", ""R007"", ""C001""]","[""L006"", ""R000"", ""R002"", ""R005"", ""C001"", ""C002""]",,,3.0,,multi_hotspot,3114.3528858071263,0.0,,978.7855290455584,1.0,3,2216.1163697786697,1232.133159325575,2972.7601665501816,1405.000804990847,5397.452548799294,166.5440856536162,812.2414433919422,6994.156965201826,2149.67649797877,989.6277542250276,3139.3042522037977,0.6994156965201827,9,166.75224501501452,191.70361141168542,14.109141217201795,10.84222517946921,1.1368683772161603e-13
142.4859670192647,1.0,,3116.235950464716,2,exp5:regular:r019,,3.0,,142.4859670192647,0.0,hardening:regular:r019,5,0.6129589313012357,7.0,2408.1841449954427,1.0,,0.5854726926845273,6.0,,10000.000000000002,Catalog then correct,,2265.698177976178,,,,,,moderate,3013.353362547641,1181.1857443369136,0.6129589313012357,,,0.7279366348338256,4194.539106884555,0.0,,0.0,6129.589313012357,0.301335336254764,0.1181185744336913,40019,,"[""L009"", ""R000"", ""R001"", ""R002"", ""R003"", ""C000"", ""C001""]","[""R000"", ""R001"", ""R002"", ""R003"", ""C000"", ""C001""]",,,3.0,,regular,3116.235950464716,0.0,,708.0518054692732,1.0,6,2265.698177976178,0.0,850.5377724885379,0.0,6129.589313012357,0.0,708.0518054692732,7279.366348338257,2101.0019697968014,983.8252716569014,3084.8272414537028,0.7279366348338256,8,1181.1857443369136,1149.7770353259002,-307.1821751986413,275.7734661876282,2.2737367544323206e-13
445.8807221467737,2.0,,3116.235950464716,2,exp5:regular:r019,,3.0,,839.0879214102332,0.0,hardening:regular:r019,5,0.6611849245781422,6.0,2318.371700859492,1.0,,0.5854726926845273,6.0,,10000.000000000002,Catalog then correct,,1132.849088988089,,,,,,moderate,3495.613295316706,698.9258115678485,0.6611849245781422,,,0.7279366348338256,4194.539106884555,0.5,,2.0,6611.849245781422,0.3495613295316706,0.0698925811567848,40019,,"[""L009"", ""R001"", ""R002"", ""R003"", ""R007"", ""C001""]","[""R000"", ""R001"", ""R002"", ""R003"", ""C000"", ""C001""]",,,3.0,,regular,3116.235950464716,393.20719926345953,,797.8642496052234,1.0,4,2265.698177976178,393.20719926345953,1983.386861476627,0.0,6611.849245781422,0.0,797.8642496052234,7279.366348338257,2101.0019697968014,983.8252716569014,3084.8272414537028,0.7279366348338256,8,698.9258115678485,667.5171025568352,-217.3697310626908,185.9610220516779,4.547473508864641e-13
909.210806227163,5.0,,3116.235950464716,2,exp5:regular:r019,,3.0,,909.210806227163,0.0,hardening:regular:r019,5,0.7279366348338256,8.0,2101.0019697968014,1.0,,0.5854726926845273,6.0,,10000.000000000002,Catalog then correct,,0.0,,,,,,moderate,4194.539106884555,0.0,0.7279366348338256,,,0.7279366348338256,4194.539106884555,1.0,,3.0,7279.366348338257,0.4194539106884554,0.0,40019,,"[""L007"", ""L014"", ""L031"", ""L035"", ""R001"", ""R002"", ""R007"", ""C001""]","[""R000"", ""R001"", ""R002"", ""R003"", ""C000"", ""C001""]",,,3.0,,regular,3084.8272414537028,0.0,,983.8252716569014,1.0,3,2265.698177976178,1073.9070144065402,3116.235950464716,0.0,7279.366348338257,0.0,983.8252716569014,7279.366348338257,2101.0019697968014,983.8252716569014,3084.8272414537028,0.7279366348338256,8,0.0,0.0,0.0,0.0,0.0
142.4859670192647,1.0,,3116.235950464716,2,exp5:regular:r019,,3.0,,142.4859670192647,0.01,hardening:regular:r019,5,0.6132329371256421,7.0,2408.1841449954427,1.0,,0.5854726926845273,6.0,,10000.000000000002,Catalog then correct,,2265.698177976178,,,,,,moderate,3013.3173963475947,1181.22171053696,0.612955334681231,,,0.7279366348338256,4194.539106884555,0.0,,0.0,6129.55334681231,0.3013317396347594,0.1181221710536959,40019,,"[""L009"", ""R000"", ""R001"", ""R002"", ""R003"", ""C000"", ""C001""]","[""R000"", ""R001"", ""R002"", ""R003"", ""C000"", ""C001""]",,,3.0,,regular,3116.235950464716,0.0,,708.0518054692732,1.0,6,2265.698177976178,0.0,843.9421907961851,58.54726926845273,6071.006077543858,6.595581692352917,701.4562237769203,7279.366348338257,2101.0019697968014,983.8252716569014,3084.8272414537028,0.7279366348338256,8,1181.22171053696,1149.8130015259467,-307.1821751986413,275.7734661876282,2.2737367544323206e-13
445.8807221467737,2.0,,3116.235950464716,2,exp5:regular:r019,,3.0,,839.0879214102332,0.01,hardening:regular:r019,5,0.6619532535471966,6.0,2318.371700859492,1.0,,0.5854726926845273,6.0,,10000.000000000002,Catalog then correct,,1132.849088988089,,,,,,moderate,3495.648528920983,698.8905779635716,0.6611884479385699,,,0.7279366348338256,4194.539106884555,0.5,,2.0,6611.884479385699,0.3495648528920982,0.0698890577963571,40019,,"[""L009"", ""R001"", ""R002"", ""R003"", ""R007"", ""C001""]","[""R000"", ""R001"", ""R002"", ""R003"", ""C000"", ""C001""]",,,3.0,,regular,3116.235950464716,393.20719926345953,,797.8642496052237,1.0,4,2265.698177976178,393.20719926345953,1976.7912797842741,58.54726926845273,6553.337210117246,6.595581692352917,791.2686679128708,7279.366348338257,2101.0019697968014,983.8252716569014,3084.8272414537028,0.7279366348338256,8,698.8905779635716,667.4818689525582,-217.3697310626908,185.96102205167767,2.2737367544323206e-13
909.210806227163,5.0,,3116.235950464716,2,exp5:regular:r019,,3.0,,909.210806227163,0.01,hardening:regular:r019,5,0.7279366348338256,8.0,2101.0019697968014,1.0,,0.5854726926845273,6.0,,10000.000000000002,Catalog then correct,,0.0,,,,,,moderate,4183.535383693839,11.003723190715393,0.7265119954123327,,,0.7279366348338256,4194.539106884555,1.0,,3.0,7265.119954123325,0.4183535383693839,0.0011003723190715,40019,,"[""L007"", ""L014"", ""L031"", ""L035"", ""R001"", ""R002"", ""R007"", ""C001""]","[""R000"", ""R001"", ""R002"", ""R003"", ""C000"", ""C001""]",,,3.0,,regular,3081.5845704294866,0.0,,980.5826006326852,1.0,3,2265.698177976178,1073.9070144065402,3109.640368772363,58.54726926845273,7206.572684854873,6.595581692352917,973.9870189403323,7279.366348338257,2101.0019697968014,983.8252716569014,3084.8272414537028,0.7279366348338256,8,11.003723190715391,14.24639421493157,0.0,3.242671024216179,0.0
142.4859670192647,1.0,,3116.235950464716,2,exp5:regular:r019,,3.0,,142.4859670192647,0.1,hardening:regular:r019,5,0.6159378433603656,7.0,2408.1841449954427,1.0,,0.5854726926845273,6.0,,10000.000000000002,Catalog then correct,,2265.698177976178,,,,,,moderate,3012.6773324631013,1181.8617744214534,0.6128913282927818,,,0.7279366348338256,4194.539106884555,0.0,,0.0,6128.913282927817,0.30126773324631,0.1181861774421453,40019,,"[""L009"", ""R000"", ""R001"", ""R002"", ""R003"", ""C000"", ""C001""]","[""R000"", ""R001"", ""R002"", ""R003"", ""C000"", ""C001""]",,,3.0,,regular,3116.235950464716,0.0,,708.0518054692731,1.0,6,2265.698177976178,0.0,784.5819555650088,585.4726926845273,5543.44059024329,65.95581692352918,642.0959885457439,7279.366348338257,2101.0019697968014,983.8252716569014,3084.8272414537028,0.7279366348338256,8,1181.8617744214534,1150.45306541044,-307.1821751986413,275.7734661876283,3.410605131648481e-13
450.91862346266646,2.0,,3116.235950464716,2,exp5:regular:r019,,3.0,,844.125822726126,0.1,hardening:regular:r019,5,0.6683936610898296,6.0,2323.409602175385,1.0,,0.5854726926845273,6.0,,10000.000000000002,Catalog then correct,,1132.849088988089,,,,,,moderate,3484.779692028278,709.7594148562766,0.6601015642492994,,,0.7279366348338256,4194.539106884555,0.5,,2.0,6601.015642492994,0.3484779692028277,0.0709759414856276,40019,,"[""L014"", ""R001"", ""R002"", ""R003"", ""R007"", ""C001""]","[""R000"", ""R001"", ""R002"", ""R003"", ""C000"", ""C001""]",,,3.0,,regular,3116.235950464716,393.20719926345953,,792.8263482893309,1.0,4,2265.698177976178,393.20719926345953,1917.4310445530978,585.4726926845273,6015.542949808467,65.95581692352918,726.8705313658018,7279.366348338257,2101.0019697968014,983.8252716569014,3084.8272414537028,0.7279366348338256,8,709.7594148562766,678.3507058452633,-222.40763237858346,190.99892336757046,3.410605131648481e-13
884.7547705447096,5.0,,3116.235950464716,2,exp5:regular:r019,,3.0,,884.7547705447096,0.1,hardening:regular:r019,5,0.7249167574813516,8.0,2076.545934114348,1.0,,0.5854726926845273,6.0,,10000.000000000002,Catalog then correct,,0.0,,,,,,moderate,4085.250340518768,109.2887663657866,0.7109723510016692,,,0.7279366348338256,4194.539106884555,1.0,,3.0,7109.723510016692,0.4085250340518767,0.0109288766365786,40019,,"[""L009"", ""L014"", ""L031"", ""L035"", ""R001"", ""R002"", ""R007"", ""C001""]","[""R000"", ""R001"", ""R002"", ""R003"", ""C000"", ""C001""]",,,3.0,,regular,3024.473169497924,0.0,,947.9272353835756,1.0,3,2265.698177976178,1073.9070144065402,3050.280133541187,585.4726926845273,6524.250817332165,65.95581692352918,881.9714184600465,7279.366348338257,2101.0019697968014,983.8252716569014,3084.8272414537028,0.7279366348338256,8,109.28876636578661,169.64283832156525,24.456035682453603,35.898036273325715,6.821210263296962e-13
142.4859670192647,1.0,,3116.235950464716,2,exp5:regular:r019,,3.0,,142.4859670192647,0.25,hardening:regular:r019,5,0.6218649353546672,7.0,2408.1841449954427,1.0,,0.5854726926845273,6.0,,10000.000000000002,Catalog then correct,,2265.698177976178,,,,,,moderate,3011.432796406607,1183.1063104779478,0.6127668746871322,,,0.7279366348338256,4194.539106884555,0.0,,0.0,6127.668746871323,0.3011432796406606,0.1183106310477947,40019,,"[""L009"", ""R000"", ""R001"", ""R002"", ""R003"", ""C000"", ""C001""]","[""R000"", ""R001"", ""R002"", ""R003"", ""C000"", ""C001""]",,,3.0,,regular,3116.235950464716,0.0,,708.0518054692732,1.0,6,2265.698177976178,0.0,685.648230179715,1463.6817317113182,4663.987015160004,164.88954230882294,543.1622631604503,7279.366348338257,2101.0019697968014,983.8252716569014,3084.8272414537028,0.7279366348338256,8,1183.1063104779478,1151.6976014669344,-307.1821751986413,275.7734661876282,2.2737367544323206e-13
450.91862346266646,2.0,,3116.235950464716,2,exp5:regular:r019,,3.0,,844.125822726126,0.25,hardening:regular:r019,5,0.6693571997241615,6.0,2323.409602175385,1.0,,0.5854726926845273,6.0,,10000.000000000002,Catalog then correct,,1132.849088988089,,,,,,moderate,3388.557581946253,805.9815249383018,0.648386072964253,,,0.7279366348338256,4194.539106884555,0.5,,2.0,6483.860729642531,0.3388557581946252,0.0805981524938301,40019,,"[""L014"", ""R001"", ""R002"", ""R003"", ""R007"", ""C001""]","[""R000"", ""R001"", ""R002"", ""R003"", ""C000"", ""C001""]",,,3.0,,regular,3095.303147696278,393.20719926345953,,771.8935455208932,1.0,4,2265.698177976178,393.20719926345953,1818.497319167804,1463.6817317113182,5020.1789979312125,164.88954230882294,607.0040032120703,7279.366348338257,2101.0019697968014,983.8252716569014,3084.8272414537028,0.7279366348338256,8,805.9815249383018,795.5056186957263,-222.40763237858346,211.93172613600814,2.2737367544323206e-13
729.0981249666015,4.0,,3116.235950464716,2,exp5:regular:r019,,3.0,,729.0981249666015,0.25,hardening:regular:r019,5,0.75344262815629,8.0,2208.381904415861,1.0,,0.5854726926845273,6.0,,10000.000000000002,Catalog then correct,,0.0,,,,,,moderate,4005.8436200760016,188.69548680855317,0.7114501442883493,,,0.7279366348338256,4194.539106884555,1.0,,2.0,7114.501442883493,0.4005843620076,0.0188695486808553,40019,,"[""L009"", ""L014"", ""L035"", ""R001"", ""R002"", ""R003"", ""R007"", ""C001""]","[""R000"", ""R001"", ""R002"", ""R003"", ""C000"", ""C001""]",,,3.0,,regular,3108.657822807492,0.0,,900.2759183916307,1.0,4,2265.698177976178,786.4143985269191,2951.346408155893,1463.6817317113182,5650.819711172175,164.88954230882294,735.3863760828078,7279.366348338257,2101.0019697968014,983.8252716569014,3084.8272414537028,0.7279366348338256,8,188.69548680855314,164.86490545476408,-107.37993461905944,83.54935326527061,2.2737367544323206e-13
