accounting_residual,added_site_ids,budget,budget_index,case_id,catalog_actual_service,catalog_central_sites,catalog_coverage,catalog_fixed_cost,catalog_local_sites,catalog_mno_0_service,catalog_mno_1_service,catalog_mno_2_service,catalog_multi_operator_volume,catalog_predicted_profit,catalog_predicted_service,catalog_realized_profit,catalog_regional_sites,catalog_revenue,catalog_selected_site_ids,catalog_sites,catalog_stranded_expenditure,catalog_support_overestimate,catalog_total_expenditure,catalog_variable_cost,fixed_cost_difference,footprint_jaccard,footprints_differ,informed_actual_service,informed_central_sites,informed_coverage,informed_fixed_cost,informed_local_sites,informed_mno_0_service,informed_mno_1_service,informed_mno_2_service,informed_multi_operator_volume,informed_realized_profit,informed_regional_sites,informed_revenue,informed_selected_site_ids,informed_sites,informed_stranded_expenditure,informed_total_expenditure,informed_variable_cost,kind,max_revenue,overlap,profit_difference,removed_site_ids,retained_site_ids,revenue_difference,revenue_normalized_profit_difference,seed,sites_added,sites_removed,sites_retained,support_pattern,supported_central_share,supported_local_share,supported_mean_compute_capacity,supported_mean_fixed_cost,supported_mean_interface_capacity,supported_regional_share,topology,variable_cost_difference
-2.2737367544323206e-13,"[""C001"", ""L016""]",1020.4607177834512,0,decision:asymmetric:b0:r000,591.2186682853171,1,0.05912186682853169,734.1362819233657,1,0.0,337.6796923624506,253.53897592286648,464.96821139907286,1568.7082769864685,2589.168994769919,-247.52519909825526,0,591.2186682853171,"[""C002"", ""L010""]",2,0.0,1997.950326484602,838.7438673835724,104.6075854602067,-74.68225839842853,0.0,1,2444.516316863722,1,0.2444516316863721,659.4540235249372,1,162.6057151030057,1314.656493344351,967.2541084163649,2444.516316863722,1498.7917262639035,0,2444.516316863722,"[""C001"", ""L016""]",2,0.0,945.7245905998184,286.2705670748812,decision,10000.000000000004,,1746.3169253621586,"[""C002"", ""L010""]",[],1853.2976485784047,0.1746316925362158,20000,2,2,0,,,,,,,,asymmetric,181.66298161467452
0.0,"[""L007""]",1000.7706375636598,0,decision:asymmetric:b0:r001,2236.304497917035,0,0.2236304497917035,708.8843334294913,1,967.6492038221674,520.7665428937069,747.8887512011609,2236.304497917035,1353.7104685890924,2354.481106152752,1248.5078583481377,2,2236.304497917035,"[""L012"", ""R000"", ""R001""]",3,0.0,118.17660823571714,987.7966395688971,278.9123061394058,4.332006750261485,0.5,1,2320.387076751318,0,0.23203870767513182,713.2163401797528,1,1121.8052375632656,542.2316979723768,656.3501412156751,2320.3870767513176,1319.6164391876578,2,2320.3870767513176,"[""L007"", ""R000"", ""R001""]",3,0.0,1000.7706375636598,287.55429738390694,decision,10000.0,,71.10858083952007,"[""L012""]","[""R000"", ""R001""]",84.08257883428269,0.007110858083952007,20001,1,1,2,,,,,,,,asymmetric,8.641991244501128
-1.1368683772161603e-13,"[""L033""]",1016.184148590911,0,decision:asymmetric:b0:r002,2692.294479042932,1,0.2692294479042932,658.7963441175942,1,1312.1710701006823,1227.289583208778,152.83382573347092,2692.2944790429315,1989.2264074870664,2959.199128607105,1742.7229269457557,0,2692.2944790429315,"[""C001"", ""L035""]",2,0.0,266.90464956417327,949.5715520971758,290.7752079795815,-0.8717634199341546,0.3333333333333333,1,2689.0094741766206,1,0.2689009474176621,657.9245806976601,1,1456.0624476465025,964.4254833867562,268.52154314336207,2689.0094741766206,1745.844615685578,0,2689.009474176621,"[""C001"", ""L033""]",2,0.0,943.164858491043,285.2402777933829,decision,9999.999999999998,,3.1216887398222752,"[""L035""]","[""C001""]",-3.2850048663103735,0.00031216887398222756,20002,1,1,1,,,,,,,,asymmetric,-5.534930186198608
1.1368683772161603e-13,"[""L022"", ""R006""]",1017.1432654996548,0,decision:asymmetric:b0:r003,1628.2589717787955,0,0.16282589717787954,557.4082553655967,0,903.8827334741333,125.74488789838176,598.6313504062807,1628.2589717787957,1293.3662714500701,2155.3691679395515,832.0222112235831,2,1628.2589717787957,"[""R000"", ""R003""]",2,0.0,527.110196160756,796.2367605552126,238.82850518961592,134.48833687637193,0.25,1,2244.9299063920002,0,0.22449299063920003,691.8965922419686,1,1252.8137302217012,393.48482576401824,598.6313504062807,2072.153324227111,1227.786640892345,2,2244.929906392,"[""L022"", ""R000"", ""R006""]",3,0.0,1017.1432654996548,325.2466732576862,decision,10000.0,,395.764429668762,"[""R003""]","[""R000""]",616.670934613204,0.0395764429668762,20003,2,1,1,,,,,,,,asymmetric,86.41816806807029
0.0,"[""C001"", ""L010""]",1022.1933905797466,0,decision:asymmetric:b0:r004,1230.1146923662636,1,0.12301146923662638,759.551963477937,1,940.039548269749,168.55318210747947,121.5219619890353,1108.5927303772285,1586.855947531277,2609.0493381110236,346.1012064038898,0,1230.1146923662639,"[""C002"", ""L030""]",2,0.0,1378.93464574476,884.013485962374,124.4615224844371,-49.6183000564414,0.0,1,2672.436255846955,1,0.26724362558469555,709.9336634214956,1,824.9028724108439,1404.0403950545738,443.49298838153743,2672.4362558469547,1666.09204332181,0,2672.4362558469547,"[""C001"", ""L010""]",2,0.0,1006.3442125251447,296.4105491036491,decision,9999.999999999996,,1319.9908369179202,"[""C002"", ""L030""]",[],1442.3215634806909,0.13199908369179206,20004,2,2,0,,,,,,,,asymmetric,171.949026619212
0.0,"[""C001""]",1007.8506747076705,0,decision:asymmetric:b0:r005,463.6231453207914,1,0.04636231453207913,674.5864730767044,1,30.06921728852228,238.99204760373198,194.56188042853717,463.6231453207914,1431.2611342520736,2360.4190874363435,-294.7818632280182,0,463.6231453207914,"[""C002"", ""L021""]",2,530.9045767581846,1896.795942115552,758.4050085488096,83.8185354721053,-16.879212507268562,0.3333333333333333,1,2663.1385704989198,1,0.2663138570498919,657.7072605694358,1,931.3958544296025,901.4745478613156,830.268168208002,2663.13857049892,1700.367783313427,0,2663.1385704989198,"[""C001"", ""L021""]",2,0.0,962.7707871854926,305.06352661605683,decision,10000.000000000002,,1995.1496465414452,"[""C002""]","[""L021""]",2199.515425178128,0.19951496465414448,20005,1,1,1,,,,,,,,asymmetric,221.24499114395155
0.0,[],1002.5408734987502,0,decision:asymmetric:b0:r006,2768.9945081816686,1,0.27689945081816686,700.0166574102523,1,1894.8533673672441,874.1411408144246,0.0,2768.9945081816686,1734.7843813389102,2737.3252548376604,1766.4536346829184,0,2768.9945081816686,"[""C001"", ""L005""]",2,0.0,-31.66925334400821,1002.5408734987502,302.52421608849795,0.0,1.0,0,2768.9945081816686,1,0.27689945081816686,700.0166574102523,1,1894.8533673672441,874.1411408144246,0.0,2768.9945081816686,1766.4536346829184,0,2768.9945081816686,"[""C001"", ""L005""]",2,0.0,1002.5408734987502,302.52421608849795,decision,10000.000000000002,,0.0,[],"[""C001"", ""L005""]",0.0,0.0,20006,0,0,2,,,,,,,,asymmetric,0.0
-2.5579538487363607e-13,"[""L009""]",1013.1778709373114,0,decision:asymmetric:b0:r007,2598.0057923138447,1,0.2598005792313845,643.5247617832778,1,1303.9344600614336,521.6007936372405,772.4705386151707,2404.2515986049584,1914.5262402605201,2840.1894692252163,1709.00243341854,0,2598.0057923138447,"[""C001"", ""L026""]",2,0.0,242.18367691137155,889.0033588953048,245.47859711202707,1.2247762298827638,0.3333333333333333,1,2851.8599118046413,1,0.2851859911804641,644.7495380131605,1,1581.1554008841892,565.3789618281487,705.3255490923032,2851.8599118046413,1910.0494340990613,0,2851.8599118046413,"[""C001"", ""L009""]",2,0.0,941.81047770558,297.0609396924194,decision,9999.999999999996,,201.04700068052125,"[""L026""]","[""C001""]",253.85411949079662,0.020104700068052133,20007,1,1,1,,,,,,,,asymmetric,51.58234258039235
-1.1368683772161603e-13,"[""C001"", ""L033""]",1017.1993038302342,0,decision:asymmetric:b0:r008,1761.1407546918501,0,0.17611407546918503,687.4353119027327,1,15.140872670612469,1087.6446131204846,658.3552689007529,1761.14075469185,1332.962990063775,2350.162293894009,815.0765434464637,2,1761.14075469185,"[""L027"", ""R000"", ""R005""]",3,0.0,589.0215392021589,946.0642112453862,258.62889934265354,49.842458559670945,0.0,1,2504.0621194244222,1,0.2504062119424423,737.2777704624036,1,546.3240728710749,1278.706991599584,679.0310549537635,2504.0621194244222,1526.6818895024498,0,2504.0621194244222,"[""C001"", ""L033""]",2,0.0,977.3802299219723,240.10245945956865,decision,10000.0,,711.6053460559862,"[""L027"", ""R000"", ""R005""]",[],742.9213647325723,0.07116053460559861,20008,2,3,0,,,,,,,,asymmetric,-18.52643988308489
0.0,"[""C001"", ""L019""]",1013.4454057501206,0,decision:asymmetric:b0:r009,442.2857041999549,1,0.04422857041999549,696.4471235059701,1,79.44273592510876,216.18956545395605,146.6534028208901,442.2857041999549,1741.3303618210837,2747.6001762113165,-335.18684838375157,0,442.2857041999549,"[""C002"", ""L030""]",2,538.5336217828725,2305.3144720113614,777.4725525837065,81.02542907773639,46.69568503229527,0.0,1,2323.7107075006315,1,0.23237107075006316,743.1428085382654,1,1418.562591632318,720.3710573354518,184.7770585328617,2323.7107075006315,1310.2653017505108,0,2323.7107075006315,"[""C001"", ""L019""]",2,0.0,1013.4454057501206,270.3025972118552,decision,10000.0,,1645.4521501342624,"[""C002"", ""L030""]",[],1881.4250033006765,0.16454521501342625,20009,2,2,0,,,,,,,,asymmetric,189.2771681341188
0.0,"[""C001""]",1022.2545858681883,0,decision:asymmetric:b0:r010,847.6961805606509,1,0.08476961805606509,631.3534965572966,1,379.2673434776104,211.08176643317137,257.3470706498691,468.42883708304055,1975.7710145359501,2980.7568182515033,77.92657350555135,0,847.6961805606509,"[""C002"", ""L021""]",2,0.0,2133.0606376908527,769.7696070550995,138.41611049780292,28.475879341048994,0.3333333333333333,1,2478.92477426433,1,0.24789247742643303,659.8293758983456,1,989.1607250193437,903.7785769090314,585.9854723359551,2478.92477426433,1502.4132855151033,0,2478.92477426433,"[""C001"", ""L021""]",2,0.0,976.5114887492268,316.68211285088125,decision,10000.0,,1424.4867120095519,"[""C002""]","[""L021""]",1631.2285937036793,0.1424486712009552,20010,1,1,1,,,,,,,,asymmetric,178.26600235307833
0.0,[],995.7000293640635,0,decision:asymmetric:b0:r011,2621.9424615788594,1,0.26219424615788595,656.873188834172,1,1047.0811687015716,821.1036405157703,753.7576523615173,2621.9424615788594,1470.5001703343314,2396.351644258005,1669.4602820370494,0,2621.9424615788594,"[""C001"", ""L032""]",2,0.0,-225.5908173208545,952.48217954181,295.60899070763804,0.0,1.0,0,2621.9424615788594,1,0.26219424615788595,656.873188834172,1,1047.0811687015716,821.1036405157703,753.7576523615173,2621.9424615788594,1669.4602820370494,0,2621.9424615788594,"[""C001"", ""L032""]",2,0.0,952.48217954181,295.60899070763804,decision,10000.0,,0.0,[],"[""C001"", ""L032""]",0.0,0.0,20011,0,0,2,,,,,,,,asymmetric,0.0
1.1368683772161603e-13,"[""R001"", ""R006""]",1038.16016089877,0,decision:asymmetric:b0:r012,1826.7673361026573,1,0.18267673361026573,720.4908647438598,1,1358.7386376726495,137.99050458406938,330.0381938459386,1826.7673361026577,1962.7629210288442,2973.813874906141,901.4313806875801,0,1826.7673361026573,"[""C000"", ""L016""]",2,0.0,1147.0465388034836,925.3359554150771,204.84509067121735,-118.5579181157591,0.0,1,2100.01653411211,0,0.21000165341121102,601.9329466281007,0,1019.7117122605471,694.5832723205608,385.72154953100227,2100.01653411211,1216.511490642265,2,2100.01653411211,"[""R001"", ""R006""]",2,0.0,883.5050434698452,281.5720968417445,decision,10000.000000000002,,315.0801099546849,"[""C000"", ""L016""]",[],273.2491980094528,0.03150801099546848,20012,2,2,0,,,,,,,,asymmetric,76.72700617052715
0.0,"[""C001"", ""L015""]",1032.6991169468924,0,decision:asymmetric:b0:r013,2071.895601396904,0,0.20718956013969042,599.7778154292135,0,642.3803887519862,697.0466491432744,732.4685635016436,2071.895601396904,1283.9448581611275,2171.4041521615636,1194.0057774764603,2,2071.895601396904,"[""R005"", ""R006""]",2,0.0,99.5085507646595,877.8898239204439,278.1120084912303,109.25916334573833,0.0,1,2627.897928308641,1,0.2627897928308641,709.0369787749519,1,688.516684691424,965.1775571346072,974.2036864826097,2627.897928308641,1631.7876109182178,0,2627.897928308641,"[""C001"", ""L015""]",2,0.0,996.1103173904232,287.07333861547136,decision,10000.0,,437.7818334417575,"[""R005"", ""R006""]",[],556.0023269117369,0.04377818334417575,20013,2,2,0,,,,,,,,asymmetric,8.961330124241044
1.1368683772161603e-13,"[""L033""]",1010.3603696687203,0,decision:asymmetric:b0:r014,2757.79322152094,1,0.275779322152094,637.4315803083207,1,1280.210701547131,940.279785437878,537.3027345359304,2757.7932215209394,1926.5346802003571,2862.146959505899,1843.011394884317,0,2757.7932215209394,"[""C001"", ""L031""]",2,0.0,104.35373798495903,914.7818266366223,277.35024632830164,9.20937589863263,0.3333333333333333,1,2831.6871320769233,1,0.2831687132076923,646.6409562069533,1,1440.0128538835525,818.9499393167787,572.7243388765924,2831.6871320769237,1896.2825285721924,0,2831.6871320769237,"[""C001"", ""L033""]",2,0.0,935.4046035047314,288.7636472977781,decision,10000.0,,53.27113368787536,"[""L031""]","[""C001""]",73.89391055598435,0.005327113368787537,20014,1,1,1,,,,,,,,asymmetric,11.41340096947647
-2.2737367544323206e-13,"[""C001"", ""L031""]",1025.8576921674248,0,decision:asymmetric:b0:r015,885.9539866347766,1,0.08859539866347765,773.5810969683562,0,813.7619104919287,0.0,72.19207614284788,702.7459747160876,1538.26884523245,2564.126537399875,24.852991779751733,1,885.9539866347766,"[""C002"", ""R000""]",2,0.0,1678.1725507650983,861.1009948550249,87.5198978866687,-19.28068678379259,0.0,1,2557.542360702766,1,0.2557542360702766,754.3004101845636,1,1265.7318426120287,1259.8724341418206,31.938083948916507,2557.5423607027656,1531.6846685353407,0,2557.5423607027656,"[""C001"", ""L031""]",2,0.0,1025.8576921674248,271.55728198286124,decision,9999.999999999998,,1506.831676755589,"[""C002"", ""R000""]",[],1671.588374067989,0.15068316767555892,20015,2,2,0,,,,,,,,asymmetric,184.03738409619254
0.0,"[""R007"", ""R008""]",1016.927577335565,0,decision:asymmetric:b0:r016,514.6971767249954,1,0.05146971767249954,677.2123884884488,1,458.82229503354154,55.87488169145379,0.0,0.0,1584.9335160135715,2567.289060064463,-224.69053482601726,0,514.6971767249953,"[""C000"", ""L016""]",2,0.0,2052.591883339467,739.3877115510126,62.17532306256375,-57.99905969520637,0.0,1,1988.7188858824882,0,0.1988718885882488,619.2133287932425,0,782.2876715563993,632.8155874258241,573.6156269002647,1988.718885882488,1127.3723351432407,2,1988.718885882488,"[""R007"", ""R008""]",2,0.0,861.3465507392473,242.13322194600482,decision,10000.0,,1352.062869969258,"[""C000"", ""L016""]",[],1474.0217091574928,0.1352062869969258,20016,2,2,0,,,,,,,,asymmetric,179.9578988834411
1.1368683772161603e-13,"[""R000"", ""R004""]",1032.3241704039476,0,decision:asymmetric:b0:r017,1194.2070067521097,1,0.11942070067521098,701.1443682264567,1,813.2464801852643,185.51510031965483,195.44542624719037,473.6673858442332,1491.5610014950903,2523.215857108451,307.86986415656395,0,1194.2070067521097,"[""C001"", ""L026""]",2,0.0,1329.0088503563413,886.3371425955457,185.19277436908905,-67.1736774576924,0.0,1,2078.8730538041436,0,0.20788730538041436,633.9706907687643,0,1179.1866911308396,439.4882225540597,460.1981401192445,2078.8730538041436,1169.2779946427127,2,2078.8730538041436,"[""R000"", ""R004""]",2,0.0,909.5950591614311,275.62436839266684,decision,9999.999999999996,,861.4081304861487,"[""C001"", ""L026""]",[],884.666047052034,0.0861408130486149,20017,2,2,0,,,,,,,,asymmetric,90.43159402357779
0.0,"[""C001"", ""L001""]",1000.9310188828981,0,decision:asymmetric:b0:r018,1305.68719493703,1,0.130568719493703,704.788825938686,1,943.915002201702,361.7721927353279,0.0,1305.68719493703,1738.724463441799,2739.6554823246965,431.47323504654105,0,1305.6871949370297,"[""C002"", ""L033""]",2,0.0,1433.9682873876666,874.2139598904887,169.42513395180262,41.15804876341247,0.0,1,2584.1665958157273,1,0.2584166595815727,745.9468747020985,1,1154.7758024491518,826.4658323060848,602.9249610604908,2584.1665958157273,1597.1950491554142,0,2584.1665958157273,"[""C001"", ""L001""]",2,0.0,986.9715466603132,241.02467195821464,decision,9999.999999999998,,1165.721814108873,"[""C002"", ""L033""]",[],1278.4794008786976,0.11657218141088733,20018,2,2,0,,,,,,,,asymmetric,71.59953800641202
0.0,"[""C001"", ""L010""]",1020.4464827856789,0,decision:asymmetric:b0:r019,596.6464202045578,1,0.05966464202045578,736.6601800661265,1,305.2629037797421,152.30139203967968,139.08212438513607,435.427271514535,1486.0895923091753,2506.536075094854,-235.15272281434693,0,596.6464202045579,"[""C000"", ""L033""]",2,0.0,1909.8896548902962,831.7991430189048,95.13896295277834,34.69645408124097,0.0,1,2428.391593944074,1,0.2428391593944074,771.3566341473675,1,1102.3788687553854,710.1391601843347,615.8735650043543,2428.3915939440744,1426.6530462489043,0,2428.391593944074,"[""C001"", ""L010""]",2,0.0,1001.7385476951697,230.38191354780218,decision,10000.0,,1661.8057690632513,"[""C000"", ""L033""]",[],1831.745173739516,0.16618057690632512,20019,2,2,0,,,,,,,,asymmetric,135.24295059502384
4.547473508864641e-13,"[""L016"", ""R003""]",1913.3638458439707,1,decision:asymmetric:b1:r000,3149.2906320861075,2,0.31492906320861064,1359.941014440249,0,698.6116548481273,1544.4896229744018,906.1893542635787,3023.0401751998634,3272.4349990650944,5163.025596817261,1441.0411723768016,1,3149.290632086107,"[""C001"", ""C002"", ""R001""]",3,0.0,2013.734964731154,1708.2494597093055,348.3084452690563,-98.44893639250245,0.4,1,4576.420638335318,1,0.45764206383353156,1261.4920780477466,1,1129.2669154209514,2217.1113378517484,1230.0423850626169,4576.420638335317,2726.566680925247,2,4576.420638335317,"[""C001"", ""L016"", ""R001"", ""R003""]",4,0.0,1849.8539574100698,588.3618793623232,decision,10000.000000000004,,1285.5255085484455,"[""C002""]","[""C001"", ""R001""]",1427.1300062492096,0.1285525508548445,20000,2,1,2,,,,,,,,asymmetric,240.0534340932669
0.0,"[""C001"", ""L007"", ""L014""]",1876.444945431862,1,decision:asymmetric:b1:r001,3349.517365373639,0,0.33495173653736393,1287.4725544956978,1,1719.3264558390397,626.392195850065,1003.7987136845345,3157.104144294246,2551.62056791152,4428.065513343382,1623.209304067366,4,3349.517365373639,"[""L012"", ""R000"", ""R001"", ""R004"", ""R006""]",5,0.0,1078.5481479697428,1726.3080613062732,438.8355068105754,96.86304501767881,0.25,1,4429.236804941142,1,0.4429236804941142,1384.3355995133766,2,1764.0643911889085,1926.9716286246683,738.2007851275644,4429.236804941142,2552.7918595092797,2,4429.236804941142,"[""C001"", ""L007"", ""L014"", ""R000"", ""R001""]",5,0.0,1876.444945431862,492.1093459184853,decision,10000.0,,929.5825554419137,"[""L012"", ""R004"", ""R006""]","[""R000"", ""R001""]",1079.7194395675024,0.09295825554419136,20001,3,3,2,,,,,,,,asymmetric,53.27383910790991
2.2737367544323206e-13,"[""L033"", ""R001""]",1905.345278607958,1,decision:asymmetric:b1:r002,4491.024563627813,1,0.44910245636278134,1271.8059878431582,1,2260.30905533627,1570.9151213823004,659.8003869092422,4491.024563627812,3175.959006376303,5048.126770195749,2666.86498244587,2,4491.024563627812,"[""C001"", ""L035"", ""R002"", ""R006""]",4,0.0,557.1022065679354,1824.1595811819425,552.3535933387842,-41.026426105050405,0.3333333333333333,1,4654.8680955107675,1,0.46548680955107674,1230.7795617381078,1,2497.7126012941367,1599.19158827098,557.9639059456512,4654.8680955107675,2857.6082965726687,2,4654.8680955107675,"[""C001"", ""L033"", ""R001"", ""R002""]",4,0.0,1797.2597989380988,566.4802371999912,decision,9999.999999999998,,190.74331412679885,"[""L035"", ""R006""]","[""C001"", ""R002""]",163.84353188295518,0.01907433141267989,20002,2,2,2,,,,,,,,asymmetric,14.126643861206958
-9.094947017729282e-13,"[""R001"", ""R004"", ""R006""]",1907.1436228118528,1,decision:asymmetric:b1:r003,1675.6859568314853,1,0.16756859568314852,1244.7658228419339,1,903.8827334741333,125.74488789838176,646.0583354589704,1628.2589717787957,2790.287393715431,4568.391660558846,183.7305979520263,2,1675.6859568314853,"[""C002"", ""L025"", ""R000"", ""R003""]",4,552.2761690496181,2892.7057037273603,1491.955358879459,247.18953603752524,-29.44589604032558,0.14285714285714285,1,4277.606569603962,0,0.4277606569603962,1215.3199268016083,0,2065.7417491492088,1430.1525849805805,781.7122354741724,4277.606569603961,2454.091157061123,4,4277.606569603962,"[""R000"", ""R001"", ""R004"", ""R006""]",4,0.0,1823.5154125428394,608.195485741231,decision,10000.0,,2270.3605591090964,"[""C002"", ""L025"", ""R003""]","[""R000""]",2601.920612772477,0.22703605591090964,20003,3,3,1,,,,,,,,asymmetric,361.0059497037057
0.0,"[""C001"", ""L022""]",1916.6126073370249,1,decision:asymmetric:b1:r004,3473.6337159814784,1,0.3473633715981479,1317.2899602338457,1,1587.1277082713577,1337.316353456908,549.1896542532128,3473.6337159814784,2893.675113216958,4789.592392502798,1713.3375383855976,2,3473.6337159814784,"[""C002"", ""L010"", ""R002"", ""R005""]",4,0.0,1315.9586765213198,1760.2961775958809,443.0062173620351,-29.183269222166018,0.3333333333333333,1,4753.030804136051,1,0.4753030804136052,1288.1066910116797,1,1424.766180864208,2266.4126022776336,1061.8520209942099,4753.030804136052,2877.279819055731,2,4753.030804136051,"[""C001"", ""L022"", ""R002"", ""R005""]",4,0.0,1875.7509850803203,587.6442940686406,decision,9999.999999999996,,1163.9422806701334,"[""C002"", ""L010""]","[""R002"", ""R005""]",1279.3970881545729,0.11639422806701338,20004,2,2,2,,,,,,,,asymmetric,144.63807670660555
0.0,"[""C001"", ""L023"", ""R004"", ""R005""]",1889.720015076882,1,decision:asymmetric:b1:r005,1874.9558292152055,1,0.18749558292152052,1293.415250680675,1,30.06921728852228,569.8533665891485,1275.033245337535,1278.6703835175344,2707.0379268628,4544.332442941872,307.2479535920488,2,1874.955829215206,"[""C002"", ""L021"", ""R002"", ""R006""]",4,530.9045767581846,2669.376613726666,1567.7078756231572,274.2926249424821,-44.25292900841396,0.0,1,4484.408043094216,1,0.4484408043094215,1249.162321672261,1,2200.8622030016645,1392.5648559853353,890.9809841072156,4484.408043094216,2639.668954990722,2,4484.408043094216,"[""C001"", ""L023"", ""R004"", ""R005""]",4,0.0,1844.739088103494,595.576766431233,decision,10000.000000000002,,2332.421001398673,"[""C002"", ""L021"", ""R002"", ""R006""]",[],2609.45221387901,0.23324210013986726,20005,4,4,0,,,,,,,,asymmetric,321.28414148875083
-2.2737367544323206e-13,"[""L009"", ""R001""]",1879.7641378101564,1,decision:asymmetric:b1:r006,4005.5850938277626,1,0.40055850938277626,1286.8749816926675,1,2408.3973334027264,982.3626510528879,614.8251093721485,3713.9603743463367,3058.051667448659,4937.815805258815,2253.3883430870046,2,4005.5850938277626,"[""C001"", ""L026"", ""R003"", ""R006""]",4,0.0,932.2307114310524,1752.196750740758,465.3217690480907,-30.361078716971406,0.3333333333333333,1,4940.00137570338,1,0.494000137570338,1256.513902975696,1,2771.8619847587556,1490.588189161871,677.551201782754,4940.00137570338,3060.504006043837,2,4940.00137570338,"[""C001"", ""L009"", ""R001"", ""R006""]",4,0.0,1879.4973696595434,622.9834666838473,decision,10000.000000000002,,807.1156629568322,"[""L026"", ""R003""]","[""C001"", ""R006""]",934.4162818756176,0.08071156629568321,20006,2,2,2,,,,,,,,asymmetric,157.66169763575658
-2.2737367544323206e-13,"[""L009"", ""R004""]",1899.7085080074587,1,decision:asymmetric:b1:r007,3586.8353807766653,2,0.3586835380776665,1288.122584378801,0,1778.4900256403857,841.4365953242784,966.9087598120007,3456.825108958364,3340.654549020715,5147.013560532252,1928.0257314741837,1,3586.8353807766653,"[""C001"", ""C002"", ""R003""]",3,0.0,1560.1781797555868,1658.8096493024816,370.6870649236805,-17.47808286898544,0.4,1,4952.375608164828,1,0.4952375608164828,1270.6445015098157,1,2363.710159316665,1524.6601016689037,1064.0053471792594,4952.375608164828,3076.5217688363464,2,4952.375608164828,"[""C001"", ""L009"", ""R003"", ""R004""]",4,0.0,1875.8538393284814,605.2093378186657,decision,9999.999999999996,,1148.4960373621627,"[""C002""]","[""C001"", ""R003""]",1365.5402273881627,0.11484960373621632,20007,2,1,2,,,,,,,,asymmetric,234.52227289498524
2.2737367544323206e-13,"[""C001"", ""R001""]",1907.248694681689,1,decision:asymmetric:b1:r008,3272.458342173004,0,0.32724583421730047,1266.3309660970037,1,960.432397896231,1602.7778371227344,709.2481071540388,3272.458342173004,2666.9193633568893,4545.509932881094,1564.9561618226203,4,3272.458342173004,"[""L033"", ""R000"", ""R004"", ""R005"", ""R007""]",5,0.0,1273.0515907080899,1707.5021803503837,441.17121425337996,87.15747961697434,0.2857142857142857,1,4552.744042319142,1,0.4552744042319143,1353.488445713978,1,1555.9354182736547,2104.326109981175,892.4825140643126,4552.744042319142,2698.4006545538114,2,4552.744042319142,"[""C001"", ""L033"", ""R001"", ""R004""]",4,0.0,1854.3433877653308,500.8549420513527,decision,10000.0,,1133.444492731191,"[""R000"", ""R005"", ""R007""]","[""L033"", ""R004""]",1280.285700146138,0.11334444927311911,20008,2,3,2,,,,,,,,asymmetric,59.68372779797272
4.547473508864641e-13,"[""C001"", ""L005"", ""R001"", ""R005""]",1900.2101357814759,1,decision:asymmetric:b1:r009,1659.078168470295,1,0.1659078168470295,1304.0606360616516,1,592.8011400192208,325.6814858861671,740.5955425649069,1659.0781684702952,2830.8356720032316,4719.460256872169,89.4287921947523,2,1659.078168470295,"[""C002"", ""L030"", ""R003"", ""R008""]",4,538.5336217828725,3060.382088401874,1569.6493762755426,265.588740213891,81.210993331704,0.0,1,4245.2301796833935,1,0.42452301796833936,1385.2716293933556,1,1780.7483113380433,1680.7362478623781,783.7456204829717,4245.2301796833935,2348.5525189641144,2,4245.2301796833935,"[""C001"", ""L005"", ""R001"", ""R005""]",4,0.0,1896.6776607192792,511.4060313259235,decision,10000.0,,2259.1237267693623,"[""C002"", ""L030"", ""R003"", ""R008""]",[],2586.1520112130984,0.22591237267693623,20009,4,4,0,,,,,,,,asymmetric,245.81729111203248
-2.2737367544323206e-13,"[""C001"", ""R002""]",1916.727348502853,1,decision:asymmetric:b1:r010,2654.513085227343,1,0.2654513085227343,1212.7071483651898,1,951.7612140714357,439.77120616365187,1262.9806649922552,1562.29820614327,3269.0926356736163,5141.122916785411,1052.270890138311,2,2654.5130852273423,"[""C002"", ""L021"", ""R000"", ""R003""]",4,0.0,2486.609831558068,1602.2421950890314,389.5350467238416,30.414740547379324,0.3333333333333333,1,4609.2290497270415,1,0.46092290497270416,1243.1218889125691,1,1978.8285105061148,1594.9365748009786,1035.4639644199483,4609.2290497270415,2756.1853884477123,2,4609.2290497270415,"[""C001"", ""L021"", ""R000"", ""R002""]",4,0.0,1853.043661279329,609.9217723667598,decision,10000.0,,1703.9144983094013,"[""C002"", ""R003""]","[""L021"", ""R000""]",1954.715964499699,0.17039144983094012,20010,2,2,2,,,,,,,,asymmetric,220.38672564291818
2.2737367544323206e-13,"[""L032"", ""R006""]",1866.937555057619,1,decision:asymmetric:b1:r011,3586.1113395095326,2,0.3586111339509533,1267.4149197213344,0,1392.7136226932957,1300.6310869986264,892.7666298176102,3194.227328745618,2913.0615974480397,4695.986118827368,1914.2614534403428,1,3586.1113395095326,"[""C000"", ""C001"", ""R002""]",3,0.0,1109.8747793178354,1671.8498860691898,404.43496634785527,-56.13800641523426,0.4,1,4675.896795400242,1,0.4675896795400242,1211.2769133061001,1,1927.6459201244456,1402.9916925280713,1345.2591827477243,4675.896795400242,2853.957483131774,2,4675.896795400242,"[""C001"", ""L032"", ""R002"", ""R006""]",4,0.0,1821.9393122684678,610.6623989623678,decision,10000.0,,939.6960296914312,"[""C000""]","[""C001"", ""R002""]",1089.7854558907093,0.09396960296914313,20011,2,1,2,,,,,,,,asymmetric,206.2274326145125
0.0,"[""C001"", ""R006""]",1946.5503016851935,1,decision:asymmetric:b1:r012,3663.625398058357,1,0.3663625398058357,1299.5338457042844,1,2575.0351053273253,649.3885077192961,439.20178501173586,3663.625398058357,3195.0343277571865,5049.287609894148,1926.8254773796523,2,3663.625398058357,"[""C000"", ""L016"", ""R001"", ""R008""]",4,0.0,1385.662211835791,1736.7999206787047,437.26607497442023,55.85794124068548,0.3333333333333333,1,4446.509114519102,1,0.44465091145191016,1355.39178694497,1,2080.5114836053535,1480.285091434862,885.7125394788862,4446.509114519102,2529.268533061784,2,4446.509114519101,"[""C001"", ""L016"", ""R001"", ""R006""]",4,0.0,1917.2405814573167,561.8487945123468,decision,10000.000000000002,,602.4430556821319,"[""C000"", ""R008""]","[""L016"", ""R001""]",782.8837164607439,0.060244305568213176,20012,2,2,2,,,,,,,,asymmetric,124.58271953792655
2.2737367544323206e-13,"[""L015"", ""R004"", ""R005""]",1936.3108442754233,1,decision:asymmetric:b1:r013,3143.0484430876086,2,0.3143048443087609,1437.1948866809798,0,795.8781260862602,1062.6029920495296,1284.5673249518181,3143.048443087608,2961.569239478995,4895.969179526931,1365.4008394928123,1,3143.0484430876086,"[""C000"", ""C001"", ""R006""]",3,599.7158218660512,1752.9207364393224,1777.6476035947962,340.45271691381635,-73.6104097145585,0.16666666666666666,1,4736.681101360422,1,0.4736681101360422,1363.5844769664213,1,1779.4682098108815,1798.3895435688783,1158.8233479806627,4736.681101360422,2828.2605119868917,2,4736.681101360423,"[""C001"", ""L015"", ""R004"", ""R005""]",4,0.0,1908.4205893735311,544.8361124071099,decision,10000.0,,1462.8596724940794,"[""C000"", ""R006""]","[""C001""]",1593.6326582728143,0.14628596724940793,20013,3,2,1,,,,,,,,asymmetric,204.38339549329356
5.684341886080802e-14,"[""L033"", ""R000""]",1894.4256931288503,1,decision:asymmetric:b1:r014,4778.505007545244,2,0.47785050075452434,1328.313055469163,0,2262.967234824104,1580.8806263392078,934.6571463819312,4778.505007545243,3707.7985507043977,5602.224243833248,2943.0679856715965,1,4778.505007545243,"[""C001"", ""C002"", ""R004""]",3,0.0,823.7192362880041,1835.4370218736462,507.1239664044834,-75.62157281008172,0.4,1,4951.556306814907,1,0.49515563068149065,1252.6914826590812,1,2138.434820893438,1846.046730360712,967.0747555607575,4951.556306814908,3090.7339724035505,2,4951.556306814908,"[""C001"", ""L033"", ""R000"", ""R004""]",4,0.0,1860.8223344113571,608.130851752276,decision,10000.0,,147.66598673195404,"[""C002""]","[""C001"", ""R004""]",173.05129926966492,0.014766598673195403,20014,2,1,2,,,,,,,,asymmetric,101.00688534779266
-2.2737367544323206e-13,"[""L033"", ""R005"", ""R007""]",1923.4831728139216,1,decision:asymmetric:b1:r015,3036.7538922787608,2,0.30367538922787607,1381.236771955932,0,1704.6893819940929,1259.8724341418206,72.19207614284788,2853.5458803600723,3167.9257609180427,5041.963064877587,1363.9303522345162,1,3036.753892278761,"[""C001"", ""C002"", ""R000""]",3,0.0,2005.2091725988266,1672.823540044245,291.5867680883131,-23.380834052657974,0.16666666666666666,1,4539.534030754467,1,0.4539534030754467,1357.855937903274,1,1998.8522195067178,2126.0688206874115,414.61299056033715,4539.534030754467,2616.050857940545,2,4539.534030754467,"[""C001"", ""L033"", ""R005"", ""R007""]",4,0.0,1923.4831728139216,565.6272349106474,decision,9999.999999999998,,1252.1205057060288,"[""C002"", ""R000""]","[""C001""]",1502.7801384757054,0.1252120505706029,20015,3,2,1,,,,,,,,asymmetric,274.04046682233434
0.0,"[""R001"", ""R007""]",1906.7392075041844,1,decision:asymmetric:b1:r016,2451.6782263838727,1,0.24516782263838727,1284.4813784480182,1,1408.4182740929637,688.6904691172779,354.56948317363134,1936.9810496588775,2808.313637028814,4680.835530101568,846.5475683063805,2,2451.678226383873,"[""C000"", ""L016"", ""R006"", ""R008""]",4,0.0,2229.1573037176954,1605.1306580774926,320.6492796294744,-39.306599796615274,0.3333333333333333,1,3912.5914383427694,0,0.39125914383427696,1245.174778651403,0,1638.401534059848,999.4807250654409,1274.7091792174801,3912.5914383427694,2137.617030169909,4,3912.591438342769,"[""R001"", ""R006"", ""R007"", ""R008""]",4,0.0,1774.97440817286,529.799629521457,decision,10000.0,,1291.0694618635284,"[""C000"", ""L016""]","[""R006"", ""R008""]",1460.9132119588958,0.12910694618635285,20016,2,2,2,,,,,,,,asymmetric,209.15034989198256
0.0,"[""R001"", ""R008""]",1935.6078195074017,1,decision:asymmetric:b1:r017,3025.6758313876235,1,0.30256758313876236,1331.6883183081318,1,1822.0080567605908,708.0222641800736,495.6455104469594,2078.8730538041436,2646.9007154871233,4577.870276138499,1288.0981525424875,2,3025.675831387624,"[""C001"", ""L029"", ""R000"", ""R004""]",4,0.0,1552.1944447508758,1737.5776788451365,405.88936053700473,-96.85814384201853,0.3333333333333333,1,4025.7687202748116,0,0.40257687202748116,1234.8301744661132,0,1744.8124376731669,1089.6023086534783,1191.3539739481662,4025.7687202748116,2246.590821710108,4,4025.768720274811,"[""R000"", ""R001"", ""R004"", ""R008""]",4,0.0,1779.1778985647034,544.3477240985902,decision,9999.999999999996,,958.4926691676203,"[""C001"", ""L029""]","[""R000"", ""R004""]",1000.0928888871872,0.09584926691676207,20017,2,2,2,,,,,,,,asymmetric,138.4583635615855
0.0,"[""L001"", ""R001"", ""R002""]",1876.7456604054337,1,decision:asymmetric:b1:r018,3349.317099091769,2,0.33493170990917687,1308.2413732903988,1,1841.3839851305365,1015.8768752490244,492.05623871220797,3349.3170990917697,3173.3126716392026,4960.270882174022,1720.6841538092913,0,3349.317099091769,"[""C001"", ""C002"", ""L007""]",3,0.0,1610.9537830822528,1628.6329452824775,320.3915719920788,-2.130481415873419,0.16666666666666666,1,4551.413053791118,1,0.4551413053791118,1306.1108918745254,1,1589.0009105322401,1874.731787671581,1087.6803555872962,4551.413053791118,2702.777857710399,2,4551.413053791118,"[""C001"", ""L001"", ""R001"", ""R002""]",4,0.0,1848.6351960807187,542.5243042061934,decision,9999.999999999998,,982.0937039011078,"[""C002"", ""L007""]","[""C001""]",1202.095954699349,0.0982093703901108,20018,3,2,1,,,,,,,,asymmetric,222.13273221411458
0.0,"[""C001"", ""L010"", ""R001"", ""R003""]",1913.3371552231476,1,decision:asymmetric:b1:r019,2065.3122065751863,1,0.20653122065751864,1294.3385590368748,1,939.946499902271,643.5749223471116,481.7907843258037,1904.0930578851633,2845.66031499365,4758.997470216798,459.07788769541503,2,2065.3122065751863,"[""C000"", ""L033"", ""R007"", ""R008""]",4,0.0,2693.685263641612,1606.2343188797713,311.8957598428965,115.22756228287108,0.0,1,4404.792992528829,1,0.4404792992528829,1409.566121319746,1,2036.207484380659,1345.139602546773,1023.4459056013972,4404.792992528829,2503.563788015147,2,4404.792992528829,"[""C001"", ""L010"", ""R001"", ""R003""]",4,0.0,1901.229204513682,491.6630831939361,decision,10000.0,,2044.485900319732,"[""C000"", ""L033"", ""R007"", ""R008""]",[],2339.4807859536427,0.20444859003197322,20019,4,4,0,,,,,,,,asymmetric,179.76732335103958
0.0,"[""L016"", ""R004"", ""R006""]",3188.9397430732847,2,decision:asymmetric:b2:r000,5398.770154372307,2,0.5398770154372305,2275.1006135528824,0,1278.8793985816683,2726.331330267382,1393.5594255232568,5042.214925900583,4902.208118992436,8089.527865292041,2476.064739423309,4,5398.770154372307,"[""C001"", ""C002"", ""R001"", ""R002"", ""R003"", ""R005""]",6,0.0,2690.7577109197337,2922.7054149489977,647.6048013961156,-73.21545600194804,0.4444444444444444,1,7412.261179009898,1,0.7412261179009896,2201.8851575509343,1,2371.276443031174,3310.965748212674,1730.0189877660496,7412.261179009898,4250.735992752831,5,7412.261179009898,"[""C001"", ""L016"", ""R001"", ""R003"", ""R004"", ""R005"", ""R006""]",7,0.0,3161.5251862570667,959.6400287061326,decision,10000.000000000004,,1774.6712533295222,"[""C002"", ""R002""]","[""C001"", ""R001"", ""R003"", ""R005""]",2013.4910246375912,0.17746712533295214,20000,3,2,4,,,,,,,,asymmetric,312.03522731001704
2.2737367544323206e-13,"[""L015"", ""R004""]",3127.4082423864365,2,decision:asymmetric:b2:r001,6135.4704023338545,1,0.6135470402333855,2108.45328974491,1,2231.2174171487773,2674.218601966004,1230.034383219073,5943.057181254461,4199.534089990227,7225.272517006267,3264.0284419141954,5,6135.4704023338545,"[""C001"", ""L012"", ""R000"", ""R001"", ""R002"", ""R006"", ""R008""]",7,0.0,1089.8021146724122,2871.441960419659,762.9886706747491,41.080009299712856,0.5555555555555556,1,7110.784111379842,1,0.7110784111379842,2149.5332990446227,1,2813.1094867616594,2670.7068546616865,1626.9677699564963,7110.784111379843,4052.638669317839,5,7110.784111379842,"[""C001"", ""L015"", ""R000"", ""R001"", ""R002"", ""R004"", ""R008""]",7,0.0,3058.1454420620034,908.6121430173807,decision,10000.0,,788.6102274036434,"[""L012"", ""R006""]","[""C001"", ""R000"", ""R001"", ""R002"", ""R008""]",975.3137090459877,0.07886102274036434,20001,2,2,5,,,,,,,,asymmetric,145.62347234263166
-2.2737367544323206e-13,"[""R000"", ""R004""]",3175.575464346597,2,decision:asymmetric:b2:r002,6896.764796741452,1,0.6896764796741452,2150.885892089611,3,2982.2952513782047,2539.832088020628,1374.63745734262,6896.764796741452,4677.407060639331,7835.332752528899,3828.4750719667836,4,6896.764796741452,"[""C001"", ""L014"", ""L033"", ""L035"", ""R001"", ""R002"", ""R006"", ""R008""]",8,0.0,938.5679557874464,3068.2897247746687,917.4038326850575,7.175833402395256,0.6,1,7390.426841995824,1,0.7390426841995824,2158.061725492006,3,3148.416533051178,2724.432340355596,1517.5779685890511,7390.426841995824,4240.872219445859,4,7390.426841995824,"[""C001"", ""L014"", ""L033"", ""L035"", ""R000"", ""R001"", ""R002"", ""R004""]",8,0.0,3149.554622549965,991.492897057959,decision,9999.999999999998,,412.3971474790751,"[""R006"", ""R008""]","[""C001"", ""L014"", ""L033"", ""L035"", ""R001"", ""R002""]",493.66204525437206,0.04123971474790752,20002,2,2,6,,,,,,,,asymmetric,74.08906437290148
0.0,"[""L005"", ""L031"", ""R002"", ""R007""]",3178.5727046864213,2,decision:asymmetric:b2:r003,4871.441564334547,1,0.4871441564334547,2189.6535751632628,1,2491.8013207408867,1561.926794487964,817.7134491056972,4824.014579281858,4599.15694460809,7764.147268061908,1989.7505534240704,5,4871.441564334547,"[""C002"", ""L025"", ""R000"", ""R001"", ""R003"", ""R004"", ""R006""]",7,552.2761690496181,2892.7057037273607,2881.691010910477,692.0374357472143,-52.28331708312862,0.36363636363636365,1,6935.416046693877,0,0.6935416046693877,2137.370258080134,2,2785.411342820547,2343.281086824211,1806.7236170491192,6935.416046693877,3784.9134884266423,6,6935.416046693877,"[""L005"", ""L031"", ""R000"", ""R001"", ""R002"", ""R004"", ""R006"", ""R007""]",8,0.0,3150.502558267235,1013.132300187101,decision,10000.0,,1795.1629350025719,"[""C002"", ""L025"", ""R003""]","[""R000"", ""R001"", ""R004"", ""R006""]",2063.97448235933,0.1795162935002572,20003,4,3,4,,,,,,,,asymmetric,321.0948644398867
0.0,"[""C001"", ""L010"", ""L022"", ""L027"", ""R001""]",3194.354345561708,2,decision:asymmetric:b2:r004,5072.636761432834,1,0.5072636761432835,2233.9715581810165,1,1997.4509575746977,1565.1443986655745,1510.0414051925618,4637.039135630994,4416.619261517877,7610.973607079585,2166.28017218978,5,5072.636761432834,"[""C002"", ""L030"", ""R002"", ""R003"", ""R004"", ""R005"", ""R006""]",7,0.0,2538.3368456467515,2906.356589243054,672.3850310620373,-78.93628499629222,0.25,1,7313.002651953975,1,0.7313002651953977,2155.0352731847242,3,2777.76330283887,2903.701578431551,1631.5377706835557,7313.002651953976,4119.197289913024,4,7313.002651953976,"[""C001"", ""L010"", ""L022"", ""L027"", ""R001"", ""R002"", ""R004"", ""R005""]",8,0.0,3193.805362040952,1038.7700888562276,decision,9999.999999999996,,1952.9171177232442,"[""C002"", ""L030"", ""R003"", ""R006""]","[""R002"", ""R004"", ""R005""]",2240.3658905211423,0.1952917117723245,20004,5,4,3,,,,,,,,asymmetric,366.3850577941903
0.0,"[""C001"", ""L008"", ""L023"", ""L030"", ""L032"", ""R004""]",3149.53335846147,2,decision:asymmetric:b2:r005,3572.4740527427757,1,0.3572474052742775,2153.237426861615,1,854.7790449366871,881.3186632556846,1836.3763445504032,2953.3128761204107,4415.806766545975,7523.272639114072,919.3977212033492,5,3572.4740527427753,"[""C002"", ""L021"", ""R001"", ""R002"", ""R005"", ""R006"", ""R008""]",7,530.9045767581846,3950.7985863712966,2653.076331539426,499.83890467781106,-13.50142061266206,0.23076923076923078,1,6816.732727443702,1,0.6816732727443701,2139.736006248953,5,2788.8509997141855,2484.815627301561,1543.0661004279555,6816.732727443702,3667.199368982233,3,6816.732727443703,"[""C001"", ""L008"", ""L021"", ""L023"", ""L030"", ""L032"", ""R002"", ""R004"", ""R005""]",9,0.0,3149.53335846147,1009.797352212517,decision,10000.000000000002,,2747.8016477788838,"[""C002"", ""R001"", ""R006"", ""R008""]","[""L021"", ""R002"", ""R005""]",3244.2586747009277,0.2747801647778883,20005,6,4,3,,,,,,,,asymmetric,509.95844753470595
2.2737367544323206e-13,"[""L005"", ""L008"", ""L009"", ""L020"", ""R004""]",3132.940229683594,2,decision:asymmetric:b2:r006,5029.6615274990345,2,0.5029661527499034,2166.904175949218,1,2860.209988513246,1554.6264296136405,614.8251093721485,4610.232505120903,4891.120242208903,7997.696147545603,2253.9283924001666,3,5029.6615274990345,"[""C001"", ""C002"", ""L026"", ""R001"", ""R003"", ""R006""]",6,0.0,2968.0346200465683,2775.733135098868,608.8289591496498,-98.33265306386375,0.2727272727272727,1,7042.7881482132625,1,0.7042788148213263,2068.571522885354,4,3453.049433235339,2492.867102728193,1096.8716122497303,7042.7881482132625,3987.9996335524324,3,7042.7881482132625,"[""C001"", ""L005"", ""L008"", ""L009"", ""L020"", ""R001"", ""R004"", ""R006""]",8,0.0,3054.78851466083,986.2169917754759,decision,10000.000000000002,,1734.0712411522659,"[""C002"", ""L026"", ""R003""]","[""C001"", ""R001"", ""R006""]",2013.126620714228,0.17340712411522655,20006,5,3,3,,,,,,,,asymmetric,377.3880326258261
2.2737367544323206e-13,"[""L013"", ""L015"", ""L019""]",3166.180846679098,2,decision:asymmetric:b2:r007,6618.823171208867,2,0.6618823171208867,2200.142718830802,0,2831.1198231931085,2120.681166126736,1667.0221818890225,6488.812899390567,5028.20426483008,8184.327703751289,3599.3568021838946,4,6618.823171208867,"[""C001"", ""C002"", ""R000"", ""R001"", ""R003"", ""R004""]",6,0.0,1565.5045325424217,3019.4663690249727,819.3236501941703,-67.10248526331634,0.5555555555555556,1,7627.145585970324,1,0.7627145585970324,2133.0402335674858,3,3395.7613512818484,2462.835048888963,1768.5491857995119,7627.145585970324,4463.55358033488,4,7627.145585970324,"[""C001"", ""L013"", ""L015"", ""L019"", ""R000"", ""R001"", ""R003"", ""R004""]",8,0.0,3163.5920056354435,1030.5517720679577,decision,9999.999999999996,,864.1967781509857,"[""C002""]","[""C001"", ""R000"", ""R001"", ""R003"", ""R004""]",1008.3224147614565,0.0864196778150986,20007,3,1,5,,,,,,,,asymmetric,211.22812187378736
0.0,"[""C001"", ""L032"", ""R008""]",3178.7478244694817,2,decision:asymmetric:b2:r008,5961.478186476594,0,0.5961478186476594,2163.9515626462685,3,2080.2353522122025,2554.096086912654,1327.146747351737,5961.478186476595,4150.998897244461,7327.945529716754,2962.863174838088,6,5961.478186476594,"[""L002"", ""L020"", ""L033"", ""R000"", ""R001"", ""R003"", ""R004"", ""R005"", ""R007""]",9,0.0,1366.4673432401605,2998.6150116385056,834.663448992237,86.09426062373586,0.4166666666666667,1,7131.952612304425,1,0.7131952612304426,2250.0458232700043,3,2808.0068356698253,3188.7403204877155,1135.205456146884,7131.952612304425,3994.1985094788615,4,7131.952612304425,"[""C001"", ""L002"", ""L032"", ""L033"", ""R001"", ""R003"", ""R004"", ""R008""]",8,0.0,3137.7541028255637,887.7082795555592,decision,10000.0,,1031.3353346407735,"[""L020"", ""R000"", ""R005"", ""R007""]","[""L002"", ""L033"", ""R001"", ""R003"", ""R004""]",1170.4744258278315,0.10313353346407735,20008,3,4,5,,,,,,,,asymmetric,53.04483056332219
0.0,"[""C001"", ""L003"", ""L005"", ""R005"", ""R007""]",3167.0168929691267,2,decision:asymmetric:b2:r009,3119.841966652314,1,0.3119841966652314,2198.6571835212176,1,1670.0085330241086,530.5644740669749,919.2689595612308,2949.0063319952123,4344.232556112432,7504.081799415108,488.30879521369434,5,3119.841966652314,"[""C002"", ""L022"", ""R001"", ""R002"", ""R003"", ""R004"", ""R008""]",7,819.57232161224,4384.239832762794,2631.53317143862,432.8759879174021,6.232760771614267,0.16666666666666666,1,6647.511855053594,1,0.6647511855053595,2204.889944292832,2,2700.52070885723,2397.167216607487,1549.823929588877,6647.511855053594,3503.7948225928158,4,6647.5118550535935,"[""C001"", ""L003"", ""L005"", ""R001"", ""R003"", ""R005"", ""R007""]",7,0.0,3143.717032460778,938.8270881679457,decision,10000.0,,3015.4860273791214,"[""C002"", ""L022"", ""R002"", ""R004"", ""R008""]","[""R001"", ""R003""]",3527.6698884012794,0.3015486027379121,20009,5,5,2,,,,,,,,asymmetric,505.9511002505436
0.0,"[""C001"", ""L007"", ""L008"", ""L016"", ""L026"", ""L033"", ""R004""]",3194.5455808380884,2,decision:asymmetric:b2:r010,3623.0873556237607,2,0.3623087355623761,2134.354251712488,1,1368.9351289643814,935.3486741619233,1318.8035524974557,2530.8724765396883,5029.361005657942,8124.1205189382135,977.2288574860527,3,3623.0873556237602,"[""C000"", ""C002"", ""L021"", ""R000"", ""R002"", ""R003""]",6,0.0,4501.033163314452,2645.8584981377076,511.5042464252198,38.5195197978619,0.15384615384615385,1,6982.716105871291,1,0.698271610587129,2172.87377151035,5,3337.218072426509,2307.7554120271884,1337.7426214175932,6982.716105871291,3788.1705250332025,3,6982.716105871291,"[""C001"", ""L007"", ""L008"", ""L016"", ""L026"", ""L033"", ""R000"", ""R002"", ""R004""]",9,0.0,3194.5455808380884,1021.6718093277387,decision,10000.0,,2810.94166754715,"[""C000"", ""C002"", ""L021"", ""R003""]","[""R000"", ""R002""]",3359.6287502475307,0.281094166754715,20010,7,4,2,,,,,,,,asymmetric,510.16756290251897
0.0,"[""L015"", ""R000"", ""R003"", ""R004""]",3111.5625917626985,2,decision:asymmetric:b2:r011,5391.203610312974,2,0.5391203610312973,2139.566979934759,0,2089.4624508013867,1734.0455435828992,1567.6956159286883,4999.31959954906,4629.221805274541,7715.538959675467,2593.504037413227,4,5391.203610312974,"[""C000"", ""C001"", ""R002"", ""R005"", ""R006"", ""R008""]",6,0.0,2324.3353493624927,2797.699572899747,658.1325929649886,-52.01939225687647,0.3,1,6941.744491185793,1,0.6941744491185793,2087.5475876778823,1,3120.5337580351425,2023.0822686985146,1798.1284644521368,6941.744491185793,3935.804576193693,5,6941.744491185793,"[""C001"", ""L015"", ""R000"", ""R003"", ""R004"", ""R006"", ""R008""]",7,0.0,3005.9399149921,918.3923273142179,decision,10000.0,,1342.300538780466,"[""C000"", ""R002"", ""R005""]","[""C001"", ""R006"", ""R008""]",1550.540880872819,0.1342300538780466,20011,4,3,3,,,,,,,,asymmetric,260.25973434922935
-2.2737367544323206e-13,"[""L016"", ""L033"", ""R004"", ""R007""]",3244.250502808656,2,decision:asymmetric:b2:r012,6514.268206553571,2,0.6514268206553571,2260.1001319383195,1,3696.7816305394153,1827.3300659734746,990.1565100406809,6514.268206553572,4885.418062415065,8023.658231227217,3509.674009599479,3,6514.268206553571,"[""C000"", ""C001"", ""L009"", ""R001"", ""R006"", ""R008""]",6,0.0,1509.3900246736457,3004.594196954092,744.4940650157723,-89.14054266335052,0.3,1,6885.390656594597,1,0.6885390656594598,2170.959589274969,2,2655.2332581088303,2432.430606852812,1797.726791632955,6885.390656594598,3755.1759312600007,4,6885.390656594598,"[""C001"", ""L016"", ""L033"", ""R001"", ""R004"", ""R006"", ""R007""]",7,0.0,3130.2147253345975,959.2551360596283,decision,10000.000000000002,,245.50192166052148,"[""C000"", ""L009"", ""R008""]","[""C001"", ""R001"", ""R006""]",371.12245004102715,0.024550192166052143,20012,4,3,3,,,,,,,,asymmetric,214.76107104385596
0.0,"[""L015"", ""L030"", ""L032"", ""R000"", ""R004""]",3227.184740459039,2,decision:asymmetric:b2:r013,5440.19799028108,2,0.544019799028108,2350.148350435068,2,1983.9243574689665,1947.8123150145386,1508.4613177975752,5322.772708544164,4395.84148936428,7623.02622982332,2436.07887539073,3,5440.197990281081,"[""C000"", ""C001"", ""L017"", ""L034"", ""R001"", ""R005"", ""R006""]",7,599.7158218660512,2182.82823954224,3004.119114890351,653.9707644552826,-114.78900304641684,0.25,1,7379.360835805332,1,0.7379360835805332,2235.3593473886513,3,2583.842012263783,3076.2233548877102,1719.2954686538376,7379.36083580533,4156.468852240736,4,7379.36083580533,"[""C001"", ""L015"", ""L030"", ""L032"", ""R000"", ""R004"", ""R005"", ""R006""]",8,0.0,3222.891983564594,987.5326361759425,decision,10000.0,,1720.389976850006,"[""C000"", ""L017"", ""L034"", ""R001""]","[""C001"", ""R005"", ""R006""]",1939.162845524249,0.17203899768500058,20013,5,4,3,,,,,,,,asymmetric,333.56187172065984
1.1368683772161603e-13,"[""R001"", ""R003""]",3157.3761552147507,2,decision:asymmetric:b2:r014,7349.430211648986,2,0.7349430211648986,2188.302023444474,2,3258.6273933690627,2662.6452049528216,1428.1576133271024,7349.430211648986,5154.954658891268,8312.33081410602,4259.521346975085,3,7349.430211648986,"[""C001"", ""C002"", ""L013"", ""L017"", ""R000"", ""R002"", ""R004""]",7,0.0,962.9006024570344,3089.9088646739006,901.6068412294268,-25.67929682999602,0.5555555555555556,1,7541.33811959981,1,0.754133811959981,2162.622726614478,1,3358.8666821251563,2689.4040610172106,1493.0673764574435,7541.338119599809,4384.669087507131,5,7541.33811959981,"[""C001"", ""L013"", ""R000"", ""R001"", ""R002"", ""R003"", ""R004""]",7,0.0,3156.669032092679,994.046305478201,decision,10000.0,,125.14774053204565,"[""C002"", ""L017""]","[""C001"", ""L013"", ""R000"", ""R002"", ""R004""]",191.90790795082376,0.012514774053204565,20014,2,2,5,,,,,,,,asymmetric,92.43946424877424
1.1368683772161603e-13,"[""L002"", ""L031"", ""R003""]",3205.8052880232026,2,decision:asymmetric:b2:r015,6049.7605560250195,2,0.6049760556025019,2273.4763077891253,0,2920.358295006593,2383.062703742731,746.3395572756954,5866.55254410633,4895.282819678254,8093.11719038973,3052.1953169588605,4,6049.7605560250195,"[""C001"", ""C002"", ""R000"", ""R001"", ""R005"", ""R007""]",6,0.0,2043.3566343647108,2997.565239066159,724.0889312770336,-156.45831250730544,0.4444444444444444,1,7152.165564957826,1,0.7152165564957826,2117.01799528182,2,2996.6721576023424,2920.6429467779753,1234.8504605775088,7152.165564957826,4069.3036808757133,4,7152.165564957827,"[""C001"", ""L002"", ""L031"", ""R001"", ""R003"", ""R005"", ""R007""]",7,0.0,3082.8618840821136,965.8438888002938,decision,9999.999999999998,,1017.1083639168528,"[""C002"", ""R000""]","[""C001"", ""R001"", ""R005"", ""R007""]",1102.4050089328075,0.1017108363916853,20015,3,2,4,,,,,,,,asymmetric,241.75495752326026
-2.2737367544323206e-13,"[""L014"", ""L025"", ""L028"", ""L035"", ""R001"", ""R003""]",3177.8986791736406,2,decision:asymmetric:b2:r016,4585.029128278774,1,0.45850291282787736,2179.236172546728,3,1837.6078361529308,1196.2048768952918,1551.2164152305509,4126.206833245232,4261.682210275583,7436.859711627766,1770.6060597674477,4,4585.029128278773,"[""C000"", ""L000"", ""L016"", ""L032"", ""R002"", ""R006"", ""R007"", ""R008""]",8,137.7958287342133,2851.830583348992,2814.4230685113253,635.1868959645974,-29.088686293539922,0.21428571428571427,1,6585.435350531421,0,0.6585435350531421,2150.147486253188,4,2652.311929003025,2241.2212656594406,1691.9021558689556,6585.43535053142,3434.391613926695,5,6585.435350531421,"[""L014"", ""L025"", ""L028"", ""L035"", ""R001"", ""R003"", ""R006"", ""R007"", ""R008""]",9,0.0,3151.0437366047263,1000.8962503515381,decision,10000.0,,1663.785554159247,"[""C000"", ""L000"", ""L016"", ""L032"", ""R002""]","[""R006"", ""R007"", ""R008""]",2000.4062222526481,0.16637855541592472,20016,6,5,3,,,,,,,,asymmetric,365.70935438694073
0.0,"[""L014"", ""L026"", ""L027"", ""L033"", ""R005""]",3226.0130325123364,2,decision:asymmetric:b2:r017,5292.476936894836,1,0.5292476936894837,2217.849958439993,3,2634.3062097259635,1249.4192298729895,1408.7514972958834,4201.961665595338,4123.333529644943,7340.954320051049,2340.3103620305105,4,5292.476936894836,"[""C001"", ""L019"", ""L023"", ""L029"", ""R000"", ""R001"", ""R004"", ""R008""]",8,0.0,2048.4773831562125,2952.166574864326,734.316616424333,-59.94147994387549,0.3076923076923077,1,6758.989184219057,0,0.6758989184219057,2157.9084784961174,4,3069.975335189968,1779.5206993688557,1909.4931496602326,6758.989184219056,3539.244659740312,5,6758.989184219056,"[""L014"", ""L026"", ""L027"", ""L033"", ""R000"", ""R001"", ""R004"", ""R005"", ""R008""]",9,0.0,3219.7445244787446,1061.8360459826272,decision,9999.999999999996,,1198.9342977098013,"[""C001"", ""L019"", ""L023"", ""L029""]","[""R000"", ""R001"", ""R004"", ""R008""]",1466.51224732422,0.11989342977098018,20017,5,4,4,,,,,,,,asymmetric,327.5194295582942
-2.2737367544323206e-13,"[""L001"", ""R001"", ""R002"", ""R007"", ""R008""]",3127.9094340090564,2,decision:asymmetric:b2:r018,5726.772761704972,2,0.5726772761704972,2236.771081844211,1,2580.4960143293083,1955.5485234808239,1190.7282238948408,5285.097973638601,4839.35106562405,7959.826270048889,2833.122698981815,3,5726.772761704973,"[""C001"", ""C002"", ""L007"", ""R003"", ""R004"", ""R005""]",6,0.0,2233.0535083439163,2893.650062723158,656.8789808789472,-51.36497376406032,0.18181818181818182,1,7246.1583071609375,1,0.7246158307160937,2185.4061080801507,1,3051.7368139997316,2862.1200847195605,1332.3014084416445,7246.158307160937,4145.940385353301,5,7246.158307160937,"[""C001"", ""L001"", ""R001"", ""R002"", ""R003"", ""R007"", ""R008""]",7,0.0,3100.2179218076353,914.8118137274846,decision,9999.999999999998,,1312.8176863714862,"[""C002"", ""L007"", ""R004"", ""R005""]","[""C001"", ""R003""]",1519.3855454559634,0.13128176863714863,20018,5,4,2,,,,,,,,asymmetric,257.9328328485374
0.0,"[""L003"", ""L008"", ""L010"", ""L032"", ""L033"", ""R001"", ""R003""]",3188.8952587052463,2,decision:asymmetric:b2:r019,4258.321625030225,2,0.42583216250302247,2246.4714866571494,1,1844.0894021127228,1347.3862515006135,1066.845971416888,3930.918061744862,4744.803513804947,7928.235202340683,1529.1129590993214,3,4258.321625030225,"[""C000"", ""C001"", ""L024"", ""R002"", ""R007"", ""R008""]",6,0.0,3669.913577310458,2729.2086659309034,482.7371792737541,29.94604403423864,0.15384615384615385,1,6818.386856820018,1,0.6818386856820018,2276.417530691388,5,3315.151635032834,2227.99852987756,1275.2366919096235,6818.386856820019,3632.6617896224097,3,6818.386856820018,"[""C001"", ""L003"", ""L008"", ""L010"", ""L032"", ""L033"", ""R001"", ""R003"", ""R007""]",9,0.0,3185.725067197608,909.30753650622,decision,10000.0,,2103.5488305230883,"[""C000"", ""L024"", ""R002"", ""R008""]","[""C001"", ""R007""]",2560.065231789793,0.21035488305230884,20019,7,4,2,,,,,,,,asymmetric,426.5703572324659
-6.821210263296962e-13,"[""L001"", ""L013"", ""L014"", ""L020"", ""L031"", ""L033"", ""R007""]",5102.303588917256,3,decision:asymmetric:b3:r000,7301.0631388365,2,0.7301063138836498,2899.8590755374244,0,2249.441238858349,3310.406485986837,1741.2154139913127,6944.507910364775,5906.78805105645,9969.246727147054,3492.13900370015,6,7301.0631388365,"[""C001"", ""C002"", ""R001"", ""R002"", ""R003"", ""R004"", ""R005"", ""R006""]",8,0.0,2668.183588310554,3808.92413513635,909.0650595989257,486.10790153063726,0.4,1,9867.954247328882,1,0.9867954247328878,3385.9669770680616,6,4385.6419406471705,3500.0,1982.31230668171,9336.292021355239,5052.349689550205,6,9867.95424732888,"[""C001"", ""L001"", ""L013"", ""L014"", ""L020"", ""L031"", ""L033"", ""R001"", ""R003"", ""R004"", ""R005"", ""R006"", ""R007""]",13,0.0,4815.604557778675,1429.6375807106133,decision,10000.000000000004,,1560.2106858500547,"[""C002"", ""R002""]","[""C001"", ""R001"", ""R003"", ""R004"", ""R005"", ""R006""]",2566.89110849238,0.15602106858500542,20000,7,2,6,,,,,,,,asymmetric,520.5725211116876
2.2737367544323206e-13,"[""L007"", ""L009"", ""L014"", ""L024"", ""L028"", ""L032""]",5003.8531878182985,3,decision:asymmetric:b3:r001,8508.419137936182,1,0.8508419137936182,3006.6950762665465,1,3566.1747491891883,3290.8478823492883,1651.3965063977057,7735.928857041547,5543.37516011687,9862.934725739518,4372.3292154834935,8,8508.419137936184,"[""C001"", ""L012"", ""R000"", ""R001"", ""R002"", ""R004"", ""R005"", ""R006"", ""R007"", ""R008""]",10,0.0,1354.5155878033365,4136.08992245269,1129.3948461861435,162.73522327902174,0.4375,1,9798.36747610409,1,0.979836747610409,3169.4302995455682,6,4500.0,3372.5380057967645,1925.8294703073252,9798.36747610409,5203.803183298148,6,9798.36747610409,"[""C001"", ""L007"", ""L009"", ""L014"", ""L024"", ""L028"", ""L032"", ""R000"", ""R001"", ""R002"", ""R004"", ""R005"", ""R008""]",13,0.0,4594.5642928059415,1425.1339932603732,decision,10000.0,,831.4739678146543,"[""L012"", ""R006"", ""R007""]","[""C001"", ""R000"", ""R001"", ""R002"", ""R004"", ""R005"", ""R008""]",1289.9483381679056,0.08314739678146543,20001,6,3,7,,,,,,,,asymmetric,295.7391470742298
2.2737367544323206e-13,"[""L015"", ""L016"", ""R000"", ""R005""]",5080.920742954556,3,decision:asymmetric:b3:r002,8316.742958619896,1,0.8316742958619896,2915.432826501869,6,3467.805669619002,3426.443893088579,1422.493395912316,7836.61165143521,5715.990305556989,10000.0,4259.319569784943,5,8316.742958619896,"[""C001"", ""L002"", ""L007"", ""L014"", ""L025"", ""L033"", ""L035"", ""R001"", ""R002"", ""R004"", ""R006"", ""R008""]",12,0.0,1683.257041380104,4057.4233888349527,1141.990562333084,-143.15217618995348,0.4375,1,9046.384074071153,1,0.9046384074071153,2772.2806503119155,5,3744.597039141364,3499.999999999999,1801.78703492979,8195.179803675046,4990.834201750746,5,9046.384074071153,"[""C001"", ""L014"", ""L015"", ""L016"", ""L025"", ""L033"", ""R000"", ""R001"", ""R002"", ""R004"", ""R005""]",11,0.0,4055.5498723204078,1283.2692220084923,decision,9999.999999999998,,731.5146319658024,"[""L002"", ""L007"", ""L035"", ""R006"", ""R008""]","[""C001"", ""L014"", ""L025"", ""L033"", ""R001"", ""R002"", ""R004""]",729.6411154512571,0.07315146319658025,20002,4,5,7,,,,,,,,asymmetric,141.27865967540833
-4.547473508864641e-13,"[""L001"", ""L005"", ""L009"", ""L028"", ""L032"", ""L033"", ""L035"", ""R007""]",5085.716327498274,3,decision:asymmetric:b3:r003,6660.235689200161,1,0.6660235689200161,2967.41616260926,2,2795.3708866338375,2404.069680653155,1460.7951219131683,6612.808704147471,5750.804559960346,10000.0,2755.516308257702,7,6660.235689200161,"[""C002"", ""L022"", ""L025"", ""R000"", ""R001"", ""R002"", ""R003"", ""R004"", ""R005"", ""R006""]",10,552.2761690496181,3339.764310799839,3904.719380942459,937.3032183331987,160.74549739592476,0.3333333333333333,1,9163.73356830142,0,0.9163733568301421,3128.161660005185,8,4347.640613463591,2966.036113337859,1850.0568414999714,9163.73356830142,4583.274619102896,6,9163.73356830142,"[""L001"", ""L005"", ""L009"", ""L022"", ""L028"", ""L032"", ""L033"", ""L035"", ""R000"", ""R001"", ""R002"", ""R004"", ""R006"", ""R007""]",14,0.0,4580.458949198524,1452.297289193339,decision,10000.0,,1827.7583108451945,"[""C002"", ""L025"", ""R003"", ""R005""]","[""L022"", ""R000"", ""R001"", ""R002"", ""R004"", ""R006""]",2503.49787910126,0.18277583108451945,20003,8,4,6,,,,,,,,asymmetric,514.9940708601404
-4.547473508864641e-13,"[""C001"", ""L007"", ""L008"", ""L010"", ""L011"", ""L017"", ""L031"", ""L033"", ""R001""]",5110.966952898733,3,decision:asymmetric:b3:r004,6403.9315609962605,1,0.6403931560996262,3003.4378273183347,2,2554.029347693406,1903.8535938711238,1946.0486194317307,5281.394600539215,5625.962852576871,9998.328557640381,2497.681048840994,7,6403.931560996261,"[""C002"", ""L022"", ""L027"", ""R000"", ""R002"", ""R003"", ""R004"", ""R005"", ""R006"", ""R008""]",10,0.0,3594.396996644121,3906.250512155267,902.8126848369324,117.09104252125644,0.2631578947368421,1,9708.728078091168,1,0.970872807809117,3120.528869839591,9,4266.017232977312,3442.7108451138547,2000.0,9430.260264906532,5061.6610258992805,4,9708.728078091168,"[""C001"", ""L007"", ""L008"", ""L010"", ""L011"", ""L017"", ""L022"", ""L027"", ""L031"", ""L033"", ""R001"", ""R002"", ""R004"", ""R005""]",14,0.0,4647.067052191887,1526.5381823522957,decision,9999.999999999996,,2563.9799770582863,"[""C002"", ""R000"", ""R003"", ""R006"", ""R008""]","[""L022"", ""L027"", ""R002"", ""R004"", ""R005""]",3304.7965170949064,0.2563979977058287,20004,9,5,5,,,,,,,,asymmetric,623.7254975153634
-4.547473508864641e-13,"[""C001"", ""L001"", ""L009"", ""L010"", ""L023"", ""L030"", ""L031"", ""R001""]",5039.253373538352,3,decision:asymmetric:b3:r005,5830.708560019106,1,0.5830708560019104,3195.590113349622,10,2065.9853816429013,1771.9217276410632,1992.8014507351418,5579.953615006061,5264.683978669121,10000.000000000002,1650.8392771830586,4,5830.708560019106,"[""C002"", ""L000"", ""L002"", ""L004"", ""L005"", ""L007"", ""L008"", ""L016"", ""L020"", ""L021"", ""L032"", ""R002"", ""R003"", ""R004"", ""R005""]",15,686.8800852790091,4169.291439980896,4179.869282836047,984.2791694864256,-85.69248465267447,0.2608695652173913,1,8934.406440684135,1,0.8934406440684134,3109.8976286969473,9,3573.292604381826,3500.0,1861.1138363023085,8934.406440684135,4433.333396900341,4,8934.406440684135,"[""C001"", ""L001"", ""L008"", ""L009"", ""L010"", ""L021"", ""L023"", ""L030"", ""L031"", ""L032"", ""R001"", ""R002"", ""R004"", ""R005""]",14,0.0,4501.073043783795,1391.1754150868471,decision,10000.000000000002,,2782.494119717282,"[""C002"", ""L000"", ""L002"", ""L004"", ""L005"", ""L007"", ""L016"", ""L020"", ""R003""]","[""L008"", ""L021"", ""L032"", ""R002"", ""R004"", ""R005""]",3103.6978806650295,0.27824941197172814,20005,8,9,6,,,,,,,,asymmetric,406.8962456004215
0.0,"[""L008"", ""L009"", ""L016"", ""L020"", ""L023"", ""L027"", ""L033"", ""R004"", ""R007""]",5012.704367493751,3,decision:asymmetric:b3:r006,5992.972777578907,2,0.5992972777578907,2772.6730947689625,1,3334.1951357089038,2043.9525324978547,614.8251093721485,4764.504626234784,5969.771150807201,10000.0,2458.325248159797,5,5992.972777578907,"[""C001"", ""C002"", ""L005"", ""R001"", ""R003"", ""R005"", ""R006"", ""R008""]",8,0.0,4007.027222421093,3534.64752941911,761.9744346501475,351.6248579856024,0.23529411764705882,1,8738.606004840974,1,0.8738606004840974,3124.297952754565,7,3906.4507629532254,3170.285584699597,1661.8696571881526,8152.075568083946,4307.563182970128,5,8738.606004840974,"[""C001"", ""L008"", ""L009"", ""L016"", ""L020"", ""L023"", ""L027"", ""L033"", ""R001"", ""R004"", ""R006"", ""R007"", ""R008""]",13,0.0,4431.042821870847,1306.7448691162817,decision,10000.000000000002,,1849.237934810331,"[""C002"", ""L005"", ""R003"", ""R005""]","[""C001"", ""R001"", ""R006"", ""R008""]",2745.6332272620675,0.18492379348103305,20006,9,4,4,,,,,,,,asymmetric,544.7704344661342
0.0,"[""L007"", ""L013"", ""L019"", ""R002"", ""R005""]",5065.889354686557,3,decision:asymmetric:b3:r007,8147.138770068855,2,0.8147138770068855,2830.279642576244,2,3361.764087317778,2831.5695794338635,1953.8051033172123,8017.128498250552,5925.959363314998,10000.0,4241.7255683919575,5,8147.138770068854,"[""C001"", ""C002"", ""L009"", ""L023"", ""R000"", ""R001"", ""R003"", ""R004"", ""R006""]",9,0.0,1852.8612299311453,3905.4132016768963,1075.1335591006523,139.12093811515024,0.42857142857142855,1,9849.866585780941,1,0.9849866585780941,2969.400580691394,4,4396.061482463729,3499.9999999999995,1953.8051033172123,9849.866585780941,5467.61764091138,6,9849.866585780941,"[""C001"", ""L007"", ""L009"", ""L013"", ""L019"", ""R000"", ""R001"", ""R002"", ""R003"", ""R004"", ""R005""]",11,0.0,4382.2489448695615,1412.8483641781672,decision,9999.999999999996,,1225.892072519422,"[""C002"", ""L023"", ""R006""]","[""C001"", ""L009"", ""R000"", ""R001"", ""R003"", ""R004""]",1702.7278157120872,0.12258920725194225,20007,5,3,6,,,,,,,,asymmetric,337.71480507751494
6.821210263296962e-13,"[""L009"", ""L016"", ""L018"", ""L023"", ""L032"", ""R008""]",5085.996519151171,3,decision:asymmetric:b3:r008,7516.565647546279,1,0.751656564754628,3222.172076305036,6,2648.997899809547,3339.4004634747903,1528.1672842619405,7098.059357087044,5440.478912691178,9997.876042382077,3378.040889844555,6,7516.565647546278,"[""C001"", ""L000"", ""L002"", ""L025"", ""L026"", ""L033"", ""L035"", ""R000"", ""R001"", ""R003"", ""R004"", ""R005"", ""R007""]",13,474.7445839659641,2481.3103948357975,4138.5247577017235,916.3526813966871,-35.52335965188331,0.3684210526315789,1,8698.702544641557,1,0.8698702544641559,3186.648716653153,7,3698.5221045578746,3357.741211977335,1642.4392281063483,8035.752068626213,4345.940016880762,5,8698.702544641557,"[""C001"", ""L002"", ""L009"", ""L016"", ""L018"", ""L023"", ""L032"", ""L033"", ""R000"", ""R001"", ""R003"", ""R004"", ""R008""]",13,0.0,4352.762527760795,1166.1138111076425,decision,10000.0,,967.8991270362076,"[""L000"", ""L025"", ""L026"", ""L035"", ""R005"", ""R007""]","[""C001"", ""L002"", ""L033"", ""R000"", ""R001"", ""R003"", ""R004""]",1182.136897095279,0.09678991270362075,20008,6,6,7,,,,,,,,asymmetric,249.7611297109554
-4.547473508864641e-13,"[""C001"", ""L003"", ""L005"", ""L015"", ""L019"", ""L023"", ""L025"", ""L032"", ""R007""]",5067.2270287506035,3,decision:asymmetric:b3:r009,4952.97926366957,1,0.495297926366957,3127.0239893522657,3,2186.288042344489,1437.7742111569696,1328.9170101681116,4670.978063371729,5522.747226036992,10000.0,1107.1406575807973,7,4952.979263669571,"[""C002"", ""L002"", ""L024"", ""L026"", ""R001"", ""R002"", ""R003"", ""R004"", ""R005"", ""R006"", ""R008""]",11,819.57232161224,5047.02073633043,3845.8386060887738,718.8146167365081,175.09480044708198,0.2,1,8976.565792281095,1,0.8976565792281095,3302.1187897993477,7,3916.00943563611,3279.3056794318554,1781.2506772131308,8291.283055933398,4298.025775659724,5,8976.565792281097,"[""C001"", ""L003"", ""L005"", ""L015"", ""L019"", ""L023"", ""L025"", ""L032"", ""R001"", ""R003"", ""R004"", ""R005"", ""R007""]",13,0.0,4678.540016621373,1376.421226822025,decision,10000.0,,3190.8851180789266,"[""C002"", ""L002"", ""L024"", ""L026"", ""R002"", ""R006"", ""R008""]","[""R001"", ""R003"", ""R004"", ""R005""]",4023.586528611526,0.31908851180789266,20009,9,7,4,,,,,,,,asymmetric,657.6066100855168
0.0,"[""C001"", ""L003"", ""L008"", ""L009"", ""L014"", ""L020"", ""L031"", ""R004"", ""R007""]",5111.272929340942,3,decision:asymmetric:b3:r010,4402.075218993063,2,0.4402075218993063,2818.0507055116213,3,2486.602958498737,935.3486741619233,980.123586332402,3441.2305047878203,5948.678675249581,9996.02401878687,955.5168934172307,4,4402.075218993063,"[""C000"", ""C002"", ""L016"", ""L026"", ""L030"", ""R000"", ""R001"", ""R002"", ""R005""]",9,164.0637963890738,5593.948799793807,3446.558325575832,628.5076200642104,22.733014218411427,0.16666666666666666,1,8701.390892869702,1,0.8701390892869701,2840.7837197300328,7,3986.1958132754053,2738.9833262921193,1976.2117533021783,8701.390892869702,4541.1928996801435,4,8701.390892869702,"[""C001"", ""L003"", ""L008"", ""L009"", ""L014"", ""L016"", ""L020"", ""L031"", ""R000"", ""R002"", ""R004"", ""R007""]",12,0.0,4160.1979931895585,1319.4142734595257,decision,10000.0,,3585.676006262913,"[""C000"", ""C002"", ""L026"", ""L030"", ""R001"", ""R005""]","[""L016"", ""R000"", ""R002""]",4299.315673876639,0.3585676006262913,20010,9,6,3,,,,,,,,asymmetric,690.9066533953153
-4.547473508864641e-13,"[""L001"", ""L006"", ""L009"", ""L015"", ""L033"", ""R001"", ""R003""]",4978.500146820318,3,decision:asymmetric:b3:r011,6616.943064175404,2,0.6616943064175405,2871.4841545713834,1,2946.747770271716,1734.0455435828992,1936.1497503207893,5519.175036791625,5752.735517640614,9899.943181521367,2915.24759789909,6,6616.943064175404,"[""C000"", ""C001"", ""L019"", ""R000"", ""R002"", ""R004"", ""R005"", ""R006"", ""R008""]",9,0.0,3283.0001173459623,3701.695466276314,830.2113117049307,65.85661877625034,0.3125,1,8670.507467111402,1,0.8670507467111401,2937.340773347634,6,3480.387171736713,3216.271737453795,1973.8485579208937,8401.39991568679,4440.537494008207,5,8670.507467111402,"[""C001"", ""L001"", ""L006"", ""L009"", ""L015"", ""L019"", ""L033"", ""R001"", ""R003"", ""R004"", ""R005"", ""R008""]",12,0.0,4229.969973103194,1292.62919975556,decision,10000.0,,1525.2898961091173,"[""C000"", ""R000"", ""R002"", ""R006""]","[""C001"", ""L019"", ""R004"", ""R005"", ""R008""]",2053.5644029359974,0.15252898961091174,20011,7,4,5,,,,,,,,asymmetric,462.41788805062924
-2.2737367544323206e-13,"[""L000"", ""L004"", ""L006"", ""L016"", ""L033"", ""R002"", ""R007""]",5190.800804493851,3,decision:asymmetric:b3:r012,8170.44610721372,2,0.817044610721372,2873.5758630938153,1,4026.4128849288345,2479.410289935253,1664.6229323496327,8170.44610721372,5934.105382904395,10000.0,4279.577368048001,5,8170.44610721372,"[""C000"", ""C001"", ""L025"", ""R000"", ""R001"", ""R004"", ""R006"", ""R008""]",8,0.0,1829.55389278628,3890.8687391657195,1017.292876071904,415.4096247682519,0.3333333333333333,1,9828.429609857763,1,0.9828429609857763,3288.985487862067,5,4397.964197241548,3461.0929188866294,1969.372493729586,9828.429609857763,5074.881925001346,6,9828.429609857763,"[""C001"", ""L000"", ""L004"", ""L006"", ""L016"", ""L033"", ""R001"", ""R002"", ""R004"", ""R006"", ""R007"", ""R008""]",12,0.0,4753.547684856418,1464.56219699435,decision,10000.000000000002,,795.3045569533451,"[""C000"", ""L025"", ""R000""]","[""C001"", ""R001"", ""R004"", ""R006"", ""R008""]",1657.9835026440433,0.0795304556953345,20012,7,3,5,,,,,,,,asymmetric,447.269320922446
-2.2737367544323206e-13,"[""L006"", ""L015"", ""L025"", ""L028"", ""L032"", ""L033"", ""R000""]",5163.495584734463,3,decision:asymmetric:b3:r013,7363.738432895686,2,0.7363738432895686,3106.5824440964725,3,3227.691567484682,2627.5855476134284,1508.4613177975752,7188.9240345243725,5648.653196530319,9998.42475465906,3311.3014893484115,5,7363.738432895685,"[""C000"", ""C001"", ""L001"", ""L002"", ""L024"", ""R001"", ""R002"", ""R004"", ""R005"", ""R006""]",10,735.8434865429522,2634.6863217633736,4052.4369435472736,945.8544994508009,116.36017958895627,0.35294117647058826,1,9822.886646202853,1,0.9822886646202853,3222.9426236854288,7,4381.087941113173,3441.798705089681,1999.9999999999998,9822.886646202855,5191.317304354583,5,9822.886646202853,"[""C001"", ""L002"", ""L006"", ""L015"", ""L025"", ""L028"", ""L032"", ""L033"", ""R000"", ""R001"", ""R004"", ""R005"", ""R006""]",13,0.0,4631.56934184827,1408.6267181628405,decision,10000.0,,1880.0158150061716,"[""C000"", ""L001"", ""L024"", ""R002""]","[""C001"", ""L002"", ""R001"", ""R004"", ""R005"", ""R006""]",2459.1482133071677,0.18800158150061716,20013,7,4,6,,,,,,,,asymmetric,462.7722187120396
-4.547473508864641e-13,"[""L013"", ""L022"", ""L023"", ""L027"", ""L033"", ""R001"", ""R007""]",5051.801848343602,3,decision:asymmetric:b3:r014,7845.14971133039,2,0.784514971133039,2685.907818899725,1,3258.6273933690627,3093.4549415038855,1493.0673764574435,7845.149711330391,6027.921374869294,9900.182510623425,4176.909407976913,5,7845.149711330391,"[""C001"", ""C002"", ""L031"", ""R000"", ""R002"", ""R003"", ""R004"", ""R008""]",8,328.0799944411956,2055.0327992930343,3668.240303353479,982.3324844537539,415.4210463448212,0.3333333333333333,1,10000.0,1,1.0,3101.3288652445463,5,4500.0,3499.9999999999995,2000.0,10000.0,5453.10592566438,6,10000.0,"[""C001"", ""L013"", ""L022"", ""L023"", ""L027"", ""L033"", ""R000"", ""R001"", ""R002"", ""R003"", ""R004"", ""R007""]",12,0.0,4546.89407433562,1445.5652090910737,decision,10000.0,,1276.1965176874673,"[""C002"", ""L031"", ""R008""]","[""C001"", ""R000"", ""R002"", ""R003"", ""R004""]",2154.8502886696087,0.12761965176874673,20014,7,3,5,,,,,,,,asymmetric,463.23272463731985
2.2737367544323206e-13,"[""L002"", ""L015"", ""L027"", ""R004""]",5129.288460837124,3,decision:asymmetric:b3:r015,7907.904860775601,2,0.7907904860775601,2880.1966668794853,2,3517.4924045612756,2969.2159548457075,1421.1965013686188,7724.696848856913,5890.419497977325,10000.0,3995.9625634900312,5,7907.904860775601,"[""C001"", ""C002"", ""L024"", ""L031"", ""R000"", ""R001"", ""R003"", ""R005"", ""R007""]",9,0.0,2092.0951392243987,3911.94229728557,1031.7456304060845,-109.0770265092633,0.46153846153846156,1,8816.382325348173,1,0.8816382325348173,2771.119640370222,4,3755.703489954928,3341.343230728348,1719.3356046648973,8816.382325348173,4774.742076520743,5,8816.382325348173,"[""C001"", ""L002"", ""L015"", ""L027"", ""L031"", ""R001"", ""R003"", ""R004"", ""R005"", ""R007""]",10,0.0,4041.6402488274307,1270.5206084572087,decision,9999.999999999998,,778.7795130307113,"[""C002"", ""L024"", ""R000""]","[""C001"", ""L031"", ""R001"", ""R003"", ""R005"", ""R007""]",908.477464572572,0.07787795130307115,20015,4,3,6,,,,,,,,asymmetric,238.7749780511242
0.0,"[""C001"", ""L000"", ""L002"", ""L003"", ""L009"", ""L013"", ""L014"", ""L027"", ""L033"", ""L035""]",5084.637886677825,3,decision:asymmetric:b3:r016,6551.590762171282,1,0.6551590762171282,3121.1651963061327,5,2999.653593262492,1672.4545544086025,1879.4826145001875,5916.892862040956,5493.15543844858,10000.0,2509.2484648411573,6,6551.590762171282,"[""C000"", ""L001"", ""L017"", ""L023"", ""L025"", ""L032"", ""R001"", ""R002"", ""R003"", ""R006"", ""R007"", ""R008""]",12,149.06409173922944,3448.409237828718,4042.342297330125,921.177101023992,525.7965157161093,0.2727272727272727,1,9528.634950056345,1,0.9528634950056345,3646.961712022242,10,4378.307176414183,3270.8451591419744,1879.4826145001875,9310.1814675174,4444.737792568323,5,9528.634950056345,"[""C001"", ""L000"", ""L002"", ""L003"", ""L009"", ""L013"", ""L014"", ""L025"", ""L027"", ""L033"", ""L035"", ""R001"", ""R003"", ""R006"", ""R007"", ""R008""]",16,0.0,5083.897157488022,1436.9354454657794,decision,10000.0,,1935.4893277271658,"[""C000"", ""L001"", ""L017"", ""L023"", ""L032"", ""R002""]","[""L025"", ""R001"", ""R003"", ""R006"", ""R007"", ""R008""]",2977.0441878850625,0.1935489327727166,20016,10,6,6,,,,,,,,asymmetric,515.7583444417874
0.0,"[""L005"", ""L015"", ""L027"", ""L028"", ""L033"", ""R007""]",5161.620852019739,3,decision:asymmetric:b3:r017,7752.801432124039,1,0.7752801432124039,3107.5511892046466,7,3826.6413898136643,2012.509713235624,1913.6503290747505,6662.286160824541,5401.5858356445415,10000.0,3456.326474465316,5,7752.80143212404,"[""C001"", ""L002"", ""L004"", ""L014"", ""L019"", ""L023"", ""L026"", ""L029"", ""R000"", ""R001"", ""R004"", ""R005"", ""R008""]",13,0.0,2247.198567875961,4296.474957658724,1188.9237684540776,-7.755118710749684,0.42105263157894735,1,9091.431911365613,0,0.9091431911365613,3099.796070493897,8,4393.862069277093,2697.569842088521,2000.0000000000002,9091.431911365615,4494.98873783311,6,9091.431911365613,"[""L002"", ""L005"", ""L014"", ""L015"", ""L026"", ""L027"", ""L028"", ""L033"", ""R000"", ""R001"", ""R004"", ""R005"", ""R007"", ""R008""]",14,0.0,4596.443173532503,1496.647103038607,decision,9999.999999999996,,1038.6622633677935,"[""C001"", ""L004"", ""L019"", ""L023"", ""L029""]","[""L002"", ""L014"", ""L026"", ""R000"", ""R001"", ""R004"", ""R005"", ""R008""]",1338.630479241573,0.10386622633677939,20017,6,5,8,,,,,,,,asymmetric,307.7233345845293
4.547473508864641e-13,"[""L001"", ""L008"", ""L018"", ""L027"", ""R003"", ""R005""]",5004.655094414491,3,decision:asymmetric:b3:r018,8065.771904058494,2,0.8065771904058494,2916.50043828608,0,3448.0802460824093,3148.5996090440854,1469.0920489319992,7624.097115992122,5895.397717504806,10000.0,4139.295679853149,6,8065.771904058493,"[""C001"", ""C002"", ""R000"", ""R001"", ""R002"", ""R004"", ""R007"", ""R008""]",8,0.0,1934.2280959415057,3926.476224205345,1009.9757859192646,343.06341265740593,0.42857142857142855,1,9940.994921494104,1,0.9940994921494104,3259.563850943486,4,4500.0,3440.9949214941025,2000.0000000000002,9499.320133427731,5310.048931452486,7,9940.994921494104,"[""C001"", ""L001"", ""L008"", ""L018"", ""L027"", ""R001"", ""R002"", ""R003"", ""R004"", ""R005"", ""R007"", ""R008""]",12,0.0,4630.945990041619,1371.382139098133,decision,9999.999999999998,,1170.753251599337,"[""C002"", ""R000""]","[""C001"", ""R001"", ""R002"", ""R004"", ""R007"", ""R008""]",1875.223017435611,0.11707532515993373,20018,6,2,6,,,,,,,,asymmetric,361.40635317886836
-4.547473508864641e-13,"[""L003"", ""L008"", ""L010"", ""L017"", ""L027"", ""L032"", ""L033"", ""L034"", ""R000"", ""R004""]",5102.232413928395,3,decision:asymmetric:b3:r019,5957.912142141715,2,0.5957912142141715,2884.680973829528,1,2415.4542597855534,1933.985802862278,1608.472079493884,5630.508578856352,5826.8183504772405,9908.549523786653,2368.9423449341093,5,5957.912142141715,"[""C000"", ""C001"", ""L024"", ""R001"", ""R002"", ""R003"", ""R007"", ""R008""]",8,0.0,3950.6373816449377,3588.9697972076056,704.2888233780777,443.6805487648817,0.2222222222222222,1,9182.347904367352,1,0.9182347904367353,3328.3615225944095,8,4283.647011708404,2898.700892658949,2000.0,9182.34790436735,4551.212632142777,5,9182.347904367352,"[""C001"", ""L003"", ""L008"", ""L010"", ""L017"", ""L027"", ""L032"", ""L033"", ""L034"", ""R000"", ""R001"", ""R003"", ""R004"", ""R007""]",14,0.0,4631.135272224576,1302.7737496301656,decision,10000.0,,2182.2702872086675,"[""C000"", ""L024"", ""R002"", ""R008""]","[""C001"", ""R001"", ""R003"", ""R007""]",3224.4357622256375,0.21822702872086674,20019,10,4,4,,,,,,,,asymmetric,598.4849262520879
-4.547473508864641e-13,"[""L001"", ""L013"", ""L014"", ""L020"", ""L031"", ""L033"", ""R007""]",13393.546920907796,4,decision:asymmetric:b4:r000,7301.0631388365,2,0.7301063138836498,2899.8590755374244,0,2249.441238858349,3310.4064859868377,1741.2154139913127,6944.507910364775,5906.78805105645,9969.246727147054,3492.13900370015,6,7301.0631388365,"[""C001"", ""C002"", ""R001"", ""R002"", ""R003"", ""R004"", ""R005"", ""R006""]",8,0.0,2668.183588310554,3808.92413513635,909.0650595989256,486.10790153063726,0.4,1,9867.954247328882,1,0.9867954247328878,3385.9669770680616,6,4385.6419406471705,3500.0,1982.3123066817097,9336.29202135524,5052.349689550205,6,9867.95424732888,"[""C001"", ""L001"", ""L013"", ""L014"", ""L020"", ""L031"", ""L033"", ""R001"", ""R003"", ""R004"", ""R005"", ""R006"", ""R007""]",13,0.0,4815.604557778675,1429.6375807106133,decision,10000.000000000004,,1560.2106858500547,"[""C002"", ""R002""]","[""C001"", ""R001"", ""R003"", ""R004"", ""R005"", ""R006""]",2566.89110849238,0.15602106858500542,20000,7,2,6,,,,,,,,asymmetric,520.5725211116877
2.2737367544323206e-13,"[""L007"", ""L009"", ""L014"", ""L024"", ""L028"", ""L032""]",13135.114618023033,4,decision:asymmetric:b4:r001,8508.419137936182,1,0.8508419137936182,3006.6950762665465,1,3556.832831902734,3372.5380057967645,1579.0483002366836,7735.928857041547,5543.375160116869,9862.934725739518,4372.3292154834935,8,8508.419137936184,"[""C001"", ""L012"", ""R000"", ""R001"", ""R002"", ""R004"", ""R005"", ""R006"", ""R007"", ""R008""]",10,0.0,1354.5155878033365,4136.08992245269,1129.3948461861435,162.73522327902174,0.4375,1,9798.36747610409,1,0.979836747610409,3169.4302995455682,6,4500.0,3372.5380057967645,1925.8294703073252,9798.36747610409,5203.803183298148,6,9798.36747610409,"[""C001"", ""L007"", ""L009"", ""L014"", ""L024"", ""L028"", ""L032"", ""R000"", ""R001"", ""R002"", ""R004"", ""R005"", ""R008""]",13,0.0,4594.5642928059415,1425.1339932603732,decision,10000.0,,831.4739678146543,"[""L012"", ""R006"", ""R007""]","[""C001"", ""R000"", ""R001"", ""R002"", ""R004"", ""R005"", ""R008""]",1289.9483381679056,0.08314739678146543,20001,6,3,7,,,,,,,,asymmetric,295.7391470742298
2.2737367544323206e-13,"[""L015"", ""L016"", ""R000"", ""R005""]",13337.416950255709,4,decision:asymmetric:b4:r002,8316.742958619896,1,0.8316742958619896,2915.432826501869,6,3467.805669619002,3426.443893088579,1422.493395912316,7836.61165143521,5715.990305556989,10000.0,4259.319569784943,5,8316.742958619896,"[""C001"", ""L002"", ""L007"", ""L014"", ""L025"", ""L033"", ""L035"", ""R001"", ""R002"", ""R004"", ""R006"", ""R008""]",12,0.0,1683.257041380104,4057.4233888349527,1141.990562333084,-143.15217618995348,0.4375,1,9046.384074071153,1,0.9046384074071153,2772.2806503119155,5,3744.597039141364,3499.999999999999,1801.7870349297903,8195.179803675046,4990.834201750746,5,9046.384074071153,"[""C001"", ""L014"", ""L015"", ""L016"", ""L025"", ""L033"", ""R000"", ""R001"", ""R002"", ""R004"", ""R005""]",11,0.0,4055.5498723204078,1283.2692220084923,decision,9999.999999999998,,731.5146319658024,"[""L002"", ""L007"", ""L035"", ""R006"", ""R008""]","[""C001"", ""L014"", ""L025"", ""L033"", ""R001"", ""R002"", ""R004""]",729.6411154512571,0.07315146319658025,20002,4,5,7,,,,,,,,asymmetric,141.27865967540833
-4.547473508864641e-13,"[""L001"", ""L005"", ""L009"", ""L028"", ""L032"", ""L033"", ""L035"", ""R007""]",13350.00535968297,4,decision:asymmetric:b4:r003,6660.235689200161,1,0.6660235689200161,2967.41616260926,2,2795.370886633837,2404.069680653155,1460.7951219131683,6612.808704147471,5750.804559960346,10000.0,2755.516308257702,7,6660.235689200161,"[""C002"", ""L022"", ""L025"", ""R000"", ""R001"", ""R002"", ""R003"", ""R004"", ""R005"", ""R006""]",10,552.2761690496181,3339.764310799839,3904.719380942459,937.3032183331987,160.74549739592476,0.3333333333333333,1,9163.73356830142,0,0.9163733568301421,3128.161660005185,8,4347.640613463591,2966.036113337859,1850.0568414999714,9163.73356830142,4583.274619102896,6,9163.73356830142,"[""L001"", ""L005"", ""L009"", ""L022"", ""L028"", ""L032"", ""L033"", ""L035"", ""R000"", ""R001"", ""R002"", ""R004"", ""R006"", ""R007""]",14,0.0,4580.458949198524,1452.297289193339,decision,10000.0,,1827.7583108451945,"[""C002"", ""L025"", ""R003"", ""R005""]","[""L022"", ""R000"", ""R001"", ""R002"", ""R004"", ""R006""]",2503.49787910126,0.18277583108451945,20003,8,4,6,,,,,,,,asymmetric,514.9940708601404
-9.094947017729282e-13,"[""C001"", ""L007"", ""L008"", ""L010"", ""L011"", ""L017"", ""L031"", ""L033"", ""R001""]",13416.288251359176,4,decision:asymmetric:b4:r004,6403.9315609962605,1,0.6403931560996262,3003.4378273183347,2,2554.029347693406,1903.8535938711238,1946.0486194317307,5281.394600539215,5625.962852576871,9998.328557640381,2497.6810488409938,7,6403.9315609962605,"[""C002"", ""L022"", ""L027"", ""R000"", ""R002"", ""R003"", ""R004"", ""R005"", ""R006"", ""R008""]",10,0.0,3594.396996644121,3906.2505121552667,902.8126848369322,117.09104252125644,0.2631578947368421,1,9708.728078091168,1,0.970872807809117,3120.528869839591,9,4266.017232977312,3442.7108451138547,2000.0,9430.260264906532,5061.6610258992805,4,9708.728078091168,"[""C001"", ""L007"", ""L008"", ""L010"", ""L011"", ""L017"", ""L022"", ""L027"", ""L031"", ""L033"", ""R001"", ""R002"", ""R004"", ""R005""]",14,0.0,4647.067052191887,1526.5381823522957,decision,9999.999999999996,,2563.9799770582867,"[""C002"", ""R000"", ""R003"", ""R006"", ""R008""]","[""L022"", ""L027"", ""R002"", ""R004"", ""R005""]",3304.7965170949074,0.2563979977058288,20004,9,5,5,,,,,,,,asymmetric,623.7254975153635
-4.547473508864641e-13,"[""C001"", ""L001"", ""L009"", ""L010"", ""L023"", ""L030"", ""L031"", ""R001""]",13228.040105538175,4,decision:asymmetric:b4:r005,5830.708560019106,1,0.5830708560019104,3195.590113349622,10,2065.9853816429013,1771.9217276410632,1992.8014507351418,5579.953615006061,5264.683978669121,10000.000000000002,1650.8392771830586,4,5830.708560019106,"[""C002"", ""L000"", ""L002"", ""L004"", ""L005"", ""L007"", ""L008"", ""L016"", ""L020"", ""L021"", ""L032"", ""R002"", ""R003"", ""R004"", ""R005""]",15,686.8800852790091,4169.291439980896,4179.869282836047,984.2791694864256,-85.69248465267447,0.2608695652173913,1,8934.406440684135,1,0.8934406440684134,3109.8976286969473,9,3567.8188192234084,3500.0,1866.5876214607265,8934.406440684135,4433.333396900341,4,8934.406440684135,"[""C001"", ""L001"", ""L008"", ""L009"", ""L010"", ""L021"", ""L023"", ""L030"", ""L031"", ""L032"", ""R001"", ""R002"", ""R004"", ""R005""]",14,0.0,4501.073043783795,1391.1754150868471,decision,10000.000000000002,,2782.494119717282,"[""C002"", ""L000"", ""L002"", ""L004"", ""L005"", ""L007"", ""L016"", ""L020"", ""R003""]","[""L008"", ""L021"", ""L032"", ""R002"", ""R004"", ""R005""]",3103.6978806650295,0.27824941197172814,20005,8,9,6,,,,,,,,asymmetric,406.8962456004215
0.0,"[""L008"", ""L009"", ""L016"", ""L020"", ""L023"", ""L027"", ""L033"", ""R004"", ""R007""]",13158.348964671097,4,decision:asymmetric:b4:r006,5992.972777578907,2,0.5992972777578907,2772.6730947689625,1,3334.1951357089038,2043.9525324978547,614.8251093721485,4764.504626234784,5969.771150807201,10000.0,2458.325248159797,5,5992.972777578907,"[""C001"", ""C002"", ""L005"", ""R001"", ""R003"", ""R005"", ""R006"", ""R008""]",8,0.0,4007.027222421093,3534.64752941911,761.9744346501475,351.6248579856024,0.23529411764705882,1,8738.606004840974,1,0.8738606004840974,3124.297952754565,7,3906.4507629532254,3170.285584699597,1661.8696571881526,8152.075568083946,4307.563182970128,5,8738.606004840974,"[""C001"", ""L008"", ""L009"", ""L016"", ""L020"", ""L023"", ""L027"", ""L033"", ""R001"", ""R004"", ""R006"", ""R007"", ""R008""]",13,0.0,4431.042821870847,1306.7448691162817,decision,10000.000000000002,,1849.237934810331,"[""C002"", ""L005"", ""R003"", ""R005""]","[""C001"", ""R001"", ""R006"", ""R008""]",2745.6332272620675,0.18492379348103305,20006,9,4,4,,,,,,,,asymmetric,544.7704344661342
2.2737367544323206e-13,"[""L007"", ""L013"", ""L019"", ""R002"", ""R005""]",13297.959556052212,4,decision:asymmetric:b4:r007,8147.138770068854,2,0.8147138770068854,2830.279642576244,2,3361.7640873177784,2831.569579433863,1953.8051033172123,8017.128498250551,5925.959363314998,10000.0,4241.7255683919575,5,8147.138770068854,"[""C001"", ""C002"", ""L009"", ""L023"", ""R000"", ""R001"", ""R003"", ""R004"", ""R006""]",9,0.0,1852.8612299311462,3905.4132016768963,1075.133559100652,139.12093811515024,0.42857142857142855,1,9849.866585780941,1,0.9849866585780941,2969.400580691394,4,4396.061482463729,3499.9999999999995,1953.8051033172123,9849.866585780941,5467.61764091138,6,9849.866585780941,"[""C001"", ""L007"", ""L009"", ""L013"", ""L019"", ""R000"", ""R001"", ""R002"", ""R003"", ""R004"", ""R005""]",11,0.0,4382.2489448695615,1412.8483641781672,decision,9999.999999999996,,1225.892072519422,"[""C002"", ""L023"", ""R006""]","[""C001"", ""L009"", ""R000"", ""R001"", ""R003"", ""R004""]",1702.7278157120872,0.12258920725194225,20007,5,3,6,,,,,,,,asymmetric,337.71480507751517
6.821210263296962e-13,"[""L009"", ""L016"", ""L018"", ""L023"", ""L032"", ""R008""]",13350.740862771823,4,decision:asymmetric:b4:r008,7516.565647546279,1,0.751656564754628,3222.172076305036,6,2648.997899809547,3339.4004634747903,1528.1672842619405,7098.059357087044,5440.478912691176,9997.876042382077,3378.040889844555,6,7516.565647546278,"[""C001"", ""L000"", ""L002"", ""L025"", ""L026"", ""L033"", ""L035"", ""R000"", ""R001"", ""R003"", ""R004"", ""R005"", ""R007""]",13,474.7445839659641,2481.3103948357975,4138.5247577017235,916.3526813966871,-35.52335965188331,0.3684210526315789,1,8698.702544641557,1,0.8698702544641559,3186.648716653153,7,3698.5221045578746,3357.741211977335,1642.4392281063483,8035.752068626214,4345.940016880762,5,8698.702544641557,"[""C001"", ""L002"", ""L009"", ""L016"", ""L018"", ""L023"", ""L032"", ""L033"", ""R000"", ""R001"", ""R003"", ""R004"", ""R008""]",13,0.0,4352.762527760795,1166.1138111076425,decision,10000.0,,967.8991270362076,"[""L000"", ""L025"", ""L026"", ""L035"", ""R005"", ""R007""]","[""C001"", ""L002"", ""L033"", ""R000"", ""R001"", ""R003"", ""R004""]",1182.136897095279,0.09678991270362075,20008,6,6,7,,,,,,,,asymmetric,249.7611297109554
0.0,"[""C001"", ""L003"", ""L005"", ""L015"", ""L019"", ""L023"", ""L025"", ""L032"", ""R007""]",13301.470950470333,4,decision:asymmetric:b4:r009,4952.97926366957,1,0.495297926366957,3127.0239893522657,3,2186.288042344489,1595.5222382526608,1171.1689830724204,4670.978063371729,5522.747226036992,10000.0,1107.1406575807973,7,4952.979263669571,"[""C002"", ""L002"", ""L024"", ""L026"", ""R001"", ""R002"", ""R003"", ""R004"", ""R005"", ""R006"", ""R008""]",11,819.57232161224,5047.02073633043,3845.8386060887738,718.8146167365081,175.09480044708198,0.2,1,8976.565792281095,1,0.8976565792281095,3302.1187897993477,7,3916.00943563611,3279.3056794318554,1781.2506772131308,8291.283055933398,4298.025775659724,5,8976.565792281097,"[""C001"", ""L003"", ""L005"", ""L015"", ""L019"", ""L023"", ""L025"", ""L032"", ""R001"", ""R003"", ""R004"", ""R005"", ""R007""]",13,0.0,4678.540016621373,1376.4212268220253,decision,10000.0,,3190.8851180789266,"[""C002"", ""L002"", ""L024"", ""L026"", ""R002"", ""R006"", ""R008""]","[""R001"", ""R003"", ""R004"", ""R005""]",4023.586528611526,0.31908851180789266,20009,9,7,4,,,,,,,,asymmetric,657.6066100855172
0.0,"[""C001"", ""L003"", ""L008"", ""L009"", ""L014"", ""L020"", ""L031"", ""R004"", ""R007""]",13417.091439519972,4,decision:asymmetric:b4:r010,4402.075218993063,2,0.4402075218993063,2818.0507055116213,3,2486.602958498737,935.3486741619233,980.123586332402,3441.2305047878203,5948.678675249581,9996.02401878687,955.5168934172307,4,4402.075218993063,"[""C000"", ""C002"", ""L016"", ""L026"", ""L030"", ""R000"", ""R001"", ""R002"", ""R005""]",9,164.0637963890738,5593.948799793807,3446.558325575832,628.5076200642104,22.733014218411427,0.16666666666666666,1,8701.390892869704,1,0.8701390892869704,2840.7837197300328,7,3986.1958132754053,2738.9833262921193,1976.2117533021783,8701.390892869702,4541.1928996801435,4,8701.390892869702,"[""C001"", ""L003"", ""L008"", ""L009"", ""L014"", ""L016"", ""L020"", ""L031"", ""R000"", ""R002"", ""R004"", ""R007""]",12,0.0,4160.1979931895585,1319.4142734595257,decision,10000.0,,3585.676006262913,"[""C000"", ""C002"", ""L026"", ""L030"", ""R001"", ""R005""]","[""L016"", ""R000"", ""R002""]",4299.315673876639,0.3585676006262913,20010,9,6,3,,,,,,,,asymmetric,690.9066533953153
-4.547473508864641e-13,"[""L001"", ""L006"", ""L009"", ""L015"", ""L033"", ""R001"", ""R003""]",13068.562885403335,4,decision:asymmetric:b4:r011,6616.943064175404,2,0.6616943064175405,2871.4841545713834,1,2946.747770271716,1734.0455435828992,1936.1497503207893,5519.175036791625,5752.735517640614,9899.943181521367,2915.24759789909,6,6616.943064175404,"[""C000"", ""C001"", ""L019"", ""R000"", ""R002"", ""R004"", ""R005"", ""R006"", ""R008""]",9,0.0,3283.0001173459623,3701.695466276314,830.2113117049307,65.85661877625034,0.3125,1,8670.507467111402,1,0.8670507467111401,2937.340773347634,6,3480.387171736713,3216.271737453795,1973.8485579208937,8401.39991568679,4440.537494008207,5,8670.507467111402,"[""C001"", ""L001"", ""L006"", ""L009"", ""L015"", ""L019"", ""L033"", ""R001"", ""R003"", ""R004"", ""R005"", ""R008""]",12,0.0,4229.969973103194,1292.62919975556,decision,10000.0,,1525.2898961091173,"[""C000"", ""R000"", ""R002"", ""R006""]","[""C001"", ""L019"", ""R004"", ""R005"", ""R008""]",2053.5644029359974,0.15252898961091174,20011,7,4,5,,,,,,,,asymmetric,462.41788805062924
-2.2737367544323206e-13,"[""L000"", ""L004"", ""L006"", ""L016"", ""L033"", ""R002"", ""R007""]",13625.852111796357,4,decision:asymmetric:b4:r012,8170.44610721372,2,0.817044610721372,2873.5758630938153,1,4026.4128849288345,2536.6675428346407,1607.3656794502454,8170.44610721372,5934.105382904395,10000.0,4279.577368048001,5,8170.44610721372,"[""C000"", ""C001"", ""L025"", ""R000"", ""R001"", ""R004"", ""R006"", ""R008""]",8,0.0,1829.55389278628,3890.8687391657195,1017.292876071904,415.4096247682519,0.3333333333333333,1,9828.429609857763,1,0.9828429609857763,3288.985487862067,5,4397.964197241548,3461.0929188866294,1969.3724937295856,9828.429609857763,5074.881925001346,6,9828.429609857763,"[""C001"", ""L000"", ""L004"", ""L006"", ""L016"", ""L033"", ""R001"", ""R002"", ""R004"", ""R006"", ""R007"", ""R008""]",12,0.0,4753.547684856418,1464.56219699435,decision,10000.000000000002,,795.3045569533451,"[""C000"", ""L025"", ""R000""]","[""C001"", ""R001"", ""R004"", ""R006"", ""R008""]",1657.9835026440433,0.0795304556953345,20012,7,3,5,,,,,,,,asymmetric,447.269320922446
-2.2737367544323206e-13,"[""L006"", ""L015"", ""L025"", ""L028"", ""L032"", ""L033"", ""R000""]",13554.175909927964,4,decision:asymmetric:b4:r013,7363.738432895686,2,0.7363738432895686,3106.5824440964725,3,3227.691567484682,2627.5855476134284,1508.4613177975752,7188.9240345243725,5648.653196530318,9998.42475465906,3311.3014893484115,5,7363.738432895685,"[""C000"", ""C001"", ""L001"", ""L002"", ""L024"", ""R001"", ""R002"", ""R004"", ""R005"", ""R006""]",10,735.8434865429522,2634.6863217633736,4052.4369435472736,945.8544994508009,116.36017958895627,0.35294117647058826,1,9822.886646202853,1,0.9822886646202853,3222.9426236854288,7,4381.087941113173,3441.798705089681,1999.9999999999998,9822.886646202855,5191.317304354583,5,9822.886646202853,"[""C001"", ""L002"", ""L006"", ""L015"", ""L025"", ""L028"", ""L032"", ""L033"", ""R000"", ""R001"", ""R004"", ""R005"", ""R006""]",13,0.0,4631.56934184827,1408.6267181628405,decision,10000.0,,1880.0158150061716,"[""C000"", ""L001"", ""L024"", ""R002""]","[""C001"", ""L002"", ""R001"", ""R004"", ""R005"", ""R006""]",2459.1482133071677,0.18800158150061716,20013,7,4,6,,,,,,,,asymmetric,462.7722187120396
0.0,"[""L013"", ""L022"", ""L023"", ""L027"", ""L033"", ""R001"", ""R007""]",13260.979851901953,4,decision:asymmetric:b4:r014,7845.14971133039,2,0.784514971133039,2685.907818899725,1,3258.6273933690627,3093.4549415038855,1493.0673764574435,7845.149711330391,6027.921374869294,9900.182510623426,4176.909407976913,5,7845.149711330391,"[""C001"", ""C002"", ""L031"", ""R000"", ""R002"", ""R003"", ""R004"", ""R008""]",8,328.0799944411956,2055.032799293036,3668.240303353479,982.3324844537539,415.4210463448212,0.3333333333333333,1,10000.0,1,1.0,3101.3288652445463,5,4500.0,3499.9999999999995,2000.0,10000.0,5453.10592566438,6,10000.0,"[""C001"", ""L013"", ""L022"", ""L023"", ""L027"", ""L033"", ""R000"", ""R001"", ""R002"", ""R003"", ""R004"", ""R007""]",12,0.0,4546.89407433562,1445.565209091074,decision,10000.0,,1276.1965176874673,"[""C002"", ""L031"", ""R008""]","[""C001"", ""R000"", ""R002"", ""R003"", ""R004""]",2154.8502886696087,0.12761965176874673,20014,7,3,5,,,,,,,,asymmetric,463.2327246373201
2.2737367544323206e-13,"[""L002"", ""L015"", ""L027"", ""R004""]",13464.38220969745,4,decision:asymmetric:b4:r015,7907.904860775601,2,0.7907904860775601,2880.1966668794853,2,3517.4924045612756,2969.2159548457075,1421.1965013686188,7724.696848856913,5890.419497977325,10000.0,3995.9625634900312,5,7907.904860775601,"[""C001"", ""C002"", ""L024"", ""L031"", ""R000"", ""R001"", ""R003"", ""R005"", ""R007""]",9,0.0,2092.0951392243987,3911.94229728557,1031.7456304060845,-109.0770265092633,0.46153846153846156,1,8816.382325348173,1,0.8816382325348173,2771.119640370222,4,3755.703489954928,3341.343230728348,1719.3356046648973,8816.382325348173,4774.742076520743,5,8816.382325348173,"[""C001"", ""L002"", ""L015"", ""L027"", ""L031"", ""R001"", ""R003"", ""R004"", ""R005"", ""R007""]",10,0.0,4041.6402488274307,1270.5206084572087,decision,9999.999999999998,,778.7795130307113,"[""C002"", ""L024"", ""R000""]","[""C001"", ""L031"", ""R001"", ""R003"", ""R005"", ""R007""]",908.477464572572,0.07787795130307115,20015,4,3,6,,,,,,,,asymmetric,238.7749780511242
2.2737367544323206e-13,"[""C001"", ""L000"", ""L003"", ""L009"", ""L014"", ""L021"", ""L027"", ""L029"", ""L033"", ""L035""]",13347.17445252929,4,decision:asymmetric:b4:r016,6551.590762171282,1,0.6551590762171282,3121.1651963061327,5,2999.653593262492,1672.4545544086025,1879.4826145001875,5916.892862040956,5493.15543844858,10000.0,2509.2484648411573,6,6551.590762171282,"[""C000"", ""L001"", ""L017"", ""L023"", ""L025"", ""L032"", ""R001"", ""R002"", ""R003"", ""R006"", ""R007"", ""R008""]",12,149.06409173922944,3448.409237828718,4042.342297330125,921.177101023992,536.403010404159,0.2727272727272727,1,9598.978157043777,1,0.9598978157043777,3657.5682067102916,10,4345.093629278495,3374.4019132650947,1879.4826145001875,9064.985937082985,4478.4357855237,5,9598.978157043779,"[""C001"", ""L000"", ""L003"", ""L009"", ""L014"", ""L021"", ""L025"", ""L027"", ""L029"", ""L033"", ""L035"", ""R001"", ""R003"", ""R006"", ""R007"", ""R008""]",16,0.0,5120.542371520079,1462.974164809787,decision,10000.0,,1969.187320682543,"[""C000"", ""L001"", ""L017"", ""L023"", ""L032"", ""R002""]","[""L025"", ""R001"", ""R003"", ""R006"", ""R007"", ""R008""]",3047.3873948724968,0.1969187320682543,20016,10,6,6,,,,,,,,asymmetric,541.797063785795
0.0,"[""L005"", ""L015"", ""L027"", ""L028"", ""L033"", ""R007""]",13549.254736551813,4,decision:asymmetric:b4:r017,7752.801432124039,1,0.7752801432124039,3107.5511892046466,7,3826.6413898136643,2012.509713235624,1913.6503290747505,6662.28616082454,5401.5858356445415,10000.0,3456.326474465316,5,7752.80143212404,"[""C001"", ""L002"", ""L004"", ""L014"", ""L019"", ""L023"", ""L026"", ""L029"", ""R000"", ""R001"", ""R004"", ""R005"", ""R008""]",13,0.0,2247.198567875961,4296.474957658724,1188.9237684540776,-7.755118710749684,0.42105263157894735,1,9091.431911365613,0,0.9091431911365613,3099.796070493897,8,4393.862069277093,2697.569842088521,2000.0000000000002,9091.431911365615,4494.98873783311,6,9091.431911365613,"[""L002"", ""L005"", ""L014"", ""L015"", ""L026"", ""L027"", ""L028"", ""L033"", ""R000"", ""R001"", ""R004"", ""R005"", ""R007"", ""R008""]",14,0.0,4596.443173532503,1496.647103038607,decision,9999.999999999996,,1038.6622633677935,"[""C001"", ""L004"", ""L019"", ""L023"", ""L029""]","[""L002"", ""L014"", ""L026"", ""R000"", ""R001"", ""R004"", ""R005"", ""R008""]",1338.630479241573,0.10386622633677939,20017,6,5,8,,,,,,,,asymmetric,307.7233345845293
4.547473508864641e-13,"[""L001"", ""L008"", ""L018"", ""L027"", ""R003"", ""R005""]",13137.219622838038,4,decision:asymmetric:b4:r018,8065.771904058494,2,0.8065771904058494,2916.50043828608,0,3448.0802460824093,3148.5996090440854,1469.0920489319992,7624.097115992123,5895.397717504806,10000.0,4139.295679853149,6,8065.771904058493,"[""C001"", ""C002"", ""R000"", ""R001"", ""R002"", ""R004"", ""R007"", ""R008""]",8,0.0,1934.2280959415057,3926.476224205345,1009.9757859192646,343.06341265740593,0.42857142857142855,1,9940.994921494104,1,0.9940994921494104,3259.563850943486,4,4500.0,3440.9949214941025,2000.0000000000002,9499.320133427733,5310.048931452486,7,9940.994921494104,"[""C001"", ""L001"", ""L008"", ""L018"", ""L027"", ""R001"", ""R002"", ""R003"", ""R004"", ""R005"", ""R007"", ""R008""]",12,0.0,4630.945990041619,1371.382139098133,decision,9999.999999999998,,1170.753251599337,"[""C002"", ""R000""]","[""C001"", ""R001"", ""R002"", ""R004"", ""R007"", ""R008""]",1875.223017435611,0.11707532515993373,20018,6,2,6,,,,,,,,asymmetric,361.40635317886836
-4.547473508864641e-13,"[""L003"", ""L008"", ""L010"", ""L017"", ""L027"", ""L032"", ""L033"", ""L034"", ""R000"", ""R004""]",13393.360086562036,4,decision:asymmetric:b4:r019,5957.912142141715,2,0.5957912142141715,2884.680973829528,1,2535.8820381639443,2013.3810073496643,1408.6490966281071,5630.508578856352,5826.8183504772405,9908.549523786653,2368.9423449341093,5,5957.912142141715,"[""C000"", ""C001"", ""L024"", ""R001"", ""R002"", ""R003"", ""R007"", ""R008""]",8,0.0,3950.6373816449377,3588.9697972076056,704.2888233780777,443.6805487648817,0.2222222222222222,1,9182.347904367352,1,0.9182347904367353,3328.3615225944095,8,4283.647011708404,2898.700892658949,2000.0,9182.34790436735,4551.212632142777,5,9182.347904367352,"[""C001"", ""L003"", ""L008"", ""L010"", ""L017"", ""L027"", ""L032"", ""L033"", ""L034"", ""R000"", ""R001"", ""R003"", ""R004"", ""R007""]",14,0.0,4631.135272224576,1302.7737496301656,decision,10000.0,,2182.2702872086675,"[""C000"", ""L024"", ""R002"", ""R008""]","[""C001"", ""R001"", ""R003"", ""R007""]",3224.4357622256375,0.21822702872086674,20019,10,4,4,,,,,,,,asymmetric,598.4849262520879
-1.1368683772161603e-13,"[""R004"", ""R008""]",1021.4239541880045,0,decision:multi_hotspot:b0:r000,1128.5914392943573,1,0.11285914392943573,731.175224317859,1,158.62481415343058,741.8496564761069,228.11696866481992,1128.5914392943573,1889.5581897982593,2901.33043881749,272.6870556755907,0,1128.5914392943573,"[""C001"", ""L034""]",2,0.0,1772.7389995231329,855.9043836187666,124.72915930090761,-110.20396367459455,0.0,1,2008.3221235594579,0,0.20083221235594578,620.9712606432645,0,678.1026458727293,520.0809291323036,810.138548554425,2008.3221235594579,1118.8824249943646,2,2008.3221235594579,"[""R004"", ""R008""]",2,0.0,889.4396985650933,268.46843792182875,decision,10000.0,,846.1953693187738,"[""C001"", ""L034""]",[],879.7306842651005,0.08461953693187738,20000,2,2,0,,,,,,,,multi_hotspot,143.73927862092114
0.0,[],1002.4194957766978,0,decision:multi_hotspot:b0:r001,2933.823204193994,1,0.29338232041939943,704.9810781690937,1,1329.3789558357394,959.1042684881298,645.3399798701247,2933.823204193994,1945.6976485029013,2933.823204193994,1945.6976485029013,0,2933.823204193994,"[""C001"", ""L017""]",2,0.0,0.0,988.1255556910928,283.14447752199914,0.0,1.0,0,2933.823204193994,1,0.29338232041939943,704.9810781690937,1,1329.3789558357394,959.1042684881298,645.3399798701247,2933.823204193994,1945.6976485029013,0,2933.823204193994,"[""C001"", ""L017""]",2,0.0,988.1255556910928,283.14447752199914,decision,10000.0,,0.0,[],"[""C001"", ""L017""]",0.0,0.0,20001,0,0,2,,,,,,,,multi_hotspot,0.0
0.0,[],1003.8724978575867,0,decision:multi_hotspot:b0:r002,2269.6936145340846,1,0.22696936145340843,648.8195490366077,1,1137.4344237979867,414.94181289217767,717.3173778439204,2269.6936145340846,1721.3411202691764,2636.6686242881196,1382.7449910687485,0,2269.693614534085,"[""C001"", ""L033""]",2,0.0,366.975009754035,886.9486234653366,238.12907442872893,0.0,1.0,0,2269.6936145340846,1,0.22696936145340843,648.8195490366077,1,1137.4344237979867,414.94181289217767,717.3173778439204,2269.6936145340846,1382.7449910687485,0,2269.693614534085,"[""C001"", ""L033""]",2,0.0,886.9486234653366,238.12907442872893,decision,10000.0,,0.0,[],"[""C001"", ""L033""]",0.0,0.0,20002,0,0,2,,,,,,,,multi_hotspot,0.0
-1.1368683772161603e-13,"[""L010""]",1007.2817504091576,0,decision:multi_hotspot:b0:r003,2522.2833542110297,1,0.25222833542110296,701.9694341790364,1,242.84678453023974,1890.7195289098727,388.7170407709173,2522.2833542110297,1730.8390178023667,2734.5405923643775,1535.0881275246797,0,2522.28335421103,"[""C001"", ""L020""]",2,0.0,212.25723815334777,987.1952266863505,285.22579250731405,-4.201866308658509,0.3333333333333333,1,2521.623774697301,1,0.2521623774697301,697.7675678703779,1,169.50949256930124,2025.5126599529156,326.6016221750841,2521.6237746973015,1536.0443385732465,0,2521.623774697301,"[""C001"", ""L010""]",2,0.0,985.5794361240545,287.8118682536766,decision,9999.999999999998,,0.956211048566729,"[""L020""]","[""C001""]",-0.6595795137291134,9.562110485667292e-05,20003,1,1,1,,,,,,,,multi_hotspot,2.586075746362553
0.0,"[""C001"", ""L024""]",1011.1334763021522,0,decision:multi_hotspot:b0:r004,465.0872808937867,1,0.04650872808937867,711.1496745087004,1,92.27065209461546,210.44677433714742,162.36985446202385,254.6405065566393,1824.8113180842856,2830.3198725880757,-307.8729213829967,0,465.0872808937867,"[""C002"", ""L018""]",2,0.0,2365.232591694289,772.9602022767834,61.81052776808307,-51.3278233014031,0.0,1,2462.5791419423854,1,0.24625791419423854,659.8218512072973,1,650.0552969241543,961.841976810776,850.681868207455,2462.579141942385,1506.748342342031,0,2462.579141942385,"[""C001"", ""L024""]",2,0.0,955.8307996003539,296.0089483930566,decision,9999.999999999998,,1814.6212637250278,"[""C002"", ""L018""]",[],1997.4918610485981,0.1814621263725028,20004,2,2,0,,,,,,,,multi_hotspot,234.19842062497352
5.684341886080802e-14,"[""L004""]",1013.4815906701982,0,decision:multi_hotspot:b0:r005,2565.2919053055334,1,0.25652919053055334,694.7354240677178,1,971.7857696052262,1086.0692443561309,507.4368913441764,2460.812051752579,1936.6090131594049,2920.6388042950307,1648.928544447181,0,2565.2919053055334,"[""C001"", ""L018""]",2,0.0,355.3468989894973,916.3633608583525,221.6279367906347,0.5948538045860232,0.3333333333333333,1,2909.1874031803445,1,0.29091874031803444,695.3302778723038,1,1039.022638588249,1173.8064239575115,696.3583406345838,2909.187403180344,1920.9909664711697,0,2909.1874031803445,"[""C001"", ""L004""]",2,0.0,988.1964367091748,292.866158836871,decision,10000.0,,272.0624220239888,"[""L018""]","[""C001""]",343.8954978748111,0.02720624220239888,20005,1,1,1,,,,,,,,multi_hotspot,71.23822204623633
0.0,[],1001.9937329127287,0,decision:multi_hotspot:b0:r006,2694.886526014322,1,0.2694886526014322,653.4757100457751,1,1921.9611068906454,228.35528821152684,544.5701309121497,2694.886526014322,1729.3865233058593,2696.181791020499,1726.5351119621605,0,2694.886526014322,"[""C001"", ""L005""]",2,0.0,1.2952650061770328,968.3514140521617,314.8757040063865,0.0,1.0,0,2694.886526014322,1,0.2694886526014322,653.4757100457751,1,1921.9611068906454,228.35528821152684,544.5701309121497,2694.886526014322,1726.5351119621605,0,2694.886526014322,"[""C001"", ""L005""]",2,0.0,968.3514140521617,314.8757040063865,decision,10000.000000000002,,0.0,[],"[""C001"", ""L005""]",0.0,0.0,20006,0,0,2,,,,,,,,multi_hotspot,0.0
0.0,[],1013.1182438097356,0,decision:multi_hotspot:b0:r007,2898.794026027291,1,0.2898794026027291,697.8782475775317,1,670.4551596331163,1571.2611818295652,657.0776845646092,2898.794026027291,1912.6024996226022,2898.794026027291,1910.0546573426827,0,2898.794026027291,"[""C001"", ""L003""]",2,0.0,0.0,988.739368684608,290.86112110707626,0.0,1.0,0,2898.794026027291,1,0.2898794026027291,697.8782475775317,1,670.4551596331163,1571.2611818295652,657.0776845646092,2898.794026027291,1910.0546573426827,0,2898.794026027291,"[""C001"", ""L003""]",2,0.0,988.739368684608,290.86112110707626,decision,10000.000000000004,,0.0,[],"[""C001"", ""L003""]",0.0,0.0,20007,0,0,2,,,,,,,,multi_hotspot,0.0
0.0,[],1002.3833679780581,0,decision:multi_hotspot:b0:r008,2340.5048805174106,0,0.23405048805174106,675.2058128474245,1,884.0001594423751,905.0634828371209,551.4412382379147,2340.5048805174106,1339.477850931973,2341.8612189100313,1338.121512539353,2,2340.504880517411,"[""L015"", ""R004"", ""R008""]",3,0.0,1.356338392620728,1002.383367978058,327.1775551306336,0.0,1.0,0,2340.5048805174106,0,0.23405048805174106,675.2058128474245,1,884.0001594423751,905.0634828371209,551.4412382379147,2340.5048805174106,1338.121512539353,2,2340.504880517411,"[""L015"", ""R004"", ""R008""]",3,0.0,1002.383367978058,327.1775551306336,decision,9999.999999999998,,0.0,[],"[""L015"", ""R004"", ""R008""]",0.0,0.0,20008,0,0,3,,,,,,,,multi_hotspot,0.0
-1.1368683772161603e-13,"[""L032""]",1001.973162618537,0,decision:multi_hotspot:b0:r009,2335.6977894086185,1,0.23356977894086184,704.5979991467567,1,692.3502515459977,1173.7283118259052,469.6192260367163,2173.5874375361177,1702.8013008568164,2704.774463475354,1375.9152943627928,0,2335.697789408619,"[""C001"", ""L007""]",2,0.0,369.07667406673545,959.7824950458262,255.18449589906953,3.3220654302808725,0.3333333333333333,1,2559.0540588471713,1,0.2559054058847171,707.9200645770376,1,692.3310899356351,1353.2715103851872,513.4514585263491,2559.0540588471713,1557.550778107179,0,2559.0540588471713,"[""C001"", ""L032""]",2,0.0,1001.5032807399923,293.58321616295467,decision,10000.000000000002,,181.6354837443862,"[""L007""]","[""C001""]",223.35626943855232,0.018163548374438617,20009,1,1,1,,,,,,,,multi_hotspot,38.39872026388514
0.0,[],1012.9801238937964,0,decision:multi_hotspot:b0:r010,2613.972460490193,1,0.2613972460490193,698.3551056874044,1,1094.2814787520967,907.866742177761,611.8242395603354,2613.972460490193,1662.2361780531674,2613.972460490193,1662.2361780531674,0,2613.972460490193,"[""C001"", ""L020""]",2,0.0,0.0,951.7362824370257,253.38117674962126,0.0,1.0,0,2613.972460490193,1,0.2613972460490193,698.3551056874044,1,1094.2814787520967,907.866742177761,611.8242395603354,2613.972460490193,1662.2361780531674,0,2613.972460490193,"[""C001"", ""L020""]",2,0.0,951.7362824370257,253.38117674962126,decision,9999.999999999998,,0.0,[],"[""C001"", ""L020""]",0.0,0.0,20010,0,0,2,,,,,,,,multi_hotspot,0.0
-1.1368683772161603e-13,"[""L014""]",998.4917908350926,0,decision:multi_hotspot:b0:r011,2240.3210103479296,1,0.22403210103479296,669.0823825578071,1,1342.1487856937613,0.0,898.1722246541683,2240.3210103479296,1898.8888982189085,2857.332692916726,1336.6422118895775,0,2240.3210103479296,"[""C001"", ""L015""]",2,0.0,617.0116825687965,903.6787984583522,234.596415900545,21.2203204991755,0.3333333333333333,1,2285.000655751307,1,0.2285000655751307,690.3027030569826,1,1188.0685611876345,171.31103974154837,925.621054822124,2285.000655751307,1350.8857927946594,0,2285.000655751307,"[""C001"", ""L014""]",2,0.0,934.1148629566476,243.81215989966492,decision,10000.0,,14.243580905081899,"[""L015""]","[""C001""]",44.679645403377435,0.0014243580905081898,20011,1,1,1,,,,,,,,multi_hotspot,9.215743999119923
0.0,[],1017.5082376039544,0,decision:multi_hotspot:b0:r012,2828.053338295471,1,0.2828053338295471,750.6019664997518,1,1293.9140844769718,685.5173319399289,848.6219218785701,2828.053338295471,1817.5130780786258,2835.0213156825803,1810.5451006915164,0,2828.053338295471,"[""C001"", ""L025""]",2,0.0,6.967977387109386,1017.5082376039544,266.9062711042026,0.0,1.0,0,2828.053338295471,1,0.2828053338295471,750.6019664997518,1,1293.9140844769718,685.5173319399289,848.6219218785701,2828.053338295471,1810.5451006915164,0,2828.053338295471,"[""C001"", ""L025""]",2,0.0,1017.5082376039544,266.9062711042026,decision,9999.999999999998,,0.0,[],"[""C001"", ""L025""]",0.0,0.0,20012,0,0,2,,,,,,,,multi_hotspot,0.0
0.0,"[""C001"", ""L030""]",1005.707395901883,0,decision:multi_hotspot:b0:r013,323.6924189076788,1,0.03236924189076788,698.1148015964606,1,271.62733271492704,0.0,52.06508619275178,323.6924189076788,1799.1592072440067,2769.180791609022,-435.59670008460586,0,323.6924189076788,"[""C002"", ""L005""]",2,562.3002201248532,2445.488372701343,759.2891189922847,61.174317395824126,-20.955422113330656,0.0,1,2590.966560845188,1,0.25909665608451876,677.1593794831299,1,1479.604916295927,796.7412631760362,314.6203813732243,2590.966560845188,1585.2591649433048,0,2590.966560845188,"[""C001"", ""L030""]",2,0.0,1005.707395901883,328.54801641875315,decision,9999.999999999998,,2020.8558650279106,"[""C002"", ""L005""]",[],2267.274141937509,0.2020855865027911,20013,2,2,0,,,,,,,,multi_hotspot,267.37369902292903
0.0,[],1002.7506446022485,0,decision:multi_hotspot:b0:r014,2648.272540807477,1,0.2648272540807477,629.2735721177096,1,1240.7752901635733,681.9310073187837,725.56624332512,2648.272540807477,1707.8037634409693,2648.2725408074766,1707.4902737166776,0,2648.272540807477,"[""C001"", ""L011""]",2,0.0,-4.547473508864641e-13,940.7822670907993,311.50869497308975,0.0,1.0,0,2648.272540807477,1,0.2648272540807477,629.2735721177096,1,1240.7752901635733,681.9310073187837,725.56624332512,2648.272540807477,1707.4902737166776,0,2648.272540807477,"[""C001"", ""L011""]",2,0.0,940.7822670907993,311.50869497308975,decision,10000.000000000002,,0.0,[],"[""C001"", ""L011""]",0.0,0.0,20014,0,0,2,,,,,,,,multi_hotspot,0.0
0.0,[],1020.1269148060479,0,decision:multi_hotspot:b0:r015,2880.7528403517854,1,0.2880752840351785,756.4033063062927,1,450.54791476476004,1375.181019707376,1055.0239058796492,2880.7528403517854,1863.6408630001656,2883.7677778062134,1860.6259255457367,0,2880.7528403517845,"[""C001"", ""L019""]",2,0.0,3.0149374544280363,1020.1269148060479,263.7236084997552,0.0,1.0,0,2880.7528403517854,1,0.2880752840351785,756.4033063062927,1,450.54791476476004,1375.181019707376,1055.0239058796492,2880.7528403517854,1860.6259255457367,0,2880.7528403517845,"[""C001"", ""L019""]",2,0.0,1020.1269148060479,263.7236084997552,decision,10000.0,,0.0,[],"[""C001"", ""L019""]",0.0,0.0,20015,0,0,2,,,,,,,,multi_hotspot,0.0
0.0,[],991.2870638754823,0,decision:multi_hotspot:b0:r016,2433.16531386279,1,0.24331653138627893,622.1465639072751,1,1216.2377158975419,1068.312904314841,148.6146936504067,2433.16531386279,1532.4473220441282,2437.2446215525597,1525.0405546452466,0,2433.16531386279,"[""C001"", ""L034""]",2,0.0,4.079307689769848,908.1247592175432,285.9781953102681,0.0,1.0,0,2433.16531386279,1,0.24331653138627893,622.1465639072751,1,1216.2377158975419,1068.312904314841,148.6146936504067,2433.16531386279,1525.0405546452466,0,2433.16531386279,"[""C001"", ""L034""]",2,0.0,908.1247592175432,285.9781953102681,decision,10000.000000000004,,0.0,[],"[""C001"", ""L034""]",0.0,0.0,20016,0,0,2,,,,,,,,multi_hotspot,0.0
0.0,[],1024.2764636779464,0,decision:multi_hotspot:b0:r017,2419.264431875188,0,0.24192644318751882,695.4182359442009,1,922.1416301228352,485.0730204106404,1012.0497813417123,2419.264431875188,1409.3667978119236,2433.6432614898704,1394.9879681972418,2,2419.264431875188,"[""L020"", ""R000"", ""R003""]",3,0.0,14.378829614682218,1024.2764636779464,328.8582277337455,0.0,1.0,0,2419.264431875188,0,0.24192644318751882,695.4182359442009,1,922.1416301228352,485.0730204106404,1012.0497813417123,2419.264431875188,1394.9879681972418,2,2419.264431875188,"[""L020"", ""R000"", ""R003""]",3,0.0,1024.2764636779464,328.8582277337455,decision,9999.999999999996,,0.0,[],"[""L020"", ""R000"", ""R003""]",0.0,0.0,20017,0,0,3,,,,,,,,multi_hotspot,0.0
0.0,"[""C001"", ""L035""]",989.7022645433432,0,decision:multi_hotspot:b0:r018,500.6015316726574,1,0.05006015316726573,677.0253461645054,1,70.0529592824621,238.9918877422131,191.55668464798222,430.5485723901953,1863.629049784714,2852.8159788630715,-271.52632090954546,0,500.6015316726574,"[""C002"", ""L025""]",2,0.0,2352.214447190414,772.1278525822029,95.10250641769748,-33.79767178963414,0.0,1,2588.268049191656,1,0.25882680491916554,643.2276743748713,1,1788.1722150814778,632.9633580039691,167.13247610620897,2588.268049191656,1683.5230312779915,0,2588.2680491916562,"[""C001"", ""L035""]",2,0.0,904.7450179136647,261.51734353879345,decision,10000.0,,1955.049352187537,"[""C002"", ""L025""]",[],2087.6665175189987,0.1955049352187537,20018,2,2,0,,,,,,,,multi_hotspot,166.41483712109596
-2.2737367544323206e-13,"[""C001"", ""L011""]",1012.7538563990975,0,decision:multi_hotspot:b0:r019,836.7439150885538,1,0.08367439150885538,666.2879290604712,1,631.1629525699027,153.75663399543296,51.824328523218156,383.61537060438417,1874.8942770846566,2865.1099647073033,54.75342435105506,0,836.7439150885539,"[""C002"", ""L021""]",2,0.0,2028.3660496187495,781.9904907374988,115.70256167702755,19.904406487694928,0.0,1,2747.5356380371286,1,0.27475356380371285,686.1923355481662,1,1241.8253206046143,1344.2961051405182,161.41421229199642,2747.535638037129,1758.728115776222,0,2747.5356380371286,"[""C001"", ""L011""]",2,0.0,988.8075222609066,302.61518671274035,decision,10000.000000000002,,1703.9746914251668,"[""C002"", ""L021""]",[],1910.7917229485747,0.17039746914251666,20019,2,2,0,,,,,,,,multi_hotspot,186.9126250357128
0.0,"[""L000"", ""L007"", ""R001"", ""R002""]",1915.1699141025083,1,decision:multi_hotspot:b1:r000,2564.2683680464725,1,0.25642683680464723,1348.7696884627107,1,1009.727085770159,741.8496564761069,812.6916258002067,1884.2882429455012,3011.342581614589,4916.145894807927,894.4914698613684,2,2564.2683680464725,"[""C001"", ""L034"", ""R007"", ""R008""]",4,0.0,2351.8775267614546,1669.776898185104,321.0072097223934,-53.989357926374396,0.25,1,4022.45193602202,0,0.402245193602202,1294.7803305363364,3,1668.8173795077187,1315.5432469320326,1038.0913095822689,4022.45193602202,2107.282021919512,3,4022.45193602202,"[""L000"", ""L007"", ""L034"", ""R001"", ""R002"", ""R008""]",6,0.0,1915.1699141025083,620.389583566172,decision,10000.0,,1212.7905520581435,"[""C001"", ""R007""]","[""L034"", ""R008""]",1458.1835679755477,0.12127905520581435,20000,4,2,2,,,,,,,,multi_hotspot,299.38237384377857
0.0,"[""L017"", ""R000"", ""R005""]",1879.536554581308,1,decision:multi_hotspot:b1:r001,2654.835623345026,2,0.2654835623345026,1316.035823025069,0,1264.0414459817218,908.2327855081256,482.5613918551787,2476.5573090374564,3673.538198082595,5493.038142294661,1113.523371842255,1,2654.8356233450263,"[""C001"", ""C002"", ""R002""]",3,495.41496617868654,2838.2025189496353,1541.3122515027712,225.2764284777021,-40.61450354474164,0.16666666666666666,1,4805.719036693118,1,0.4805719036693118,1275.4213194803274,1,2232.15065896938,1517.2116309077603,1056.3567468159777,4805.719036693117,3008.6923601302738,2,4805.719036693118,"[""C001"", ""L017"", ""R000"", ""R005""]",4,0.0,1797.0266765628444,521.6053570825169,decision,10000.0,,1895.1689882880187,"[""C002"", ""R002""]","[""C001""]",2150.883413348092,0.18951689882880188,20001,3,2,1,,,,,,,,multi_hotspot,296.3289286048148
1.1368683772161603e-13,"[""R008""]",1882.260933482975,1,decision:multi_hotspot:b1:r002,3841.3546475610074,1,0.38413546475610066,1288.2477757692027,1,2328.5042721335735,795.5329975835134,717.3173778439204,3261.555926214628,2942.1627058163576,4753.045857895964,2122.2307306022035,2,3841.3546475610074,"[""C001"", ""L033"", ""R002"", ""R007""]",4,0.0,911.6912103349568,1719.1239169588039,430.8761411896012,-19.5220841639034,0.6,1,4316.985429971888,1,0.43169854299718874,1268.7256916052993,1,2301.1632667746426,1004.2965227367341,1011.5256404605111,4316.985429971887,2516.6910308331912,2,4316.985429971888,"[""C001"", ""L033"", ""R007"", ""R008""]",4,0.0,1800.294399138697,531.5687075333977,decision,10000.0,,394.46030023098774,"[""R002""]","[""C001"", ""L033"", ""R007""]",475.6307824108808,0.03944603002309877,20002,1,1,3,,,,,,,,multi_hotspot,100.69256634379656
-2.2737367544323206e-13,"[""L010"", ""R002""]",1888.6532820171703,1,decision:multi_hotspot:b1:r003,4053.1806809649875,2,0.40531806809649873,1370.8498685912045,0,1018.602941222766,2431.520385459039,603.0573542831826,4053.180680964988,3313.9150074970134,5188.988886137097,2264.2945281972984,1,4053.1806809649875,"[""C001"", ""C002"", ""R005""]",3,0.0,1135.8082051721099,1788.886152767689,418.0362841764846,-87.19870029194999,0.4,1,4588.1766679847515,1,0.45881766679847513,1283.6511682992546,1,1396.6359607393667,2383.116236679993,808.4244705653914,4588.1766679847515,2759.088065615876,2,4588.1766679847515,"[""C001"", ""L010"", ""R002"", ""R005""]",4,0.0,1829.0886023688754,545.4374340696207,decision,9999.999999999998,,494.79353741857767,"[""C002""]","[""C001"", ""R005""]",534.995987019764,0.04947935374185777,20003,2,1,2,,,,,,,,multi_hotspot,127.40114989313611
0.0,"[""L024"", ""R002"", ""R004""]",1895.8752680665352,1,decision:multi_hotspot:b1:r004,2635.66202083586,2,0.263566202083586,1344.7165501372212,0,733.3383318947556,885.0342721739348,1017.2894167671695,2635.6620208358595,3453.073911771183,5336.851667975372,1014.7760907072616,1,2635.66202083586,"[""C001"", ""C002"", ""R008""]",3,0.0,2701.189647139512,1620.8859301285984,276.1693799913771,-89.88234888105421,0.16666666666666666,1,4398.823131948488,1,0.4398823131948488,1254.834201256167,1,1308.9105392037466,1623.3790958282402,1466.5334969165008,4398.823131948488,2570.0059320933465,2,4398.823131948488,"[""C001"", ""L024"", ""R002"", ""R004""]",4,0.0,1828.817199855141,573.9829985989741,decision,9999.999999999998,,1555.229841386085,"[""C002"", ""R008""]","[""C001""]",1763.1611111126276,0.15552298413860852,20004,3,2,1,,,,,,,,multi_hotspot,297.81361860759694
0.0,"[""L004""]",1900.2779825066216,1,decision:multi_hotspot:b1:r005,4709.4618246181835,1,0.47094618246181835,1269.1593711703626,1,1671.9374542681305,2086.2484178602426,951.2759524898094,4604.981971065228,3209.9115796107967,5064.80872360768,2921.5646444831627,2,4709.461824618183,"[""C001"", ""L018"", ""R001"", ""R007""]",4,0.0,355.34689898949637,1787.8971801350199,518.7378089646572,0.5948538045859095,0.6,1,5053.357322492993,1,0.5053357322492993,1269.7542249749486,1,1752.2751992477308,2166.005095924838,1135.0770273204243,5053.357322492993,3193.5686626920588,2,5053.357322492993,"[""C001"", ""L004"", ""R001"", ""R007""]",4,0.0,1859.7886598009345,590.034434825986,decision,10000.0,,272.004018208896,"[""L018""]","[""C001"", ""R001"", ""R007""]",343.89549787481064,0.027200401820889602,20005,1,1,3,,,,,,,,multi_hotspot,71.29662586132872
1.1368683772161603e-13,"[""R001""]",1878.738249211366,1,decision:multi_hotspot:b1:r006,3811.2450943804624,1,0.38112450943804627,1272.3636882302822,1,2336.7460901177233,585.4970397045215,889.0019645582179,3581.0232047101476,2865.898973775548,4689.439293447758,2088.5488238194503,2,3811.2450943804624,"[""C001"", ""L005"", ""R003"", ""R007""]",4,0.0,878.1941990672958,1722.6962705610122,450.33258233073013,-4.499586895506127,0.6,1,4608.656486878511,1,0.46086564868785107,1267.864101334776,1,2341.520944312916,1088.539693281739,1178.595849283856,4608.656486878512,2777.635334335825,2,4608.656486878512,"[""C001"", ""L005"", ""R001"", ""R003""]",4,0.0,1831.0211525426869,563.1570512079109,decision,10000.000000000002,,689.0865105163748,"[""R007""]","[""C001"", ""L005"", ""R003""]",797.4113924980493,0.06890865105163747,20006,1,1,3,,,,,,,,multi_hotspot,112.82446887718072
0.0,"[""L017"", ""L033"", ""R006""]",1899.5967071432542,1,decision:multi_hotspot:b1:r007,3539.168268673784,1,0.3539168268673784,1297.7859735478003,1,670.4551596331163,2210.247223657321,658.4658853833469,3539.168268673784,3193.473426854227,5065.375985999432,1863.3055667922931,2,3539.168268673784,"[""C001"", ""L003"", ""R003"", ""R005""]",4,0.0,1526.2077173256475,1675.862701881491,378.07672833369065,-13.855824893393901,0.2857142857142857,1,4681.1637117199125,1,0.46811637117199123,1283.9301486544064,3,1513.0888087227706,2405.3818423221346,762.6930606750068,4681.1637117199125,2794.569197370772,1,4681.1637117199125,"[""C001"", ""L003"", ""L017"", ""L033"", ""R006""]",5,0.0,1886.5945143491404,602.664365694734,decision,10000.000000000004,,931.263630578479,"[""R003"", ""R005""]","[""C001"", ""L003""]",1141.9954430461285,0.09312636305784787,20007,3,2,2,,,,,,,,multi_hotspot,224.58763736104333
0.0,"[""R005"", ""R007""]",1879.4688149588587,1,decision:multi_hotspot:b1:r008,2530.414195245562,1,0.2530414195245562,1296.6383447794294,1,938.8117748824984,779.2566433906179,812.3457769724455,2530.414195245562,2720.8539361913586,4600.322751150217,880.192020966731,2,2530.414195245562,"[""C002"", ""L027"", ""R004"", ""R008""]",4,615.7932918216592,2069.9085559046553,1650.222174278831,353.58382949940153,-35.45652630058726,0.5,1,4444.254826771642,0,0.4444254826771642,1261.1818184788422,1,2043.712000962506,1283.9824393219606,1116.560386487175,4444.254826771641,2566.164525993222,4,4444.254826771641,"[""L027"", ""R004"", ""R005"", ""R007"", ""R008""]",5,0.0,1878.090300778419,616.9084822995769,decision,9999.999999999998,,1685.972505026491,"[""C002""]","[""L027"", ""R004"", ""R008""]",1913.840631526079,0.16859725050264912,20008,2,1,3,,,,,,,,multi_hotspot,263.3246528001754
0.0,"[""L010"", ""R003"", ""R007""]",1878.699679909757,1,decision:multi_hotspot:b1:r009,2762.645929377399,2,0.2762645929377399,1208.1671899911632,1,1001.4798044871413,1173.7283118259052,587.4378130643531,2605.2692303083113,3078.3712920231924,4857.334123574892,1212.9688549450825,0,2762.6459293773996,"[""C001"", ""C002"", ""L014""]",3,0.0,2094.688194197493,1549.677074432317,341.5098844411539,45.97248658241574,0.16666666666666666,1,4525.019140073787,1,0.45250191400737866,1254.139676573579,1,931.8622879487654,2387.4624561386995,1205.6943959863215,4525.019140073786,2655.869452487292,2,4525.019140073787,"[""C001"", ""L010"", ""R003"", ""R007""]",4,0.0,1869.1496875864946,615.0100110129155,decision,10000.000000000002,,1442.9005975422097,"[""C002"", ""L014""]","[""C001""]",1762.373210696387,0.14429005975422093,20009,3,2,1,,,,,,,,multi_hotspot,273.5001265717616
-2.2737367544323206e-13,"[""C000"", ""R007""]",1899.337732300868,1,decision:multi_hotspot:b1:r010,3822.5025467363457,2,0.38225025467363455,1420.4000627765301,0,1669.3517675130106,1396.3922005460126,756.7585786773224,3822.5025467363453,2975.620520486118,4874.958252786986,1994.555334322005,1,3822.5025467363457,"[""C001"", ""C002"", ""R008""]",3,0.0,1052.4557060506404,1827.9472124143408,407.5471496378106,-92.26303833154111,0.2,1,4873.407506816335,2,0.48734075068163346,1328.137024444989,0,2304.1918051799908,1518.0648511043473,1051.1508505319969,4873.407506816335,3049.8083893921885,1,4873.407506816335,"[""C000"", ""C001"", ""R007""]",3,0.0,1823.599117424146,495.462092979157,decision,9999.999999999998,,1055.2530550701836,"[""C002"", ""R008""]","[""C001""]",1050.904960079989,0.10552530550701837,20010,2,2,1,,,,,,,,multi_hotspot,87.91494334134637
2.2737367544323206e-13,"[""L009"", ""R005"", ""R007""]",1872.1721078157984,1,decision:multi_hotspot:b1:r011,2535.986277329067,2,0.2535986277329067,1209.0341304792814,1,1360.8501148168755,102.56316958968456,1072.5729929225065,2535.9862773290665,3501.1784376548435,5241.647854576962,1060.3225165520412,0,2535.9862773290665,"[""C001"", ""C002"", ""L015""]",3,0.0,2705.6615772478954,1475.6637607770253,266.6296302977439,105.96647246255588,0.16666666666666666,1,4315.149961028719,1,0.4315149961028719,1315.0006029418373,1,1838.1288778788992,1159.875509402736,1317.1455737470847,4315.149961028719,2484.8101499651902,2,4315.14996102872,"[""C001"", ""L009"", ""R005"", ""R007""]",4,0.0,1830.33981106353,515.3392081216928,decision,10000.0,,1424.487633413149,"[""C002"", ""L015""]","[""C001""]",1779.1636836996536,0.1424487633413149,20011,3,2,1,,,,,,,,multi_hotspot,248.70957782394885
-5.684341886080802e-14,"[""L025"", ""R000"", ""R002""]",1907.8279455074144,1,decision:multi_hotspot:b1:r012,4293.196986871024,2,0.4293196986871024,1352.300530231788,1,1278.063719344183,1846.0110858128544,1169.1221817139865,4293.196986871024,3355.4222201425728,5212.405994327776,2515.974679493667,0,4293.196986871024,"[""C001"", ""C002"", ""L013""]",3,0.0,919.2090074567523,1777.222307377357,424.92177714556925,-13.2502302828143,0.16666666666666666,1,4880.320612361178,1,0.4880320612361178,1339.0502999489736,1,2110.52932916694,1503.456080828768,1266.3352023654693,4880.320612361178,2972.4926668537637,2,4880.320612361178,"[""C001"", ""L025"", ""R000"", ""R002""]",4,0.0,1907.8279455074144,568.7776455584408,decision,9999.999999999998,,456.51798736009687,"[""C002"", ""L013""]","[""C001""]",587.1236254901542,0.0456517987360097,20012,3,2,1,,,,,,,,multi_hotspot,143.85586841287153
0.0,"[""L030"", ""R005"", ""R007""]",1885.7013673160304,1,decision:multi_hotspot:b1:r013,2504.3465854276837,2,0.25043465854276836,1238.4904689078717,1,1319.756106794099,678.7083732349638,505.8821053986211,2504.3465854276837,3195.746138442377,4949.834958129028,960.7589890070531,0,2504.3465854276837,"[""C001"", ""C002"", ""L005""]",3,562.3002201248532,2445.488372701344,1543.5875964206307,305.0971275127589,41.09205109819095,0.16666666666666666,1,4758.733588005031,1,0.47587335880050313,1279.5825200060626,1,2516.295573269711,1581.5565624303088,660.8814523050114,4758.733588005032,2873.032220689002,2,4758.733588005032,"[""C001"", ""L030"", ""R005"", ""R007""]",4,0.0,1885.7013673160304,606.1188473099677,decision,9999.999999999998,,1912.2732316819488,"[""C002"", ""L005""]","[""C001""]",2254.3870025773485,0.1912273231681949,20013,3,2,1,,,,,,,,multi_hotspot,301.0217197972088
0.0,[],1880.1574586292159,1,decision:multi_hotspot:b1:r014,4743.1869545062245,1,0.47431869545062244,1249.348480247843,1,1787.4181467958492,1903.1324673708596,1052.636340339516,4743.1869545062245,2907.054348063233,4743.1869545062245,2905.2063432408304,2,4743.1869545062245,"[""C001"", ""L011"", ""R004"", ""R007""]",4,0.0,0.0,1837.9806112653941,588.632131017551,0.0,1.0,0,4743.1869545062245,1,0.47431869545062244,1249.348480247843,1,1787.4181467958492,1903.1324673708596,1052.636340339516,4743.1869545062245,2905.2063432408304,2,4743.1869545062245,"[""C001"", ""L011"", ""R004"", ""R007""]",4,0.0,1837.9806112653941,588.632131017551,decision,10000.000000000002,,0.0,[],"[""C001"", ""L011"", ""R004"", ""R007""]",0.0,0.0,20014,0,0,4,,,,,,,,multi_hotspot,0.0
0.0,[],1912.7379652613397,1,decision:multi_hotspot:b1:r015,4963.369979870564,1,0.4963369979870564,1305.6568994980162,1,1098.5667703950764,2410.969707078558,1453.83350239693,4963.369979870564,3135.8702211388536,4963.369979870565,3133.4661395726735,2,4963.369979870564,"[""C001"", ""L019"", ""R002"", ""R004""]",4,0.0,9.094947017729282e-13,1829.9038402978906,524.2469407998744,0.0,1.0,0,4963.369979870564,1,0.4963369979870564,1305.6568994980162,1,1098.5667703950764,2410.969707078558,1453.83350239693,4963.369979870564,3133.4661395726735,2,4963.369979870564,"[""C001"", ""L019"", ""R002"", ""R004""]",4,0.0,1829.9038402978906,524.2469407998744,decision,10000.0,,0.0,[],"[""C001"", ""L019"", ""R002"", ""R004""]",0.0,0.0,20015,0,0,4,,,,,,,,multi_hotspot,0.0
-1.1368683772161603e-13,"[""L012"", ""L021""]",1858.6632447665293,1,decision:multi_hotspot:b1:r016,4445.656515810856,1,0.4445656515810855,1318.5507975269882,0,2067.5348970473256,1856.6449523849737,521.476666378557,4445.656515810857,2945.255053402882,4803.918298169411,2626.5413914106202,3,4445.656515810857,"[""C001"", ""R000"", ""R005"", ""R007""]",4,0.0,358.26178235855514,1819.1151244002367,500.56432687324866,-9.409967881312241,0.5,1,4563.236263256826,1,0.45632362632568246,1309.140829645676,2,2171.693599642019,1806.7347688212742,584.8078947935327,4563.236263256826,2704.5730184902964,2,4563.236263256826,"[""C001"", ""L012"", ""L021"", ""R000"", ""R007""]",5,0.0,1858.6632447665293,549.5224151208533,decision,10000.000000000004,,78.03162707967613,"[""R005""]","[""C001"", ""R000"", ""R007""]",117.57974744596868,0.00780316270796761,20016,2,1,3,,,,,,,,multi_hotspot,48.95808824760468
0.0,[],1920.5183693961494,1,decision:multi_hotspot:b1:r017,4852.670392973768,1,0.4852670392973768,1394.5284336465847,0,2484.8242174655825,1269.0596740933847,1098.7865014148006,4852.670392973768,2958.257853229276,4878.776222625426,2932.1520235776184,3,4852.670392973768,"[""C001"", ""R000"", ""R002"", ""R003""]",4,0.0,26.105829651658496,1920.5183693961494,525.9899357495647,0.0,1.0,0,4852.670392973768,1,0.4852670392973768,1394.5284336465847,0,2484.8242174655825,1269.0596740933847,1098.7865014148006,4852.670392973768,2932.1520235776184,3,4852.670392973768,"[""C001"", ""R000"", ""R002"", ""R003""]",4,0.0,1920.5183693961494,525.9899357495647,decision,9999.999999999996,,0.0,[],"[""C001"", ""R000"", ""R002"", ""R003""]",0.0,0.0,20017,0,0,4,,,,,,,,multi_hotspot,0.0
0.0,"[""L035"", ""R002"", ""R008""]",1855.6917460187683,1,decision:multi_hotspot:b1:r018,2941.326652515388,2,0.29413266525153875,1300.1178732406274,0,2196.446503246405,418.58632316437684,326.29382610460607,2871.273693232926,3388.5563833747196,5177.560560417614,1366.6687322462922,1,2941.3266525153877,"[""C001"", ""C002"", ""R003""]",3,0.0,2236.2339079022263,1574.6579202690955,274.54004702846794,-37.28022866582387,0.16666666666666666,1,4638.568741892726,1,0.46385687418927257,1262.8376445748036,1,2563.902801233984,1410.6968577568834,663.9690829018589,4638.568741892726,2840.336177387452,2,4638.568741892726,"[""C001"", ""L035"", ""R002"", ""R008""]",4,0.0,1798.2325645052742,535.3949199304707,decision,10000.0,,1473.66744514116,"[""C002"", ""R003""]","[""C001""]",1697.2420893773387,0.147366744514116,20018,3,2,1,,,,,,,,multi_hotspot,260.85487290200274
-2.2737367544323206e-13,"[""L011"", ""R002""]",1898.9134807483076,1,decision:multi_hotspot:b1:r019,3619.0257590726364,2,0.36190257590726366,1326.997650719507,0,1948.5468609555016,1196.816986689792,473.6619114273429,3165.897214588467,3754.8434382154246,5639.335612837025,1935.8721242061026,1,3619.025759072636,"[""C001"", ""C002"", ""R000""]",3,0.0,2020.3098537643887,1683.1536348665334,356.15598414702646,-55.352598744237184,0.4,1,4689.580341104014,1,0.46895803411040143,1271.6450519752698,1,2253.4295125088884,1606.976742012584,829.1740865825425,4689.580341104015,2845.091621667599,2,4689.580341104015,"[""C001"", ""L011"", ""R000"", ""R002""]",4,0.0,1844.488719436416,572.8436674611461,decision,10000.000000000002,,909.2194974614965,"[""C002""]","[""C001"", ""R000""]",1070.5545820313791,0.09092194974614963,20019,2,1,2,,,,,,,,multi_hotspot,216.68768331411962
-2.2737367544323206e-13,"[""L017"", ""L034"", ""R001"", ""R003""]",3191.949856837514,2,decision:multi_hotspot:b2:r000,5241.427772960784,1,0.5241427772960784,2236.474647931209,3,2127.9754996896463,1791.7487191164287,1321.7035541547102,4561.4476478598135,4403.9533128726625,7595.903169710177,2284.909040249266,4,5241.427772960784,"[""C001"", ""L000"", ""L007"", ""L026"", ""R002"", ""R004"", ""R007"", ""R008""]",8,0.0,2354.4753967493934,2956.5187327115177,720.0440847803088,-148.1483471739366,0.4166666666666667,1,6515.776964874523,0,0.6515776964874523,2088.3263007572723,4,2661.35654961835,2190.5138427976244,1663.906572458548,6515.776964874523,3411.149865291839,5,6515.7769648745225,"[""L000"", ""L007"", ""L017"", ""L034"", ""R001"", ""R002"", ""R003"", ""R004"", ""R008""]",9,0.0,3104.6270995826835,1016.300798825411,decision,10000.0,,1126.2408250425729,"[""C001"", ""L026"", ""R007""]","[""L000"", ""L007"", ""R002"", ""R004"", ""R008""]",1274.3491919137387,0.11262408250425729,20000,4,3,5,,,,,,,,multi_hotspot,296.25671404510217
-2.2737367544323206e-13,"[""L017"", ""R005"", ""R008""]",3132.5609243021804,2,decision:multi_hotspot:b2:r001,5488.216442275555,2,0.5488216442275555,2225.540125784598,0,2610.2237232503057,1708.725998363693,1169.2667206615558,5309.938127967985,5377.441187298193,8490.307904956582,2667.9329111933575,4,5488.216442275555,"[""C001"", ""C002"", ""R000"", ""R001"", ""R002"", ""R007""]",6,495.41496617868654,3002.091462681027,2820.2835310821974,594.7434052975993,-61.61521383142099,0.4444444444444444,1,7606.36804497777,1,0.760636804497777,2163.924911953177,1,3682.659147306006,2366.1901893791546,1557.51870829261,7606.368044977771,4543.100783632446,5,7606.368044977771,"[""C001"", ""L017"", ""R000"", ""R001"", ""R005"", ""R007"", ""R008""]",7,0.0,3063.2672613453246,899.3423493921478,decision,10000.0,,1875.1678724390886,"[""C002"", ""R002""]","[""C001"", ""R000"", ""R001"", ""R007""]",2118.151602702216,0.18751678724390886,20001,3,2,4,,,,,,,,multi_hotspot,304.5989440945484
1.1368683772161603e-13,"[""R001"", ""R003""]",3137.1015558049585,2,decision:multi_hotspot:b2:r002,6365.864017739503,1,0.6365864017739502,2153.998607198465,1,3298.0559818359943,1799.8140474998452,1267.9939884036642,5786.065296393124,4460.840351344093,7581.278539366916,3373.5319443055373,5,6365.864017739503,"[""C001"", ""L033"", ""R000"", ""R002"", ""R005"", ""R007"", ""R008""]",7,0.0,1215.4145216274137,2992.3320734339654,838.3334662355005,28.10695040416158,0.5555555555555556,1,6997.719225072012,1,0.6997719225072011,2182.1055576026265,1,3168.4614379378518,2193.2567272720567,1636.0010598621038,6997.719225072013,3878.37658579383,5,6997.719225072013,"[""C001"", ""L033"", ""R000"", ""R001"", ""R003"", ""R007"", ""R008""]",7,0.0,3119.3426392781826,937.2370816755562,decision,10000.0,,504.84464148829284,"[""R002"", ""R005""]","[""C001"", ""L033"", ""R000"", ""R007"", ""R008""]",631.85520733251,0.05048446414882928,20002,2,2,5,,,,,,,,multi_hotspot,98.90361544005566
2.2737367544323206e-13,"[""L020"", ""R000"", ""R001""]",3147.7554700286173,2,decision:multi_hotspot:b2:r003,6453.987241558083,2,0.6453987241558083,2236.4202740805204,2,1882.2698550709028,3206.4255743746235,1365.291812112557,6453.987241558083,4904.698134415074,8052.453604443692,3452.832088325993,3,6453.987241558084,"[""C001"", ""C002"", ""L010"", ""L030"", ""R002"", ""R003"", ""R005""]",7,0.0,1598.4663628856088,3001.155153232091,764.7348791515703,-48.14504412273527,0.5,1,7296.525272263572,1,0.7296525272263572,2188.275229957785,3,2708.4869060736655,3334.18533031762,1253.853035872286,7296.525272263572,4150.497526312831,4,7296.525272263572,"[""C001"", ""L010"", ""L020"", ""L030"", ""R000"", ""R001"", ""R002"", ""R005""]",8,0.0,3146.0277459507415,957.7525159929564,decision,9999.999999999998,,697.6654379868378,"[""C002"", ""R003""]","[""C001"", ""L010"", ""L030"", ""R002"", ""R005""]",842.5380307054884,0.06976654379868379,20003,3,2,5,,,,,,,,multi_hotspot,193.0176368413861
-2.2737367544323206e-13,"[""L003"", ""L004"", ""L019"", ""L026"", ""L029"", ""R004""]",3159.7921134442254,2,decision:multi_hotspot:b2:r004,4803.9886213313475,2,0.48039886213313476,2114.4971279605043,1,1612.6951580378036,1864.501790569957,1326.791672723586,4593.5418469942,4848.494938542388,7879.575059812808,2104.3796672643894,3,4803.988621331347,"[""C001"", ""C002"", ""L018"", ""R002"", ""R003"", ""R008""]",6,0.0,3075.5864384814604,2699.6089540669573,585.1118261064532,47.58053940195532,0.25,1,6979.763232895277,1,0.6979763232895276,2162.0776673624596,5,2189.450469736982,2873.50901289032,1916.8037502679745,6979.763232895275,3826.9015804164887,3,6979.763232895276,"[""C001"", ""L003"", ""L004"", ""L019"", ""L026"", ""L029"", ""R002"", ""R003"", ""R004""]",9,0.0,3152.861652478787,990.7839851163276,decision,9999.999999999998,,1722.5219131520994,"[""C002"", ""L018"", ""R008""]","[""C001"", ""R002"", ""R003""]",2175.7746115639293,0.17225219131520997,20004,6,3,3,,,,,,,,multi_hotspot,405.67215900987435
2.2737367544323206e-13,"[""L005"", ""L022"", ""L029"", ""R003"", ""R008""]",3167.1299708443694,2,decision:multi_hotspot:b2:r005,6036.704070252622,2,0.6036704070252622,2137.3158922451257,1,2312.2425215299995,2502.5785598421717,1221.8829888804498,5575.013399920945,4947.79610925769,8000.739653483506,3200.7027904114184,3,6036.704070252621,"[""C001"", ""C002"", ""L018"", ""R000"", ""R001"", ""R007""]",6,0.0,1964.0355832308842,2836.0012798412026,698.6853875960767,65.04092889458752,0.2727272727272727,1,7619.701288551995,1,0.7619701288551995,2202.3568211397132,3,2811.0624589095205,2987.8749830282113,1820.7638466142632,7619.701288551995,4453.217670142148,4,7619.701288551995,"[""C001"", ""L005"", ""L022"", ""L029"", ""R001"", ""R003"", ""R007"", ""R008""]",8,0.0,3166.4836184098476,964.1267972701344,decision,10000.0,,1252.5148797307293,"[""C002"", ""L018"", ""R000""]","[""C001"", ""R001"", ""R007""]",1582.9972182993743,0.12525148797307292,20005,5,3,3,,,,,,,,multi_hotspot,265.4414096740577
0.0,"[""L004"", ""L005"", ""L013"", ""L017"", ""L025"", ""L030""]",3131.230415352277,2,decision:multi_hotspot:b2:r006,5456.735176480276,1,0.5456735176480276,2212.1084618083664,1,2690.660425908072,1162.8930205953975,1603.181729976807,5226.513286809963,4428.4776201207005,7559.473808617191,2579.3888658678616,5,5456.735176480276,"[""C001"", ""L014"", ""R001"", ""R002"", ""R003"", ""R007"", ""R008""]",7,276.9200617728048,2102.738632136915,2877.3463106124145,665.237848804048,-96.58776600305328,0.3076923076923077,1,7083.436557873719,1,0.7083436557873719,2115.520695805313,7,3355.5295328791954,1924.1581652352436,1803.7488597592799,7083.436557873719,3952.206142521442,2,7083.436557873719,"[""C001"", ""L004"", ""L005"", ""L013"", ""L014"", ""L017"", ""L025"", ""L030"", ""R001"", ""R003""]",10,0.0,3131.230415352277,1015.7097195469637,decision,10000.000000000002,,1372.8172766535804,"[""R002"", ""R007"", ""R008""]","[""C001"", ""L014"", ""R001"", ""R003""]",1626.7013813934427,0.137281727665358,20006,6,3,4,,,,,,,,multi_hotspot,350.4718707429157
2.2737367544323206e-13,"[""L004"", ""L015"", ""L022"", ""L033"", ""R006""]",3165.9945119054237,2,decision:multi_hotspot:b2:r007,4971.081157205646,1,0.4971081157205646,2180.2010329973455,1,983.091174487087,2834.0599487673676,1153.9300339511924,4971.081157205647,4761.234095608337,7927.228607513761,2216.6149406495333,5,4971.081157205646,"[""C001"", ""L003"", ""R000"", ""R003"", ""R005"", ""R007"", ""R008""]",7,0.0,2956.1474503081145,2754.466216556113,574.2651835587674,39.86836217479777,0.3333333333333333,1,6907.049838743749,1,0.690704983874375,2220.0693951721432,5,2189.6055443076993,3344.0079807784314,1373.4363136576183,6907.049838743749,3756.748488677497,3,6907.049838743749,"[""C001"", ""L003"", ""L004"", ""L015"", ""L022"", ""L033"", ""R000"", ""R006"", ""R007""]",9,0.0,3150.3013500662523,930.2319548941091,decision,10000.000000000004,,1540.1335480279636,"[""R003"", ""R005"", ""R008""]","[""C001"", ""L003"", ""R000"", ""R007""]",1935.9686815381028,0.1540133548027963,20007,5,3,4,,,,,,,,multi_hotspot,355.9667713353417
0.0,"[""C001"", ""R001""]",3132.4480249314315,2,decision:multi_hotspot:b2:r008,4906.690294546057,1,0.4906690294546057,2041.2739858279201,0,2494.9949956985165,1433.2953350812195,978.3999637663212,4906.690294546057,4415.705864800362,7432.914708829023,2184.3414828503846,5,4906.690294546057,"[""C002"", ""R000"", ""R004"", ""R005"", ""R006"", ""R008""]",6,615.7932918216592,2526.224414282966,2722.3488116956723,681.074825867752,20.736292336083807,0.5,1,7290.31800983404,1,0.729031800983404,2062.010278164004,0,3256.6520961355905,2340.731588703335,1692.9343249951135,7290.318009834038,4289.812270542197,5,7290.31800983404,"[""C001"", ""R000"", ""R001"", ""R004"", ""R005"", ""R008""]",6,0.0,3000.5057392918425,938.4954611278386,decision,9999.999999999998,,2105.470787691813,"[""C002"", ""R006""]","[""R000"", ""R004"", ""R005"", ""R008""]",2383.627715287983,0.21054707876918133,20008,2,2,4,,,,,,,,multi_hotspot,257.42063526008656
0.0,"[""L002"", ""L010"", ""L022"", ""L025"", ""R005""]",3131.166133182928,2,decision:multi_hotspot:b2:r009,5360.999726867492,2,0.5360999726867492,2094.301170268657,1,1565.4564292411926,2631.459081397502,1164.0842162287977,5203.623027798405,4770.163198024071,7872.906294784032,2527.641167244389,3,5360.999726867492,"[""C001"", ""C002"", ""L014"", ""R002"", ""R003"", ""R007""]",6,0.0,2511.9065679165396,2833.3585596231032,739.0573893544461,-86.60731400508757,0.2727272727272727,1,6807.953486503039,1,0.6807953486503039,2007.6938562635696,4,2406.9142667759616,3064.5697851640025,1336.4694345630746,6807.95348650304,3795.5862627308575,3,6807.953486503039,"[""C001"", ""L002"", ""L010"", ""L022"", ""L025"", ""R003"", ""R005"", ""R007""]",8,0.0,3012.3672237721817,1004.673367508612,decision,10000.000000000002,,1267.9450954864683,"[""C002"", ""L014"", ""R002""]","[""C001"", ""R003"", ""R007""]",1446.9537596355467,0.1267945095486468,20009,5,3,3,,,,,,,,multi_hotspot,265.615978154166
0.0,"[""C000"", ""L004"", ""R004"", ""R008""]",3165.562887168114,2,decision:multi_hotspot:b2:r010,5976.099827017924,2,0.5976099827017924,2222.4108755656034,1,2196.333441325616,2229.624777226328,1550.1416084659795,5976.0998270179225,4634.270263098728,7735.80417246304,3048.232386660721,3,5976.099827017924,"[""C001"", ""C002"", ""L020"", ""R001"", ""R006"", ""R007""]",6,0.0,1759.704345445116,2927.867440357203,705.4565647915995,-8.02097893905875,0.3,1,7655.273805291457,2,0.7655273805291457,2214.3898966265447,2,3616.682894716937,2299.03519026744,1739.5557203070812,7655.273805291458,4491.901405421631,3,7655.273805291457,"[""C000"", ""C001"", ""L004"", ""L020"", ""R004"", ""R007"", ""R008""]",7,0.0,3163.3723998698256,948.982503243281,decision,9999.999999999998,,1443.6690187609101,"[""C002"", ""R001"", ""R006""]","[""C001"", ""L020"", ""R007""]",1679.173978273533,0.14436690187609105,20010,4,3,3,,,,,,,,multi_hotspot,243.52593845168155
0.0,"[""L014"", ""L034"", ""R001"", ""R002""]",3120.286846359664,2,decision:multi_hotspot:b2:r011,4950.950831244477,2,0.49509508312444767,2108.8703703001315,1,2065.0297094609714,1473.4216448599873,1412.4994769235182,4481.287252186634,5248.770003808272,8308.22628552356,2249.720209185113,3,4950.950831244477,"[""C001"", ""C002"", ""L015"", ""R003"", ""R005"", ""R007""]",6,0.0,3357.2754542790835,2701.2306220593637,592.360251759232,119.4216415223932,0.4,1,6882.839655313799,1,0.6882839655313799,2228.2920118225247,3,3001.8654068606374,2016.276590195945,1864.697658257216,6882.839655313799,3762.552808954135,4,6882.839655313799,"[""C001"", ""L014"", ""L015"", ""L034"", ""R001"", ""R002"", ""R005"", ""R007""]",8,0.0,3120.286846359664,891.9948345371395,decision,10000.0,,1512.8325997690217,"[""C002"", ""R003""]","[""C001"", ""L015"", ""R005"", ""R007""]",1931.8888240693223,0.15128325997690217,20011,4,2,4,,,,,,,,multi_hotspot,299.63458277790744
0.0,"[""L007"", ""L025"", ""R007""]",3179.7132425123573,2,decision:multi_hotspot:b2:r012,6996.1500458372175,2,0.6996150045837217,2271.514526565525,1,2988.123180701661,2374.4483866986748,1633.5784784368827,6996.150045837218,4999.635153312293,8179.348395824651,3929.95017330506,3,6996.150045837218,"[""C001"", ""C002"", ""L013"", ""R000"", ""R001"", ""R002""]",6,0.0,1183.1983499874332,3066.199872532158,794.6853459666329,-23.869493659040927,0.5555555555555556,1,7464.288745960677,1,0.7464288745960678,2247.645032906484,3,3190.1686515551046,2532.6749105903446,1741.445183815229,7464.288745960678,4284.575503448322,4,7464.288745960679,"[""C001"", ""L007"", ""L013"", ""L025"", ""R000"", ""R001"", ""R002"", ""R007""]",8,0.0,3179.7132425123573,932.0682096058729,decision,9999.999999999998,,354.62533014326164,"[""C002""]","[""C001"", ""L013"", ""R000"", ""R001"", ""R002""]",468.1387001234607,0.03546253301432617,20012,3,1,5,,,,,,,,multi_hotspot,137.38286363923999
-4.547473508864641e-13,"[""L018"", ""L030"", ""R006""]",3142.8356121933843,2,decision:multi_hotspot:b2:r013,5671.892592358573,2,0.5671892592358573,2130.2462582096678,1,2757.950989271367,1628.4532741543408,1285.488328932865,5671.892592358572,5074.019225672402,8117.380965059915,2841.6031221215517,3,5671.892592358572,"[""C001"", ""C002"", ""L005"", ""R004"", ""R005"", ""R007""]",6,562.3002201248532,2445.488372701342,2830.2894702370204,700.0432120273525,22.470455360677533,0.5555555555555556,1,7362.060805770067,1,0.7362060805770068,2152.7167135703453,3,3719.146960951652,2124.143143246052,1518.7707015723631,7362.060805770068,4219.2251935766835,4,7362.060805770068,"[""C001"", ""L005"", ""L018"", ""L030"", ""R004"", ""R005"", ""R006"", ""R007""]",8,0.0,3142.8356121933843,990.118898623039,decision,9999.999999999998,,1377.6220714551318,"[""C002""]","[""C001"", ""L005"", ""R004"", ""R005"", ""R007""]",1690.1682134114963,0.1377622071455132,20013,3,1,5,,,,,,,,multi_hotspot,290.0756865956864
2.2737367544323206e-13,"[""R003""]",3133.5957643820266,2,decision:multi_hotspot:b2:r014,7090.527525180154,1,0.7090527525180154,2158.930299856206,1,2755.8573365891384,3282.0338482515,1052.636340339516,7090.527525180154,4378.075496784826,7507.06029016444,4010.895223936628,5,7090.527525180154,"[""C001"", ""L033"", ""R000"", ""R001"", ""R002"", ""R004"", ""R007""]",7,0.0,416.5327649842857,3079.632301243526,920.70200138732,-97.19801639572643,0.625,1,7139.492652962039,1,0.7139492652962038,2061.7322834604797,0,2864.6492611500234,3099.7376470574054,1175.1057447546104,7139.492652962039,4163.883049537788,5,7139.492652962039,"[""C001"", ""R000"", ""R002"", ""R003"", ""R004"", ""R007""]",6,0.0,2975.6096034242514,913.8773199637717,decision,10000.000000000002,,152.98782560115978,"[""L033"", ""R001""]","[""C001"", ""R000"", ""R002"", ""R004"", ""R007""]",48.9651277818848,0.015298782560115975,20014,1,2,5,,,,,,,,multi_hotspot,-6.824681423548327
0.0,"[""L011"", ""R006"", ""R007""]",3187.8966087688996,2,decision:multi_hotspot:b2:r015,6431.59673603209,2,0.643159673603209,2322.3965400155203,0,2090.296762403235,2594.602647275474,1746.6973263533807,6241.042940750412,5139.212652229263,8327.109260998162,3392.729926603036,4,6431.59673603209,"[""C001"", ""C002"", ""R001"", ""R002"", ""R004"", ""R008""]",6,0.0,1895.5125249660723,3038.8668094290542,716.4702694135337,-104.33630358679147,0.4444444444444444,1,7783.413208397108,1,0.7783413208397109,2218.060236428729,1,2806.21752815519,3088.812536718805,1888.383143523114,7783.413208397109,4595.5165996282085,5,7783.413208397108,"[""C001"", ""L011"", ""R001"", ""R002"", ""R004"", ""R006"", ""R007""]",7,0.0,3187.8966087688996,969.8363723401706,decision,10000.0,,1202.7866730251726,"[""C002"", ""R008""]","[""C001"", ""R001"", ""R002"", ""R004""]",1351.816472365018,0.12027866730251727,20015,3,2,4,,,,,,,,multi_hotspot,253.3661029266368
-3.410605131648481e-13,"[""L012"", ""L021"", ""L034"", ""R002"", ""R008""]",3097.772074610882,2,decision:multi_hotspot:b2:r016,6039.031348565095,2,0.6039031348565094,2210.1957335399793,0,2744.249703502022,2168.6509639835076,1126.1306810795659,6039.031348565095,4717.939709642765,7789.294270381763,3141.1037625914814,4,6039.031348565095,"[""C001"", ""C002"", ""R000"", ""R005"", ""R006"", ""R007""]",6,0.0,1750.2629218166685,2897.9275859736135,687.7318524336345,-146.47373202102335,0.2727272727272727,1,7142.59538853199,1,0.7142595388531988,2063.722001518956,3,3572.097933261072,2026.6589407520473,1543.8385145188704,7142.59538853199,4122.37265701812,4,7142.59538853199,"[""C001"", ""L012"", ""L021"", ""L034"", ""R000"", ""R002"", ""R007"", ""R008""]",8,0.0,3020.22273151387,956.5007299949137,decision,10000.000000000004,,981.2688944266383,"[""C002"", ""R005"", ""R006""]","[""C001"", ""R000"", ""R007""]",1103.5640399668946,0.0981268894426638,20016,5,3,3,,,,,,,,multi_hotspot,268.7688775612793
0.0,"[""L011"", ""L020""]",3200.8639489935827,2,decision:multi_hotspot:b2:r017,7418.920455482484,1,0.7418920455482484,2137.476888362221,1,3457.4006708324487,2323.5095597231066,1638.0102249269278,6928.294932258591,4737.171854465916,7887.528508608439,4337.6705325137245,5,7418.920455482483,"[""C001"", ""L017"", ""R000"", ""R001"", ""R003"", ""R006"", ""R007""]",7,0.0,468.60805312595494,3081.2499229687583,943.7730346065371,-1.5534015841881228,0.6666666666666666,1,7799.455989748325,1,0.7799455989748325,2135.923486778033,3,3269.250590550312,2705.282890143114,1824.9225090548978,7799.455989748325,4644.958865221155,4,7799.455989748324,"[""C001"", ""L011"", ""L017"", ""L020"", ""R000"", ""R001"", ""R003"", ""R007""]",8,0.0,3154.497124527169,1018.573637749136,decision,9999.999999999996,,307.2883327074305,"[""R006""]","[""C001"", ""L017"", ""R000"", ""R001"", ""R003"", ""R007""]",380.5355342658413,0.030728833270743064,20017,2,1,6,,,,,,,,multi_hotspot,74.8006031425989
2.2737367544323206e-13,"[""L035"", ""R001"", ""R005""]",3092.8195766979475,2,decision:multi_hotspot:b2:r018,5928.211050099653,2,0.5928211050099652,2214.8110797448267,0,3175.934996933901,1649.4770602391047,1102.7989929266469,5858.158090817191,5075.900564389363,8164.444958001879,3053.914411223893,4,5928.211050099653,"[""C001"", ""C002"", ""R002"", ""R003"", ""R007"", ""R008""]",6,0.0,2236.233907902226,2874.2966388757604,659.485559130934,-92.44477665388467,0.4444444444444444,1,7490.187536522804,1,0.7490187536522803,2122.366303090942,1,3601.1833451620473,2591.804306613245,1297.1998847475113,7490.187536522804,4433.464649283802,5,7490.187536522803,"[""C001"", ""L035"", ""R001"", ""R002"", ""R005"", ""R007"", ""R008""]",7,0.0,3056.722887239002,934.3565841480599,decision,10000.0,,1379.5502380599091,"[""C002"", ""R003""]","[""C001"", ""R002"", ""R007"", ""R008""]",1561.9764864231502,0.13795502380599092,20018,3,2,4,,,,,,,,multi_hotspot,274.87102501712593
0.0,"[""L012"", ""L031"", ""R001"", ""R002"", ""R007""]",3164.8558012471794,2,decision:multi_hotspot:b2:r019,5601.111838506029,2,0.5601111838506029,2172.258230874234,2,2126.581269041235,2094.565040502993,1379.9655289618022,5147.98329402186,5266.238802694349,8431.094603941528,2748.5903771627627,3,5601.11183850603,"[""C001"", ""C002"", ""L013"", ""L021"", ""R000"", ""R006"", ""R008""]",7,0.0,2829.9827654354995,2852.521461343267,680.2632304690333,-5.43618070436105,0.25,1,7235.487177139349,1,0.7235487177139349,2166.822050169873,3,3247.0188120094176,2310.2759651721612,1678.1923999577707,7235.48717713935,4080.556219609757,4,7235.48717713935,"[""C001"", ""L012"", ""L021"", ""L031"", ""R000"", ""R001"", ""R002"", ""R007""]",8,0.0,3154.930957529593,988.1089073597199,decision,10000.000000000002,,1331.9658424469944,"[""C002"", ""L013"", ""R006"", ""R008""]","[""C001"", ""L021"", ""R000""]",1634.37533863332,0.1331965842446994,20019,5,4,3,,,,,,,,multi_hotspot,307.8456768906866
4.547473508864641e-13,"[""L013"", ""L016"", ""L017"", ""L018"", ""L033"", ""R000"", ""R005""]",5107.119770940022,3,decision:multi_hotspot:b3:r000,7567.556771978534,1,0.7567556771978534,2994.558614091352,4,3554.653600823003,2335.756461498906,1677.1467096566257,6887.576646877564,5647.16861247574,10000.0,3472.18995859131,6,7567.556771978534,"[""C001"", ""L000"", ""L007"", ""L025"", ""L034"", ""R001"", ""R002"", ""R003"", ""R004"", ""R007"", ""R008""]",11,0.0,2432.443228021466,4095.366813387224,1100.8081992958719,350.10386046002805,0.4444444444444444,1,9931.869054664658,0,0.9931869054664657,3344.66247455138,8,4460.30017127214,3471.5688833925187,1999.9999999999998,9931.869054664658,5012.066145828534,7,9931.869054664658,"[""L000"", ""L007"", ""L013"", ""L016"", ""L017"", ""L018"", ""L033"", ""L034"", ""R000"", ""R001"", ""R002"", ""R003"", ""R004"", ""R005"", ""R008""]",15,0.0,4919.802908836124,1575.140434284744,decision,10000.0,,1539.8761872372238,"[""C001"", ""L025"", ""R007""]","[""L000"", ""L007"", ""L034"", ""R001"", ""R002"", ""R003"", ""R004"", ""R008""]",2364.3122826861236,0.15398761872372238,20000,7,3,8,,,,,,,,multi_hotspot,474.3322349888722
0.0,"[""L014"", ""L017"", ""L018"", ""L025"", ""L033"", ""R000""]",5012.097478883489,3,decision:multi_hotspot:b3:r001,7143.484562764702,2,0.7143484562764701,2750.518291171673,2,3631.968525116372,2075.0984417125755,1436.417595935754,6965.206248457132,6097.441250950868,10000.0,3523.0111517964388,5,7143.484562764701,"[""C001"", ""C002"", ""L007"", ""L024"", ""R001"", ""R002"", ""R005"", ""R007"", ""R008""]",9,495.41496617868654,2856.515437235298,3620.473410968262,869.9551197965894,259.08390366465846,0.4666666666666667,1,10000.0,1,1.0,3009.6021948363314,7,4500.0,3500.0,2000.0000000000002,10000.0,5646.189374316538,5,10000.0,"[""C001"", ""L007"", ""L014"", ""L017"", ""L018"", ""L024"", ""L025"", ""L033"", ""R000"", ""R001"", ""R005"", ""R007"", ""R008""]",13,0.0,4353.810625683462,1344.2084308471303,decision,10000.0,,2123.1782225200996,"[""C002"", ""R002""]","[""C001"", ""L007"", ""L024"", ""R001"", ""R005"", ""R007"", ""R008""]",2856.515437235299,0.21231782225200996,20001,6,2,7,,,,,,,,multi_hotspot,474.2533110505409
-2.2737367544323206e-13,"[""L011"", ""L015"", ""L029"", ""L033"", ""R001"", ""R008""]",5019.362489287934,3,decision:multi_hotspot:b3:r002,7759.633001527849,1,0.7759633001527848,3055.3634204130094,3,4005.4791869459477,2305.479939572807,1448.673875009094,6598.952311635898,5646.145112031372,10000.000000000002,3680.00388506922,7,7759.633001527849,"[""C001"", ""L008"", ""L009"", ""L017"", ""R000"", ""R002"", ""R003"", ""R004"", ""R005"", ""R006"", ""R007""]",11,0.0,2240.3669984721528,4079.629116458629,1024.26569604562,331.4089716108688,0.4117647058823529,1,10000.000000000002,1,1.0,3386.772392023878,5,4500.0,3500.000000000001,2000.0000000000005,9546.337335342392,5163.46074183875,7,10000.000000000002,"[""C001"", ""L011"", ""L015"", ""L017"", ""L029"", ""L033"", ""R000"", ""R001"", ""R003"", ""R004"", ""R005"", ""R007"", ""R008""]",13,0.0,4836.539258161251,1449.7668661373732,decision,10000.0,,1483.4568567695305,"[""L008"", ""L009"", ""R002"", ""R006""]","[""C001"", ""L017"", ""R000"", ""R003"", ""R004"", ""R005"", ""R007""]",2240.3669984721528,0.14834568567695305,20002,6,4,7,,,,,,,,multi_hotspot,425.50117009175324
0.0,"[""L010"", ""L014"", ""L017"", ""L019"", ""L020"", ""L023"", ""L025"", ""R000"", ""R001""]",5036.408752045788,3,decision:multi_hotspot:b3:r003,7416.330334409658,2,0.7416330334409658,2879.257377033983,2,2440.672779098583,3438.7140021032546,1536.9435532078198,7180.096099349702,5899.856845807366,10000.0,3609.348696218469,5,7416.330334409658,"[""C001"", ""C002"", ""L013"", ""L030"", ""R002"", ""R003"", ""R005"", ""R006"", ""R007""]",9,0.0,2583.6696655903424,3806.9816381911887,927.7242611572058,251.08388330949037,0.2777777777777778,1,9815.295224092122,1,0.9815295224092122,3130.3412603434736,9,4315.295224092122,3500.0,2000.0,9815.295224092122,5258.229307885423,4,9815.295224092122,"[""C001"", ""L010"", ""L013"", ""L014"", ""L017"", ""L019"", ""L020"", ""L023"", ""L025"", ""L030"", ""R000"", ""R001"", ""R002"", ""R005""]",14,0.0,4557.0659162066995,1426.7246558632262,decision,9999.999999999998,,1648.8806116669539,"[""C002"", ""R003"", ""R006"", ""R007""]","[""C001"", ""L013"", ""L030"", ""R002"", ""R005""]",2398.9648896824647,0.1648880611666954,20003,9,4,5,,,,,,,,multi_hotspot,499.0003947060204
0.0,"[""L002"", ""L003"", ""L005"", ""L009"", ""L010"", ""L019"", ""L024"", ""L026"", ""R002"", ""R007""]",5055.667381510761,3,decision:multi_hotspot:b3:r004,6040.364993140077,2,0.6040364993140077,2848.8245206861166,2,1251.6011013213342,3009.767399650731,1778.996492168012,5829.91821880293,5936.167720847876,10000.0,2429.9642002107094,5,6040.364993140077,"[""C001"", ""C002"", ""L017"", ""L018"", ""R000"", ""R003"", ""R004"", ""R006"", ""R008""]",9,0.0,3959.635006859923,3610.4007929293675,761.5762722432512,193.12386106194344,0.15789473684210525,1,8956.373269864325,1,0.8956373269864325,3041.94838174806,8,3456.3732698643253,3500.0,2000.0000000000005,8956.373269864325,4546.314370662534,4,8956.373269864325,"[""C001"", ""L002"", ""L003"", ""L005"", ""L009"", ""L010"", ""L019"", ""L024"", ""L026"", ""R002"", ""R003"", ""R004"", ""R007""]",13,0.0,4410.058899201791,1368.110517453731,decision,9999.999999999998,,2116.350170451825,"[""C002"", ""L017"", ""L018"", ""R000"", ""R006"", ""R008""]","[""C001"", ""R003"", ""R004""]",2916.0082767242484,0.21163501704518253,20004,10,6,3,,,,,,,,multi_hotspot,606.5342452104799
0.0,"[""L005"", ""L007"", ""L022"", ""L025"", ""L026"", ""L032"", ""R000"", ""R006""]",5067.407953350991,3,decision:multi_hotspot:b3:r005,7531.543052652089,2,0.7531543052652089,2943.8700786384743,2,2753.67141327593,3046.798329648469,1731.0733097276898,7001.850851105461,5873.215715568569,9999.551874495108,3667.3773561721237,5,7531.543052652089,"[""C001"", ""C002"", ""L009"", ""L017"", ""R001"", ""R002"", ""R005"", ""R007"", ""R008""]",9,0.0,2468.008821843019,3864.165696479965,920.2956178414905,350.0244970389904,0.35294117647058826,1,10000.0,1,1.0,3293.8945756774647,8,4500.0,3499.9999999999995,2000.0,9531.334252079841,5307.103392323105,5,10000.0,"[""C001"", ""L005"", ""L007"", ""L009"", ""L017"", ""L022"", ""L025"", ""L026"", ""L032"", ""R000"", ""R001"", ""R006"", ""R007"", ""R008""]",14,0.0,4692.896607676895,1399.00203199943,decision,10000.0,,1639.7260361509816,"[""C002"", ""R002"", ""R005""]","[""C001"", ""L009"", ""L017"", ""R001"", ""R007"", ""R008""]",2468.4569473479114,0.16397260361509816,20005,8,3,6,,,,,,,,multi_hotspot,478.70641415793955
0.0,"[""L000"", ""L002"", ""L004"", ""L013"", ""L022"", ""L025"", ""L031"", ""L034"", ""R000""]",5009.968664563643,3,decision:multi_hotspot:b3:r006,7322.967555294998,1,0.7322967555294998,2987.166012920876,4,3340.783193963184,2084.390078902691,1897.794282429123,7092.745665624684,5661.73835646528,10000.0,3331.976512071946,6,7322.967555294998,"[""C001"", ""L005"", ""L012"", ""L014"", ""L030"", ""R001"", ""R002"", ""R003"", ""R005"", ""R007"", ""R008""]",11,276.9200617728048,2677.0324447050016,3990.991043223052,1003.8250303021764,88.91254869714066,0.3,1,9779.843953874319,1,0.9779843953874319,3076.0785616180165,11,4420.327197040475,3359.516756833844,2000.0,9779.843953874319,5178.254307819865,3,9779.843953874319,"[""C001"", ""L000"", ""L002"", ""L004"", ""L005"", ""L012"", ""L013"", ""L014"", ""L022"", ""L025"", ""L031"", ""L034"", ""R000"", ""R001"", ""R003""]",15,0.0,4601.589646054454,1525.5110844364372,decision,10000.000000000002,,1846.2777957479188,"[""L030"", ""R002"", ""R005"", ""R007"", ""R008""]","[""C001"", ""L005"", ""L012"", ""L014"", ""R001"", ""R003""]",2456.8763985793203,0.18462777957479184,20006,9,5,6,,,,,,,,multi_hotspot,521.6860541342608
-4.547473508864641e-13,"[""L004"", ""L010"", ""L012"", ""L014"", ""L015"", ""L020"", ""L022"", ""L027"", ""L033""]",5065.591219048678,3,decision:multi_hotspot:b3:r007,6015.880429669335,1,0.6015880429669335,2767.227154832676,3,1554.0141410802687,3307.9362546378743,1153.9300339511924,5954.252981348388,5766.820080665799,9869.498404150236,2495.81446666135,6,6015.880429669335,"[""C001"", ""L001"", ""L003"", ""L017"", ""R000"", ""R003"", ""R005"", ""R006"", ""R007"", ""R008""]",10,140.7836702489885,3853.6179744809006,3520.0659630079854,752.8388081753092,45.16347049039268,0.21052631578947367,1,8159.132826775315,1,0.8159132826775315,2812.390625323069,10,2863.8753458856318,3484.577150371213,1810.6803305184703,8159.132826775315,4157.582790813607,2,8159.132826775316,"[""C001"", ""L003"", ""L004"", ""L010"", ""L012"", ""L014"", ""L015"", ""L020"", ""L022"", ""L027"", ""L033"", ""R000"", ""R006""]",13,0.0,4001.5500359617085,1189.1594106386397,decision,10000.000000000004,,1661.7683241522573,"[""L001"", ""L017"", ""R003"", ""R005"", ""R007"", ""R008""]","[""C001"", ""L003"", ""R000"", ""R006""]",2143.252397105981,0.16617683241522566,20007,9,6,4,,,,,,,,multi_hotspot,436.3206024633305
0.0,"[""L006"", ""L029"", ""R001"", ""R003"", ""R007""]",5011.916839890291,3,decision:multi_hotspot:b3:r008,7384.76379279075,2,0.738476379279075,2794.516547724293,1,3702.0830813491693,2116.3244765009867,1566.3562349405934,7384.76379279075,5802.159335499938,9875.044841401112,3597.186051978302,5,7384.763792790751,"[""C001"", ""C002"", ""L023"", ""R000"", ""R004"", ""R005"", ""R006"", ""R008""]",8,615.7932918216592,2490.2810486103617,3787.5777408124486,993.0611930881555,140.4077700514863,0.38461538461538464,1,9781.208132902262,1,0.9781208132902263,2934.9243177757794,2,4422.135040433187,3359.0730924690756,2000.0,9781.208132902264,5510.137654829573,7,9781.208132902262,"[""C001"", ""L006"", ""L029"", ""R000"", ""R001"", ""R003"", ""R004"", ""R005"", ""R007"", ""R008""]",10,0.0,4271.070478072689,1336.1461602969098,decision,9999.999999999998,,1912.9516028512708,"[""C002"", ""L023"", ""R006""]","[""C001"", ""R000"", ""R004"", ""R005"", ""R008""]",2396.4443401115113,0.1912951602851271,20008,5,3,5,,,,,,,,multi_hotspot,343.0849672087543
4.547473508864641e-13,"[""L003"", ""L013"", ""L019"", ""L020"", ""L022"", ""L023"", ""L026"", ""L032""]",5009.865813092685,3,decision:multi_hotspot:b3:r009,7668.704056001583,2,0.7668704056001583,2785.534264203484,4,2605.2407754617566,3499.9999999999995,1563.4632805398264,7511.327356932496,5818.8741792741475,10000.0,3739.538484524362,4,7668.704056001583,"[""C001"", ""C002"", ""L002"", ""L010"", ""L014"", ""L025"", ""R000"", ""R003"", ""R005"", ""R007""]",10,0.0,2331.295943998417,3929.165571477221,1143.631307273737,428.00561350358475,0.4444444444444444,1,9997.776132574361,1,0.9997776132574361,3213.5398777070686,12,4497.776132574361,3499.9999999999995,2000.0,9997.776132574361,5110.0698151338565,3,9997.776132574361,"[""C001"", ""L002"", ""L003"", ""L010"", ""L013"", ""L014"", ""L019"", ""L020"", ""L022"", ""L023"", ""L025"", ""L026"", ""L032"", ""R003"", ""R005"", ""R007""]",16,0.0,4887.706317440505,1674.1664397334366,decision,10000.000000000002,,1370.5313306094945,"[""C002"", ""R000""]","[""C001"", ""L002"", ""L010"", ""L014"", ""L025"", ""R003"", ""R005"", ""R007""]",2329.0720765727783,0.13705313306094943,20009,8,2,8,,,,,,,,multi_hotspot,530.5351324596995
-4.547473508864641e-13,"[""C000"", ""L011"", ""L012"", ""L014"", ""R005""]",5064.900619468983,3,decision:multi_hotspot:b3:r010,8066.570792286985,2,0.8066570792286986,2903.862966011072,2,3276.2692614035495,2884.4693112819614,1905.8322196014751,8066.570792286984,5857.261900922279,10000.0,4117.062900507555,5,8066.570792286986,"[""C001"", ""C002"", ""L004"", ""L024"", ""R001"", ""R002"", ""R006"", ""R007"", ""R008""]",9,0.0,1933.4292077130149,3949.507891779431,1045.644925768359,111.24861665958679,0.35714285714285715,1,9846.430825173129,2,0.9846430825173129,3015.1115826706587,3,4500.0,3497.116352432661,1849.3144727404685,9846.430825173129,5558.029319893254,5,9846.430825173129,"[""C000"", ""C001"", ""L011"", ""L012"", ""L014"", ""R002"", ""R005"", ""R006"", ""R007"", ""R008""]",10,0.0,4288.401505279875,1273.2899226092159,decision,9999.999999999998,,1440.9664193856988,"[""C002"", ""L004"", ""L024"", ""R001""]","[""C001"", ""R002"", ""R006"", ""R007"", ""R008""]",1779.860032886143,0.1440966419385699,20010,5,4,5,,,,,,,,multi_hotspot,227.64499684085695
4.547473508864641e-13,"[""L001"", ""L003"", ""L014"", ""L015"", ""L019"", ""L021"", ""L034"", ""L035"", ""R001"", ""R005""]",4992.458954175463,3,decision:multi_hotspot:b3:r011,5506.969269753439,2,0.5506969269753439,2655.3136178957325,1,2536.053577740263,1345.9784722387712,1624.9372197744055,4778.146431998049,6145.247795333939,10000.0,2171.811851519151,5,5506.969269753439,"[""C001"", ""C002"", ""L028"", ""R000"", ""R002"", ""R003"", ""R007"", ""R008""]",8,279.25080357173715,4493.030730246561,3335.1574182342883,679.8438003385556,797.7857481285596,0.2777777777777778,1,9378.640646299667,1,0.9378640646299667,3453.099366024292,9,3967.1450831558723,3411.4955631437956,1999.9999999999998,8892.580556020046,4553.371036768605,5,9378.640646299667,"[""C001"", ""L001"", ""L003"", ""L014"", ""L015"", ""L019"", ""L021"", ""L028"", ""L034"", ""L035"", ""R001"", ""R002"", ""R005"", ""R007"", ""R008""]",15,0.0,4825.269609531062,1372.1702435067702,decision,10000.0,,2381.5591852494545,"[""C002"", ""R000"", ""R003""]","[""C001"", ""L028"", ""R002"", ""R007"", ""R008""]",3871.671376546228,0.23815591852494544,20011,10,3,5,,,,,,,,multi_hotspot,692.3264431682146
4.547473508864641e-13,"[""L013"", ""L016"", ""L023"", ""L034"", ""R001"", ""R004"", ""R006""]",5087.541188019772,3,decision:multi_hotspot:b3:r012,8070.08475600774,2,0.807008475600774,2974.866919922283,4,3633.262348486617,2505.516624400819,1931.3057831203037,8070.08475600774,5795.148718392384,9994.84903021829,4072.5403825027934,4,8070.08475600774,"[""C001"", ""C002"", ""L010"", ""L019"", ""L021"", ""L025"", ""R000"", ""R002"", ""R003"", ""R005""]",10,0.0,1924.7642742105509,3997.5443735049466,1022.6774535826634,2.2463003350894724,0.23529411764705882,1,9637.37611515171,1,0.963737611515171,2977.1132202573726,5,4450.256628558379,3233.454341424503,1953.6651451688276,9637.37611515171,5354.86858401588,5,9637.37611515171,"[""C001"", ""L013"", ""L016"", ""L019"", ""L023"", ""L034"", ""R000"", ""R001"", ""R002"", ""R004"", ""R006""]",11,0.0,4282.5075311358305,1305.394310878458,decision,9999.999999999998,,1282.3282015130862,"[""C002"", ""L010"", ""L021"", ""L025"", ""R003"", ""R005""]","[""C001"", ""L019"", ""R000"", ""R002""]",1567.29135914397,0.12823282015130866,20012,7,6,4,,,,,,,,multi_hotspot,282.71685729579474
0.0,"[""L013"", ""L021"", ""L029"", ""L030"", ""R000"", ""R001"", ""R006""]",5028.536979509416,3,decision:multi_hotspot:b3:r013,7197.3549303035325,2,0.7197354930303532,2734.53307219472,3,3626.3173812759824,2052.2668474551874,1518.7707015723631,7197.3549303035325,6030.30806360299,9994.687590033433,3497.856469883544,4,7197.3549303035325,"[""C001"", ""C002"", ""L003"", ""L005"", ""L018"", ""R003"", ""R004"", ""R005"", ""R007""]",9,562.3002201248532,2797.3326597299,3699.4984604199885,964.9653882252688,400.3414551396331,0.3125,1,10000.0,1,1.0,3134.874527334353,5,4500.0,3500.0,2000.0,10000.0,5443.019373875832,6,10000.0,"[""C001"", ""L013"", ""L018"", ""L021"", ""L029"", ""L030"", ""R000"", ""R001"", ""R004"", ""R005"", ""R006"", ""R007""]",12,0.0,4556.980626124168,1422.1060987898154,decision,9999.999999999998,,1945.1629039922877,"[""C002"", ""L003"", ""L005"", ""R003""]","[""C001"", ""L018"", ""R004"", ""R005"", ""R007""]",2802.6450696964675,0.1945162903992288,20013,7,4,5,,,,,,,,multi_hotspot,457.14071056454657
-9.094947017729282e-13,"[""L002"", ""L022"", ""R005"", ""R007""]",5013.753223011243,3,decision:multi_hotspot:b3:r014,8676.156403956687,1,0.8676156403956687,3039.901620767398,5,3795.4273437205175,3500.0,1380.7290602361709,8001.186308721533,5526.384129435235,10000.0,4418.918324590659,6,8676.15640395669,"[""C001"", ""L001"", ""L003"", ""L009"", ""L011"", ""L035"", ""R000"", ""R001"", ""R002"", ""R003"", ""R004"", ""R006""]",12,0.0,1323.8435960433126,4257.23807936603,1217.3364585986328,88.24031593506061,0.5,1,10000.0,1,1.0,3128.1419367024587,5,4500.0,3500.0,2000.0000000000005,10000.0,5425.41579433866,6,10000.0,"[""C001"", ""L002"", ""L003"", ""L011"", ""L022"", ""L035"", ""R000"", ""R002"", ""R003"", ""R004"", ""R005"", ""R007""]",12,0.0,4574.58420566134,1446.442268958881,decision,10000.000000000002,,1006.4974697480011,"[""L001"", ""L009"", ""R001"", ""R006""]","[""C001"", ""L003"", ""L011"", ""L035"", ""R000"", ""R002"", ""R003"", ""R004""]",1323.8435960433108,0.10064974697480009,20014,4,4,8,,,,,,,,multi_hotspot,229.10581036024814
4.547473508864641e-13,"[""L011"", ""L031"", ""L033"", ""R006"", ""R007""]",5100.6345740302395,3,decision:multi_hotspot:b3:r015,8134.782665894945,2,0.8134782665894945,2954.7489100090907,4,3469.629953605778,2665.1527122891666,2000.0000000000002,7944.228870613266,5830.107404827352,9960.779742823554,4147.074104001904,4,8134.782665894945,"[""C001"", ""C002"", ""L000"", ""L004"", ""L005"", ""L024"", ""R000"", ""R001"", ""R002"", ""R004""]",10,0.0,1825.9970769286083,3987.708561893041,1032.9596518839503,37.02511757673028,0.4,1,9922.534794776135,1,0.9922534794776134,2991.774027585821,4,4488.566561044703,3433.9682337314325,2000.0000000000002,9922.534794776137,5568.539359261949,6,9922.534794776135,"[""C001"", ""L011"", ""L024"", ""L031"", ""L033"", ""R000"", ""R001"", ""R002"", ""R004"", ""R006"", ""R007""]",11,0.0,4353.995435514185,1362.2214079283644,decision,10000.0,,1421.4652552600455,"[""C002"", ""L000"", ""L004"", ""L005""]","[""C001"", ""L024"", ""R000"", ""R001"", ""R002"", ""R004""]",1787.7521288811895,0.14214652552600454,20015,5,4,6,,,,,,,,multi_hotspot,329.26175604441414
2.2737367544323206e-13,"[""L007"", ""L013"", ""L020"", ""R002"", ""R008""]",4956.435319377411,3,decision:multi_hotspot:b3:r016,8188.636939312173,2,0.8188636939312172,2932.441345087692,3,3954.370065157042,2688.7487605989163,1545.5181135562152,8188.636939312174,5861.120391514704,10000.000000000002,4230.8501309065605,5,8188.636939312174,"[""C001"", ""C002"", ""L012"", ""L021"", ""L034"", ""R000"", ""R001"", ""R005"", ""R006"", ""R007""]",10,0.0,1811.3630606878287,3957.7868084056136,1025.3454633179215,161.73248839390135,0.5333333333333333,1,9996.267715469088,1,0.9996267715469086,3094.173833481593,6,4500.0,3496.2677154690864,2000.0000000000002,9996.267715469088,5503.682712474321,6,9996.267715469086,"[""C001"", ""L007"", ""L012"", ""L013"", ""L020"", ""L021"", ""L034"", ""R000"", ""R001"", ""R002"", ""R006"", ""R007"", ""R008""]",13,0.0,4492.585002994765,1398.411169513172,decision,10000.000000000004,,1272.8325815677608,"[""C002"", ""R005""]","[""C001"", ""L012"", ""L021"", ""L034"", ""R000"", ""R001"", ""R006"", ""R007""]",1807.6307761569124,0.12728325815677605,20016,5,2,8,,,,,,,,multi_hotspot,373.0657061952504
-4.547473508864641e-13,"[""L016"", ""R004"", ""R005""]",5121.382318389733,3,decision:multi_hotspot:b3:r017,9415.317035834485,1,0.9415317035834485,2851.6257943877345,4,4239.003224845107,3270.0151677952044,1906.2986431941727,8924.691512610592,5810.215974177991,10000.0,5303.402138825307,6,9415.317035834485,"[""C001"", ""L007"", ""L011"", ""L017"", ""L020"", ""R000"", ""R001"", ""R002"", ""R003"", ""R006"", ""R007""]",11,0.0,584.6829641655149,4111.914897009178,1260.2891026214438,92.28445783500047,0.5714285714285714,1,10000.0,1,1.0,2943.910252222735,4,4499.999999999999,3499.9999999999995,2000.0,10000.0,5719.31096792409,6,10000.0,"[""C001"", ""L007"", ""L011"", ""L016"", ""L020"", ""R000"", ""R001"", ""R003"", ""R004"", ""R005"", ""R007""]",11,0.0,4280.68903207591,1336.778779853175,decision,9999.999999999996,,415.9088290987829,"[""L017"", ""R002"", ""R006""]","[""C001"", ""L007"", ""L011"", ""L020"", ""R000"", ""R001"", ""R003"", ""R007""]",584.6829641655149,0.04159088290987831,20017,3,3,8,,,,,,,,multi_hotspot,76.4896772317311
-2.2737367544323206e-13,"[""L025"", ""R000"", ""R006"", ""R007""]",4948.511322716717,3,decision:multi_hotspot:b3:r018,7659.007379354679,2,0.7659007379354678,2750.395469171058,0,3725.8375212613337,2503.985393710237,1429.1844643831078,7588.954420072217,6073.322228621684,10000.000000000002,3964.6847564742466,6,7659.007379354679,"[""C001"", ""C002"", ""R001"", ""R002"", ""R003"", ""R004"", ""R005"", ""R008""]",8,0.0,2340.992620645323,3694.3226228804324,943.9271537093744,259.5177743942186,0.5,1,10000.000000000002,1,1.0,3009.9132435652764,1,4500.0,3500.0,2000.0,10000.0,5683.913775531617,8,10000.000000000002,"[""C001"", ""L025"", ""R000"", ""R002"", ""R003"", ""R004"", ""R005"", ""R006"", ""R007"", ""R008""]",10,0.0,4316.086224468385,1306.172980903108,decision,10000.0,,1719.2290190573704,"[""C002"", ""R001""]","[""C001"", ""R002"", ""R003"", ""R004"", ""R005"", ""R008""]",2340.992620645323,0.17192290190573703,20018,4,2,6,,,,,,,,multi_hotspot,362.2458271937337
4.547473508864641e-13,"[""L009"", ""L012"", ""L017"", ""L018"", ""L022"", ""L024"", ""L031"", ""L032"", ""R001"", ""R002"", ""R007""]",5063.769281995487,3,decision:multi_hotspot:b3:r019,6489.11056146527,2,0.648911056146527,2630.9896294032687,3,2316.80222387909,2583.585041960285,1588.7232956258936,6035.982016981099,6117.356680237452,10000.0,3030.245566229931,4,6489.110561465269,"[""C001"", ""C002"", ""L004"", ""L013"", ""L021"", ""R000"", ""R004"", ""R006"", ""R008""]",9,0.0,3510.8894385347303,3458.864995235338,827.8753658320693,653.2574476907967,0.2,1,9746.888459429163,1,0.9746888459429163,3284.2470770940654,10,4500.0,3246.888459429162,2000.0000000000005,9746.888459429163,4986.687834250231,4,9746.888459429163,"[""C001"", ""L004"", ""L009"", ""L012"", ""L017"", ""L018"", ""L021"", ""L022"", ""L024"", ""L031"", ""L032"", ""R000"", ""R001"", ""R002"", ""R007""]",15,0.0,4760.200625178932,1475.9535480848667,decision,10000.000000000002,,1956.4422680203006,"[""C002"", ""L013"", ""R004"", ""R006"", ""R008""]","[""C001"", ""L004"", ""L021"", ""R000""]",3257.7778979638942,0.19564422680203003,20019,11,5,4,,,,,,,,multi_hotspot,648.0781822527974
4.547473508864641e-13,"[""L013"", ""L016"", ""L017"", ""L018"", ""L033"", ""R000"", ""R005""]",13406.189398717559,4,decision:multi_hotspot:b4:r000,7567.556771978534,1,0.7567556771978534,2994.558614091352,4,3472.6627096672155,2417.7473526546933,1677.1467096566257,6887.576646877564,5647.16861247574,10000.0,3472.18995859131,6,7567.556771978534,"[""C001"", ""L000"", ""L007"", ""L025"", ""L034"", ""R001"", ""R002"", ""R003"", ""R004"", ""R007"", ""R008""]",11,0.0,2432.443228021466,4095.366813387224,1100.8081992958719,350.10386046002805,0.4444444444444444,1,9931.869054664658,0,0.9931869054664657,3344.66247455138,8,4460.30017127214,3471.5688833925187,1999.9999999999998,9931.869054664658,5012.066145828534,7,9931.869054664658,"[""L000"", ""L007"", ""L013"", ""L016"", ""L017"", ""L018"", ""L033"", ""L034"", ""R000"", ""R001"", ""R002"", ""R003"", ""R004"", ""R005"", ""R008""]",15,0.0,4919.802908836124,1575.140434284744,decision,10000.0,,1539.8761872372238,"[""C001"", ""L025"", ""R007""]","[""L000"", ""L007"", ""L034"", ""R001"", ""R002"", ""R003"", ""R004"", ""R008""]",2364.3122826861236,0.15398761872372238,20000,7,3,8,,,,,,,,multi_hotspot,474.3322349888722
0.0,"[""L014"", ""L017"", ""L018"", ""L025"", ""L033"", ""R000""]",13156.755882069157,4,decision:multi_hotspot:b4:r001,7143.484562764702,2,0.7143484562764701,2750.518291171673,2,3631.968525116372,2075.0984417125755,1436.417595935754,6965.206248457132,6097.441250950868,10000.0,3523.0111517964388,5,7143.484562764701,"[""C001"", ""C002"", ""L007"", ""L024"", ""R001"", ""R002"", ""R005"", ""R007"", ""R008""]",9,495.41496617868654,2856.515437235298,3620.473410968262,869.9551197965893,259.08390366465846,0.4666666666666667,1,10000.0,1,1.0,3009.6021948363314,7,4500.0,3500.0,2000.0000000000002,10000.0,5646.189374316538,5,10000.0,"[""C001"", ""L007"", ""L014"", ""L017"", ""L018"", ""L024"", ""L025"", ""L033"", ""R000"", ""R001"", ""R005"", ""R007"", ""R008""]",13,0.0,4353.810625683462,1344.2084308471303,decision,10000.0,,2123.1782225200996,"[""C002"", ""R002""]","[""C001"", ""L007"", ""L024"", ""R001"", ""R005"", ""R007"", ""R008""]",2856.515437235299,0.21231782225200996,20001,6,2,7,,,,,,,,multi_hotspot,474.253311050541
-2.2737367544323206e-13,"[""L011"", ""L015"", ""L029"", ""L033"", ""R001"", ""R008""]",13175.826534380827,4,decision:multi_hotspot:b4:r002,7759.633001527849,1,0.7759633001527848,3055.3634204130094,3,4005.4791869459477,2305.479939572807,1448.673875009094,6598.952311635898,5646.145112031372,10000.000000000002,3680.00388506922,7,7759.633001527849,"[""C001"", ""L008"", ""L009"", ""L017"", ""R000"", ""R002"", ""R003"", ""R004"", ""R005"", ""R006"", ""R007""]",11,0.0,2240.3669984721528,4079.629116458629,1024.26569604562,331.4089716108688,0.4117647058823529,1,10000.000000000002,1,1.0,3386.772392023878,5,4500.0,3500.000000000001,2000.0000000000005,9546.337335342392,5163.46074183875,7,10000.000000000002,"[""C001"", ""L011"", ""L015"", ""L017"", ""L029"", ""L033"", ""R000"", ""R001"", ""R003"", ""R004"", ""R005"", ""R007"", ""R008""]",13,0.0,4836.539258161251,1449.7668661373732,decision,10000.0,,1483.4568567695305,"[""L008"", ""L009"", ""R002"", ""R006""]","[""C001"", ""L017"", ""R000"", ""R003"", ""R004"", ""R005"", ""R007""]",2240.3669984721528,0.14834568567695305,20002,6,4,7,,,,,,,,multi_hotspot,425.50117009175324
0.0,"[""L010"", ""L014"", ""L017"", ""L019"", ""L020"", ""L023"", ""L025"", ""R000"", ""R001""]",13220.572974120194,4,decision:multi_hotspot:b4:r003,7416.330334409658,2,0.7416330334409658,2879.257377033983,2,2440.672779098583,3438.7140021032546,1536.9435532078198,7180.096099349702,5899.856845807366,10000.0,3609.348696218469,5,7416.330334409658,"[""C001"", ""C002"", ""L013"", ""L030"", ""R002"", ""R003"", ""R005"", ""R006"", ""R007""]",9,0.0,2583.6696655903424,3806.9816381911887,927.7242611572058,251.08388330949037,0.2777777777777778,1,9815.295224092122,1,0.9815295224092122,3130.3412603434736,9,4315.295224092122,3500.0,2000.0,9815.295224092122,5258.229307885423,4,9815.295224092122,"[""C001"", ""L010"", ""L013"", ""L014"", ""L017"", ""L019"", ""L020"", ""L023"", ""L025"", ""L030"", ""R000"", ""R001"", ""R002"", ""R005""]",14,0.0,4557.0659162066995,1426.7246558632262,decision,9999.999999999998,,1648.8806116669539,"[""C002"", ""R003"", ""R006"", ""R007""]","[""C001"", ""L013"", ""L030"", ""R002"", ""R005""]",2398.9648896824647,0.1648880611666954,20003,9,4,5,,,,,,,,multi_hotspot,499.0003947060204
0.0,"[""L002"", ""L003"", ""L005"", ""L009"", ""L010"", ""L019"", ""L024"", ""L026"", ""R002"", ""R007""]",13271.126876465747,4,decision:multi_hotspot:b4:r004,6040.364993140077,2,0.6040364993140077,2848.8245206861166,2,1251.6011013213342,3009.767399650731,1778.996492168012,5829.91821880293,5936.167720847876,10000.0,2429.9642002107094,5,6040.364993140077,"[""C001"", ""C002"", ""L017"", ""L018"", ""R000"", ""R003"", ""R004"", ""R006"", ""R008""]",9,0.0,3959.635006859923,3610.4007929293675,761.5762722432512,193.12386106194344,0.15789473684210525,1,8956.373269864325,1,0.8956373269864325,3041.94838174806,8,3456.3732698643253,3500.0,2000.0000000000005,8956.373269864325,4546.314370662534,4,8956.373269864325,"[""C001"", ""L002"", ""L003"", ""L005"", ""L009"", ""L010"", ""L019"", ""L024"", ""L026"", ""R002"", ""R003"", ""R004"", ""R007""]",13,0.0,4410.058899201791,1368.110517453731,decision,9999.999999999998,,2116.350170451825,"[""C002"", ""L017"", ""L018"", ""R000"", ""R006"", ""R008""]","[""C001"", ""R003"", ""R004""]",2916.0082767242484,0.21163501704518253,20004,10,6,3,,,,,,,,multi_hotspot,606.5342452104799
0.0,"[""L005"", ""L007"", ""L022"", ""L025"", ""L026"", ""L032"", ""R000"", ""R006""]",13301.945877546352,4,decision:multi_hotspot:b4:r005,7531.543052652089,2,0.7531543052652089,2943.8700786384743,2,2865.5971039539463,3159.713761889586,1506.232186808556,7001.850851105461,5873.215715568569,9999.551874495108,3667.3773561721237,5,7531.543052652089,"[""C001"", ""C002"", ""L009"", ""L017"", ""R001"", ""R002"", ""R005"", ""R007"", ""R008""]",9,0.0,2468.008821843019,3864.165696479965,920.2956178414905,350.0244970389904,0.35294117647058826,1,10000.0,1,1.0,3293.8945756774647,8,4500.0,3499.9999999999995,2000.0,9531.334252079841,5307.103392323105,5,10000.0,"[""C001"", ""L005"", ""L007"", ""L009"", ""L017"", ""L022"", ""L025"", ""L026"", ""L032"", ""R000"", ""R001"", ""R006"", ""R007"", ""R008""]",14,0.0,4692.896607676895,1399.00203199943,decision,10000.0,,1639.7260361509816,"[""C002"", ""R002"", ""R005""]","[""C001"", ""L009"", ""L017"", ""R001"", ""R007"", ""R008""]",2468.4569473479114,0.16397260361509816,20005,8,3,6,,,,,,,,multi_hotspot,478.70641415793955
0.0,"[""L000"", ""L002"", ""L004"", ""L013"", ""L022"", ""L025"", ""L031"", ""L034"", ""R000""]",13151.167744479564,4,decision:multi_hotspot:b4:r006,7322.967555294998,1,0.7322967555294998,2987.166012920876,4,3340.783193963184,2084.390078902691,1897.794282429123,7092.745665624684,5661.73835646528,10000.0,3331.976512071946,6,7322.967555294998,"[""C001"", ""L005"", ""L012"", ""L014"", ""L030"", ""R001"", ""R002"", ""R003"", ""R005"", ""R007"", ""R008""]",11,276.9200617728048,2677.0324447050016,3990.991043223052,1003.8250303021764,88.91254869714066,0.3,1,9779.843953874319,1,0.9779843953874319,3076.0785616180165,11,4420.327197040475,3359.516756833844,2000.0,9779.843953874319,5178.254307819865,3,9779.843953874319,"[""C001"", ""L000"", ""L002"", ""L004"", ""L005"", ""L012"", ""L013"", ""L014"", ""L022"", ""L025"", ""L031"", ""L034"", ""R000"", ""R001"", ""R003""]",15,0.0,4601.589646054454,1525.5110844364372,decision,10000.000000000002,,1846.2777957479188,"[""L030"", ""R002"", ""R005"", ""R007"", ""R008""]","[""C001"", ""L005"", ""L012"", ""L014"", ""R001"", ""R003""]",2456.8763985793203,0.18462777957479184,20006,9,5,6,,,,,,,,multi_hotspot,521.6860541342608
-4.547473508864641e-13,"[""L004"", ""L010"", ""L012"", ""L014"", ""L015"", ""L020"", ""L022"", ""L027"", ""L033""]",13297.17695000278,4,decision:multi_hotspot:b4:r007,6015.880429669335,1,0.6015880429669335,2767.227154832676,3,1554.0141410802687,3307.9362546378743,1153.9300339511924,5954.252981348388,5766.820080665801,9869.498404150236,2495.81446666135,6,6015.880429669335,"[""C001"", ""L001"", ""L003"", ""L017"", ""R000"", ""R003"", ""R005"", ""R006"", ""R007"", ""R008""]",10,140.7836702489885,3853.6179744809006,3520.0659630079854,752.8388081753092,45.16347049039268,0.21052631578947367,1,8159.132826775315,1,0.8159132826775315,2812.390625323069,10,2863.8753458856318,3484.577150371213,1810.6803305184703,8159.132826775315,4157.582790813607,2,8159.132826775316,"[""C001"", ""L003"", ""L004"", ""L010"", ""L012"", ""L014"", ""L015"", ""L020"", ""L022"", ""L027"", ""L033"", ""R000"", ""R006""]",13,0.0,4001.5500359617085,1189.1594106386397,decision,10000.000000000004,,1661.7683241522573,"[""L001"", ""L017"", ""R003"", ""R005"", ""R007"", ""R008""]","[""C001"", ""L003"", ""R000"", ""R006""]",2143.252397105981,0.16617683241522566,20007,9,6,4,,,,,,,,multi_hotspot,436.3206024633305
0.0,"[""L006"", ""L029"", ""R001"", ""R003"", ""R007""]",13156.281704712013,4,decision:multi_hotspot:b4:r008,7384.76379279075,2,0.738476379279075,2794.516547724293,1,3702.0830813491693,2116.3244765009867,1566.3562349405934,7384.763792790749,5802.159335499938,9875.044841401112,3597.1860519783013,5,7384.76379279075,"[""C001"", ""C002"", ""L023"", ""R000"", ""R004"", ""R005"", ""R006"", ""R008""]",8,615.7932918216592,2490.2810486103617,3787.5777408124486,993.0611930881555,140.4077700514863,0.38461538461538464,1,9781.208132902262,1,0.9781208132902263,2934.9243177757794,2,4422.135040433187,3359.0730924690756,2000.0,9781.208132902262,5510.137654829573,7,9781.208132902262,"[""C001"", ""L006"", ""L029"", ""R000"", ""R001"", ""R003"", ""R004"", ""R005"", ""R007"", ""R008""]",10,0.0,4271.070478072689,1336.1461602969098,decision,9999.999999999998,,1912.9516028512717,"[""C002"", ""L023"", ""R006""]","[""C001"", ""R000"", ""R004"", ""R005"", ""R008""]",2396.4443401115122,0.1912951602851272,20008,5,3,5,,,,,,,,multi_hotspot,343.0849672087543
6.821210263296962e-13,"[""L003"", ""L013"", ""L019"", ""L020"", ""L022"", ""L023"", ""L026"", ""L032""]",13150.8977593683,4,decision:multi_hotspot:b4:r009,7668.704056001583,2,0.7668704056001583,2785.534264203484,4,2606.6531390650744,3499.9999999999995,1562.050916936509,7511.327356932496,5818.8741792741475,10000.0,3739.5384845243616,4,7668.704056001583,"[""C001"", ""C002"", ""L002"", ""L010"", ""L014"", ""L025"", ""R000"", ""R003"", ""R005"", ""R007""]",10,0.0,2331.295943998417,3929.1655714772214,1143.6313072737373,428.00561350358475,0.4444444444444444,1,9997.776132574361,1,0.9997776132574361,3213.5398777070686,12,4497.776132574361,3499.9999999999995,2000.0,9997.776132574361,5110.0698151338565,3,9997.776132574361,"[""C001"", ""L002"", ""L003"", ""L010"", ""L013"", ""L014"", ""L019"", ""L020"", ""L022"", ""L023"", ""L025"", ""L026"", ""L032"", ""R003"", ""R005"", ""R007""]",16,0.0,4887.706317440505,1674.1664397334366,decision,10000.000000000002,,1370.531330609495,"[""C002"", ""R000""]","[""C001"", ""L002"", ""L010"", ""L014"", ""L025"", ""R003"", ""R005"", ""R007""]",2329.0720765727783,0.13705313306094946,20009,8,2,8,,,,,,,,multi_hotspot,530.5351324596993
2.2737367544323206e-13,"[""C000"", ""L011"", ""L012"", ""L014"", ""R005""]",13295.364126106078,4,decision:multi_hotspot:b4:r010,8066.570792286985,2,0.8066570792286986,2903.862966011072,2,3276.2692614035495,2884.4693112819614,1905.8322196014751,8066.570792286984,5857.26190092228,10000.0,4117.062900507555,5,8066.570792286986,"[""C001"", ""C002"", ""L004"", ""L024"", ""R001"", ""R002"", ""R006"", ""R007"", ""R008""]",9,0.0,1933.4292077130149,3949.507891779431,1045.644925768359,111.24861665958679,0.35714285714285715,1,9846.430825173129,2,0.9846430825173129,3015.1115826706587,3,4500.0,3497.116352432661,1849.3144727404688,9846.430825173129,5558.029319893255,5,9846.430825173129,"[""C000"", ""C001"", ""L011"", ""L012"", ""L014"", ""R002"", ""R005"", ""R006"", ""R007"", ""R008""]",10,0.0,4288.401505279874,1273.2899226092156,decision,9999.999999999998,,1440.9664193856997,"[""C002"", ""L004"", ""L024"", ""R001""]","[""C001"", ""R002"", ""R006"", ""R007"", ""R008""]",1779.860032886143,0.14409664193857,20010,5,4,5,,,,,,,,multi_hotspot,227.64499684085672
4.547473508864641e-13,"[""L001"", ""L003"", ""L014"", ""L015"", ""L019"", ""L021"", ""L034"", ""L035"", ""R001"", ""R005""]",13105.20475471059,4,decision:multi_hotspot:b4:r011,5506.969269753439,2,0.5506969269753439,2655.3136178957325,1,2536.053577740263,1345.9784722387712,1624.9372197744055,4778.146431998049,6145.247795333939,10000.0,2171.811851519151,5,5506.969269753439,"[""C001"", ""C002"", ""L028"", ""R000"", ""R002"", ""R003"", ""R007"", ""R008""]",8,279.25080357173715,4493.030730246561,3335.1574182342883,679.8438003385556,797.7857481285596,0.2777777777777778,1,9378.640646299667,1,0.9378640646299667,3453.099366024292,9,3967.1450831558723,3411.4955631437956,1999.9999999999998,8892.580556020046,4553.371036768605,5,9378.640646299667,"[""C001"", ""L001"", ""L003"", ""L014"", ""L015"", ""L019"", ""L021"", ""L028"", ""L034"", ""L035"", ""R001"", ""R002"", ""R005"", ""R007"", ""R008""]",15,0.0,4825.269609531062,1372.1702435067702,decision,10000.0,,2381.5591852494545,"[""C002"", ""R000"", ""R003""]","[""C001"", ""L028"", ""R002"", ""R007"", ""R008""]",3871.671376546228,0.23815591852494544,20011,10,3,5,,,,,,,,multi_hotspot,692.3264431682146
4.547473508864641e-13,"[""L013"", ""L016"", ""L023"", ""L034"", ""R001"", ""R004"", ""R006""]",13354.795618551901,4,decision:multi_hotspot:b4:r012,8070.08475600774,2,0.807008475600774,2974.866919922283,4,3633.262348486617,2505.516624400819,1931.3057831203037,8070.084756007741,5795.148718392384,9994.84903021829,4072.5403825027934,4,8070.08475600774,"[""C001"", ""C002"", ""L010"", ""L019"", ""L021"", ""L025"", ""R000"", ""R002"", ""R003"", ""R005""]",10,0.0,1924.7642742105509,3997.5443735049466,1022.6774535826634,2.2463003350894724,0.23529411764705882,1,9637.37611515171,1,0.963737611515171,2977.1132202573726,5,4450.256628558379,3233.4543414245036,1953.6651451688276,9637.37611515171,5354.86858401588,5,9637.37611515171,"[""C001"", ""L013"", ""L016"", ""L019"", ""L023"", ""L034"", ""R000"", ""R001"", ""R002"", ""R004"", ""R006""]",11,0.0,4282.5075311358305,1305.394310878458,decision,9999.999999999998,,1282.3282015130862,"[""C002"", ""L010"", ""L021"", ""L025"", ""R003"", ""R005""]","[""C001"", ""L019"", ""R000"", ""R002""]",1567.29135914397,0.12823282015130866,20012,7,6,4,,,,,,,,multi_hotspot,282.71685729579474
0.0,"[""L013"", ""L021"", ""L029"", ""L030"", ""R000"", ""R001"", ""R006""]",13199.909571212214,4,decision:multi_hotspot:b4:r013,7197.3549303035325,2,0.7197354930303532,2734.53307219472,3,3626.3173812759824,2052.2668474551874,1518.7707015723631,7197.3549303035325,6030.30806360299,9994.687590033433,3497.856469883544,4,7197.3549303035325,"[""C001"", ""C002"", ""L003"", ""L005"", ""L018"", ""R003"", ""R004"", ""R005"", ""R007""]",9,562.3002201248532,2797.3326597299,3699.4984604199885,964.9653882252688,400.3414551396331,0.3125,1,10000.0,1,1.0,3134.874527334353,5,4500.0,3500.0,2000.0,10000.0,5443.019373875832,6,10000.0,"[""C001"", ""L013"", ""L018"", ""L021"", ""L029"", ""L030"", ""R000"", ""R001"", ""R004"", ""R005"", ""R006"", ""R007""]",12,0.0,4556.980626124168,1422.1060987898154,decision,9999.999999999998,,1945.1629039922877,"[""C002"", ""L003"", ""L005"", ""R003""]","[""C001"", ""L018"", ""R004"", ""R005"", ""R007""]",2802.6450696964675,0.1945162903992288,20013,7,4,5,,,,,,,,multi_hotspot,457.14071056454657
-9.094947017729282e-13,"[""L002"", ""L022"", ""R005"", ""R007""]",13161.102210404511,4,decision:multi_hotspot:b4:r014,8676.156403956687,1,0.8676156403956687,3039.901620767398,5,3795.4273437205175,3500.0,1380.7290602361709,8001.186308721533,5526.384129435235,10000.0,4418.918324590659,6,8676.15640395669,"[""C001"", ""L001"", ""L003"", ""L009"", ""L011"", ""L035"", ""R000"", ""R001"", ""R002"", ""R003"", ""R004"", ""R006""]",12,0.0,1323.8435960433126,4257.23807936603,1217.3364585986328,88.24031593506061,0.5,1,10000.0,1,1.0,3128.1419367024587,5,4500.0,3500.0,2000.0000000000005,10000.0,5425.41579433866,6,10000.0,"[""C001"", ""L002"", ""L003"", ""L011"", ""L022"", ""L035"", ""R000"", ""R002"", ""R003"", ""R004"", ""R005"", ""R007""]",12,0.0,4574.58420566134,1446.442268958881,decision,10000.000000000002,,1006.4974697480011,"[""L001"", ""L009"", ""R001"", ""R006""]","[""C001"", ""L003"", ""L011"", ""L035"", ""R000"", ""R002"", ""R003"", ""R004""]",1323.8435960433108,0.10064974697480009,20014,4,4,8,,,,,,,,multi_hotspot,229.10581036024814
2.2737367544323206e-13,"[""L011"", ""L031"", ""L033"", ""R006"", ""R007""]",13389.16575682938,4,decision:multi_hotspot:b4:r015,8134.782665894945,2,0.8134782665894945,2954.7489100090907,4,3469.6299536057777,2665.1527122891666,2000.0000000000002,7944.228870613266,5830.10740482735,9960.779742823552,4147.074104001904,4,8134.782665894945,"[""C001"", ""C002"", ""L000"", ""L004"", ""L005"", ""L024"", ""R000"", ""R001"", ""R002"", ""R004""]",10,0.0,1825.9970769286065,3987.7085618930414,1032.9596518839505,37.02511757673028,0.4,1,9922.534794776135,1,0.9922534794776134,2991.774027585821,4,4488.566561044703,3433.9682337314325,2000.0000000000002,9922.534794776135,5568.539359261949,6,9922.534794776135,"[""C001"", ""L011"", ""L024"", ""L031"", ""L033"", ""R000"", ""R001"", ""R002"", ""R004"", ""R006"", ""R007""]",11,0.0,4353.995435514185,1362.2214079283644,decision,10000.0,,1421.4652552600455,"[""C002"", ""L000"", ""L004"", ""L005""]","[""C001"", ""L024"", ""R000"", ""R001"", ""R002"", ""R004""]",1787.7521288811895,0.14214652552600454,20015,5,4,6,,,,,,,,multi_hotspot,329.2617560444139
2.2737367544323206e-13,"[""L007"", ""L013"", ""L020"", ""R002"", ""R008""]",13010.642713365705,4,decision:multi_hotspot:b4:r016,8188.636939312173,2,0.8188636939312172,2932.441345087692,3,3969.762195972597,2688.7487605989163,1530.1259827406602,8188.636939312174,5861.120391514704,10000.000000000002,4230.8501309065605,5,8188.636939312174,"[""C001"", ""C002"", ""L012"", ""L021"", ""L034"", ""R000"", ""R001"", ""R005"", ""R006"", ""R007""]",10,0.0,1811.3630606878287,3957.7868084056136,1025.3454633179215,161.73248839390135,0.5333333333333333,1,9996.267715469088,1,0.9996267715469086,3094.173833481593,6,4500.0,3496.267715469087,2000.0000000000002,9996.267715469088,5503.682712474323,6,9996.267715469088,"[""C001"", ""L007"", ""L012"", ""L013"", ""L020"", ""L021"", ""L034"", ""R000"", ""R001"", ""R002"", ""R006"", ""R007"", ""R008""]",13,0.0,4492.585002994765,1398.411169513172,decision,10000.000000000004,,1272.8325815677626,"[""C002"", ""R005""]","[""C001"", ""L012"", ""L021"", ""L034"", ""R000"", ""R001"", ""R006"", ""R007""]",1807.6307761569142,0.1272832581567762,20016,5,2,8,,,,,,,,multi_hotspot,373.0657061952504
-4.547473508864641e-13,"[""L016"", ""R004"", ""R005""]",13443.628585773047,4,decision:multi_hotspot:b4:r017,9415.317035834485,1,0.9415317035834485,2851.6257943877345,4,4239.003224845107,3270.0151677952044,1906.2986431941727,8924.691512610592,5810.215974177991,10000.0,5303.402138825307,6,9415.317035834485,"[""C001"", ""L007"", ""L011"", ""L017"", ""L020"", ""R000"", ""R001"", ""R002"", ""R003"", ""R006"", ""R007""]",11,0.0,584.6829641655149,4111.914897009178,1260.2891026214438,92.28445783500047,0.5714285714285714,1,10000.0,1,1.0,2943.910252222735,4,4499.999999999999,3499.9999999999995,2000.0,10000.0,5719.31096792409,6,10000.0,"[""C001"", ""L007"", ""L011"", ""L016"", ""L020"", ""R000"", ""R001"", ""R003"", ""R004"", ""R005"", ""R007""]",11,0.0,4280.68903207591,1336.778779853175,decision,9999.999999999996,,415.9088290987829,"[""L017"", ""R002"", ""R006""]","[""C001"", ""L007"", ""L011"", ""L020"", ""R000"", ""R001"", ""R003"", ""R007""]",584.6829641655149,0.04159088290987831,20017,3,3,8,,,,,,,,multi_hotspot,76.4896772317311
-2.2737367544323206e-13,"[""L025"", ""R000"", ""R006"", ""R007""]",12989.84222213138,4,decision:multi_hotspot:b4:r018,7659.007379354679,2,0.7659007379354678,2750.395469171058,0,3725.8375212613337,2503.985393710237,1429.1844643831078,7588.954420072217,6073.322228621684,10000.0,3964.6847564742466,6,7659.007379354679,"[""C001"", ""C002"", ""R001"", ""R002"", ""R003"", ""R004"", ""R005"", ""R008""]",8,0.0,2340.992620645321,3694.3226228804324,943.9271537093744,259.5177743942186,0.5,1,10000.000000000002,1,1.0,3009.9132435652764,1,4500.0,3500.0,2000.0,10000.0,5683.913775531617,8,10000.000000000002,"[""C001"", ""L025"", ""R000"", ""R002"", ""R003"", ""R004"", ""R005"", ""R006"", ""R007"", ""R008""]",10,0.0,4316.086224468385,1306.172980903108,decision,10000.0,,1719.2290190573704,"[""C002"", ""R001""]","[""C001"", ""R002"", ""R003"", ""R004"", ""R005"", ""R008""]",2340.992620645323,0.17192290190573703,20018,4,2,6,,,,,,,,multi_hotspot,362.2458271937337
4.547473508864641e-13,"[""L009"", ""L012"", ""L017"", ""L018"", ""L022"", ""L024"", ""L031"", ""L032"", ""R001"", ""R002"", ""R007""]",13292.394365238155,4,decision:multi_hotspot:b4:r019,6489.11056146527,2,0.648911056146527,2630.9896294032687,3,2316.80222387909,2583.585041960285,1588.7232956258936,6035.982016981099,6117.356680237452,10000.0,3030.245566229931,4,6489.110561465269,"[""C001"", ""C002"", ""L004"", ""L013"", ""L021"", ""R000"", ""R004"", ""R006"", ""R008""]",9,0.0,3510.8894385347303,3458.864995235338,827.8753658320694,653.2574476907967,0.2,1,9746.888459429163,1,0.9746888459429163,3284.2470770940654,10,4500.0,3246.888459429162,2000.0000000000002,9746.888459429163,4986.687834250231,4,9746.888459429163,"[""C001"", ""L004"", ""L009"", ""L012"", ""L017"", ""L018"", ""L021"", ""L022"", ""L024"", ""L031"", ""L032"", ""R000"", ""R001"", ""R002"", ""R007""]",15,0.0,4760.200625178932,1475.9535480848667,decision,10000.000000000002,,1956.4422680203006,"[""C002"", ""L013"", ""R004"", ""R006"", ""R008""]","[""C001"", ""L004"", ""L021"", ""R000""]",3257.7778979638942,0.19564422680203003,20019,11,5,4,,,,,,,,multi_hotspot,648.0781822527973
-1.1368683772161603e-13,"[""C001"", ""L014""]",1016.1707654337196,0,decision:regular:b0:r000,2134.4108487583003,0,0.21344108487583002,565.3984054708721,0,749.4123919641987,991.6821474403305,393.3163093537712,2134.4108487583003,1272.7204754368086,2134.4108487583007,1269.8990857245649,2,2134.4108487583003,"[""R005"", ""R006""]",2,0.0,4.547473508864641e-13,864.5117630337354,299.11335756286326,129.38471664229576,0.0,1,2615.755418966457,1,0.2615755418966457,694.7831221131679,1,585.3867556572264,1348.504800082167,681.8638632270635,2615.755418966457,1625.9037466609902,0,2615.755418966457,"[""C001"", ""L014""]",2,0.0,989.8516723054666,295.06855019229874,decision,10000.0,,356.00466093642535,"[""R005"", ""R006""]",[],481.3445702081567,0.035600466093642535,20000,2,2,0,,,,,,,,regular,-4.044807370564513
5.684341886080802e-14,"[""L002""]",1019.3564387458187,0,decision:regular:b0:r001,2647.4167060329955,1,0.26474167060329956,770.7893831826252,0,1587.6533797647915,392.8926007669438,666.8707255012599,2647.4167060329955,1520.4945088488557,2539.850947594674,1628.0602672871769,1,2647.4167060329955,"[""C001"", ""R004""]",2,0.0,-107.56575843832161,1019.3564387458187,248.56705556319343,-139.81264221195715,0.3333333333333333,1,2634.7610201278762,1,0.26347610201278765,630.9767409706681,1,1668.2007447021847,302.0525670238648,664.5077084018266,2634.7610201278762,1728.3525442148314,0,2634.761020127876,"[""C001"", ""L002""]",2,0.0,906.4084759130444,275.4317349423764,decision,9999.999999999996,,100.29227692765448,"[""R004""]","[""C001""]",-12.655685905119753,0.010029227692765453,20001,1,1,1,,,,,,,,regular,26.864679379182974
0.0,"[""C001"", ""L010""]",1020.3970013449465,0,decision:regular:b0:r002,1351.5639594045024,0,0.13515639594045026,616.8679870634,0,790.0547857041882,0.0,561.5091737003142,1024.788655110804,1208.569054457869,2105.4537188372037,546.9316726248786,2,1351.5639594045024,"[""R003"", ""R007""]",2,0.0,753.8897594327013,804.6322867796238,187.76429971622375,66.2843436409729,0.0,1,2866.360189747139,1,0.28663601897471397,683.152330704373,1,1207.3039402493082,993.9315621293462,665.1246873684844,2866.360189747139,1845.9882520792469,0,2866.360189747139,"[""C001"", ""L010""]",2,0.0,1020.3719376678921,337.21960696351914,decision,10000.0,,1299.0565794543681,"[""R003"", ""R007""]",[],1514.7962303426366,0.12990565794543682,20002,2,2,0,,,,,,,,regular,149.4553072472954
-2.2737367544323206e-13,"[""L000""]",1025.9048500662893,0,decision:regular:b0:r003,2878.178420653171,1,0.28781784206531713,697.6147941350881,1,1144.326054554095,1027.7145621153368,706.1378039837393,2878.178420653171,1529.968388693826,2470.3115006447733,1898.861260842552,0,2878.178420653171,"[""C001"", ""L030""]",2,0.0,-407.86692000839776,979.3171598106193,281.70236567553115,-2.6885978618138324,0.3333333333333333,1,2874.97510757837,1,0.287497510757837,694.9261962732743,1,1269.886912549855,855.7338224048087,749.3543726237062,2874.9751075783697,1902.5267295045287,0,2874.9751075783697,"[""C001"", ""L000""]",2,0.0,972.4483780738409,277.5221818005666,decision,10000.0,,3.6654686619767745,"[""L030""]","[""C001""]",-3.203313074801372,0.0003665468661976774,20003,1,1,1,,,,,,,,regular,-4.180183874964541
0.0,"[""C001"", ""L001""]",1015.0761379620433,0,decision:regular:b0:r004,2045.8299505419955,0,0.20458299505419955,581.3112131846335,0,1037.8822962425302,540.2104350056932,467.7372192937721,2045.8299505419955,1184.0507936918289,2045.8299505419955,1183.3726390145491,2,2045.8299505419955,"[""R001"", ""R006""]",2,0.0,0.0,862.4573115274463,281.1460983428128,112.83030522986087,0.0,1,2809.919778459895,1,0.2809919778459895,694.1415184144944,1,1197.3674591872177,1434.661145874623,177.89117339805495,2809.9197784598955,1794.8436404978522,0,2809.9197784598955,"[""C001"", ""L001""]",2,0.0,1015.0761379620433,320.9346195475489,decision,9999.999999999998,,611.4710014833031,"[""R001"", ""R006""]",[],764.0898279179,0.06114710014833032,20004,2,2,0,,,,,,,,regular,39.78852120473607
0.0,[],1013.940085570511,0,decision:regular:b0:r005,2861.5573807840806,1,0.28615573807840805,687.4093712201741,1,799.4585236716455,1381.901232972857,680.1976241395782,2861.557380784081,1612.104943540675,2579.39633763034,1862.8255904801235,0,2861.5573807840806,"[""C001"", ""L029""]",2,0.0,-282.1610431537406,998.7317903039572,311.3224190837831,0.0,1.0,0,2861.5573807840806,1,0.28615573807840805,687.4093712201741,1,799.4585236716455,1381.901232972857,680.1976241395782,2861.557380784081,1862.8255904801235,0,2861.5573807840806,"[""C001"", ""L029""]",2,0.0,998.7317903039572,311.3224190837831,decision,10000.0,,0.0,[],"[""C001"", ""L029""]",0.0,0.0,20005,0,0,2,,,,,,,,regular,0.0
0.0,"[""C001""]",1023.9936547130411,0,decision:regular:b0:r006,2356.8132665666303,0,0.235681326656663,694.875037176751,1,479.1504120628906,806.230474691117,1071.432379812623,2356.813266566631,1428.4349407028624,2443.495715068577,1350.1735469015032,2,2356.813266566631,"[""L025"", ""R001"", ""R005""]",3,0.0,86.68244850194651,1006.6397196651276,311.7646824883766,80.09007935964439,0.25,1,2684.945685153384,1,0.26849456851533837,774.9651165363954,0,685.2963677634765,1118.2017586001589,881.4475587897487,2684.945685153384,1660.9520304403432,1,2684.945685153384,"[""C001"", ""R001""]",2,0.0,1023.993654713041,249.0285381766456,decision,10000.000000000004,,310.77848353883996,"[""L025"", ""R005""]","[""R001""]",328.1324185867534,0.031077848353883986,20006,1,2,1,,,,,,,,regular,-62.73614431173098
0.0,[],1005.2688561828265,0,decision:regular:b0:r007,2220.9972768834527,0,0.22209972768834527,585.8434625042694,0,1206.9340715571132,521.4661644959269,492.59704083041265,2220.9972768834527,1343.0233496952108,2220.9972768834523,1341.1052809025532,2,2220.997276883453,"[""R007"", ""R008""]",2,0.0,-4.547473508864641e-13,879.8919959809,294.04853347663055,0.0,1.0,0,2220.9972768834527,0,0.22209972768834527,585.8434625042694,0,1206.9340715571132,521.4661644959269,492.59704083041265,2220.9972768834527,1341.1052809025532,2,2220.997276883453,"[""R007"", ""R008""]",2,0.0,879.8919959809,294.04853347663055,decision,10000.0,,0.0,[],"[""R007"", ""R008""]",0.0,0.0,20007,0,0,2,,,,,,,,regular,0.0
-1.1368683772161603e-13,"[""C001"", ""L015""]",1016.4907111899732,0,decision:regular:b0:r008,1823.2546274425122,0,0.1823254627442512,676.9839075500361,1,944.4039577675552,579.8086226677225,299.0420470072343,1823.2546274425122,1326.9897431362338,2343.480454326207,860.8296743751547,2,1823.254627442512,"[""L022"", ""R000"", ""R002""]",3,0.0,520.2258268836949,962.4249530673573,285.4410455173212,-6.68438909049587,0.0,1,2699.0690966214916,1,0.26990690966214914,670.2995184595402,1,814.5432803173654,1084.586815370855,799.939000933271,2699.069096621492,1695.7454839497632,0,2699.0690966214916,"[""C001"", ""L015""]",2,0.0,1003.3236126717283,333.02409421218806,decision,10000.000000000002,,834.9158095746085,"[""L022"", ""R000"", ""R002""]",[],875.8144691789796,0.08349158095746083,20008,2,3,0,,,,,,,,regular,47.583048694866875
0.0,"[""L009""]",1014.8026587152837,0,decision:regular:b0:r009,2797.9725467348144,1,0.27979725467348143,769.4092700931802,0,1334.5874229188096,1074.3168578965401,389.0682659194649,2797.972546734815,1524.4508275511798,2534.673700691157,1783.1698880195308,1,2797.9725467348144,"[""C001"", ""R003""]",2,0.0,-263.29884604365725,1014.8026587152835,245.39338862210337,-141.60409148463384,0.3333333333333333,1,2813.7831722374976,1,0.2813783172237498,627.8051786085464,1,1216.3854693069366,1144.7477844451892,452.64991848537164,2813.7831722374976,1912.9134576598415,0,2813.7831722374976,"[""C001"", ""L009""]",2,0.0,900.8697145776562,273.06453596910984,decision,10000.0,,129.74356964031062,"[""R003""]","[""C001""]",15.810625502683251,0.012974356964031063,20009,1,1,1,,,,,,,,regular,27.671147347006467
0.0,"[""C001"", ""L002""]",1026.044359747821,0,decision:regular:b0:r010,2126.5905985073523,0,0.21265905985073522,700.6811649944354,1,1089.7294404565725,458.4585536686567,578.4026043821234,2126.5905985073528,1262.8357833290365,2288.3595206064006,1123.8318046789645,2,2126.5905985073523,"[""L015"", ""R001"", ""R004""]",3,0.0,161.76892209904827,1002.7587938283878,302.07762883395225,20.00547339791831,0.0,1,2892.733677902135,1,0.28927336779021345,720.6866383923538,1,1487.4230831355358,821.075193409438,584.2354013571608,2892.733677902135,1871.4893701038345,0,2892.7336779021343,"[""C001"", ""L002""]",2,0.0,1021.2443077982998,300.55766940594606,decision,9999.999999999998,,747.65756542487,"[""L015"", ""R001"", ""R004""]",[],766.143079394782,0.07476575654248702,20010,2,3,0,,,,,,,,regular,-1.5199594280061888
0.0,"[""C001"", ""L035""]",998.8386778359525,0,decision:regular:b0:r011,2133.1195641657605,0,0.21331195641657605,581.7614324136745,0,666.0012759470382,1083.08324928912,384.03503892960225,2133.11956416576,1285.218150253186,2133.1195641657596,1281.136233835696,2,2133.11956416576,"[""R006"", ""R007""]",2,0.0,-9.094947017729282e-13,851.9833303300641,270.22189791638954,85.08441503940276,0.0,1,2899.275013652705,1,0.2899275013652705,666.8458474530772,1,2024.704059644407,508.6154972879365,365.955456720362,2899.275013652705,1953.4486635840076,0,2899.2750136527056,"[""C001"", ""L035""]",2,0.0,945.826350068698,278.98050261562076,decision,10000.0,,672.3124297483116,"[""R006"", ""R007""]",[],766.1554494869456,0.06723124297483116,20011,2,2,0,,,,,,,,regular,8.758604699231228
1.1368683772161603e-13,"[""C001"", ""L002""]",1028.4313147232274,0,decision:regular:b0:r012,1398.4319939328884,0,0.13984319939328885,621.8497615928661,0,563.1109570327612,475.85484434610527,359.46619255402186,1398.4319939328884,1322.2013441459706,2201.1455264437973,613.7533394154401,2,1398.4319939328884,"[""R005"", ""R008""]",2,0.0,802.7135325109089,784.6786545174483,162.8288929245822,45.221037965976166,0.0,1,2407.7798353406324,1,0.24077798353406324,667.0707995588423,1,2031.6494176096949,215.17014186933426,160.9602758616034,2407.7798353406324,1456.3952590679241,0,2407.7798353406324,"[""C001"", ""L002""]",2,0.0,951.3845762727084,284.3137767138661,decision,10000.000000000002,,842.641919652484,"[""R005"", ""R008""]",[],1009.347841407744,0.08426419196524838,20012,2,2,0,,,,,,,,regular,121.48488378928391
0.0,"[""C001"", ""L033""]",1009.3904610706734,0,decision:regular:b0:r013,1628.5497454714014,1,0.1628549745471401,774.1968226443374,0,837.6513179406234,581.7899007831868,209.10852674759133,1628.5497454714014,1398.77271074131,2408.163171811984,663.5518482561295,1,1628.5497454714011,"[""C002"", ""R001""]",2,0.0,779.6134263405825,964.9978972152717,190.80107457093425,-112.1639096584205,0.0,1,2802.8947606306156,1,0.2802894760630615,662.0329129859169,1,954.1008129473239,1028.954735876473,819.8392118068189,2802.894760630616,1862.6695242473745,0,2802.8947606306156,"[""C001"", ""L033""]",2,0.0,940.225236383241,278.1923233973241,decision,10000.000000000002,,1199.117675991245,"[""C002"", ""R001""]",[],1174.3450151592144,0.11991176759912449,20013,2,2,0,,,,,,,,regular,87.39124882638987
0.0,"[""C001"", ""L020""]",1022.08159752464,0,decision:regular:b0:r014,2172.8928123956584,0,0.21728928123956584,693.2393027080877,1,671.7811440274959,1223.697606103861,277.41406226430183,2096.402415209059,1384.7091383067125,2406.790735831353,1188.0664410462932,2,2172.8928123956584,"[""L011"", ""R004"", ""R006""]",3,0.0,233.89792343569434,984.8263713493652,291.58706864127754,8.445348778136577,0.0,1,2566.1006995594153,1,0.25661006995594154,701.6846514862243,1,1258.2784244734094,879.5925900079811,428.2296850780248,2566.1006995594153,1571.0184677043374,0,2566.1006995594153,"[""C001"", ""L020""]",2,0.0,995.0822318550779,293.39758036885365,decision,9999.999999999998,,382.95202665804413,"[""L011"", ""R004"", ""R006""]",[],393.2078871637568,0.03829520266580442,20014,2,3,0,,,,,,,,regular,1.8105117275761131
1.1368683772161603e-13,"[""L019""]",1018.9374039105792,0,decision:regular:b0:r015,2641.173098041484,1,0.2641173098041484,630.9752569087844,1,1057.0205603706463,1011.7339033817216,572.418634289116,2641.173098041484,1680.7976627299263,2568.5180589778292,1749.9412079679919,0,2641.173098041484,"[""C001"", ""L018""]",2,0.0,-72.65503906365484,891.2318900734922,260.25663316470775,10.983443716949296,0.3333333333333333,1,2732.391781707359,1,0.2732391781707359,641.9587006257337,1,1176.3952539347424,983.5778934835004,572.418634289116,2732.391781707359,1816.136784528785,0,2732.391781707359,"[""C001"", ""L019""]",2,0.0,916.254997178574,274.2962965528402,decision,10000.0,,66.19557656079314,"[""L018""]","[""C001""]",91.21868366587478,0.006619557656079314,20015,1,1,1,,,,,,,,regular,14.039663388132453
0.0,"[""C001"", ""L027""]",1008.4034926577905,0,decision:regular:b0:r016,2183.9970742474666,0,0.21839970742474665,612.9054933079856,0,911.2756704038029,768.5538955144057,504.1675083292582,2183.997074247467,1290.3477944545416,2183.997074247467,1287.544317448728,2,2183.9970742474666,"[""R004"", ""R007""]",2,0.0,4.547473508864641e-13,896.4527567987386,283.547263490753,55.12865025552526,0.0,1,2992.654026996838,1,0.2992654026996838,668.0341435635108,1,1359.5439525990666,888.0316604243006,745.0784139734712,2992.654026996838,2000.972647319551,0,2992.654026996838,"[""C001"", ""L027""]",2,0.0,991.6813796772872,323.64723611377633,decision,10000.0,,713.4283298708231,"[""R004"", ""R007""]",[],808.6569527493716,0.0713428329870823,20016,2,2,0,,,,,,,,regular,40.09997262302335
-2.2737367544323206e-13,"[""C001"", ""L014""]",1027.3299150053406,0,decision:regular:b0:r017,2064.599342837846,0,0.20645993428378462,587.3522954939242,0,1028.849860655419,279.0921577764651,756.6573244059618,2064.599342837846,1201.4943227069784,2064.599342837846,1197.9985359490165,2,2064.599342837846,"[""R003"", ""R007""]",2,0.0,0.0,866.6008068888295,279.2485113949054,83.79936768592665,0.0,1,2967.0058189929323,1,0.2967005818992932,671.1516631798509,1,1157.5726128807923,1130.9917711846138,678.4414349275257,2967.005818992932,1994.3640578305276,0,2967.0058189929323,"[""C001"", ""L014""]",2,0.0,972.6417611624046,301.4900979825537,decision,10000.0,,796.3655218815111,"[""R003"", ""R007""]",[],902.4064761550862,0.0796365521881511,20017,2,2,0,,,,,,,,regular,22.241586587648328
1.1368683772161603e-13,"[""C001"", ""L007""]",1015.0793676664754,0,decision:regular:b0:r018,2034.456347082145,0,0.2034456347082145,666.3978316972614,0,925.7577399540204,931.9164931337104,176.78211399441403,2034.456347082145,1124.4757082547924,2034.456347082145,1123.1037230232962,2,2034.456347082145,"[""R002"", ""R005""]",2,0.0,0.0,911.3526240588487,244.95479236158735,31.491099940826643,0.0,1,2934.362198153202,1,0.2934362198153202,697.888931638088,1,1168.0032259038376,1290.1485246102898,476.2104476390744,2934.3621981532015,1919.5452150782212,0,2934.3621981532015,"[""C001"", ""L007""]",2,0.0,1014.8169830749804,316.92805143689236,decision,10000.000000000002,,796.441492054925,"[""R002"", ""R005""]",[],899.9058510710565,0.07964414920549248,20018,2,2,0,,,,,,,,regular,71.97325907530501
0.0,"[""C001""]",1009.7068989048613,0,decision:regular:b0:r019,2105.8167856225446,0,0.21058167856225446,685.0622917520936,1,922.3510966458844,532.8724200225515,650.5932689541089,1914.2114190247098,1408.0803942539446,2417.7872931588054,1134.9390378363041,2,2105.8167856225446,"[""L028"", ""R002"", ""R007""]",3,0.0,311.9705075362608,970.8777477862404,285.8154560341468,-109.49270506157404,0.0,1,2347.5753432269807,1,0.23475753432269808,575.5695866905196,0,444.06941376112593,1171.14399345406,732.3619360117947,2347.5753432269807,1501.290357022411,0,2347.5753432269807,"[""C001""]",1,0.0,846.2849862045698,270.7153995140502,decision,9999.999999999998,,366.3513191861068,"[""L028"", ""R002"", ""R007""]",[],241.7585576044362,0.03663513191861069,20019,1,3,0,,,,,,,,regular,-15.100056520096587
-1.1368683772161603e-13,"[""C001"", ""L014""]",1905.320185188224,1,decision:regular:b1:r000,4192.816196657156,0,0.4192816196657156,1179.541590687701,0,1619.119360331847,1564.858977702432,1008.8378586228768,4192.816196657155,2435.785815113056,4192.816196657156,2429.3106233168833,4,4192.816196657155,"[""R002"", ""R004"", ""R005"", ""R006""]",4,0.0,0.0,1763.505573340272,583.963982652571,80.63993689633912,0.3333333333333333,1,4750.166267724757,1,0.4750166267724757,1260.1815275840402,1,1441.8792228440145,2301.729033647588,1006.5580112331544,4750.166267724757,2894.4300070283834,2,4750.166267724757,"[""C001"", ""L014"", ""R005"", ""R006""]",4,0.0,1855.7362606963734,595.5547331123332,decision,10000.0,,465.1193837115002,"[""R002"", ""R004""]","[""R005"", ""R006""]",557.3500710676017,0.046511938371150016,20000,2,2,2,,,,,,,,regular,11.590750459762262
1.1368683772161603e-13,"[""L002"", ""R008""]",1911.2933226484097,1,decision:regular:b1:r001,4150.493854331321,2,0.4150493854331321,1416.466006606507,1,2232.0654823739524,825.1797403276621,1093.2486316297068,3565.6229305648226,2885.582149518838,4791.575896867397,2285.2472497941735,1,4150.49385433132,"[""C000"", ""C001"", ""L031"", ""R004""]",4,0.0,641.0820425360762,1865.2466045371466,448.7805979306396,-170.56646909329083,0.3333333333333333,1,4649.716497684811,1,0.4649716497684811,1245.8995375132163,1,2435.006387004469,799.6443833722884,1415.0657273080535,4649.716497684811,2867.564753623091,2,4649.716497684811,"[""C001"", ""L002"", ""R004"", ""R008""]",4,0.0,1782.1517440617201,536.2522065485039,decision,9999.999999999996,,582.3175038289173,"[""C000"", ""L031""]","[""C001"", ""R004""]",499.22264335349064,0.05823175038289175,20001,2,2,2,,,,,,,,regular,87.47160861786426
2.2737367544323206e-13,"[""C001"", ""L016""]",1913.2443775217746,1,decision:regular:b1:r002,3236.2148352617633,0,0.32362148352617637,1232.3519099273733,0,1680.5670599928922,825.0795786120382,730.5681966568329,2909.439530968065,2357.0288270515107,4158.643339625774,1546.8941172063185,4,3236.2148352617633,"[""R003"", ""R006"", ""R007"", ""R008""]",4,0.0,922.4285043640111,1689.3207180554448,456.9688081280715,10.483865499917783,0.3333333333333333,1,4962.560203532622,1,0.4962560203532623,1242.835775427291,1,2398.3041742599617,1419.8938775757629,1144.3621516968979,4962.560203532623,3058.0834720287394,2,4962.560203532622,"[""C001"", ""L016"", ""R003"", ""R006""]",4,0.0,1904.4767315038825,661.6409560765916,decision,10000.0,,1511.189354822421,"[""R007"", ""R008""]","[""R003"", ""R006""]",1726.3453682708587,0.1511189354822421,20002,2,2,2,,,,,,,,regular,204.6721479485201
0.0,"[""L000""]",1923.5715938742924,1,decision:regular:b1:r003,4917.015014042458,1,0.49170150140424573,1290.1714708687996,1,1986.8639379187757,1606.7167622309848,1323.4343138926974,4917.015014042458,2710.6467292417656,4509.14809403406,3074.3977101806886,2,4917.015014042458,"[""C001"", ""L030"", ""R000"", ""R001""]",4,0.0,-407.86692000839776,1842.6173038617687,552.4458329929691,-2.6885978618138324,0.6,1,4913.811700967657,1,0.4913811700967657,1287.4828730069858,1,2112.4247959145355,1477.9525911604237,1323.4343138926972,4913.811700967656,3079.1940913484377,2,4913.811700967656,"[""C001"", ""L000"", ""R000"", ""R001""]",4,0.0,1834.6176096192182,547.1347366122325,decision,10000.0,,4.796381167749132,"[""L030""]","[""C001"", ""R000"", ""R001""]",-3.203313074801372,0.0004796381167749132,20003,1,1,3,,,,,,,,regular,-5.311096380736672
0.0,"[""C001""]",1903.2677586788311,1,decision:regular:b1:r004,2799.8075785289516,1,0.27998075785289517,1264.726758772011,1,1300.5081565953642,688.5267896612959,810.772632272292,2799.807578528952,2413.53140312552,4185.569973330752,1143.9505622009387,2,2799.807578528952,"[""C000"", ""L001"", ""R001"", ""R006""]",4,0.0,1385.7623948018004,1655.8570163280133,391.13025755600245,10.72597282711672,0.6,1,4932.141481106652,1,0.49321414811066516,1275.4527315991277,1,2135.0303976732216,1966.4111267282617,830.6999567051685,4932.141481106652,3040.202194786343,2,4932.141481106652,"[""C001"", ""L001"", ""R001"", ""R006""]",4,0.0,1891.9392863203086,616.4865547211809,decision,9999.999999999998,,1896.2516325854044,"[""C000""]","[""L001"", ""R001"", ""R006""]",2132.3339025776995,0.18962516325854048,20004,1,1,3,,,,,,,,regular,225.3562971651785
1.1368683772161603e-13,"[""R006""]",1901.137660444708,1,decision:regular:b1:r005,3819.3575924640704,2,0.38193575924640705,1371.3697276550174,0,1532.6760666033642,1283.648730540188,1003.0327953205178,3819.3575924640695,2943.301553308253,4827.93822772345,2027.6119420480536,1,3819.35759246407,"[""C001"", ""C002"", ""R007""]",3,0.0,1008.5806352593795,1791.7456504160164,420.37592276099895,-174.9587526874634,0.5,1,4536.728150878168,1,0.4536728150878168,1196.410974967554,0,1862.1390095449226,1488.2685677900881,1186.320573543157,4536.728150878167,2795.404680109982,2,4536.728150878167,"[""C001"", ""R006"", ""R007""]",3,0.0,1741.323470768185,544.9124958006311,decision,10000.0,,767.7927380619285,"[""C002""]","[""C001"", ""R007""]",717.3705584140971,0.07677927380619284,20005,1,1,2,,,,,,,,regular,124.53657303963212
-2.2737367544323206e-13,"[""C001"", ""L000"", ""L021""]",1919.9881025869518,1,decision:regular:b1:r006,4118.128224784235,1,0.4118128224784234,1385.6910856237241,0,2113.1716429898906,938.2805453351642,1066.6760364591796,2832.9932580336626,2850.3128861349633,4754.793958023031,2254.5582806703264,3,4118.1282247842355,"[""C000"", ""R001"", ""R005"", ""R007""]",4,0.0,636.6657332387967,1863.569944113909,477.87885849018505,-50.80244356320213,0.2857142857142857,1,4837.895344016208,1,0.4837895344016207,1334.888642060522,2,1286.7687507666033,1853.688141591961,1697.4384516576433,4837.895344016208,2917.907241429256,2,4837.895344016208,"[""C001"", ""L000"", ""L021"", ""R001"", ""R005""]",5,0.0,1919.9881025869518,585.0994605264297,decision,10000.000000000004,,663.3489607589295,"[""C000"", ""R007""]","[""R001"", ""R005""]",719.7671192319722,0.06633489607589292,20006,3,2,2,,,,,,,,regular,107.2206020362446
0.0,"[""R000"", ""R001""]",1884.8791053427997,1,decision:regular:b1:r007,3223.618360475325,1,0.3223618360475325,1236.4010430435264,1,1554.5952595965791,819.678771446549,849.3443294321969,3223.618360475325,2621.454876853264,4416.662143378952,1548.358630167389,2,3223.618360475325,"[""C002"", ""L018"", ""R007"", ""R008""]",4,0.0,1193.0437829036273,1675.259730307936,438.8586872644097,-55.482943712124325,0.3333333333333333,1,4198.956267471282,0,0.41989562674712827,1180.9180993314021,0,1919.5346338227337,1391.848438682197,887.5731949663516,4198.9562674712815,2473.1870875603763,4,4198.956267471282,"[""R000"", ""R001"", ""R007"", ""R008""]",4,0.0,1725.7691799109061,544.8510805795041,decision,10000.0,,924.8284573929873,"[""C002"", ""L018""]","[""R007"", ""R008""]",975.3379069959574,0.09248284573929873,20007,2,2,2,,,,,,,,regular,105.99239331509443
-2.2737367544323206e-13,"[""C001"", ""L014""]",1905.9200834811998,1,decision:regular:b1:r008,3550.7500529439935,0,0.35507500529439934,1196.1497880039933,0,1883.782888961252,579.8086226677225,1087.158541315019,3550.750052943993,2642.6453169192137,4413.146679715238,1876.5499229937773,4,3550.750052943993,"[""R000"", ""R002"", ""R004"", ""R007""]",4,0.0,862.3966267712444,1674.2001299502158,478.0503419462225,77.41322818492017,0.3333333333333333,1,4793.162337821218,1,0.4793162337821218,1273.5630161889135,1,2059.736931890226,1427.2046108447807,1306.2207950862116,4793.162337821219,2894.9704849404043,2,4793.162337821217,"[""C001"", ""L014"", ""R002"", ""R007""]",4,0.0,1898.1918528808126,624.6288366918991,decision,10000.000000000002,,1018.420561946627,"[""R000"", ""R004""]","[""R002"", ""R007""]",1242.412284877224,0.10184205619466268,20008,2,2,2,,,,,,,,regular,146.5784947456766
0.0,"[""L017"", ""L023""]",1902.7549850911566,1,decision:regular:b1:r009,4714.741269219614,1,0.4714741269219614,1348.0352001760061,0,1849.1244685450147,1929.4644564207688,936.1523442538305,4714.741269219614,2627.3601668863403,4481.467359623408,2847.6756746990204,3,4714.741269219614,"[""C001"", ""R000"", ""R003"", ""R008""]",4,0.0,-233.27390959620607,1867.0655945205935,519.0303943445874,-13.913916998315472,0.5,1,4927.035805331147,1,0.49270358053311464,1334.1212831776907,2,2301.6546028576868,1717.4152701131509,907.9659323603089,4927.035805331147,3024.2808202399897,2,4927.035805331147,"[""C001"", ""L017"", ""L023"", ""R000"", ""R003""]",5,0.0,1902.7549850911569,568.6337019134662,decision,10000.0,,176.60514554096926,"[""R008""]","[""C001"", ""R000"", ""R003""]",212.29453611153258,0.017660514554096927,20009,2,1,3,,,,,,,,regular,49.60330756887879
0.0,"[""C001"", ""L002"", ""R008""]",1923.8331745271644,1,decision:regular:b1:r010,2979.4892769024864,1,0.2979489276902486,1394.856467716676,2,1239.7351380607818,458.4585536686567,1281.2955851730483,2383.528151108991,2408.459555863592,4332.292730390756,1181.8817846566456,2,2979.489276902487,"[""C000"", ""L004"", ""L015"", ""R001"", ""R004""]",5,0.0,1352.80345348827,1797.6074922458413,402.7510245291653,-81.4483995458611,0.125,1,4825.832318204562,1,0.48258323182045626,1313.4080681708149,1,2342.68265209363,1723.600748257894,759.5489178530383,4825.832318204562,2961.8656103714525,2,4825.832318204562,"[""C001"", ""L002"", ""R004"", ""R008""]",4,0.0,1863.96670783311,550.558639662295,decision,9999.999999999998,,1779.983825714807,"[""C000"", ""L004"", ""L015"", ""R001""]","[""R004""]",1846.3430413020756,0.17799838257148073,20010,3,4,1,,,,,,,,regular,147.80761513312973
0.0,"[""L007""]",1872.8225209424106,1,decision:regular:b1:r011,4899.925311461684,1,0.4899925311461684,1248.6072798667517,1,2719.904453130559,1606.8931494838146,573.1277088473112,4899.925311461685,2618.1069848358657,4348.414138154884,3122.667171095971,2,4899.925311461685,"[""C001"", ""L035"", ""R006"", ""R007""]",4,0.0,-551.5111733067997,1777.258140365714,528.6508604989625,29.51837131732077,0.6,1,5038.994978654683,1,0.5038994978654683,1278.1256511840725,1,2721.4646151087672,1605.4818459033063,712.0485176426096,5038.994978654682,3212.7065120286716,2,5038.994978654683,"[""C001"", ""L007"", ""R006"", ""R007""]",4,0.0,1826.2884666260115,548.1628154419392,decision,10000.0,,90.03934093270072,"[""L035""]","[""C001"", ""R006"", ""R007""]",139.06966719299817,0.009003934093270072,20011,1,1,3,,,,,,,,regular,19.511954942976672
0.0,"[""L002"", ""R007""]",1928.3087151060513,1,decision:regular:b1:r012,3649.615673811027,1,0.3649615673811027,1267.5726996525661,1,2394.2744829391813,850.6228303261947,404.7183605456514,3649.6156738110276,2681.075860651991,4474.640480531352,1956.5304092678252,2,3649.6156738110276,"[""C001"", ""L020"", ""R005"", ""R008""]",4,0.0,825.0248067203252,1693.0852645432024,425.5125648906362,-0.7275447205738601,0.3333333333333333,1,4528.739156445828,1,0.45287391564458274,1266.8451549319923,1,2956.9861657711417,899.2391755542333,672.5138151204529,4528.7391564458285,2706.4388846909746,2,4528.739156445828,"[""C001"", ""L002"", ""R005"", ""R007""]",4,0.0,1822.300271754853,555.4551168228606,decision,10000.000000000002,,749.9084754231494,"[""L020"", ""R008""]","[""C001"", ""R005""]",879.1234826348,0.07499084754231493,20012,2,2,2,,,,,,,,regular,129.94255193222443
3.410605131648481e-13,"[""L033"", ""R005""]",1892.6071145075125,1,decision:regular:b1:r013,4218.7445240697925,2,0.4218744524069792,1342.3958946539533,0,1519.6199337119708,1463.487200937961,1235.637389419861,4218.7445240697925,2698.584449887046,4438.734746026117,2482.0057525720185,1,4218.7445240697925,"[""C001"", ""C002"", ""R004""]",3,0.0,219.9902219563246,1736.7387714977738,394.3428768438205,-36.766252936107776,0.4,1,4996.921400333214,1,0.49969214003332124,1305.6296417178455,1,2094.255710411114,1476.095565738905,1426.5701241831955,4996.921400333214,3105.530108124127,2,4996.921400333214,"[""C001"", ""L033"", ""R004"", ""R005""]",4,0.0,1891.3912922090867,585.7616504912413,decision,10000.000000000002,,623.5243555521083,"[""C002""]","[""C001"", ""R004""]",778.176876263421,0.06235243555521082,20013,2,1,2,,,,,,,,regular,191.41877364742084
2.2737367544323206e-13,"[""C001"", ""L020"", ""R005""]",1916.4029953586999,1,decision:regular:b1:r014,3575.7016345376796,1,0.35757016345376796,1385.3637600305387,0,1225.2937404725944,1432.5511623166778,917.856731748407,3161.038638952997,2903.1244902545786,4816.160839658846,1744.1606628905433,3,3575.7016345376796,"[""C002"", ""R003"", ""R004"", ""R006""]",4,0.0,1240.4592051211666,1831.5409716471363,446.1772116165976,-68.16578803074981,0.14285714285714285,1,4725.899276132515,1,0.4725899276132515,1317.197971999789,1,2442.8086399728563,1532.1075037321775,750.9831324274818,4725.899276132515,2837.4070702520194,2,4725.899276132515,"[""C001"", ""L020"", ""R005"", ""R006""]",4,0.0,1888.4922058804962,571.2942338807072,decision,9999.999999999998,,1093.246407361476,"[""C002"", ""R003"", ""R004""]","[""R006""]",1150.1976415948357,0.10932464073614763,20014,3,3,1,,,,,,,,regular,125.11702226410961
0.0,"[""L019"", ""R000"", ""R001""]",1910.5076323323358,1,decision:regular:b1:r015,3415.214213988696,2,0.3415214213988696,1431.4355577977722,1,1128.330487695817,1295.3458605833816,991.5378657094972,3002.1510997658715,2901.1991841475137,4811.706816479849,1635.1814406256103,1,3415.2142139886964,"[""C001"", ""C002"", ""L018"", ""R006""]",4,0.0,1396.4926024911533,1780.032773363086,348.597215565314,-179.9141221830805,0.14285714285714285,1,4799.219961327239,1,0.47992199613272385,1251.5214356146917,1,2043.2846912244163,1664.0138306632775,1091.9214394395447,4799.219961327239,2969.0451065003076,2,4799.219961327239,"[""C001"", ""L019"", ""R000"", ""R001""]",4,0.0,1830.174854826931,578.6534192122396,decision,10000.0,,1333.8636658746973,"[""C002"", ""L018"", ""R006""]","[""C001""]",1384.0057473385423,0.13338636658746972,20015,3,3,1,,,,,,,,regular,230.05620364692555
0.0,"[""C001"", ""R005""]",1890.756548733357,1,decision:regular:b1:r016,3175.703404112415,1,0.3175703404112415,1274.5360910273153,1,1151.0726116398926,1349.9822489474006,674.6485435251216,2617.7711035154025,2571.799322512038,4353.901839713114,1488.3500955213171,2,3175.7034041124143,"[""C000"", ""L027"", ""R004"", ""R007""]",4,0.0,1178.1984356006992,1687.3533085910972,412.8172175637819,2.5865218750036547,0.3333333333333333,1,5126.0874515147625,1,0.5126087451514763,1277.122612902319,1,2366.142455882343,1506.9047707685786,1253.0402248638404,5126.087451514762,3262.786670038574,2,5126.087451514762,"[""C001"", ""L027"", ""R005"", ""R007""]",4,0.0,1863.3007814761877,586.1781685738689,decision,10000.0,,1774.4365745172568,"[""C000"", ""R004""]","[""L027"", ""R007""]",1950.3840474023473,0.1774436574517257,20016,2,2,2,,,,,,,,regular,173.36095101008698
0.0,"[""C001""]",1926.2435906350136,1,decision:regular:b1:r017,2522.5567854367796,1,0.252255678543678,1287.4999857028213,1,1263.2260056891462,409.951956248322,849.3788234993112,2522.556785436779,2431.9216217570765,4257.159789058028,880.3635392570695,2,2522.556785436779,"[""C000"", ""L014"", ""R003"", ""R007""]",4,555.2940076084919,1734.6030036212483,1642.1932461797096,354.6932604768883,-28.996027029046218,0.6,1,5031.605161830777,1,0.5031605161830778,1258.503958673775,1,2198.886760367989,1577.5145114060288,1255.2038900567595,5031.605161830777,3189.179725623967,2,5031.605161830777,"[""C001"", ""L014"", ""R003"", ""R007""]",4,0.0,1842.4254362068104,583.9214775330355,decision,10000.0,,2308.8161863668975,"[""C000""]","[""L014"", ""R003"", ""R007""]",2509.0483763939983,0.23088161863668974,20017,1,1,3,,,,,,,,regular,229.22821705614717
-2.2737367544323206e-13,"[""C001"", ""L026"", ""R002""]",1903.273814374641,1,decision:regular:b1:r018,3100.782438681643,1,0.3100782438681643,1390.4746296195192,0,1314.7366637477726,1026.1698663485881,759.8759085852823,2744.719950192224,2387.1589719766353,4290.432786351276,1309.6435024901375,3,3100.782438681643,"[""C000"", ""R003"", ""R004"", ""R005""]",4,0.0,1189.6503476696334,1791.1389361915053,400.6643065719861,-73.69883647646543,0.14285714285714285,1,4926.429326947711,1,0.4926429326947711,1316.7757931430538,1,1614.0576619916862,2076.2737834263075,1236.0978815297176,4926.429326947712,3037.469098151836,2,4926.429326947711,"[""C001"", ""L026"", ""R002"", ""R003""]",4,0.0,1888.9602287958749,572.1844356528211,decision,10000.000000000002,,1727.8255956616986,"[""C000"", ""R004"", ""R005""]","[""R003""]",1825.6468882660683,0.17278255956616984,20018,3,3,1,,,,,,,,regular,171.52012908083498
0.0,"[""C001"", ""R004"", ""R008""]",1893.2004354466148,1,decision:regular:b1:r019,3343.1717449406774,1,0.3343171744940677,1338.6098672642029,0,896.6677422488514,1108.0144443862703,1338.4895583055559,3343.1717449406774,2842.3926804371144,4735.593115883729,1554.027836150488,3,3343.1717449406774,"[""C000"", ""R002"", ""R003"", ""R007""]",4,0.0,1392.421370943052,1789.1439087901895,450.5340415259867,-108.45893089919696,0.0,1,4426.807805561242,1,0.44268078055612425,1230.150936365006,0,606.1222284849098,2318.639623215901,1502.0459538604316,4426.807805561242,2641.869978505957,2,4426.807805561242,"[""C001"", ""R004"", ""R008""]",3,0.0,1784.9378270552852,554.7868906902794,decision,9999.999999999998,,1087.8421423554692,"[""C000"", ""R002"", ""R003"", ""R007""]",[],1083.6360606205649,0.10878421423554693,20019,3,4,0,,,,,,,,regular,104.25284916429268
0.0,"[""C001"", ""R003""]",3175.5336419803734,2,decision:regular:b2:r000,6632.0912450176,0,0.6632091245017601,2059.7262162931024,2,2965.720892522794,2188.3711187779545,1477.9992337168514,5678.864125457512,3984.1867939806843,7065.206080208973,3610.1804051237445,6,6632.0912450176,"[""L014"", ""L017"", ""R000"", ""R002"", ""R004"", ""R005"", ""R006"", ""R008""]",8,0.0,433.11483519137255,3021.9108398938556,962.1846236007531,91.85990967453426,0.5,1,7654.585511134868,1,0.7654585511134868,2151.5861259676367,1,2939.0871495086276,2858.1810769597073,1857.3172846665339,7654.585511134868,4504.423284297153,5,7654.585511134868,"[""C001"", ""L014"", ""R000"", ""R003"", ""R004"", ""R005"", ""R006""]",7,0.0,3150.162226837715,998.5761008700782,decision,10000.0,,894.2428791734087,"[""L017"", ""R002"", ""R008""]","[""L014"", ""R000"", ""R004"", ""R005"", ""R006""]",1022.4942661172681,0.08942428791734088,20000,2,3,5,,,,,,,,regular,36.39147726932515
0.0,"[""R000"", ""R006"", ""R008""]",3185.488871080683,2,decision:regular:b2:r001,5566.447201235998,2,0.5566447201235999,2317.7945370423395,1,2935.57748071933,1202.9629368433802,1427.906783673287,4496.725141843506,4557.429995808272,7732.873974532569,2608.3096898584436,4,5566.447201235998,"[""C000"", ""C001"", ""L002"", ""R002"", ""R004"", ""R005"", ""R007""]",7,0.0,2166.426773296571,2958.137511377555,640.3429743352154,-97.20092411392443,0.4,1,7538.421966270205,1,0.7538421966270206,2220.593612928415,1,3952.896121086964,1585.5258451832406,2000.0,7538.421966270204,4383.1632606217545,5,7538.4219662702035,"[""C001"", ""L002"", ""R000"", ""R002"", ""R004"", ""R006"", ""R008""]",7,0.0,3155.258705648449,934.6650927200342,decision,9999.999999999996,,1774.853570763311,"[""C000"", ""R005"", ""R007""]","[""C001"", ""L002"", ""R002"", ""R004""]",1971.9747650342051,0.17748535707633115,20001,3,3,4,,,,,,,,regular,294.32211838481874
2.2737367544323206e-13,"[""L031"", ""R005""]",3188.7406292029577,2,decision:regular:b2:r002,6805.289249355445,1,0.6805289249355446,2208.435215279172,3,3494.8545488964974,2018.6936356979718,1291.7410647609754,6237.762765907159,3895.188000167213,7081.548513710806,3660.7510927849407,4,6805.289249355444,"[""C001"", ""L005"", ""L013"", ""L016"", ""R003"", ""R006"", ""R007"", ""R008""]",8,0.0,276.25926435536167,3144.538156570503,936.1029412913308,-143.2629021463472,0.5,1,7334.54179040547,1,0.7334541790405471,2065.172313132825,2,3649.3240568531173,2449.011036724018,1236.2066968283343,7334.54179040547,4247.44638416756,4,7334.54179040547,"[""C001"", ""L016"", ""L031"", ""R003"", ""R005"", ""R006"", ""R008""]",7,0.0,3087.0954062379105,1021.9230931050859,decision,10000.0,,586.695291382619,"[""L005"", ""L013"", ""R007""]","[""C001"", ""L016"", ""R003"", ""R006"", ""R008""]",529.2525410500266,0.05866952913826189,20002,2,3,5,,,,,,,,regular,85.82015181375505
-1.1368683772161603e-13,"[""L000"", ""R003""]",3205.9526564571543,2,decision:regular:b2:r003,7725.3935195009435,1,0.7725393519500944,2255.119507746989,1,3174.157170844347,2721.4296617338478,1829.8066869227487,7725.3935195009435,4374.34334822702,7580.2960046841745,4519.440863043789,5,7725.3935195009435,"[""C001"", ""L030"", ""R000"", ""R001"", ""R004"", ""R005"", ""R008""]",7,0.0,-145.09751481676903,3205.9526564571543,950.8331487101656,-23.959074484438588,0.5555555555555556,1,7823.193373664259,1,0.7823193373664259,2231.16043326255,1,3375.895351934112,2617.7426713878913,1829.5553503422548,7823.193373664259,4617.240717207104,5,7823.193373664259,"[""C001"", ""L000"", ""R000"", ""R001"", ""R003"", ""R005"", ""R008""]",7,0.0,3205.9526564571543,974.792223194604,decision,10000.0,,97.7998541633151,"[""L030"", ""R004""]","[""C001"", ""R000"", ""R001"", ""R005"", ""R008""]",97.7998541633151,0.00977998541633151,20003,2,2,5,,,,,,,,regular,23.959074484438474
0.0,"[""C001"", ""L001"", ""R000"", ""R004""]",3172.1129311313853,2,decision:regular:b2:r004,4550.326924216981,2,0.4550326924216981,2290.4778412999494,0,2416.530621714666,1303.242357474097,830.5539450282176,4051.3497171479976,4231.207439154949,7363.178631012739,1661.2798667076645,4,4550.32692421698,"[""C000"", ""C002"", ""R001"", ""R003"", ""R006"", ""R008""]",6,0.0,2812.851706795758,2889.0470575093154,598.569216209366,-102.23113835802269,0.3,1,7587.994390726366,1,0.7587994390726366,2188.2467029419267,1,3296.236296132546,2779.741349342741,1512.0167452510793,7587.994390726367,4415.881459594981,5,7587.994390726366,"[""C001"", ""L001"", ""R000"", ""R001"", ""R004"", ""R006"", ""R008""]",7,0.0,3172.1129311313853,983.8662281894585,decision,9999.999999999998,,2754.601592887316,"[""C000"", ""C002"", ""R003""]","[""R001"", ""R006"", ""R008""]",3037.667466509386,0.2754601592887317,20004,4,3,3,,,,,,,,regular,385.2970119800925
-9.094947017729282e-13,"[""L000"", ""L029"", ""R001"", ""R006""]",3168.562767407847,2,decision:regular:b2:r005,5668.71406340867,2,0.566871406340867,2293.7896509660486,0,2516.4807454839915,1631.3609321172576,1520.8723858074209,5668.71406340867,4426.138062252774,7594.419240708642,2715.628033922497,4,5668.71406340867,"[""C001"", ""C002"", ""R000"", ""R002"", ""R007"", ""R008""]",6,0.0,1925.705177299972,2953.086029486173,659.2963785201248,-168.6245409652729,0.3,1,7216.383198129489,1,0.7216383198129489,2125.1651100007757,2,3556.0664024718767,1970.7169187124712,1689.5998769451412,7216.38319812949,4156.029009858517,4,7216.38319812949,"[""C001"", ""L000"", ""L029"", ""R001"", ""R002"", ""R006"", ""R007""]",7,0.0,3060.354188270972,935.1890782701961,decision,10000.0,,1440.4009759360206,"[""C002"", ""R000"", ""R008""]","[""C001"", ""R002"", ""R007""]",1547.6691347208198,0.14404009759360206,20005,4,3,3,,,,,,,,regular,275.8926997500713
0.0,"[""L015"", ""R003"", ""R006"", ""R008""]",3199.980170978253,2,decision:regular:b2:r006,6420.804988002656,2,0.6420804988002654,2381.3471041319744,1,2599.5333287121202,1986.159524268654,1835.1121350218807,4502.604166651532,4469.172636381928,7669.152807360181,3356.8150805114556,4,6420.804988002656,"[""C000"", ""C001"", ""L025"", ""R001"", ""R002"", ""R005"", ""R007""]",7,0.0,1248.3478193575256,3063.9899074912,682.6428033592254,-183.78976350896846,0.2727272727272727,1,7392.9553344844635,1,0.7392955334484462,2197.557340623006,1,1999.9767252316688,3470.7246986375612,1922.253910615233,7392.9553344844635,4291.301287817717,5,7392.9553344844635,"[""C001"", ""L015"", ""R001"", ""R003"", ""R005"", ""R006"", ""R008""]",7,0.0,3101.6540466667466,904.0967060437404,decision,10000.000000000004,,934.4862073062613,"[""C000"", ""L025"", ""R002"", ""R007""]","[""C001"", ""R001"", ""R005""]",972.1503464818079,0.0934486207306261,20006,4,4,3,,,,,,,,regular,221.45390268451501
-4.547473508864641e-13,"[""C001"", ""R004""]",3141.465175571333,2,decision:regular:b2:r007,5895.003641953015,1,0.5895003641953015,2153.519219136101,1,2483.9580177539824,1946.9868158193017,1464.0588083797304,5895.003641953014,4348.8783033866475,7428.632663970651,2969.371144821919,5,5895.003641953014,"[""C002"", ""L018"", ""R000"", ""R001"", ""R006"", ""R007"", ""R008""]",7,0.0,1533.629022017636,2925.632497131095,772.1132779949942,59.958463638347894,0.5555555555555556,1,7346.360926901498,1,0.7346360926901497,2213.477682774449,1,3519.8955095421006,2625.101764903926,1201.3636524554722,7346.360926901498,4204.895751330166,5,7346.360926901499,"[""C001"", ""L018"", ""R000"", ""R001"", ""R004"", ""R007"", ""R008""]",7,0.0,3141.465175571333,927.9874927968839,decision,10000.0,,1235.5246065082465,"[""C002"", ""R006""]","[""L018"", ""R000"", ""R001"", ""R007"", ""R008""]",1451.3572849484844,0.12355246065082465,20007,2,2,5,,,,,,,,regular,155.8742148018897
0.0,"[""C001"", ""L011"", ""L034"", ""L035"", ""R001"", ""R003""]",3176.5334724686663,2,decision:regular:b2:r008,4560.34204149726,1,0.45603420414972595,2158.750314924,1,2572.0511653646527,713.881708104125,1274.409168028483,3920.9510310379983,4508.741033456618,7652.523435621339,1761.7395239678767,5,4560.342041497261,"[""C000"", ""L015"", ""R000"", ""R002"", ""R004"", ""R006"", ""R007""]",7,0.0,3092.181394124079,2798.602517529384,639.8522026053838,26.84521776040401,0.15384615384615385,1,7214.0266098761695,1,0.721402660987617,2185.595532684404,3,3450.1820444069476,1924.3822108658806,1839.4623546033417,7214.0266098761695,4037.493137407503,4,7214.0266098761695,"[""C001"", ""L011"", ""L034"", ""L035"", ""R001"", ""R002"", ""R003"", ""R007""]",8,0.0,3176.5334724686663,990.9379397842622,decision,10000.000000000002,,2275.7536134396264,"[""C000"", ""L015"", ""R000"", ""R004"", ""R006""]","[""R002"", ""R007""]",2653.684568378909,0.2275753613439626,20008,6,5,2,,,,,,,,regular,351.0857371788784
2.2737367544323206e-13,"[""L009"", ""R002"", ""R003""]",3171.2583084852613,2,decision:regular:b2:r009,6001.377993594708,2,0.6001377993594708,2321.662200946044,0,2069.3151102391594,2686.606475719872,1245.4564076356767,5448.713245852525,4185.618462409583,7346.782075497489,2960.415140565374,4,6001.377993594708,"[""C001"", ""C002"", ""R000"", ""R004"", ""R005"", ""R008""]",6,0.0,1345.4040819027814,3040.962853029334,719.3006520832898,-136.17670180904133,0.4444444444444444,1,7802.832973425871,1,0.7802832973425872,2185.4854991370025,1,3086.5027946911187,2798.0983142876894,1918.2318644470633,7802.832973425871,4635.422832918705,5,7802.832973425871,"[""C001"", ""L009"", ""R000"", ""R002"", ""R003"", ""R004"", ""R005""]",7,0.0,3167.410140507166,981.9246413701635,decision,10000.0,,1675.0076923533315,"[""C002"", ""R008""]","[""C001"", ""R000"", ""R004"", ""R005""]",1801.4549798311637,0.16750076923533316,20009,3,2,4,,,,,,,,regular,262.62398928687367
-6.821210263296962e-13,"[""C001"", ""R000"", ""R007""]",3206.3886242119406,2,decision:regular:b2:r010,5650.425300486211,1,0.5650425300486211,2230.456408908389,1,2415.5170989081057,1551.8721793674854,1683.0360222106192,5054.4641746927155,4069.9062864871676,7261.872057310104,2616.8128842751257,5,5650.425300486211,"[""C000"", ""L002"", ""R001"", ""R002"", ""R004"", ""R005"", ""R008""]",7,0.0,1611.4467568238924,3033.6124162110855,803.1560073026965,15.134039230320468,0.4,1,7516.23996866298,1,0.751623996866298,2245.5904481387097,1,3654.2869156027446,2185.275592971082,1676.6774600891524,7516.23996866298,4316.088490461809,5,7516.23996866298,"[""C001"", ""L002"", ""R000"", ""R001"", ""R004"", ""R007"", ""R008""]",7,0.0,3200.1514782011704,954.5610300624608,decision,9999.999999999998,,1699.275606186683,"[""C000"", ""R002"", ""R005""]","[""L002"", ""R001"", ""R004"", ""R008""]",1865.8146681767685,0.16992756061866834,20010,3,3,4,,,,,,,,regular,151.40502275976428
3.410605131648481e-13,"[""L027""]",3121.3708682373513,2,decision:regular:b2:r011,7702.835936438108,1,0.7702835936438107,2103.0336893465965,1,3792.483034909164,3050.2519856795266,860.1009158494165,7702.835936438107,4390.0666441309895,7449.218277052998,4629.736517862173,5,7702.835936438108,"[""C001"", ""L035"", ""R001"", ""R004"", ""R005"", ""R006"", ""R007""]",7,0.0,-253.61765938510962,3073.0994185759346,970.0657292293379,5.032517425791411,0.75,1,7867.070489188322,1,0.7867070489188323,2108.066206772388,1,3755.431220844483,2993.3691116461773,1118.2701566976625,7867.070489188322,4757.011382221998,5,7867.070489188322,"[""C001"", ""L027"", ""R001"", ""R004"", ""R005"", ""R006"", ""R007""]",7,0.0,3110.059106966324,1001.9929001939364,decision,10000.0,,127.27486435982519,"[""L035""]","[""C001"", ""R001"", ""R004"", ""R005"", ""R006"", ""R007""]",164.2345527502148,0.012727486435982519,20011,1,1,6,,,,,,,,regular,31.92717096459853
0.0,"[""L002"", ""L022"", ""L032"", ""R003""]",3213.8478585100856,2,decision:regular:b2:r012,5435.351165937099,2,0.5435351165937099,2304.769745293001,0,2966.355301417508,1357.1152814306292,1111.8805830889614,5070.456078171785,4417.542351884932,7617.151115289055,2464.531662155531,4,5435.351165937099,"[""C000"", ""C001"", ""R001"", ""R005"", ""R007"", ""R008""]",6,0.0,2181.7999493519565,2970.8195037815676,666.0497584885666,-104.17142405325467,0.4,1,7289.136730489712,1,0.7289136730489713,2200.5983212397464,3,3641.1644679919673,1991.141912900995,1656.8303495967498,7289.136730489712,4094.4496850007336,4,7289.136730489712,"[""C001"", ""L002"", ""L022"", ""L032"", ""R001"", ""R003"", ""R005"", ""R007""]",8,0.0,3194.6870454889786,994.0887242492322,decision,10000.000000000002,,1629.9180228452024,"[""C000"", ""R008""]","[""C001"", ""R001"", ""R005"", ""R007""]",1853.7855645526133,0.1629918022845202,20012,4,2,4,,,,,,,,regular,328.03896576066563
3.410605131648481e-13,"[""L033"", ""R001"", ""R003""]",3154.345190845854,2,decision:regular:b2:r013,6507.44292851752,2,0.650744292851752,2279.810427969766,0,3113.120006543065,1863.6681022029056,1530.6548197715492,6507.442928517518,4384.193381280207,7509.732534880824,3489.2553419565634,4,6507.442928517519,"[""C001"", ""C002"", ""R004"", ""R005"", ""R007"", ""R008""]",6,0.0,1002.2896063633034,3018.187586560956,738.3771585911899,-139.50728779858173,0.4444444444444444,1,7607.429011878945,1,0.7607429011878943,2140.303140171184,1,3798.03124989463,2107.406739487839,1701.991022496476,7607.429011878944,4466.252071639896,5,7607.429011878945,"[""C001"", ""L033"", ""R001"", ""R003"", ""R004"", ""R005"", ""R008""]",7,0.0,3141.176940239049,1000.8738000678652,decision,10000.000000000002,,976.9967296833324,"[""C002"", ""R007""]","[""C001"", ""R004"", ""R005"", ""R008""]",1099.9860833614257,0.09769967296833322,20013,3,2,4,,,,,,,,regular,262.49664147667534
5.684341886080801e-13,"[""L020"", ""R008""]",3194.0049922645,2,decision:regular:b2:r014,6754.672866298827,2,0.6754672866298828,2285.840581510643,0,3085.7419360783524,2173.9761388116144,1494.9547914088605,6340.009870714146,4559.947851367493,7670.389121040293,3690.470455831951,4,6754.672866298827,"[""C001"", ""C002"", ""R003"", ""R004"", ""R005"", ""R006""]",6,0.0,915.7162547414655,3064.2024104668762,778.3618289562331,-98.90388366790648,0.625,1,7640.27000378316,1,0.7640270003783161,2186.9366978427365,1,3381.641153270069,2524.834710440101,1733.7941400729906,7640.27000378316,4487.9392640560545,5,7640.27000378316,"[""C001"", ""L020"", ""R003"", ""R004"", ""R005"", ""R006"", ""R008""]",7,0.0,3152.330739727106,965.3940418843695,decision,9999.999999999998,,797.4688082241037,"[""C002""]","[""C001"", ""R003"", ""R004"", ""R005"", ""R006""]",885.597137484333,0.07974688082241038,20014,2,1,5,,,,,,,,regular,187.03221292813635
1.1368683772161603e-13,"[""L019"", ""L026""]",3184.17938722056,2,decision:regular:b2:r015,7353.957255496095,1,0.7353957255496095,2160.127242110925,1,2768.5213839747075,2924.131523749734,1661.3043477716537,7127.0128356743635,4535.30525131697,7674.357064745889,4248.015945322108,5,7353.957255496094,"[""C001"", ""L018"", ""R000"", ""R001"", ""R002"", ""R004"", ""R006""]",7,0.0,320.3998092497941,3105.9413101739865,945.8140680630612,10.09596897221627,0.6666666666666666,1,7509.915987127748,1,0.7509915987127748,2170.2232110831415,3,3058.2974804640235,3036.4429416144785,1415.1755650492462,7509.915987127748,4325.736599907187,4,7509.915987127747,"[""C001"", ""L018"", ""L019"", ""L026"", ""R000"", ""R001"", ""R002"", ""R004""]",8,0.0,3184.17938722056,1013.9561761374184,decision,10000.0,,77.7206545850795,"[""R006""]","[""C001"", ""L018"", ""R000"", ""R001"", ""R002"", ""R004""]",155.95873163165288,0.00777206545850795,20015,2,1,6,,,,,,,,regular,68.14210807435722
0.0,"[""C001"", ""R000""]",3151.2609145555953,2,decision:regular:b2:r016,6172.670311251557,1,0.6172670311251557,2152.496479147468,1,2581.041365455114,2241.1312226866685,1350.497723109775,5614.738010654544,4312.29299588826,7350.868746852257,3229.856166975217,5,6172.670311251558,"[""C000"", ""L027"", ""R003"", ""R004"", ""R005"", ""R007"", ""R008""]",7,0.0,1178.1984356006997,2942.814144276341,790.3176651288725,21.78240499513595,0.5555555555555556,1,8039.725870294347,1,0.8039725870294347,2174.278884142604,1,3694.1504051507563,2683.17506621566,1662.400398927932,8039.725870294347,4896.905754858512,5,8039.725870294348,"[""C001"", ""L027"", ""R000"", ""R003"", ""R005"", ""R007"", ""R008""]",7,0.0,3142.8201154358358,968.5412312932316,decision,10000.0,,1667.0495878832953,"[""C000"", ""R004""]","[""L027"", ""R003"", ""R005"", ""R007"", ""R008""]",1867.0555590427903,0.16670495878832953,20016,2,2,5,,,,,,,,regular,178.2235661643591
2.2737367544323206e-13,"[""L014"", ""L024"", ""L027""]",3210.4059843916893,2,decision:regular:b2:r017,6585.245503369573,2,0.6585245503369573,2311.1722753937433,0,2664.845111925791,2086.4720488269527,1833.928342616829,6585.245503369573,4189.138086763152,7390.582651306224,3468.982237937914,4,6585.245503369573,"[""C000"", ""C001"", ""R000"", ""R003"", ""R005"", ""R007""]",6,555.2940076084919,805.3371479366506,3116.2632654316594,805.0909900379161,-136.1014675140982,0.5555555555555556,1,7816.073714852723,1,0.7816073714852724,2175.070807879645,3,3168.146153271307,2647.9275615814167,2000.0,7816.073714852722,4605.667730461035,4,7816.073714852724,"[""C001"", ""L014"", ""L024"", ""L027"", ""R000"", ""R003"", ""R005"", ""R007""]",8,0.0,3210.4059843916893,1035.3351765120444,decision,10000.0,,1136.685492523121,"[""C000""]","[""C001"", ""R000"", ""R003"", ""R005"", ""R007""]",1230.8282114831509,0.1136685492523121,20017,3,1,5,,,,,,,,regular,230.24418647412836
0.0,"[""C001"", ""R004""]",3172.1230239577353,2,decision:regular:b2:r018,5663.324695468833,1,0.5663324695468833,2226.8948131721722,3,2089.6160382482212,2180.051117565959,1393.6575396546527,5307.262206979413,3752.0727328198113,6894.405909170934,2634.006305114127,4,5663.324695468833,"[""C000"", ""L007"", ""L026"", ""L028"", ""R000"", ""R002"", ""R003"", ""R005""]",8,0.0,1231.0812137021012,3029.318390354706,802.4235771825336,-37.95479146214166,0.6,1,7614.583331008865,1,0.7614583331008865,2188.9400217100306,3,3069.173354985126,3087.00401257674,1458.4059634469988,7614.583331008864,4442.460307051129,4,7614.583331008865,"[""C001"", ""L007"", ""L026"", ""L028"", ""R002"", ""R003"", ""R004"", ""R005""]",8,0.0,3172.1230239577353,983.1830022477046,decision,10000.000000000002,,1808.4540019370024,"[""C000"", ""R000""]","[""L007"", ""L026"", ""L028"", ""R002"", ""R003"", ""R005""]",1951.2586355400317,0.1808454001937002,20018,2,2,6,,,,,,,,regular,180.75942506517106
0.0,"[""C001"", ""L003"", ""L014"", ""L031"", ""R001"", ""R008""]",3155.3340590776916,2,decision:regular:b2:r019,4312.584637716175,2,0.43125846377161753,2243.345058170199,0,1204.1390069081453,1692.4842247150482,1415.9614060929816,4034.5638681051228,4530.265166942398,7612.909442694291,1518.7198376614483,4,4312.584637716176,"[""C000"", ""C002"", ""R002"", ""R003"", ""R004"", ""R007""]",6,0.0,3300.324804978116,2793.8648000547278,550.5197418845288,-91.72578697426798,0.16666666666666666,1,7155.76089465185,1,0.715576089465185,2151.619271195931,3,2151.351070921227,3246.540476601968,1757.8693471286547,7155.760894651849,4002.0580159390242,4,7155.760894651849,"[""C001"", ""L003"", ""L014"", ""L031"", ""R001"", ""R002"", ""R007"", ""R008""]",8,0.0,3153.702878712825,1002.0836075168942,decision,9999.999999999998,,2483.338178277576,"[""C000"", ""C002"", ""R003"", ""R004""]","[""R002"", ""R007""]",2843.1762569356733,0.24833381782775765,20019,6,4,2,,,,,,,,regular,451.5638656323654
6.821210263296962e-13,"[""C001""]",5080.8538271685975,3,decision:regular:b3:r000,9672.455447741408,0,0.9672455447741407,3046.7503960464096,5,4425.193045411982,3247.2624023294256,2000.0000000000002,8965.942463726795,5474.01170309018,9999.238734824648,5169.557494617152,8,9672.455447741408,"[""L007"", ""L014"", ""L020"", ""L029"", ""L031"", ""R000"", ""R001"", ""R002"", ""R003"", ""R004"", ""R005"", ""R006"", ""R008""]",13,0.0,326.7832870832408,4502.897953124256,1456.147557077846,-47.717455134936245,0.7142857142857143,1,10000.0,1,1.0,2999.0329409114734,3,4500.000000000001,3500.0,2000.0000000000002,9293.487015985389,5617.3162238123205,7,10000.0,"[""C001"", ""L007"", ""L014"", ""L029"", ""R000"", ""R001"", ""R003"", ""R004"", ""R005"", ""R006"", ""R008""]",11,0.0,4382.6837761876795,1383.6508352762066,decision,10000.0,,447.7587291951686,"[""L020"", ""L031"", ""R002""]","[""L007"", ""L014"", ""L029"", ""R000"", ""R001"", ""R003"", ""R004"", ""R005"", ""R006"", ""R008""]",327.5445522585924,0.04477587291951686,20000,1,3,10,,,,,,,,regular,-72.4967218016393
0.0,"[""L001"", ""L002"", ""L011"", ""L016"", ""L022"", ""L031"", ""R001"", ""R006""]",5096.782193729094,3,decision:regular:b3:r001,6823.062737843709,2,0.6823062737843709,3026.5616147617666,1,3821.2442189304243,1001.818518913285,2000.0,6021.083688332092,5759.297374779839,9959.32148676071,2999.3024920444427,6,6823.062737843709,"[""C000"", ""C001"", ""L029"", ""R000"", ""R002"", ""R003"", ""R004"", ""R007"", ""R008""]",9,296.6756688877253,3136.258748917,3823.7602457992666,797.1986310375001,-75.75329547369029,0.23529411764705882,1,9429.46312933426,1,0.9429463129334261,2950.8083192880763,6,4408.575816795992,3020.887312538268,2000.0,9429.46312933426,5113.008310188145,5,9429.46312933426,"[""C001"", ""L001"", ""L002"", ""L011"", ""L016"", ""L022"", ""L031"", ""R001"", ""R002"", ""R004"", ""R006"", ""R008""]",12,0.0,4316.454819146116,1365.64649985804,decision,9999.999999999996,,2113.705818143702,"[""C000"", ""L029"", ""R000"", ""R003"", ""R007""]","[""C001"", ""R002"", ""R004"", ""R008""]",2606.4003914905516,0.21137058181437027,20001,8,5,4,,,,,,,,regular,568.4478688205398
0.0,"[""L006"", ""L009"", ""L025"", ""L033"", ""R004""]",5101.985006724733,3,decision:regular:b3:r002,8110.550054715377,1,0.8110550054715379,3179.8197233150486,3,3856.6101440581856,2713.9814664206206,1539.958444236571,7563.863768755853,5360.3132228339855,9917.401421297436,3828.2818350368116,7,8110.550054715377,"[""C001"", ""L005"", ""L016"", ""L018"", ""R000"", ""R002"", ""R003"", ""R005"", ""R006"", ""R007"", ""R008""]",11,0.0,1806.8513665820592,4282.268219678565,1102.4484963635168,-114.82082178605697,0.375,1,9640.678995487657,1,0.9640678995487658,3064.9989015289916,4,4370.877814137026,3499.999999999999,1769.801181350632,9640.678995487659,5174.826206993489,6,9640.678995487659,"[""C001"", ""L006"", ""L009"", ""L025"", ""L033"", ""R002"", ""R003"", ""R004"", ""R005"", ""R006"", ""R008""]",11,0.0,4465.8527884941695,1400.853886965178,decision,10000.0,,1346.5443719566774,"[""L005"", ""L016"", ""L018"", ""R000"", ""R007""]","[""C001"", ""R002"", ""R003"", ""R005"", ""R006"", ""R008""]",1530.1289407722816,0.13465443719566775,20002,5,5,6,,,,,,,,regular,298.4053906016611
0.0,"[""L003"", ""L017"", ""R003"", ""R004""]",5129.524250331448,3,decision:regular:b3:r003,7986.184203051627,2,0.7986184203051627,3100.7153602467383,3,3430.3070754786118,2732.3665797876083,1823.5105477854074,7795.848846662926,5660.286355142429,9994.140007554633,3893.7841167730357,5,7986.184203051627,"[""C000"", ""C001"", ""L000"", ""L027"", ""L030"", ""R000"", ""R001"", ""R002"", ""R005"", ""R008""]",10,0.0,2007.9558045030062,4092.4000862785915,991.6847260318533,-99.6133181810892,0.5,1,9921.022313208523,1,0.9921022313208523,3001.102042065649,4,4500.0,3500.0,1921.022313208523,9921.022313208523,5589.799169592576,6,9921.022313208525,"[""C001"", ""L000"", ""L003"", ""L017"", ""L027"", ""R000"", ""R001"", ""R003"", ""R004"", ""R005"", ""R008""]",11,0.0,4331.223143615949,1330.1211015503,decision,10000.0,,1696.01505281954,"[""C000"", ""L030"", ""R002""]","[""C001"", ""L000"", ""L027"", ""R000"", ""R001"", ""R005"", ""R008""]",1934.8381101568975,0.169601505281954,20003,4,3,7,,,,,,,,regular,338.43637551844665
0.0,"[""C001"", ""R002""]",5075.380689810217,3,decision:regular:b3:r004,7053.68702383821,2,0.705368702383821,3169.9116260128876,2,3312.3458448991523,2263.6571578665353,1477.6840210725222,6331.368227532032,5568.341945744789,10000.0,2883.2910711685554,6,7053.687023838209,"[""C000"", ""C002"", ""L001"", ""L025"", ""R000"", ""R001"", ""R003"", ""R005"", ""R006"", ""R008""]",10,0.0,2946.31297616179,4170.3959526696535,1000.4843266567657,-169.33762711266445,0.6666666666666666,1,10000.0,1,1.0,3000.573998900223,2,4500.0,3500.0000000000005,2000.0000000000002,9776.658410762806,5629.803952607035,7,10000.0,"[""C001"", ""L001"", ""L025"", ""R000"", ""R001"", ""R002"", ""R003"", ""R005"", ""R006"", ""R008""]",10,0.0,4370.196047392965,1369.6220484927417,decision,9999.999999999998,,2746.51288143848,"[""C000"", ""C002""]","[""L001"", ""L025"", ""R000"", ""R001"", ""R003"", ""R005"", ""R006"", ""R008""]",2946.312976161791,0.27465128814384804,20004,2,2,8,,,,,,,,regular,369.137721835976
0.0,"[""L000"", ""L001"", ""L007"", ""L015"", ""L021"", ""L033"", ""R001"", ""R005"", ""R006""]",5069.700427852556,3,decision:regular:b3:r005,6199.920622360939,3,0.6199920622360939,3059.198847333464,2,2237.0783855677855,2441.9698509857326,1520.8723858074209,5809.742788781922,5692.443797881411,10000.0,2345.6658412928264,4,6199.920622360939,"[""C000"", ""C001"", ""C002"", ""L028"", ""L029"", ""R000"", ""R003"", ""R007"", ""R008""]",9,513.3345316919848,3800.079377639061,3854.2547810681126,795.0559337346484,-168.0350013520897,0.16666666666666666,1,9178.69451267781,1,0.917869451267781,2891.1638459813744,7,4079.395986540771,3125.568494566851,1973.7300315701902,9178.694512677812,4946.516671606331,4,9178.694512677812,"[""C001"", ""L000"", ""L001"", ""L007"", ""L015"", ""L021"", ""L029"", ""L033"", ""R001"", ""R005"", ""R006"", ""R007""]",12,0.0,4232.1778410714805,1341.0139950901062,decision,10000.0,,2600.850830313505,"[""C000"", ""C002"", ""L028"", ""R000"", ""R003"", ""R008""]","[""C001"", ""L029"", ""R007""]",2978.773890316873,0.2600850830313505,20005,9,6,3,,,,,,,,regular,545.9580613554577
-6.821210263296962e-13,"[""L009"", ""R003"", ""R008""]",5119.968273565206,3,decision:regular:b3:r006,8299.978153306352,2,0.8299978153306351,3183.1827477236293,4,3747.2752146341795,2630.4490280569394,1922.253910615233,5909.016172664651,5609.071281699461,10000.000000000002,4146.771682162929,5,8299.978153306352,"[""C000"", ""C001"", ""L007"", ""L015"", ""L021"", ""L023"", ""R001"", ""R002"", ""R005"", ""R006"", ""R007""]",11,140.31755915129733,1700.0218466936494,4153.206471143423,970.0237234197944,171.04822953732491,0.5714285714285714,1,9482.302212746265,2,0.9482302212746263,3354.230977260954,3,4060.048302131031,3500.0,1922.253910615233,7330.675373398201,4974.577281846688,6,9482.302212746265,"[""C000"", ""C001"", ""L007"", ""L009"", ""L015"", ""R001"", ""R003"", ""R005"", ""R006"", ""R007"", ""R008""]",11,0.0,4507.724930899577,1153.4939536386225,decision,10000.000000000004,,827.8055996837584,"[""L021"", ""L023"", ""R002""]","[""C000"", ""C001"", ""L007"", ""L015"", ""R001"", ""R005"", ""R006"", ""R007""]",1182.3240594399122,0.08278055996837581,20006,3,3,8,,,,,,,,regular,183.4702302188282
0.0,"[""C001"", ""L007"", ""L010"", ""L015"", ""L017""]",5026.344280914133,3,decision:regular:b3:r007,8074.015284925031,1,0.8074015284925031,3044.8610195437877,3,3487.7267749550238,2685.9157038370604,1900.3728061329466,7944.347158726838,5681.423982762566,10000.0,3960.851985114833,7,8074.01528492503,"[""C002"", ""L005"", ""L011"", ""L018"", ""R000"", ""R001"", ""R003"", ""R004"", ""R006"", ""R007"", ""R008""]",11,0.0,1925.9847150749692,4113.163299810197,1068.302280266409,100.0150578000439,0.4375,1,9903.631127176905,1,0.9903631127176905,3144.8760773438316,5,4500.0,3415.479712906703,1988.1514142702033,9684.011338531918,5404.307811959498,6,9903.631127176905,"[""C001"", ""L007"", ""L010"", ""L011"", ""L015"", ""L017"", ""R000"", ""R001"", ""R003"", ""R006"", ""R007"", ""R008""]",12,0.0,4499.323315217406,1354.4472378735745,decision,10000.0,,1443.4558268446654,"[""C002"", ""L005"", ""L018"", ""R004""]","[""L011"", ""R000"", ""R001"", ""R003"", ""R006"", ""R007"", ""R008""]",1829.6158422518747,0.14434558268446654,20007,5,4,7,,,,,,,,regular,286.14495760716545
-4.547473508864641e-13,"[""C001"", ""L008"", ""L025"", ""L026"", ""L032"", ""L034"", ""L035"", ""R001"", ""R008""]",5082.453555949866,3,decision:regular:b3:r008,5663.002061946578,1,0.5663002061946578,2911.951474563657,2,3137.9027889920385,764.5350404604135,1760.5642324941268,4621.304385166706,5740.518567478192,9997.07673423687,1946.5534342403012,7,5663.0020619465795,"[""C000"", ""L011"", ""L015"", ""R000"", ""R002"", ""R003"", ""R004"", ""R005"", ""R006"", ""R007""]",10,0.0,4334.074672290293,3716.4486277062783,804.4971531426213,111.74209792751662,0.15789473684210525,1,9133.12785136541,1,0.913312785136541,3023.6935724911737,6,4500.000000000001,2633.1278513654092,2000.0000000000005,9133.12785136541,4776.062328134198,5,9133.12785136541,"[""C001"", ""L008"", ""L025"", ""L026"", ""L032"", ""L034"", ""L035"", ""R001"", ""R002"", ""R003"", ""R007"", ""R008""]",12,0.0,4357.065523231213,1333.371950740039,decision,10000.000000000002,,2829.5088938938966,"[""C000"", ""L011"", ""L015"", ""R000"", ""R004"", ""R005"", ""R006""]","[""R002"", ""R003"", ""R007""]",3470.125789418831,0.2829508893893896,20008,9,7,3,,,,,,,,regular,528.8747975974177
-6.821210263296962e-13,"[""L017"", ""L022"", ""L023"", ""R002""]",5074.013293576419,3,decision:regular:b3:r009,8488.615088679999,2,0.8488615088679998,3116.4560677762456,2,3402.2684893547557,3168.1147348781815,1918.2318644470633,8037.224695624758,5564.361823997439,10000.0,4258.461378236243,6,8488.61508868,"[""C000"", ""C001"", ""L009"", ""L025"", ""R000"", ""R001"", ""R003"", ""R004"", ""R005"", ""R008""]",10,0.0,1511.3849113200013,4230.1537104437575,1113.6976426675121,-159.85856145868865,0.5,1,9920.566888402474,1,0.9920566888402474,2956.597506317557,4,4420.566888402474,3499.9999999999995,2000.0,9920.566888402474,5603.9498823075355,6,9920.566888402474,"[""C001"", ""L009"", ""L017"", ""L022"", ""L023"", ""R000"", ""R001"", ""R002"", ""R003"", ""R004"", ""R005""]",11,0.0,4316.617006094939,1360.0194997773815,decision,10000.0,,1345.4885040712925,"[""C000"", ""L025"", ""R008""]","[""C001"", ""L009"", ""R000"", ""R001"", ""R003"", ""R004"", ""R005""]",1431.9517997224739,0.13454885040712924,20009,4,3,7,,,,,,,,regular,246.32185710986937
-2.2737367544323206e-13,"[""L002"", ""L007"", ""L009"", ""L018"", ""L030"", ""L033"", ""R000"", ""R007""]",5130.221798739105,3,decision:regular:b3:r010,8053.7305416906,2,0.80537305416906,3102.362483112404,1,4157.7721851930055,2234.697146289759,1661.2612102078347,7229.197501121609,5571.794390230319,9964.250778085428,3920.234867418155,6,8053.730541690599,"[""C000"", ""C001"", ""L000"", ""R001"", ""R002"", ""R004"", ""R005"", ""R006"", ""R008""]",9,0.0,1910.5202363948283,4133.495674272444,1031.1331911600407,2.223601744854477,0.23529411764705882,1,9877.803300125408,1,0.9877803300125408,3104.5860848572584,6,4393.825189651291,3483.978110474118,2000.0,9877.803300125408,5342.291611152707,5,9877.803300125408,"[""C001"", ""L002"", ""L007"", ""L009"", ""L018"", ""L030"", ""L033"", ""R000"", ""R004"", ""R005"", ""R007"", ""R008""]",12,0.0,4535.5116889727005,1430.9256041154422,decision,9999.999999999998,,1422.0567437345526,"[""C000"", ""L000"", ""R001"", ""R002"", ""R006""]","[""C001"", ""R004"", ""R005"", ""R008""]",1824.0727584348087,0.14220567437345527,20010,8,5,4,,,,,,,,regular,399.79241295540146
6.821210263296962e-13,"[""L009"", ""L019"", ""L027"", ""R000"", ""R008""]",4994.193389179763,3,decision:regular:b3:r011,8566.60333277244,1,0.856660333277244,2978.2152278748363,7,4115.499204304583,3301.8584541349383,1149.245674332919,8466.962317662097,5503.049669823772,9910.425981882696,4449.380441021267,5,8566.60333277244,"[""C001"", ""L000"", ""L001"", ""L022"", ""L029"", ""L033"", ""L034"", ""L035"", ""R001"", ""R004"", ""R005"", ""R006"", ""R007""]",13,164.88657606395645,1343.822649110256,4117.222891751173,1139.0076638763362,-92.94247017553835,0.3333333333333333,1,9874.507144550958,1,0.9874507144550958,2885.272757699298,4,4500.0,3500.0,1874.507144550958,9874.507144550957,5657.446559245924,6,9874.507144550958,"[""C001"", ""L009"", ""L019"", ""L022"", ""L027"", ""R000"", ""R004"", ""R005"", ""R006"", ""R007"", ""R008""]",11,0.0,4217.060585305035,1331.787827605737,decision,10000.0,,1208.0661182246567,"[""L000"", ""L001"", ""L029"", ""L033"", ""L034"", ""L035"", ""R001""]","[""C001"", ""L022"", ""R004"", ""R005"", ""R006"", ""R007""]",1307.9038117785185,0.12080661182246567,20011,5,7,6,,,,,,,,regular,192.78016372940078
0.0,"[""L001"", ""L002"", ""L010"", ""L022"", ""L024"", ""R000"", ""R002""]",5142.156573616137,3,decision:regular:b3:r012,7004.831763423997,2,0.7004831763423996,3055.791964385419,1,3405.794390525871,2177.711142152578,1421.3262307455475,6313.005694304626,5603.949779672958,9922.3891905988,3048.320171663414,6,7004.831763423996,"[""C000"", ""C001"", ""L020"", ""R001"", ""R003"", ""R005"", ""R006"", ""R007"", ""R008""]",9,0.0,2917.5574271748037,3956.5115917605817,900.719627375163,163.1590251337352,0.3125,1,9972.208644659146,1,0.9972208644659145,3218.950989519154,5,4500.000000000001,3472.2086446591456,2000.0000000000002,9972.208644659146,5325.669417437635,6,9972.208644659146,"[""C001"", ""L001"", ""L002"", ""L010"", ""L022"", ""L024"", ""R000"", ""R001"", ""R002"", ""R003"", ""R005"", ""R007""]",12,0.0,4646.53922722151,1427.5882377023563,decision,10000.000000000002,,2277.3492457742213,"[""C000"", ""L020"", ""R006"", ""R008""]","[""C001"", ""R001"", ""R003"", ""R005"", ""R007""]",2967.37688123515,0.2277349245774221,20012,7,4,5,,,,,,,,regular,526.8686103271933
0.0,"[""L008"", ""L015"", ""L033"", ""R000""]",5046.952305353367,3,decision:regular:b3:r013,8170.8227822406425,2,0.8170822782240641,3098.405543339647,2,4334.303544228009,2134.5282155161576,1701.991022496476,7205.932003130266,5639.192608699835,10000.000000000002,4056.1355378606704,6,8170.822782240642,"[""C001"", ""C002"", ""L005"", ""L026"", ""R001"", ""R003"", ""R004"", ""R005"", ""R007"", ""R008""]",10,0.0,1829.1772177593593,4114.687244379971,1016.2817010403245,-171.13831517871813,0.5,1,9539.15482084507,1,0.9539154820845068,2927.267228160929,4,4498.846459701224,3338.317338647369,1701.991022496476,9539.15482084507,5287.910112307645,6,9539.15482084507,"[""C001"", ""L008"", ""L015"", ""L026"", ""L033"", ""R000"", ""R001"", ""R003"", ""R004"", ""R005"", ""R008""]",11,0.0,4251.244708537424,1323.9774803764958,decision,10000.000000000002,,1231.7745744469748,"[""C002"", ""L005"", ""R007""]","[""C001"", ""L026"", ""R001"", ""R003"", ""R004"", ""R005"", ""R008""]",1368.332038604428,0.12317745744469746,20013,4,3,7,,,,,,,,regular,307.6957793361713
0.0,"[""L001"", ""L012"", ""L020"", ""R001"", ""R003"", ""R008""]",5110.4079876232,3,decision:regular:b3:r014,7446.863950362969,3,0.744686395036297,3055.1678017656486,2,3462.8516983370237,2319.683129379556,1664.3291226463903,6955.710557591689,5818.117420538383,10000.0,3505.6615836929977,4,7446.863950362969,"[""C000"", ""C001"", ""C002"", ""L010"", ""L011"", ""R000"", ""R004"", ""R005"", ""R006""]",9,0.0,2553.1360496370307,3941.2023666699715,886.0345649043227,-74.19431005199522,0.3333333333333333,1,9770.685658203918,1,0.9770685658203918,2980.9734917136534,4,4382.323298677715,3388.3623595262034,2000.0,9770.685658203918,5447.079485908507,6,9770.685658203918,"[""C001"", ""L001"", ""L010"", ""L012"", ""L020"", ""R001"", ""R003"", ""R004"", ""R005"", ""R006"", ""R008""]",11,0.0,4323.606172295411,1342.6326805817573,decision,9999.999999999998,,1941.4179022155095,"[""C000"", ""C002"", ""L011"", ""R000""]","[""C001"", ""L010"", ""R004"", ""R005"", ""R006""]",2323.821707840949,0.19414179022155098,20014,6,4,5,,,,,,,,regular,456.59811567743463
-2.2737367544323206e-13,"[""L014"", ""L026"", ""R004"", ""R008""]",5094.687019552896,3,decision:regular:b3:r015,8532.550187973098,1,0.8532550187973098,2981.768080987117,5,3802.65371252182,2886.4548614585065,1843.441613992772,7975.556145407827,5631.240118827965,10000.0,4404.443701154307,6,8532.550187973098,"[""C001"", ""L018"", ""L019"", ""L023"", ""L028"", ""L031"", ""R000"", ""R001"", ""R002"", ""R005"", ""R006"", ""R007""]",12,136.46192444488258,1467.4498120269018,4128.106486818791,1146.3384058316744,129.98974224318863,0.4375,1,9999.327924489375,1,0.9999327924489375,3111.757823230306,3,4500.0,3500.0,1999.3279244893758,9999.327924489375,5495.895677628257,7,9999.327924489375,"[""C001"", ""L014"", ""L018"", ""L026"", ""R000"", ""R001"", ""R002"", ""R004"", ""R005"", ""R007"", ""R008""]",11,0.0,4503.432246861118,1391.6744236308123,decision,10000.0,,1091.4519764739498,"[""L019"", ""L023"", ""L028"", ""L031"", ""R006""]","[""C001"", ""L018"", ""R000"", ""R001"", ""R002"", ""R005"", ""R007""]",1466.7777365162765,0.10914519764739498,20015,4,5,7,,,,,,,,regular,245.33601779913784
0.0,"[""L005"", ""L034"", ""R006""]",5042.017463288953,3,decision:regular:b3:r016,8988.379436173605,2,0.8988379436173606,3012.2989703131625,1,3941.380339048105,3224.1042430401267,1822.8948540853744,8190.650194340504,5802.634445991146,10000.0,4899.205593890227,6,8988.379436173607,"[""C000"", ""C001"", ""L027"", ""R000"", ""R003"", ""R004"", ""R005"", ""R007"", ""R008""]",9,0.0,1011.6205638263946,4089.173842283381,1076.8748719702185,-255.32941367945568,0.5833333333333334,1,9603.196715789605,1,0.9603196715789605,2756.969556633707,3,4134.865389356124,3490.5909500630705,1977.740376370411,9603.196715789605,5600.048631530486,6,9603.196715789607,"[""C001"", ""L005"", ""L027"", ""L034"", ""R000"", ""R003"", ""R005"", ""R006"", ""R007"", ""R008""]",10,0.0,4003.1480842591213,1246.1785276254145,decision,10000.0,,700.8430376402594,"[""C000"", ""R004""]","[""C001"", ""L027"", ""R000"", ""R003"", ""R005"", ""R007"", ""R008""]",614.8172796159997,0.07008430376402594,20016,3,2,7,,,,,,,,regular,169.30365565519605
-4.547473508864641e-13,"[""L010"", ""L025"", ""L027"", ""L028"", ""R004""]",5136.649575026703,3,decision:regular:b3:r017,7680.235746907253,3,0.7680235746907254,3181.8685390888104,2,3292.4860979371006,2553.8213063533226,1833.928342616829,7496.491469797363,5527.091083485135,9925.066543602134,3501.811519536577,4,7680.235746907252,"[""C000"", ""C001"", ""C002"", ""L007"", ""L014"", ""R000"", ""R003"", ""R005"", ""R007""]",9,555.2940076084919,2244.8307966948805,4178.424227370675,996.5556882818646,-211.17818034459742,0.5,1,9723.364880809764,1,0.9723364880809764,2970.690358744213,6,4500.0,3223.364880809765,2000.0,9723.364880809766,5362.66971955712,5,9723.364880809764,"[""C001"", ""L007"", ""L010"", ""L014"", ""L025"", ""L027"", ""L028"", ""R000"", ""R003"", ""R004"", ""R005"", ""R007""]",12,0.0,4360.6951612526445,1390.004802508431,decision,10000.0,,1860.8582000205424,"[""C000"", ""C002""]","[""C001"", ""L007"", ""L014"", ""R000"", ""R003"", ""R005"", ""R007""]",2043.129133902512,0.18608582000205423,20017,5,2,7,,,,,,,,regular,393.4491142265665
0.0,"[""C001"", ""L006"", ""L014"", ""L024"", ""L025"", ""L027""]",5075.396838332377,3,decision:regular:b3:r018,7449.578574311981,2,0.7449578574311981,3308.800477653713,5,3059.6810969894914,2879.532265013099,1510.3652123093914,7287.475297543947,5361.850872153824,9987.031100890128,3032.641605712328,5,7449.578574311981,"[""C000"", ""C002"", ""L003"", ""L007"", ""L019"", ""L026"", ""L028"", ""R001"", ""R002"", ""R003"", ""R004"", ""R005""]",12,0.0,2537.4525265781467,4416.9369685996535,1108.1364909459398,-150.38666203592447,0.4444444444444444,1,9970.061448527103,1,0.9970061448527103,3158.4138156177887,9,4500.0,3470.061448527104,2000.0,9970.061448527103,5332.255564811406,4,9970.061448527105,"[""C001"", ""L003"", ""L006"", ""L007"", ""L014"", ""L019"", ""L024"", ""L025"", ""L026"", ""L027"", ""R002"", ""R003"", ""R004"", ""R005""]",14,0.0,4637.8058837157,1479.3920680979106,decision,10000.000000000002,,2299.613959099078,"[""C000"", ""C002"", ""L028"", ""R001""]","[""L003"", ""L007"", ""L019"", ""L026"", ""R002"", ""R003"", ""R004"", ""R005""]",2520.482874215124,0.22996139590990775,20018,6,4,8,,,,,,,,regular,371.2555771519708
0.0,"[""C001"", ""L008"", ""L016"", ""L021"", ""L032"", ""R001"", ""R005"", ""R008""]",5048.534494524307,3,decision:regular:b3:r019,5702.0987467692885,2,0.5702098746769289,3072.5506425450903,6,2156.7243517593674,1880.273012938614,1665.1013820713072,5274.481347306632,5507.453298678912,9929.852893985328,1751.4548938665757,4,5702.0987467692885,"[""C000"", ""C002"", ""L003"", ""L004"", ""L006"", ""L019"", ""L028"", ""L031"", ""R000"", ""R002"", ""R003"", ""R007""]",12,280.7690713419946,4227.754147216039,3950.6438529027128,878.0932103576226,258.6481601880623,0.3,1,9471.555062318455,1,0.9471555062318455,3331.1988027331527,8,3971.555062318455,3500.0,2000.0000000000002,8836.598917748206,4708.568698811362,5,9471.555062318454,"[""C001"", ""L003"", ""L004"", ""L008"", ""L016"", ""L021"", ""L028"", ""L031"", ""L032"", ""R000"", ""R001"", ""R002"", ""R005"", ""R008""]",14,0.0,4762.9863635070915,1431.787560773939,decision,9999.999999999998,,2957.1138049447864,"[""C000"", ""C002"", ""L006"", ""L019"", ""R003"", ""R007""]","[""L003"", ""L004"", ""L028"", ""L031"", ""R000"", ""R002""]",3769.456315549165,0.2957113804944787,20019,8,6,6,,,,,,,,regular,553.6943504163164
6.821210263296962e-13,"[""C001""]",13337.241296317568,4,decision:regular:b4:r000,9672.455447741408,0,0.9672455447741407,3046.7503960464096,5,4425.193045411982,3247.2624023294256,2000.0000000000002,8965.942463726795,5474.01170309018,9999.238734824648,5169.557494617152,8,9672.455447741408,"[""L007"", ""L014"", ""L020"", ""L029"", ""L031"", ""R000"", ""R001"", ""R002"", ""R003"", ""R004"", ""R005"", ""R006"", ""R008""]",13,0.0,326.7832870832408,4502.897953124256,1456.147557077846,-47.717455134936245,0.7142857142857143,1,10000.0,1,1.0,2999.0329409114734,3,4500.000000000001,3500.0,2000.0000000000002,9293.487015985389,5617.3162238123205,7,10000.0,"[""C001"", ""L007"", ""L014"", ""L029"", ""R000"", ""R001"", ""R003"", ""R004"", ""R005"", ""R006"", ""R008""]",11,0.0,4382.6837761876795,1383.6508352762066,decision,10000.0,,447.7587291951686,"[""L020"", ""L031"", ""R002""]","[""L007"", ""L014"", ""L029"", ""R000"", ""R001"", ""R003"", ""R004"", ""R005"", ""R006"", ""R008""]",327.5445522585924,0.04477587291951686,20000,1,3,10,,,,,,,,regular,-72.4967218016393
0.0,"[""L001"", ""L002"", ""L011"", ""L016"", ""L022"", ""L031"", ""R001"", ""R006""]",13379.05325853887,4,decision:regular:b4:r001,6823.062737843709,2,0.6823062737843709,3026.5616147617666,1,3821.2442189304243,1001.818518913285,2000.0,6021.083688332092,5759.297374779839,9959.32148676071,2999.3024920444427,6,6823.062737843709,"[""C000"", ""C001"", ""L029"", ""R000"", ""R002"", ""R003"", ""R004"", ""R007"", ""R008""]",9,296.6756688877253,3136.258748917,3823.7602457992666,797.1986310375001,-75.75329547369029,0.23529411764705882,1,9429.46312933426,1,0.9429463129334261,2950.8083192880763,6,4408.575816795992,3020.887312538268,2000.0,9429.46312933426,5113.008310188145,5,9429.46312933426,"[""C001"", ""L001"", ""L002"", ""L011"", ""L016"", ""L022"", ""L031"", ""R001"", ""R002"", ""R004"", ""R006"", ""R008""]",12,0.0,4316.454819146116,1365.64649985804,decision,9999.999999999996,,2113.705818143702,"[""C000"", ""L029"", ""R000"", ""R003"", ""R007""]","[""C001"", ""R002"", ""R004"", ""R008""]",2606.4003914905516,0.21137058181437027,20001,8,5,4,,,,,,,,regular,568.4478688205398
-2.2737367544323206e-13,"[""L006"", ""L009"", ""L025"", ""L033"", ""R004""]",13392.710642652422,4,decision:regular:b4:r002,8110.550054715377,1,0.8110550054715379,3179.8197233150486,3,3856.6101440581856,2713.9814664206206,1539.958444236571,7563.863768755853,5360.3132228339855,9917.401421297436,3828.2818350368116,7,8110.550054715377,"[""C001"", ""L005"", ""L016"", ""L018"", ""R000"", ""R002"", ""R003"", ""R005"", ""R006"", ""R007"", ""R008""]",11,0.0,1806.8513665820592,4282.268219678565,1102.4484963635168,-114.82082178605697,0.375,1,9640.678995487657,1,0.9640678995487658,3064.9989015289916,4,4370.877814137026,3499.999999999999,1769.801181350632,9640.678995487657,5174.826206993489,6,9640.678995487659,"[""C001"", ""L006"", ""L009"", ""L025"", ""L033"", ""R002"", ""R003"", ""R004"", ""R005"", ""R006"", ""R008""]",11,0.0,4465.8527884941695,1400.8538869651777,decision,10000.0,,1346.5443719566774,"[""L005"", ""L016"", ""L018"", ""R000"", ""R007""]","[""C001"", ""R002"", ""R003"", ""R005"", ""R006"", ""R008""]",1530.1289407722816,0.13465443719566775,20002,5,5,6,,,,,,,,regular,298.4053906016609
0.0,"[""L003"", ""L017"", ""R003"", ""R004""]",13465.001157120048,4,decision:regular:b4:r003,7986.184203051627,2,0.7986184203051627,3100.7153602467383,3,3430.3070754786118,2732.3665797876083,1823.5105477854074,7795.848846662926,5660.286355142429,9994.140007554633,3893.7841167730357,5,7986.184203051627,"[""C000"", ""C001"", ""L000"", ""L027"", ""L030"", ""R000"", ""R001"", ""R002"", ""R005"", ""R008""]",10,0.0,2007.9558045030062,4092.4000862785915,991.6847260318533,-99.6133181810892,0.5,1,9921.022313208523,1,0.9921022313208523,3001.102042065649,4,4500.000000000001,3500.0,1921.022313208523,9921.022313208523,5589.799169592576,6,9921.022313208525,"[""C001"", ""L000"", ""L003"", ""L017"", ""L027"", ""R000"", ""R001"", ""R003"", ""R004"", ""R005"", ""R008""]",11,0.0,4331.223143615949,1330.1211015503,decision,10000.0,,1696.01505281954,"[""C000"", ""L030"", ""R002""]","[""C001"", ""L000"", ""L027"", ""R000"", ""R001"", ""R005"", ""R008""]",1934.8381101568975,0.169601505281954,20003,4,3,7,,,,,,,,regular,338.43637551844665
0.0,"[""C001"", ""R002""]",13322.874310751818,4,decision:regular:b4:r004,7053.68702383821,2,0.705368702383821,3169.9116260128876,2,3312.3458448991523,2263.6571578665353,1477.6840210725222,6331.368227532032,5568.341945744789,10000.0,2883.2910711685554,6,7053.687023838209,"[""C000"", ""C002"", ""L001"", ""L025"", ""R000"", ""R001"", ""R003"", ""R005"", ""R006"", ""R008""]",10,0.0,2946.31297616179,4170.3959526696535,1000.4843266567657,-169.33762711266445,0.6666666666666666,1,10000.0,1,1.0,3000.573998900223,2,4500.000000000001,3500.0000000000005,2000.0,9776.658410762806,5629.803952607035,7,10000.0,"[""C001"", ""L001"", ""L025"", ""R000"", ""R001"", ""R002"", ""R003"", ""R005"", ""R006"", ""R008""]",10,0.0,4370.196047392965,1369.6220484927417,decision,9999.999999999998,,2746.51288143848,"[""C000"", ""C002""]","[""L001"", ""L025"", ""R000"", ""R001"", ""R003"", ""R005"", ""R006"", ""R008""]",2946.312976161791,0.27465128814384804,20004,2,2,8,,,,,,,,regular,369.137721835976
0.0,"[""L000"", ""L001"", ""L007"", ""L015"", ""L021"", ""L033"", ""R001"", ""R005"", ""R006""]",13307.963623112957,4,decision:regular:b4:r005,6199.920622360938,3,0.6199920622360938,3059.198847333464,2,2237.0783855677855,2441.9698509857326,1520.8723858074209,5809.742788781921,5692.443797881411,10000.0,2345.6658412928255,4,6199.920622360938,"[""C000"", ""C001"", ""C002"", ""L028"", ""L029"", ""R000"", ""R003"", ""R007"", ""R008""]",9,513.3345316919848,3800.079377639062,3854.2547810681126,795.0559337346484,-168.0350013520897,0.16666666666666666,1,9178.69451267781,1,0.917869451267781,2891.1638459813744,7,4079.395986540771,3125.56849456685,1973.7300315701902,9178.694512677812,4946.516671606331,4,9178.694512677812,"[""C001"", ""L000"", ""L001"", ""L007"", ""L015"", ""L021"", ""L029"", ""L033"", ""R001"", ""R005"", ""R006"", ""R007""]",12,0.0,4232.1778410714805,1341.013995090106,decision,10000.0,,2600.850830313506,"[""C000"", ""C002"", ""L028"", ""R000"", ""R003"", ""R008""]","[""C001"", ""L029"", ""R007""]",2978.773890316874,0.2600850830313506,20005,9,6,3,,,,,,,,regular,545.9580613554575
-6.821210263296962e-13,"[""L009"", ""R003"", ""R008""]",13439.916718108665,4,decision:regular:b4:r006,8299.978153306352,2,0.8299978153306351,3183.1827477236293,4,3747.2752146341795,2630.4490280569394,1922.253910615233,5909.016172664651,5609.071281699462,10000.000000000002,4146.771682162929,5,8299.978153306352,"[""C000"", ""C001"", ""L007"", ""L015"", ""L021"", ""L023"", ""R001"", ""R002"", ""R005"", ""R006"", ""R007""]",11,140.31755915129733,1700.0218466936494,4153.206471143423,970.0237234197944,171.04822953732491,0.5714285714285714,1,9482.302212746265,2,0.9482302212746263,3354.230977260954,3,4060.048302131031,3500.0,1922.253910615233,7330.675373398201,4974.577281846688,6,9482.302212746265,"[""C000"", ""C001"", ""L007"", ""L009"", ""L015"", ""R001"", ""R003"", ""R005"", ""R006"", ""R007"", ""R008""]",11,0.0,4507.724930899577,1153.4939536386225,decision,10000.000000000004,,827.8055996837584,"[""L021"", ""L023"", ""R002""]","[""C000"", ""C001"", ""L007"", ""L015"", ""R001"", ""R005"", ""R006"", ""R007""]",1182.3240594399122,0.08278055996837581,20006,3,3,8,,,,,,,,regular,183.4702302188282
0.0,"[""C001"", ""L007"", ""L010"", ""L015"", ""L017""]",13194.1537373996,4,decision:regular:b4:r007,8074.015284925031,1,0.8074015284925031,3044.8610195437877,3,3487.7267749550238,2685.9157038370604,1900.3728061329466,7944.347158726838,5681.423982762566,10000.0,3960.851985114833,7,8074.01528492503,"[""C002"", ""L005"", ""L011"", ""L018"", ""R000"", ""R001"", ""R003"", ""R004"", ""R006"", ""R007"", ""R008""]",11,0.0,1925.9847150749692,4113.163299810197,1068.302280266409,100.0150578000439,0.4375,1,9903.631127176905,1,0.9903631127176905,3144.8760773438316,5,4500.0,3415.479712906703,1988.1514142702033,9684.011338531918,5404.307811959498,6,9903.631127176905,"[""C001"", ""L007"", ""L010"", ""L011"", ""L015"", ""L017"", ""R000"", ""R001"", ""R003"", ""R006"", ""R007"", ""R008""]",12,0.0,4499.323315217406,1354.4472378735745,decision,10000.0,,1443.4558268446654,"[""C002"", ""L005"", ""L018"", ""R004""]","[""L011"", ""R000"", ""R001"", ""R003"", ""R006"", ""R007"", ""R008""]",1829.6158422518747,0.14434558268446654,20007,5,4,7,,,,,,,,regular,286.14495760716545
-4.547473508864641e-13,"[""C001"", ""L008"", ""L025"", ""L026"", ""L032"", ""L034"", ""L035"", ""R001"", ""R008""]",13341.4405843684,4,decision:regular:b4:r008,5663.002061946578,1,0.5663002061946578,2911.951474563657,2,3137.9027889920385,764.5350404604135,1760.5642324941268,4621.304385166706,5740.518567478192,9997.07673423687,1946.5534342403012,7,5663.0020619465795,"[""C000"", ""L011"", ""L015"", ""R000"", ""R002"", ""R003"", ""R004"", ""R005"", ""R006"", ""R007""]",10,0.0,4334.074672290293,3716.4486277062783,804.4971531426213,111.74209792751662,0.15789473684210525,1,9133.12785136541,1,0.913312785136541,3023.6935724911737,6,4500.000000000001,2633.1278513654092,2000.0000000000005,9133.12785136541,4776.062328134198,5,9133.12785136541,"[""C001"", ""L008"", ""L025"", ""L026"", ""L032"", ""L034"", ""L035"", ""R001"", ""R002"", ""R003"", ""R007"", ""R008""]",12,0.0,4357.065523231213,1333.371950740039,decision,10000.000000000002,,2829.5088938938966,"[""C000"", ""L011"", ""L015"", ""R000"", ""R004"", ""R005"", ""R006""]","[""R002"", ""R003"", ""R007""]",3470.125789418831,0.2829508893893896,20008,9,7,3,,,,,,,,regular,528.8747975974177
-9.094947017729282e-13,"[""L017"", ""L022"", ""L023"", ""R002""]",13319.284895638099,4,decision:regular:b4:r009,8488.61508868,2,0.848861508868,3116.4560677762456,2,3405.01164283244,3168.1147348781815,1915.4887109693796,8037.224695624758,5564.361823997439,10000.0,4258.461378236243,6,8488.61508868,"[""C000"", ""C001"", ""L009"", ""L025"", ""R000"", ""R001"", ""R003"", ""R004"", ""R005"", ""R008""]",10,0.0,1511.3849113199994,4230.1537104437575,1113.6976426675124,-159.85856145868865,0.5,1,9920.566888402474,1,0.9920566888402474,2956.597506317557,4,4420.566888402474,3499.999999999999,2000.0,9920.566888402473,5603.9498823075355,6,9920.566888402474,"[""C001"", ""L009"", ""L017"", ""L022"", ""L023"", ""R000"", ""R001"", ""R002"", ""R003"", ""R004"", ""R005""]",11,0.0,4316.617006094939,1360.0194997773815,decision,10000.0,,1345.4885040712925,"[""C000"", ""L025"", ""R008""]","[""C001"", ""L009"", ""R000"", ""R001"", ""R003"", ""R004"", ""R005""]",1431.9517997224739,0.13454885040712924,20009,4,3,7,,,,,,,,regular,246.32185710986914
-2.2737367544323206e-13,"[""L002"", ""L007"", ""L009"", ""L018"", ""L030"", ""L033"", ""R000"", ""R007""]",13466.83222169015,4,decision:regular:b4:r010,8053.7305416906,2,0.80537305416906,3102.362483112404,1,4157.7721851930055,2234.697146289759,1661.2612102078347,7229.197501121607,5571.79439023032,9964.250778085428,3920.234867418155,6,8053.730541690599,"[""C000"", ""C001"", ""L000"", ""R001"", ""R002"", ""R004"", ""R005"", ""R006"", ""R008""]",9,0.0,1910.5202363948283,4133.495674272444,1031.1331911600405,2.223601744854477,0.23529411764705882,1,9877.803300125408,1,0.9877803300125408,3104.5860848572584,6,4393.825189651291,3483.978110474118,2000.0,9877.803300125408,5342.291611152707,5,9877.803300125408,"[""C001"", ""L002"", ""L007"", ""L009"", ""L018"", ""L030"", ""L033"", ""R000"", ""R004"", ""R005"", ""R007"", ""R008""]",12,0.0,4535.5116889727005,1430.925604115442,decision,9999.999999999998,,1422.0567437345526,"[""C000"", ""L000"", ""R001"", ""R002"", ""R006""]","[""C001"", ""R004"", ""R005"", ""R008""]",1824.0727584348087,0.14220567437345527,20010,8,5,4,,,,,,,,regular,399.79241295540146
9.094947017729282e-13,"[""L009"", ""L019"", ""L027"", ""R000"", ""R008""]",13109.757646596876,4,decision:regular:b4:r011,8566.60333277244,1,0.856660333277244,2978.2152278748363,7,4115.499204304583,3301.8584541349383,1149.245674332919,8466.962317662097,5503.049669823772,9910.425981882696,4449.380441021267,5,8566.60333277244,"[""C001"", ""L000"", ""L001"", ""L022"", ""L029"", ""L033"", ""L034"", ""L035"", ""R001"", ""R004"", ""R005"", ""R006"", ""R007""]",13,164.88657606395645,1343.822649110256,4117.222891751173,1139.0076638763362,-92.94247017553835,0.3333333333333333,1,9874.507144550958,1,0.9874507144550958,2885.272757699298,4,4500.0,3500.0,1874.507144550958,9874.507144550958,5657.446559245924,6,9874.507144550958,"[""C001"", ""L009"", ""L019"", ""L022"", ""L027"", ""R000"", ""R004"", ""R005"", ""R006"", ""R007"", ""R008""]",11,0.0,4217.060585305035,1331.7878276057372,decision,10000.0,,1208.0661182246567,"[""L000"", ""L001"", ""L029"", ""L033"", ""L034"", ""L035"", ""R001""]","[""C001"", ""L022"", ""R004"", ""R005"", ""R006"", ""R007""]",1307.9038117785185,0.12080661182246567,20011,5,7,6,,,,,,,,regular,192.780163729401
0.0,"[""L001"", ""L002"", ""L010"", ""L022"", ""L024"", ""R000"", ""R002""]",13498.16100574236,4,decision:regular:b4:r012,7004.831763423997,2,0.7004831763423996,3055.791964385419,1,3405.794390525871,2177.711142152578,1421.3262307455475,6313.005694304626,5603.949779672958,9922.3891905988,3048.320171663414,6,7004.831763423996,"[""C000"", ""C001"", ""L020"", ""R001"", ""R003"", ""R005"", ""R006"", ""R007"", ""R008""]",9,0.0,2917.5574271748037,3956.5115917605817,900.719627375163,163.1590251337352,0.3125,1,9972.208644659146,1,0.9972208644659145,3218.950989519154,5,4500.000000000001,3472.2086446591456,2000.0000000000002,9972.208644659146,5325.669417437635,6,9972.208644659146,"[""C001"", ""L001"", ""L002"", ""L010"", ""L022"", ""L024"", ""R000"", ""R001"", ""R002"", ""R003"", ""R005"", ""R007""]",12,0.0,4646.53922722151,1427.5882377023563,decision,10000.000000000002,,2277.3492457742213,"[""C000"", ""L020"", ""R006"", ""R008""]","[""C001"", ""R001"", ""R003"", ""R005"", ""R007""]",2967.37688123515,0.2277349245774221,20012,7,4,5,,,,,,,,regular,526.8686103271933
0.0,"[""L008"", ""L015"", ""L033"", ""R000""]",13248.249801552589,4,decision:regular:b4:r013,8170.8227822406425,2,0.8170822782240641,3098.405543339647,2,4334.303544228009,2134.5282155161576,1701.991022496476,7205.932003130266,5639.192608699835,10000.000000000002,4056.1355378606704,6,8170.822782240642,"[""C001"", ""C002"", ""L005"", ""L026"", ""R001"", ""R003"", ""R004"", ""R005"", ""R007"", ""R008""]",10,0.0,1829.1772177593593,4114.687244379971,1016.2817010403245,-171.13831517871813,0.5,1,9539.15482084507,1,0.9539154820845068,2927.267228160929,4,4498.846459701224,3338.317338647369,1701.991022496476,9539.15482084507,5287.910112307645,6,9539.15482084507,"[""C001"", ""L008"", ""L015"", ""L026"", ""L033"", ""R000"", ""R001"", ""R003"", ""R004"", ""R005"", ""R008""]",11,0.0,4251.244708537424,1323.9774803764958,decision,10000.000000000002,,1231.7745744469748,"[""C002"", ""L005"", ""R007""]","[""C001"", ""L026"", ""R001"", ""R003"", ""R004"", ""R005"", ""R008""]",1368.332038604428,0.12317745744469746,20013,4,3,7,,,,,,,,regular,307.6957793361713
0.0,"[""L001"", ""L012"", ""L020"", ""R001"", ""R003"", ""R008""]",13414.8209675109,4,decision:regular:b4:r014,7446.863950362969,3,0.744686395036297,3055.1678017656486,2,3462.8516983370237,2319.683129379556,1664.3291226463903,6955.710557591689,5818.117420538383,10000.0,3505.6615836929977,4,7446.863950362969,"[""C000"", ""C001"", ""C002"", ""L010"", ""L011"", ""R000"", ""R004"", ""R005"", ""R006""]",9,0.0,2553.1360496370307,3941.2023666699715,886.0345649043227,-74.19431005199522,0.3333333333333333,1,9770.685658203918,1,0.9770685658203918,2980.9734917136534,4,4382.323298677715,3388.3623595262034,2000.0,9770.685658203918,5447.079485908507,6,9770.685658203918,"[""C001"", ""L001"", ""L010"", ""L012"", ""L020"", ""R001"", ""R003"", ""R004"", ""R005"", ""R006"", ""R008""]",11,0.0,4323.606172295411,1342.6326805817573,decision,9999.999999999998,,1941.4179022155095,"[""C000"", ""C002"", ""L011"", ""R000""]","[""C001"", ""L010"", ""R004"", ""R005"", ""R006""]",2323.821707840949,0.19414179022155098,20014,6,4,5,,,,,,,,regular,456.59811567743463
-2.2737367544323206e-13,"[""L014"", ""L026"", ""R004"", ""R008""]",13373.553426326353,4,decision:regular:b4:r015,8532.550187973098,1,0.8532550187973098,2981.768080987117,5,3802.65371252182,2886.4548614585065,1843.441613992772,7975.556145407826,5631.240118827965,10000.0,4404.443701154307,6,8532.550187973098,"[""C001"", ""L018"", ""L019"", ""L023"", ""L028"", ""L031"", ""R000"", ""R001"", ""R002"", ""R005"", ""R006"", ""R007""]",12,136.46192444488258,1467.4498120269018,4128.106486818791,1146.3384058316744,129.98974224318863,0.4375,1,9999.327924489375,1,0.9999327924489375,3111.757823230306,3,4500.0,3500.0,1999.3279244893758,9999.327924489375,5495.895677628257,7,9999.327924489375,"[""C001"", ""L014"", ""L018"", ""L026"", ""R000"", ""R001"", ""R002"", ""R004"", ""R005"", ""R007"", ""R008""]",11,0.0,4503.432246861118,1391.6744236308123,decision,10000.0,,1091.4519764739498,"[""L019"", ""L023"", ""L028"", ""L031"", ""R006""]","[""C001"", ""L018"", ""R000"", ""R001"", ""R002"", ""R005"", ""R007""]",1466.7777365162765,0.10914519764739498,20015,4,5,7,,,,,,,,regular,245.33601779913784
0.0,"[""L005"", ""L034"", ""R006""]",13235.2958411335,4,decision:regular:b4:r016,8988.379436173605,2,0.8988379436173606,3012.2989703131625,1,3941.380339048105,3224.1042430401267,1822.8948540853744,8190.650194340505,5802.634445991146,10000.0,4899.205593890227,6,8988.379436173607,"[""C000"", ""C001"", ""L027"", ""R000"", ""R003"", ""R004"", ""R005"", ""R007"", ""R008""]",9,0.0,1011.6205638263946,4089.173842283381,1076.8748719702185,-255.32941367945568,0.5833333333333334,1,9603.196715789605,1,0.9603196715789605,2756.969556633707,3,4134.865389356124,3490.5909500630705,1977.740376370411,9603.196715789607,5600.048631530486,6,9603.196715789607,"[""C001"", ""L005"", ""L027"", ""L034"", ""R000"", ""R003"", ""R005"", ""R006"", ""R007"", ""R008""]",10,0.0,4003.1480842591213,1246.1785276254145,decision,10000.0,,700.8430376402594,"[""C000"", ""R004""]","[""C001"", ""L027"", ""R000"", ""R003"", ""R005"", ""R007"", ""R008""]",614.8172796159997,0.07008430376402594,20016,3,2,7,,,,,,,,regular,169.30365565519605
2.2737367544323206e-13,"[""L010"", ""L025"", ""L027"", ""L028"", ""R004""]",13483.705134445096,4,decision:regular:b4:r017,7680.235746907253,3,0.7680235746907254,3181.8685390888104,2,3292.4860979371006,2553.821306353323,1833.928342616829,7496.491469797363,5527.091083485135,9925.066543602134,3501.811519536577,4,7680.235746907252,"[""C000"", ""C001"", ""C002"", ""L007"", ""L014"", ""R000"", ""R003"", ""R005"", ""R007""]",9,555.2940076084919,2244.8307966948805,4178.424227370675,996.5556882818646,-211.17818034459742,0.5,1,9723.364880809764,1,0.9723364880809764,2970.690358744213,6,4500.0,3223.364880809765,2000.0,9723.364880809766,5362.6697195571205,5,9723.364880809764,"[""C001"", ""L007"", ""L010"", ""L014"", ""L025"", ""L027"", ""L028"", ""R000"", ""R003"", ""R004"", ""R005"", ""R007""]",12,0.0,4360.695161252644,1390.0048025084309,decision,10000.0,,1860.8582000205433,"[""C000"", ""C002""]","[""C001"", ""L007"", ""L014"", ""R000"", ""R003"", ""R005"", ""R007""]",2043.129133902512,0.18608582000205434,20017,5,2,7,,,,,,,,regular,393.4491142265663
0.0,"[""C001"", ""L006"", ""L014"", ""L024"", ""L025"", ""L027""]",13322.916700622489,4,decision:regular:b4:r018,7449.578574311981,2,0.7449578574311981,3308.800477653713,5,3059.6810969894914,2879.532265013099,1510.3652123093914,7287.475297543947,5361.850872153824,9987.031100890128,3032.641605712328,5,7449.578574311981,"[""C000"", ""C002"", ""L003"", ""L007"", ""L019"", ""L026"", ""L028"", ""R001"", ""R002"", ""R003"", ""R004"", ""R005""]",12,0.0,2537.4525265781467,4416.9369685996535,1108.1364909459398,-150.38666203592447,0.4444444444444444,1,9970.061448527103,1,0.9970061448527103,3158.4138156177887,9,4500.0,3470.061448527104,2000.0,9970.061448527103,5332.255564811406,4,9970.061448527105,"[""C001"", ""L003"", ""L006"", ""L007"", ""L014"", ""L019"", ""L024"", ""L025"", ""L026"", ""L027"", ""R002"", ""R003"", ""R004"", ""R005""]",14,0.0,4637.8058837157,1479.3920680979106,decision,10000.000000000002,,2299.613959099078,"[""C000"", ""C002"", ""L028"", ""R001""]","[""L003"", ""L007"", ""L019"", ""L026"", ""R002"", ""R003"", ""R004"", ""R005""]",2520.482874215124,0.22996139590990775,20018,6,4,8,,,,,,,,regular,371.2555771519708
0.0,"[""C001"", ""L008"", ""L016"", ""L021"", ""L032"", ""R001"", ""R005"", ""R008""]",13252.403048126305,4,decision:regular:b4:r019,5702.0987467692885,2,0.5702098746769289,3072.5506425450903,6,2156.7243517593674,1880.273012938614,1665.1013820713072,5274.481347306632,5507.453298678912,9929.852893985328,1751.4548938665757,4,5702.0987467692885,"[""C000"", ""C002"", ""L003"", ""L004"", ""L006"", ""L019"", ""L028"", ""L031"", ""R000"", ""R002"", ""R003"", ""R007""]",12,280.7690713419946,4227.754147216039,3950.6438529027128,878.0932103576226,258.6481601880623,0.3,1,9471.555062318455,1,0.9471555062318455,3331.1988027331527,8,3971.555062318455,3500.0,2000.0000000000002,8836.598917748208,4708.568698811364,5,9471.555062318455,"[""C001"", ""L003"", ""L004"", ""L008"", ""L016"", ""L021"", ""L028"", ""L031"", ""L032"", ""R000"", ""R001"", ""R002"", ""R005"", ""R008""]",14,0.0,4762.9863635070915,1431.787560773939,decision,9999.999999999998,,2957.113804944788,"[""C000"", ""C002"", ""L006"", ""L019"", ""R003"", ""R007""]","[""L003"", ""L004"", ""L028"", ""L031"", ""R000"", ""R002""]",3769.456315549167,0.29571138049447887,20019,8,6,6,,,,,,,,regular,553.6943504163164
5.684341886080801e-13,"[""L001"", ""L003"", ""L004"", ""R006""]",3229.255318869751,2,overlap:aligned:clustered:r000,7054.750414570371,1,0.7054750414570369,2301.1164783536233,0,3210.050244409589,2390.3385002094305,1454.361669951351,7054.75041457037,4327.6022294306385,7556.85754830039,3895.5753109127795,6,7054.7504145703715,"[""C001"", ""R000"", ""R001"", ""R003"", ""R004"", ""R005"", ""R008""]",7,0.0,502.1071337300191,3159.175103657592,858.0586253039687,-72.16664686047898,0.45454545454545453,1,7416.118765214183,0,0.7416118765214182,2228.9498314931443,3,3205.181498237651,2677.2862414069236,1533.6510255696094,7416.118765214184,4187.305585162052,6,7416.118765214184,"[""L001"", ""L003"", ""L004"", ""R001"", ""R003"", ""R004"", ""R005"", ""R006"", ""R008""]",9,0.0,3228.813180052133,999.8633485589886,overlap,10000.000000000002,aligned,291.7302742492725,"[""C001"", ""R000""]","[""R001"", ""R003"", ""R004"", ""R005"", ""R008""]",361.36835064381285,0.029173027424927243,30000,4,2,5,clustered,0.0763888888888889,0.6805555555555556,1022.8736783853484,231.6974708136889,681.9157855902324,0.24305555555555555,matched,141.8047232550199
0.0,"[""L020"", ""R001"", ""R002""]",3161.0070737777655,2,overlap:aligned:clustered:r001,6815.831718373536,1,0.6815831718373536,2109.2726455887,1,2929.941605650127,2530.436145935699,1355.4539667877102,6815.831718373537,4190.952315414932,7281.6510859614755,3776.370420902627,5,6815.831718373536,"[""C002"", ""L001"", ""R000"", ""R004"", ""R005"", ""R006"", ""R008""]",7,0.0,465.81936758793927,3039.4612974709094,930.1886518822093,66.52245069117589,0.5,1,6953.216261863183,0,0.6953216261863183,2175.795096279876,1,2676.9020606691174,2665.9363625630267,1610.37783863104,6953.216261863184,3792.209188085418,7,6953.216261863184,"[""L020"", ""R000"", ""R001"", ""R002"", ""R004"", ""R005"", ""R006"", ""R008""]",8,0.0,3161.0070737777655,985.2119774978896,overlap,10000.000000000002,aligned,15.838767182791344,"[""C002"", ""L001""]","[""R000"", ""R004"", ""R005"", ""R006"", ""R008""]",137.3845434896475,0.001583876718279134,30001,3,2,5,clustered,0.0763888888888889,0.6736111111111112,1022.6185917247718,223.92140991748641,681.745727816515,0.25,matched,55.02332561568028
-1.1368683772161603e-13,"[""L004"", ""L013"", ""R000"", ""R006""]",3237.757930074924,2,overlap:aligned:clustered:r002,6205.377814532615,1,0.6205377814532615,2305.7502496940388,1,2660.532464091423,2035.2856758552598,1509.559674585932,6205.377814532614,4038.9655544902525,7264.643575478427,3115.7425959104207,5,6205.377814532616,"[""C002"", ""L001"", ""R001"", ""R002"", ""R003"", ""R004"", ""R007""]",7,0.0,1059.265760945812,3089.635218622195,783.8849689281565,-87.88915603262058,0.36363636363636365,1,6806.389075207675,0,0.6806389075207675,2217.861093661418,2,2899.17370051905,2375.2306144265713,1531.9847602620541,6806.389075207676,3616.593969190504,6,6806.389075207675,"[""L004"", ""L013"", ""R000"", ""R001"", ""R002"", ""R003"", ""R004"", ""R006""]",8,0.0,3189.795106017171,971.9340123557525,overlap,10000.000000000002,aligned,500.8513732800834,"[""C002"", ""L001"", ""R007""]","[""R001"", ""R002"", ""R003"", ""R004""]",601.011260675059,0.05008513732800833,30002,4,3,4,clustered,0.0625,0.7222222222222222,960.2593607529016,222.3920041380671,640.1729071686012,0.21527777777777776,matched,188.04904342759608
-2.2737367544323206e-13,"[""L004"", ""L005"", ""L015"", ""L016"", ""L020"", ""R000"", ""R008""]",3132.7747322726527,2,overlap:aligned:clustered:r003,5964.942340344955,2,0.5964942340344954,2216.207969365419,2,2647.0261607055954,2067.69982070855,1250.2163589308097,5964.942340344955,4588.852290306962,7721.627022579614,3055.602410425679,3,5964.942340344955,"[""C001"", ""C002"", ""L019"", ""L026"", ""R001"", ""R003"", ""R004""]",7,140.3623118322014,1756.6846822346597,2909.3399299192756,693.1319605538565,-129.5844131473964,0.21428571428571427,1,6670.132048378102,0,0.6670132048378102,2086.6235562180227,6,2642.542170037448,2441.068582956168,1586.5212953844853,6670.132048378101,3558.0750963850933,4,6670.132048378102,"[""L004"", ""L005"", ""L015"", ""L016"", ""L020"", ""L026"", ""R000"", ""R001"", ""R003"", ""R008""]",10,0.0,3112.0569519930086,1025.4333957749857,overlap,10000.000000000002,aligned,502.4726859594143,"[""C001"", ""C002"", ""L019"", ""R004""]","[""L026"", ""R001"", ""R003""]",705.1897080331473,0.050247268595941426,30003,7,4,3,clustered,0.06944444444444445,0.7222222222222222,977.1529503241677,215.63033509593575,651.4353002161117,0.20833333333333331,matched,332.30143522112917
0.0,"[""L028"", ""L035""]",3204.70641625541,2,overlap:aligned:clustered:r004,6665.479634506057,0,0.6665479634506056,2161.6883489582024,1,2725.443579591266,2522.904076495821,1417.1319784189698,6665.479634506057,4105.604961496342,7290.31721915953,3570.362896781027,7,6665.479634506057,"[""L007"", ""R000"", ""R001"", ""R003"", ""R004"", ""R005"", ""R006"", ""R007""]",8,0.0,624.8375846534736,3095.11673772503,933.4283887668275,20.388801566715756,0.7,1,7043.834968115816,0,0.7043834968115816,2182.077150524918,3,2805.4911836968613,2630.8385531865365,1607.5052312324185,7043.834968115817,3840.410619557846,6,7043.834968115816,"[""L007"", ""L028"", ""L035"", ""R000"", ""R001"", ""R003"", ""R004"", ""R005"", ""R006""]",9,0.0,3203.42434855797,1021.3471980330519,overlap,9999.999999999996,aligned,270.0477227768192,"[""R007""]","[""L007"", ""R000"", ""R001"", ""R003"", ""R004"", ""R005"", ""R006""]",378.3553336097593,0.027004772277681933,30004,2,1,7,clustered,0.0763888888888889,0.6805555555555556,1022.7856450609393,229.09596817842015,681.857096707293,0.24305555555555555,matched,87.91880926622434
3.410605131648481e-13,"[""L003"", ""R005"", ""R008""]",3159.762100204731,2,overlap:aligned:clustered:r005,6900.297987998111,1,0.6900297987998111,2202.7351792979052,1,2686.9584357226954,2766.1393395076047,1447.2002127678113,6900.297987998112,4093.971705632609,7215.54336079796,3817.832831696617,5,6900.297987998112,"[""C001"", ""L025"", ""R000"", ""R001"", ""R002"", ""R003"", ""R007""]",7,0.0,315.24537279984906,3082.465156301495,879.7299770035896,-99.70226706515223,0.5,1,6768.599851732694,0,0.6768599851732694,2103.032912232753,2,2849.1965364414345,2485.98684997331,1433.4164653179494,6768.599851732694,3688.6384678056675,6,6768.599851732693,"[""L003"", ""L025"", ""R000"", ""R001"", ""R002"", ""R003"", ""R005"", ""R008""]",8,0.0,3079.961383927026,976.9284716942732,overlap,10000.000000000002,aligned,-129.19436389094972,"[""C001"", ""R007""]","[""L025"", ""R000"", ""R001"", ""R002"", ""R003""]",-131.69813626541873,-0.01291943638909497,30005,3,2,5,clustered,0.0763888888888889,0.6875,1019.067414705791,224.57549520060294,679.3782764705276,0.2361111111111111,matched,97.19849469068356
-2.2737367544323206e-13,"[""L020"", ""R005""]",3193.793700706158,2,overlap:aligned:clustered:r006,6755.364824873607,0,0.6755364824873608,2116.0935894096533,5,2983.6833732155255,2381.2091361693974,1390.4723154886838,6755.364824873607,3913.383233717178,7091.52376367391,3619.272585405882,5,6755.364824873607,"[""L015"", ""L017"", ""L019"", ""L021"", ""L028"", ""R000"", ""R001"", ""R003"", ""R006"", ""R008""]",10,0.0,336.1589388003031,3136.092239467725,1019.9986500580717,32.56540451380852,0.6666666666666666,1,6917.789297597054,0,0.6917789297597055,2148.658993923462,5,2952.517585387685,2488.804137698874,1476.4675745104958,6917.789297597054,3724.541563949014,5,6917.789297597055,"[""L015"", ""L017"", ""L019"", ""L020"", ""L028"", ""R000"", ""R001"", ""R003"", ""R005"", ""R006""]",10,0.0,3193.2477336480415,1044.5887397245795,overlap,10000.000000000002,aligned,105.26897854313165,"[""L021"", ""R008""]","[""L015"", ""L017"", ""L019"", ""L028"", ""R000"", ""R001"", ""R003"", ""R006""]",162.42447272344816,0.010526897854313164,30006,2,2,8,clustered,0.0763888888888889,0.6875,1021.1813122231914,226.03127992504136,680.7875414821278,0.2361111111111111,matched,24.590089666507765
0.0,"[""L003"", ""L005"", ""L018"", ""L035"", ""R000"", ""R003""]",3147.602810683534,2,overlap:aligned:clustered:r007,4802.42925754516,2,0.480242925754516,2199.6545265327645,0,2212.409849567449,1602.3852445952457,987.6341633824657,4802.42925754516,4317.743592525788,7429.351262067313,2023.6837875321062,4,4802.42925754516,"[""C001"", ""C002"", ""R001"", ""R004"", ""R005"", ""R007""]",6,0.0,2626.9220045221527,2778.745470013054,579.0909434802893,-167.54512902070996,0.25,1,6598.030506383837,0,0.6598030506383837,2032.1093975120546,4,2556.438924716047,2380.3981017665683,1661.1934799012215,6598.030506383837,3579.3380555688896,5,6598.030506383837,"[""L003"", ""L005"", ""L018"", ""L035"", ""R000"", ""R001"", ""R003"", ""R004"", ""R005""]",9,0.0,3018.6924508149473,986.5830533028926,overlap,9999.999999999996,aligned,1555.6542680367834,"[""C001"", ""C002"", ""R007""]","[""R001"", ""R004"", ""R005""]",1795.6012488386768,0.1555654268036784,30007,6,3,3,clustered,0.0625,0.7291666666666667,954.0162265337765,213.58152573123084,636.010817689184,0.20833333333333331,matched,407.4921098226033
0.0,"[""L014"", ""L028""]",3187.9971404672947,2,overlap:aligned:clustered:r008,6537.1204158843375,0,0.6537120415884338,2173.701993224264,3,2957.5061969219732,2155.7310720647974,1423.8831468975673,6537.1204158843375,4212.79734135768,7400.794481824973,3470.4221458152897,6,6537.120415884338,"[""L007"", ""L011"", ""L033"", ""R000"", ""R001"", ""R003"", ""R004"", ""R007"", ""R008""]",9,0.0,863.674065940636,3066.6982700690487,892.9962768447847,21.167491686863286,0.7272727272727273,1,6946.731150247504,0,0.6946731150247504,2194.869484911127,5,2889.149823748121,2440.69320719964,1616.8881192997442,6946.731150247505,3760.4594663532807,5,6946.731150247504,"[""L007"", ""L011"", ""L014"", ""L028"", ""L033"", ""R000"", ""R001"", ""R003"", ""R004"", ""R008""]",10,0.0,3186.2716838942233,991.402198983096,overlap,9999.999999999998,aligned,290.03732053799104,"[""R007""]","[""L007"", ""L011"", ""L033"", ""R000"", ""R001"", ""R003"", ""R004"", ""R008""]",409.61073436316565,0.02900373205379911,30008,2,1,8,clustered,0.0763888888888889,0.7083333333333334,999.0054674111816,224.3793659582868,666.0036449407876,0.2152777777777778,matched,98.40592213831133
0.0,"[""L020"", ""L030"", ""L032"", ""R003""]",3190.113980286779,2,overlap:aligned:clustered:r009,6456.612300946231,2,0.6456612300946231,2264.856954268559,0,2602.7801128419037,2381.0344222947656,1472.7977658095615,6456.61230094623,4290.823345265828,7411.749114500506,3459.7601878368814,4,6456.612300946231,"[""C000"", ""C002"", ""R001"", ""R004"", ""R005"", ""R007""]",6,0.0,955.1368135542752,2996.8521131093494,731.9951588407903,-21.699662481436462,0.4,1,6965.190083049007,1,0.6965190083049007,2243.1572917871226,3,2801.166441625699,2565.186943155507,1598.8366982678008,6965.190083049007,3777.7481931984075,4,6965.190083049007,"[""C002"", ""L020"", ""L030"", ""L032"", ""R001"", ""R003"", ""R004"", ""R005""]",8,0.0,3187.441889850599,944.2845980634766,overlap,10000.000000000002,aligned,317.9880053615261,"[""C000"", ""R007""]","[""C002"", ""R001"", ""R004"", ""R005""]",508.5777821027759,0.031798800536152604,30009,4,2,4,clustered,0.0763888888888889,0.7013888888888888,1008.8623329472139,225.08558895670933,672.5748886314761,0.2222222222222222,matched,212.28943922268627
0.0,"[""L026"", ""R001"", ""R008""]",3199.694025600197,2,overlap:aligned:clustered:r010,5543.797666637947,1,0.5543797666637947,2221.122766244481,1,2100.1194714596513,2253.72094550525,1189.9572496730461,5543.797666637947,4768.056208800004,7967.750234400201,2640.5774606582286,5,5543.797666637947,"[""C001"", ""L025"", ""R000"", ""R002"", ""R003"", ""R004"", ""R007""]",7,293.91262278519565,2423.952567762254,2903.2202059797187,682.0974397352376,-34.8748968655068,0.5,1,6996.548220744238,0,0.6996548220744239,2186.2478693789744,2,2573.969738194936,2712.2233862523976,1710.3550962969048,6996.548220744238,3820.251032586206,6,6996.548220744238,"[""L025"", ""L026"", ""R000"", ""R001"", ""R002"", ""R003"", ""R004"", ""R008""]",8,0.0,3176.2971881580324,990.049318779058,overlap,10000.000000000002,aligned,1179.6735719279773,"[""C001"", ""R007""]","[""L025"", ""R000"", ""R002"", ""R003"", ""R004""]",1452.750554106291,0.1179673571927977,30010,3,2,5,clustered,0.06944444444444445,0.6944444444444445,993.3659670489833,226.04976386632495,662.2439780326558,0.2361111111111111,matched,307.95187904382044
1.1368683772161603e-13,"[""C001"", ""L013""]",3190.9343305541915,2,overlap:aligned:clustered:r011,6455.161132172436,1,0.6455161132172436,2108.165635689924,1,2622.2321287417567,2439.628583512186,1393.300419918493,6455.161132172436,4478.841896338183,7549.851277118898,3530.4780267712476,5,6455.161132172436,"[""C002"", ""L009"", ""R000"", ""R004"", ""R005"", ""R006"", ""R007""]",7,0.0,1094.6901449464622,2924.683105401188,816.5174697112642,241.53724491734374,0.5555555555555556,1,7204.83830150168,2,0.7204838301501679,2349.7028806072676,1,3029.1946776795758,2657.2277606140656,1518.4158632080375,7204.83830150168,4013.9039709474873,4,7204.838301501679,"[""C001"", ""C002"", ""L013"", ""R000"", ""R005"", ""R006"", ""R007""]",7,0.0,3190.9343305541915,841.2314499469239,overlap,10000.0,aligned,483.4259441762397,"[""L009"", ""R004""]","[""C002"", ""R000"", ""R005"", ""R006"", ""R007""]",749.677169329243,0.048342594417623966,30011,2,2,5,clustered,0.0763888888888889,0.7152777777777778,990.722660274671,223.2790389036751,660.4817735164474,0.20833333333333331,matched,24.713980235659733
-4.547473508864641e-13,"[""L032"", ""L035"", ""R005""]",3175.004053369489,2,overlap:aligned:clustered:r012,6879.328584642233,0,0.6879328584642234,2131.47021568096,3,2967.690222959175,2502.1045899225655,1409.5337717604925,6879.328584642233,4325.20658319274,7500.210636562229,3793.244606664257,6,6879.328584642234,"[""L002"", ""L007"", ""L034"", ""R000"", ""R002"", ""R003"", ""R006"", ""R007"", ""R008""]",9,0.0,620.8820519199962,3086.083977977977,954.6137622970175,-43.99966576978841,0.5,1,6929.464597734181,0,0.6929464597734181,2087.4705499111715,4,2922.7997090683716,2536.700945275068,1469.9639433907405,6929.464597734181,3844.1197360434444,5,6929.464597734181,"[""L002"", ""L007"", ""L032"", ""L035"", ""R000"", ""R003"", ""R005"", ""R007"", ""R008""]",9,0.0,3085.3448616907363,997.8743117795646,overlap,9999.999999999998,aligned,50.875129379187456,"[""L034"", ""R002"", ""R006""]","[""L002"", ""L007"", ""R000"", ""R003"", ""R007"", ""R008""]",50.13601309194655,0.005087512937918747,30012,3,3,6,clustered,0.0625,0.7222222222222222,959.7784220711678,215.622875684828,639.8522813807781,0.21527777777777776,matched,43.26054948254705
0.0,"[""L008"", ""L026"", ""L032""]",3233.5462251026333,2,overlap:aligned:clustered:r013,5909.925474686723,1,0.5909925474686722,2206.443862955604,1,2773.148812941186,1754.6255410088656,1382.1511207366718,5909.925474686723,4181.728281458715,7293.429455960294,3002.6656071170396,5,5909.925474686724,"[""C000"", ""L016"", ""R000"", ""R002"", ""R003"", ""R004"", ""R006""]",7,0.0,1383.5039812735713,2907.259867569684,700.81600461408,-83.96390620239481,0.6,1,6890.839557304384,0,0.6890839557304383,2122.479956753209,4,3033.0726197342237,2213.4375347154437,1644.3294028547166,6890.839557304384,3769.111947885863,5,6890.839557304384,"[""L008"", ""L016"", ""L026"", ""L032"", ""R000"", ""R002"", ""R003"", ""R004"", ""R006""]",9,0.0,3121.7276094185204,999.2476526653112,overlap,10000.0,aligned,766.4463407688236,"[""C000""]","[""L016"", ""R000"", ""R002"", ""R003"", ""R004"", ""R006""]",980.9140826176599,0.07664463407688235,30013,3,1,6,clustered,0.0763888888888889,0.6805555555555556,1026.722574697134,230.18843891659006,684.4817164647561,0.24305555555555555,matched,298.43164805123115
-5.684341886080801e-13,"[""L025"", ""L030""]",3164.414402377262,2,overlap:aligned:clustered:r014,6937.371574949601,2,0.69373715749496,2246.440129844509,0,2823.7769184189838,2621.2509851774594,1492.3436713531582,6937.371574949602,4591.209115914269,7696.907705728843,3928.266566453787,4,6937.371574949601,"[""C001"", ""C002"", ""R000"", ""R003"", ""R007"", ""R008""]",6,0.0,759.5361307792418,3009.105008495814,762.6648786513053,19.739491341141274,0.625,1,7320.543605843701,2,0.7320543605843699,2266.1796211856504,2,2934.831376025023,2764.4214458640045,1621.2907839546729,7320.543605843701,4176.502999837054,3,7320.543605843701,"[""C001"", ""C002"", ""L025"", ""L030"", ""R000"", ""R003"", ""R008""]",7,0.0,3144.0406060066466,877.8609848209964,overlap,10000.0,aligned,248.23643338326656,"[""R007""]","[""C001"", ""C002"", ""R000"", ""R003"", ""R008""]",383.1720308940994,0.024823643338326654,30014,2,1,5,clustered,0.08333333333333333,0.7013888888888888,1015.1772646919532,226.25538813376977,676.7848431279685,0.21527777777777776,matched,115.196106169691
-4.547473508864641e-13,"[""C001"", ""L026"", ""L032"", ""R005""]",3165.188130787773,2,overlap:aligned:clustered:r015,5990.359795816899,1,0.59903597958169,2191.1704618867966,1,2698.340986088568,1973.6019468035738,1318.4168629247574,5990.359795816899,4238.681466287641,7403.869597075415,3034.7514960649405,5,5990.359795816899,"[""C002"", ""L001"", ""R000"", ""R002"", ""R003"", ""R004"", ""R006""]",7,277.00009053514896,1413.5098012585158,2955.608299751959,764.4378378651625,-39.49709571204403,0.36363636363636365,1,7047.547061978227,1,0.7047547061978228,2151.6733661747526,3,2997.6271202707894,2586.915351112546,1463.0045905948928,7047.547061978228,3920.9627884081847,4,7047.547061978226,"[""C001"", ""L001"", ""L026"", ""L032"", ""R000"", ""R002"", ""R005"", ""R006""]",8,0.0,3126.5842735700417,974.9109073952889,overlap,9999.999999999996,aligned,886.2112923432442,"[""C002"", ""R003"", ""R004""]","[""L001"", ""R000"", ""R002"", ""R006""]",1057.187266161327,0.08862112923432446,30015,4,3,4,clustered,0.08333333333333333,0.7013888888888888,1019.4109539563526,224.3736586508114,679.607302637568,0.21527777777777776,matched,210.4730695301264
1.1368683772161603e-13,"[""L000"", ""L007"", ""L021"", ""L033"", ""R006""]",3169.0571781340655,2,overlap:aligned:clustered:r016,6239.056037621889,0,0.623905603762189,2071.286342419854,2,2583.114233903806,2345.847486585003,1310.0943171330798,6239.056037621889,4100.369043370088,7208.698559470658,3272.2700356457117,6,6239.056037621889,"[""L005"", ""L016"", ""R000"", ""R001"", ""R002"", ""R005"", ""R007"", ""R008""]",8,0.0,969.6425218487693,2966.7860019761774,895.4996595563233,37.06913364097272,0.38461538461538464,1,6837.723769636858,0,0.6837723769636859,2108.3554760608267,6,2825.9437754111973,2538.2939627973446,1473.4860314283167,6837.7237696368575,3670.3408572040416,4,6837.7237696368575,"[""L000"", ""L005"", ""L007"", ""L016"", ""L021"", ""L033"", ""R000"", ""R002"", ""R006"", ""R008""]",10,0.0,3167.382912432816,1059.027436371989,overlap,10000.000000000002,aligned,398.07082155832995,"[""R001"", ""R005"", ""R007""]","[""L005"", ""L016"", ""R000"", ""R002"", ""R008""]",598.6677320149684,0.039807082155832986,30016,5,3,5,clustered,0.0763888888888889,0.7013888888888888,1005.3190914093652,223.9238944452097,670.2127276062436,0.2222222222222222,matched,163.5277768156658
0.0,"[""L005"", ""L013"", ""L015"", ""R000"", ""R001""]",3112.546765947254,2,overlap:aligned:clustered:r017,5811.293998465162,2,0.5811293998465162,2168.8191239801995,0,2534.210638990787,2055.520861036417,1221.562498437958,5811.293998465162,4761.883053226853,7801.8115434306155,3005.4259318619565,4,5811.293998465162,"[""C001"", ""C002"", ""R002"", ""R003"", ""R005"", ""R007""]",6,0.0,1990.5175449654535,2805.8680666032055,637.048942623006,-14.373730982020334,0.36363636363636365,1,6917.823197188172,0,0.6917823197188172,2154.445392998179,3,2747.6809430825724,2475.482502036815,1694.659752068785,6917.823197188172,3805.2764312409195,6,6917.823197188173,"[""L005"", ""L013"", ""L015"", ""R000"", ""R001"", ""R002"", ""R003"", ""R005"", ""R007""]",9,0.0,3112.546765947254,958.1013729490746,overlap,10000.000000000002,aligned,799.8504993789629,"[""C001"", ""C002""]","[""R002"", ""R003"", ""R005"", ""R007""]",1106.5291987230112,0.07998504993789628,30017,5,2,4,clustered,0.06944444444444445,0.7083333333333335,984.717665473127,217.03285037770564,656.4784436487514,0.2222222222222222,matched,321.0524303260686
-3.410605131648481e-13,"[""L000"", ""L018"", ""L031"", ""R005""]",3198.9914275820743,2,overlap:aligned:clustered:r018,6258.552190021789,1,0.6258552190021789,2243.304705994428,0,2383.7165658451554,2299.1772935569534,1575.6583306196806,6258.55219002179,4219.915871714022,7418.907299296095,3192.806410837733,6,6258.552190021789,"[""C002"", ""R000"", ""R001"", ""R002"", ""R003"", ""R004"", ""R008""]",7,0.0,1160.3551092743055,3065.745779184056,822.4410731896285,-45.267588591657386,0.45454545454545453,1,6966.239370971469,0,0.6966239370971469,2198.0371174027705,3,2815.5339982371065,2463.0642299564347,1687.6411427779274,6966.239370971468,3767.2479433893945,6,6966.239370971469,"[""L000"", ""L018"", ""L031"", ""R000"", ""R001"", ""R002"", ""R003"", ""R004"", ""R005""]",9,0.0,3198.9914275820743,1000.9543101793037,overlap,10000.0,aligned,574.4415325516616,"[""C002"", ""R008""]","[""R000"", ""R001"", ""R002"", ""R003"", ""R004""]",707.6871809496797,0.05744415325516616,30018,4,2,5,clustered,0.0625,0.7152777777777778,970.4794054838538,218.88982560014477,646.9862703225691,0.2222222222222222,matched,178.5132369896752
-4.547473508864641e-13,"[""L013"", ""R001"", ""R005""]",3186.80800858948,2,overlap:aligned:clustered:r019,6668.25450562916,1,0.6668254505629161,2130.7302009375267,1,3061.956554713411,2245.428371043122,1360.8695798726271,6668.254505629159,4386.881517655175,7503.408485040471,3683.200125335831,5,6668.25450562916,"[""C001"", ""L031"", ""R000"", ""R003"", ""R006"", ""R007"", ""R008""]",7,0.0,835.1539794113105,2985.054380293329,854.3241793558022,114.00503278496399,0.5,1,7335.341218428105,1,0.7335341218428106,2244.7352337224906,2,3172.334514930929,2553.3509567099313,1609.655746787244,7335.341218428104,4161.766213879882,5,7335.341218428104,"[""C001"", ""L013"", ""L031"", ""R000"", ""R001"", ""R003"", ""R005"", ""R007""]",8,0.0,3173.5750045482214,928.8397708257307,overlap,9999.999999999996,aligned,478.5660885440511,"[""R006"", ""R008""]","[""C001"", ""L031"", ""R000"", ""R003"", ""R007""]",667.0867127989441,0.04785660885440513,30019,3,2,5,clustered,0.06944444444444445,0.6944444444444444,998.6815983253517,220.9781277927969,665.7877322169011,0.2361111111111111,matched,74.5155914699285
0.0,"[""L000"", ""L001"", ""L003"", ""L004"", ""L009"", ""L016"", ""L030"", ""L033"", ""R006""]",3229.255318869751,2,overlap:aligned:dispersed:r000,5318.143062451898,1,0.5318143062451897,2301.1164783536233,0,2301.777349295332,1915.9755653713519,1100.3901477852153,5318.1430624519,4327.6022294306385,7556.85754830039,2312.7699559706866,6,5318.143062451898,"[""C001"", ""R000"", ""R001"", ""R003"", ""R004"", ""R005"", ""R008""]",7,266.57697627761655,2238.7144858484917,3005.3731064812114,704.256628127588,-157.05406153498188,0.125,1,6568.520900775528,0,0.6568520900775527,2144.0624168186414,8,2851.096757972793,2219.4592616680243,1497.964881134711,6568.520900775529,3375.0016554252625,3,6568.520900775528,"[""L000"", ""L001"", ""L003"", ""L004"", ""L009"", ""L016"", ""L030"", ""L033"", ""R001"", ""R005"", ""R006""]",11,0.0,3193.519245350266,1049.4568285316245,overlap,10000.000000000002,aligned,1062.2316994545758,"[""C001"", ""R000"", ""R003"", ""R004"", ""R008""]","[""R001"", ""R005""]",1250.3778383236304,0.10622316994545757,30000,9,5,2,dispersed,0.034722222222222224,0.8402777777777778,816.5943098147474,195.24925979268787,544.396206543165,0.125,matched,345.20020040403654
0.0,"[""L007"", ""L024"", ""L029"", ""L033"", ""R003""]",3161.0070737777655,2,overlap:aligned:dispersed:r001,4665.3907251902565,1,0.46653907251902565,2109.2726455887,1,2096.783299612183,1656.7172526121617,911.8901729659115,4665.3907251902565,4190.952315414932,7281.6510859614755,1864.2682274769618,5,4665.3907251902565,"[""C002"", ""L001"", ""R000"", ""R004"", ""R005"", ""R006"", ""R008""]",7,0.0,2616.260360771219,2801.1224977132947,691.8498521245947,10.231920045734569,0.3333333333333333,1,6685.728084654051,0,0.6685728084654051,2119.5045656344346,4,2790.633780712372,2482.774651423205,1412.319652518474,6685.728084654052,3526.201378931304,5,6685.728084654051,"[""L007"", ""L024"", ""L029"", ""L033"", ""R000"", ""R003"", ""R005"", ""R006"", ""R008""]",9,0.0,3159.5267057227466,1040.022140088312,overlap,10000.000000000002,aligned,1661.9331514543424,"[""C002"", ""L001"", ""R004""]","[""R000"", ""R005"", ""R006"", ""R008""]",2020.3373594637942,0.1661933151454342,30001,5,3,4,dispersed,0.034722222222222224,0.7777777777777778,869.8392015517361,201.880051980518,579.8928010344911,0.1875,matched,348.1722879637173
0.0,"[""L004"", ""L009"", ""L014"", ""L017"", ""L024"", ""R006"", ""R008""]",3237.757930074924,2,overlap:aligned:dispersed:r002,4121.777740766092,1,0.4121777740766092,2305.7502496940388,1,1765.706610875504,1469.25785778466,886.8132721059279,4121.777740766092,4038.9655544902525,7264.643575478427,1198.0023354718796,5,4121.777740766092,"[""C002"", ""L001"", ""R001"", ""R002"", ""R003"", ""R004"", ""R007""]",7,341.9167707662311,3142.8658347123346,2923.7754052942128,618.0251556001738,-187.99750366867966,0.21428571428571427,1,6498.631865358363,0,0.6498631865358363,2117.752746025359,6,2649.4700990925385,2435.3234611093203,1413.8383051565042,6498.631865358364,3266.1072180511956,4,6498.631865358364,"[""L001"", ""L004"", ""L009"", ""L014"", ""L017"", ""L024"", ""R003"", ""R006"", ""R007"", ""R008""]",10,0.0,3232.5246473071684,1114.7719012818093,overlap,10000.000000000002,aligned,2068.104882579316,"[""C002"", ""R001"", ""R002"", ""R004""]","[""L001"", ""R003"", ""R007""]",2376.8541245922715,0.20681048825793155,30002,7,4,3,dispersed,0.055555555555555546,0.7430555555555556,932.7303209705278,216.80533011922034,621.820213980352,0.2013888888888889,matched,496.7467456816355
0.0,"[""L004"", ""L005"", ""L015"", ""L020"", ""R007"", ""R008""]",3132.7747322726527,2,overlap:aligned:dispersed:r003,4471.333764124884,2,0.44713337641248835,2216.207969365419,2,1954.643939267743,1500.881288960407,1015.8085358967335,4471.333764124884,4588.852290306962,7721.627022579614,1624.8295448917388,3,4471.333764124884,"[""C001"", ""C002"", ""L019"", ""L026"", ""R001"", ""R003"", ""R004""]",7,0.0,3250.2932584547307,2846.504219233145,630.2962498677256,-139.48114016341333,0.3076923076923077,1,6593.5818488624855,0,0.6593581848862485,2076.726829202006,6,2803.7955636075567,2446.2499256348037,1343.5363596201253,6593.5818488624855,3460.8071165898327,4,6593.5818488624855,"[""L004"", ""L005"", ""L015"", ""L019"", ""L020"", ""L026"", ""R001"", ""R003"", ""R007"", ""R008""]",10,0.0,3132.7747322726527,1056.047903070647,overlap,10000.000000000002,aligned,1835.977571698094,"[""C001"", ""C002"", ""R004""]","[""L019"", ""L026"", ""R001"", ""R003""]",2122.248084737602,0.18359775716980936,30003,6,3,4,dispersed,0.034722222222222224,0.7847222222222223,863.951357446086,198.88879074842964,575.9675716307239,0.18055555555555555,matched,425.7516532029214
0.0,"[""C001"", ""L005"", ""L006"", ""L028"", ""L029""]",3204.70641625541,2,overlap:aligned:dispersed:r004,4449.163346911023,0,0.4449163346911023,2161.6883489582024,1,1764.8630635928123,1725.2121908100767,959.0880925081341,4449.163346911023,4105.604961496342,7290.31721915953,1638.9273825669648,7,4449.163346911023,"[""L007"", ""R000"", ""R001"", ""R003"", ""R004"", ""R005"", ""R006"", ""R007""]",8,607.2488242196494,2841.1538722485075,2810.235964344058,648.5476153858558,60.701953833191965,0.3076923076923077,1,6744.997272316856,1,0.6744997272316856,2222.3903027913943,5,2798.941033869477,2576.428492907614,1369.6277455397649,6744.997272316856,3540.2908560614455,3,6744.997272316856,"[""C001"", ""L005"", ""L006"", ""L007"", ""L028"", ""L029"", ""R000"", ""R005"", ""R007""]",9,0.0,3204.70641625541,982.316113464016,overlap,9999.999999999996,aligned,1901.3634734944808,"[""R001"", ""R003"", ""R004"", ""R006""]","[""L007"", ""R000"", ""R005"", ""R007""]",2295.833925405833,0.19013634734944815,30004,5,4,4,dispersed,0.05555555555555555,0.8194444444444444,858.806515245819,200.97790373226897,572.537676830546,0.125,matched,333.7684980781602
0.0,"[""L000"", ""L002"", ""L003"", ""L004"", ""L015"", ""L023"", ""L032"", ""R005""]",3159.762100204731,2,overlap:aligned:dispersed:r005,4108.749328693832,1,0.41087493286938315,2202.7351792979052,1,1848.9371979122243,1438.062265042841,821.7498657387664,3936.3276508485424,4093.971705632609,7215.54336079796,1351.5114770670152,5,4108.749328693832,"[""C001"", ""L025"", ""R000"", ""R001"", ""R002"", ""R003"", ""R007""]",7,0.0,3106.7940321041287,2757.2378516268163,554.502672328911,-94.57582033111794,0.2,1,6232.956147395969,0,0.6232956147395969,2108.1593589667873,8,2687.6520369066407,2142.312841452628,1402.9912690367003,6232.95614739597,3076.7253163758223,3,6232.956147395969,"[""L000"", ""L002"", ""L003"", ""L004"", ""L015"", ""L023"", ""L025"", ""L032"", ""R000"", ""R001"", ""R005""]",11,0.0,3156.230831020147,1048.0714720533597,overlap,10000.000000000002,aligned,1725.213839308807,"[""C001"", ""R002"", ""R003"", ""R007""]","[""L025"", ""R000"", ""R001""]",2124.2068187021378,0.17252138393088068,30005,8,4,3,dispersed,0.034722222222222224,0.8125,824.3586026795375,197.7835156068187,549.5724017863587,0.1527777777777778,matched,493.5687997244487
2.2737367544323206e-13,"[""L026"", ""L027"", ""L034"", ""R002""]",3193.793700706158,2,overlap:aligned:dispersed:r006,5690.791376492023,0,0.5690791376492023,2116.0935894096533,5,2594.24805870661,1926.1670185378184,1170.3762992475936,5690.791376492022,3913.383233717178,7091.52376367391,2659.9461941903583,5,5690.791376492022,"[""L015"", ""L017"", ""L019"", ""L021"", ""L028"", ""R000"", ""R001"", ""R003"", ""R006"", ""R008""]",10,0.0,1400.7323871818871,3030.845182301664,914.7515928920104,-51.2654734241778,0.5,1,6505.65925200543,0,0.650565925200543,2064.8281159854755,8,2819.690573778431,2227.9531011487543,1458.0155770782449,6505.65925200543,3377.675525266028,3,6505.65925200543,"[""L015"", ""L017"", ""L019"", ""L021"", ""L026"", ""L027"", ""L028"", ""L034"", ""R002"", ""R003"", ""R008""]",11,0.0,3127.983726739402,1063.1556107539263,overlap,10000.000000000002,aligned,717.72933107567,"[""R000"", ""R001"", ""R006""]","[""L015"", ""L017"", ""L019"", ""L021"", ""L028"", ""R003"", ""R008""]",814.8678755134079,0.07177293310756698,30006,4,3,7,dispersed,0.04861111111111111,0.8125,865.9606079388388,199.04393347278852,577.307071959226,0.1388888888888889,matched,148.40401786191592
-2.2737367544323206e-13,"[""L003"", ""L005"", ""L015"", ""L018"", ""L019"", ""L035"", ""R003"", ""R006""]",3147.602810683534,2,overlap:aligned:dispersed:r007,4269.523587195659,2,0.42695235871956594,2199.6545265327645,0,1957.2430098253403,1417.4733320787025,894.807245291616,4269.523587195658,4317.743592525788,7429.351262067313,1494.7629570928339,4,4269.523587195658,"[""C001"", ""C002"", ""R001"", ""R004"", ""R005"", ""R007""]",6,0.0,3159.8276748716535,2774.7606301028245,575.1061035700602,-81.12759944299796,0.14285714285714285,1,6373.023230939036,0,0.6373023230939036,2118.5269270897666,6,2787.070391511192,2201.3598490714107,1384.592990356433,6373.023230939035,3227.0806731487187,4,6373.023230939036,"[""L003"", ""L005"", ""L015"", ""L018"", ""L019"", ""L035"", ""R003"", ""R004"", ""R005"", ""R006""]",10,0.0,3145.942557790317,1027.4156307005505,overlap,9999.999999999996,aligned,1732.3177160558848,"[""C001"", ""C002"", ""R001"", ""R007""]","[""R004"", ""R005""]",2103.4996437433774,0.17323177160558856,30007,8,4,2,dispersed,0.034722222222222224,0.7916666666666665,859.8420979884243,198.73243222839665,573.228065325616,0.1736111111111111,matched,452.3095271304903
-2.2737367544323206e-13,"[""L005"", ""L014"", ""L016"", ""L019"", ""L021"", ""L023"", ""L028"", ""R005""]",3187.9971404672947,2,overlap:aligned:dispersed:r008,4660.48726516352,0,0.466048726516352,2173.701993224264,3,1755.0418068509591,1790.193318934394,1115.2521393781662,4660.48726516352,4212.79734135768,7400.794481824973,1802.0052651848614,6,4660.48726516352,"[""L007"", ""L011"", ""L033"", ""R000"", ""R001"", ""R003"", ""R004"", ""R007"", ""R008""]",9,568.6208851279895,2740.307216661454,2858.481999978658,684.7800067543944,-20.88381927172668,0.17647058823529413,1,6338.431284726226,0,0.6338431284726226,2152.818173952537,8,2360.76199515409,2387.5465948267597,1590.122694745376,6338.431284726226,3170.8232376931546,3,6338.431284726226,"[""L005"", ""L007"", ""L014"", ""L016"", ""L019"", ""L021"", ""L023"", ""L028"", ""R003"", ""R005"", ""R007""]",11,0.0,3167.6080470330717,1014.7898730805343,overlap,9999.999999999998,aligned,1368.8179725082932,"[""L011"", ""L033"", ""R000"", ""R001"", ""R004"", ""R008""]","[""L007"", ""R003"", ""R007""]",1677.9440195627067,0.13688179725082936,30008,8,6,3,dispersed,0.041666666666666664,0.8194444444444444,839.0457484661167,198.54802547444967,559.3638323107444,0.1388888888888889,matched,330.0098663261399
-2.2737367544323206e-13,"[""L003"", ""L011"", ""L023"", ""L026"", ""L032"", ""R003""]",3190.113980286779,2,overlap:aligned:dispersed:r009,4066.9082397752736,2,0.40669082397752737,2264.856954268559,0,1729.5874902225169,1280.3750979003898,1056.9456516523667,4066.9082397752736,4290.823345265828,7411.749114500506,1227.6715736750748,4,4066.9082397752736,"[""C000"", ""C002"", ""R001"", ""R004"", ""R005"", ""R007""]",6,491.0857962262283,3344.8408747252324,2839.236666100199,574.37971183164,-217.46361848669494,0.25,1,6229.956054700843,0,0.6229956054700844,2047.3933357818642,5,2696.046106588437,2063.3602222525838,1470.549725859823,6229.956054700844,3158.8384233591814,4,6229.956054700843,"[""L003"", ""L011"", ""L023"", ""L026"", ""L032"", ""R003"", ""R004"", ""R005"", ""R007""]",9,0.0,3071.1176313416618,1023.7242955597976,overlap,10000.000000000002,aligned,1931.1668496841066,"[""C000"", ""C002"", ""R001""]","[""R004"", ""R005"", ""R007""]",2163.0478149255696,0.19311668496841064,30009,6,3,3,dispersed,0.03472222222222222,0.798611111111111,860.8549255129653,201.4133047087387,573.9032836753104,0.16666666666666666,matched,449.34458372815766
1.1368683772161603e-13,"[""L002"", ""L017"", ""L024"", ""L027"", ""L030"", ""L031"", ""R001""]",3199.694025600197,2,overlap:aligned:dispersed:r010,5470.515143071218,1,0.5470515143071217,2221.122766244481,1,2319.4467076063643,2028.6623884656015,1122.4060469992519,5470.515143071218,4768.056208800004,7967.750234400201,2508.1526088369637,5,5470.515143071218,"[""C001"", ""L025"", ""R000"", ""R002"", ""R003"", ""R004"", ""R007""]",7,0.0,2497.235091328984,2962.362534234254,741.2397679897728,-112.37972554756288,0.21428571428571427,1,6532.159139441089,0,0.6532159139441089,2108.7430406969183,6,2629.12491757226,2396.0034795937904,1507.0307422750382,6532.159139441089,3356.8264008586975,4,6532.159139441089,"[""L002"", ""L017"", ""L024"", ""L027"", ""L030"", ""L031"", ""R001"", ""R003"", ""R004"", ""R007""]",10,0.0,3175.3327385823914,1066.5896978854732,overlap,10000.000000000002,aligned,848.6737920217338,"[""C001"", ""L025"", ""R000"", ""R002""]","[""R003"", ""R004"", ""R007""]",1061.6439963698713,0.08486737920217337,30010,7,4,3,dispersed,0.02083333333333333,0.8194444444444444,811.4248041814644,192.52905422127586,540.9498694543098,0.1597222222222222,matched,325.3499298957005
0.0,"[""L001"", ""L005"", ""L020"", ""R008""]",3190.9343305541915,2,overlap:aligned:dispersed:r011,5392.41518657588,1,0.5392415186575881,2108.165635689924,1,2305.630633708402,1855.030756351226,1231.7537965162524,5392.41518657588,4478.841896338183,7549.851277118898,2499.2660211283646,5,5392.41518657588,"[""C002"", ""L009"", ""R000"", ""R004"", ""R005"", ""R006"", ""R007""]",7,0.0,2157.4360905430176,2893.1491654475158,784.9835297575918,-14.336824619517756,0.45454545454545453,1,6927.862749014366,0,0.6927862749014366,2093.828811070406,4,2982.37277623546,2390.381613086087,1555.1083596928192,6927.862749014366,3741.7096767225567,5,6927.862749014366,"[""L001"", ""L005"", ""L009"", ""L020"", ""R004"", ""R005"", ""R006"", ""R007"", ""R008""]",9,0.0,3186.1530722918096,1092.3242612214033,overlap,10000.0,aligned,1242.443655594192,"[""C002"", ""R000""]","[""L009"", ""R004"", ""R005"", ""R006"", ""R007""]",1535.4475624384859,0.1242443655594192,30011,4,2,5,dispersed,0.04861111111111111,0.7986111111111112,876.3506775438746,205.03597728876443,584.2337850292497,0.1527777777777778,matched,307.3407314638115
2.2737367544323206e-13,"[""L021"", ""L028"", ""R004""]",3175.004053369489,2,overlap:aligned:dispersed:r012,6387.570304092028,0,0.6387570304092028,2131.47021568096,3,2784.5841610797365,2370.942203893479,1232.043939118813,6387.570304092028,4325.20658319274,7500.210636562229,3317.3401922160383,6,6387.570304092027,"[""L002"", ""L007"", ""L034"", ""R000"", ""R002"", ""R003"", ""R006"", ""R007"", ""R008""]",9,0.0,1112.6403324702014,3070.2301118759888,938.7598961950289,-68.81812570184411,0.5,1,7057.110839372892,0,0.7057110839372892,2062.6520899791158,4,3134.863829175417,2510.8358231414713,1411.4111870560039,7057.110839372892,3894.095063593575,5,7057.110839372892,"[""L002"", ""L007"", ""L021"", ""L028"", ""R002"", ""R004"", ""R006"", ""R007"", ""R008""]",9,0.0,3163.0157757793168,1100.3636858002012,overlap,9999.999999999998,aligned,576.7548713775368,"[""L034"", ""R000"", ""R003""]","[""L002"", ""L007"", ""R002"", ""R006"", ""R007"", ""R008""]",669.5405352808648,0.05767548713775369,30012,3,3,6,dispersed,0.05555555555555555,0.7708333333333334,901.1716068301702,206.81644850539365,600.7810712201131,0.1736111111111111,matched,161.60378960517232
0.0,"[""L005"", ""L006"", ""L008"", ""L010"", ""L025"", ""L032"", ""L033""]",3233.5462251026333,2,overlap:aligned:dispersed:r013,3865.169228178962,1,0.3865169228178962,2206.443862955604,1,1655.2538369395925,1351.7194742860825,858.1959169532871,3840.2582422903715,4181.728281458715,7293.429455960294,1114.9013254326542,5,3865.1692281789624,"[""C000"", ""L016"", ""R000"", ""R002"", ""R003"", ""R004"", ""R006""]",7,317.897336316014,3428.260227781332,2750.267902746308,543.8240397907041,-89.21910685468083,0.2857142857142857,1,6518.7182322519875,0,0.6518718232251988,2117.224756100923,8,2617.587644010884,2445.7578009006625,1455.3727873404423,6518.7182322519875,3288.9630709482985,3,6518.718232251988,"[""L005"", ""L006"", ""L008"", ""L010"", ""L016"", ""L025"", ""L032"", ""L033"", ""R003"", ""R004"", ""R006""]",11,0.0,3229.75516130369,1112.5304052027668,overlap,10000.0,aligned,2174.0617455156444,"[""C000"", ""R000"", ""R002""]","[""L016"", ""R003"", ""R004"", ""R006""]",2653.549004073026,0.21740617455156444,30013,7,3,4,dispersed,0.041666666666666664,0.8541666666666666,809.8685786123715,196.73272858486212,539.912385741581,0.10416666666666667,matched,568.7063654120627
0.0,"[""L013"", ""L016"", ""L020"", ""L026"", ""L029"", ""L030"", ""L033"", ""L035"", ""R004"", ""R005""]",3164.414402377262,2,overlap:aligned:dispersed:r014,3976.1893370704815,2,0.3976189337070481,2246.440129844509,0,1717.7087103966535,1431.5149958051836,826.9656308686441,3976.1893370704815,4591.209115914269,7696.907705728843,1241.9552720372149,4,3976.189337070481,"[""C001"", ""C002"", ""R000"", ""R003"", ""R007"", ""R008""]",6,0.0,3720.7183686583617,2734.2340650332662,487.7939351887572,-170.23727397269522,0.0625,1,6265.648269307404,0,0.6265648269307403,2076.202855871814,8,2461.092936363817,2353.2231334336475,1451.3321995099395,6265.648269307403,3101.233866930141,3,6265.648269307403,"[""L013"", ""L016"", ""L020"", ""L026"", ""L029"", ""L030"", ""L033"", ""L035"", ""R004"", ""R005"", ""R008""]",11,0.0,3164.414402377262,1088.211546505448,overlap,10000.0,aligned,1859.2785948929263,"[""C001"", ""C002"", ""R000"", ""R003"", ""R007""]","[""R008""]",2289.458932236922,0.18592785948929264,30014,10,5,1,dispersed,0.041666666666666664,0.8333333333333333,836.0726084466068,194.2091913999766,557.3817389644043,0.125,matched,600.4176113166909
-2.2737367544323206e-13,"[""L000"", ""L005"", ""L014"", ""L018"", ""L035"", ""R007"", ""R008""]",3165.188130787773,2,overlap:aligned:dispersed:r015,3780.378616241121,1,0.3780378616241121,2191.1704618867966,1,1776.3703258570072,1256.4235701058715,747.5847202782429,3780.378616241121,4238.681466287641,7403.869597075415,1038.2057309693182,5,3780.3786162411216,"[""C002"", ""L001"", ""R000"", ""R002"", ""R003"", ""R004"", ""R006""]",7,0.0,3623.490980834294,2742.1728852718034,551.0024233850068,-111.85757791550577,0.21428571428571427,1,6211.412302082783,0,0.6211412302082783,2079.312883971291,6,2778.2383122909478,2181.7148960747145,1251.45909371712,6211.412302082783,3046.3153679378593,4,6211.412302082782,"[""L000"", ""L001"", ""L005"", ""L014"", ""L018"", ""L035"", ""R000"", ""R003"", ""R007"", ""R008""]",10,0.0,3165.0969341449227,1085.7840501736316,overlap,9999.999999999996,aligned,2008.109636968541,"[""C002"", ""R002"", ""R004"", ""R006""]","[""L001"", ""R000"", ""R003""]",2431.0336858416604,0.20081096369685417,30015,7,4,3,dispersed,0.041666666666666664,0.8124999999999999,845.3344250302588,199.36569471554282,563.5562833535055,0.14583333333333334,matched,534.7816267886249
0.0,"[""L000"", ""L001"", ""L002"", ""L019"", ""L020"", ""L021"", ""L022"", ""L030"", ""L033""]",3169.0571781340655,2,overlap:aligned:dispersed:r016,3804.0777458562743,0,0.3804077745856274,2071.286342419854,2,1717.81012377365,1265.1098391291403,821.1577829534841,3804.077745856274,4100.369043370088,7208.698559470658,1173.7806719307491,6,3804.0777458562743,"[""L005"", ""L016"", ""R000"", ""R001"", ""R002"", ""R005"", ""R007"", ""R008""]",8,425.8066727772235,3404.620813614384,2630.297073925525,559.0107315056712,0.4192226469772322,0.17647058823529413,1,6250.031157708111,0,0.6250031157708111,2071.7055650668312,10,2723.770182095142,2084.1872185669395,1442.0737570460292,6250.03115770811,3083.567705258304,2,6250.031157708111,"[""L000"", ""L001"", ""L002"", ""L005"", ""L019"", ""L020"", ""L021"", ""L022"", ""L030"", ""L033"", ""R000"", ""R002""]",12,0.0,3166.463452449807,1094.7578873829757,overlap,10000.000000000002,aligned,1909.787033327555,"[""L016"", ""R001"", ""R005"", ""R007"", ""R008""]","[""L005"", ""R000"", ""R002""]",2445.953411851837,0.19097870333275546,30016,9,5,3,dispersed,0.041666666666666664,0.8263888888888888,832.5271692972813,195.17349385660103,555.0181128648542,0.13194444444444445,matched,535.7471558773045
0.0,"[""L003"", ""L005"", ""L006"", ""L013"", ""L015"", ""L023"", ""L028"", ""R000"", ""R004""]",3112.546765947254,2,overlap:aligned:dispersed:r017,3577.6990204542635,2,0.35776990204542636,2168.8191239801995,0,1584.5516755659946,1268.3664922016255,724.7808526866431,3577.699020454263,4761.883053226853,7801.8115434306155,947.6409638200626,4,3577.6990204542635,"[""C001"", ""C002"", ""R002"", ""R003"", ""R005"", ""R007""]",6,0.0,4224.112522976352,2630.058056634201,461.2389326540015,-98.0588503872641,0.13333333333333333,1,6297.69956081136,0,0.6297699560811361,2070.7602735929354,7,2628.610950247558,2247.4080852908546,1421.6805252729469,6297.699560811358,3185.1527948641065,4,6297.69956081136,"[""L003"", ""L005"", ""L006"", ""L013"", ""L015"", ""L023"", ""L028"", ""R000"", ""R002"", ""R004"", ""R007""]",11,0.0,3112.546765947254,1041.7864923543184,overlap,10000.000000000002,aligned,2237.511831044044,"[""C001"", ""C002"", ""R003"", ""R005""]","[""R002"", ""R007""]",2720.0005403570967,0.22375118310440434,30017,9,4,2,dispersed,0.027777777777777776,0.861111111111111,785.0597005666934,182.4165159214126,523.3731337111292,0.1111111111111111,matched,580.5475597003169
0.0,"[""L000"", ""L010"", ""L013"", ""L014"", ""L018"", ""L019"", ""L024"", ""L031"", ""R007""]",3198.9914275820743,2,overlap:aligned:dispersed:r018,3613.223208623383,1,0.3613223208623383,2243.304705994428,0,1500.729855282642,1256.6856962747925,855.8076570659485,3613.223208623383,4219.915871714022,7418.907299296095,898.8071606526123,6,3613.2232086233826,"[""C002"", ""R000"", ""R001"", ""R002"", ""R003"", ""R004"", ""R008""]",7,562.9913545327986,3805.6840906727116,2714.4160479707703,471.1113419763425,-80.68227831091917,0.125,1,6195.268660577066,0,0.6195268660577066,2162.6224276835087,8,2719.577709402087,2123.819612064801,1351.8713391101792,6195.268660577067,3037.5315534086694,3,6195.268660577067,"[""L000"", ""L010"", ""L013"", ""L014"", ""L018"", ""L019"", ""L024"", ""L031"", ""R002"", ""R003"", ""R007""]",11,0.0,3157.7371071683974,995.1146794848887,overlap,10000.0,aligned,2138.724392756057,"[""C002"", ""R000"", ""R001"", ""R004"", ""R008""]","[""R002"", ""R003""]",2582.0454519536843,0.2138724392756057,30018,9,5,2,dispersed,0.048611111111111105,0.8055555555555556,867.9208284332326,203.95236932953327,578.6138856221551,0.14583333333333334,matched,524.0033375085462
4.547473508864641e-13,"[""L003"", ""L006"", ""L013"", ""L019"", ""L021"", ""L023"", ""L030"", ""L033"", ""R001""]",3186.80800858948,2,overlap:aligned:dispersed:r019,4601.885463334296,1,0.4601885463334297,2130.7302009375267,1,2042.7446551583973,1588.801398456531,970.3394097193684,4601.885463334296,4386.881517655175,7503.408485040471,1890.391778314442,5,4601.885463334296,"[""C001"", ""L031"", ""R000"", ""R003"", ""R006"", ""R007"", ""R008""]",7,276.00895823904125,2901.5230217061744,2711.493685019854,580.7634840823274,31.061595347525326,0.125,1,6762.410650113343,1,0.6762410650113344,2161.791796285052,9,2857.006775047029,2473.5545841992325,1431.849290867082,6762.410650113343,3579.9280182377806,1,6762.410650113343,"[""C001"", ""L003"", ""L006"", ""L013"", ""L019"", ""L021"", ""L023"", ""L030"", ""L031"", ""L033"", ""R001""]",11,0.0,3182.482631875562,1020.6908355905105,overlap,9999.999999999996,aligned,1689.5362399233386,"[""R000"", ""R003"", ""R006"", ""R007"", ""R008""]","[""C001"", ""L031""]",2160.5251867790466,0.16895362399233393,30019,9,5,2,dispersed,0.0625,0.8541666666666666,840.3061865213567,197.45217127468175,560.2041243475711,0.08333333333333331,matched,439.92735150818305
4.547473508864641e-13,"[""L004"", ""L006"", ""L009"", ""L010"", ""L012"", ""L014"", ""L016"", ""L023"", ""L028"", ""L035""]",3229.255318869751,2,overlap:disjoint:clustered:r000,3189.5527158456334,1,0.31895527158456327,2301.1164783536233,0,2209.2295317469625,593.5779403739643,386.7452437247065,0.0,4327.6022294306385,7556.85754830039,516.706396212041,6,3189.552715845633,"[""C001"", ""R000"", ""R001"", ""R003"", ""R004"", ""R005"", ""R008""]",7,0.0,4367.304832454756,2672.846319633592,371.7298412799686,134.22204156299267,0.11764705882352941,1,4933.559679801378,1,0.49335596798013764,2435.338519916616,10,2742.2351812018182,1329.9679796459645,861.3565189535951,0.0,1712.7056856622185,1,4933.559679801378,"[""C001"", ""L004"", ""L006"", ""L009"", ""L010"", ""L012"", ""L014"", ""L016"", ""L023"", ""L028"", ""L035"", ""R005""]",12,0.0,3220.853994139159,785.5154742225434,overlap,10000.000000000002,disjoint,1195.9992894501775,"[""R000"", ""R001"", ""R003"", ""R004"", ""R008""]","[""C001"", ""R005""]",1744.0069639557446,0.11959992894501772,30000,10,5,2,clustered,0.07175925925925924,0.7361111111111112,971.0421235587346,220.6740655375406,647.3614157058232,0.19212962962962962,matched,413.7856329425748
1.1368683772161603e-13,"[""C000"", ""C001"", ""L026"", ""L034""]",3161.0070737777655,2,overlap:disjoint:clustered:r001,3415.1478781540027,1,0.3415147878154003,2109.2726455887,1,187.44791553573248,1903.307380194257,1324.3925824240134,0.0,4190.952315414932,7281.6510859614755,848.9800894396603,5,3415.1478781540027,"[""C002"", ""L001"", ""R000"", ""R004"", ""R005"", ""R006"", ""R008""]",7,0.0,3866.503207807473,2566.1677887143424,456.89514312564233,281.5456359915538,0.2727272727272727,1,4715.333362692107,3,0.4715333362692107,2390.818281580254,2,1283.4132954474558,2258.4030446027173,1173.5170226419343,0.0,1716.4127163775638,2,4715.333362692108,"[""C000"", ""C001"", ""C002"", ""L026"", ""L034"", ""R004"", ""R005""]",7,0.0,2998.920646314544,608.1023647342901,overlap,10000.000000000002,disjoint,867.4326269379035,"[""L001"", ""R000"", ""R006"", ""R008""]","[""C002"", ""R004"", ""R005""]",1300.185484538105,0.08674326269379033,30001,4,4,3,clustered,0.06018518518518518,0.7430555555555556,924.8847519947444,210.838896119018,616.5898346631633,0.19675925925925924,matched,151.20722160864773
-2.2737367544323206e-13,"[""L000"", ""L009"", ""L013"", ""L014"", ""L017"", ""L023"", ""L024"", ""L028"", ""L029"", ""L030"", ""R000"", ""R006"", ""R008""]",3237.757930074924,2,overlap:disjoint:clustered:r002,2812.1020413277015,1,0.28121020413277015,2305.7502496940388,1,1025.4547575072825,1112.1929348184788,674.4543490019403,0.0,4038.9655544902525,7264.643575478427,159.3117192587997,5,2812.1020413277015,"[""C002"", ""L001"", ""R001"", ""R002"", ""R003"", ""R004"", ""R007""]",7,0.0,4452.541534150725,2652.790322068902,347.04007237486303,143.02429171826452,0.0,1,4357.28746046074,0,0.435728746046074,2448.7745414123033,10,1091.7524998356007,1733.4091715150917,1532.1257891100472,0.0,1119.5295303858156,3,4357.28746046074,"[""L000"", ""L009"", ""L013"", ""L014"", ""L017"", ""L023"", ""L024"", ""L028"", ""L029"", ""L030"", ""R000"", ""R006"", ""R008""]",13,0.0,3237.757930074924,788.9833886626204,overlap,10000.000000000002,disjoint,960.2178111270159,"[""C002"", ""L001"", ""R001"", ""R002"", ""R003"", ""R004"", ""R007""]",[],1545.185419133038,0.09602178111270157,30002,13,7,0,clustered,0.07175925925925924,0.7453703703703705,964.4886799440922,221.77045722001282,642.9924532960617,0.18287037037037035,matched,441.9433162877574
1.1368683772161603e-13,"[""L004"", ""L015"", ""L028"", ""L029"", ""L032"", ""R000"", ""R005"", ""R008""]",3132.7747322726527,2,overlap:disjoint:clustered:r003,3170.981298755613,2,0.3170981298755613,2216.207969365419,2,2156.297667184319,744.1076625894209,270.5759689818729,0.0,4588.852290306962,7721.627022579614,580.590353396723,3,3170.9812987556124,"[""C001"", ""C002"", ""L019"", ""L026"", ""R001"", ""R003"", ""R004""]",7,0.0,4550.645723824002,2590.3909453588894,374.1829759934702,179.28972737648473,0.13333333333333333,1,4536.532251406221,1,0.45365322514062206,2395.497696741904,6,2291.567401093383,1404.2576839265953,840.7071663862425,0.0,1448.5518997854729,3,4536.532251406221,"[""C001"", ""L004"", ""L015"", ""L026"", ""L028"", ""L029"", ""L032"", ""R000"", ""R005"", ""R008""]",10,0.0,3087.980351620748,692.4826548788442,overlap,10000.000000000002,disjoint,867.9615463887499,"[""C002"", ""L019"", ""R001"", ""R003"", ""R004""]","[""C001"", ""L026""]",1365.5509526506085,0.08679615463887497,30003,8,5,2,clustered,0.06944444444444445,0.7453703703703703,966.0889626716037,212.55189884834246,644.0593084477358,0.1851851851851852,matched,318.29967888537396
2.2737367544323206e-13,"[""C001"", ""L009"", ""L014"", ""L019"", ""L023"", ""L026"", ""R008""]",3204.70641625541,2,overlap:disjoint:clustered:r004,3425.9684061258804,0,0.34259684061258805,2161.6883489582024,1,857.7792648067247,1957.0262649924007,611.1628763267554,0.0,4105.604961496342,7290.31721915953,777.6632285542364,7,3425.9684061258804,"[""L007"", ""R000"", ""R001"", ""R003"", ""R004"", ""R005"", ""R006"", ""R007""]",8,0.0,3864.34881303365,2648.305177571644,486.6168286134416,350.7697283835723,0.2,1,4542.304911808779,1,0.45423049118087794,2512.4580773417747,6,2180.309750250465,1827.475729894509,534.5194316638048,0.0,1374.750603843021,3,4542.304911808778,"[""C001"", ""L007"", ""L009"", ""L014"", ""L019"", ""L023"", ""L026"", ""R001"", ""R007"", ""R008""]",10,0.0,3167.5543079657573,655.0962306239828,overlap,9999.999999999996,disjoint,597.0873752887846,"[""R000"", ""R003"", ""R004"", ""R005"", ""R006""]","[""L007"", ""R001"", ""R007""]",1116.336505682898,0.05970873752887849,30004,7,5,3,clustered,0.06944444444444445,0.7407407407407408,959.7621906429792,218.56333087491583,639.8414604286529,0.1898148148148148,matched,168.4794020105412
-1.1368683772161603e-13,"[""L015"", ""L016"", ""L020"", ""L030"", ""L032"", ""L033"", ""R005""]",3159.762100204731,2,overlap:disjoint:clustered:r005,3346.936802179821,1,0.33469368021798207,2202.7351792979052,1,915.8234387667405,1198.6538911065634,1232.459472306517,0.0,4093.971705632609,7215.54336079796,737.8297932732908,5,3346.936802179821,"[""C001"", ""L025"", ""R000"", ""R001"", ""R002"", ""R003"", ""R007""]",7,0.0,3868.6065586181394,2609.10700890653,406.3718296086249,157.1654458695475,0.21428571428571427,1,4654.584826696826,1,0.4654584826696826,2359.9006251674527,6,2234.4201196088193,1510.0397429221362,910.1249641658701,0.0,1611.7130868533113,3,4654.584826696826,"[""C001"", ""L015"", ""L016"", ""L020"", ""L030"", ""L032"", ""L033"", ""R001"", ""R003"", ""R005""]",10,0.0,3042.8717398435147,682.9711146760618,overlap,10000.000000000002,disjoint,873.8832935800206,"[""L025"", ""R000"", ""R002"", ""R007""]","[""C001"", ""R001"", ""R003""]",1307.648024517005,0.08738832935800205,30005,7,4,3,clustered,0.06481481481481481,0.75,945.503301818655,213.93822433632437,630.3355345457702,0.18518518518518517,matched,276.5992850674369
1.1368683772161603e-13,"[""C001"", ""C002"", ""L007"", ""R007""]",3193.793700706158,2,overlap:disjoint:clustered:r006,3447.8321805514033,0,0.34478321805514034,2116.0935894096533,5,1512.0890255229683,1101.6880192105698,834.055135817865,0.0,3913.383233717178,7091.52376367391,816.6567568969112,5,3447.8321805514033,"[""L015"", ""L017"", ""L019"", ""L021"", ""L028"", ""R000"", ""R001"", ""R003"", ""R006"", ""R008""]",10,0.0,3643.691583122507,2631.175423654492,515.0818342448385,423.1363664453356,0.35714285714285715,1,4805.609653713698,2,0.48056096537136983,2539.229955854989,4,2091.843980352701,1419.134437763618,1294.6312355973791,0.0,1638.0070596073638,3,4805.609653713698,"[""C001"", ""C002"", ""L007"", ""L015"", ""L017"", ""L019"", ""R001"", ""R006"", ""R007""]",9,0.0,3167.6025941063344,628.3726382513454,overlap,10000.000000000002,disjoint,821.3503027104525,"[""L021"", ""L028"", ""R000"", ""R003"", ""R008""]","[""L015"", ""L017"", ""L019"", ""R001"", ""R006""]",1357.7774731622949,0.08213503027104524,30006,4,5,5,clustered,0.0625,0.7546296296296295,935.6973550551716,212.56100378684962,623.7982367034479,0.18287037037037038,matched,113.29080400650685
-2.2737367544323206e-13,"[""C000"", ""L018"", ""L025"", ""L031"", ""L033"", ""R002"", ""R003""]",3147.602810683534,2,overlap:disjoint:clustered:r007,3350.875208003724,2,0.3350875208003724,2199.6545265327645,0,1150.774147197637,287.9593808953816,1912.1416799107053,0.0,4317.743592525788,7429.351262067313,737.4982293082858,4,3350.8752080037234,"[""C001"", ""C002"", ""R001"", ""R004"", ""R005"", ""R007""]",6,0.0,4078.476054063589,2613.3769786954376,413.7224521626732,219.4064199773934,0.15384615384615385,1,4516.323658688847,1,0.4516323658688847,2419.060946510158,4,1900.900149273339,1047.4131251763529,1568.010384239155,0.0,1424.5606573119735,4,4516.323658688847,"[""C000"", ""L018"", ""L025"", ""L031"", ""L033"", ""R001"", ""R002"", ""R003"", ""R007""]",9,0.0,3091.7630013768735,672.7020548667155,overlap,9999.999999999996,disjoint,687.0624280036877,"[""C001"", ""C002"", ""R004"", ""R005""]","[""R001"", ""R007""]",1165.4484506851236,0.0687062428003688,30007,7,4,2,clustered,0.06712962962962962,0.738425925925926,958.722658353708,212.7551211969202,639.1484389024715,0.19444444444444445,matched,258.97960270404224
0.0,"[""L000"", ""L005"", ""L012"", ""L019"", ""L022"", ""L025"", ""L027"", ""R002""]",3187.9971404672947,2,overlap:disjoint:clustered:r008,3022.8737121449485,0,0.30228737121449484,2173.701993224264,3,1110.5266413787378,752.4086066119278,1159.9384641542829,0.0,4212.79734135768,7400.794481824973,425.6053731828242,6,3022.873712144949,"[""L007"", ""L011"", ""L033"", ""R000"", ""R001"", ""R003"", ""R004"", ""R007"", ""R008""]",9,0.0,4377.920769680025,2597.2683389621247,423.56634573786096,224.8373136633013,0.23529411764705882,1,4618.421634159004,0,0.46184216341590034,2398.539306887565,9,2284.0661355812576,564.5547348148935,1769.8007637628523,0.0,1462.8270945326672,3,4618.421634159004,"[""L000"", ""L005"", ""L007"", ""L011"", ""L012"", ""L019"", ""L022"", ""L025"", ""L027"", ""R000"", ""R002"", ""R004""]",12,0.0,3155.5945396263364,757.0552327387715,overlap,9999.999999999998,disjoint,1037.221721349843,"[""L033"", ""R001"", ""R003"", ""R007"", ""R008""]","[""L007"", ""L011"", ""R000"", ""R004""]",1595.5479220140546,0.10372217213498432,30008,8,5,4,clustered,0.06712962962962962,0.7314814814814815,966.6029457219897,217.1335673054356,644.4019638146597,0.20138888888888887,matched,333.4888870009105
4.547473508864641e-13,"[""L002"", ""L003"", ""L013"", ""L021"", ""L024"", ""L027"", ""L032"", ""R003"", ""R006""]",3190.113980286779,2,overlap:disjoint:clustered:r009,2733.9596148712835,2,0.27339596148712836,2264.856954268559,0,1597.0497610052118,0.0,1136.9098538660717,0.0,4290.823345265828,7411.749114500506,143.89899112590228,4,2733.9596148712835,"[""C000"", ""C002"", ""R001"", ""R004"", ""R005"", ""R007""]",6,0.0,4677.7894996292225,2590.0606237453812,325.203669476822,138.902723150587,0.13333333333333333,1,4151.875450333506,0,0.4151875450333506,2403.759677419146,7,2790.3028880158863,288.5902775415048,1072.9822847761143,0.0,1063.1895891221657,4,4151.875450333506,"[""L002"", ""L003"", ""L013"", ""L021"", ""L024"", ""L027"", ""L032"", ""R003"", ""R004"", ""R006"", ""R007""]",11,0.0,3088.68586121134,684.9261837921943,overlap,10000.000000000002,disjoint,919.2905979962634,"[""C000"", ""C002"", ""R001"", ""R005""]","[""R004"", ""R007""]",1417.9158354622223,0.09192905979962632,30009,9,4,2,clustered,0.06712962962962962,0.7384259259259259,958.8154175497143,217.83991793662932,639.2102783664764,0.19444444444444442,matched,359.7225143153723
0.0,"[""C000"", ""L004"", ""L027""]",3199.694025600197,2,overlap:disjoint:clustered:r010,3304.426553263189,1,0.3304426553263189,2221.122766244481,1,345.98931538501495,1195.1018299533307,1763.3354079248434,0.0,4768.056208800004,7967.750234400201,674.3328934959331,5,3304.4265532631894,"[""C001"", ""L025"", ""R000"", ""R002"", ""R003"", ""R004"", ""R007""]",7,0.0,4663.3236811370125,2630.093659767256,408.970893522775,265.73632554760025,0.5,1,4635.020053694188,2,0.4635020053694188,2486.8590917920815,3,1700.540512366209,1447.5371575059646,1486.942383822015,0.0,1596.4042134194074,3,4635.020053694189,"[""C000"", ""C001"", ""L004"", ""L025"", ""L027"", ""R000"", ""R003"", ""R004""]",8,0.0,3038.615840274782,551.7567484827005,overlap,10000.000000000002,disjoint,922.0713199234742,"[""R002"", ""R007""]","[""C001"", ""L025"", ""R000"", ""R003"", ""R004""]",1330.593500431,0.09220713199234741,30010,3,2,5,clustered,0.06018518518518518,0.7476851851851851,945.1763291073491,213.83870881747922,630.1175527382329,0.19212962962962962,matched,142.78585495992547
1.1368683772161603e-13,"[""C001"", ""L015"", ""R002"", ""R003""]",3190.9343305541915,2,overlap:disjoint:clustered:r011,3422.5335988116212,1,0.3422533598811621,2108.165635689924,1,1435.1413869478351,1065.1235052459308,922.2687066178554,0.0,4478.841896338183,7549.851277118898,877.7494994298327,5,3422.5335988116217,"[""C002"", ""L009"", ""R000"", ""R004"", ""R005"", ""R006"", ""R007""]",7,0.0,4127.317678307277,2544.784099381789,436.61846369186514,454.21653849923723,0.36363636363636365,1,5078.275817910051,2,0.5078275817910051,2562.382174189161,2,2342.1588421713323,2149.394693714413,586.722282024306,0.0,1897.5403195978442,4,5078.275817910051,"[""C001"", ""C002"", ""L009"", ""L015"", ""R002"", ""R003"", ""R004"", ""R007""]",8,0.0,3180.735498312207,618.3533241230458,overlap,10000.0,disjoint,1019.7908201680116,"[""R000"", ""R005"", ""R006""]","[""C002"", ""L009"", ""R004"", ""R007""]",1655.7422190984294,0.10197908201680116,30011,4,3,4,clustered,0.06712962962962962,0.7268518518518519,962.3063388077111,218.83001332080843,641.5375592051406,0.2060185185185185,matched,181.73486043118066
-1.1368683772161603e-13,"[""C000"", ""L001"", ""L018"", ""R005""]",3175.004053369489,2,overlap:disjoint:clustered:r012,3485.759830132806,0,0.34857598301328063,2131.47021568096,3,1729.9312569070403,608.2453118533898,1147.5832613723755,0.0,4325.20658319274,7500.210636562229,865.2481243487732,6,3485.759830132806,"[""L002"", ""L007"", ""L034"", ""R000"", ""R002"", ""R003"", ""R006"", ""R007"", ""R008""]",9,0.0,4014.450806429423,2620.511705784033,489.0414901030731,349.88682744742437,0.38461538461538464,1,4576.3927970443,1,0.45763927970443,2481.3570431283842,3,1747.9531881435091,2035.213830790738,793.2257781100532,0.0,1444.8719120247592,5,4576.3927970443,"[""C000"", ""L001"", ""L007"", ""L018"", ""R002"", ""R003"", ""R005"", ""R007"", ""R008""]",9,0.0,3131.520885019541,650.1638418911565,overlap,9999.999999999998,disjoint,579.623787675986,"[""L002"", ""L034"", ""R000"", ""R006""]","[""L007"", ""R002"", ""R003"", ""R007"", ""R008""]",1090.632966911494,0.05796237876759861,30012,4,4,5,clustered,0.057870370370370364,0.7476851851851852,926.8474411620401,211.51236140449222,617.8982941080262,0.19444444444444445,matched,161.1223517880834
2.2737367544323206e-13,"[""L001"", ""L005"", ""L018"", ""L022"", ""L026"", ""L028"", ""L034"", ""R007""]",3233.5462251026333,2,overlap:disjoint:clustered:r013,3718.6693875398164,1,0.37186693875398164,2206.443862955604,1,2472.8371684141493,1245.8322191256666,0.0,0.0,4181.728281458715,7293.429455960294,1048.5147957924614,5,3718.669387539816,"[""C000"", ""L016"", ""R000"", ""R002"", ""R003"", ""R004"", ""R006""]",7,0.0,3574.7600684204776,2670.1545917473545,463.7107287917506,265.4376197936722,0.26666666666666666,1,4791.733793408215,0,0.47917337934082155,2471.881482749276,8,2164.455957762054,1771.2165284327261,856.0613072134352,0.0,1558.1875683055823,4,4791.733793408215,"[""L001"", ""L005"", ""L016"", ""L018"", ""L022"", ""L026"", ""L028"", ""L034"", ""R000"", ""R004"", ""R006"", ""R007""]",12,0.0,3233.546225102633,761.664742353357,overlap,10000.0,disjoint,509.6727725131209,"[""C000"", ""R002"", ""R003""]","[""L016"", ""R000"", ""R004"", ""R006""]",1073.0644058683993,0.05096727725131209,30013,8,3,4,clustered,0.08101851851851852,0.7430555555555556,974.2875894036212,224.43703486070288,649.5250596024139,0.17592592592592593,matched,297.9540135616064
-1.1368683772161603e-13,"[""L000"", ""L003"", ""L018"", ""L020"", ""L023""]",3164.414402377262,2,overlap:disjoint:clustered:r014,3465.34993741006,2,0.34653499374100594,2246.440129844509,0,1416.065643666409,2049.2842937436517,0.0,0.0,4591.209115914269,7696.907705728843,836.611234443862,4,3465.34993741006,"[""C001"", ""C002"", ""R000"", ""R003"", ""R007"", ""R008""]",6,0.0,4231.557768318783,2628.738702966198,382.2985731216892,175.84395132467625,0.36363636363636365,1,4206.078701469123,2,0.42060787014691225,2422.2840811691854,5,1638.4302671384944,2219.758783040163,347.8896512904657,0.0,1199.345027188262,2,4206.078701469123,"[""C001"", ""C002"", ""L000"", ""L003"", ""L018"", ""L020"", ""L023"", ""R000"", ""R008""]",9,0.0,3006.733674280861,584.4495931116758,overlap,10000.0,disjoint,362.73379274440003,"[""R003"", ""R007""]","[""C001"", ""C002"", ""R000"", ""R008""]",740.728764059063,0.03627337927444001,30014,5,2,4,clustered,0.06018518518518518,0.7453703703703703,935.9598392495512,212.12468185129114,623.9732261663675,0.19444444444444445,matched,202.1510199899866
0.0,"[""C000"", ""C001"", ""L031"", ""R007""]",3165.188130787773,2,overlap:disjoint:clustered:r015,3419.070859914871,1,0.3419070859914871,2191.1704618867966,1,1160.2141232332683,1392.138503426895,866.7182332547075,0.0,4238.681466287641,7403.869597075415,790.5348321742617,5,3419.0708599148707,"[""C002"", ""L001"", ""R000"", ""R002"", ""R003"", ""R004"", ""R006""]",7,0.0,3984.798737160544,2628.536027740609,437.36556585381226,341.96412075167336,0.2727272727272727,1,5201.097719589874,3,0.5201097719589874,2533.13458263847,2,2582.2274253400346,1924.0936380489266,694.7766562009133,0.0,2035.909588802101,2,5201.097719589874,"[""C000"", ""C001"", ""C002"", ""L001"", ""L031"", ""R002"", ""R007""]",7,0.0,3165.188130787773,632.053548149303,overlap,9999.999999999996,disjoint,1245.3747566278394,"[""R000"", ""R003"", ""R004"", ""R006""]","[""C002"", ""L001"", ""R002""]",1782.0268596750034,0.12453747566278398,30015,4,4,3,clustered,0.07175925925925924,0.7361111111111112,959.365380475275,215.58622747137144,639.5769203168497,0.19212962962962965,matched,194.6879822954907
0.0,"[""C002"", ""L001"", ""L011"", ""L021"", ""L027"", ""L029"", ""L033"", ""R003"", ""R006""]",3169.0571781340655,2,overlap:disjoint:clustered:r016,2762.7307023813682,0,0.2762730702381368,2071.286342419854,2,1974.6635427653223,211.2305647549663,576.8365948610797,0.0,4100.369043370088,7208.698559470658,294.0340811465421,6,2762.7307023813682,"[""L005"", ""L016"", ""R000"", ""R001"", ""R002"", ""R005"", ""R007"", ""R008""]",8,0.0,4445.96785708929,2468.696621234826,397.4102788149722,352.8447536762301,0.058823529411764705,1,4712.3259896032705,1,0.47123259896032704,2424.131096096084,6,2747.5626757697655,682.4556860671324,1282.3076277663722,0.0,1575.59293609119,3,4712.32598960327,"[""C002"", ""L001"", ""L011"", ""L021"", ""L027"", ""L029"", ""L033"", ""R000"", ""R003"", ""R006""]",10,0.0,3136.7330535120796,712.6019574159955,overlap,10000.000000000002,disjoint,1281.558854944648,"[""L005"", ""L016"", ""R001"", ""R002"", ""R005"", ""R007"", ""R008""]","[""R000""]",1949.5952872219013,0.12815588549446477,30016,9,7,1,clustered,0.06944444444444445,0.7106481481481483,986.0724795137644,219.20815255985974,657.3816530091764,0.2199074074074074,matched,315.1916786010233
2.2737367544323206e-13,"[""L005"", ""L007"", ""L021"", ""L028"", ""L029"", ""L030"", ""L032"", ""R000""]",3112.546765947254,2,overlap:disjoint:clustered:r017,3003.886756185682,2,0.3003886756185682,2168.8191239801995,0,1657.8143565820774,0.0,1346.0723996036045,0.0,4761.883053226853,7801.8115434306155,502.78233381703285,4,3003.8867561856814,"[""C001"", ""C002"", ""R002"", ""R003"", ""R005"", ""R007""]",6,0.0,4797.924787244934,2501.1044223686486,332.28529838844895,291.9458813902452,0.21428571428571427,1,4526.414607105271,1,0.4526414607105271,2460.7650053704447,7,2785.004327779525,930.5949638162152,810.8153155095301,0.0,1434.2283389810873,3,4526.41460710527,"[""C001"", ""L005"", ""L007"", ""L021"", ""L028"", ""L029"", ""L030"", ""L032"", ""R000"", ""R003"", ""R005""]",11,0.0,3092.186268124183,631.4212627537382,overlap,10000.000000000002,disjoint,931.4460051640544,"[""C002"", ""R002"", ""R007""]","[""C001"", ""R003"", ""R005""]",1522.5278509195887,0.09314460051640543,30017,8,3,3,clustered,0.0625,0.7453703703703705,940.1750036157508,207.1913254629387,626.7833357438342,0.19212962962962962,matched,299.1359643652893
-2.2737367544323206e-13,"[""C001"", ""L002"", ""L010"", ""L014"", ""L024"", ""L031"", ""R006""]",3198.9914275820743,2,overlap:disjoint:clustered:r018,3377.261377807048,1,0.3377261377807048,2243.304705994428,0,378.13460526634435,1918.421203741928,1080.7055687987759,0.0,4219.915871714022,7418.907299296095,695.2160374183995,6,3377.261377807048,"[""C002"", ""R000"", ""R001"", ""R002"", ""R003"", ""R004"", ""R008""]",7,0.0,4041.6459214890465,2682.0453403886486,438.74063439422093,271.8457903845051,0.14285714285714285,1,4239.3996099198785,2,0.42393996099198783,2515.150496378933,5,509.68521610056246,1962.623200247513,1767.0911935718023,0.0,1151.5496447231408,2,4239.399609919878,"[""C001"", ""C002"", ""L002"", ""L010"", ""L014"", ""L024"", ""L031"", ""R001"", ""R006""]",9,0.0,3087.849965196737,572.6994688178038,overlap,10000.0,disjoint,456.33360730474124,"[""R000"", ""R002"", ""R003"", ""R004"", ""R008""]","[""C002"", ""R001""]",862.1382321128294,0.04563336073047412,30018,7,5,2,clustered,0.06712962962962962,0.7361111111111112,960.4930728016085,218.18759276810204,640.3287152010723,0.19675925925925927,matched,133.95883442358286
0.0,"[""C000"", ""L013"", ""R005""]",3186.80800858948,2,overlap:disjoint:clustered:r019,4313.189403487759,1,0.43131894034877594,2130.7302009375267,1,3153.251668034054,162.67570562783862,997.2620298258663,0.0,4386.881517655175,7503.408485040471,1651.1051431796895,5,4313.189403487759,"[""C001"", ""L031"", ""R000"", ""R003"", ""R006"", ""R007"", ""R008""]",7,0.0,3190.219081552712,2662.084260308069,531.3540593705427,262.3322985381701,0.4,1,5557.109369660196,2,0.5557109369660197,2393.0624994756968,1,4017.8503439814353,969.4252868178671,569.8337388608934,0.0,2533.894588088786,4,5557.109369660195,"[""C000"", ""C001"", ""L013"", ""R000"", ""R003"", ""R005"", ""R008""]",7,0.0,3023.214781571409,630.1522820957123,overlap,9999.999999999996,disjoint,882.7894449090963,"[""L031"", ""R006"", ""R007""]","[""C001"", ""R000"", ""R003"", ""R008""]",1243.919966172436,0.08827894449090967,30019,3,3,4,clustered,0.06481481481481481,0.7453703703703705,944.3127153190292,214.24298828560143,629.5418102126862,0.1898148148148148,matched,98.79822272516958
-2.2737367544323206e-13,"[""L004"", ""L006"", ""L009"", ""L010"", ""L012"", ""L014"", ""L016"", ""L023"", ""L028"", ""L035""]",3229.255318869751,2,overlap:disjoint:dispersed:r000,2743.804231785698,1,0.27438042317856975,2301.1164783536233,0,1763.481047687027,593.5779403739642,386.7452437247065,0.0,4327.6022294306385,7556.85754830039,107.5757601540763,6,2743.804231785698,"[""C001"", ""R000"", ""R001"", ""R003"", ""R004"", ""R005"", ""R008""]",7,0.0,4813.053316514692,2636.2284716316217,335.11199327799864,134.22204156299267,0.11764705882352941,1,4487.811195741442,1,0.4487811195741441,2435.338519916616,10,2296.486697141883,1329.9679796459645,861.3565189535951,0.0,1301.6459061605287,1,4487.811195741442,"[""C001"", ""L004"", ""L006"", ""L009"", ""L010"", ""L012"", ""L014"", ""L016"", ""L023"", ""L028"", ""L035"", ""R005""]",12,0.0,3186.1652895809134,750.8267696642974,overlap,10000.000000000002,disjoint,1194.0701460064524,"[""R000"", ""R001"", ""R003"", ""R004"", ""R008""]","[""C001"", ""R005""]",1744.0069639557441,0.11940701460064522,30000,10,5,2,dispersed,0.04398148148148148,0.7916666666666665,866.9710026827463,206.57278659224735,577.9806684551644,0.16435185185185183,matched,415.7147763862988
-1.1368683772161603e-13,"[""C000"", ""L015"", ""L026"", ""L034""]",3161.0070737777655,2,overlap:disjoint:dispersed:r001,3605.986294946851,1,0.36059862949468513,2109.2726455887,1,187.44791553573248,1906.0656488313361,1512.4727305797821,0.0,4190.952315414932,7281.6510859614755,990.0624713764182,5,3605.9862949468506,"[""C002"", ""L001"", ""R000"", ""R004"", ""R005"", ""R006"", ""R008""]",7,0.0,3675.6647910146244,2615.9238235704324,506.65117798173253,284.51487446388956,0.36363636363636365,1,4575.406171063196,2,0.4575406171063196,2393.7875200525896,3,1283.4132954474558,1783.5978538650454,1508.395021750695,0.0,1522.0880196941853,3,4575.406171063196,"[""C000"", ""C002"", ""L015"", ""L026"", ""L034"", ""R000"", ""R004"", ""R008""]",8,0.0,3053.3181513690106,659.530631316421,overlap,10000.000000000002,disjoint,532.0255483177671,"[""L001"", ""R005"", ""R006""]","[""C002"", ""R000"", ""R004"", ""R008""]",969.4198761163452,0.053202554831776695,30001,4,3,4,dispersed,0.05092592592592592,0.7731481481481481,902.0077770500625,205.77840871384907,601.3385180333752,0.1759259259259259,matched,152.8794533346885
0.0,"[""L000"", ""L009"", ""L013"", ""L017"", ""L018"", ""L024"", ""L028"", ""L029"", ""L030"", ""R000"", ""R006"", ""R008""]",3237.757930074924,2,overlap:disjoint:dispersed:r002,2496.55580661152,1,0.249655580661152,2305.7502496940388,1,1025.4547575072827,1112.1929348184785,358.9081142857586,0.0,4038.9655544902525,7264.643575478427,-146.39433979936894,5,2496.55580661152,"[""C002"", ""L001"", ""R001"", ""R002"", ""R003"", ""R004"", ""R007""]",7,0.0,4768.087768866907,2642.950146410889,337.1998967168504,31.863733281667464,0.0,1,4194.5583481261,0,0.41945583481261,2337.613982975706,9,843.1053895035645,2025.722178753772,1325.7307798687634,0.0,1092.2315817988729,3,4194.5583481261,"[""L000"", ""L009"", ""L013"", ""L017"", ""L018"", ""L024"", ""L028"", ""L029"", ""L030"", ""R000"", ""R006"", ""R008""]",12,0.0,3102.3267663272272,764.7127833515212,overlap,10000.000000000002,disjoint,1238.6259215982418,"[""C002"", ""L001"", ""R001"", ""R002"", ""R003"", ""R004"", ""R007""]",[],1698.0025415145801,0.12386259215982416,30002,12,7,0,dispersed,0.041666666666666664,0.7847222222222222,870.7494720150343,206.32219984052486,580.4996480100231,0.1736111111111111,matched,427.51288663467085
0.0,"[""C000"", ""L004"", ""L015"", ""L029"", ""L032"", ""R005"", ""R008""]",3132.7747322726527,2,overlap:disjoint:dispersed:r003,3170.9812987556124,2,0.31709812987556124,2216.207969365419,2,2156.297667184319,744.1076625894209,270.5759689818729,0.0,4588.852290306962,7721.627022579614,567.6629932791038,3,3170.9812987556124,"[""C001"", ""C002"", ""L019"", ""L026"", ""R001"", ""R003"", ""R004""]",7,0.0,4550.645723824002,2603.3183054765086,387.1103361110895,218.10032172668753,0.14285714285714285,1,4978.220378314204,2,0.4978220378314204,2434.3082910921066,5,2291.567401093383,2686.6529772208205,0.0,0.0,1852.199294565772,2,4978.220378314204,"[""C000"", ""C001"", ""L004"", ""L015"", ""L026"", ""L029"", ""L032"", ""R005"", ""R008""]",9,0.0,3126.021083748432,691.7127926563252,overlap,10000.000000000002,disjoint,1284.5363012866683,"[""C002"", ""L019"", ""R001"", ""R003"", ""R004""]","[""C001"", ""L026""]",1807.2390795585916,0.1284536301286668,30003,7,5,2,dispersed,0.06944444444444445,0.738425925925926,952.6741062163661,212.9520410335273,635.1160708109107,0.19212962962962965,matched,304.60245654523567
-4.547473508864641e-13,"[""C000"", ""C001"", ""L009"", ""L023"", ""R008""]",3204.70641625541,2,overlap:disjoint:dispersed:r004,3425.9684061258804,0,0.34259684061258805,2161.6883489582024,1,857.7792648067248,1957.0262649924005,611.1628763267554,0.0,4105.604961496342,7290.31721915953,764.672911034867,7,3425.9684061258804,"[""L007"", ""R000"", ""R001"", ""R003"", ""R004"", ""R005"", ""R006"", ""R007""]",8,0.0,3864.34881303365,2661.2954950910134,499.60714613281124,398.8322022955663,0.23076923076923078,1,4684.385496528583,2,0.46843854965285825,2560.5205512537686,3,1950.7465409625477,1827.4757298945087,906.1632256715259,0.0,1489.301718909357,3,4684.385496528583,"[""C000"", ""C001"", ""L007"", ""L009"", ""L023"", ""R001"", ""R007"", ""R008""]",8,0.0,3195.0837776192257,634.5632263654568,overlap,9999.999999999996,disjoint,724.6288078744901,"[""R000"", ""R003"", ""R004"", ""R005"", ""R006""]","[""L007"", ""R001"", ""R007""]",1258.4170904027023,0.07246288078744904,30004,5,5,3,dispersed,0.05555555555555555,0.7777777777777778,899.380775510321,207.5223927863559,599.5871836735473,0.16666666666666666,matched,134.95608023264555
2.2737367544323206e-13,"[""L015"", ""L016"", ""L020"", ""L030"", ""L032"", ""L033"", ""R005""]",3159.762100204731,2,overlap:disjoint:dispersed:r005,3224.6590932546023,1,0.3224659093254602,2202.7351792979052,1,915.8234387667404,1198.6538911065632,1110.1817633812989,0.0,4093.971705632609,7215.54336079796,619.3736732573739,5,3224.6590932546023,"[""C001"", ""L025"", ""R000"", ""R001"", ""R002"", ""R003"", ""R007""]",7,0.0,3990.884267543358,2605.2854199972285,402.5502406993232,157.1654458695475,0.21428571428571427,1,4532.307117771607,1,0.45323071177716073,2359.9006251674527,6,2234.420119608819,1510.0397429221364,787.8472552406521,0.0,1493.297200247166,3,4532.307117771607,"[""C001"", ""L015"", ""L016"", ""L020"", ""L030"", ""L032"", ""L033"", ""R001"", ""R003"", ""R005""]",10,0.0,3039.0099175244413,679.1092923569888,overlap,10000.000000000002,disjoint,873.9235269897922,"[""L025"", ""R000"", ""R002"", ""R007""]","[""C001"", ""R001"", ""R003""]",1307.648024517005,0.0873923526989792,30005,7,4,3,dispersed,0.048611111111111105,0.7893518518518517,870.7017347419014,203.7702036647346,580.4678231612678,0.162037037037037,matched,276.55905165766563
2.2737367544323206e-13,"[""L007"", ""L020"", ""L026"", ""L031"", ""R004"", ""R007""]",3193.793700706158,2,overlap:disjoint:dispersed:r006,3452.240531770654,0,0.3452240531770654,2116.0935894096533,5,1512.0890255229683,1101.6880192105698,838.4634870371149,0.0,3913.383233717178,7091.52376367391,806.2120825267561,5,3452.240531770653,"[""L015"", ""L017"", ""L019"", ""L021"", ""L028"", ""R000"", ""R001"", ""R003"", ""R006"", ""R008""]",10,0.0,3639.2832319032564,2646.028449243897,529.9348598342433,360.35306160472055,0.375,1,4444.655325993286,0,0.44446553259932864,2476.446651014374,7,2091.8439803527012,697.8909966183094,1654.9203490222756,0.0,1262.061349956964,5,4444.655325993286,"[""L007"", ""L015"", ""L017"", ""L019"", ""L020"", ""L026"", ""L031"", ""R001"", ""R004"", ""R006"", ""R007"", ""R008""]",12,0.0,3182.593976036322,706.1473250219483,overlap,10000.000000000002,disjoint,455.8492674302079,"[""L021"", ""L028"", ""R000"", ""R003""]","[""L015"", ""L017"", ""L019"", ""R001"", ""R006"", ""R008""]",992.4147942226332,0.04558492674302078,30006,6,4,6,dispersed,0.06018518518518518,0.7523148148148149,922.8506873979388,211.70076246057664,615.2337915986261,0.1875,matched,176.212465187705
2.2737367544323206e-13,"[""C000"", ""L003"", ""L015"", ""L018"", ""L025"", ""L031"", ""L033"", ""R002"", ""R003""]",3147.602810683534,2,overlap:disjoint:dispersed:r007,3029.1679899040737,2,0.30291679899040735,2199.6545265327645,0,1150.774147197637,287.9593808953816,1590.4344618110551,0.0,4317.743592525788,7429.351262067313,448.7733164373567,4,3029.1679899040737,"[""C001"", ""C002"", ""R001"", ""R004"", ""R005"", ""R007""]",6,0.0,4400.183272163239,2580.394673466717,380.7401469339525,238.2837342805028,0.06666666666666667,1,4368.698458110636,1,0.43686984581106364,2437.9382608132673,6,1900.9001492733387,1047.4131251763529,1420.3851836609442,0.0,1241.3912670008858,3,4368.698458110635,"[""C000"", ""L003"", ""L015"", ""L018"", ""L025"", ""L031"", ""L033"", ""R002"", ""R003"", ""R007""]",10,0.0,3127.3071911097495,689.3689302964824,overlap,9999.999999999996,disjoint,792.6179505635291,"[""C001"", ""C002"", ""R001"", ""R004"", ""R005""]","[""R007""]",1339.5304682065616,0.07926179505635295,30007,9,5,1,dispersed,0.06018518518518518,0.7592592592592592,922.9644427029622,208.62908597525634,615.3096284686412,0.18055555555555555,matched,308.62878336252993
-2.2737367544323206e-13,"[""C000"", ""L000"", ""L005"", ""L019"", ""L022"", ""L025"", ""R002""]",3187.9971404672947,2,overlap:disjoint:dispersed:r008,3022.8737121449485,0,0.30228737121449484,2173.701993224264,3,1110.5266413787378,752.4086066119278,1159.9384641542829,0.0,4212.79734135768,7400.794481824973,412.8209035893733,6,3022.8737121449485,"[""L007"", ""L011"", ""L033"", ""R000"", ""R001"", ""R003"", ""R004"", ""R007"", ""R008""]",9,0.0,4377.920769680025,2610.052808555575,436.3508153313114,152.1642732537266,0.1875,1,5231.55096324471,1,0.523155096324471,2325.8662664779904,7,3964.2858909913175,303.41764036802215,963.8474318853698,0.0,2134.992832278448,2,5231.550963244709,"[""C000"", ""L000"", ""L005"", ""L007"", ""L011"", ""L019"", ""L022"", ""L025"", ""R002"", ""R004""]",10,0.0,3096.558130966261,770.6918644882705,overlap,9999.999999999998,disjoint,1722.1719286890748,"[""L033"", ""R000"", ""R001"", ""R003"", ""R007"", ""R008""]","[""L007"", ""L011"", ""R004""]",2208.6772510997607,0.17221719286890752,30008,7,6,3,dispersed,0.050925925925925916,0.7615740740740741,911.3132668505688,209.9474541573981,607.542177900379,0.1875,matched,334.3410491569591
0.0,"[""L002"", ""L003"", ""L021"", ""L024"", ""L027"", ""L032"", ""R006""]",3190.113980286779,2,overlap:disjoint:dispersed:r009,3098.8494744335876,2,0.30988494744335876,2264.856954268559,0,1597.0497610052118,0.0,1501.7997134283758,0.0,4290.823345265828,7411.749114500506,458.5361364657524,4,3098.8494744335876,"[""C000"", ""C002"", ""R001"", ""R004"", ""R005"", ""R007""]",6,0.0,4312.899640066918,2640.313337967835,375.45638369927605,133.9332487919205,0.23076923076923078,1,4264.530071625833,1,0.42645300716258333,2398.7902030604796,6,2790.3028880158863,288.5902775415048,1185.636906068443,0.0,1216.7128559731036,3,4264.530071625833,"[""C000"", ""L002"", ""L003"", ""L021"", ""L024"", ""L027"", ""L032"", ""R004"", ""R006"", ""R007""]",10,0.0,3047.81721565273,649.0270125922502,overlap,10000.000000000002,disjoint,758.1767195073512,"[""C002"", ""R001"", ""R005""]","[""C000"", ""R004"", ""R007""]",1165.6805971922458,0.0758176719507351,30009,7,3,3,dispersed,0.07407407407407407,0.7476851851851851,963.6718849299577,216.8623834054747,642.4479232866388,0.17824074074074076,matched,273.5706288929742
-3.410605131648481e-13,"[""C000"", ""L004"", ""L027"", ""L032""]",3199.694025600197,2,overlap:disjoint:dispersed:r010,3293.8046204535485,1,0.32938046204535487,2221.122766244481,1,345.98931538501495,1195.1018299533307,1752.7134751152028,0.0,4768.056208800004,7967.750234400201,631.5952333698324,5,3293.8046204535485,"[""C001"", ""L025"", ""R000"", ""R002"", ""R003"", ""R004"", ""R007""]",7,0.0,4673.945613946653,2662.209387083716,441.086620839235,190.0905922676252,0.45454545454545453,1,4662.630801654916,1,0.46626308016549156,2411.2133585121064,4,1889.1804221085895,1447.5371575059646,1325.9132220403608,0.0,1620.7206058451693,4,4662.630801654915,"[""C000"", ""L004"", ""L025"", ""L027"", ""L032"", ""R000"", ""R003"", ""R004"", ""R007""]",9,0.0,3041.9101958097453,630.6968372976387,overlap,10000.000000000002,disjoint,989.1253724753369,"[""C001"", ""R002""]","[""L025"", ""R000"", ""R003"", ""R004"", ""R007""]",1368.8261812013661,0.09891253724753367,30010,4,2,5,dispersed,0.057870370370370364,0.7592592592592592,918.8223470278982,212.46090858201035,612.5482313519324,0.18287037037037035,matched,189.61021645840367
2.2737367544323206e-13,"[""C001"", ""R002"", ""R003""]",3190.9343305541915,2,overlap:disjoint:dispersed:r011,3295.2562540362874,1,0.32952562540362873,2108.165635689924,1,1307.8640421725013,1065.1235052459308,922.2687066178554,0.0,4478.841896338183,7549.851277118898,740.6506263737783,5,3295.2562540362874,"[""C002"", ""L009"", ""R000"", ""R004"", ""R005"", ""R006"", ""R007""]",7,0.0,4254.595023082611,2554.605627662509,446.43999197258506,464.9285402577061,0.4,1,4925.048002385736,2,0.4925048002385736,2573.09417594763,0,1933.7747562239929,2404.550964137437,586.722282024306,0.0,1747.7216643938864,5,4925.048002385736,"[""C001"", ""C002"", ""R000"", ""R002"", ""R003"", ""R004"", ""R007""]",7,0.0,3177.32633799185,604.23216204422,overlap,10000.0,disjoint,1007.0710380201081,"[""L009"", ""R005"", ""R006""]","[""C002"", ""R000"", ""R004"", ""R007""]",1629.7917483494489,0.10070710380201081,30011,3,3,4,dispersed,0.041666666666666664,0.7708333333333334,878.9439027883175,207.30918199981872,585.9626018588783,0.1875,matched,157.79217007163493
1.1368683772161603e-13,"[""C000"", ""L001"", ""L018"", ""R005""]",3175.004053369489,2,overlap:disjoint:dispersed:r012,3656.824741797672,0,0.3656824741797672,2131.47021568096,3,1729.9312569070403,608.2453118533899,1318.648173037242,0.0,4325.20658319274,7500.210636562229,991.2574348002418,6,3656.824741797672,"[""L002"", ""L007"", ""L034"", ""R000"", ""R002"", ""R003"", ""R006"", ""R007"", ""R008""]",9,0.0,3843.3858947645576,2665.56730699743,534.0970913164699,342.3447380728735,0.38461538461538464,1,4676.902100616375,1,0.46769021006163747,2473.8149537538334,3,1746.7863491054243,1611.4675784737083,1318.648173037242,0.0,1501.8980472468857,5,4676.902100616375,"[""C000"", ""L001"", ""L007"", ""L018"", ""R003"", ""R005"", ""R006"", ""R007"", ""R008""]",9,0.0,3175.004053369489,701.1890996156557,overlap,9999.999999999998,disjoint,510.6406124466439,"[""L002"", ""L034"", ""R000"", ""R002""]","[""L007"", ""R003"", ""R006"", ""R007"", ""R008""]",1020.077358818703,0.0510640612446644,30012,4,4,5,dispersed,0.0625,0.7731481481481483,911.7973292978588,209.48142706419762,607.8648861985722,0.16435185185185183,matched,167.09200829918575
3.979039320256561e-13,"[""L001"", ""L005"", ""L018"", ""L022"", ""L026"", ""L028"", ""L034"", ""R007""]",3233.5462251026333,2,overlap:disjoint:dispersed:r013,3718.669387539816,1,0.3718669387539816,2206.443862955604,1,2472.8371684141493,1245.8322191256666,0.0,0.0,4181.728281458715,7293.429455960294,1036.5406589832187,5,3718.669387539816,"[""C000"", ""L016"", ""R000"", ""R002"", ""R003"", ""R004"", ""R006""]",7,0.0,3574.760068420478,2682.1287285565973,475.6848656009932,265.4376197936722,0.26666666666666666,1,4722.532085240264,0,0.47225320852402636,2471.881482749276,8,2164.455957762054,1769.9631229088277,788.1130045693826,0.0,1488.9858601376318,4,4722.532085240265,"[""L001"", ""L005"", ""L016"", ""L018"", ""L022"", ""L026"", ""L028"", ""L034"", ""R000"", ""R004"", ""R006"", ""R007""]",12,0.0,3233.546225102633,761.664742353357,overlap,10000.0,disjoint,452.4452011544131,"[""C000"", ""R002"", ""R003""]","[""L016"", ""R000"", ""R004"", ""R006""]",1003.8626977004487,0.04524452011544131,30013,8,3,4,dispersed,0.04398148148148148,0.75,897.5068584937532,213.585351337007,598.3379056625022,0.2060185185185185,matched,285.97987675236385
1.1368683772161603e-13,"[""L000"", ""L020"", ""L023"", ""R006""]",3164.414402377262,2,overlap:disjoint:dispersed:r014,3465.3499374100606,2,0.346534993741006,2246.440129844509,0,1416.065643666409,2049.2842937436517,0.0,0.0,4591.209115914269,7696.907705728843,826.6828298992018,4,3465.3499374100606,"[""C001"", ""C002"", ""R000"", ""R003"", ""R007"", ""R008""]",6,0.0,4231.557768318782,2638.667107510859,392.2269776663495,206.99411809800677,0.4,1,4423.4512752177525,2,0.4423451275217752,2453.434247942516,3,1638.4302671384944,1744.7927549047981,1040.2282531744597,0.0,1357.4859995198685,3,4423.4512752177525,"[""C001"", ""C002"", ""L000"", ""L020"", ""L023"", ""R000"", ""R006"", ""R008""]",8,0.0,3065.965275697884,612.531027755368,overlap,10000.0,disjoint,530.8031696206667,"[""R003"", ""R007""]","[""C001"", ""C002"", ""R000"", ""R008""]",958.1013378076918,0.05308031696206667,30014,4,2,4,dispersed,0.0625,0.7384259259259259,942.0035629193821,213.0882647067676,628.002375279588,0.19907407407407407,matched,220.30405008901846
0.0,"[""C001"", ""L019"", ""L031"", ""L032"", ""R001""]",3165.188130787773,2,overlap:disjoint:dispersed:r015,3982.456802078386,1,0.39824568020783857,2191.1704618867966,1,1663.436739027312,1392.138503426895,926.8815596241784,0.0,4238.681466287641,7403.869597075415,1264.9347941148735,5,3982.456802078386,"[""C002"", ""L001"", ""R000"", ""R002"", ""R003"", ""R004"", ""R006""]",7,0.0,3421.4127949970293,2717.5220079635124,526.3515460767157,148.69690063665394,0.25,1,5380.299626844081,2,0.5380299626844081,2339.8673625234505,4,2199.6792470804635,2223.2522934361177,957.3680863274999,0.0,2324.7815180865846,2,5380.299626844082,"[""C001"", ""C002"", ""L001"", ""L019"", ""L031"", ""L032"", ""R001"", ""R002""]",8,0.0,3055.5181087574974,715.6507462340469,overlap,9999.999999999996,disjoint,1059.846723971711,"[""R000"", ""R003"", ""R004"", ""R006""]","[""C002"", ""L001"", ""R002""]",1397.8428247656962,0.10598467239717115,30015,5,4,3,dispersed,0.05555555555555555,0.7638888888888888,918.6483876414497,207.45960161281985,612.4322584276327,0.18055555555555555,matched,189.29920015733114
2.2737367544323206e-13,"[""C002"", ""L001"", ""L011"", ""L021"", ""L027"", ""L029"", ""L033"", ""R003""]",3169.0571781340655,2,overlap:disjoint:dispersed:r016,2762.7307023813682,0,0.2762730702381368,2071.286342419854,2,1974.663542765322,211.2305647549663,576.8365948610797,0.0,4100.369043370088,7208.698559470658,290.2028618354543,6,2762.7307023813682,"[""L005"", ""L016"", ""R000"", ""R001"", ""R002"", ""R005"", ""R007"", ""R008""]",8,0.0,4445.96785708929,2472.527840545914,401.24149812605975,308.6378940869686,0.125,1,4790.104881238303,1,0.47901048812383035,2379.9242365068226,6,2825.3415674047983,682.4556860671323,1282.3076277663722,0.0,1667.2959773463226,3,4790.104881238303,"[""C002"", ""L001"", ""L011"", ""L021"", ""L027"", ""L029"", ""L033"", ""R000"", ""R002"", ""R003""]",10,0.0,3122.8089038919807,742.8846673851581,overlap,10000.000000000002,disjoint,1377.0931155108683,"[""L005"", ""L016"", ""R001"", ""R005"", ""R007"", ""R008""]","[""R000"", ""R002""]",2027.374178856935,0.13770931155108682,30016,8,6,2,dispersed,0.053240740740740734,0.761574074074074,909.8987233107702,208.14451897708946,606.5991488738468,0.1851851851851852,matched,341.64316925909833
-2.2737367544323206e-13,"[""L021"", ""L028"", ""L029"", ""L030"", ""L032"", ""R000"", ""R004""]",3112.546765947254,2,overlap:disjoint:dispersed:r017,3236.4013407342923,2,0.32364013407342923,2168.8191239801995,0,1657.8143565820774,0.0,1578.5869841522149,0.0,4761.883053226853,7801.8115434306155,694.8624051688571,4,3236.4013407342923,"[""C001"", ""C002"", ""R002"", ""R003"", ""R005"", ""R007""]",6,0.0,4565.410202696323,2541.538935565435,372.7198115852357,267.6204122955601,0.23076923076923078,1,4637.183949820161,1,0.46371839498201606,2436.4395362757596,5,2347.108223102985,1330.386755908768,959.6889708084075,0.0,1551.290370476334,4,4637.183949820161,"[""C001"", ""L021"", ""L028"", ""L029"", ""L030"", ""L032"", ""R000"", ""R003"", ""R004"", ""R005""]",10,0.0,3085.893579343827,649.454043068067,overlap,10000.000000000002,disjoint,856.4279653074768,"[""C002"", ""R002"", ""R007""]","[""C001"", ""R003"", ""R005""]",1400.7826090858684,0.08564279653074766,30017,7,3,3,dispersed,0.06018518518518518,0.7569444444444444,929.8124693223973,206.67205760765214,619.874979548265,0.18287037037037035,matched,276.7342314828313
3.410605131648481e-13,"[""L002"", ""L010"", ""L014"", ""L024"", ""L031"", ""R006""]",3198.9914275820743,2,overlap:disjoint:dispersed:r018,3428.6591363712496,1,0.342865913637125,2243.304705994428,0,378.13460526634435,1969.8189623061296,1080.7055687987756,0.0,4219.915871714022,7418.907299296095,725.6329017885091,6,3428.6591363712496,"[""C002"", ""R000"", ""R001"", ""R002"", ""R003"", ""R004"", ""R008""]",7,0.0,3990.248162924845,2703.0262345827405,459.7215285883125,243.68884623344638,0.3076923076923077,1,4271.543491059695,1,0.4271543491059695,2486.9935522278743,5,887.8198213669069,2352.137878054949,1031.585791637839,0.0,1154.2819116629653,4,4271.543491059694,"[""C002"", ""L002"", ""L010"", ""L014"", ""L024"", ""L031"", ""R001"", ""R002"", ""R004"", ""R006""]",10,0.0,3117.261579396729,630.2680271688548,overlap,10000.0,disjoint,428.64900987445617,"[""R000"", ""R003"", ""R008""]","[""C002"", ""R001"", ""R002"", ""R004""]",842.8843546884445,0.042864900987445616,30018,6,3,4,dispersed,0.053240740740740734,0.7546296296296297,911.2622351861573,210.54521349116965,607.5081567907715,0.19212962962962962,matched,170.54649858054233
0.0,"[""C000"", ""L011"", ""L013"", ""L028"", ""R005""]",3186.80800858948,2,overlap:disjoint:dispersed:r019,4081.4382689882104,1,0.4081438268988211,2130.7302009375267,1,2921.500533534506,162.67570562783862,997.2620298258663,0.0,4386.881517655175,7503.408485040471,1432.9579372026565,5,4081.4382689882104,"[""C001"", ""L031"", ""R000"", ""R003"", ""R006"", ""R007"", ""R008""]",7,0.0,3421.97021605226,2648.480331785554,517.7501308480273,318.66133992470304,0.25,1,6142.169829192294,2,0.6142169829192295,2449.3915408622297,3,3953.798160432516,1269.0247044926452,919.3469642671325,0.0,2955.361820602813,3,6142.169829192293,"[""C000"", ""C001"", ""L011"", ""L013"", ""L028"", ""R003"", ""R005"", ""R008""]",8,0.0,3186.80800858948,737.4164677272502,overlap,9999.999999999996,disjoint,1522.4038834001567,"[""L031"", ""R000"", ""R006"", ""R007""]","[""C001"", ""R003"", ""R008""]",2060.7315602040826,0.15224038834001571,30019,5,4,3,dispersed,0.057870370370370364,0.7685185185185186,912.0148509928557,209.58497145962878,608.0099006619039,0.17361111111111108,matched,219.66633687922285
-2.2737367544323206e-13,"[""L004"", ""L009"", ""R002"", ""R006""]",3229.255318869751,2,overlap:intermediate:clustered:r000,5174.095472732633,1,0.5174095472732633,2301.1164783536233,0,2183.9455110272734,2484.8549417472486,505.29501995811114,1921.4904067342736,4327.6022294306385,7556.85754830039,2238.4699316347023,6,5174.095472732633,"[""C001"", ""R000"", ""R001"", ""R003"", ""R004"", ""R005"", ""R008""]",7,0.0,2382.7620755677563,2935.625541097931,634.5090627443078,62.56760076864521,0.36363636363636365,1,6743.864756875362,1,0.6743864756875361,2363.6840791222685,2,3397.006478167014,2295.3557106042617,1051.5025681040859,4291.3831204287735,3515.92858864347,5,6743.864756875362,"[""C001"", ""L004"", ""L009"", ""R001"", ""R002"", ""R005"", ""R006"", ""R008""]",8,0.0,3227.936168231892,864.2520891096235,overlap,10000.000000000002,intermediate,1277.4586570087677,"[""R000"", ""R003"", ""R004""]","[""C001"", ""R001"", ""R005"", ""R008""]",1569.7692841427288,0.12774586570087673,30000,4,3,4,clustered,0.053240740740740734,0.7083333333333334,951.8224437113568,221.62793695673327,634.5482958075713,0.2384259259259259,matched,229.7430263653157
4.547473508864641e-13,"[""L005"", ""L013"", ""L015"", ""L017"", ""L019"", ""L021"", ""L023"", ""L025"", ""L026"", ""L028"", ""R007""]",3161.0070737777655,2,overlap:intermediate:clustered:r001,3375.293223720988,1,0.3375293223720988,2109.2726455887,1,1016.525686909853,1512.2857502770535,846.4817865340815,460.02864677924015,4190.952315414932,7281.6510859614755,798.0407640377803,5,3375.293223720988,"[""C002"", ""L001"", ""R000"", ""R004"", ""R005"", ""R006"", ""R008""]",7,0.0,3906.3578622404875,2577.2524596832077,467.9798140945075,17.201249178778653,0.05555555555555555,1,5368.935213006556,0,0.5368935213006556,2126.4738947674787,11,1910.8699422246905,1918.0337432016636,1540.0315275802018,4985.6775045828035,2222.607426705392,1,5368.935213006556,"[""L001"", ""L005"", ""L013"", ""L015"", ""L017"", ""L019"", ""L021"", ""L023"", ""L025"", ""L026"", ""L028"", ""R007""]",12,0.0,3146.3277863011645,1019.853891533686,overlap,10000.000000000002,intermediate,1424.5666626676116,"[""C002"", ""R000"", ""R004"", ""R005"", ""R006"", ""R008""]","[""L001""]",1993.6419892855683,0.14245666626676112,30001,11,6,1,clustered,0.05092592592592592,0.7800925925925927,874.1517475611907,205.89313306657166,582.7678317074608,0.16898148148148148,matched,551.8740774391786
-2.2737367544323206e-13,"[""L002"", ""L013"", ""L014"", ""L016"", ""L022"", ""L024"", ""L029"", ""L030""]",3237.757930074924,2,overlap:intermediate:clustered:r002,4174.267408477644,1,0.4174267408477644,2305.7502496940388,1,2055.305387272958,1288.6587679159736,830.3032532887119,1975.2621873401918,4038.9655544902525,7264.643575478427,1322.622590484083,5,4174.267408477644,"[""C002"", ""L001"", ""R001"", ""R002"", ""R003"", ""R004"", ""R007""]",7,0.0,3090.3761670007834,2851.6448179935605,545.894568299522,-98.38233965569998,0.2,1,6027.851724830931,0,0.602785172483093,2207.367910038339,8,2669.0325108746865,2296.8316972602192,1061.9875166960246,4902.328961284284,2795.276868532091,3,6027.851724830931,"[""L002"", ""L013"", ""L014"", ""L016"", ""L022"", ""L024"", ""L029"", ""L030"", ""R003"", ""R004"", ""R007""]",11,0.0,3232.5748562988397,1025.206946260501,overlap,10000.000000000002,intermediate,1472.654278048008,"[""C002"", ""L001"", ""R001"", ""R002""]","[""R003"", ""R004"", ""R007""]",1853.5843163532872,0.14726542780480079,30002,8,4,3,clustered,0.041666666666666664,0.8032407407407408,855.4277982354012,204.90737865542968,570.285198823601,0.15509259259259262,matched,479.3123779609789
2.2737367544323206e-13,"[""L005"", ""L011"", ""L012"", ""L018"", ""L020"", ""L023"", ""L029"", ""L035"", ""R008""]",3132.7747322726527,2,overlap:intermediate:clustered:r003,5202.447842327852,2,0.5202447842327852,2216.207969365419,2,2344.318424413741,1881.245567604917,976.8838503091949,3695.8267229155285,4588.852290306962,7721.627022579614,2408.749673678379,3,5202.447842327852,"[""C001"", ""C002"", ""L019"", ""L026"", ""R001"", ""R003"", ""R004""]",7,0.0,2519.179180251762,2793.6981686494732,577.490199284054,-51.63496334820775,0.0625,1,6755.804069182675,1,0.6755804069182676,2164.5730060172114,8,2682.875209457447,2697.8675025928633,1375.061357132365,6404.94480341179,3623.9218101271967,1,6755.804069182675,"[""C001"", ""L005"", ""L011"", ""L012"", ""L018"", ""L020"", ""L023"", ""L029"", ""L035"", ""R008""]",10,0.0,3131.8822590554787,967.3092530382675,overlap,10000.000000000002,intermediate,1215.1721364488176,"[""C002"", ""L019"", ""L026"", ""R001"", ""R003"", ""R004""]","[""C001""]",1553.356226854823,0.12151721364488173,30003,9,6,1,clustered,0.13194444444444445,0.7199074074074073,1131.5445094107608,232.9445050989056,754.3630062738404,0.14814814814814814,matched,389.8190537542134
0.0,"[""C001"", ""L010"", ""L012"", ""L013"", ""L028"", ""L031"", ""L035"", ""R002""]",3204.70641625541,2,overlap:intermediate:clustered:r004,3597.242286782417,0,0.3597242286782417,2161.6883489582024,1,1453.5283498786525,1484.905510301423,658.8084266023413,969.8625027707845,4105.604961496342,7290.31721915953,935.0743722516354,7,3597.242286782417,"[""L007"", ""R000"", ""R001"", ""R003"", ""R004"", ""R005"", ""R006"", ""R007""]",8,0.0,3693.0749323771133,2662.1679145307817,500.47956557257913,125.38299924669218,0.125,1,6794.798619701572,1,0.6794798619701572,2287.0713482048945,7,2382.996717869278,2748.3368379395115,1663.4650638927815,6437.40377112466,3604.5153997695156,2,6794.798619701571,"[""C001"", ""L007"", ""L010"", ""L012"", ""L013"", ""L028"", ""L031"", ""L035"", ""R000"", ""R002""]",10,0.0,3190.283219932055,903.2118717271605,overlap,9999.999999999996,intermediate,2669.4410275178802,"[""R001"", ""R003"", ""R004"", ""R005"", ""R006"", ""R007""]","[""L007"", ""R000""]",3197.5563329191536,0.2669441027517881,30004,8,6,2,clustered,0.09259259259259259,0.6921296296296297,1028.8042303949014,232.3547312064296,685.8694869299343,0.2152777777777778,matched,402.7323061545814
-2.2737367544323206e-13,"[""L002"", ""L015"", ""L016"", ""L017"", ""L024""]",3159.762100204731,2,overlap:intermediate:clustered:r005,4626.475230398712,1,0.46264752303987117,2202.7351792979052,1,2404.816863202099,709.6202022196562,1512.0381649769568,1058.5195598588,4093.971705632609,7215.54336079796,1853.1699424992516,5,4626.475230398712,"[""C001"", ""L025"", ""R000"", ""R001"", ""R002"", ""R003"", ""R007""]",7,0.0,2589.0681303992487,2773.30528789946,570.5701086015547,78.65952976623976,0.3333333333333333,1,5882.771354925085,1,0.5882771354925085,2281.394709064145,5,3077.0798405732235,1381.2533553320072,1424.4381590198536,3101.6646656336866,2742.485503427585,3,5882.771354925084,"[""C001"", ""L002"", ""L015"", ""L016"", ""L017"", ""L024"", ""R001"", ""R002"", ""R003""]",9,0.0,3140.2858514974987,858.8911424333535,overlap,10000.000000000002,intermediate,889.3155609283335,"[""L025"", ""R000"", ""R007""]","[""C001"", ""R001"", ""R002"", ""R003""]",1256.2961245263723,0.08893155609283333,30005,5,3,4,clustered,0.04398148148148148,0.7916666666666666,865.0974405601902,205.91272139065217,576.731627040127,0.16435185185185183,matched,288.3210338317988
0.0,"[""L003"", ""L006"", ""L007"", ""L025"", ""L030"", ""L032"", ""R007""]",3193.793700706158,2,overlap:intermediate:clustered:r006,4405.565092807587,0,0.4405565092807587,2116.0935894096533,5,1799.1092572189991,1481.6338709744168,1124.8219646141702,2167.570869401355,3913.383233717178,7091.52376367391,1630.3856722361397,5,4405.565092807587,"[""L015"", ""L017"", ""L019"", ""L021"", ""L028"", ""R000"", ""R001"", ""R003"", ""R006"", ""R008""]",10,0.0,2685.9586708663237,2775.179420571447,659.0858311617935,93.31089056367318,0.29411764705882354,1,6023.993100391117,0,0.6023993100391117,2209.4044799733265,9,2835.877786415787,1936.3649289438638,1251.7503850314665,5406.544795330094,2833.102779330247,3,6023.993100391117,"[""L003"", ""L006"", ""L007"", ""L015"", ""L019"", ""L021"", ""L025"", ""L030"", ""L032"", ""R001"", ""R006"", ""R007""]",12,0.0,3190.89032106087,981.4858410875436,overlap,10000.000000000002,intermediate,1202.7171070941072,"[""L017"", ""L028"", ""R000"", ""R003"", ""R008""]","[""L015"", ""L019"", ""L021"", ""R001"", ""R006""]",1618.4280075835304,0.1202717107094107,30006,7,5,5,clustered,0.06944444444444445,0.6898148148148148,983.2825198388431,220.76163877754283,655.5216798925622,0.24074074074074073,matched,322.40000992575006
0.0,"[""C000"", ""L028"", ""R003"", ""R008""]",3147.602810683534,2,overlap:intermediate:clustered:r007,4183.916122791119,2,0.4183916122791119,2199.6545265327645,0,1126.897090227284,1895.5419476595307,1161.4770849043048,2715.5665486172156,4317.743592525788,7429.351262067313,1473.2808687928627,4,4183.916122791119,"[""C001"", ""C002"", ""R001"", ""R004"", ""R005"", ""R007""]",6,0.0,3245.4351392761937,2710.6352539982563,510.9807274654917,25.34932312267756,0.2,1,6581.8565867648795,2,0.6581856586764879,2225.003849655442,1,2765.5270237324626,2390.77663968485,1425.5529233475677,6581.8565867648795,3524.47927960246,3,6581.8565867648795,"[""C000"", ""C002"", ""L028"", ""R003"", ""R004"", ""R008""]",6,0.0,3057.3773071624196,832.3734575069776,overlap,9999.999999999996,intermediate,2051.198410809597,"[""C001"", ""R001"", ""R005"", ""R007""]","[""C002"", ""R004""]",2397.9404639737604,0.2051198410809598,30007,4,4,2,clustered,0.07175925925925924,0.724537037037037,970.0210758512549,217.50669631477578,646.6807172341695,0.2037037037037037,matched,321.3927300414859
4.547473508864641e-13,"[""C001"", ""L000"", ""L013"", ""L019"", ""L028"", ""R002""]",3187.9971404672947,2,overlap:intermediate:clustered:r008,4036.762802413131,0,0.4036762802413131,2173.701993224264,3,1846.1555228361374,1188.5565730356798,1002.0507065413137,1355.7554745760026,4212.79734135768,7400.794481824973,1309.1267588476767,6,4036.762802413131,"[""L007"", ""L011"", ""L033"", ""R000"", ""R001"", ""R003"", ""R004"", ""R007"", ""R008""]",9,0.0,3364.0316794118426,2727.636043565454,553.9340503411902,54.80128246546428,0.2,1,6570.7729420438955,1,0.6570772942043895,2228.503275689728,5,2897.309512589515,1830.7734439595497,1842.6899854948315,5877.989788280307,3450.7641738517664,3,6570.772942043896,"[""C001"", ""L000"", ""L007"", ""L013"", ""L019"", ""L028"", ""R002"", ""R004"", ""R007""]",9,0.0,3120.00876819213,891.505492502402,overlap,9999.999999999998,intermediate,2141.6374150040897,"[""L011"", ""L033"", ""R000"", ""R001"", ""R003"", ""R008""]","[""L007"", ""R004"", ""R007""]",2534.0101396307655,0.214163741500409,30008,6,6,3,clustered,0.10648148148148147,0.6782407407407407,1074.2938889075876,234.71034570309817,716.1959259383916,0.21527777777777776,matched,337.57144216121185
0.0,"[""L003"", ""L016"", ""L021"", ""L023"", ""L030"", ""L032"", ""R006""]",3190.113980286779,2,overlap:intermediate:clustered:r009,4511.100320637187,2,0.4511100320637187,2264.856954268559,0,1585.8713896043346,1714.2608901704843,1210.968040862368,3059.3457428534903,4290.823345265828,7411.749114500506,1681.4588635039595,4,4511.100320637187,"[""C000"", ""C002"", ""R001"", ""R004"", ""R005"", ""R007""]",6,0.0,2900.648793863319,2829.6414571332275,564.7845028646684,-73.40381486452543,0.23076923076923078,1,6441.583732981786,0,0.6441583732981786,2191.4531394040337,6,2927.2010185048016,2049.293575707252,1465.0891387697316,6441.583732981786,3267.5801917225485,4,6441.583732981785,"[""L003"", ""L016"", ""L021"", ""L023"", ""L030"", ""L032"", ""R004"", ""R005"", ""R006"", ""R007""]",10,0.0,3174.0035412592365,982.5504018552028,overlap,10000.000000000002,intermediate,1586.121328218589,"[""C000"", ""C002"", ""R001""]","[""R004"", ""R005"", ""R007""]",1930.483412344598,0.15861213282185888,30009,7,3,3,clustered,0.041666666666666664,0.7407407407407408,911.4147951392019,209.844096914452,607.6098634261349,0.21759259259259256,matched,417.7658989905344
0.0,"[""L002"", ""L008"", ""L009"", ""L012"", ""L015"", ""L018"", ""L020"", ""L023"", ""L027"", ""L033"", ""L035""]",3199.694025600197,2,overlap:intermediate:clustered:r010,3289.8183795203104,1,0.32898183795203106,2221.122766244481,1,345.98931538501495,1819.6545036322282,1124.174560503067,0.0,4768.056208800004,7967.750234400201,649.7853273517194,5,3289.8183795203104,"[""C001"", ""L025"", ""R000"", ""R002"", ""R003"", ""R004"", ""R007""]",7,0.0,4677.931854879891,2640.033052168591,418.9102859241096,-65.17756564636784,0.1111111111111111,1,5427.30860217389,0,0.542730860217389,2155.9452005981134,12,2082.1628097049825,2285.5556133836963,1059.5901790852113,4456.766613109977,2265.942728726601,1,5427.30860217389,"[""L002"", ""L008"", ""L009"", ""L012"", ""L015"", ""L018"", ""L020"", ""L023"", ""L025"", ""L027"", ""L033"", ""L035"", ""R004""]",13,0.0,3161.365873447289,1005.4206728491753,overlap,10000.000000000002,intermediate,1616.1574013748818,"[""C001"", ""R000"", ""R002"", ""R003"", ""R007""]","[""L025"", ""R004""]",2137.4902226535796,0.16161574013748814,30010,11,5,2,clustered,0.037037037037037035,0.8287037037037037,822.5765769432363,196.1772684513066,548.3843846288243,0.13425925925925922,matched,586.5103869250656
0.0,"[""L005"", ""L006"", ""L013"", ""L015"", ""L022"", ""R002"", ""R003""]",3190.9343305541915,2,overlap:intermediate:clustered:r011,4270.843074905742,1,0.42708430749057413,2108.165635689924,1,2552.0476653209885,1146.1736616688033,572.6217479159506,1129.8757463003421,4478.841896338183,7549.851277118898,1625.8991350706224,5,4270.8430749057425,"[""C002"", ""L009"", ""R000"", ""R004"", ""R005"", ""R006"", ""R007""]",7,0.0,3279.0082022131564,2644.94393983512,536.7783041451962,172.55642966243158,0.21428571428571427,1,6049.378402191289,0,0.6049378402191289,2280.7220653523555,5,2165.549353878652,2784.9802640946946,1098.8487842179427,3994.672134159474,2858.4440716370973,5,6049.378402191289,"[""L005"", ""L006"", ""L013"", ""L015"", ""L022"", ""R002"", ""R003"", ""R004"", ""R005"", ""R006""]",10,0.0,3190.9343305541915,910.212265201836,overlap,10000.0,intermediate,1232.544936566475,"[""C002"", ""L009"", ""R000"", ""R007""]","[""R004"", ""R005"", ""R006""]",1778.5353272855464,0.12325449365664749,30011,7,4,3,clustered,0.046296296296296294,0.7685185185185186,881.2295394440755,208.71626414283662,587.4863596293836,0.1851851851851852,matched,373.43396105663976
4.547473508864641e-13,"[""L001"", ""L018"", ""L024"", ""L032"", ""L035"", ""R001""]",3175.004053369489,2,overlap:intermediate:clustered:r012,5005.379025527635,0,0.5005379025527635,2131.47021568096,3,2218.1978800135616,1492.5490830597355,1294.6320624543387,3545.5559210055426,4325.20658319274,7500.210636562229,2195.640046911567,6,5005.379025527636,"[""L002"", ""L007"", ""L034"", ""R000"", ""R002"", ""R003"", ""R006"", ""R007"", ""R008""]",9,272.835325644419,2494.831611034594,2809.7389786160693,678.2687629351092,36.11237891778546,0.26666666666666666,1,6590.251198367156,0,0.6590251198367155,2167.5825945987453,6,2980.1891612852496,2255.219748711135,1354.8422883707713,6202.4793240712,3420.447366441639,4,6590.251198367156,"[""L001"", ""L002"", ""L018"", ""L024"", ""L032"", ""L035"", ""R000"", ""R001"", ""R007"", ""R008""]",10,0.0,3169.8038319255165,1002.2212373267714,overlap,9999.999999999998,intermediate,1224.8073195300722,"[""L007"", ""L034"", ""R002"", ""R003"", ""R006""]","[""L002"", ""R000"", ""R007"", ""R008""]",1584.8721728395194,0.12248073195300724,30012,6,5,4,clustered,0.039351851851851846,0.6967592592592593,940.918499730241,214.07437819926787,627.2789998201602,0.2638888888888889,matched,323.95247439166224
0.0,"[""C001"", ""L026"", ""L032""]",3233.5462251026333,2,overlap:intermediate:clustered:r013,5490.85041977758,1,0.549085041977758,2206.443862955604,1,2538.987186895938,1562.162543004421,1389.7006898772213,4506.461579079608,4181.728281458715,7293.429455960294,2554.938483627876,5,5490.85041977758,"[""C000"", ""L016"", ""R000"", ""R002"", ""R003"", ""R004"", ""R006""]",7,0.0,1802.579036182714,2935.911936149704,729.4680731941003,49.08159225728514,0.5,1,7105.398437478015,1,0.7105398437478014,2255.525455212889,3,3151.6539892663122,2247.9042335970485,1705.8402146146545,7105.398437478014,3905.31931738107,4,7105.398437478015,"[""C001"", ""L016"", ""L026"", ""L032"", ""R002"", ""R003"", ""R004"", ""R006""]",8,0.0,3200.0791200969447,944.5536648840557,overlap,10000.0,intermediate,1350.380833753194,"[""C000"", ""R000""]","[""L016"", ""R002"", ""R003"", ""R004"", ""R006""]",1614.5480177004347,0.13503808337531942,30013,3,2,5,clustered,0.05555555555555555,0.6736111111111112,1001.3556478747798,224.39464372310366,667.5704319165197,0.2708333333333333,matched,215.08559168995544
0.0,"[""L000"", ""L004"", ""L009"", ""L020"", ""L023"", ""L025"", ""L029"", ""L032"", ""R002""]",3164.414402377262,2,overlap:intermediate:clustered:r014,4395.111581453362,2,0.43951115814533614,2246.440129844509,0,2577.560259648928,1302.9405449126973,514.6107768917371,2151.654210618158,4591.209115914269,7696.907705728843,1651.605115974915,4,4395.111581453362,"[""C001"", ""C002"", ""R000"", ""R003"", ""R007"", ""R008""]",6,0.0,3301.796124275481,2743.5064654784474,497.06633563393814,-118.08350884068477,0.13333333333333333,1,6197.7604241672,0,0.6197760424167199,2128.3566210038243,8,2465.222783717937,2095.202283912655,1637.3353565366078,5600.072530282358,3033.3460217899387,3,6197.760424167201,"[""L000"", ""L004"", ""L009"", ""L020"", ""L023"", ""L025"", ""L029"", ""L032"", ""R000"", ""R002"", ""R008""]",11,0.0,3164.414402377262,1036.0577813734376,overlap,10000.0,intermediate,1381.7409058150238,"[""C001"", ""C002"", ""R003"", ""R007""]","[""R000"", ""R008""]",1802.6488427138383,0.13817409058150237,30014,9,4,2,clustered,0.04861111111111111,0.7291666666666666,936.415125101785,211.59047892715458,624.2767500678565,0.2222222222222222,matched,538.9914457394995
0.0,"[""L008"", ""L009"", ""L016"", ""L018"", ""L022"", ""L029"", ""L031"", ""L035"", ""R007""]",3165.188130787773,2,overlap:intermediate:clustered:r015,3474.860765637395,1,0.34748607656373953,2191.1704618867966,1,1733.717943694217,914.9303093402373,826.2125126029412,1200.8625318196805,4238.681466287641,7403.869597075415,844.5941510107191,5,3474.860765637395,"[""C002"", ""L001"", ""R000"", ""R002"", ""R003"", ""R004"", ""R006""]",7,0.0,3929.00883143802,2630.266614626676,439.0961527398794,-87.67428637036801,0.125,1,5902.032210405381,0,0.5902032210405381,2103.4961755164286,8,2371.9081860914603,2070.2610530947045,1459.8629712192173,3824.9778517888885,2750.683492957387,3,5902.032210405382,"[""L008"", ""L009"", ""L016"", ""L018"", ""L022"", ""L029"", ""L031"", ""L035"", ""R002"", ""R003"", ""R007""]",11,0.0,3151.348717447995,1047.8525419315665,overlap,9999.999999999996,intermediate,1906.089341946668,"[""C002"", ""L001"", ""R000"", ""R004"", ""R006""]","[""R002"", ""R003""]",2427.171444767987,0.19060893419466685,30015,9,5,2,clustered,0.04861111111111111,0.7893518518518519,874.4522354904007,202.47299574053457,582.9681569935999,0.16203703703703703,matched,608.756389191687
0.0,"[""C002"", ""L027"", ""R006""]",3169.0571781340655,2,overlap:intermediate:clustered:r016,5379.625111268664,0,0.5379625111268664,2071.286342419854,2,1974.6635427653223,2116.8077369758234,1288.1538315275195,4207.341361716559,4100.369043370088,7208.698559470658,2555.488029288573,6,5379.625111268666,"[""L005"", ""L016"", ""R000"", ""R001"", ""R002"", ""R005"", ""R007"", ""R008""]",8,0.0,1829.0734482019943,2824.1370819800927,752.8507395602387,151.80525486481065,0.36363636363636365,1,7029.062418915344,1,0.7029062418915344,2223.0915972846647,1,2777.976418806767,2680.7894800709446,1570.2965200376318,7029.062418915345,3877.8859567061645,5,7029.062418915344,"[""C002"", ""L027"", ""R001"", ""R002"", ""R006"", ""R007"", ""R008""]",7,0.0,3151.1764622091796,928.084864924515,overlap,10000.000000000002,intermediate,1322.3979274175913,"[""L005"", ""L016"", ""R000"", ""R005""]","[""R001"", ""R002"", ""R007"", ""R008""]",1649.4373076466782,0.1322397927417591,30016,3,4,4,clustered,0.057870370370370364,0.6527777777777778,1009.5410205669278,221.9022705685602,673.0273470446186,0.28935185185185186,matched,175.23412536427634
0.0,"[""L001"", ""L007"", ""L009"", ""L015"", ""L025"", ""L027"", ""L030"", ""L034""]",3112.546765947254,2,overlap:intermediate:clustered:r017,4255.837184140981,2,0.4255837184140981,2168.8191239801995,0,1512.9482942655404,1551.2234743894169,1191.6654154860244,3076.8012258898607,4761.883053226853,7801.8115434306155,1628.3195525378246,4,4255.837184140982,"[""C001"", ""C002"", ""R002"", ""R003"", ""R005"", ""R007""]",6,0.0,3545.974359289635,2627.517631603157,458.69850762295755,-153.35801461707433,0.14285714285714285,1,6488.339384363134,1,0.6488339384363134,2015.4611093631252,8,2636.6816029481424,2322.7353727378827,1528.9224086771083,6488.339384363133,3521.5698109727286,1,6488.339384363133,"[""C001"", ""L001"", ""L007"", ""L009"", ""L015"", ""L025"", ""L027"", ""L030"", ""L034"", ""R003""]",10,0.0,2966.7695733904043,951.3084640272791,overlap,10000.000000000002,intermediate,1893.250258434904,"[""C002"", ""R002"", ""R005"", ""R007""]","[""C001"", ""R003""]",2232.5022002221513,0.18932502584349037,30017,8,4,2,clustered,0.08564814814814814,0.7592592592592593,971.542315859147,209.93078414529134,647.6948772394317,0.1550925925925926,matched,492.60995640432157
0.0,"[""L002"", ""L008"", ""L012"", ""L013"", ""L016"", ""L020"", ""L022"", ""L023"", ""L024"", ""L033""]",3198.9914275820743,2,overlap:intermediate:clustered:r018,3537.6556094684356,1,0.3537655609468436,2243.304705994428,0,1897.676572036708,1061.3062014892303,578.6728359424973,1051.115615252124,4219.915871714022,7418.907299296095,833.2755908564786,6,3537.6556094684356,"[""C002"", ""R000"", ""R001"", ""R002"", ""R003"", ""R004"", ""R008""]",7,0.0,3881.251689827659,2704.380018611957,461.0753126175292,-77.5694679007247,0.11764705882352941,1,5894.960182937111,0,0.5894960182937111,2165.735238093703,10,2684.2619184479295,1978.803459189301,1231.894805299881,5163.556601483118,2695.968755355037,2,5894.960182937111,"[""L002"", ""L008"", ""L012"", ""L013"", ""L016"", ""L020"", ""L022"", ""L023"", ""L024"", ""L033"", ""R000"", ""R004""]",12,0.0,3198.9914275820743,1033.256189488371,overlap,10000.0,intermediate,1862.6931644985584,"[""C002"", ""R001"", ""R002"", ""R003"", ""R008""]","[""R000"", ""R004""]",2357.3045734686757,0.18626931644985584,30018,10,5,2,clustered,0.037037037037037035,0.7962962962962963,858.9571204546847,201.41371201042028,572.638080303123,0.16666666666666666,matched,572.1808768708419
0.0,"[""C000"", ""L002"", ""L006"", ""R001""]",3186.80800858948,2,overlap:intermediate:clustered:r019,5237.696315634614,1,0.5237696315634615,2130.7302009375267,1,2917.8447094032113,1065.8556131117373,1253.9959931196656,3231.357174346136,4386.881517655175,7503.408485040471,2477.6273461766527,5,5237.696315634614,"[""C001"", ""L031"", ""R000"", ""R003"", ""R006"", ""R007"", ""R008""]",7,0.0,2265.712169405857,2760.068969457961,629.3387685204342,93.67092269813338,0.2727272727272727,1,8004.928954989342,2,0.8004928954989343,2224.40112363566,2,4093.671859554101,2322.546584675998,1588.7105107592429,7239.696579715306,4852.257273141037,3,8004.928954989342,"[""C000"", ""C001"", ""L002"", ""L006"", ""R000"", ""R001"", ""R008""]",7,0.0,3152.6716818483046,928.2705582126443,overlap,9999.999999999996,intermediate,2374.6299269643846,"[""L031"", ""R003"", ""R006"", ""R007""]","[""C001"", ""R000"", ""R008""]",2767.2326393547282,0.23746299269643856,30019,4,4,3,clustered,0.14814814814814814,0.6504629629629629,1176.9076647999807,243.16723408806573,784.6051098666537,0.2013888888888889,matched,298.93178969221015
0.0,"[""C002"", ""L004"", ""L009"", ""L032"", ""R002"", ""R006""]",3229.255318869751,2,overlap:intermediate:dispersed:r000,3978.1450048231036,1,0.39781450048231026,2301.1164783536233,0,1587.5314318443905,1972.1468593740206,418.4667136046926,1496.3277735608665,4327.6022294306385,7556.85754830039,1175.6264299637714,6,3978.1450048231036,"[""C001"", ""R000"", ""R001"", ""R003"", ""R004"", ""R005"", ""R008""]",7,0.0,3578.712543477286,2802.518574859332,501.4020965057089,-30.150940183075818,0.15384615384615385,1,6902.191749454847,1,0.6902191749454846,2270.9655381705475,3,2459.37263431106,2740.166942357928,1702.6521727858576,6584.881795550535,3681.3528908123944,4,6902.191749454846,"[""C002"", ""L004"", ""L009"", ""L032"", ""R002"", ""R005"", ""R006"", ""R008""]",8,0.0,3220.8388586424517,949.8733204719042,overlap,10000.000000000002,intermediate,2505.726460848623,"[""C001"", ""R000"", ""R001"", ""R003"", ""R004""]","[""R005"", ""R008""]",2924.0467446317425,0.25057264608486224,30000,6,5,2,dispersed,0.08796296296296297,0.7037037037037037,1011.1784984345969,234.16628133233795,674.1189989563981,0.20833333333333331,matched,448.4712239661953
0.0,"[""L005"", ""L013"", ""L015"", ""L017"", ""L019"", ""L021"", ""L023"", ""L025"", ""L026"", ""L028"", ""R007""]",3161.0070737777655,2,overlap:intermediate:dispersed:r001,3072.4524859803623,1,0.30724524859803626,2109.2726455887,1,1001.7289021710728,1481.6571906794122,589.066393129877,460.02864677924003,4190.952315414932,7281.6510859614755,521.2780026116957,5,3072.452485980362,"[""C002"", ""L001"", ""R000"", ""R004"", ""R005"", ""R006"", ""R008""]",7,0.0,4209.198599981113,2551.174483368666,441.90183777996606,17.201249178778653,0.05555555555555555,1,5368.935213006556,0,0.5368935213006556,2126.4738947674787,11,1993.0448534074553,1690.3824681584074,1685.5078914406931,4985.6775045828035,2215.606715795196,1,5368.935213006556,"[""L001"", ""L005"", ""L013"", ""L015"", ""L017"", ""L019"", ""L021"", ""L023"", ""L025"", ""L026"", ""L028"", ""R007""]",12,0.0,3153.32849721136,1026.8546024438815,overlap,10000.000000000002,intermediate,1694.3287131835004,"[""C002"", ""R000"", ""R004"", ""R005"", ""R006"", ""R008""]","[""L001""]",2296.4827270261944,0.16943287131835003,30001,11,6,1,dispersed,0.04861111111111111,0.824074074074074,849.1910824076969,199.67733606531803,566.1273882717982,0.12731481481481477,matched,584.9527646639154
0.0,"[""L002"", ""L010"", ""L013"", ""L014"", ""L022"", ""L024"", ""L025"", ""L029"", ""R008""]",3237.757930074924,2,overlap:intermediate:dispersed:r002,3304.986266302547,1,0.3304986266302547,2305.7502496940388,1,1668.6098034741844,993.0283582396389,643.3481045887241,1975.2621873401915,4038.9655544902525,7264.643575478427,549.7674609875412,5,3304.986266302548,"[""C002"", ""L001"", ""R001"", ""R002"", ""R003"", ""R004"", ""R007""]",7,0.0,3959.65730917588,2755.2188053150066,449.46855562096795,-72.72938811109952,0.125,1,5770.526513561454,0,0.5770526513561454,2233.0208615829392,8,2281.9114258594886,2280.6887268530622,1207.926360848903,5181.019181477408,2535.4817445038916,3,5770.5265135614545,"[""L002"", ""L010"", ""L013"", ""L014"", ""L022"", ""L024"", ""L025"", ""L029"", ""R004"", ""R007"", ""R008""]",11,0.0,3235.044769057563,1002.0239074746238,overlap,10000.000000000002,intermediate,1985.7142835163504,"[""C002"", ""L001"", ""R001"", ""R002"", ""R003""]","[""R004"", ""R007""]",2465.5402472589067,0.198571428351635,30002,9,5,2,dispersed,0.041666666666666664,0.7777777777777778,871.3072245826427,207.30712676998326,580.8714830550954,0.18055555555555555,matched,552.5553518536558
0.0,"[""L005"", ""L011"", ""L020"", ""L029"", ""L035"", ""R008""]",3132.7747322726527,2,overlap:intermediate:dispersed:r003,4908.459861298987,2,0.49084598612989866,2216.207969365419,2,2093.806384487944,1756.1793824793926,1058.4740943316501,3862.4281268914347,4588.852290306962,7721.627022579614,2123.0734852788673,3,4908.459861298987,"[""C001"", ""C002"", ""L019"", ""L026"", ""R001"", ""R003"", ""R004""]",7,310.66881355136604,2813.1671612806276,2785.3863760201193,569.1784066547002,-16.594157671301673,0.15384615384615385,1,6916.268376486578,2,0.6916268376486577,2199.6138116941174,5,2835.4601722887264,2647.2238604021495,1433.5843437957014,6565.409110715693,3789.3494083752303,1,6916.268376486578,"[""C001"", ""C002"", ""L005"", ""L011"", ""L020"", ""L029"", ""L035"", ""R008""]",8,0.0,3126.9189681113476,927.30515641723,overlap,10000.000000000002,intermediate,1666.275923096363,"[""L019"", ""L026"", ""R001"", ""R003"", ""R004""]","[""C001"", ""C002""]",2007.8085151875912,0.16662759230963625,30003,6,5,2,dispersed,0.10416666666666667,0.7615740740740741,1016.8870676703217,218.76749655193095,677.9247117802145,0.13425925925925924,matched,358.1267497625298
0.0,"[""C001"", ""L004"", ""L008"", ""L010"", ""L012"", ""L013"", ""L017"", ""L028"", ""L031"", ""L035"", ""R008""]",3204.70641625541,2,overlap:intermediate:dispersed:r004,2141.9968913155963,0,0.21419968913155962,2161.6883489582024,1,962.0587918549958,1026.959297852723,152.97880160787713,0.0,4105.604961496342,7290.31721915953,-334.0203126398974,7,2141.9968913155963,"[""L007"", ""R000"", ""R001"", ""R003"", ""R004"", ""R005"", ""R006"", ""R007""]",8,311.0616179199197,5148.320327843934,2476.0172039554936,314.3288549972915,179.1609816384448,0.0,1,6120.752622152235,1,0.6120752622152235,2340.849330596647,9,2667.441070351847,2180.523010153507,1272.7885416468812,4963.488222878037,2916.0462058968246,1,6120.752622152235,"[""C001"", ""L004"", ""L008"", ""L010"", ""L012"", ""L013"", ""L017"", ""L028"", ""L031"", ""L035"", ""R008""]",11,0.0,3204.70641625541,863.8570856587631,overlap,9999.999999999996,intermediate,3250.066518536722,"[""L007"", ""R000"", ""R001"", ""R003"", ""R004"", ""R005"", ""R006"", ""R007""]",[],3978.7557308366386,0.32500665185367233,30004,11,8,0,dispersed,0.10648148148148147,0.7916666666666666,966.6888795515928,220.92018478625616,644.4592530343951,0.10185185185185185,matched,549.5282306614716
0.0,"[""L002"", ""L015"", ""L016"", ""L017"", ""L023"", ""L024"", ""R005"", ""R008""]",3159.762100204731,2,overlap:intermediate:dispersed:r005,3723.2316108038867,1,0.37232316108038865,2202.7351792979052,1,1976.5716342695118,763.2770549887789,983.3829215455962,1058.5195598588,4093.971705632609,7215.54336079796,1054.15971473125,5,3723.2316108038867,"[""C001"", ""L025"", ""R000"", ""R001"", ""R002"", ""R003"", ""R007""]",7,0.0,3492.3117499940736,2669.0718960726367,466.33671677473154,-7.2058890965226965,0.13333333333333333,1,5717.93238625885,0,0.5717932386258849,2195.5292902013825,6,2789.2526316446983,1791.2941657909669,1137.3855888231842,4429.215657099744,2578.683647604043,4,5717.932386258849,"[""L002"", ""L015"", ""L016"", ""L017"", ""L023"", ""L024"", ""R001"", ""R002"", ""R005"", ""R008""]",10,0.0,3139.248738654806,943.7194484534234,overlap,10000.000000000002,intermediate,1524.523932872793,"[""C001"", ""L025"", ""R000"", ""R003"", ""R007""]","[""R001"", ""R002""]",1994.7007754549622,0.15245239328727928,30005,8,5,2,dispersed,0.057870370370370364,0.7662037037037037,906.8589409150966,211.17658871220252,604.5726272767313,0.17592592592592593,matched,477.38273167869187
2.2737367544323206e-13,"[""C000"", ""L003"", ""L006"", ""L025"", ""L030"", ""R007""]",3193.793700706158,2,overlap:intermediate:dispersed:r006,4400.860110111689,0,0.4400860110111689,2116.0935894096533,5,1928.2312463467924,1405.7418988892014,1066.8869648756954,2167.5708694013556,3913.383233717178,7091.52376367391,1614.2557755502958,5,4400.860110111689,"[""L015"", ""L017"", ""L019"", ""L021"", ""L028"", ""R000"", ""R001"", ""R003"", ""R006"", ""R008""]",10,0.0,2690.663653562221,2786.6043345613934,670.5107451517399,104.39363511701185,0.1875,1,6547.901049898041,1,0.6547901049898041,2220.487224526665,5,2706.0778109226185,2297.9156468780834,1543.9075920973378,6547.90104989804,3358.2617848339437,3,6547.901049898041,"[""C000"", ""L003"", ""L006"", ""L021"", ""L025"", ""L030"", ""R001"", ""R006"", ""R007""]",9,0.0,3189.639265064097,969.1520405374317,overlap,10000.000000000002,intermediate,1744.006009283648,"[""L015"", ""L017"", ""L019"", ""L028"", ""R000"", ""R003"", ""R008""]","[""L021"", ""R001"", ""R006""]",2147.0409397863514,0.17440060092836476,30006,6,7,3,dispersed,0.06712962962962962,0.7546296296296295,932.6528740316911,213.20525302438506,621.7685826877943,0.17824074074074073,matched,298.6412953856918
0.0,"[""C000"", ""L003"", ""R003"", ""R008""]",3147.602810683534,2,overlap:intermediate:dispersed:r007,4224.197124965975,2,0.42241971249659743,2199.6545265327645,0,1150.774147197637,2048.848222266677,1024.5747555016608,3077.3386426292377,4317.743592525788,7429.351262067313,1485.30990983838,4,4224.197124965975,"[""C001"", ""C002"", ""R001"", ""R004"", ""R005"", ""R007""]",6,0.0,3205.154137101338,2738.8872151275946,539.2326885948303,-15.56688272924157,0.2,1,7356.62565042395,2,0.735662565042395,2184.087643803523,1,2765.7403226168776,2923.514857018101,1667.370470788971,7159.688458460623,4212.491607924957,3,7356.62565042395,"[""C000"", ""C002"", ""L003"", ""R003"", ""R004"", ""R008""]",6,0.0,3144.134042498993,960.0463986954701,overlap,9999.999999999996,intermediate,2727.181698086577,"[""C001"", ""R001"", ""R005"", ""R007""]","[""C002"", ""R004""]",3132.4285254579754,0.2727181698086578,30007,4,4,2,dispersed,0.12962962962962962,0.6990740740740741,1087.0877375078826,235.67656292601473,724.7251583385878,0.17129629629629628,matched,420.8137101006398
0.0,"[""C000"", ""L000"", ""L002"", ""L013"", ""L019"", ""L028"", ""R002""]",3187.9971404672947,2,overlap:intermediate:dispersed:r008,3419.2202006044854,0,0.34192202006044853,2173.701993224264,3,1626.8437992555082,1016.0623263722628,776.3140749767142,1397.3930190297922,4212.79734135768,7400.794481824973,749.2595191906539,6,3419.2202006044854,"[""L007"", ""L011"", ""L033"", ""R000"", ""R001"", ""R003"", ""R004"", ""R007"", ""R008""]",9,0.0,3981.574281220488,2669.9606814138315,496.25868818956786,90.43314605632395,0.1875,1,6310.665674465919,1,0.631066567446592,2264.1351392805877,7,3195.3466177512437,1699.2586585042638,1416.060398210412,4366.213433223096,3125.487950415465,2,6310.665674465919,"[""C000"", ""L000"", ""L002"", ""L007"", ""L011"", ""L013"", ""L019"", ""L028"", ""R002"", ""R007""]",10,0.0,3185.1777240504543,921.0425847698668,overlap,9999.999999999998,intermediate,2376.228431224811,"[""L033"", ""R000"", ""R001"", ""R003"", ""R004"", ""R008""]","[""L007"", ""L011"", ""R007""]",2891.445473861434,0.23762284312248116,30008,7,6,3,dispersed,0.06481481481481481,0.7731481481481481,923.2796497193364,208.76936102980076,615.5197664795573,0.16203703703703703,matched,424.783896580299
-4.547473508864641e-13,"[""L003"", ""L016"", ""L021"", ""L023"", ""L030"", ""L032"", ""R006""]",3190.113980286779,2,overlap:intermediate:dispersed:r009,4156.300689177911,2,0.41563006891779114,2264.856954268559,0,1407.9632301633737,1568.9119459595859,1179.4255130549514,2694.4664935231344,4290.823345265828,7411.749114500506,1361.5360797756694,4,4156.300689177911,"[""C000"", ""C002"", ""R001"", ""R004"", ""R005"", ""R007""]",6,0.0,3255.4484253225946,2794.764609402242,529.9076551336832,-73.40381486452543,0.23076923076923078,1,6131.2179598958755,0,0.6131217959895876,2191.4531394040337,6,2742.74388317549,2085.351125659979,1303.1229510604064,6131.2179598958755,3000.8785291312824,4,6131.2179598958755,"[""L003"", ""L016"", ""L021"", ""L023"", ""L030"", ""L032"", ""R004"", ""R005"", ""R006"", ""R007""]",10,0.0,3130.339430764593,938.8862913605592,overlap,10000.000000000002,intermediate,1639.342449355613,"[""C000"", ""C002"", ""R001""]","[""R004"", ""R005"", ""R007""]",1974.9172707179641,0.16393424493556127,30009,7,3,3,dispersed,0.04861111111111111,0.7037037037037037,960.2545652259719,219.271697358079,640.1697101506483,0.24768518518518523,matched,408.978636226876
0.0,"[""C000"", ""L002"", ""L008"", ""L009"", ""L012"", ""L018"", ""L020"", ""L023"", ""L027""]",3199.694025600197,2,overlap:intermediate:dispersed:r010,2874.02064246993,1,0.287402064246993,2221.122766244481,1,345.98931538501495,1484.373716017838,1043.657611067077,0.0,4768.056208800004,7967.750234400201,271.1466409777054,5,2874.02064246993,"[""C001"", ""L025"", ""R000"", ""R002"", ""R003"", ""R004"", ""R007""]",7,0.0,5093.729591930271,2602.8740014922246,381.75123524774324,-3.8256411167735678,0.125,1,5560.637794193453,1,0.5560637794193454,2217.2971251277077,9,2623.215468169946,1995.9373020763794,941.485023947128,3331.9070271022692,2415.6366405671342,1,5560.637794193453,"[""C000"", ""L002"", ""L008"", ""L009"", ""L012"", ""L018"", ""L020"", ""L023"", ""L025"", ""L027"", ""R004""]",11,0.0,3145.001153626319,927.7040284986115,overlap,10000.000000000002,intermediate,2144.489999589429,"[""C001"", ""R000"", ""R002"", ""R003"", ""R007""]","[""L025"", ""R004""]",2686.6171517235234,0.21444899995894284,30010,9,5,2,dispersed,0.039351851851851846,0.8425925925925927,814.8668368108783,192.833832681337,543.2445578739191,0.11805555555555555,matched,545.9527932508682
0.0,"[""L005"", ""L006"", ""L013"", ""L015"", ""L022"", ""L032"", ""R002"", ""R003""]",3190.9343305541915,2,overlap:intermediate:dispersed:r011,3234.135447947459,1,0.3234135447947459,2108.165635689924,1,1670.1172966354811,1081.9285505850862,482.08960072689166,1129.875746300342,4478.841896338183,7549.851277118898,673.4006449303779,5,3234.1354479474585,"[""C002"", ""L009"", ""R000"", ""R004"", ""R005"", ""R006"", ""R007""]",7,486.52893935372225,4315.715829171439,2560.7348030170806,452.5691673271569,59.22237360749614,0.13333333333333333,1,5833.639079758169,0,0.5833639079758169,2167.38800929742,6,1998.8129458701,2727.8760679823326,1106.9500659057364,4409.827770685848,2750.164764464548,4,5833.639079758169,"[""L005"", ""L006"", ""L013"", ""L015"", ""L022"", ""L032"", ""R002"", ""R003"", ""R004"", ""R005""]",10,0.0,3083.4743152936207,916.086305996201,overlap,10000.0,intermediate,2076.7641195341703,"[""C002"", ""L009"", ""R000"", ""R006"", ""R007""]","[""R004"", ""R005""]",2599.5036318107104,0.20767641195341702,30011,8,5,2,dispersed,0.020833333333333332,0.8055555555555556,805.1605911616816,199.33784633777304,536.7737274411211,0.1736111111111111,matched,463.5171386690441
2.2737367544323206e-13,"[""L001"", ""L018"", ""L024"", ""L032"", ""L035"", ""R001""]",3175.004053369489,2,overlap:intermediate:dispersed:r012,4747.246562009375,0,0.4747246562009375,2131.47021568096,3,1887.9043378506672,1426.3708429011638,1432.9713812575442,3348.707405704956,4325.20658319274,7500.210636562229,1946.6452172148374,6,4747.246562009375,"[""L002"", ""L007"", ""L034"", ""R000"", ""R002"", ""R003"", ""R006"", ""R007"", ""R008""]",9,0.0,2752.964074552854,2800.601344794538,669.1311291135778,36.11237891778546,0.26666666666666666,1,6332.272260639897,0,0.6332272260639896,2167.5825945987453,6,2936.264445076921,2038.1670646162418,1357.840750946733,5944.500386343941,3185.833229719875,4,6332.272260639897,"[""L001"", ""L002"", ""L018"", ""L024"", ""L032"", ""L035"", ""R000"", ""R001"", ""R007"", ""R008""]",10,0.0,3146.4390309200217,978.8564363212763,overlap,9999.999999999998,intermediate,1239.1880125050375,"[""L007"", ""L034"", ""R002"", ""R003"", ""R006""]","[""L002"", ""R000"", ""R007"", ""R008""]",1585.0256986305212,0.12391880125050377,30012,6,5,4,dispersed,0.057870370370370364,0.798611111111111,876.6371582928795,206.98705235054138,584.4247721952527,0.1435185185185185,matched,309.7253072076985
2.2737367544323206e-13,"[""L000"", ""L011"", ""L026"", ""L032"", ""L033""]",3233.5462251026333,2,overlap:intermediate:dispersed:r013,5500.982391054387,1,0.5500982391054388,2206.443862955604,1,2548.2498091227762,1675.0479440235529,1277.684637908059,4500.910984464643,4181.728281458715,7293.429455960294,2553.6884460262127,5,5500.982391054387,"[""C000"", ""L016"", ""R000"", ""R002"", ""R003"", ""R004"", ""R006""]",7,0.0,1792.4470649059067,2947.2939450281747,740.8500820725706,-94.83612387988114,0.4166666666666667,1,6678.024423043169,0,0.6678024423043168,2111.6077390757227,6,2817.675015899069,2074.7245768296443,1785.6248303144555,6678.024423043168,3485.5554135843618,4,6678.024423043169,"[""L000"", ""L011"", ""L016"", ""L026"", ""L032"", ""L033"", ""R002"", ""R003"", ""R004"", ""R006""]",10,0.0,3192.4690094588072,1080.8612703830845,overlap,10000.0,intermediate,931.8669675581491,"[""C000"", ""R000""]","[""L016"", ""R002"", ""R003"", ""R004"", ""R006""]",1177.0420319887817,0.09318669675581491,30013,5,2,5,dispersed,0.0625,0.7222222222222222,977.6013930641288,219.5365651165421,651.7342620427524,0.21527777777777776,matched,340.01118831051394
-4.547473508864641e-13,"[""L000"", ""L004"", ""L009"", ""L014"", ""L020"", ""L021"", ""L029"", ""L032"", ""R002""]",3164.414402377262,2,overlap:intermediate:dispersed:r014,4449.446589244539,2,0.4449446589244538,2246.440129844509,0,2342.63048225912,1544.4332253255136,562.3828816599042,2151.654210618158,4591.209115914269,7696.907705728843,1673.3423923559558,4,4449.446589244539,"[""C001"", ""C002"", ""R000"", ""R003"", ""R007"", ""R008""]",6,0.0,3247.4611164843045,2776.104196888583,529.6640670440739,-117.01737964366112,0.13333333333333333,1,6196.89790328827,0,0.6196897903288269,2129.422750200848,8,2384.183488927929,2181.9628593664725,1630.7515549938694,5879.8752671945385,3032.4835009110084,3,6196.897903288271,"[""L000"", ""L004"", ""L009"", ""L014"", ""L020"", ""L021"", ""L029"", ""L032"", ""R000"", ""R002"", ""R008""]",11,0.0,3164.4144023772624,1034.9916521764142,overlap,10000.0,intermediate,1359.1411085550526,"[""C001"", ""C002"", ""R003"", ""R007""]","[""R000"", ""R008""]",1747.451314043732,0.13591411085550525,30014,9,4,2,dispersed,0.04398148148148148,0.8240740740740741,843.2219689979905,194.50475631280915,562.1479793319936,0.13194444444444445,matched,505.32758513234023
0.0,"[""L008"", ""L009"", ""L016"", ""L018"", ""L021"", ""L022"", ""L025"", ""L029"", ""L031"", ""L035"", ""R007""]",3165.188130787773,2,overlap:intermediate:dispersed:r015,2484.2689455534646,1,0.24842689455534647,2191.1704618867966,1,816.8122610060803,907.6988149402678,759.7578696071167,374.92633760453293,4238.681466287641,7403.869597075415,-67.20942336704775,5,2484.2689455534646,"[""C002"", ""L001"", ""R000"", ""R002"", ""R003"", ""R004"", ""R006""]",7,0.0,4919.600651521951,2551.4783689205124,360.30790703371565,-70.44138158577744,0.05555555555555555,1,5629.623942714641,0,0.5629623942714641,2120.729080301019,10,1856.3902384977494,2404.583892618861,1368.6498115980316,4522.5356364038935,2466.106259910958,2,5629.623942714642,"[""L008"", ""L009"", ""L016"", ""L018"", ""L021"", ""L022"", ""L025"", ""L029"", ""L031"", ""L035"", ""R002"", ""R007""]",12,0.0,3163.517682803684,1042.7886025026646,overlap,9999.999999999996,intermediate,2533.315683278006,"[""C002"", ""L001"", ""R000"", ""R003"", ""R004"", ""R006""]","[""R002""]",3145.3549971611774,0.2533315683278007,30015,11,6,1,dispersed,0.04861111111111111,0.8310185185185186,834.6090925761918,194.9676015104363,556.4060617174608,0.12037037037037036,matched,682.480695468949
-4.547473508864641e-13,"[""C002"", ""R006""]",3169.0571781340655,2,overlap:intermediate:dispersed:r016,5309.637686728942,0,0.5309637686728942,2071.286342419854,2,1931.6018157494182,2095.7928539212144,1282.2430170583098,4137.353937176837,4100.369043370088,7208.698559470658,2479.4551786210195,6,5309.637686728943,"[""L005"", ""L016"", ""R000"", ""R001"", ""R002"", ""R005"", ""R007"", ""R008""]",8,0.0,1899.0608727417166,2830.1825081079232,758.8961656880695,8.52795702332287,0.4,1,7027.001039715991,1,0.7027001039715991,2079.814299443177,0,2946.403388340358,2674.7805850081077,1405.8170663675264,7027.001039715991,4014.3407870571136,5,7027.001039715991,"[""C002"", ""R001"", ""R002"", ""R006"", ""R007"", ""R008""]",6,0.0,3012.6602526588777,932.8459532157007,overlap,10000.000000000002,intermediate,1534.8856084360941,"[""L005"", ""L016"", ""R000"", ""R005""]","[""R001"", ""R002"", ""R007"", ""R008""]",1717.3633529870485,0.15348856084360937,30016,2,4,4,dispersed,0.07870370370370369,0.6736111111111112,1023.1538457747855,226.75919465864075,682.1025638498572,0.24768518518518517,matched,173.9497875276312
0.0,"[""L001"", ""L002"", ""L007"", ""L015"", ""L019"", ""L025"", ""L027"", ""L030"", ""L034""]",3112.546765947254,2,overlap:intermediate:dispersed:r017,3778.28661861025,2,0.37782866186102504,2168.8191239801995,0,1099.6804613258348,1233.104148210442,1445.5020090739736,2326.360423225239,4761.883053226853,7801.8115434306155,1183.2089648364208,4,3778.2866186102506,"[""C001"", ""C002"", ""R002"", ""R003"", ""R005"", ""R007""]",6,0.0,4023.5249248203654,2595.0776537738298,426.25852979363026,8.04776324903969,0.13333333333333333,1,6018.071580754703,1,0.6018071580754704,2176.866887229239,9,2233.688619867463,2522.9057546238073,1261.4772062634336,5669.128457158709,2905.583636688898,1,6018.071580754703,"[""C001"", ""L001"", ""L002"", ""L007"", ""L015"", ""L019"", ""L025"", ""L027"", ""L030"", ""L034"", ""R003""]",11,0.0,3112.487944065805,935.621056836566,overlap,10000.000000000002,intermediate,1722.3746718524771,"[""C002"", ""R002"", ""R005"", ""R007""]","[""C001"", ""R003""]",2239.7849621444525,0.17223746718524768,30017,9,4,2,dispersed,0.05555555555555555,0.8009259259259259,881.6196040738033,198.01664841502455,587.7464027158692,0.14351851851851852,matched,509.36252704293577
4.547473508864641e-13,"[""L002"", ""L008"", ""L012"", ""L013"", ""L016"", ""L020"", ""L022"", ""L023"", ""L024"", ""L033""]",3198.9914275820743,2,overlap:intermediate:dispersed:r018,3407.654969480688,1,0.3407654969480688,2243.304705994428,0,1726.0244538101963,1089.8091327211373,591.8213829493551,1051.115615252124,4219.915871714022,7418.907299296095,711.6749555444721,6,3407.654969480688,"[""C002"", ""R000"", ""R001"", ""R002"", ""R003"", ""R004"", ""R008""]",7,0.0,4011.2523298154065,2695.980013936216,452.675307941788,-77.5694679007247,0.11764705882352941,1,5836.319172193225,0,0.5836319172193225,2165.735238093703,10,2635.3041464409707,1967.307089386745,1233.7079363655096,5104.9155907392305,2644.319597431783,2,5836.319172193225,"[""L002"", ""L008"", ""L012"", ""L013"", ""L016"", ""L020"", ""L022"", ""L023"", ""L024"", ""L033"", ""R000"", ""R004""]",12,0.0,3191.999574761442,1026.2643366677391,overlap,10000.0,intermediate,1932.644641887311,"[""C002"", ""R001"", ""R002"", ""R003"", ""R008""]","[""R000"", ""R004""]",2428.664202712537,0.1932644641887311,30018,10,5,2,dispersed,0.039351851851851846,0.7893518518518517,870.5145017323952,203.52462460986033,580.3430011549301,0.17129629629629628,matched,573.5890287259512
-4.547473508864641e-13,"[""C000"", ""L006"", ""L025"", ""R001""]",3186.80800858948,2,overlap:intermediate:dispersed:r019,4546.301287221349,1,0.45463012872213504,2130.7302009375267,1,2273.739337097287,871.2336991233133,1401.3282510007493,2489.2391403523243,4386.881517655175,7503.408485040471,1846.311403477609,5,4546.301287221349,"[""C001"", ""L031"", ""R000"", ""R003"", ""R006"", ""R007"", ""R008""]",7,0.0,2957.107197819121,2699.9898837437404,569.2596828062138,89.31825582440615,0.2727272727272727,1,7264.876886116552,2,0.7264876886116554,2220.048456761933,2,3815.4944276092847,2017.3254137389988,1432.0570447682685,6499.644510842516,4171.206243905497,3,7264.876886116552,"[""C000"", ""C001"", ""L006"", ""L025"", ""R000"", ""R001"", ""R008""]",7,0.0,3093.6706422110547,873.6221854491216,overlap,9999.999999999996,intermediate,2324.894840427888,"[""L031"", ""R003"", ""R006"", ""R007""]","[""C001"", ""R000"", ""R008""]",2718.5755988952023,0.23248948404278888,30019,4,4,3,dispersed,0.12037037037037036,0.738425925925926,1055.0996040498633,227.89517468085543,703.399736033242,0.1412037037037037,matched,304.36250264290777
