accounting_residual,added_site_ids,budget,case_id,catalog_actual_service,catalog_central_sites,catalog_coverage,catalog_exact_gap,catalog_exact_profit,catalog_exact_status,catalog_fixed_cost,catalog_local_sites,catalog_mno_0_service,catalog_mno_1_service,catalog_mno_2_service,catalog_multi_operator_volume,catalog_predicted_profit,catalog_predicted_service,catalog_realized_profit,catalog_regional_sites,catalog_revenue,catalog_selected_site_ids,catalog_sites,catalog_stranded_expenditure,catalog_support_overestimate,catalog_total_expenditure,catalog_variable_cost,exact_information_points,exact_time_limit,fixed_cost_difference,footprint_jaccard,footprints_differ,informed_actual_service,informed_central_sites,informed_coverage,informed_exact_gap,informed_exact_profit,informed_exact_status,informed_fixed_cost,informed_greedy_gap_points,informed_local_sites,informed_mno_0_service,informed_mno_1_service,informed_mno_2_service,informed_multi_operator_volume,informed_realized_profit,informed_regional_sites,informed_revenue,informed_selected_site_ids,informed_sites,informed_stranded_expenditure,informed_total_expenditure,informed_variable_cost,max_revenue,overlap,profit_difference,removed_site_ids,retained_site_ids,revenue_difference,revenue_normalized_profit_difference,seed,sites_added,sites_removed,sites_retained,support_pattern,supported_central_share,supported_local_share,supported_mean_compute_capacity,supported_mean_fixed_cost,supported_mean_interface_capacity,supported_regional_share,variable_cost_difference
-4.547473508864641e-13,"[""C001"", ""C002"", ""L016""]",3129.0924056522567,controlled:aligned:clustered:r000,6678.825128538816,1,0.6678825128538817,0.0,4479.685963748985,optimal,2074.8222658861396,0,2968.9353503383,2304.9740989623997,1404.9156792381161,6678.825128538816,4040.1067246641232,7020.748669253548,3752.0288345623544,5,6678.825128538817,"[""C000"", ""R000"", ""R002"", ""R004"", ""R005"", ""R008""]",6,0.0,341.92354071473164,2926.7962939764625,851.9740280903229,2.989328251497045,,147.56029499269835,0.2222222222222222,1,7822.86145034589,3,0.7822861450345892,0.0,4778.61878889869,optimal,2222.382560878838,0.0,1,3411.4882385848364,2831.6568079329745,1579.7164038280794,7822.86145034589,4778.61878889869,1,7822.86145034589,"[""C000"", ""C001"", ""C002"", ""L016"", ""R000""]",5,0.0,3044.2426614472,821.8601005683622,10000.0,aligned,1026.5899543363353,"[""R002"", ""R004"", ""R005"", ""R008""]","[""C000"", ""R000""]",1144.0363218070734,0.10265899543363352,31000,3,4,2,clustered,0.16666666666666666,0.6666666666666666,1190.215090208221,255.0200566230857,793.4767268054807,0.16666666666666666,-30.113927521960704
4.547473508864641e-13,"[""C001"", ""C002"", ""L002""]",3090.074734024507,controlled:aligned:clustered:r001,6502.517114399394,1,0.6502517114399394,0.0,4635.293283033511,optimal,2081.043299519518,0,2811.21701055438,2341.8667384532964,1349.433365391718,6502.517114399394,3753.5920191604164,6683.90224988222,3616.636289090282,5,6502.517114399396,"[""C000"", ""R000"", ""R002"", ""R004"", ""R005"", ""R007""]",6,0.0,181.38513548282572,2885.880825309114,804.8375257895957,3.0181789223757187,,90.35823240717946,0.2222222222222222,1,7932.639327363642,3,0.7932639327363642,0.0,4937.111175271083,optimal,2171.4015319266973,0.0,1,3569.68769731364,2732.345061404871,1630.6065686451318,7932.639327363641,4937.111175271083,1,7932.639327363642,"[""C000"", ""C001"", ""C002"", ""L002"", ""R000""]",5,0.0,2995.528152092559,824.1266201658619,10000.0,aligned,1320.4748861808011,"[""R002"", ""R004"", ""R005"", ""R007""]","[""C000"", ""R000""]",1430.1222129642465,0.1320474886180801,31001,3,4,2,clustered,0.16666666666666666,0.6666666666666666,1200.8863378605213,250.88364102643567,800.5908919070143,0.16666666666666666,19.289094376266235
4.547473508864641e-13,"[""C002"", ""L023""]",3102.055704303767,controlled:aligned:clustered:r002,7833.174197352271,2,0.7833174197352272,0.0,4899.345633138336,optimal,2213.8969587069714,1,3469.8885946814926,2785.219815050826,1578.0657876199527,7833.174197352271,3665.3218366645656,6662.417321795724,4733.3270793840165,3,7833.174197352271,"[""C000"", ""C001"", ""L005"", ""R000"", ""R002"", ""R005""]",6,0.0,-1170.7568755565471,3099.8471179682547,885.9501592612833,2.258440556029336,,-42.084023582352074,0.375,1,8116.382562896577,3,0.8116382562896577,0.0,5125.1896887412695,optimal,2171.8129351246193,0.0,1,3371.0899278950237,3035.5747263839535,1709.7179086175988,8116.382562896577,5125.1896887412695,1,8116.382562896577,"[""C000"", ""C001"", ""C002"", ""L023"", ""R000""]",5,0.0,2991.192874155308,819.3799390306885,10000.0,aligned,391.86260935725295,"[""L005"", ""R002"", ""R005""]","[""C000"", ""C001"", ""R000""]",283.2083655443057,0.039186260935725296,31002,2,3,3,clustered,0.16666666666666666,0.6666666666666666,1231.6491787143798,250.43476110309413,821.0994524762534,0.16666666666666666,-66.57022023059471
-4.547473508864641e-13,"[""C000"", ""R001""]",3033.1907904758,controlled:aligned:clustered:r003,7271.79370770147,2,0.727179370770147,0.019988903864223303,4238.60291722567,time_limit,2229.0534226119116,0,3168.816091756905,2593.970750589602,1509.006865354963,7271.79370770147,4085.000221586527,7118.191012062327,4238.60291722567,4,7271.79370770147,"[""C001"", ""C002"", ""R000"", ""R006"", ""R007"", ""R008""]",6,0.0,-153.60269563914335,3033.1907904758,804.1373678638884,9.817020763692533,600.0,-106.06737846861006,0.375,1,8198.85464457459,3,0.819885464457459,0.0,5220.304993594924,optimal,2122.9860441433016,0.0,0,3608.184259972774,2997.45598235277,1593.214402249046,8198.85464457459,5220.304993594924,2,8198.85464457459,"[""C000"", ""C001"", ""C002"", ""R000"", ""R001""]",5,0.0,2978.5496509796662,855.5636068363647,10000.000000000002,aligned,981.7020763692535,"[""R006"", ""R007"", ""R008""]","[""C001"", ""C002"", ""R000""]",927.0609368731202,0.09817020763692533,31003,2,3,3,clustered,0.16666666666666666,0.6666666666666666,1179.4575796221752,239.13630848664283,786.3050530814508,0.16666666666666666,51.42623897247631
0.0,"[""R001""]",3147.03955444787,controlled:aligned:clustered:r004,7853.589158652334,3,0.7853589158652334,0.0,4351.541070514367,optimal,2220.4112849838993,0,3512.2900883477796,2747.796292609373,1593.5027776951817,7853.589158652334,4093.5292367910565,7049.833985492981,4836.555193363864,2,7853.589158652334,"[""C000"", ""C001"", ""C002"", ""R000"", ""R005""]",5,0.0,-803.755173159353,3017.0339652884695,796.6226803045699,9.589612854107456,,0.0,0.6666666666666666,1,8402.00569287042,3,0.840200569287042,0.0,5310.502355925112,optimal,2220.4112849838993,0.0,0,3714.7705831191624,3023.809650024155,1663.425459727102,8402.00569287042,5310.502355925112,2,8402.005692870418,"[""C000"", ""C001"", ""C002"", ""R000"", ""R001""]",5,0.0,3091.503336945306,871.0920519614062,9999.999999999998,aligned,473.94716256124775,"[""R005""]","[""C000"", ""C001"", ""C002"", ""R000""]",548.416534218084,0.047394716256124785,31004,1,1,4,clustered,0.16666666666666666,0.6666666666666666,1193.670872933438,250.24140776453916,795.7805819556252,0.16666666666666666,74.4693716568363
1.1368683772161603e-13,"[""C000"", ""C002"", ""L002""]",3107.586267554692,controlled:aligned:clustered:r005,6547.152330173236,1,0.6547152330173236,0.0,3976.0351586731695,optimal,2105.383804156154,0,2868.042332012127,2413.7600988296826,1265.3498993314256,6547.152330173236,3591.836292567013,6525.520933370492,3619.011024217211,5,6547.152330173236,"[""C001"", ""R000"", ""R002"", ""R003"", ""R005"", ""R007""]",6,0.0,-21.631396802744348,2928.141305956025,822.7575017998712,6.357084896251362,,79.6902487940988,0.2222222222222222,1,7676.083259638175,3,0.7676083259638176,0.0,4611.743648298306,optimal,2185.0740529502527,0.0,1,3388.2664223589554,2766.24477700767,1521.57206027155,7676.083259638177,4611.743648298306,1,7676.083259638176,"[""C000"", ""C001"", ""C002"", ""L002"", ""R000""]",5,0.0,3064.3396113398703,879.2655583896178,10000.0,aligned,992.7326240810949,"[""R002"", ""R003"", ""R005"", ""R007""]","[""C001"", ""R000""]",1128.9309294649402,0.09927326240810949,31005,3,4,2,clustered,0.16666666666666666,0.6666666666666666,1183.4536602375867,252.0583752462025,788.9691068250577,0.16666666666666666,56.508056589746616
-3.410605131648481e-13,"[""L026"", ""R000""]",3080.4357197212544,controlled:aligned:clustered:r006,8220.279138104377,3,0.8220279138104376,0.0,5139.843418383123,optimal,2217.5655788794647,0,3641.553739051228,2899.7467843628733,1678.9786146902757,8220.279138104377,3877.4374473905405,6830.602390643331,5139.843418383123,2,8220.279138104377,"[""C000"", ""C001"", ""C002"", ""R005"", ""R007""]",5,0.0,-1389.676747461046,3080.4357197212544,862.8701408417895,2.4816286091646274,,-150.51434243745598,0.42857142857142855,1,8359.25837061742,3,0.8359258370617417,0.0,5388.006279299586,optimal,2067.0512364420088,0.0,1,3616.295295127709,3058.2903522484203,1684.6727232412886,8359.258370617417,5388.006279299586,1,8359.258370617417,"[""C000"", ""C001"", ""C002"", ""L026"", ""R000""]",5,0.0,2971.2520913178314,904.2008548758226,9999.999999999998,aligned,248.1628609164627,"[""R005"", ""R007""]","[""C000"", ""C001"", ""C002""]",138.9792325130402,0.024816286091646274,31006,2,2,3,clustered,0.16666666666666666,0.6666666666666666,1224.112370823327,246.12442903923758,816.0749138822175,0.16666666666666666,41.33071403403312
-4.547473508864641e-13,"[""C000""]",3160.18169672085,controlled:aligned:clustered:r007,7217.182812620756,2,0.7217182812620756,0.0077359973675525575,4414.113029516187,time_limit,2258.9448644313775,1,3184.7799179951053,2644.294904172884,1388.107990452766,7217.182812620755,4146.773789354881,7253.774754189631,4133.116600558242,3,7217.182812620756,"[""C001"", ""C002"", ""L024"", ""R000"", ""R006"", ""R008""]",6,0.0,36.59194156887497,3084.0662120625143,825.1213476311368,4.332216446590073,600.0,-81.74816095376991,0.5714285714285714,1,7845.725429609605,3,0.7845725429609606,0.0,4847.334674175195,optimal,2177.1967034776076,0.0,1,3440.3708815849236,2820.0027018501,1585.3518461745807,7845.725429609605,4847.334674175195,1,7845.725429609604,"[""C000"", ""C001"", ""C002"", ""L024"", ""R000""]",5,0.0,2998.3907554344096,821.194051956802,10000.0,aligned,714.218073616953,"[""R006"", ""R008""]","[""C001"", ""C002"", ""L024"", ""R000""]",628.5426169888487,0.0714218073616953,31007,1,2,4,clustered,0.16666666666666666,0.6666666666666666,1191.10257863298,254.79957876382807,794.0683857553202,0.16666666666666666,-3.9272956743348004
-2.2737367544323206e-13,"[""C000"", ""C002""]",3060.283746847549,controlled:aligned:clustered:r008,7115.470867589191,1,0.7115470867589191,0.018736526253667053,4381.747248857778,time_limit,2185.606407523362,1,3119.443401884107,2562.312646588882,1433.7148191162014,7115.47086758919,4079.6894461372312,7139.97319298478,4055.1871207416416,5,7115.470867589191,"[""C001"", ""L003"", ""R000"", ""R002"", ""R005"", ""R006"", ""R008""]",7,0.0,24.50232539558965,3060.283746847549,874.6773393241872,6.59882993035344,600.0,41.21279024369369,0.3333333333333333,1,8101.913988740669,3,0.8101913988740669,0.0,5041.630241893122,optimal,2226.819197767056,0.0,0,3638.0434789569563,2786.377985789376,1677.4925239943377,8101.913988740671,5041.630241893122,2,8101.913988740671,"[""C000"", ""C001"", ""C002"", ""R000"", ""R008""]",5,0.0,3060.283746847549,833.4645490804933,10000.000000000002,aligned,986.4431211514802,"[""L003"", ""R002"", ""R005"", ""R006""]","[""C001"", ""R000"", ""R008""]",986.4431211514802,0.098644312115148,31008,2,4,3,clustered,0.16666666666666666,0.6666666666666666,1215.755556174446,246.89477991076268,810.5037041162975,0.16666666666666666,-41.21279024369392
0.0,"[""C000"", ""C002""]",3128.2011471337855,controlled:aligned:clustered:r009,7003.452539937793,1,0.7003452539937792,0.0,5085.236581022172,optimal,2232.1381969630374,1,3061.334463286864,2578.265614188712,1363.8524624622169,7003.452539937793,3735.936372104399,6864.137519238184,3875.251392804007,5,7003.452539937793,"[""C001"", ""L016"", ""R000"", ""R002"", ""R006"", ""R007"", ""R008""]",7,0.0,-139.3150206996088,3128.2011471337855,896.0629501707481,0.0,,56.40886461274067,0.3333333333333333,1,8213.437728155957,3,0.8213437728155958,0.0,5085.236581022172,optimal,2288.547061575778,0.0,0,3540.6686172642867,2994.759951712067,1678.0091591796038,8213.437728155957,5085.236581022172,2,8213.437728155957,"[""C000"", ""C001"", ""C002"", ""R000"", ""R008""]",5,0.0,3128.2011471337855,839.6540855580074,10000.000000000002,aligned,1209.9851882181647,"[""L016"", ""R002"", ""R006"", ""R007""]","[""C001"", ""R000"", ""R008""]",1209.9851882181647,0.12099851882181645,31009,2,4,3,clustered,0.16666666666666666,0.6666666666666666,1212.2983218281472,251.4732073721848,808.1988812187649,0.16666666666666666,-56.40886461274067
0.0,"[""C000"", ""C001"", ""C002"", ""L003""]",3069.5015047574316,controlled:aligned:clustered:r010,6219.001153324496,0,0.6219001153324495,0.0,4812.177410986503,optimal,2147.1922619095676,0,2795.1628453084213,2137.5675993133086,1286.2707087027654,6219.001153324496,3719.535414469746,6789.036919227178,3228.362947375169,7,6219.001153324496,"[""R000"", ""R001"", ""R002"", ""R003"", ""R005"", ""R007"", ""R008""]",7,0.0,570.0357659026822,2990.638205949327,843.4459440397596,4.170432995465107,,18.400143873949673,0.09090909090909091,1,8213.635463251125,3,0.8213635463251123,0.0,5229.2207105330135,optimal,2165.5924057835173,0.0,1,3636.769164907142,2887.3549620363483,1689.5113363076348,8213.635463251125,5229.2207105330135,1,8213.635463251125,"[""C000"", ""C001"", ""C002"", ""L003"", ""R000""]",5,0.0,2984.4147527181112,818.822346934594,10000.000000000002,aligned,2000.8577631578446,"[""R001"", ""R002"", ""R003"", ""R005"", ""R007"", ""R008""]","[""R000""]",1994.6343099266287,0.20008577631578442,31010,4,6,1,clustered,0.16666666666666666,0.6666666666666666,1213.315692576503,248.18632092430062,808.8771283843355,0.16666666666666666,-24.623597105165686
0.0,"[""C000"", ""C001"", ""C002"", ""L021""]",3127.9720047925307,controlled:aligned:clustered:r011,6314.853555085612,0,0.6314853555085612,0.0,3293.0422981603233,optimal,2153.0137679617383,0,2792.1860603495693,2216.6216644966544,1306.045830239389,6314.853555085612,3625.6897136407715,6702.642022436659,3293.0422981603233,7,6314.853555085613,"[""R000"", ""R001"", ""R002"", ""R005"", ""R006"", ""R007"", ""R008""]",7,0.0,387.7884673510471,3021.81125692529,868.7974889635517,16.788353655573044,,51.35512858704533,0.09090909090909091,1,8070.128241806786,3,0.8070128241806785,0.0,4971.877663717628,optimal,2204.3688965487836,0.0,1,3596.0623704115937,2879.6422845979805,1594.4235867972122,8070.128241806787,4971.877663717628,1,8070.128241806787,"[""C000"", ""C001"", ""C002"", ""L021"", ""R000""]",5,0.0,3098.250578089159,893.8816815403754,10000.0,aligned,1678.8353655573046,"[""R001"", ""R002"", ""R005"", ""R006"", ""R007"", ""R008""]","[""R000""]",1755.2746867211736,0.16788353655573046,31011,4,6,1,clustered,0.16666666666666666,0.6666666666666666,1228.5618015631524,254.35467920492698,819.0412010421014,0.16666666666666666,25.08419257682374
0.0,"[""C000"", ""C002"", ""L024""]",3087.5206840755814,controlled:aligned:clustered:r012,6618.852267971751,1,0.6618852267971751,0.0,4715.869945087768,optimal,2069.802391849157,0,2966.823252134162,2327.4268358588915,1324.6021799786972,6618.852267971752,3684.005704971025,6610.318490547834,3707.514325117467,5,6618.852267971752,"[""C001"", ""R000"", ""R002"", ""R003"", ""R006"", ""R008""]",6,0.0,-8.533777423916945,2911.337942854285,841.5355510051276,0.4683181203903859,,41.64218001962854,0.2222222222222222,1,7713.475617607139,3,0.7713475617607138,0.0,4762.701757126807,optimal,2111.4445718687857,0.0,1,3350.805631103067,2755.9297413482973,1606.7402451557746,7713.475617607139,4762.701757126807,1,7713.47561760714,"[""C000"", ""C001"", ""C002"", ""L024"", ""R000""]",5,0.0,2950.7738604803326,839.3292886115469,10000.000000000002,aligned,1055.1874320093402,"[""R002"", ""R003"", ""R006"", ""R008""]","[""C001"", ""R000""]",1094.623349635388,0.105518743200934,31012,3,4,2,clustered,0.16666666666666666,0.6666666666666666,1184.4912025826081,248.3710640735709,789.6608017217392,0.16666666666666666,-2.206262393580687
0.0,[],3132.5871844018884,controlled:aligned:clustered:r013,8269.640617801644,3,0.8269640617801645,0.0,5137.053433399756,optimal,2290.062652886031,0,3709.4658316490686,2959.227192401987,1600.9475937505877,8269.640617801644,3973.9193472061766,6997.730035879795,5137.053433399756,2,8269.640617801644,"[""C000"", ""C001"", ""C002"", ""R000"", ""R008""]",5,0.0,-1271.9105819218494,3132.5871844018884,842.5245315158571,0.0,,0.0,1.0,0,8269.640617801644,3,0.8269640617801645,0.0,5137.053433399756,optimal,2290.062652886031,0.0,0,3709.4658316490686,2959.227192401987,1600.9475937505877,8269.640617801644,5137.053433399756,2,8269.640617801644,"[""C000"", ""C001"", ""C002"", ""R000"", ""R008""]",5,0.0,3132.5871844018884,842.5245315158571,10000.000000000002,aligned,0.0,[],"[""C000"", ""C001"", ""C002"", ""R000"", ""R008""]",0.0,0.0,31013,0,0,5,clustered,0.16666666666666666,0.6666666666666666,1209.9796038092445,252.20123470018189,806.6530692061632,0.16666666666666666,0.0
3.410605131648481e-13,"[""C000""]",3137.7698450342723,controlled:aligned:clustered:r014,7338.254431651904,2,0.7338254431651904,0.0,4270.822258570019,optimal,2292.4207588988334,1,3320.4119911043435,2584.5003303230405,1433.3421102245204,7338.254431651904,3553.1586328632543,6649.725906618213,4200.484586617631,3,7338.254431651903,"[""C001"", ""C002"", ""L027"", ""R000"", ""R007"", ""R008""]",6,0.0,-688.528525033691,3137.7698450342723,845.3490861354387,8.713951729250939,,-46.388590888332146,0.5714285714285714,1,8260.65010531737,3,0.8260650105317371,0.0,5142.217431495113,optimal,2246.032168010501,0.0,1,3623.9048916008214,3032.7334803286785,1604.0117333878716,8260.65010531737,5142.217431495113,1,8260.65010531737,"[""C000"", ""C001"", ""C002"", ""L027"", ""R000""]",5,0.0,3118.432673822258,872.400505811757,10000.000000000002,aligned,941.7328448774815,"[""R007"", ""R008""]","[""C001"", ""C002"", ""L027"", ""R000""]",922.3956736654673,0.09417328448774813,31014,1,2,4,clustered,0.16666666666666666,0.6666666666666666,1217.0885428041527,256.9866018890409,811.3923618694355,0.16666666666666666,27.051419676318233
1.1368683772161603e-13,"[""L016""]",3144.622227187096,controlled:aligned:clustered:r015,7648.224699817874,3,0.7648224699817875,0.0,4503.602472630779,optimal,2317.1947735157573,0,3393.5210086750285,2630.312983318354,1624.3907078244924,7648.224699817875,4046.057724839742,7174.520701401971,4503.602472630779,2,7648.224699817874,"[""C000"", ""C001"", ""C002"", ""R000"", ""R005""]",5,0.0,-473.7039984159037,3144.622227187096,827.4274536713386,7.398184296162233,,-145.6234272821439,0.6666666666666666,1,8361.395091807444,3,0.8361395091807444,0.0,5243.420902247002,optimal,2171.5713462336134,0.0,1,3707.4185100315485,3088.341085449154,1565.6354963267415,8361.395091807444,5243.420902247002,1,8361.395091807444,"[""C000"", ""C001"", ""C002"", ""L016"", ""R000""]",5,0.0,3117.9741895604425,946.402843326829,10000.000000000002,aligned,739.8184296162235,"[""R005""]","[""C000"", ""C001"", ""C002"", ""R000""]",713.1703919895699,0.07398184296162234,31015,1,1,4,clustered,0.16666666666666666,0.6666666666666666,1222.724683869614,254.7253041656866,815.1497892464096,0.16666666666666666,118.9753896554904
0.0,"[""C000"", ""C001"", ""C002"", ""L000""]",3146.4461951009234,controlled:aligned:clustered:r016,6230.783296476091,0,0.6230783296476091,0.0,3260.86130975363,optimal,2084.7582242318476,0,2769.906174407241,2168.949034350657,1291.9280877181932,6230.783296476091,3693.5666124838035,6737.624729175487,3260.86130975363,7,6230.783296476091,"[""R000"", ""R001"", ""R002"", ""R003"", ""R005"", ""R007"", ""R008""]",7,0.0,506.84143269939614,2969.921986722461,885.1637624906134,15.296058914113237,600.0,131.3800521704302,0.09090909090909091,1,7936.913396265876,3,0.7936913396265877,0.0,4790.467201164954,optimal,2216.138276402278,0.0,1,3459.857285969253,2795.0026489352213,1682.0534613614027,7936.913396265877,4790.467201164954,1,7936.913396265877,"[""C000"", ""C001"", ""C002"", ""L000"", ""R000""]",5,0.0,3146.4461951009234,930.3079186986455,10000.0,aligned,1529.6058914113237,"[""R001"", ""R002"", ""R003"", ""R005"", ""R007"", ""R008""]","[""R000""]",1706.130099789786,0.15296058914113236,31016,4,6,1,clustered,0.16666666666666666,0.6666666666666666,1211.2604720560803,256.06766758803,807.5069813707203,0.16666666666666666,45.144156208032086
-1.1368683772161603e-13,"[""R001""]",3121.5823012967576,controlled:aligned:clustered:r017,8384.418671062278,3,0.8384418671062278,0.0,5276.590666444205,optimal,2261.7452061964277,0,3707.793865841949,2938.191897380736,1738.4329078395924,8384.418671062278,3984.335148746971,6960.955858590041,5276.590666444205,2,8384.418671062278,"[""C000"", ""C001"", ""C002"", ""R000"", ""R008""]",5,0.0,-1423.4628124722367,3107.8280046180726,846.082798421645,0.6542828816775091,,0.0,0.6666666666666666,1,8463.601255908714,3,0.8463601255908714,0.0,5342.018954611956,optimal,2261.7452061964277,0.0,0,3759.3895241422547,3033.3719432587914,1670.8397885076688,8463.601255908714,5342.018954611956,2,8463.601255908714,"[""C000"", ""C001"", ""C002"", ""R000"", ""R001""]",5,0.0,3121.5823012967576,859.8370951003299,9999.999999999998,aligned,65.4282881677509,"[""R008""]","[""C000"", ""C001"", ""C002"", ""R000""]",79.18258484643593,0.006542828816775092,31017,1,1,4,clustered,0.16666666666666666,0.6666666666666666,1195.518565129256,249.27546450961395,797.0123767528371,0.16666666666666666,13.75429667868491
0.0,"[""C000"", ""C002""]",3108.0676772727065,controlled:aligned:clustered:r018,7117.659099502629,1,0.7117659099502629,0.0,5244.416555935009,optimal,2169.0897201459975,1,3152.84344525489,2562.861523506458,1401.9541307412808,7117.659099502629,4083.3911619868386,7191.458839259545,4018.068932059359,5,7117.659099502629,"[""C001"", ""L016"", ""R000"", ""R002"", ""R003"", ""R007"", ""R008""]",7,0.0,73.7997397569161,3099.59016744327,930.5004472972723,1.0689646194927442,,36.35256633458039,0.3333333333333333,1,8459.38069515699,3,0.8459380695156989,0.0,5351.313017884283,optimal,2205.442286480578,0.0,0,3775.6362183087886,3033.925152860195,1649.8193239880065,8459.38069515699,5351.313017884283,2,8459.38069515699,"[""C000"", ""C001"", ""C002"", ""R000"", ""R008""]",5,0.0,3108.0676772727065,902.6253907921285,10000.000000000002,aligned,1333.2440858249238,"[""L016"", ""R002"", ""R003"", ""R007""]","[""C001"", ""R000"", ""R008""]",1341.7215956543605,0.13332440858249237,31018,2,4,3,clustered,0.16666666666666666,0.6666666666666666,1212.923951376068,247.70603025213637,808.6159675840457,0.16666666666666666,-27.87505650514379
-6.821210263296962e-13,"[""L002""]",3088.7918647130737,controlled:aligned:clustered:r019,8214.571070511409,3,0.8214571070511408,0.0,5125.779205798335,optimal,2243.265096049488,0,3661.2931650993114,2920.358677604309,1632.919227807788,8214.571070511409,3978.895967540054,6966.86213659545,5125.779205798335,2,8214.571070511409,"[""C000"", ""C001"", ""C002"", ""R000"", ""R008""]",5,0.0,-1247.7089339159593,3088.7918647130737,845.5267686635859,0.39377554360160505,,-148.45517576071006,0.6666666666666666,1,8106.0839322439415,3,0.8106083932243942,0.0,5165.156760158496,optimal,2094.809920288778,0.0,1,3525.2967024367144,2923.655420143362,1657.131809663865,8106.0839322439415,5165.156760158496,1,8106.083932243942,"[""C000"", ""C001"", ""C002"", ""L002"", ""R000""]",5,0.0,2940.9271720854463,846.1172517966684,10000.0,aligned,39.3775543601605,"[""R008""]","[""C000"", ""C001"", ""C002"", ""R000""]",-108.48713826746643,0.00393775543601605,31019,1,1,4,clustered,0.16666666666666666,0.6666666666666666,1208.1672328068978,247.92581730263677,805.444821871265,0.16666666666666666,0.5904831330824436
4.547473508864641e-13,"[""C001"", ""C002"", ""L016""]",3129.0924056522567,controlled:aligned:dispersed:r000,6678.825128538816,1,0.6678825128538817,0.0,4479.685963748985,optimal,2074.8222658861396,0,2968.9353503383,2304.9740989623997,1404.9156792381161,6678.825128538816,4040.1067246641232,7020.748669253548,3752.0288345623544,5,6678.825128538817,"[""C000"", ""R000"", ""R002"", ""R004"", ""R005"", ""R008""]",6,0.0,341.92354071473164,2926.7962939764625,851.9740280903229,2.9890317747614974,,147.56029499269835,0.2222222222222222,1,7822.86145034589,3,0.7822861450345892,0.0,4778.589141225135,optimal,2222.382560878838,0.0,1,3334.0436471978937,2909.416625219809,1579.4011779281875,7822.861450345891,4778.589141225135,1,7822.86145034589,"[""C000"", ""C001"", ""C002"", ""L016"", ""R000""]",5,0.0,3044.272309120756,821.889748241918,10000.0,aligned,1026.5603066627805,"[""R002"", ""R004"", ""R005"", ""R008""]","[""C000"", ""R000""]",1144.0363218070734,0.10265603066627804,31000,3,4,2,dispersed,0.16666666666666666,0.6666666666666666,1190.215090208221,255.0200566230857,793.4767268054807,0.16666666666666666,-30.08427984840489
4.547473508864641e-13,"[""C001"", ""C002"", ""L002""]",3090.074734024507,controlled:aligned:dispersed:r001,6502.517114399394,1,0.6502517114399394,0.0,4635.293283033511,optimal,2081.043299519518,0,2811.21701055438,2341.8667384532964,1349.433365391718,6502.517114399394,3753.5920191604164,6683.90224988222,3616.636289090282,5,6502.517114399396,"[""C000"", ""R000"", ""R002"", ""R004"", ""R005"", ""R007""]",6,0.0,181.38513548282572,2885.880825309114,804.8375257895957,3.0181789223757187,,90.35823240717946,0.2222222222222222,1,7932.639327363642,3,0.7932639327363642,0.0,4937.111175271083,optimal,2171.4015319266973,0.0,1,3569.68769731364,2732.345061404871,1630.6065686451318,7932.639327363641,4937.111175271083,1,7932.639327363642,"[""C000"", ""C001"", ""C002"", ""L002"", ""R000""]",5,0.0,2995.528152092559,824.1266201658619,10000.0,aligned,1320.4748861808011,"[""R002"", ""R004"", ""R005"", ""R007""]","[""C000"", ""R000""]",1430.1222129642465,0.1320474886180801,31001,3,4,2,dispersed,0.16666666666666666,0.6666666666666666,1200.8863378605213,250.88364102643567,800.5908919070143,0.16666666666666666,19.289094376266235
2.2737367544323206e-13,"[""C002"", ""L021""]",3102.055704303767,controlled:aligned:dispersed:r002,7833.174197352271,2,0.7833174197352272,0.0,4899.345633138336,optimal,2213.8969587069714,1,3510.1005950331555,2746.625714524637,1576.4478877944794,7833.174197352271,3665.3218366645656,6662.417321795724,4733.3270793840165,3,7833.174197352271,"[""C000"", ""C001"", ""L005"", ""R000"", ""R002"", ""R005""]",6,0.0,-1170.7568755565471,3099.8471179682547,885.9501592612833,2.257915331150425,,-42.084023582352074,0.375,1,8116.382562896576,3,0.8116382562896576,0.0,5125.137166253378,optimal,2171.8129351246193,0.0,1,3405.042370438914,3084.136832838572,1627.2033596190906,8116.382562896577,5125.137166253378,1,8116.382562896577,"[""C000"", ""C001"", ""C002"", ""L021"", ""R000""]",5,0.0,2991.2453966431985,819.4324615185794,10000.0,aligned,391.81008686936184,"[""L005"", ""R002"", ""R005""]","[""C000"", ""C001"", ""R000""]",283.2083655443057,0.039181008686936185,31002,2,3,3,dispersed,0.16666666666666666,0.6666666666666666,1231.6491787143798,250.43476110309408,821.0994524762534,0.16666666666666666,-66.51769774270383
-4.547473508864641e-13,"[""C000"", ""R001""]",3033.1907904758,controlled:aligned:dispersed:r003,7271.79370770147,2,0.727179370770147,0.01991387345695202,4238.60291722567,time_limit,2229.0534226119116,0,3168.816091756905,2593.970750589602,1509.006865354963,7271.79370770147,4085.000221586527,7118.191012062327,4238.60291722567,4,7271.79370770147,"[""C001"", ""C002"", ""R000"", ""R006"", ""R007"", ""R008""]",6,0.0,-153.60269563914335,3033.1907904758,804.1373678638884,9.817020763692533,600.0,-106.06737846861006,0.375,1,8198.85464457459,3,0.819885464457459,0.0,5220.304993594924,optimal,2122.9860441433016,0.0,0,3608.184259972774,2997.45598235277,1593.214402249046,8198.85464457459,5220.304993594924,2,8198.85464457459,"[""C000"", ""C001"", ""C002"", ""R000"", ""R001""]",5,0.0,2978.5496509796662,855.5636068363647,10000.000000000002,aligned,981.7020763692535,"[""R006"", ""R007"", ""R008""]","[""C001"", ""C002"", ""R000""]",927.0609368731202,0.09817020763692533,31003,2,3,3,dispersed,0.16666666666666666,0.6666666666666666,1179.4575796221752,239.13630848664283,786.3050530814508,0.16666666666666666,51.42623897247631
0.0,"[""R001""]",3147.03955444787,controlled:aligned:dispersed:r004,7853.589158652334,3,0.7853589158652334,0.0,4351.541070514367,optimal,2220.4112849838993,0,3512.2900883477796,2747.796292609373,1593.5027776951817,7853.589158652334,4093.5292367910565,7049.833985492981,4836.555193363864,2,7853.589158652334,"[""C000"", ""C001"", ""C002"", ""R000"", ""R005""]",5,0.0,-803.755173159353,3017.0339652884695,796.6226803045699,9.589612854107456,,0.0,0.6666666666666666,1,8402.00569287042,3,0.840200569287042,0.0,5310.502355925112,optimal,2220.4112849838993,0.0,0,3714.7705831191624,3023.809650024155,1663.425459727102,8402.00569287042,5310.502355925112,2,8402.005692870418,"[""C000"", ""C001"", ""C002"", ""R000"", ""R001""]",5,0.0,3091.503336945306,871.0920519614062,9999.999999999998,aligned,473.94716256124775,"[""R005""]","[""C000"", ""C001"", ""C002"", ""R000""]",548.416534218084,0.047394716256124785,31004,1,1,4,dispersed,0.16666666666666666,0.6666666666666666,1193.670872933438,250.24140776453916,795.7805819556252,0.16666666666666666,74.4693716568363
1.1368683772161603e-13,"[""C000"", ""C002"", ""L002""]",3107.586267554692,controlled:aligned:dispersed:r005,6547.152330173236,1,0.6547152330173236,0.0,3976.0351586731695,optimal,2105.383804156154,0,2868.042332012127,2413.7600988296826,1265.3498993314256,6547.152330173236,3591.836292567013,6525.520933370492,3619.011024217211,5,6547.152330173236,"[""C001"", ""R000"", ""R002"", ""R003"", ""R005"", ""R007""]",6,0.0,-21.631396802744348,2928.141305956025,822.7575017998712,6.357084896251362,,79.6902487940988,0.2222222222222222,1,7676.083259638177,3,0.7676083259638177,0.0,4611.743648298306,optimal,2185.0740529502527,0.0,1,3378.1445865195037,2802.6782292805265,1495.2604438381452,7676.083259638177,4611.743648298306,1,7676.083259638176,"[""C000"", ""C001"", ""C002"", ""L002"", ""R000""]",5,0.0,3064.3396113398703,879.2655583896178,10000.0,aligned,992.7326240810949,"[""R002"", ""R003"", ""R005"", ""R007""]","[""C001"", ""R000""]",1128.9309294649402,0.09927326240810949,31005,3,4,2,dispersed,0.16666666666666666,0.6666666666666666,1183.4536602375867,252.0583752462025,788.9691068250577,0.16666666666666666,56.508056589746616
-4.547473508864641e-13,"[""L026"", ""R000""]",3080.4357197212544,controlled:aligned:dispersed:r006,8220.279138104377,3,0.8220279138104376,0.0,5139.843418383123,optimal,2217.5655788794647,0,3641.553739051228,2899.7467843628733,1678.9786146902757,8220.279138104377,3877.4374473905405,6830.602390643331,5139.843418383123,2,8220.279138104377,"[""C000"", ""C001"", ""C002"", ""R005"", ""R007""]",5,0.0,-1389.676747461046,3080.4357197212544,862.8701408417895,2.4816286091646274,,-150.51434243745598,0.42857142857142855,1,8359.258370617417,3,0.8359258370617416,0.0,5388.006279299586,optimal,2067.0512364420088,0.0,1,3602.0561255245834,3019.4653643915062,1737.7368807013277,8359.258370617417,5388.006279299586,1,8359.258370617417,"[""C000"", ""C001"", ""C002"", ""L026"", ""R000""]",5,0.0,2971.2520913178314,904.2008548758225,9999.999999999998,aligned,248.1628609164627,"[""R005"", ""R007""]","[""C000"", ""C001"", ""C002""]",138.9792325130402,0.024816286091646274,31006,2,2,3,dispersed,0.16666666666666666,0.6666666666666666,1224.112370823327,246.12442903923758,816.0749138822175,0.16666666666666666,41.33071403403301
-4.547473508864641e-13,"[""C000""]",3160.18169672085,controlled:aligned:dispersed:r007,7217.182812620755,2,0.7217182812620755,0.0077359973675525575,4414.113029516189,time_limit,2258.9448644313775,1,3136.6703167649343,2563.747834630056,1516.7646612257654,7217.182812620755,4146.773789354881,7253.774754189631,4133.116600558242,3,7217.182812620756,"[""C001"", ""C002"", ""L024"", ""R000"", ""R006"", ""R008""]",6,0.0,36.59194156887588,3084.0662120625143,825.1213476311368,4.332216446590064,600.0,-81.74816095376991,0.5714285714285714,1,7845.725429609605,3,0.7845725429609606,0.0,4847.334674175196,optimal,2177.1967034776076,0.0,1,3437.941640137599,2841.094230456719,1566.6895590152872,7845.725429609605,4847.334674175196,1,7845.725429609605,"[""C000"", ""C001"", ""C002"", ""L024"", ""R000""]",5,0.0,2998.3907554344096,821.194051956802,10000.0,aligned,714.2180736169539,"[""R006"", ""R008""]","[""C001"", ""C002"", ""L024"", ""R000""]",628.5426169888497,0.07142180736169539,31007,1,2,4,dispersed,0.16666666666666666,0.6666666666666666,1191.10257863298,254.79957876382807,794.0683857553202,0.16666666666666666,-3.9272956743348004
-2.2737367544323206e-13,"[""C000"", ""C002""]",3060.283746847549,controlled:aligned:dispersed:r008,7114.632962275982,1,0.7114632962275982,0.018667446398562104,4381.747248857777,time_limit,2185.606407523362,1,3164.5052850485,2534.2653536886246,1415.8623235388577,7114.632962275981,4079.6894461372312,7139.97319298478,4054.349215428433,5,7114.632962275982,"[""C001"", ""L003"", ""R000"", ""R002"", ""R005"", ""R006"", ""R008""]",7,0.0,25.340230708798117,3060.283746847549,874.6773393241872,6.598829930353449,600.0,41.21279024369369,0.3333333333333333,1,8101.913988740669,3,0.8101913988740669,0.0,5041.630241893122,optimal,2226.819197767056,0.0,0,3638.0434789569563,2786.377985789376,1677.4925239943377,8101.913988740671,5041.630241893122,2,8101.913988740671,"[""C000"", ""C001"", ""C002"", ""R000"", ""R008""]",5,0.0,3060.283746847549,833.4645490804933,10000.000000000002,aligned,987.2810264646887,"[""L003"", ""R002"", ""R005"", ""R006""]","[""C001"", ""R000"", ""R008""]",987.2810264646887,0.09872810264646885,31008,2,4,3,dispersed,0.16666666666666666,0.6666666666666666,1215.755556174446,246.89477991076268,810.5037041162975,0.16666666666666666,-41.21279024369392
0.0,"[""C000"", ""C002""]",3128.2011471337855,controlled:aligned:dispersed:r009,7003.452539937793,1,0.7003452539937792,0.0,5085.236581022172,optimal,2232.1381969630374,1,3061.334463286864,2509.2308458130115,1432.8872308379175,7003.452539937793,3735.936372104399,6864.137519238184,3875.251392804007,5,7003.452539937793,"[""C001"", ""L016"", ""R000"", ""R002"", ""R006"", ""R007"", ""R008""]",7,0.0,-139.3150206996088,3128.2011471337855,896.0629501707481,0.0,,56.40886461274067,0.3333333333333333,1,8213.437728155957,3,0.8213437728155958,0.0,5085.236581022172,optimal,2288.547061575778,0.0,0,3540.6686172642867,2994.759951712067,1678.0091591796038,8213.437728155957,5085.236581022172,2,8213.437728155957,"[""C000"", ""C001"", ""C002"", ""R000"", ""R008""]",5,0.0,3128.2011471337855,839.6540855580074,10000.000000000002,aligned,1209.9851882181647,"[""L016"", ""R002"", ""R006"", ""R007""]","[""C001"", ""R000"", ""R008""]",1209.9851882181647,0.12099851882181645,31009,2,4,3,dispersed,0.16666666666666666,0.6666666666666666,1212.2983218281472,251.47320737218473,808.1988812187649,0.16666666666666666,-56.40886461274067
0.0,"[""C000"", ""C001"", ""C002"", ""L003""]",3069.5015047574316,controlled:aligned:dispersed:r010,6219.001153324496,0,0.6219001153324495,0.0,4812.177410986503,optimal,2147.1922619095676,0,2795.1628453084213,2137.5675993133086,1286.2707087027654,6219.001153324496,3719.535414469746,6789.036919227178,3228.362947375169,7,6219.001153324496,"[""R000"", ""R001"", ""R002"", ""R003"", ""R005"", ""R007"", ""R008""]",7,0.0,570.0357659026822,2990.638205949327,843.4459440397596,4.170432995465107,,18.400143873949673,0.09090909090909091,1,8213.635463251125,3,0.8213635463251123,0.0,5229.2207105330135,optimal,2165.5924057835173,0.0,1,3661.88467361117,2805.979343273228,1745.7714463667276,8213.635463251125,5229.2207105330135,1,8213.635463251125,"[""C000"", ""C001"", ""C002"", ""L003"", ""R000""]",5,0.0,2984.4147527181112,818.822346934594,10000.000000000002,aligned,2000.8577631578446,"[""R001"", ""R002"", ""R003"", ""R005"", ""R007"", ""R008""]","[""R000""]",1994.6343099266287,0.20008577631578442,31010,4,6,1,dispersed,0.16666666666666666,0.6666666666666666,1213.315692576503,248.18632092430062,808.8771283843355,0.16666666666666666,-24.623597105165686
0.0,"[""C000"", ""C001"", ""C002"", ""L021""]",3127.9720047925307,controlled:aligned:dispersed:r011,6314.853555085612,0,0.6314853555085612,0.0,3293.0422981603233,optimal,2153.0137679617383,0,2792.1860603495693,2216.6216644966544,1306.045830239389,6314.853555085612,3625.6897136407715,6702.642022436659,3293.0422981603233,7,6314.853555085613,"[""R000"", ""R001"", ""R002"", ""R005"", ""R006"", ""R007"", ""R008""]",7,0.0,387.7884673510471,3021.81125692529,868.7974889635517,16.788353655573037,,51.35512858704533,0.09090909090909091,1,8070.128241806786,3,0.8070128241806785,0.0,4971.877663717627,optimal,2204.3688965487836,0.0,1,3582.924790929662,2841.6935739639925,1645.5098769131318,8070.128241806786,4971.877663717627,1,8070.128241806786,"[""C000"", ""C001"", ""C002"", ""L021"", ""R000""]",5,0.0,3098.250578089159,893.8816815403754,10000.0,aligned,1678.8353655573037,"[""R001"", ""R002"", ""R005"", ""R006"", ""R007"", ""R008""]","[""R000""]",1755.2746867211727,0.16788353655573038,31011,4,6,1,dispersed,0.16666666666666666,0.6666666666666666,1228.5618015631524,254.35467920492698,819.0412010421014,0.16666666666666666,25.08419257682374
0.0,"[""C000"", ""C002"", ""L024""]",3087.5206840755814,controlled:aligned:dispersed:r012,6618.852267971751,1,0.6618852267971751,0.0,4715.869945087768,optimal,2069.802391849157,0,2966.823252134162,2327.4268358588915,1324.6021799786972,6618.852267971752,3684.005704971025,6610.318490547834,3707.514325117467,5,6618.852267971752,"[""C001"", ""R000"", ""R002"", ""R003"", ""R006"", ""R008""]",6,0.0,-8.533777423916945,2911.337942854285,841.5355510051276,0.46831812039039494,,41.64218001962854,0.2222222222222222,1,7713.47561760714,3,0.771347561760714,0.0,4762.701757126808,optimal,2111.4445718687857,0.0,1,3437.05689900326,2744.26947289517,1532.1492457087097,7713.47561760714,4762.701757126808,1,7713.4756176071405,"[""C000"", ""C001"", ""C002"", ""L024"", ""R000""]",5,0.0,2950.7738604803326,839.3292886115469,10000.000000000002,aligned,1055.1874320093411,"[""R002"", ""R003"", ""R006"", ""R008""]","[""C001"", ""R000""]",1094.6233496353889,0.1055187432009341,31012,3,4,2,dispersed,0.16666666666666666,0.6666666666666666,1184.4912025826081,248.3710640735709,789.6608017217391,0.16666666666666666,-2.206262393580687
0.0,[],3132.5871844018884,controlled:aligned:dispersed:r013,8269.640617801644,3,0.8269640617801645,0.0,5137.053433399756,optimal,2290.062652886031,0,3709.4658316490686,2959.227192401987,1600.9475937505877,8269.640617801644,3973.9193472061766,6997.730035879795,5137.053433399756,2,8269.640617801644,"[""C000"", ""C001"", ""C002"", ""R000"", ""R008""]",5,0.0,-1271.9105819218494,3132.5871844018884,842.5245315158571,0.0,,0.0,1.0,0,8269.640617801644,3,0.8269640617801645,0.0,5137.053433399756,optimal,2290.062652886031,0.0,0,3709.4658316490686,2959.227192401987,1600.9475937505877,8269.640617801644,5137.053433399756,2,8269.640617801644,"[""C000"", ""C001"", ""C002"", ""R000"", ""R008""]",5,0.0,3132.5871844018884,842.5245315158571,10000.000000000002,aligned,0.0,[],"[""C000"", ""C001"", ""C002"", ""R000"", ""R008""]",0.0,0.0,31013,0,0,5,dispersed,0.16666666666666666,0.6666666666666666,1209.9796038092443,252.20123470018189,806.6530692061632,0.16666666666666666,0.0
2.2737367544323206e-13,"[""C000""]",3137.7698450342723,controlled:aligned:dispersed:r014,7338.254431651905,2,0.7338254431651905,0.0,4270.822258570019,optimal,2292.4207588988334,1,3320.4119911043435,2662.820244206504,1355.0221963410568,7338.254431651905,3553.1586328632543,6649.725906618213,4200.484586617632,3,7338.254431651904,"[""C001"", ""C002"", ""L027"", ""R000"", ""R007"", ""R008""]",6,0.0,-688.528525033692,3137.7698450342723,845.3490861354389,8.712043674225995,,-46.388590888332146,0.5714285714285714,1,8260.65010531737,3,0.8260650105317371,0.0,5142.026625992618,optimal,2246.032168010501,0.0,1,3689.8262424984187,2889.249883350284,1681.5739794686685,8260.65010531737,5142.026625992618,1,8260.65010531737,"[""C000"", ""C001"", ""C002"", ""L027"", ""R000""]",5,0.0,3118.623479324752,872.5913113142512,10000.000000000002,aligned,941.5420393749864,"[""R007"", ""R008""]","[""C001"", ""C002"", ""L027"", ""R000""]",922.3956736654663,0.09415420393749863,31014,1,2,4,dispersed,0.16666666666666666,0.6666666666666666,1217.0885428041527,256.9866018890409,811.3923618694355,0.16666666666666666,27.242225178812305
-6.821210263296962e-13,"[""L026""]",3144.622227187096,controlled:aligned:dispersed:r015,7648.224699817874,3,0.7648224699817875,0.0,4503.602472630779,optimal,2317.1947735157573,0,3393.5210086750285,2630.312983318354,1624.3907078244924,7648.224699817875,4046.057724839742,7174.520701401971,4503.602472630779,2,7648.224699817874,"[""C000"", ""C001"", ""C002"", ""R000"", ""R005""]",5,0.0,-473.7039984159037,3144.622227187096,827.4274536713386,7.397056084926279,,-145.6234272821439,0.6666666666666666,1,8361.395091807444,3,0.8361395091807444,0.0,5243.308081123407,optimal,2171.5713462336134,0.0,1,3757.628210474827,2905.7096655795967,1698.05721575302,8361.395091807444,5243.308081123407,1,8361.395091807444,"[""C000"", ""C001"", ""C002"", ""L026"", ""R000""]",5,0.0,3118.087010684037,946.5156644504237,10000.000000000002,aligned,739.705608492628,"[""R005""]","[""C000"", ""C001"", ""C002"", ""R000""]",713.1703919895699,0.07397056084926279,31015,1,1,4,dispersed,0.16666666666666666,0.6666666666666666,1222.724683869614,254.7253041656866,815.1497892464096,0.16666666666666666,119.0882107790851
0.0,"[""C000"", ""C001"", ""C002"", ""L000""]",3146.4461951009234,controlled:aligned:dispersed:r016,6230.783296476091,0,0.6230783296476091,0.0,3260.86130975363,optimal,2084.7582242318476,0,2769.906174407241,2168.949034350657,1291.9280877181932,6230.783296476091,3693.5666124838035,6737.624729175487,3260.86130975363,7,6230.783296476091,"[""R000"", ""R001"", ""R002"", ""R003"", ""R005"", ""R007"", ""R008""]",7,0.0,506.84143269939614,2969.921986722461,885.1637624906134,15.296058914113237,600.0,131.3800521704302,0.09090909090909091,1,7936.913396265876,3,0.7936913396265877,0.0,4790.467201164954,optimal,2216.138276402278,0.0,1,3554.1406643389023,2700.7192705655716,1682.0534613614027,7936.913396265877,4790.467201164954,1,7936.913396265877,"[""C000"", ""C001"", ""C002"", ""L000"", ""R000""]",5,0.0,3146.4461951009234,930.3079186986456,10000.0,aligned,1529.6058914113237,"[""R001"", ""R002"", ""R003"", ""R005"", ""R007"", ""R008""]","[""R000""]",1706.130099789786,0.15296058914113236,31016,4,6,1,dispersed,0.16666666666666666,0.6666666666666666,1211.2604720560803,256.06766758803,807.5069813707203,0.16666666666666666,45.1441562080322
-1.1368683772161603e-13,"[""R001""]",3121.5823012967576,controlled:aligned:dispersed:r017,8384.418671062278,3,0.8384418671062278,0.0,5276.590666444205,optimal,2261.7452061964277,0,3707.793865841949,2938.191897380736,1738.4329078395924,8384.418671062278,3984.335148746971,6960.955858590041,5276.590666444205,2,8384.418671062278,"[""C000"", ""C001"", ""C002"", ""R000"", ""R008""]",5,0.0,-1423.4628124722367,3107.8280046180726,846.082798421645,0.6542828816775091,,0.0,0.6666666666666666,1,8463.601255908714,3,0.8463601255908714,0.0,5342.018954611956,optimal,2261.7452061964277,0.0,0,3759.3895241422547,3033.3719432587914,1670.8397885076688,8463.601255908714,5342.018954611956,2,8463.601255908714,"[""C000"", ""C001"", ""C002"", ""R000"", ""R001""]",5,0.0,3121.5823012967576,859.8370951003299,9999.999999999998,aligned,65.4282881677509,"[""R008""]","[""C000"", ""C001"", ""C002"", ""R000""]",79.18258484643593,0.006542828816775092,31017,1,1,4,dispersed,0.16666666666666666,0.6666666666666666,1195.518565129256,249.275464509614,797.0123767528371,0.16666666666666666,13.75429667868491
0.0,"[""C000"", ""C002""]",3108.0676772727065,controlled:aligned:dispersed:r018,7117.659099502629,1,0.7117659099502629,0.0,5244.416555935009,optimal,2169.0897201459975,1,3039.523250311615,2521.9508649978543,1556.1849841931592,7117.659099502629,4083.3911619868386,7191.458839259545,4018.068932059359,5,7117.659099502629,"[""C001"", ""L016"", ""R000"", ""R002"", ""R003"", ""R007"", ""R008""]",7,0.0,73.7997397569161,3099.59016744327,930.5004472972723,1.0689646194927442,,36.35256633458039,0.3333333333333333,1,8459.38069515699,3,0.8459380695156989,0.0,5351.313017884283,optimal,2205.442286480578,0.0,0,3775.6362183087886,3033.925152860195,1649.8193239880065,8459.38069515699,5351.313017884283,2,8459.38069515699,"[""C000"", ""C001"", ""C002"", ""R000"", ""R008""]",5,0.0,3108.0676772727065,902.6253907921285,10000.000000000002,aligned,1333.2440858249238,"[""L016"", ""R002"", ""R003"", ""R007""]","[""C001"", ""R000"", ""R008""]",1341.7215956543605,0.13332440858249237,31018,2,4,3,dispersed,0.16666666666666666,0.6666666666666666,1212.9239513760683,247.70603025213637,808.6159675840456,0.16666666666666666,-27.87505650514379
-7.958078640513122e-13,"[""L002""]",3088.7918647130737,controlled:aligned:dispersed:r019,8214.571070511409,3,0.8214571070511408,0.0,5125.779205798335,optimal,2243.265096049488,0,3661.2931650993114,2920.358677604309,1632.919227807788,8214.571070511409,3978.895967540054,6966.86213659545,5125.779205798335,2,8214.571070511409,"[""C000"", ""C001"", ""C002"", ""R000"", ""R008""]",5,0.0,-1247.7089339159593,3088.7918647130737,845.5267686635859,0.39377554360160505,,-148.45517576071006,0.6666666666666666,1,8106.0839322439415,3,0.8106083932243942,0.0,5165.156760158496,optimal,2094.809920288778,0.0,1,3492.4359728468226,2915.2387419388565,1698.4092174582618,8106.0839322439415,5165.156760158496,1,8106.083932243942,"[""C000"", ""C001"", ""C002"", ""L002"", ""R000""]",5,0.0,2940.9271720854463,846.1172517966683,10000.0,aligned,39.3775543601605,"[""R008""]","[""C000"", ""C001"", ""C002"", ""R000""]",-108.48713826746643,0.00393775543601605,31019,1,1,4,dispersed,0.16666666666666666,0.6666666666666666,1208.1672328068978,247.92581730263677,805.444821871265,0.16666666666666666,0.5904831330823299
0.0,"[""C001"", ""C002"", ""R006""]",3129.0924056522567,controlled:disjoint:clustered:r000,3064.997156299426,1,0.30649971562994266,0.0,1018.0084032760856,optimal,2074.8222658861396,0,892.9168460424271,1410.0391665834104,762.0411436735886,0.0,4040.1067246641232,7020.748669253548,595.3739321639687,5,3064.997156299426,"[""C000"", ""R000"", ""R002"", ""R004"", ""R005"", ""R008""]",6,0.0,3955.7515129541216,2469.6232241354573,394.8009582493176,0.8719686364216978,,581.1133730867336,0.3333333333333333,1,4230.117499750231,3,0.4230117499750232,0.0,1105.2052669182553,optimal,2655.935638972873,0.0,0,1856.497589604624,1410.0391665834104,963.5807435621969,0.0,1105.2052669182553,3,4230.117499750231,"[""C000"", ""C001"", ""C002"", ""R000"", ""R005"", ""R006""]",6,0.0,3124.912232831976,468.9765938591025,10000.0,disjoint,509.8313347542867,"[""R002"", ""R004"", ""R008""]","[""C000"", ""R000"", ""R005""]",1165.1203434508052,0.05098313347542867,31000,3,3,3,clustered,0.16666666666666666,0.6666666666666666,1190.215090208221,255.0200566230857,793.4767268054807,0.16666666666666666,74.17563560978488
-1.1368683772161603e-13,"[""C001"", ""C002""]",3090.074734024507,controlled:disjoint:clustered:r001,3203.367413655465,1,0.3203367413655465,0.0,1139.1245798160294,optimal,2081.043299519518,0,884.3897205728226,884.3897205728226,1434.5879725098196,0.0,3753.5920191604164,6683.90224988222,713.2747948751744,5,3203.367413655465,"[""C000"", ""R000"", ""R002"", ""R004"", ""R005"", ""R007""]",6,0.0,3480.5348362267546,2490.0926187802906,409.049319260773,0.7839029840856392,,536.431519077531,0.5,1,4303.763917529459,3,0.4303763917529459,0.0,1217.5148782245933,optimal,2617.474818597049,0.0,0,1876.7828327962309,1434.5879725098198,992.3931122234083,0.0,1217.5148782245933,3,4303.763917529459,"[""C000"", ""C001"", ""C002"", ""R000"", ""R002"", ""R007""]",6,0.0,3086.2490393048656,468.7742207078169,10000.0,disjoint,504.2400833494189,"[""R004"", ""R005""]","[""C000"", ""R000"", ""R002"", ""R007""]",1100.3965038739939,0.05042400833494189,31001,2,2,4,clustered,0.16666666666666666,0.6666666666666666,1200.8863378605213,250.88364102643567,800.5908919070143,0.16666666666666666,59.72490144704386
0.0,"[""C002"", ""R003"", ""R008""]",3102.055704303767,controlled:disjoint:clustered:r002,3593.67449621359,2,0.35936744962135897,0.0,1328.050784202495,optimal,2213.8969587069714,1,1496.321872116707,420.8690895878815,1676.4835345090014,0.0,3665.3218366645656,6662.417321795724,963.3989463006042,3,3593.67449621359,"[""C000"", ""C001"", ""L005"", ""R000"", ""R002"", ""R005""]",6,0.0,3068.742825582134,2630.2755499129858,416.3785912060142,0.4806794244873936,,412.9752465288552,0.3333333333333333,1,4478.174430955,3,0.44781744309550003,0.0,1376.1187266512343,optimal,2626.8722052358266,0.0,0,1906.3997763094678,1496.3218721167073,1075.4527825288258,0.0,1376.1187266512343,3,4478.174430955001,"[""C000"", ""C001"", ""C002"", ""R002"", ""R003"", ""R008""]",6,0.0,3102.055704303767,475.18349906794026,10000.0,disjoint,412.7197803506301,"[""L005"", ""R000"", ""R005""]","[""C000"", ""C001"", ""R002""]",884.4999347414114,0.04127197803506301,31002,3,3,3,clustered,0.16666666666666666,0.6666666666666666,1231.6491787143798,250.43476110309408,821.0994524762534,0.16666666666666666,58.80490786192604
-5.684341886080802e-14,"[""C000"", ""R002"", ""R005""]",3033.1907904758,controlled:disjoint:clustered:r003,3551.901497213772,2,0.3551901497213772,0.0199824680842192,919.3611799266582,time_limit,2229.0534226119116,0,1380.47983274864,1380.47983274864,790.9418317164916,0.0,4085.000221586527,7118.191012062327,919.3611799266582,4,3551.901497213772,"[""C001"", ""C002"", ""R000"", ""R006"", ""R007"", ""R008""]",6,0.0,3566.289514848555,2632.540317287114,403.4868946752024,3.458062798232549,600.0,199.0811439750314,0.3333333333333333,1,4141.43949824592,3,0.41414394982459196,0.0,1265.1674597499132,optimal,2428.134566586943,0.0,0,1826.4242005174056,1380.47983274864,934.5354649798747,0.0,1265.1674597499132,3,4141.43949824592,"[""C000"", ""C001"", ""C002"", ""R002"", ""R005"", ""R006""]",6,0.0,2876.2720384960066,448.1374719090638,10000.000000000002,disjoint,345.80627982325495,"[""R000"", ""R007"", ""R008""]","[""C001"", ""C002"", ""R006""]",589.5380010321478,0.03458062798232549,31003,3,3,3,clustered,0.16666666666666666,0.6666666666666666,1179.4575796221752,239.13630848664283,786.3050530814508,0.16666666666666666,44.650577233861384
1.7053025658242404e-13,"[""R004"", ""R006""]",3147.03955444787,controlled:disjoint:clustered:r004,3819.9396414273015,3,0.3819939641427301,0.0,999.8611193742795,optimal,2220.4112849838993,0,1423.5141422535094,972.9113569202827,1423.5141422535096,0.0,4093.5292367910565,7049.833985492981,1198.821262041265,2,3819.9396414273024,"[""C000"", ""C001"", ""C002"", ""R000"", ""R005""]",5,0.0,3229.8943440656794,2621.1183793860373,400.70709440213784,2.7800542206944154,,314.7109613576922,0.5714285714285714,1,4270.5424267605285,3,0.42705424267605285,0.0,1277.866541443721,optimal,2535.1222463415916,0.0,0,2324.719712919963,972.9113569202827,972.9113569202829,0.0,1277.866541443721,3,4270.5424267605285,"[""C000"", ""C001"", ""C002"", ""R000"", ""R004"", ""R006""]",6,0.0,2992.6758853168076,457.5536389752161,9999.999999999998,disjoint,79.04527940245589,"[""R005""]","[""C000"", ""C001"", ""C002"", ""R000""]",450.60278533322617,0.007904527940245591,31004,2,1,4,clustered,0.16666666666666666,0.6666666666666666,1193.670872933438,250.24140776453916,795.7805819556252,0.16666666666666666,56.84654457307823
2.2737367544323206e-13,"[""C000"", ""C002"", ""R006""]",3107.586267554692,controlled:disjoint:clustered:r005,3074.379833977485,1,0.30743798339774847,0.0,909.3110418106494,optimal,2105.383804156154,0,1374.7114059297312,1288.1595698647434,411.50885818301,0.0,3591.836292567013,6525.520933370492,579.8255763070456,5,3074.379833977485,"[""C001"", ""R000"", ""R002"", ""R003"", ""R005"", ""R007""]",6,0.0,3451.1410993930067,2494.5542576704393,389.1704535142852,0.2891187785485681,,227.94863696383345,0.2222222222222222,1,3694.7476945009457,3,0.36947476945009455,0.0,938.2229196655062,optimal,2333.3324411199874,0.0,0,1804.097929217979,945.3248826414831,945.3248826414834,0.0,938.2229196655062,2,3694.7476945009457,"[""C000"", ""C001"", ""C002"", ""R002"", ""R006""]",5,0.0,2756.5247748354395,423.19233371545226,10000.0,disjoint,358.3973433584606,"[""R000"", ""R003"", ""R005"", ""R007""]","[""C001"", ""R002""]",620.3678605234609,0.03583973433584606,31005,3,4,2,clustered,0.16666666666666666,0.6666666666666666,1183.4536602375867,252.0583752462025,788.9691068250577,0.16666666666666666,34.02188020116705
1.1368683772161603e-13,"[""R000"", ""R002"", ""R008""]",3080.4357197212544,controlled:disjoint:clustered:r006,3990.0604611199933,3,0.39900604611199925,0.0,1336.3212610563037,optimal,2217.5655788794647,0,1055.1034012229813,1467.478529948506,1467.478529948506,0.0,3877.4374473905405,6830.602390643331,1336.3212610563037,2,3990.0604611199933,"[""C000"", ""C001"", ""C002"", ""R005"", ""R007""]",5,0.0,2840.541929523338,2653.7392000636896,436.173621184225,0.5203085860300372,,309.14201946740695,0.375,1,4402.435589845518,3,0.4402435589845517,0.0,1388.3521196593074,optimal,2526.7075983468717,0.0,0,1879.8536586740306,1467.478529948506,1055.1034012229816,0.0,1388.3521196593074,3,4402.435589845518,"[""C000"", ""C001"", ""C002"", ""R000"", ""R002"", ""R008""]",6,0.0,3014.0834701862104,487.37587183933897,9999.999999999998,disjoint,52.03085860300371,"[""R005"", ""R007""]","[""C000"", ""C001"", ""C002""]",412.3751287255245,0.005203085860300371,31006,3,2,3,clustered,0.16666666666666666,0.6666666666666666,1224.112370823327,246.12442903923758,816.0749138822175,0.16666666666666666,51.20225065511397
2.2737367544323206e-13,"[""C000""]",3160.18169672085,controlled:disjoint:clustered:r007,3466.3158452542184,2,0.34663158452542187,0.0077359973675525575,763.231383709232,time_limit,2258.9448644313775,1,1867.6933265479886,1416.8351444285177,181.7873742777117,0.0,4146.773789354881,7253.774754189631,804.4492006258688,3,3466.3158452542184,"[""C001"", ""C002"", ""L024"", ""R000"", ""R006"", ""R008""]",6,0.0,3787.458908935412,2661.8666446283496,402.921780196972,3.6071580302547677,600.0,404.3295329621278,0.7142857142857143,1,4250.5054332855525,3,0.42505054332855524,0.0,1123.9471867347088,optimal,2663.2743973935053,0.0,0,1867.6933265479886,1416.8351444285177,965.9769623090469,0.0,1123.9471867347088,3,4250.505433285553,"[""C000"", ""C001"", ""C002"", ""R000"", ""R006"", ""R008""]",6,0.0,3126.5582465508446,463.28384915733943,10000.0,disjoint,319.49798610884,"[""L024""]","[""C001"", ""C002"", ""R000"", ""R006"", ""R008""]",784.189588031335,0.031949798610884,31007,1,1,5,clustered,0.16666666666666666,0.6666666666666666,1191.10257863298,254.79957876382807,794.0683857553203,0.16666666666666666,60.362068960367424
0.0,"[""C000"", ""C002"", ""R004"", ""R007""]",3060.283746847549,controlled:disjoint:clustered:r008,3165.7615795801503,1,0.316576157958015,0.018628075848839392,824.0369743651472,time_limit,2185.606407523362,1,1461.2267722414208,857.3735411408334,847.161266197896,0.0,4079.6894461372312,7139.97319298478,588.8148472043126,5,3165.7615795801503,"[""C001"", ""L003"", ""R000"", ""R002"", ""R005"", ""R006"", ""R008""]",7,0.0,3974.21161340463,2576.9467323758377,391.34032485247565,5.616039747137906,600.0,337.344422764977,0.18181818181818182,1,4383.680316724263,3,0.43836803167242633,0.0,1385.6409490789379,optimal,2522.950830288339,0.0,0,1889.9135428118375,1461.2267722414208,1032.5400016710043,0.0,1385.6409490789379,3,4383.680316724262,"[""C000"", ""C001"", ""C002"", ""R002"", ""R004"", ""R007""]",6,0.0,2998.0393676453245,475.0885373569855,10000.000000000002,disjoint,796.8261018746252,"[""L003"", ""R000"", ""R005"", ""R006"", ""R008""]","[""C001"", ""R002""]",1217.9187371441121,0.0796826101874625,31008,4,5,2,clustered,0.16666666666666666,0.6666666666666666,1215.755556174446,246.89477991076268,810.5037041162975,0.16666666666666666,83.74821250450987
1.1368683772161603e-13,"[""C000"", ""C002""]",3128.2011471337855,controlled:disjoint:clustered:r009,3363.5484000241267,1,0.33635484000241267,0.0,1233.2475537003766,optimal,2232.1381969630374,1,863.4147593681947,1636.7188812877373,863.4147593681945,0.0,3735.936372104399,6864.137519238184,690.759533613229,5,3363.5484000241263,"[""C001"", ""L016"", ""R000"", ""R002"", ""R006"", ""R007"", ""R008""]",7,0.0,3500.589119214057,2672.7888664108973,440.65066944785974,0.6847087448262436,,358.2421870858734,0.4444444444444444,1,4364.738545860284,3,0.4364738545860284,0.0,1301.718428183001,optimal,2590.380384048911,0.0,0,1886.620228304192,1454.912848620095,1023.2054689359974,0.0,1301.718428183001,3,4364.738545860285,"[""C000"", ""C001"", ""C002"", ""R000"", ""R007"", ""R008""]",6,0.0,3063.020117677284,472.63973362837305,10000.000000000002,disjoint,610.9588945697719,"[""L016"", ""R002"", ""R006""]","[""C001"", ""R000"", ""R007"", ""R008""]",1001.1901458361585,0.06109588945697718,31009,2,3,4,clustered,0.16666666666666666,0.6666666666666666,1212.298321828147,251.4732073721848,808.1988812187649,0.16666666666666666,31.98906418051331
0.0,"[""C000"", ""C001"", ""C002"", ""R006""]",3069.5015047574316,controlled:disjoint:clustered:r010,3068.565541281763,0,0.30685655412817625,0.0,1236.3668214902546,optimal,2147.1922619095676,0,876.7330117947894,876.7330117947894,1315.0995176921842,0.0,3719.535414469746,6789.036919227178,502.00524880195053,7,3068.565541281763,"[""R000"", ""R001"", ""R002"", ""R003"", ""R005"", ""R007"", ""R008""]",7,0.0,3720.471377945415,2566.5602924798127,419.3680305702452,0.006908301022658632,,171.6620894433927,0.09090909090909091,1,3954.5901216644656,3,0.39545901216644647,0.0,1237.0576515925204,optimal,2318.8543513529603,0.0,0,1902.6853817513481,1025.9523699565584,1025.9523699565586,0.0,1237.0576515925204,2,3954.590121664465,"[""C000"", ""C001"", ""C002"", ""R006"", ""R007""]",5,0.0,2717.5324700719448,398.6781187189846,10000.000000000002,disjoint,735.0524027905699,"[""R000"", ""R001"", ""R002"", ""R003"", ""R005"", ""R008""]","[""R007""]",886.024580382702,0.07350524027905697,31010,4,6,1,clustered,0.16666666666666666,0.6666666666666666,1213.315692576503,248.18632092430062,808.8771283843355,0.16666666666666666,-20.689911851260604
0.0,"[""C000"", ""C001"", ""C002""]",3127.9720047925307,controlled:disjoint:clustered:r011,3016.1889100964972,0,0.3016188910096497,0.0,444.4497990343293,optimal,2153.0137679617383,0,861.7682600275705,861.7682600275705,1292.6523900413558,0.0,3625.6897136407715,6702.642022436659,444.4497990343293,7,3016.188910096497,"[""R000"", ""R001"", ""R002"", ""R005"", ""R006"", ""R007"", ""R008""]",7,0.0,3686.453112340162,2571.7391110621675,418.7253431004291,8.143963041821152,,199.03138416526963,0.2,1,4063.118852689102,3,0.4063118852689102,0.0,1258.8461032164446,optimal,2352.045152127008,0.0,0,1928.885124248081,1067.1168642205105,1067.1168642205103,0.0,1258.8461032164446,2,4063.118852689102,"[""C000"", ""C001"", ""C002"", ""R000"", ""R002""]",5,0.0,2804.2727494726573,452.2275973456493,10000.0,disjoint,814.3963041821153,"[""R001"", ""R005"", ""R006"", ""R007"", ""R008""]","[""R000"", ""R002""]",1046.9299425926051,0.08143963041821153,31011,3,5,2,clustered,0.16666666666666666,0.6666666666666666,1228.5618015631524,254.35467920492698,819.0412010421014,0.16666666666666666,33.50225424522023
2.2737367544323206e-13,"[""C000"", ""C002"", ""R001""]",3087.5206840755814,controlled:disjoint:clustered:r012,2890.156455978689,1,0.2890156455978689,0.0,834.0321371228779,optimal,2069.802391849157,0,881.8554868937955,1829.9817338668386,178.31923521805487,0.0,3684.005704971025,6610.318490547834,452.16936946118767,5,2890.156455978689,"[""C001"", ""R000"", ""R002"", ""R003"", ""R006"", ""R008""]",6,0.0,3720.162034569145,2437.987086517501,368.18469466834404,3.0011748717048787,,490.6183820120814,0.3333333333333333,1,4167.161971259822,3,0.41671619712598224,0.0,1134.1496242933658,optimal,2560.4207738612386,0.0,0,1389.0539904199406,1829.9817338668386,948.1262469730427,0.0,1134.1496242933658,3,4167.161971259822,"[""C000"", ""C001"", ""C002"", ""R000"", ""R001"", ""R002""]",6,0.0,3033.0123469664563,472.59157310521795,10000.000000000002,disjoint,681.9802548321782,"[""R003"", ""R006"", ""R008""]","[""C001"", ""R000"", ""R002""]",1277.0055152811333,0.06819802548321781,31012,3,3,3,clustered,0.16666666666666666,0.6666666666666666,1184.4912025826081,248.3710640735709,789.6608017217391,0.16666666666666666,104.40687843687391
-1.1368683772161603e-13,"[""R007""]",3132.5871844018884,controlled:disjoint:clustered:r013,3886.1343229594727,3,0.38861343229594725,0.0,1187.4510231624918,optimal,2290.062652886031,0,1852.2444623895526,1016.9449302849602,1016.9449302849599,0.0,3973.9193472061766,6997.730035879795,1187.4510231624918,2,3886.1343229594727,"[""C000"", ""C001"", ""C002"", ""R000"", ""R008""]",5,0.0,3111.595712920322,2698.683299796981,408.62064691094963,0.5140911158206563,,307.9430774927446,0.8333333333333334,1,4303.7840890117695,3,0.43037840890117696,0.0,1238.8601347445574,optimal,2598.0057303787758,0.0,0,2269.894228441849,1016.9449302849602,1016.9449302849599,0.0,1238.8601347445574,3,4303.7840890117695,"[""C000"", ""C001"", ""C002"", ""R000"", ""R007"", ""R008""]",6,0.0,3064.923954267212,466.91822388843616,10000.000000000002,disjoint,51.409111582065634,[],"[""C000"", ""C001"", ""C002"", ""R000"", ""R008""]",417.64976605229685,0.005140911158206562,31013,1,0,5,clustered,0.16666666666666666,0.6666666666666666,1209.9796038092445,252.20123470018189,806.6530692061631,0.16666666666666666,58.29757697748653
1.1368683772161603e-13,"[""C000"", ""R004""]",3137.7698450342723,controlled:disjoint:clustered:r014,3535.074209315244,2,0.3535074209315244,0.0,1131.461546289103,optimal,2292.4207588988334,1,2071.974779997212,1036.1390655712132,426.96036374681876,0.0,3553.1586328632543,6649.725906618213,824.5456070624273,3,3535.074209315244,"[""C001"", ""C002"", ""L027"", ""R000"", ""R007"", ""R008""]",6,0.0,3114.6516973029693,2710.5286022528167,418.1078433539833,0.0008443322977291244,,113.2082077895825,0.375,1,3962.337924207278,3,0.39623379242072776,0.0,1131.5459795188758,optimal,2405.628966688416,0.0,0,1463.0994293180322,1463.099429318032,1036.1390655712132,0.0,1131.5459795188758,2,3962.337924207278,"[""C000"", ""C001"", ""C002"", ""R000"", ""R004""]",5,0.0,2830.791944688402,425.1629779999863,10000.000000000002,disjoint,307.00037245644853,"[""L027"", ""R007"", ""R008""]","[""C001"", ""C002"", ""R000""]",427.26371489203393,0.030700037245644848,31014,2,3,3,clustered,0.16666666666666666,0.6666666666666666,1217.0885428041527,256.9866018890409,811.3923618694355,0.16666666666666666,7.055134646003012
0.0,"[""R004"", ""R007"", ""R008""]",3144.622227187096,controlled:disjoint:clustered:r015,4010.5256882509125,3,0.40105256882509127,0.0,1236.3843166068045,optimal,2317.1947735157573,0,1479.584520901477,1479.584520901477,1051.3566464479586,0.0,4046.057724839742,7174.520701401971,1236.3843166068045,2,4010.525688250913,"[""C000"", ""C001"", ""C002"", ""R000"", ""R005""]",5,0.0,3163.995013151058,2774.1413716441084,456.9465981283513,0.6106282432342959,,308.8724483732558,0.375,1,4438.753562704431,3,0.44387535627044306,0.0,1297.4471409302341,optimal,2626.067221889013,0.0,0,1907.8123953549955,1479.584520901477,1051.3566464479586,0.0,1297.4471409302341,3,4438.753562704431,"[""C000"", ""C001"", ""C002"", ""R004"", ""R007"", ""R008""]",6,0.0,3141.3064217741967,515.2391998851838,10000.000000000002,disjoint,61.062824323429595,"[""R000"", ""R005""]","[""C000"", ""C001"", ""C002""]",428.22787445351787,0.0061062824323429585,31015,3,2,3,clustered,0.16666666666666666,0.6666666666666666,1222.724683869614,254.7253041656866,815.1497892464096,0.16666666666666666,58.29260175683248
0.0,"[""C000"", ""C001"", ""C002""]",3146.4461951009234,controlled:disjoint:clustered:r016,2851.319549951004,0,0.2851319549951004,0.0,358.93666724729655,optimal,2084.7582242318476,0,1299.3990549124153,433.13301830413843,1118.78747673445,0.0,3693.5666124838035,6737.624729175487,358.93666724729655,7,2851.319549951004,"[""R000"", ""R001"", ""R002"", ""R003"", ""R005"", ""R007"", ""R008""]",7,0.0,3886.3051792244833,2492.3828827037073,407.6246584718596,7.5276521435092905,600.0,265.799516244952,0.2,1,3927.475860262526,3,0.3927475860262526,0.0,1111.7018815982256,optimal,2350.5577404767996,0.0,0,1886.6693111596933,1020.4032745514164,1020.4032745514165,0.0,1111.7018815982256,2,3927.475860262526,"[""C000"", ""C001"", ""C002"", ""R000"", ""R008""]",5,0.0,2815.7739786643006,465.21623818750084,10000.0,disjoint,752.765214350929,"[""R001"", ""R002"", ""R003"", ""R005"", ""R007""]","[""R000"", ""R008""]",1076.1563103115222,0.0752765214350929,31016,3,5,2,clustered,0.16666666666666666,0.6666666666666666,1211.2604720560803,256.06766758803,807.5069813707203,0.16666666666666666,57.59157971564122
1.7053025658242404e-13,"[""R002"", ""R005""]",3121.5823012967576,controlled:disjoint:clustered:r017,3813.2863213526243,3,0.3813286321352624,0.0,1158.572298583464,optimal,2261.7452061964277,0,1417.6930977518166,977.900125848991,1417.6930977518166,0.0,3984.335148746971,6960.955858590041,1158.572298583464,2,3813.286321352624,"[""C000"", ""C001"", ""C002"", ""R000"", ""R008""]",5,0.0,3147.669537237417,2654.71402276916,392.96881657273184,0.6284495779814961,,317.2060923412996,0.5714285714285714,1,4253.0792932554505,3,0.42530792932554506,0.0,1221.4172563816137,optimal,2578.9512985377273,0.0,0,1857.486069654642,1417.6930977518166,977.9001258489909,0.0,1221.4172563816137,3,4253.07929325545,"[""C000"", ""C001"", ""C002"", ""R002"", ""R005"", ""R008""]",6,0.0,3031.662036873836,452.7107383361085,9999.999999999998,disjoint,62.84495779814961,"[""R000""]","[""C000"", ""C001"", ""C002"", ""R008""]",439.7929719028257,0.006284495779814962,31017,2,1,4,clustered,0.16666666666666666,0.6666666666666666,1195.518565129256,249.27546450961395,797.0123767528371,0.16666666666666666,59.74192176337664
4.547473508864641e-13,"[""C000"", ""C002""]",3108.0676772727065,controlled:disjoint:clustered:r018,3397.1185766332574,1,0.33971185766332573,0.0,1314.0670438646334,optimal,2169.0897201459975,1,1315.346398091045,438.4487993636817,1643.323379178531,0.0,4083.3911619868386,7191.458839259545,776.624184744177,5,3397.1185766332574,"[""C001"", ""L016"", ""R000"", ""R002"", ""R003"", ""R007"", ""R008""]",7,0.0,3794.3402626262878,2620.4943918890804,451.40467174308264,0.8415084151933295,,329.56906119285077,0.4444444444444444,1,4390.030404237201,3,0.43900304042372007,0.0,1398.2178853839664,optimal,2498.6587813388483,0.0,0,2340.24106680643,1024.894668715385,1024.8946687153848,0.0,1398.2178853839664,3,4390.0304042372,"[""C000"", ""C001"", ""C002"", ""R000"", ""R007"", ""R008""]",6,0.0,2991.8125188532335,493.15373751438545,10000.000000000002,disjoint,621.5937006397894,"[""L016"", ""R002"", ""R003""]","[""C001"", ""R000"", ""R007"", ""R008""]",992.9118276039426,0.06215937006397893,31018,2,3,4,clustered,0.16666666666666666,0.6666666666666666,1212.9239513760683,247.70603025213637,808.6159675840457,0.16666666666666666,41.74906577130281
-2.2737367544323206e-13,"[""R002""]",3088.7918647130737,controlled:disjoint:clustered:r019,3891.943415483752,3,0.3891943415483752,0.0,1233.7991960472418,optimal,2243.265096049488,0,1439.9459434525643,1439.945943452564,1012.0515285786234,0.0,3978.895967540054,6966.86213659545,1233.7991960472418,2,3891.9434154837513,"[""C000"", ""C001"", ""C002"", ""R000"", ""R008""]",5,0.0,3074.918721111698,2658.1442194365095,414.8791233870216,0.565584556878207,,307.75859419434573,0.8333333333333334,1,4319.837830357692,3,0.4319837830357692,0.0,1290.3576517350625,optimal,2551.0236902438337,0.0,0,1867.8403583265047,1439.945943452564,1012.0515285786234,0.0,1290.3576517350625,3,4319.837830357692,"[""C000"", ""C001"", ""C002"", ""R000"", ""R002"", ""R008""]",6,0.0,3029.4801786226294,478.45648837879554,10000.0,disjoint,56.5584556878207,[],"[""C000"", ""C001"", ""C002"", ""R000"", ""R008""]",427.8944148739406,0.00565584556878207,31019,1,0,5,clustered,0.16666666666666666,0.6666666666666666,1208.1672328068978,247.92581730263677,805.444821871265,0.16666666666666666,63.57736499177395
0.0,"[""C001"", ""C002"", ""R006""]",3129.0924056522567,controlled:disjoint:dispersed:r000,3064.997156299426,1,0.30649971562994266,0.0,1018.0084032760856,optimal,2074.8222658861396,0,892.9168460424271,1410.0391665834104,762.0411436735886,0.0,4040.1067246641232,7020.748669253548,595.3739321639687,5,3064.997156299426,"[""C000"", ""R000"", ""R002"", ""R004"", ""R005"", ""R008""]",6,0.0,3955.7515129541216,2469.6232241354573,394.8009582493176,0.8719686364216978,,581.1133730867336,0.3333333333333333,1,4230.117499750231,3,0.4230117499750232,0.0,1105.2052669182553,optimal,2655.935638972873,0.0,0,1856.497589604624,1410.0391665834104,963.5807435621969,0.0,1105.2052669182553,3,4230.117499750231,"[""C000"", ""C001"", ""C002"", ""R000"", ""R005"", ""R006""]",6,0.0,3124.912232831976,468.9765938591025,10000.0,disjoint,509.8313347542867,"[""R002"", ""R004"", ""R008""]","[""C000"", ""R000"", ""R005""]",1165.1203434508052,0.05098313347542867,31000,3,3,3,dispersed,0.16666666666666666,0.6666666666666666,1190.215090208221,255.0200566230857,793.4767268054807,0.16666666666666666,74.17563560978488
-1.1368683772161603e-13,"[""C001"", ""C002""]",3090.074734024507,controlled:disjoint:dispersed:r001,3203.367413655465,1,0.3203367413655465,0.0,1139.1245798160294,optimal,2081.043299519518,0,884.3897205728226,884.3897205728226,1434.5879725098196,0.0,3753.5920191604164,6683.90224988222,713.2747948751744,5,3203.367413655465,"[""C000"", ""R000"", ""R002"", ""R004"", ""R005"", ""R007""]",6,0.0,3480.5348362267546,2490.0926187802906,409.049319260773,0.7839029840856392,,536.431519077531,0.5,1,4303.763917529459,3,0.4303763917529459,0.0,1217.5148782245933,optimal,2617.474818597049,0.0,0,1876.7828327962309,1434.5879725098198,992.3931122234083,0.0,1217.5148782245933,3,4303.763917529459,"[""C000"", ""C001"", ""C002"", ""R000"", ""R002"", ""R007""]",6,0.0,3086.2490393048656,468.7742207078169,10000.0,disjoint,504.2400833494189,"[""R004"", ""R005""]","[""C000"", ""R000"", ""R002"", ""R007""]",1100.3965038739939,0.05042400833494189,31001,2,2,4,dispersed,0.16666666666666666,0.6666666666666666,1200.8863378605213,250.88364102643567,800.5908919070143,0.16666666666666666,59.72490144704386
-2.8421709430404007e-13,"[""C002"", ""R003"", ""R008""]",3102.055704303767,controlled:disjoint:dispersed:r002,3593.67449621359,2,0.35936744962135897,0.0,1328.050784202495,optimal,2213.8969587069714,1,1496.321872116707,420.8690895878815,1676.4835345090014,0.0,3665.3218366645656,6662.417321795724,963.3376117536422,3,3593.67449621359,"[""C000"", ""C001"", ""L005"", ""R000"", ""R002"", ""R005""]",6,0.0,3068.742825582134,2630.3368844599477,416.4399257529764,0.4806794244873936,,412.9752465288552,0.3333333333333333,1,4478.174430955,3,0.44781744309550003,0.0,1376.1187266512343,optimal,2626.8722052358266,0.0,0,1906.3997763094678,1496.3218721167073,1075.4527825288258,0.0,1376.1187266512343,3,4478.174430955001,"[""C000"", ""C001"", ""C002"", ""R002"", ""R003"", ""R008""]",6,0.0,3102.055704303767,475.18349906794026,10000.0,disjoint,412.78111489759203,"[""L005"", ""R000"", ""R005""]","[""C000"", ""C001"", ""R002""]",884.4999347414114,0.041278111489759205,31002,3,3,3,dispersed,0.16666666666666666,0.6666666666666666,1231.6491787143798,250.43476110309408,821.0994524762534,0.16666666666666666,58.74357331496384
-5.684341886080802e-14,"[""C000"", ""R002"", ""R005""]",3033.1907904758,controlled:disjoint:dispersed:r003,3551.901497213772,2,0.3551901497213772,0.0196496299174878,919.3611799266582,time_limit,2229.0534226119116,0,1380.47983274864,1380.47983274864,790.9418317164916,0.0,4085.000221586527,7118.191012062327,919.3611799266582,4,3551.901497213772,"[""C001"", ""C002"", ""R000"", ""R006"", ""R007"", ""R008""]",6,0.0,3566.289514848555,2632.540317287114,403.4868946752024,3.458062798232549,600.0,199.0811439750314,0.3333333333333333,1,4141.43949824592,3,0.41414394982459196,0.0,1265.1674597499132,optimal,2428.134566586943,0.0,0,1826.4242005174056,1380.47983274864,934.5354649798747,0.0,1265.1674597499132,3,4141.43949824592,"[""C000"", ""C001"", ""C002"", ""R002"", ""R005"", ""R006""]",6,0.0,2876.2720384960066,448.1374719090638,10000.000000000002,disjoint,345.80627982325495,"[""R000"", ""R007"", ""R008""]","[""C001"", ""C002"", ""R006""]",589.5380010321478,0.03458062798232549,31003,3,3,3,dispersed,0.16666666666666666,0.6666666666666666,1179.4575796221752,239.13630848664283,786.3050530814508,0.16666666666666666,44.650577233861384
1.7053025658242404e-13,"[""R004"", ""R006""]",3147.03955444787,controlled:disjoint:dispersed:r004,3819.9396414273015,3,0.3819939641427301,0.0,999.8611193742795,optimal,2220.4112849838993,0,1423.5141422535094,972.9113569202827,1423.5141422535096,0.0,4093.5292367910565,7049.833985492981,1198.821262041265,2,3819.9396414273024,"[""C000"", ""C001"", ""C002"", ""R000"", ""R005""]",5,0.0,3229.8943440656794,2621.1183793860373,400.70709440213784,2.7800542206944154,,314.7109613576922,0.5714285714285714,1,4270.5424267605285,3,0.42705424267605285,0.0,1277.866541443721,optimal,2535.1222463415916,0.0,0,2324.719712919963,972.9113569202827,972.9113569202829,0.0,1277.866541443721,3,4270.5424267605285,"[""C000"", ""C001"", ""C002"", ""R000"", ""R004"", ""R006""]",6,0.0,2992.6758853168076,457.5536389752161,9999.999999999998,disjoint,79.04527940245589,"[""R005""]","[""C000"", ""C001"", ""C002"", ""R000""]",450.60278533322617,0.007904527940245591,31004,2,1,4,dispersed,0.16666666666666666,0.6666666666666666,1193.670872933438,250.24140776453916,795.7805819556252,0.16666666666666666,56.84654457307823
2.2737367544323206e-13,"[""C000"", ""C002"", ""R006""]",3107.586267554692,controlled:disjoint:dispersed:r005,3074.379833977485,1,0.30743798339774847,0.0,909.3110418106494,optimal,2105.383804156154,0,1374.7114059297312,1288.1595698647434,411.50885818301,0.0,3591.836292567013,6525.520933370492,579.8255763070456,5,3074.379833977485,"[""C001"", ""R000"", ""R002"", ""R003"", ""R005"", ""R007""]",6,0.0,3451.1410993930067,2494.5542576704393,389.1704535142852,0.2891187785485681,,227.94863696383345,0.2222222222222222,1,3694.7476945009457,3,0.36947476945009455,0.0,938.2229196655062,optimal,2333.3324411199874,0.0,0,1804.097929217979,945.3248826414831,945.3248826414834,0.0,938.2229196655062,2,3694.7476945009457,"[""C000"", ""C001"", ""C002"", ""R002"", ""R006""]",5,0.0,2756.5247748354395,423.19233371545226,10000.0,disjoint,358.3973433584606,"[""R000"", ""R003"", ""R005"", ""R007""]","[""C001"", ""R002""]",620.3678605234609,0.03583973433584606,31005,3,4,2,dispersed,0.16666666666666666,0.6666666666666666,1183.4536602375867,252.0583752462025,788.9691068250577,0.16666666666666666,34.02188020116705
1.1368683772161603e-13,"[""R000"", ""R002"", ""R008""]",3080.4357197212544,controlled:disjoint:dispersed:r006,3990.0604611199933,3,0.39900604611199925,0.0,1336.3212610563037,optimal,2217.5655788794647,0,1055.1034012229813,1467.478529948506,1467.478529948506,0.0,3877.4374473905405,6830.602390643331,1336.3212610563037,2,3990.0604611199933,"[""C000"", ""C001"", ""C002"", ""R005"", ""R007""]",5,0.0,2840.541929523338,2653.7392000636896,436.173621184225,0.5203085860300372,,309.14201946740695,0.375,1,4402.435589845518,3,0.4402435589845517,0.0,1388.3521196593074,optimal,2526.7075983468717,0.0,0,1879.8536586740306,1467.478529948506,1055.1034012229816,0.0,1388.3521196593074,3,4402.435589845518,"[""C000"", ""C001"", ""C002"", ""R000"", ""R002"", ""R008""]",6,0.0,3014.0834701862104,487.37587183933897,9999.999999999998,disjoint,52.03085860300371,"[""R005"", ""R007""]","[""C000"", ""C001"", ""C002""]",412.3751287255245,0.005203085860300371,31006,3,2,3,dispersed,0.16666666666666666,0.6666666666666666,1224.112370823327,246.12442903923758,816.0749138822175,0.16666666666666666,51.20225065511397
3.410605131648481e-13,"[""C000""]",3160.18169672085,controlled:disjoint:dispersed:r007,3466.315845254218,2,0.3466315845254218,0.0077359973675525575,763.0049741946164,time_limit,2258.9448644313775,1,1867.6933265479886,1416.8351444285177,181.7873742777117,0.0,4146.773789354881,7253.774754189631,804.2227911112527,3,3466.315845254218,"[""C001"", ""C002"", ""L024"", ""R000"", ""R006"", ""R008""]",6,0.0,3787.4589089354126,2662.0930541429652,403.1481897115875,3.609422125400924,600.0,404.3295329621278,0.7142857142857143,1,4250.5054332855525,3,0.42505054332855524,0.0,1123.9471867347088,optimal,2663.2743973935053,0.0,0,1867.6933265479886,1416.8351444285177,965.9769623090469,0.0,1123.9471867347088,3,4250.505433285553,"[""C000"", ""C001"", ""C002"", ""R000"", ""R006"", ""R008""]",6,0.0,3126.5582465508446,463.28384915733943,10000.0,disjoint,319.7243956234561,"[""L024""]","[""C001"", ""C002"", ""R000"", ""R006"", ""R008""]",784.1895880313355,0.031972439562345606,31007,1,1,5,dispersed,0.16666666666666666,0.6666666666666666,1191.10257863298,254.79957876382807,794.0683857553202,0.16666666666666666,60.13565944575191
0.0,"[""C000"", ""C002"", ""R004"", ""R007""]",3060.283746847549,controlled:disjoint:dispersed:r008,3165.7615795801503,1,0.316576157958015,0.01848762352500459,824.0369743651472,time_limit,2185.606407523362,1,1461.2267722414208,857.3735411408334,847.161266197896,0.0,4079.6894461372312,7139.97319298478,588.8148472043126,5,3165.7615795801503,"[""C001"", ""L003"", ""R000"", ""R002"", ""R005"", ""R006"", ""R008""]",7,0.0,3974.21161340463,2576.9467323758377,391.34032485247565,5.616039747137906,600.0,337.344422764977,0.18181818181818182,1,4383.680316724263,3,0.43836803167242633,0.0,1385.6409490789379,optimal,2522.950830288339,0.0,0,1889.9135428118375,1461.2267722414208,1032.5400016710043,0.0,1385.6409490789379,3,4383.680316724262,"[""C000"", ""C001"", ""C002"", ""R002"", ""R004"", ""R007""]",6,0.0,2998.0393676453245,475.0885373569855,10000.000000000002,disjoint,796.8261018746252,"[""L003"", ""R000"", ""R005"", ""R006"", ""R008""]","[""C001"", ""R002""]",1217.9187371441121,0.0796826101874625,31008,4,5,2,dispersed,0.16666666666666666,0.6666666666666666,1215.755556174446,246.89477991076268,810.5037041162975,0.16666666666666666,83.74821250450987
1.1368683772161603e-13,"[""C000"", ""C002""]",3128.2011471337855,controlled:disjoint:dispersed:r009,3363.5484000241267,1,0.33635484000241267,0.0,1233.2475537003766,optimal,2232.1381969630374,1,863.4147593681947,1636.7188812877373,863.4147593681945,0.0,3735.936372104399,6864.137519238184,690.759533613229,5,3363.5484000241263,"[""C001"", ""L016"", ""R000"", ""R002"", ""R006"", ""R007"", ""R008""]",7,0.0,3500.589119214057,2672.7888664108973,440.65066944785974,0.6847087448262436,,358.2421870858734,0.4444444444444444,1,4364.738545860284,3,0.4364738545860284,0.0,1301.718428183001,optimal,2590.380384048911,0.0,0,1886.620228304192,1454.912848620095,1023.2054689359974,0.0,1301.718428183001,3,4364.738545860285,"[""C000"", ""C001"", ""C002"", ""R000"", ""R007"", ""R008""]",6,0.0,3063.020117677284,472.63973362837305,10000.000000000002,disjoint,610.9588945697719,"[""L016"", ""R002"", ""R006""]","[""C001"", ""R000"", ""R007"", ""R008""]",1001.1901458361585,0.06109588945697718,31009,2,3,4,dispersed,0.16666666666666666,0.6666666666666666,1212.298321828147,251.47320737218473,808.1988812187649,0.16666666666666666,31.98906418051331
0.0,"[""C000"", ""C001"", ""C002"", ""R006""]",3069.5015047574316,controlled:disjoint:dispersed:r010,3068.565541281763,0,0.30685655412817625,0.0,1236.3668214902546,optimal,2147.1922619095676,0,876.7330117947894,876.7330117947894,1315.0995176921842,0.0,3719.535414469746,6789.036919227178,502.00524880195053,7,3068.565541281763,"[""R000"", ""R001"", ""R002"", ""R003"", ""R005"", ""R007"", ""R008""]",7,0.0,3720.471377945415,2566.5602924798127,419.3680305702452,0.006908301022658632,,171.6620894433927,0.09090909090909091,1,3954.5901216644656,3,0.39545901216644647,0.0,1237.0576515925204,optimal,2318.8543513529603,0.0,0,1902.6853817513481,1025.9523699565584,1025.9523699565586,0.0,1237.0576515925204,2,3954.590121664465,"[""C000"", ""C001"", ""C002"", ""R006"", ""R007""]",5,0.0,2717.5324700719448,398.6781187189846,10000.000000000002,disjoint,735.0524027905699,"[""R000"", ""R001"", ""R002"", ""R003"", ""R005"", ""R008""]","[""R007""]",886.024580382702,0.07350524027905697,31010,4,6,1,dispersed,0.16666666666666666,0.6666666666666666,1213.315692576503,248.18632092430062,808.8771283843355,0.16666666666666666,-20.689911851260604
0.0,"[""C000"", ""C001"", ""C002""]",3127.9720047925307,controlled:disjoint:dispersed:r011,3016.1889100964972,0,0.3016188910096497,0.0,444.4497990343293,optimal,2153.0137679617383,0,861.7682600275705,861.7682600275705,1292.6523900413558,0.0,3625.6897136407715,6702.642022436659,444.4497990343293,7,3016.188910096497,"[""R000"", ""R001"", ""R002"", ""R005"", ""R006"", ""R007"", ""R008""]",7,0.0,3686.453112340162,2571.7391110621675,418.7253431004291,8.143963041821152,,199.03138416526963,0.2,1,4063.118852689102,3,0.4063118852689102,0.0,1258.8461032164446,optimal,2352.045152127008,0.0,0,1928.885124248081,1067.1168642205105,1067.1168642205103,0.0,1258.8461032164446,2,4063.118852689102,"[""C000"", ""C001"", ""C002"", ""R000"", ""R002""]",5,0.0,2804.2727494726573,452.2275973456493,10000.0,disjoint,814.3963041821153,"[""R001"", ""R005"", ""R006"", ""R007"", ""R008""]","[""R000"", ""R002""]",1046.9299425926051,0.08143963041821153,31011,3,5,2,dispersed,0.16666666666666666,0.6666666666666666,1228.5618015631524,254.35467920492698,819.0412010421014,0.16666666666666666,33.50225424522023
2.2737367544323206e-13,"[""C000"", ""C002"", ""R001""]",3087.5206840755814,controlled:disjoint:dispersed:r012,2890.156455978689,1,0.2890156455978689,0.0,834.0321371228779,optimal,2069.802391849157,0,881.8554868937955,1829.9817338668386,178.31923521805487,0.0,3684.005704971025,6610.318490547834,452.16936946118767,5,2890.156455978689,"[""C001"", ""R000"", ""R002"", ""R003"", ""R006"", ""R008""]",6,0.0,3720.162034569145,2437.987086517501,368.18469466834404,3.0011748717048787,,490.6183820120814,0.3333333333333333,1,4167.161971259822,3,0.41671619712598224,0.0,1134.1496242933658,optimal,2560.4207738612386,0.0,0,1389.0539904199406,1829.9817338668386,948.1262469730427,0.0,1134.1496242933658,3,4167.161971259822,"[""C000"", ""C001"", ""C002"", ""R000"", ""R001"", ""R002""]",6,0.0,3033.0123469664563,472.59157310521795,10000.000000000002,disjoint,681.9802548321782,"[""R003"", ""R006"", ""R008""]","[""C001"", ""R000"", ""R002""]",1277.0055152811333,0.06819802548321781,31012,3,3,3,dispersed,0.16666666666666666,0.6666666666666666,1184.4912025826081,248.3710640735709,789.6608017217392,0.16666666666666666,104.40687843687391
-1.1368683772161603e-13,"[""R007""]",3132.5871844018884,controlled:disjoint:dispersed:r013,3886.1343229594727,3,0.38861343229594725,0.0,1187.4510231624918,optimal,2290.062652886031,0,1852.2444623895526,1016.9449302849602,1016.9449302849599,0.0,3973.9193472061766,6997.730035879795,1187.4510231624918,2,3886.1343229594727,"[""C000"", ""C001"", ""C002"", ""R000"", ""R008""]",5,0.0,3111.595712920322,2698.683299796981,408.62064691094963,0.5140911158206563,,307.9430774927446,0.8333333333333334,1,4303.7840890117695,3,0.43037840890117696,0.0,1238.8601347445574,optimal,2598.0057303787758,0.0,0,2269.894228441849,1016.9449302849602,1016.9449302849599,0.0,1238.8601347445574,3,4303.7840890117695,"[""C000"", ""C001"", ""C002"", ""R000"", ""R007"", ""R008""]",6,0.0,3064.923954267212,466.91822388843616,10000.000000000002,disjoint,51.409111582065634,[],"[""C000"", ""C001"", ""C002"", ""R000"", ""R008""]",417.64976605229685,0.005140911158206562,31013,1,0,5,dispersed,0.16666666666666666,0.6666666666666666,1209.9796038092445,252.20123470018189,806.6530692061632,0.16666666666666666,58.29757697748653
1.1368683772161603e-13,"[""C000"", ""R004""]",3137.7698450342723,controlled:disjoint:dispersed:r014,3535.074209315244,2,0.3535074209315244,0.0,1131.461546289103,optimal,2292.4207588988334,1,2071.974779997212,1036.1390655712132,426.96036374681876,0.0,3553.1586328632543,6649.725906618213,824.5456070624273,3,3535.074209315244,"[""C001"", ""C002"", ""L027"", ""R000"", ""R007"", ""R008""]",6,0.0,3114.6516973029693,2710.5286022528167,418.1078433539833,0.0008443322977291244,,113.2082077895825,0.375,1,3962.337924207278,3,0.39623379242072776,0.0,1131.5459795188758,optimal,2405.628966688416,0.0,0,1463.0994293180322,1463.099429318032,1036.1390655712132,0.0,1131.5459795188758,2,3962.337924207278,"[""C000"", ""C001"", ""C002"", ""R000"", ""R004""]",5,0.0,2830.791944688402,425.1629779999863,10000.000000000002,disjoint,307.00037245644853,"[""L027"", ""R007"", ""R008""]","[""C001"", ""C002"", ""R000""]",427.26371489203393,0.030700037245644848,31014,2,3,3,dispersed,0.16666666666666666,0.6666666666666666,1217.0885428041527,256.9866018890409,811.3923618694355,0.16666666666666666,7.055134646003012
0.0,"[""R004"", ""R007"", ""R008""]",3144.622227187096,controlled:disjoint:dispersed:r015,4010.5256882509125,3,0.40105256882509127,0.0,1236.3843166068045,optimal,2317.1947735157573,0,1479.584520901477,1479.584520901477,1051.3566464479586,0.0,4046.057724839742,7174.520701401971,1236.3843166068045,2,4010.525688250913,"[""C000"", ""C001"", ""C002"", ""R000"", ""R005""]",5,0.0,3163.995013151058,2774.1413716441084,456.9465981283513,0.6106282432342959,,308.8724483732558,0.375,1,4438.753562704431,3,0.44387535627044306,0.0,1297.4471409302341,optimal,2626.067221889013,0.0,0,1907.8123953549955,1479.584520901477,1051.3566464479586,0.0,1297.4471409302341,3,4438.753562704431,"[""C000"", ""C001"", ""C002"", ""R004"", ""R007"", ""R008""]",6,0.0,3141.3064217741967,515.2391998851838,10000.000000000002,disjoint,61.062824323429595,"[""R000"", ""R005""]","[""C000"", ""C001"", ""C002""]",428.22787445351787,0.0061062824323429585,31015,3,2,3,dispersed,0.16666666666666666,0.6666666666666666,1222.724683869614,254.7253041656866,815.1497892464096,0.16666666666666666,58.29260175683248
0.0,"[""C000"", ""C001"", ""C002""]",3146.4461951009234,controlled:disjoint:dispersed:r016,2851.319549951004,0,0.2851319549951004,0.0,358.93666724729655,optimal,2084.7582242318476,0,1299.3990549124153,433.13301830413843,1118.78747673445,0.0,3693.5666124838035,6737.624729175487,358.93666724729655,7,2851.319549951004,"[""R000"", ""R001"", ""R002"", ""R003"", ""R005"", ""R007"", ""R008""]",7,0.0,3886.3051792244833,2492.3828827037073,407.6246584718596,7.5276521435092905,600.0,265.799516244952,0.2,1,3927.475860262526,3,0.3927475860262526,0.0,1111.7018815982256,optimal,2350.5577404767996,0.0,0,1886.6693111596933,1020.4032745514164,1020.4032745514165,0.0,1111.7018815982256,2,3927.475860262526,"[""C000"", ""C001"", ""C002"", ""R000"", ""R008""]",5,0.0,2815.7739786643006,465.21623818750084,10000.0,disjoint,752.765214350929,"[""R001"", ""R002"", ""R003"", ""R005"", ""R007""]","[""R000"", ""R008""]",1076.1563103115222,0.0752765214350929,31016,3,5,2,dispersed,0.16666666666666666,0.6666666666666666,1211.2604720560803,256.06766758803,807.5069813707203,0.16666666666666666,57.59157971564122
1.7053025658242404e-13,"[""R002"", ""R005""]",3121.5823012967576,controlled:disjoint:dispersed:r017,3813.2863213526243,3,0.3813286321352624,0.0,1158.572298583464,optimal,2261.7452061964277,0,1417.6930977518166,977.900125848991,1417.6930977518166,0.0,3984.335148746971,6960.955858590041,1158.572298583464,2,3813.286321352624,"[""C000"", ""C001"", ""C002"", ""R000"", ""R008""]",5,0.0,3147.669537237417,2654.71402276916,392.96881657273184,0.6284495779814961,,317.2060923412996,0.5714285714285714,1,4253.0792932554505,3,0.42530792932554506,0.0,1221.4172563816137,optimal,2578.9512985377273,0.0,0,1857.486069654642,1417.6930977518166,977.9001258489909,0.0,1221.4172563816137,3,4253.07929325545,"[""C000"", ""C001"", ""C002"", ""R002"", ""R005"", ""R008""]",6,0.0,3031.662036873836,452.7107383361085,9999.999999999998,disjoint,62.84495779814961,"[""R000""]","[""C000"", ""C001"", ""C002"", ""R008""]",439.7929719028257,0.006284495779814962,31017,2,1,4,dispersed,0.16666666666666666,0.6666666666666666,1195.518565129256,249.27546450961395,797.0123767528371,0.16666666666666666,59.74192176337664
4.547473508864641e-13,"[""C000"", ""C002""]",3108.0676772727065,controlled:disjoint:dispersed:r018,3397.1185766332574,1,0.33971185766332573,0.0,1314.0670438646334,optimal,2169.0897201459975,1,1315.346398091045,438.4487993636817,1643.323379178531,0.0,4083.3911619868386,7191.458839259545,776.624184744177,5,3397.1185766332574,"[""C001"", ""L016"", ""R000"", ""R002"", ""R003"", ""R007"", ""R008""]",7,0.0,3794.3402626262878,2620.4943918890804,451.40467174308264,0.8415084151933295,,329.56906119285077,0.4444444444444444,1,4390.030404237201,3,0.43900304042372007,0.0,1398.2178853839664,optimal,2498.6587813388483,0.0,0,2340.24106680643,1024.894668715385,1024.8946687153848,0.0,1398.2178853839664,3,4390.0304042372,"[""C000"", ""C001"", ""C002"", ""R000"", ""R007"", ""R008""]",6,0.0,2991.8125188532335,493.15373751438545,10000.000000000002,disjoint,621.5937006397894,"[""L016"", ""R002"", ""R003""]","[""C001"", ""R000"", ""R007"", ""R008""]",992.9118276039426,0.06215937006397893,31018,2,3,4,dispersed,0.16666666666666666,0.6666666666666666,1212.9239513760683,247.70603025213637,808.6159675840457,0.16666666666666666,41.74906577130281
-2.2737367544323206e-13,"[""R002""]",3088.7918647130737,controlled:disjoint:dispersed:r019,3891.943415483752,3,0.3891943415483752,0.0,1233.7991960472418,optimal,2243.265096049488,0,1439.9459434525643,1439.945943452564,1012.0515285786234,0.0,3978.895967540054,6966.86213659545,1233.7991960472418,2,3891.9434154837513,"[""C000"", ""C001"", ""C002"", ""R000"", ""R008""]",5,0.0,3074.918721111698,2658.1442194365095,414.8791233870216,0.565584556878207,,307.75859419434573,0.8333333333333334,1,4319.837830357692,3,0.4319837830357692,0.0,1290.3576517350625,optimal,2551.0236902438337,0.0,0,1867.8403583265047,1439.945943452564,1012.0515285786234,0.0,1290.3576517350625,3,4319.837830357692,"[""C000"", ""C001"", ""C002"", ""R000"", ""R002"", ""R008""]",6,0.0,3029.4801786226294,478.45648837879554,10000.0,disjoint,56.5584556878207,[],"[""C000"", ""C001"", ""C002"", ""R000"", ""R008""]",427.8944148739406,0.00565584556878207,31019,1,0,5,dispersed,0.16666666666666666,0.6666666666666666,1208.1672328068978,247.92581730263677,805.444821871265,0.16666666666666666,63.57736499177395
0.0,"[""C001"", ""L000"", ""L006"", ""L009"", ""L018"", ""L024"", ""L032""]",3129.0924056522567,controlled:intermediate:clustered:r000,3064.997156299426,1,0.30649971562994266,0.0,1018.0084032760856,optimal,2074.8222658861396,0,892.9168460424271,1410.0391665834104,762.0411436735886,0.0,4040.1067246641232,7020.748669253548,595.3739321639687,5,3064.997156299426,"[""C000"", ""R000"", ""R002"", ""R004"", ""R005"", ""R008""]",6,0.0,3955.7515129541216,2469.6232241354573,394.8009582493176,5.521025157816671,,68.2589904361862,0.07692307692307693,1,4368.321473095684,2,0.4368321473095685,0.0,1570.1109190577527,optimal,2143.0812563223258,0.0,6,1895.292915130578,1789.0218549678953,684.006702997211,2441.1599859712915,1570.1109190577527,0,4368.321473095685,"[""C000"", ""C001"", ""L000"", ""L006"", ""L009"", ""L018"", ""L024"", ""L032""]",8,0.0,2798.2105540379325,655.1292977156066,10000.0,intermediate,974.736986893784,"[""R000"", ""R002"", ""R004"", ""R005"", ""R008""]","[""C000""]",1303.3243167962592,0.0974736986893784,31000,7,5,1,clustered,0.16666666666666666,0.6666666666666666,1190.215090208221,255.0200566230857,793.4767268054807,0.16666666666666666,260.32833946628904
-1.1368683772161603e-13,"[""C001"", ""C002"", ""L002"", ""L004"", ""L007"", ""L023"", ""L028"", ""L029""]",3090.074734024507,controlled:intermediate:clustered:r001,3203.367413655465,1,0.3203367413655465,0.0,1139.1245798160294,optimal,2081.043299519518,0,884.3897205728226,884.3897205728226,1434.5879725098196,0.0,3753.5920191604164,6683.90224988222,713.2747948751744,5,3203.367413655465,"[""C000"", ""R000"", ""R002"", ""R004"", ""R005"", ""R007""]",6,0.0,3480.5348362267546,2490.0926187802906,409.049319260773,5.6465216070406905,,311.01734948778585,0.07142857142857142,1,4793.8514745446055,2,0.47938514745446054,0.0,1703.7767405200984,optimal,2392.0606490073037,0.0,6,2412.227533751372,1630.3324658438369,751.2914749493966,2366.870389811378,1703.7767405200984,1,4793.8514745446055,"[""C001"", ""C002"", ""L002"", ""L004"", ""L007"", ""L023"", ""L028"", ""L029"", ""R007""]",9,0.0,3090.074734024507,698.0140850172035,10000.0,intermediate,990.501945644924,"[""C000"", ""R000"", ""R002"", ""R004"", ""R005""]","[""R007""]",1590.4840608891404,0.0990501945644924,31001,8,5,1,clustered,0.16666666666666666,0.6666666666666666,1200.8863378605213,250.88364102643567,800.5908919070143,0.16666666666666666,288.96476575643044
2.2737367544323206e-13,"[""C002"", ""L013"", ""L014"", ""L017"", ""L025"", ""L028"", ""L032"", ""R008""]",3102.055704303767,controlled:intermediate:clustered:r002,3585.1997511417453,2,0.35851997511417455,0.0,1328.050784202495,optimal,2213.8969587069714,1,1496.321872116707,420.8690895878815,1668.0087894371568,0.0,3665.3218366645656,6662.417321795724,956.6174718332677,3,3585.199751141745,"[""C000"", ""C001"", ""L005"", ""R000"", ""R002"", ""R005""]",6,0.0,3077.217570653979,2628.582279308477,414.6853206015056,5.503829946259644,,171.9252280954156,0.07142857142857142,1,4910.777002524092,2,0.49107770025240916,0.0,1878.4337788284593,optimal,2385.822186802387,0.6971248060813469,6,2269.225028591223,1807.2385548920292,834.3134190408396,2339.002347878559,1808.7212982203246,1,4910.777002524092,"[""C001"", ""C002"", ""L013"", ""L014"", ""L017"", ""L025"", ""L028"", ""L032"", ""R008""]",9,0.0,3102.055704303767,716.2335175013801,10000.0,intermediate,852.1038263870569,"[""C000"", ""L005"", ""R000"", ""R002"", ""R005""]","[""C001""]",1325.5772513823467,0.08521038263870569,31002,8,5,1,clustered,0.16666666666666666,0.6666666666666666,1231.6491787143798,250.43476110309408,821.0994524762534,0.16666666666666666,301.5481968998745
-4.547473508864641e-13,"[""L010"", ""L011"", ""L023"", ""L027"", ""L030"", ""L031""]",3033.1907904758,controlled:intermediate:clustered:r003,3551.901497213772,2,0.3551901497213772,0.019560282501133747,919.3611799266582,time_limit,2229.0534226119116,0,1380.47983274864,1380.47983274864,790.9418317164916,0.0,4085.000221586527,7118.191012062327,919.3611799266582,4,3551.901497213772,"[""C001"", ""C002"", ""R000"", ""R006"", ""R007"", ""R008""]",6,0.0,3566.289514848555,2632.540317287114,403.4868946752024,9.875152963835724,600.0,22.713925755389482,0.25,1,4790.161332966103,2,0.4790161332966103,0.0,1906.8764763102308,optimal,2251.767348367301,0.7878550540457308,6,2157.271730897643,1918.0408312605932,714.8487708078667,2475.1460352375884,1828.0909709056577,1,4790.161332966103,"[""C001"", ""C002"", ""L010"", ""L011"", ""L023"", ""L027"", ""L030"", ""L031"", ""R006""]",9,0.0,2962.0703620604454,710.3030136931441,10000.000000000002,intermediate,908.7297909789995,"[""R000"", ""R007"", ""R008""]","[""C001"", ""C002"", ""R006""]",1238.2598357523311,0.09087297909789993,31003,6,3,3,clustered,0.16666666666666666,0.6666666666666666,1179.4575796221752,239.13630848664283,786.3050530814508,0.16666666666666666,306.8161190179417
1.1368683772161603e-13,"[""L003"", ""L010"", ""L011"", ""L022"", ""L023"", ""L033"", ""R004""]",3147.03955444787,controlled:intermediate:clustered:r004,3819.9396414273015,3,0.3819939641427301,0.0,999.8611193742795,optimal,2220.4112849838993,0,1423.5141422535094,972.9113569202827,1423.5141422535096,0.0,4093.5292367910565,7049.833985492981,1198.821262041265,2,3819.9396414273024,"[""C000"", ""C001"", ""C002"", ""R000"", ""R005""]",5,0.0,3229.8943440656794,2621.1183793860373,400.70709440213784,8.550098821914,,139.57079792952572,0.16666666666666666,1,4813.403595929388,2,0.4813403595929388,0.0,1854.8710015656793,optimal,2359.982082913425,1.1064525338285651,6,2150.2515399700183,1972.7701677570751,690.3818882022942,2416.9780967555953,1744.2257481828228,1,4813.403595929388,"[""C000"", ""C002"", ""L003"", ""L010"", ""L011"", ""L022"", ""L023"", ""L033"", ""R004""]",9,0.0,3069.177847746565,709.19576483314,9999.999999999998,intermediate,545.4044861415578,"[""C001"", ""R000"", ""R005""]","[""C000"", ""C002""]",993.4639545020855,0.05454044861415579,31004,7,3,2,clustered,0.16666666666666666,0.6666666666666666,1193.670872933438,250.24140776453916,795.7805819556252,0.16666666666666666,308.4886704310021
0.0,"[""C000"", ""L006"", ""L012"", ""L013"", ""L019"", ""L030"", ""L031""]",3107.586267554692,controlled:intermediate:clustered:r005,3074.379833977485,1,0.30743798339774847,0.0,909.3110418106494,optimal,2105.383804156154,0,1374.7114059297312,1288.1595698647434,411.50885818301,0.0,3591.836292567013,6525.520933370492,579.8255763070456,5,3074.379833977485,"[""C001"", ""R000"", ""R002"", ""R003"", ""R005"", ""R007""]",6,0.0,3451.1410993930067,2494.5542576704393,389.1704535142852,7.1593133786517456,,-9.649285277169838,0.07692307692307693,1,4409.00037360938,2,0.440900037360938,0.0,1625.242379675824,optimal,2095.734518878984,0.0,6,2078.5826563883693,1544.2380097466676,786.1797074743434,2518.350608326414,1625.242379675824,0,4409.00037360938,"[""C000"", ""C001"", ""L006"", ""L012"", ""L013"", ""L019"", ""L030"", ""L031""]",8,0.0,2783.7579939335565,688.0234750545723,10000.0,intermediate,1045.4168033687783,"[""R000"", ""R002"", ""R003"", ""R005"", ""R007""]","[""C001""]",1334.6205396318956,0.10454168033687783,31005,7,5,1,clustered,0.16666666666666666,0.6666666666666666,1183.4536602375867,252.0583752462025,788.9691068250577,0.16666666666666666,298.85302154028705
-1.1368683772161603e-13,"[""L003"", ""L004"", ""L005"", ""L007"", ""L020"", ""L027"", ""R008""]",3080.4357197212544,controlled:intermediate:clustered:r006,3990.0604611199933,3,0.39900604611199925,0.0,1336.3212610563037,optimal,2217.5655788794647,0,1055.1034012229813,1467.478529948506,1467.478529948506,0.0,3877.4374473905405,6830.602390643331,1336.3212610563037,2,3990.0604611199933,"[""C000"", ""C001"", ""C002"", ""R005"", ""R007""]",5,0.0,2840.541929523338,2653.7392000636896,436.173621184225,6.633319392514942,,109.53019606407861,0.16666666666666666,1,4975.661056283091,2,0.497566105628309,0.0,1999.6532003077978,optimal,2327.0957749435433,0.8577035696568329,6,2387.8209202175117,1983.0571239891324,604.7830120764474,2453.079125111604,1913.8828433421145,1,4975.661056283091,"[""C000"", ""C001"", ""L003"", ""L004"", ""L005"", ""L007"", ""L020"", ""L027"", ""R008""]",9,0.0,3061.7782129409766,734.6824379974332,9999.999999999998,intermediate,577.5615822858108,"[""C002"", ""R005"", ""R007""]","[""C000"", ""C001""]",985.6005951630978,0.05775615822858109,31006,7,3,2,clustered,0.16666666666666666,0.6666666666666666,1224.112370823327,246.12442903923758,816.0749138822175,0.16666666666666666,298.5088168132082
3.410605131648481e-13,"[""L008"", ""L010"", ""L014"", ""L018"", ""L019"", ""L034""]",3160.18169672085,controlled:intermediate:clustered:r007,3466.3158452542184,2,0.34663158452542187,0.0077359973675525575,763.231383709232,time_limit,2258.9448644313775,1,1867.6933265479886,1416.8351444285177,181.7873742777117,0.0,4146.773789354881,7253.774754189631,804.4492006258688,3,3466.3158452542184,"[""C001"", ""C002"", ""L024"", ""R000"", ""R006"", ""R008""]",6,0.0,3787.458908935412,2661.8666446283496,402.921780196972,9.683240453715152,600.0,154.96164620256877,0.25,1,4806.643763773721,2,0.4806643763773721,0.0,1731.5554290807472,optimal,2413.9065106339463,0.5204982388173311,6,2371.8741774836094,1645.436101828793,789.3334844613181,2423.831657036156,1679.505605199014,1,4806.64376377372,"[""C001"", ""C002"", ""L008"", ""L010"", ""L014"", ""L018"", ""L019"", ""L034"", ""R008""]",9,0.0,3127.138158574706,713.2316479407598,10000.0,intermediate,875.0564045731453,"[""L024"", ""R000"", ""R006""]","[""C001"", ""C002"", ""R008""]",1340.3279185195015,0.08750564045731453,31007,6,3,3,clustered,0.16666666666666666,0.6666666666666666,1191.10257863298,254.79957876382807,794.0683857553202,0.16666666666666666,310.3098677437878
0.0,"[""C002"", ""L002"", ""L004"", ""L005"", ""L012"", ""L031"", ""L032"", ""R007""]",3060.283746847549,controlled:intermediate:clustered:r008,3165.7615795801503,1,0.316576157958015,0.01847559903015906,1005.6018263461488,time_limit,2185.606407523362,1,1461.2267722414208,857.3735411408334,847.161266197896,0.0,4079.6894461372312,7139.97319298478,588.8148472043126,5,3165.7615795801503,"[""C001"", ""L003"", ""R000"", ""R002"", ""R005"", ""R006"", ""R008""]",7,0.0,3974.21161340463,2576.9467323758377,391.34032485247565,8.612114189545013,600.0,160.80678420027516,0.06666666666666667,1,4917.5442034877,2,0.49175442034877,0.0,1866.8132453006501,optimal,2346.4131917236373,0.0,6,2353.962989827543,1785.1641828356264,778.4170308245293,2423.7774295752743,1866.8132453006501,1,4917.5442034877,"[""C001"", ""C002"", ""L002"", ""L004"", ""L005"", ""L012"", ""L031"", ""L032"", ""R007""]",9,0.0,3050.7309581870495,704.3177664634125,10000.000000000002,intermediate,1277.9983980963375,"[""L003"", ""R000"", ""R002"", ""R005"", ""R006"", ""R008""]","[""C001""]",1751.7826239075494,0.12779983980963372,31008,8,6,1,clustered,0.16666666666666666,0.6666666666666666,1215.755556174446,246.89477991076268,810.5037041162975,0.16666666666666666,312.9774416109368
2.2737367544323206e-13,"[""C002"", ""L000"", ""L004"", ""L012"", ""L020"", ""L025"", ""L035""]",3128.2011471337855,controlled:intermediate:clustered:r009,3363.5484000241267,1,0.33635484000241267,0.0,1233.2475537003766,optimal,2232.1381969630374,1,863.4147593681947,1636.7188812877373,863.4147593681945,0.0,3735.936372104399,6864.137519238184,690.759533613229,5,3363.5484000241263,"[""C001"", ""L016"", ""R000"", ""R002"", ""R006"", ""R007"", ""R008""]",7,0.0,3500.589119214057,2672.7888664108973,440.65066944785974,5.477950104691921,,161.0174109216441,0.14285714285714285,1,4902.19875312466,2,0.49021987531246597,0.0,1781.0425641695688,optimal,2393.1556078846816,0.0,6,2141.914209444708,1999.6116823653379,760.672861314614,2424.0804355685673,1781.0425641695688,1,4902.1987531246605,"[""C001"", ""C002"", ""L000"", ""L004"", ""L012"", ""L020"", ""L025"", ""L035"", ""R007""]",9,0.0,3121.1561889550917,728.0005810704102,10000.000000000002,intermediate,1090.2830305563398,"[""L016"", ""R000"", ""R002"", ""R006"", ""R008""]","[""C001"", ""R007""]",1538.6503531005342,0.10902830305563396,31009,7,5,2,clustered,0.16666666666666666,0.6666666666666666,1212.298321828147,251.47320737218473,808.1988812187649,0.16666666666666666,287.3499116225505
0.0,"[""C000"", ""C001"", ""L009"", ""L012"", ""L019"", ""L022"", ""L030"", ""L034""]",3069.5015047574316,controlled:intermediate:clustered:r010,3068.565541281763,0,0.30685655412817625,0.0,1236.3668214902546,optimal,2147.1922619095676,0,876.7330117947894,876.7330117947894,1315.0995176921842,0.0,3719.535414469746,6789.036919227178,502.00524880195053,7,3068.565541281763,"[""R000"", ""R001"", ""R002"", ""R003"", ""R005"", ""R007"", ""R008""]",7,0.0,3720.471377945415,2566.5602924798127,419.3680305702452,5.483526978984245,,217.34222521682568,0.06666666666666667,1,4854.221024146111,2,0.485422102414611,0.0,1784.7195193886791,optimal,2364.5344871263933,0.0,6,2283.88661501293,1712.8245007856258,857.5099083475552,2363.949778335599,1784.7195193886791,1,4854.221024146111,"[""C000"", ""C001"", ""L009"", ""L012"", ""L019"", ""L022"", ""L030"", ""L034"", ""R007""]",9,0.0,3069.5015047574316,704.9670176310383,10000.000000000002,intermediate,1282.7142705867286,"[""R000"", ""R001"", ""R002"", ""R003"", ""R005"", ""R008""]","[""R007""]",1785.6554828643475,0.12827142705867284,31010,8,6,1,clustered,0.16666666666666666,0.6666666666666666,1213.315692576503,248.18632092430062,808.8771283843355,0.16666666666666666,285.5989870607931
4.547473508864641e-13,"[""C001"", ""C002"", ""L005"", ""L006"", ""L007"", ""L026"", ""L030"", ""L035""]",3127.9720047925307,controlled:intermediate:clustered:r011,3016.1889100964972,0,0.3016188910096497,0.0,444.4497990343293,optimal,2153.0137679617383,0,861.7682600275705,861.7682600275705,1292.6523900413558,0.0,3625.6897136407715,6702.642022436659,444.4497990343293,7,3016.188910096497,"[""R000"", ""R001"", ""R002"", ""R005"", ""R006"", ""R007"", ""R008""]",7,0.0,3686.453112340162,2571.7391110621675,418.7253431004291,13.292744311375046,,-35.698688038587534,0.0,1,4512.267890372281,2,0.45122678903722807,0.0,1773.7242301718338,optimal,2117.3150799231507,0.5405373750212175,6,2137.1895088055417,1694.7270214555144,680.351360111225,2378.03416193126,1719.670492669712,0,4512.267890372281,"[""C001"", ""C002"", ""L005"", ""L006"", ""L007"", ""L026"", ""L030"", ""L035""]",8,0.0,2792.5973977025687,675.2823177794182,10000.0,intermediate,1275.2206936353828,"[""R000"", ""R001"", ""R002"", ""R005"", ""R006"", ""R007"", ""R008""]",[],1496.078980275784,0.12752206936353827,31011,8,7,0,clustered,0.16666666666666666,0.6666666666666666,1228.5618015631524,254.35467920492698,819.0412010421014,0.16666666666666666,256.55697467898915
2.2737367544323206e-13,"[""C000"", ""L003"", ""L021"", ""L026"", ""L032"", ""L034"", ""L035""]",3087.5206840755814,controlled:intermediate:clustered:r012,2890.156455978689,1,0.2890156455978689,0.0,834.0321371228779,optimal,2069.802391849157,0,881.8554868937955,1829.9817338668386,178.31923521805487,0.0,3684.005704971025,6610.318490547834,452.16936946118767,5,2890.156455978689,"[""C001"", ""R000"", ""R002"", ""R003"", ""R006"", ""R008""]",6,0.0,3720.162034569145,2437.987086517501,368.18469466834404,9.0305604064536,,288.1917803160013,0.15384615384615385,1,4813.947484822165,2,0.48139474848221653,0.0,1737.088177768238,optimal,2357.9941721651585,0.0,6,2030.209309077948,2141.1974110826773,642.5407646615404,2476.767247429182,1737.088177768238,1,4813.947484822165,"[""C000"", ""C001"", ""L003"", ""L021"", ""L026"", ""L032"", ""L034"", ""L035"", ""R000""]",9,0.0,3076.8593070539273,718.865134888769,10000.000000000002,intermediate,1284.9188083070503,"[""R002"", ""R003"", ""R006"", ""R008""]","[""C001"", ""R000""]",1923.7910288434764,0.128491880830705,31012,7,4,2,clustered,0.16666666666666666,0.6666666666666666,1184.4912025826081,248.3710640735709,789.6608017217392,0.16666666666666666,350.680440220425
3.410605131648481e-13,"[""L000"", ""L006"", ""L013"", ""L024"", ""L025"", ""L029""]",3132.5871844018884,controlled:intermediate:clustered:r013,3886.1343229594727,3,0.38861343229594725,0.0,1187.4510231624918,optimal,2290.062652886031,0,1852.2444623895526,1016.9449302849602,1016.9449302849599,0.0,3973.9193472061766,6997.730035879795,1187.4510231624918,2,3886.1343229594727,"[""C000"", ""C001"", ""C002"", ""R000"", ""R008""]",5,0.0,3111.595712920322,2698.683299796981,408.62064691094963,6.200317891487711,,104.80633698599104,0.2727272727272727,1,4929.4349283534975,2,0.4929434928353498,0.0,1807.482812311263,optimal,2394.868989872022,0.0,6,2536.429894905521,1813.3495162628412,579.6555171851347,2477.895301731281,1807.482812311263,1,4929.4349283534975,"[""C000"", ""C001"", ""L000"", ""L006"", ""L013"", ""L024"", ""L025"", ""L029"", ""R008""]",9,0.0,3121.9521160422346,727.0831261702126,10000.000000000002,intermediate,620.0317891487712,"[""C002"", ""R000""]","[""C000"", ""C001"", ""R008""]",1043.3006053940248,0.062003178914877104,31013,6,2,3,clustered,0.16666666666666666,0.6666666666666666,1209.9796038092445,252.20123470018189,806.6530692061632,0.16666666666666666,318.462479259263
1.1368683772161603e-13,"[""L003"", ""L005"", ""L014"", ""L018"", ""L021"", ""L035""]",3137.7698450342723,controlled:intermediate:clustered:r014,3535.074209315244,2,0.3535074209315244,0.0,1131.461546289103,optimal,2292.4207588988334,1,2071.974779997212,1036.1390655712132,426.96036374681876,0.0,3553.1586328632543,6649.725906618213,824.5456070624273,3,3535.074209315244,"[""C001"", ""C002"", ""L027"", ""R000"", ""R007"", ""R008""]",6,0.0,3114.6516973029693,2710.5286022528167,418.1078433539833,5.843366517260441,,-161.78530855121926,0.16666666666666666,1,4497.811290240573,2,0.44978112902405726,0.0,1715.7981980151471,optimal,2130.635450347614,0.027545641120650537,6,1983.5993046550275,1717.923573677709,796.2884119078358,2425.5331590981455,1713.043633903082,0,4497.811290240572,"[""C001"", ""C002"", ""L003"", ""L005"", ""L014"", ""L018"", ""L021"", ""L035""]",8,0.0,2784.76765633749,654.1322059898758,10000.000000000002,intermediate,888.4980268406548,"[""L027"", ""R000"", ""R007"", ""R008""]","[""C001"", ""C002""]",962.737080925328,0.08884980268406546,31014,6,4,2,clustered,0.16666666666666666,0.6666666666666666,1217.088542804153,256.9866018890409,811.3923618694355,0.16666666666666666,236.02436263589254
-2.2737367544323206e-13,"[""L002"", ""L003"", ""L015"", ""L020"", ""L021"", ""L029"", ""R008""]",3144.622227187096,controlled:intermediate:clustered:r015,4010.5256882509125,3,0.40105256882509127,0.0,1236.3843166068045,optimal,2317.1947735157573,0,1479.584520901477,1479.584520901477,1051.3566464479586,0.0,4046.057724839742,7174.520701401971,1236.3843166068045,2,4010.525688250913,"[""C000"", ""C001"", ""C002"", ""R000"", ""R005""]",5,0.0,3163.995013151058,2774.1413716441084,456.9465981283513,5.2691397035347185,,104.13838591700141,0.16666666666666666,1,4871.214081964496,2,0.48712140819644956,0.0,1763.2982869602765,optimal,2421.3331594327587,0.36706432182877047,6,2333.107103401963,1774.7615487051014,763.3454298574318,2340.27291461506,1726.5918547773995,1,4871.214081964496,"[""C001"", ""C002"", ""L002"", ""L003"", ""L015"", ""L020"", ""L021"", ""L029"", ""R008""]",9,0.0,3144.622227187096,723.2890677543373,10000.000000000002,intermediate,490.20753817059494,"[""C000"", ""R000"", ""R005""]","[""C001"", ""C002""]",860.6883937135826,0.04902075381705948,31015,7,3,2,clustered,0.16666666666666666,0.6666666666666666,1222.724683869614,254.7253041656866,815.1497892464096,0.16666666666666666,266.34246962598604
-2.2737367544323206e-13,"[""C000"", ""C002"", ""L001"", ""L018"", ""L031"", ""L032"", ""L034"", ""L035""]",3146.4461951009234,controlled:intermediate:clustered:r016,2851.319549951004,0,0.2851319549951004,0.0,358.93666724729655,optimal,2084.7582242318476,0,1299.3990549124153,433.13301830413843,1118.78747673445,0.0,3693.5666124838035,6737.624729175487,358.93666724729655,7,2851.319549951004,"[""R000"", ""R001"", ""R002"", ""R003"", ""R005"", ""R007"", ""R008""]",7,0.0,3886.3051792244833,2492.3828827037073,407.6246584718596,12.588303824033396,600.0,65.60230112678619,0.0,1,4463.248405254131,2,0.4463248405254131,0.0,1617.7670496506362,optimal,2150.360525358634,0.0,6,1968.3142835351218,1804.575604765163,690.3585169538458,2422.441856151298,1617.7670496506362,0,4463.248405254131,"[""C000"", ""C002"", ""L001"", ""L018"", ""L031"", ""L032"", ""L034"", ""L035""]",8,0.0,2845.481355603495,695.120830244861,10000.0,intermediate,1258.8303824033396,"[""R000"", ""R001"", ""R002"", ""R003"", ""R005"", ""R007"", ""R008""]",[],1611.9288553031274,0.12588303824033395,31016,8,7,0,clustered,0.16666666666666666,0.6666666666666666,1211.2604720560803,256.06766758803,807.5069813707203,0.16666666666666666,287.49617177300144
3.410605131648481e-13,"[""L001"", ""L009"", ""L011"", ""L012"", ""L016"", ""L032""]",3121.5823012967576,controlled:intermediate:clustered:r017,3813.2863213526243,3,0.3813286321352624,0.0,1158.572298583464,optimal,2261.7452061964277,0,1417.6930977518166,977.900125848991,1417.6930977518166,0.0,3984.335148746971,6960.955858590041,1158.572298583464,2,3813.286321352624,"[""C000"", ""C001"", ""C002"", ""R000"", ""R008""]",5,0.0,3147.669537237417,2654.71402276916,392.96881657273184,7.241279569301383,,94.35309847175313,0.2727272727272727,1,4843.06095520362,2,0.484306095520362,0.0,1882.7002555136023,optimal,2356.098304668181,1.0943172735146347,6,2367.757968101619,1777.5687844118593,697.7342026901422,2447.4677316028133,1773.2685281621389,1,4843.06095520362,"[""C000"", ""C001"", ""L001"", ""L009"", ""L011"", ""L012"", ""L016"", ""L032"", ""R008""]",9,0.0,3069.7924270414815,713.6941223733007,9999.999999999998,intermediate,614.6962295786748,"[""C002"", ""R000""]","[""C000"", ""C001"", ""R008""]",1029.7746338509965,0.06146962295786749,31017,6,2,3,clustered,0.16666666666666666,0.6666666666666666,1195.518565129256,249.27546450961395,797.0123767528371,0.16666666666666666,320.7253058005689
0.0,"[""C000"", ""C002"", ""L011"", ""L012"", ""L015"", ""L021"", ""L023"", ""L033""]",3108.0676772727065,controlled:intermediate:clustered:r018,3397.1185766332574,1,0.33971185766332573,0.0,1314.0670438646334,optimal,2169.0897201459975,1,1315.346398091045,438.4487993636817,1643.323379178531,0.0,4083.3911619868386,7191.458839259545,776.624184744177,5,3397.1185766332574,"[""C001"", ""L016"", ""R000"", ""R002"", ""R003"", ""R007"", ""R008""]",7,0.0,3794.3402626262878,2620.4943918890804,451.40467174308264,5.256244975705099,,183.49118748810133,0.06666666666666667,1,4887.970284787307,2,0.4887970284787307,0.0,1839.6915414351433,optimal,2352.580907634099,0.39238702524813557,6,2529.6307337962016,1778.1896932546056,580.1498577364996,2399.732147992855,1800.4528389103298,1,4887.970284787307,"[""C000"", ""C002"", ""L011"", ""L012"", ""L015"", ""L021"", ""L023"", ""L033"", ""R008""]",9,0.0,3087.517445876977,734.936538242878,10000.000000000002,intermediate,1023.8286541661528,"[""C001"", ""L016"", ""R000"", ""R002"", ""R003"", ""R007""]","[""R008""]",1490.8517081540494,0.10238286541661526,31018,8,6,1,clustered,0.16666666666666666,0.6666666666666666,1212.9239513760683,247.70603025213637,808.6159675840457,0.16666666666666666,283.53186649979534
0.0,"[""L001"", ""L006"", ""L009"", ""L012"", ""L019"", ""L022"", ""R002""]",3088.7918647130737,controlled:intermediate:clustered:r019,3891.943415483752,3,0.3891943415483752,0.0,1233.7991960472418,optimal,2243.265096049488,0,1439.9459434525643,1439.945943452564,1012.0515285786234,0.0,3978.895967540054,6966.86213659545,1233.7991960472418,2,3891.9434154837513,"[""C000"", ""C001"", ""C002"", ""R000"", ""R008""]",5,0.0,3074.918721111698,2658.1442194365095,414.8791233870216,7.1733325062606585,,105.47928052053612,0.16666666666666666,1,4901.181057364026,2,0.4901181057364026,0.0,1951.1324466733076,optimal,2348.744376570024,1.1147037963561888,6,2387.087538728648,1926.9017599364051,587.1917586989728,2449.183585332838,1839.6620670376888,1,4901.181057364025,"[""C001"", ""C002"", ""L001"", ""L006"", ""L009"", ""L012"", ""L019"", ""L022"", ""R002""]",9,0.0,3061.5189903263363,712.7746137563122,10000.0,intermediate,605.8628709904469,"[""C000"", ""R000"", ""R008""]","[""C001"", ""C002""]",1009.2376418802737,0.06058628709904469,31019,7,3,2,clustered,0.16666666666666666,0.6666666666666666,1208.1672328068978,247.92581730263677,805.444821871265,0.16666666666666666,297.8954903692906
0.0,"[""C001"", ""L000"", ""L006"", ""L009"", ""L018"", ""L024"", ""L032""]",3129.0924056522567,controlled:intermediate:dispersed:r000,3064.997156299426,1,0.30649971562994266,0.0,1018.0084032760856,optimal,2074.8222658861396,0,892.9168460424271,1410.0391665834104,762.0411436735886,0.0,4040.1067246641232,7020.748669253548,595.3739321639687,5,3064.997156299426,"[""C000"", ""R000"", ""R002"", ""R004"", ""R005"", ""R008""]",6,0.0,3955.7515129541216,2469.6232241354573,394.8009582493176,5.517064656258849,,68.2589904361862,0.07692307692307693,1,4368.321473095684,2,0.4368321473095685,0.0,1569.7148689019705,optimal,2143.0812563223258,0.0,6,1952.4895541291316,1779.7650118577328,636.0669071088199,2441.1599859712915,1569.7148689019705,0,4368.321473095685,"[""C000"", ""C001"", ""L000"", ""L006"", ""L009"", ""L018"", ""L024"", ""L032""]",8,0.0,2798.6066041937147,655.5253478713888,10000.0,intermediate,974.3409367380018,"[""R000"", ""R002"", ""R004"", ""R005"", ""R008""]","[""C000""]",1303.3243167962592,0.09743409367380018,31000,7,5,1,dispersed,0.16666666666666666,0.6666666666666666,1190.215090208221,255.0200566230857,793.4767268054807,0.16666666666666666,260.7243896220712
0.0,"[""C001"", ""C002"", ""L002"", ""L004"", ""L007"", ""L023"", ""L028"", ""L029""]",3090.074734024507,controlled:intermediate:dispersed:r001,3203.367413655465,1,0.3203367413655465,0.0,1139.1245798160294,optimal,2081.043299519518,0,884.3897205728226,884.3897205728226,1434.5879725098196,0.0,3753.5920191604164,6683.90224988222,713.2747948751744,5,3203.367413655465,"[""C000"", ""R000"", ""R002"", ""R004"", ""R005"", ""R007""]",6,0.0,3480.5348362267546,2490.0926187802906,409.049319260773,5.619495830109304,,311.01734948778585,0.07142857142857142,1,4791.148896851467,2,0.4791148896851467,0.0,1701.0741628269598,optimal,2392.0606490073037,0.0,6,2412.227533751372,1717.9371588238114,660.9842042762832,2364.167812118239,1701.0741628269598,1,4791.148896851467,"[""C001"", ""C002"", ""L002"", ""L004"", ""L007"", ""L023"", ""L028"", ""L029"", ""R007""]",9,0.0,3090.074734024507,698.0140850172036,10000.0,intermediate,987.7993679517854,"[""C000"", ""R000"", ""R002"", ""R004"", ""R005""]","[""R007""]",1587.7814831960018,0.09877993679517853,31001,8,5,1,dispersed,0.16666666666666666,0.6666666666666666,1200.8863378605213,250.88364102643567,800.5908919070143,0.16666666666666666,288.96476575643055
2.2737367544323206e-13,"[""C002"", ""L013"", ""L014"", ""L017"", ""L025"", ""L028"", ""L032"", ""R008""]",3102.055704303767,controlled:intermediate:dispersed:r002,3593.67449621359,2,0.35936744962135897,0.0,1328.050784202495,optimal,2213.8969587069714,1,1496.321872116707,420.8690895878815,1676.4835345090014,0.0,3665.3218366645656,6662.417321795724,963.1620055398848,3,3593.67449621359,"[""C000"", ""C001"", ""L005"", ""R000"", ""R002"", ""R005""]",6,0.0,3068.742825582134,2630.512490673705,416.6155319667335,5.503873344686735,,171.9252280954156,0.07142857142857142,1,4909.795487604757,2,0.4909795487604757,0.0,1878.4381186711685,optimal,2385.822186802387,0.7069833537017849,6,2382.723524504292,1767.0909741775677,759.9809889228973,2338.020832959224,1807.73978330099,1,4909.795487604757,"[""C001"", ""C002"", ""L013"", ""L014"", ""L017"", ""L025"", ""L028"", ""L032"", ""R008""]",9,0.0,3102.055704303767,716.2335175013801,10000.0,intermediate,844.5777777611052,"[""C000"", ""L005"", ""R000"", ""R002"", ""R005""]","[""C001""]",1316.120991391167,0.08445777777611052,31002,8,5,1,dispersed,0.16666666666666666,0.6666666666666666,1231.6491787143798,250.43476110309408,821.0994524762534,0.16666666666666666,299.6179855346466
-2.2737367544323206e-13,"[""L010"", ""L011"", ""L023"", ""L027"", ""L030"", ""L031""]",3033.1907904758,controlled:intermediate:dispersed:r003,3551.901497213772,2,0.3551901497213772,0.019675900028551605,919.3611799266582,time_limit,2229.0534226119116,0,1380.47983274864,1380.47983274864,790.9418317164916,0.0,4085.000221586527,7118.191012062327,919.3611799266582,4,3551.901497213772,"[""C001"", ""C002"", ""R000"", ""R006"", ""R007"", ""R008""]",6,0.0,3566.289514848555,2632.540317287114,403.4868946752024,9.873508585901524,600.0,22.713925755389482,0.25,1,4790.161332966103,2,0.4790161332966103,0.0,1906.712038516811,optimal,2251.767348367301,0.7886100239859342,6,2189.511195245397,1918.0408312605932,682.6093064601127,2475.1460352375884,1827.8510361182175,1,4790.161332966103,"[""C001"", ""C002"", ""L010"", ""L011"", ""L023"", ""L027"", ""L030"", ""L031"", ""R006""]",9,0.0,2962.3102968478856,710.5429484805845,10000.000000000002,intermediate,908.4898561915593,"[""R000"", ""R007"", ""R008""]","[""C001"", ""C002"", ""R006""]",1238.2598357523311,0.09084898561915591,31003,6,3,3,dispersed,0.16666666666666666,0.6666666666666666,1179.4575796221752,239.13630848664283,786.3050530814508,0.16666666666666666,307.05605380538213
-1.1368683772161603e-13,"[""L003"", ""L010"", ""L011"", ""L022"", ""L023"", ""L033"", ""R004""]",3147.03955444787,controlled:intermediate:dispersed:r004,3819.9396414273015,3,0.3819939641427301,0.0,999.8611193742795,optimal,2220.4112849838993,0,1423.5141422535094,972.9113569202827,1423.5141422535096,0.0,4093.5292367910565,7049.833985492981,1198.821262041265,2,3819.9396414273024,"[""C000"", ""C001"", ""C002"", ""R000"", ""R005""]",5,0.0,3229.8943440656794,2621.1183793860373,400.70709440213784,8.549077822106511,,139.57079792952572,0.16666666666666666,1,4813.403595929388,2,0.4813403595929388,0.0,1854.7689015849305,optimal,2359.982082913425,1.1064704423015383,6,2323.033044287161,1851.4448631434702,638.9256884987564,2416.9780967555953,1744.1218573547767,1,4813.403595929388,"[""C000"", ""C002"", ""L003"", ""L010"", ""L011"", ""L022"", ""L023"", ""L033"", ""R004""]",9,0.0,3069.281738574611,709.2996556611859,9999.999999999998,intermediate,545.3005953135116,"[""C001"", ""R000"", ""R005""]","[""C000"", ""C002""]",993.4639545020855,0.05453005953135117,31004,7,3,2,dispersed,0.16666666666666666,0.6666666666666666,1193.670872933438,250.24140776453916,795.7805819556252,0.16666666666666666,308.592561259048
0.0,"[""C000"", ""L006"", ""L012"", ""L013"", ""L019"", ""L030"", ""L031""]",3107.586267554692,controlled:intermediate:dispersed:r005,3074.379833977485,1,0.30743798339774847,0.0,909.3110418106494,optimal,2105.383804156154,0,1374.7114059297312,1288.1595698647434,411.50885818301,0.0,3591.836292567013,6525.520933370492,579.8255763070456,5,3074.379833977485,"[""C001"", ""R000"", ""R002"", ""R003"", ""R005"", ""R007""]",6,0.0,3451.1410993930067,2494.5542576704393,389.1704535142852,7.152601837810921,,-9.649285277169838,0.07692307692307693,1,4409.00037360938,2,0.440900037360938,0.0,1624.5712255917415,optimal,2095.734518878984,0.0,6,2054.123652753593,1598.3984943636892,756.4782264920984,2518.350608326414,1624.5712255917415,0,4409.00037360938,"[""C000"", ""C001"", ""L006"", ""L012"", ""L013"", ""L019"", ""L030"", ""L031""]",8,0.0,2784.429148017639,688.6946291386548,10000.0,intermediate,1044.745649284696,"[""R000"", ""R002"", ""R003"", ""R005"", ""R007""]","[""C001""]",1334.6205396318956,0.10447456492846958,31005,7,5,1,dispersed,0.16666666666666666,0.6666666666666666,1183.4536602375867,252.0583752462025,788.9691068250577,0.16666666666666666,299.5241756243696
-1.1368683772161603e-13,"[""L004"", ""L005"", ""L007"", ""L020"", ""L027""]",3080.4357197212544,controlled:intermediate:dispersed:r006,3990.0604611199933,3,0.39900604611199925,0.0,1336.3212610563037,optimal,2217.5655788794647,0,1055.1034012229813,1467.478529948506,1467.478529948506,0.0,3877.4374473905405,6830.602390643331,1336.3212610563037,2,3990.0604611199933,"[""C000"", ""C001"", ""C002"", ""R005"", ""R007""]",5,0.0,2840.541929523338,2653.7392000636896,436.173621184225,6.632549893808256,,174.8543462149387,0.3,1,5080.011970158384,3,0.5080011970158383,0.0,1999.5762504371291,optimal,2392.4199250944034,0.0,5,1928.7382212713746,1836.4161776474182,1314.857571239591,1914.7017664894393,1999.5762504371291,0,5080.0119701583835,"[""C000"", ""C001"", ""C002"", ""L004"", ""L005"", ""L007"", ""L020"", ""L027""]",8,0.0,3080.4357197212544,688.015794626851,9999.999999999998,intermediate,663.2549893808255,"[""R005"", ""R007""]","[""C000"", ""C001"", ""C002""]",1089.9515090383902,0.06632549893808255,31006,5,2,3,dispersed,0.16666666666666666,0.6666666666666666,1224.112370823327,246.12442903923758,816.0749138822175,0.16666666666666666,251.84217344262595
1.1368683772161603e-13,"[""L008"", ""L010"", ""L014"", ""L018"", ""L019"", ""L034""]",3160.18169672085,controlled:intermediate:dispersed:r007,3466.315845254218,2,0.3466315845254218,0.0077359973675525575,761.8002752081402,time_limit,2258.9448644313775,1,1867.6933265479886,1416.8351444285177,181.7873742777117,0.0,4146.773789354881,7253.774754189631,803.0644035746614,3,3466.3158452542184,"[""C001"", ""C002"", ""L024"", ""R000"", ""R006"", ""R008""]",6,0.0,3787.4589089354126,2663.251441679557,404.3065772481797,9.68788799385676,600.0,154.96164620256877,0.25,1,4794.688341785795,2,0.47946883417857955,0.0,1730.5890745938163,optimal,2413.9065106339463,0.6074284338986444,6,2369.3196917491177,1670.7483824669725,754.6202675697045,2411.8762350482302,1669.846231203952,1,4794.688341785795,"[""C001"", ""C002"", ""L008"", ""L010"", ""L014"", ""L018"", ""L019"", ""L034"", ""R008""]",9,0.0,3124.8421105818434,710.9355999478973,10000.0,intermediate,866.7818276292905,"[""L024"", ""R000"", ""R006""]","[""C001"", ""C002"", ""R008""]",1328.3724965315769,0.08667818276292906,31007,6,3,3,dispersed,0.16666666666666666,0.6666666666666666,1191.10257863298,254.79957876382807,794.0683857553203,0.16666666666666666,306.62902269971767
0.0,"[""C002"", ""L002"", ""L004"", ""L005"", ""L012"", ""L031"", ""L032"", ""R007""]",3060.283746847549,controlled:intermediate:dispersed:r008,3165.7615795801503,1,0.316576157958015,0.018557433700419425,1005.6018263461488,time_limit,2185.606407523362,1,1461.2267722414208,857.3735411408334,847.161266197896,0.0,4079.6894461372312,7139.97319298478,588.8148472043126,5,3165.7615795801503,"[""C001"", ""L003"", ""R000"", ""R002"", ""R005"", ""R006"", ""R008""]",7,0.0,3974.21161340463,2576.9467323758377,391.34032485247565,8.611964366707396,600.0,160.80678420027516,0.06666666666666667,1,4917.5442034877,2,0.49175442034877,0.0,1866.7982630168885,optimal,2346.4131917236373,0.0,6,2426.5894456924834,1785.1641828356264,705.7905749595891,2423.7774295752743,1866.7982630168885,1,4917.5442034877,"[""C001"", ""C002"", ""L002"", ""L004"", ""L005"", ""L012"", ""L031"", ""L032"", ""R007""]",9,0.0,3050.745940470811,704.3327487471739,10000.000000000002,intermediate,1277.983415812576,"[""L003"", ""R000"", ""R002"", ""R005"", ""R006"", ""R008""]","[""C001""]",1751.7826239075494,0.12779834158125758,31008,8,6,1,dispersed,0.16666666666666666,0.6666666666666666,1215.755556174446,246.89477991076268,810.5037041162975,0.16666666666666666,312.9924238946983
0.0,"[""C002"", ""L000"", ""L004"", ""L012"", ""L020"", ""L025"", ""L035""]",3128.2011471337855,controlled:intermediate:dispersed:r009,3363.5484000241267,1,0.33635484000241267,0.0,1233.2475537003766,optimal,2232.1381969630374,1,863.4147593681947,1636.7188812877373,863.4147593681945,0.0,3735.936372104399,6864.137519238184,690.759533613229,5,3363.5484000241263,"[""C001"", ""L016"", ""R000"", ""R002"", ""R006"", ""R007"", ""R008""]",7,0.0,3500.589119214057,2672.7888664108973,440.65066944785974,5.473250162467556,,161.0174109216441,0.14285714285714285,1,4902.1987531246605,2,0.490219875312466,0.0,1780.5725699471323,optimal,2393.1556078846816,0.0,6,2250.8942569937462,1983.6647168960603,667.6397792348534,2424.0804355685673,1780.5725699471323,1,4902.1987531246605,"[""C001"", ""C002"", ""L000"", ""L004"", ""L012"", ""L020"", ""L025"", ""L035"", ""R007""]",9,0.0,3121.626183177528,728.4705752928464,10000.000000000002,intermediate,1089.8130363339033,"[""L016"", ""R000"", ""R002"", ""R006"", ""R008""]","[""C001"", ""R007""]",1538.6503531005342,0.1089813036333903,31009,7,5,2,dispersed,0.16666666666666666,0.6666666666666666,1212.298321828147,251.47320737218473,808.1988812187649,0.16666666666666666,287.8199058449867
0.0,"[""C000"", ""C001"", ""L009"", ""L012"", ""L019"", ""L022"", ""L030"", ""L034""]",3069.5015047574316,controlled:intermediate:dispersed:r010,3068.565541281763,0,0.30685655412817625,0.0,1236.3668214902546,optimal,2147.1922619095676,0,876.7330117947894,876.7330117947894,1315.0995176921842,0.0,3719.535414469746,6789.036919227178,502.00524880195053,7,3068.565541281763,"[""R000"", ""R001"", ""R002"", ""R003"", ""R005"", ""R007"", ""R008""]",7,0.0,3720.471377945415,2566.5602924798127,419.3680305702452,5.481902966365559,,217.34222521682568,0.06666666666666667,1,4854.058622884243,2,0.4854058622884242,0.0,1784.5571181268106,optimal,2364.5344871263933,0.0,6,2283.8866150129306,1684.8617172636846,885.3102906076276,2363.7873770737306,1784.5571181268106,1,4854.058622884242,"[""C000"", ""C001"", ""L009"", ""L012"", ""L019"", ""L022"", ""L030"", ""L034"", ""R007""]",9,0.0,3069.5015047574316,704.9670176310383,10000.000000000002,intermediate,1282.55186932486,"[""R000"", ""R001"", ""R002"", ""R003"", ""R005"", ""R008""]","[""R007""]",1785.493081602479,0.12825518693248597,31010,8,6,1,dispersed,0.16666666666666666,0.6666666666666666,1213.315692576503,248.18632092430062,808.8771283843355,0.16666666666666666,285.5989870607931
0.0,"[""C001"", ""C002"", ""L005"", ""L006"", ""L007"", ""L026"", ""L030"", ""L035""]",3127.9720047925307,controlled:intermediate:dispersed:r011,3016.1889100964972,0,0.3016188910096497,0.0,444.4497990343293,optimal,2153.0137679617383,0,861.7682600275705,861.7682600275705,1292.6523900413558,0.0,3625.6897136407715,6702.642022436659,444.4497990343293,7,3016.188910096497,"[""R000"", ""R001"", ""R002"", ""R005"", ""R006"", ""R007"", ""R008""]",7,0.0,3686.453112340162,2571.7391110621675,418.7253431004291,13.291193057210203,,-35.698688038587534,0.0,1,4512.267890372281,2,0.45122678903722807,0.0,1773.5691047553496,optimal,2117.3150799231507,0.541542738765288,6,2126.193060409416,1721.3254810051726,664.749348957692,2378.03416193126,1719.4148308788208,0,4512.267890372281,"[""C001"", ""C002"", ""L005"", ""L006"", ""L007"", ""L026"", ""L030"", ""L035""]",8,0.0,2792.85305949346,675.5379795703093,10000.0,intermediate,1274.9650318444915,"[""R000"", ""R001"", ""R002"", ""R005"", ""R006"", ""R007"", ""R008""]",[],1496.078980275784,0.12749650318444916,31011,8,7,0,dispersed,0.16666666666666666,0.6666666666666666,1228.5618015631524,254.35467920492698,819.0412010421014,0.16666666666666666,256.8126364698802
0.0,"[""C000"", ""L003"", ""L021"", ""L026"", ""L032"", ""L034"", ""L035""]",3087.5206840755814,controlled:intermediate:dispersed:r012,2890.156455978689,1,0.2890156455978689,0.0,834.0321371228779,optimal,2069.802391849157,0,881.8554868937955,1829.9817338668386,178.31923521805487,0.0,3684.005704971025,6610.318490547834,452.16936946118767,5,2890.156455978689,"[""C001"", ""R000"", ""R002"", ""R003"", ""R006"", ""R008""]",6,0.0,3720.162034569145,2437.987086517501,368.18469466834404,9.030560406453594,,288.1917803160013,0.15384615384615385,1,4813.947484822165,2,0.48139474848221653,0.0,1737.0881777682375,optimal,2357.9941721651585,0.0,6,2050.689067588094,2132.015315908207,631.2431013258648,2476.767247429182,1737.0881777682375,1,4813.947484822165,"[""C000"", ""C001"", ""L003"", ""L021"", ""L026"", ""L032"", ""L034"", ""L035"", ""R000""]",9,0.0,3076.8593070539278,718.8651348887691,10000.000000000002,intermediate,1284.9188083070499,"[""R002"", ""R003"", ""R006"", ""R008""]","[""C001"", ""R000""]",1923.7910288434764,0.12849188083070495,31012,7,4,2,dispersed,0.16666666666666666,0.6666666666666666,1184.4912025826081,248.3710640735709,789.6608017217391,0.16666666666666666,350.6804402204251
2.2737367544323206e-13,"[""L000"", ""L006"", ""L013"", ""L025"", ""L029""]",3132.5871844018884,controlled:intermediate:dispersed:r013,3886.1343229594727,3,0.38861343229594725,0.0,1187.4510231624918,optimal,2290.062652886031,0,1852.2444623895526,1016.9449302849602,1016.9449302849599,0.0,3973.9193472061766,6997.730035879795,1187.4510231624918,2,3886.1343229594727,"[""C000"", ""C001"", ""C002"", ""R000"", ""R008""]",5,0.0,3111.595712920322,2698.683299796981,408.62064691094963,6.0182945871147595,,193.12071760805247,0.3,1,4921.867666275855,3,0.49218676662758554,0.0,1789.2804818739678,optimal,2483.1833704940836,0.0,5,1913.1519116500358,1607.6692730531072,1401.0464815727128,1871.0328754209754,1789.2804818739678,0,4921.867666275856,"[""C000"", ""C001"", ""C002"", ""L000"", ""L006"", ""L013"", ""L025"", ""L029""]",8,0.0,3132.5871844018884,649.4038139078049,10000.000000000002,intermediate,601.829458711476,"[""R000"", ""R008""]","[""C000"", ""C001"", ""C002""]",1035.7333433163835,0.06018294587114759,31013,5,2,3,dispersed,0.16666666666666666,0.6666666666666666,1209.9796038092445,252.20123470018189,806.6530692061632,0.16666666666666666,240.78316699685524
-2.2737367544323206e-13,"[""L003"", ""L005"", ""L014"", ""L018"", ""L021"", ""L035""]",3137.7698450342723,controlled:intermediate:dispersed:r014,3529.379028620676,2,0.3529379028620676,0.0,1131.461546289103,optimal,2292.4207588988334,1,2066.2795993026443,1036.1390655712132,426.96036374681876,0.0,3553.1586328632543,6649.725906618213,819.9364781320023,3,3529.379028620676,"[""C001"", ""C002"", ""L027"", ""R000"", ""R007"", ""R008""]",6,0.0,3120.3468779975374,2709.4425504886735,417.0217915898402,5.842397164457183,,-161.78530855121926,0.16666666666666666,1,4497.811290240572,2,0.4497811290240572,0.0,1715.7012627348213,optimal,2130.635450347614,0.032364634296291106,6,2050.7278072876206,1702.3543098715195,744.7291730814316,2425.5331590981455,1712.4647993051922,0,4497.811290240572,"[""C001"", ""C002"", ""L003"", ""L005"", ""L014"", ""L018"", ""L021"", ""L035""]",8,0.0,2785.3464909353797,654.7110405877654,10000.000000000002,intermediate,892.5283211731899,"[""L027"", ""R000"", ""R007"", ""R008""]","[""C001"", ""C002""]",968.432261619896,0.08925283211731896,31014,6,4,2,dispersed,0.16666666666666666,0.6666666666666666,1217.088542804153,256.9866018890409,811.3923618694355,0.16666666666666666,237.68924899792523
-3.410605131648481e-13,"[""L002"", ""L003"", ""L015"", ""L020"", ""L021"", ""L029"", ""R008""]",3144.622227187096,controlled:intermediate:dispersed:r015,4010.5256882509125,3,0.40105256882509127,0.0,1236.3843166068045,optimal,2317.1947735157573,0,1479.584520901477,1479.584520901477,1051.3566464479586,0.0,4046.057724839742,7174.520701401971,1236.3843166068045,2,4010.525688250913,"[""C000"", ""C001"", ""C002"", ""R000"", ""R005""]",5,0.0,3163.995013151058,2774.1413716441084,456.9465981283513,5.2691397035347185,,104.13838591700141,0.16666666666666666,1,4871.214081964496,2,0.48712140819644956,0.0,1763.2982869602765,optimal,2421.3331594327587,0.36706432182877047,6,2385.375453217328,1762.907882212974,722.9307465341941,2340.27291461506,1726.5918547773995,1,4871.214081964496,"[""C001"", ""C002"", ""L002"", ""L003"", ""L015"", ""L020"", ""L021"", ""L029"", ""R008""]",9,0.0,3144.622227187096,723.2890677543372,10000.000000000002,intermediate,490.20753817059494,"[""C000"", ""R000"", ""R005""]","[""C001"", ""C002""]",860.6883937135826,0.04902075381705948,31015,7,3,2,dispersed,0.16666666666666666,0.6666666666666666,1222.724683869614,254.7253041656866,815.1497892464096,0.16666666666666666,266.3424696259859
-2.2737367544323206e-13,"[""C000"", ""C002"", ""L001"", ""L018"", ""L031"", ""L032"", ""L034"", ""L035""]",3146.4461951009234,controlled:intermediate:dispersed:r016,2851.319549951004,0,0.2851319549951004,0.0,358.93666724729655,optimal,2084.7582242318476,0,1299.3990549124153,433.13301830413843,1118.78747673445,0.0,3693.5666124838035,6737.624729175487,358.93666724729655,7,2851.319549951004,"[""R000"", ""R001"", ""R002"", ""R003"", ""R005"", ""R007"", ""R008""]",7,0.0,3886.3051792244833,2492.3828827037073,407.6246584718596,12.588303824033387,600.0,65.60230112678619,0.0,1,4463.24840525413,2,0.44632484052541305,0.0,1617.7670496506353,optimal,2150.360525358634,0.0,6,1932.7569062257953,1837.053143506345,693.4383555219902,2422.441856151298,1617.7670496506353,0,4463.24840525413,"[""C000"", ""C002"", ""L001"", ""L018"", ""L031"", ""L032"", ""L034"", ""L035""]",8,0.0,2845.481355603495,695.120830244861,10000.0,intermediate,1258.8303824033387,"[""R000"", ""R001"", ""R002"", ""R003"", ""R005"", ""R007"", ""R008""]",[],1611.9288553031265,0.12588303824033387,31016,8,7,0,dispersed,0.16666666666666666,0.6666666666666666,1211.2604720560803,256.06766758803,807.5069813707203,0.16666666666666666,287.49617177300144
3.410605131648481e-13,"[""L001"", ""L009"", ""L011"", ""L012"", ""L016"", ""L032""]",3121.5823012967576,controlled:intermediate:dispersed:r017,3813.2863213526243,3,0.3813286321352624,0.0,1158.572298583464,optimal,2261.7452061964277,0,1417.6930977518166,977.900125848991,1417.6930977518166,0.0,3984.335148746971,6960.955858590041,1158.572298583464,2,3813.286321352624,"[""C000"", ""C001"", ""C002"", ""R000"", ""R008""]",5,0.0,3147.669537237417,2654.71402276916,392.96881657273184,7.241279569301383,,94.35309847175313,0.2727272727272727,1,4843.06095520362,2,0.484306095520362,0.0,1882.7002555136023,optimal,2356.098304668181,1.0943172735146347,6,2367.757968101619,1777.5687844118593,697.7342026901422,2447.4677316028133,1773.2685281621389,1,4843.06095520362,"[""C000"", ""C001"", ""L001"", ""L009"", ""L011"", ""L012"", ""L016"", ""L032"", ""R008""]",9,0.0,3069.7924270414815,713.6941223733007,9999.999999999998,intermediate,614.6962295786748,"[""C002"", ""R000""]","[""C000"", ""C001"", ""R008""]",1029.7746338509965,0.06146962295786749,31017,6,2,3,dispersed,0.16666666666666666,0.6666666666666666,1195.518565129256,249.275464509614,797.0123767528371,0.16666666666666666,320.7253058005689
0.0,"[""C000"", ""C002"", ""L011"", ""L012"", ""L015"", ""L021"", ""L023"", ""L033""]",3108.0676772727065,controlled:intermediate:dispersed:r018,3397.1185766332574,1,0.33971185766332573,0.0,1314.0670438646334,optimal,2169.0897201459975,1,1315.346398091045,438.4487993636817,1643.323379178531,0.0,4083.3911619868386,7191.458839259545,776.624184744177,5,3397.1185766332574,"[""C001"", ""L016"", ""R000"", ""R002"", ""R003"", ""R007"", ""R008""]",7,0.0,3794.3402626262878,2620.4943918890804,451.40467174308264,5.256244975705089,,183.49118748810133,0.06666666666666667,1,4887.970284787307,2,0.4887970284787307,0.0,1839.6915414351424,optimal,2352.580907634099,0.3929423765297724,6,2529.6307337962016,1778.1169920804446,580.2225589106604,2399.732147992855,1800.3973037821652,1,4887.970284787307,"[""C000"", ""C002"", ""L011"", ""L012"", ""L015"", ""L021"", ""L023"", ""L033"", ""R008""]",9,0.0,3087.5729810051416,734.9920733710426,10000.000000000002,intermediate,1023.7731190379882,"[""C001"", ""L016"", ""R000"", ""R002"", ""R003"", ""R007""]","[""R008""]",1490.8517081540494,0.1023773119037988,31018,8,6,1,dispersed,0.16666666666666666,0.6666666666666666,1212.923951376068,247.70603025213637,808.6159675840457,0.16666666666666666,283.58740162795993
0.0,"[""L001"", ""L006"", ""L009"", ""L012"", ""L019"", ""L022"", ""R002""]",3088.7918647130737,controlled:intermediate:dispersed:r019,3891.943415483752,3,0.3891943415483752,0.0,1233.7991960472418,optimal,2243.265096049488,0,1439.9459434525643,1439.945943452564,1012.0515285786234,0.0,3978.895967540054,6966.86213659545,1233.7991960472418,2,3891.9434154837513,"[""C000"", ""C001"", ""C002"", ""R000"", ""R008""]",5,0.0,3074.918721111698,2658.1442194365095,414.8791233870216,7.173118329759345,,105.47928052053612,0.16666666666666666,1,4901.181057364025,2,0.4901181057364025,0.0,1951.1110290231763,optimal,2348.744376570024,1.114489619854876,6,2439.6396313153105,1839.320584735527,622.2208413131884,2449.183585332838,1839.6620670376888,1,4901.181057364025,"[""C001"", ""C002"", ""L001"", ""L006"", ""L009"", ""L012"", ""L019"", ""L022"", ""R002""]",9,0.0,3061.5189903263363,712.7746137563122,10000.0,intermediate,605.8628709904469,"[""C000"", ""R000"", ""R008""]","[""C001"", ""C002""]",1009.2376418802737,0.06058628709904469,31019,7,3,2,dispersed,0.16666666666666666,0.6666666666666666,1208.1672328068978,247.92581730263677,805.444821871265,0.16666666666666666,297.8954903692906
