case_id,catalog_actual_service,catalog_estimated_supported_groups,catalog_mno_0_service,catalog_mno_1_service,catalog_mno_2_service,catalog_selected,compute_capacity,fixed_cost,informed_actual_service,informed_mno_0_service,informed_mno_1_service,informed_mno_2_service,informed_selected,interface_capacity,overlap,site_id,support_pattern,supported_groups,tier
controlled:aligned:clustered:r000,2141.2905412493265,15,927.0447860580293,721.0348336006894,493.2109215906075,1,3211.935811873989,587.9342831004957,2141.2905412493265,963.5807435621969,721.0348336006894,456.6749640864401,1,2141.290541249326,aligned,C000,clustered,18,CENTRAL
controlled:aligned:clustered:r000,0.0,12,0.0,0.0,0.0,0,3211.935811873989,587.9342831004957,2141.2905412493265,918.1538228662432,815.0683526647529,408.0683657183303,1,2141.290541249326,aligned,C001,clustered,33,CENTRAL
controlled:aligned:clustered:r000,0.0,12,0.0,0.0,0.0,0,3211.935811873989,587.9342831004957,2141.2905412493255,963.5807435621966,714.1610379043377,463.5487597827913,1,2141.290541249326,aligned,C002,clustered,21,CENTRAL
controlled:aligned:clustered:r000,0.0,33,0.0,0.0,0.0,0,610.2899964928229,161.2021150202224,406.8599976618819,183.0869989478469,142.6090976496742,81.1639010643608,1,406.859997661882,aligned,L016,clustered,18,LOCAL
controlled:aligned:clustered:r000,992.1298289360299,57,446.45842302121355,297.95572305827443,247.71568285654178,1,1488.1947434040449,297.37759655712875,992.1298289360299,383.08592964635295,438.78348611352,170.26041317615687,1,992.1298289360301,aligned,R000,clustered,12,REGIONAL
controlled:aligned:clustered:r000,992.1298289360298,57,446.45842302121355,392.3373170073354,153.33408890748092,1,1488.1947434040449,297.37759655712875,0.0,0.0,0.0,0.0,0,992.1298289360301,aligned,R002,clustered,12,REGIONAL
controlled:aligned:clustered:r000,828.6876584554211,72,372.9094463049395,290.0406804593973,165.7375316910842,1,1488.1947434040449,297.37759655712875,0.0,0.0,0.0,0.0,0,992.1298289360301,aligned,R004,clustered,6,REGIONAL
controlled:aligned:clustered:r000,773.0890585990879,57,347.89007636958956,270.58117050968076,154.6178117198176,1,1488.1947434040449,297.37759655712875,0.0,0.0,0.0,0.0,0,992.1298289360301,aligned,R005,clustered,6,REGIONAL
controlled:aligned:clustered:r000,951.4982123629212,51,428.1741955633146,333.02437432702243,190.29964247258425,1,1488.1947434040449,297.37759655712875,0.0,0.0,0.0,0.0,0,992.1298289360301,aligned,R008,clustered,6,REGIONAL
controlled:aligned:clustered:r001,2205.3180271631286,12,962.592528289514,814.9065974116085,427.81890146200635,1,3307.9770407446936,570.3536828688909,2205.318027163128,992.3931122234081,750.1029706547909,462.8219442849295,1,2205.3180271631295,aligned,C000,clustered,18,CENTRAL
controlled:aligned:clustered:r001,0.0,12,0.0,0.0,0.0,0,3307.9770407446936,570.3536828688909,2205.318027163129,992.3931122234083,730.3777152163645,482.5471997233564,1,2205.3180271631295,aligned,C001,clustered,39,CENTRAL
controlled:aligned:clustered:r001,0.0,12,0.0,0.0,0.0,0,3307.9770407446936,570.3536828688909,2135.4550081569605,960.9547536706324,747.4092528549363,427.09100163139215,1,2205.3180271631295,aligned,C002,clustered,15,CENTRAL
controlled:aligned:clustered:r001,0.0,27,0.0,0.0,0.0,0,605.839529699266,158.20255998989938,403.8930197995107,181.75185890977983,130.7947011578972,91.34645973183363,1,403.89301979951074,aligned,L002,clustered,3,LOCAL
controlled:aligned:clustered:r001,982.6552450809135,57,375.2999173656451,426.9092360960948,180.44609161917361,1,1473.9828676213704,302.1379233301254,982.6552450809135,442.1948602864113,373.6604215208822,166.79996327362005,1,982.655245080914,aligned,R000,clustered,12,REGIONAL
controlled:aligned:clustered:r001,982.6552450809135,54,394.1741122818297,326.9351838740529,261.54594892503087,1,1473.9828676213704,302.1379233301254,0.0,0.0,0.0,0.0,0,982.655245080914,aligned,R002,clustered,12,REGIONAL
controlled:aligned:clustered:r001,776.126637998482,72,349.2569870993169,271.6443232994687,155.2253275996964,1,1473.9828676213704,302.1379233301254,0.0,0.0,0.0,0.0,0,982.655245080914,aligned,R004,clustered,6,REGIONAL
controlled:aligned:clustered:r001,795.5222847748001,57,357.98502814866015,278.4327996711801,159.10445695496009,1,1473.9828676213704,302.1379233301254,0.0,0.0,0.0,0.0,0,982.655245080914,aligned,R005,clustered,6,REGIONAL
controlled:aligned:clustered:r001,760.2396743011567,66,371.9084373694144,223.03859810089148,165.29263883085082,1,1473.9828676213704,302.1379233301254,0.0,0.0,0.0,0.0,0,982.655245080914,aligned,R007,clustered,6,REGIONAL
controlled:aligned:clustered:r002,2389.895072286279,12,1068.5595949169744,900.0225264187782,421.3129509505265,1,3584.842608429419,569.7213710805107,2389.895072286279,975.5739593424848,900.0225264187782,514.2985865250162,1,2389.8950722862796,aligned,C000,clustered,18,CENTRAL
controlled:aligned:clustered:r002,2389.8950722862796,12,1075.4527825288255,877.2959440593859,437.14634569806805,1,3584.842608429419,569.7213710805107,2389.895072286279,983.579277820653,877.4419875120036,528.8738069536228,1,2389.8950722862796,aligned,C001,clustered,39,CENTRAL
controlled:aligned:clustered:r002,0.0,12,0.0,0.0,0.0,0,3584.842608429419,569.7213710805107,2000.9685250347393,900.4358362656328,700.3389837621587,400.1937050069479,1,2389.8950722862796,aligned,C002,clustered,15,CENTRAL
controlled:aligned:clustered:r002,400.3592497606536,18,180.16166239229423,145.82984197437068,74.36774539398868,1,600.5388746409805,156.74612455165564,0.0,0.0,0.0,0.0,0,400.35924976065377,aligned,L005,clustered,9,LOCAL
controlled:aligned:clustered:r002,0.0,15,0.0,0.0,0.0,0,600.5388746409805,156.74612455165564,400.3592497606536,176.01703598974086,136.90213910313176,87.44007466778096,1,400.35924976065377,aligned,L023,clustered,6,LOCAL
controlled:aligned:clustered:r002,935.2646435286251,57,420.8690895878815,270.68809921788613,243.70745472285742,1,1402.8969652929377,305.90269733143145,935.2646435286251,335.4838184765124,420.8690895878815,178.91173546423119,1,935.2646435286252,aligned,R000,clustered,12,REGIONAL
controlled:aligned:clustered:r002,935.2646435286251,57,372.7224830727032,317.5099727937718,245.0321876621502,1,1402.8969652929377,305.90269733143145,0.0,0.0,0.0,0.0,0,935.2646435286252,aligned,R002,clustered,12,REGIONAL
controlled:aligned:clustered:r002,782.4955159618094,57,352.1229821828142,273.8734305866333,156.49910319236187,1,1402.8969652929377,305.90269733143145,0.0,0.0,0.0,0.0,0,935.2646435286252,aligned,R005,clustered,6,REGIONAL
controlled:aligned:clustered:r003,0.0,12,0.0,0.0,0.0,0,3115.11821659958,504.2296664186729,2063.3887212473046,928.524924561287,722.1860524365565,412.6777442494609,1,2076.7454777330545,aligned,C000,clustered,15,CENTRAL
controlled:aligned:clustered:r003,2076.745477733053,15,931.4570400963624,728.8199148597124,416.4685227769786,1,3115.11821659958,504.2296664186729,2076.7454777330536,876.3647341411767,842.2578002282969,358.1229433635799,1,2076.7454777330545,aligned,C001,clustered,39,CENTRAL
controlled:aligned:clustered:r003,2076.7454777330536,12,934.5354649798746,709.8459121950833,432.3641005580953,1,3115.11821659958,504.2296664186729,2076.745477733053,911.4058657327791,708.8712289032725,456.4683830970016,1,2076.7454777330545,aligned,C002,clustered,18,CENTRAL
controlled:aligned:clustered:r003,819.1222871161557,57,368.6050292022701,286.69280049065446,163.82445742323114,1,1486.481225895884,305.1485224436414,990.9874839305895,445.94436776876546,381.2186587385928,163.82445742323114,1,990.9874839305899,aligned,R000,clustered,12,REGIONAL
controlled:aligned:clustered:r003,0.0,72,0.0,0.0,0.0,0,1486.481225895884,305.1485224436414,990.9874839305894,445.94436776876546,342.92224204605157,202.12087411577244,1,990.9874839305899,aligned,R001,clustered,12,REGIONAL
controlled:aligned:clustered:r003,644.5740110986624,48,189.64565316915247,289.4998641369608,165.42849379254903,1,1486.481225895884,305.1485224436414,0.0,0.0,0.0,0.0,0,990.9874839305899,aligned,R006,clustered,6,REGIONAL
controlled:aligned:clustered:r003,833.7155289405997,66,375.1719880232699,291.80043512920986,166.74310578811995,1,1486.481225895884,305.1485224436414,0.0,0.0,0.0,0.0,0,990.9874839305899,aligned,R007,clustered,6,REGIONAL
controlled:aligned:clustered:r003,820.8909250799461,51,369.40091628597577,287.3118237779811,164.17818501598921,1,1486.481225895884,305.1485224436414,0.0,0.0,0.0,0.0,0,990.9874839305899,aligned,R008,clustered,6,REGIONAL
controlled:aligned:clustered:r004,2162.0252376006283,12,957.6338022310224,744.8262906241284,459.5651447454775,1,3243.037856400943,530.3297874228382,2162.0252376006283,972.9113569202826,763.4988574665579,425.6150232137877,1,2162.0252376006283,aligned,C000,clustered,21,CENTRAL
controlled:aligned:clustered:r004,2162.0252376006283,12,967.3519990705838,713.664933813305,481.0083047167399,1,3243.037856400943,530.3297874228382,2162.0252376006288,972.9113569202827,847.6321905955523,341.4816900847936,1,2162.0252376006283,aligned,C001,clustered,36,CENTRAL
controlled:aligned:clustered:r004,2075.2761717437093,12,933.8742772846692,726.3466601102983,415.0552343487419,1,3243.037856400943,530.3297874228382,2075.2761717437093,933.8742772846692,726.3466601102983,415.0552343487419,1,2162.0252376006283,aligned,C002,clustered,15,CENTRAL
controlled:aligned:clustered:r004,1001.339522962726,57,449.61466482641515,404.4353620010168,147.28949613529417,1,1502.0092844440894,314.71096135769227,1001.3395229627263,384.47080666070076,385.7627951585873,231.1059211434382,1,1001.339522962726,aligned,R000,clustered,12,REGIONAL
controlled:aligned:clustered:r004,0.0,69,0.0,0.0,0.0,0,1502.0092844440894,314.71096135769227,1001.3395229627263,450.60278533322685,300.56914669315904,250.16759093634036,1,1001.339522962726,aligned,R001,clustered,12,REGIONAL
controlled:aligned:clustered:r004,452.9229887446418,57,203.81534493508883,158.52304606062464,90.58459774892837,1,1502.0092844440894,314.71096135769227,0.0,0.0,0.0,0.0,0,1001.339522962726,aligned,R005,clustered,6,REGIONAL
controlled:aligned:clustered:r005,0.0,12,0.0,0.0,0.0,0,3151.0829421382787,573.53035363751,2100.721961425519,939.0208272422692,730.3495322995427,431.3516018837069,1,2100.7219614255187,aligned,C000,clustered,18,CENTRAL
controlled:aligned:clustered:r005,2100.7219614255187,12,945.3248826414833,775.3777949638297,380.0192838202057,1,3151.0829421382787,573.53035363751,2100.721961425519,945.3248826414833,749.674457642823,405.72262114121264,1,2100.7219614255187,aligned,C001,clustered,36,CENTRAL
controlled:aligned:clustered:r005,0.0,12,0.0,0.0,0.0,0,3151.0829421382787,573.53035363751,2100.7219614255187,945.3248826414834,727.3801475126912,428.01693127134394,1,2100.7219614255187,aligned,C002,clustered,18,CENTRAL
controlled:aligned:clustered:r005,0.0,30,0.0,0.0,0.0,0,629.5876520816037,158.11230193399405,419.72510138773566,188.87629562448103,138.68769276985194,92.16111299340268,1,419.72510138773566,aligned,L002,clustered,3,LOCAL
controlled:aligned:clustered:r005,954.1922739738839,57,429.3865232882479,360.4859577037522,164.3197929818839,1,1431.2884109608267,306.37069010372875,954.1922739738839,369.71953420923876,420.15294678276126,164.3197929818839,1,954.1922739738841,aligned,R000,clustered,12,REGIONAL
controlled:aligned:clustered:r005,954.1922739738841,54,376.9989916441411,409.63817493234694,167.55510739739606,1,1431.2884109608267,306.37069010372875,0.0,0.0,0.0,0.0,0,954.1922739738841,aligned,R002,clustered,12,REGIONAL
controlled:aligned:clustered:r005,954.192273973884,54,403.5978383665258,313.9094298406312,236.6850057667269,1,1431.2884109608267,306.37069010372875,0.0,0.0,0.0,0.0,0,954.1922739738841,aligned,R003,clustered,9,REGIONAL
controlled:aligned:clustered:r005,798.3443561253551,57,359.25496025640984,279.4205246438743,159.66887122507103,1,1431.2884109608267,306.37069010372875,0.0,0.0,0.0,0.0,0,954.1922739738841,aligned,R005,clustered,6,REGIONAL
controlled:aligned:clustered:r005,785.50919070071,63,353.4791358153195,274.92821674524845,157.101838140142,1,1431.2884109608267,306.37069010372875,0.0,0.0,0.0,0.0,0,954.1922739738841,aligned,R007,clustered,6,REGIONAL
controlled:aligned:clustered:r006,2344.674224939958,12,1055.1034012229813,870.9943314881097,418.5764922288669,1,3517.0113374099396,533.0938466482172,2344.674224939958,1055.1034012229811,864.4108939016062,425.15992981537045,1,2344.674224939958,aligned,C000,clustered,18,CENTRAL
controlled:aligned:clustered:r006,2344.674224939958,12,994.0494295406354,859.4885061632054,491.1362892361175,1,3517.0113374099396,533.0938466482172,2344.6742249399576,1055.1034012229811,784.2745025743454,505.2963211426311,1,2344.674224939958,aligned,C001,clustered,33,CENTRAL
controlled:aligned:clustered:r006,2344.6742249399576,12,969.3485114008475,861.2197117630303,514.1060017760796,1,3517.0113374099396,533.0938466482172,2344.6742249399576,969.3485114008475,861.2197117630303,514.1060017760796,1,2344.674224939958,aligned,C002,clustered,21,CENTRAL
controlled:aligned:clustered:r006,0.0,27,0.0,0.0,0.0,0,613.2697812779013,158.62767702995038,408.846520851934,183.98093438337028,136.01011528391345,88.85547118465024,1,408.846520851934,aligned,L026,clustered,6,LOCAL
controlled:aligned:clustered:r006,0.0,57,0.0,0.0,0.0,0,1374.5837624184162,309.1420194674067,916.3891749456103,352.7590468975284,412.37512872552475,151.2549993225572,1,916.3891749456104,aligned,R000,clustered,12,REGIONAL
controlled:aligned:clustered:r006,621.0328818405093,57,368.7017852369669,160.57433420225425,91.75676240128814,1,1374.5837624184162,309.1420194674067,0.0,0.0,0.0,0.0,0,916.3891749456104,aligned,R005,clustered,6,REGIONAL
controlled:aligned:clustered:r006,565.223581443994,63,254.35061164979712,147.4699007462734,163.4030690479235,1,1374.5837624184162,309.1420194674067,0.0,0.0,0.0,0.0,0,916.3891749456104,aligned,R007,clustered,6,REGIONAL
controlled:aligned:clustered:r007,0.0,12,0.0,0.0,0.0,0,3219.923207696822,564.5893679917446,2146.6154717978816,957.3860354131766,707.0332968603773,482.1961395243276,1,2146.6154717978816,aligned,C000,clustered,21,CENTRAL
controlled:aligned:clustered:r007,2146.615471797881,15,965.9769623090466,767.910677327289,412.7278321615455,1,3219.923207696822,564.5893679917446,2146.615471797881,965.9769623090466,767.910677327289,412.7278321615455,1,2146.6154717978816,aligned,C001,clustered,33,CENTRAL
controlled:aligned:clustered:r007,2146.615471797881,12,949.7291509700962,761.6549314358631,435.2313893919218,1,3219.923207696822,564.5893679917446,2146.615471797881,949.7291509700962,761.6549314358631,435.2313893919218,1,2146.6154717978816,aligned,C002,clustered,18,CENTRAL
controlled:aligned:clustered:r007,403.9719428393593,18,181.78737427771173,153.26618091332614,68.91838764832146,1,605.9579142590391,160.25983502961662,403.9719428393594,163.12508711841824,153.26618091332614,87.58067480761494,1,403.9719428393594,aligned,L024,clustered,9,LOCAL
controlled:aligned:clustered:r007,1001.9070713766018,57,404.1536457741863,430.13761531324474,167.61581028917078,1,1502.8606070649028,323.1687644727573,1001.9070713766018,404.1536457741863,430.13761531324474,167.61581028917078,1,1001.9070713766018,aligned,R000,clustered,12,REGIONAL
controlled:aligned:clustered:r007,773.2306687871051,51,347.9538009541973,270.63073407548677,154.646133757421,1,1502.8606070649028,323.1687644727573,0.0,0.0,0.0,0.0,0,1001.9070713766018,aligned,R006,clustered,6,REGIONAL
controlled:aligned:clustered:r007,744.8421860219269,51,335.1789837098671,260.69476510767436,148.9684372043854,1,1502.8606070649028,323.1687644727573,0.0,0.0,0.0,0.0,0,1001.9070713766018,aligned,R008,clustered,6,REGIONAL
controlled:aligned:clustered:r008,0.0,12,0.0,0.0,0.0,0,3441.8000055700127,544.8519775748297,2294.533337046675,950.8539714173957,855.0686872186322,488.61067841064715,1,2294.5333370466756,aligned,C000,clustered,18,CENTRAL
controlled:aligned:clustered:r008,2294.533337046675,15,1032.5400016710041,831.3051982818359,430.68813709383556,1,3441.8000055700127,544.8519775748297,2294.533337046675,1004.6500297976472,761.3931792258043,528.4901280232236,1,2294.5333370466756,aligned,C001,clustered,39,CENTRAL
controlled:aligned:clustered:r008,0.0,12,0.0,0.0,0.0,0,3441.8000055700127,544.8519775748297,1984.5381537714889,893.0421691971701,694.5883538200211,396.90763075429777,1,2294.5333370466756,aligned,C002,clustered,15,CENTRAL
controlled:aligned:clustered:r008,397.2791276726591,24,174.1701298371389,135.4656565399969,87.64334129552334,1,605.9443573938186,160.0962673421157,0.0,0.0,0.0,0.0,0,403.9629049292125,aligned,L003,clustered,6,LOCAL
controlled:aligned:clustered:r008,952.637267934259,57,428.6867705704167,362.94776469211854,161.00273267172372,1,1428.9559019013884,296.1316325212834,575.6718929415722,362.25614851137834,140.98478776980443,72.43095666038948,1,952.6372679342591,aligned,R000,clustered,12,REGIONAL
controlled:aligned:clustered:r008,952.637267934259,57,352.219370191997,350.23973964633876,250.1781580959232,1,1428.9559019013884,296.1316325212834,0.0,0.0,0.0,0.0,0,952.6372679342591,aligned,R002,clustered,12,REGIONAL
controlled:aligned:clustered:r008,798.9277554090452,57,359.51748993407034,279.6247143931658,159.78555108180905,1,1428.9559019013884,296.1316325212834,0.0,0.0,0.0,0.0,0,952.6372679342591,aligned,R005,clustered,6,REGIONAL
controlled:aligned:clustered:r008,766.8188436580342,51,345.0684796461154,268.3865952803119,153.36376873160685,1,1428.9559019013884,296.1316325212834,0.0,0.0,0.0,0.0,0,952.6372679342591,aligned,R006,clustered,6,REGIONAL
controlled:aligned:clustered:r008,952.6372679342588,51,427.2411600333651,334.3429777551142,191.05313014577956,1,1428.9559019013884,296.1316325212834,952.6372679342588,427.2411600333651,334.3429777551142,191.05313014577956,1,952.6372679342591,aligned,R008,clustered,6,REGIONAL
controlled:aligned:clustered:r009,0.0,12,0.0,0.0,0.0,0,3410.684896453324,561.6268055431706,1962.7183803028374,883.2232711362769,686.951433105993,392.5436760605676,1,2273.7899309688833,aligned,C000,clustered,15,CENTRAL
controlled:aligned:clustered:r009,2273.7899309688823,12,1001.4153192973764,834.006152328056,438.36845934345035,1,3410.684896453324,561.6268055431706,2273.7899309688823,984.7002139547744,851.4451774786528,437.6445395354553,1,2273.7899309688833,aligned,C001,clustered,36,CENTRAL
controlled:aligned:clustered:r009,0.0,12,0.0,0.0,0.0,0,3410.684896453324,561.6268055431706,2273.789930968883,935.9923454398029,841.3899871025617,496.4075984265183,1,2273.7899309688833,aligned,C002,clustered,21,CENTRAL
controlled:aligned:clustered:r009,304.33877771253435,36,167.04005678529853,63.05869568932533,74.24002523791046,1,606.0201088921419,161.3447790542012,0.0,0.0,0.0,0.0,0,404.0134059280947,aligned,L016,clustered,12,LOCAL
controlled:aligned:clustered:r009,959.3497326313272,57,392.3442767389947,385.9252058862845,181.08025000604798,1,1439.0245989469909,301.83332247313314,905.4012500302397,407.4305625136079,316.89043751058387,181.08025000604798,1,959.3497326313274,aligned,R000,clustered,12,REGIONAL
controlled:aligned:clustered:r009,959.3497326313271,57,372.5538457680194,417.95703218724384,168.83885467606385,1,1439.0245989469909,301.83332247313314,0.0,0.0,0.0,0.0,0,959.3497326313274,aligned,R002,clustered,12,REGIONAL
controlled:aligned:clustered:r009,807.1346027898953,51,363.2105712554529,282.4971109764633,161.4269205579791,1,1439.0245989469909,301.83332247313314,0.0,0.0,0.0,0.0,0,959.3497326313274,aligned,R006,clustered,6,REGIONAL
controlled:aligned:clustered:r009,847.8242874487528,63,381.5209293519388,296.73850060706343,169.56485748975058,1,1439.0245989469909,301.83332247313314,0.0,0.0,0.0,0.0,0,959.3497326313274,aligned,R007,clustered,6,REGIONAL
controlled:aligned:clustered:r009,851.665475755073,51,383.24946408978286,298.08291651427555,170.33309515101462,1,1439.0245989469909,301.83332247313314,797.7382358851146,329.3222242198245,298.08291651427555,170.33309515101462,1,959.3497326313274,aligned,R008,clustered,6,REGIONAL
controlled:aligned:clustered:r010,0.0,12,0.0,0.0,0.0,0,3419.8412331885265,568.4569493167423,2279.8941554590174,1025.9523699565584,832.9947423567655,420.9470431456933,1,2279.8941554590187,aligned,C000,clustered,18,CENTRAL
controlled:aligned:clustered:r010,0.0,12,0.0,0.0,0.0,0,3419.8412331885265,568.4569493167423,2279.894155459018,1025.9523699565589,821.8684234521386,432.0733620503205,1,2279.8941554590187,aligned,C001,clustered,36,CENTRAL
controlled:aligned:clustered:r010,0.0,12,0.0,0.0,0.0,0,3419.8412331885265,568.4569493167423,2279.8941554590174,1025.9523699565586,762.2655390915979,491.6762464108607,1,2279.8941554590187,aligned,C002,clustered,18,CENTRAL
controlled:aligned:clustered:r010,0.0,21,0.0,0.0,0.0,0,599.7078089864605,153.47980613192365,399.8052059909736,154.79683399191063,155.91441854485828,89.09395345420474,1,399.8052059909737,aligned,L003,clustered,6,LOCAL
controlled:aligned:clustered:r010,974.1477908830991,57,438.36650589739475,314.3118385909877,221.46944639471653,1,1461.2216863246488,306.74175170136675,974.1477908830991,404.11522104555564,314.3118385909877,255.7207312465557,1,974.1477908830992,aligned,R000,clustered,12,REGIONAL
controlled:aligned:clustered:r010,974.1477908830993,72,438.3665058973947,375.42217419301306,160.3591107926914,1,1461.2216863246488,306.74175170136675,0.0,0.0,0.0,0.0,0,974.1477908830992,aligned,R001,clustered,12,REGIONAL
controlled:aligned:clustered:r010,974.1477908830993,57,434.9788322097926,294.03836329298883,245.13059538031797,1,1461.2216863246488,306.74175170136675,0.0,0.0,0.0,0.0,0,974.1477908830992,aligned,R002,clustered,12,REGIONAL
controlled:aligned:clustered:r010,839.9854515543229,57,377.99345319944536,293.994908044013,167.99709031086462,1,1461.2216863246488,306.74175170136675,0.0,0.0,0.0,0.0,0,974.1477908830992,aligned,R003,clustered,6,REGIONAL
controlled:aligned:clustered:r010,764.3360479668057,54,343.9512215850626,267.517616788382,152.86720959336117,1,1461.2216863246488,306.74175170136675,0.0,0.0,0.0,0.0,0,974.1477908830992,aligned,R005,clustered,6,REGIONAL
controlled:aligned:clustered:r010,913.9996331688124,63,411.29983492596557,319.89987160908424,182.79992663376245,1,1461.2216863246488,306.74175170136675,0.0,0.0,0.0,0.0,0,974.1477908830992,aligned,R007,clustered,6,REGIONAL
controlled:aligned:clustered:r010,778.2366479852567,51,350.2064915933655,272.38282679483984,155.64732959705134,1,1461.2216863246488,306.74175170136675,0.0,0.0,0.0,0.0,0,974.1477908830992,aligned,R008,clustered,6,REGIONAL
controlled:aligned:clustered:r011,0.0,12,0.0,0.0,0.0,0,3557.0562140683687,578.9661204269323,2371.3708093789123,1031.6215258190502,852.5677259017305,487.18155765813174,1,2371.3708093789123,aligned,C000,clustered,18,CENTRAL
controlled:aligned:clustered:r011,0.0,12,0.0,0.0,0.0,0,3557.0562140683687,578.9661204269323,2371.370809378913,1067.1168642205105,790.814103300132,513.4398418582699,1,2371.3708093789123,aligned,C001,clustered,39,CENTRAL
controlled:aligned:clustered:r011,0.0,12,0.0,0.0,0.0,0,3557.0562140683687,578.9661204269323,1973.5273071408958,888.0872882134032,690.7345574993135,394.7054614281792,1,2371.3708093789123,aligned,C002,clustered,15,CENTRAL
controlled:aligned:clustered:r011,0.0,27,0.0,0.0,0.0,0,594.5085404828152,159.89713984488105,396.3390269885433,178.35256214484448,162.86783894034636,55.11862590335249,1,396.3390269885433,aligned,L021,clustered,9,LOCAL
controlled:aligned:clustered:r011,957.5202889195227,54,430.8841300137853,303.2133780698065,223.42278083593098,1,1436.2804333792842,307.57339542310547,957.5202889195227,430.88413001378524,382.6580589564585,143.97809994927889,1,957.5202889195227,aligned,R000,clustered,12,REGIONAL
controlled:aligned:clustered:r011,957.5202889195227,72,392.0696934690307,414.82959913428203,150.62099631620998,1,1436.2804333792842,307.57339542310547,0.0,0.0,0.0,0.0,0,957.5202889195227,aligned,R001,clustered,12,REGIONAL
controlled:aligned:clustered:r011,957.5202889195227,57,420.20052711958294,293.77624637810067,243.54351542183912,1,1436.2804333792842,307.57339542310547,0.0,0.0,0.0,0.0,0,957.5202889195227,aligned,R002,clustered,12,REGIONAL
controlled:aligned:clustered:r011,851.1097685262291,57,382.99939583680316,297.8884189841802,170.22195370524585,1,1436.2804333792842,307.57339542310547,0.0,0.0,0.0,0.0,0,957.5202889195227,aligned,R005,clustered,6,REGIONAL
controlled:aligned:clustered:r011,789.3835520393861,51,355.2225984177238,276.28424321378515,157.87671040787725,1,1436.2804333792842,307.57339542310547,0.0,0.0,0.0,0.0,0,957.5202889195227,aligned,R006,clustered,6,REGIONAL
controlled:aligned:clustered:r011,937.0297283645316,66,421.6633777640392,327.960404927586,187.40594567290634,1,1436.2804333792842,307.57339542310547,0.0,0.0,0.0,0.0,0,957.5202889195227,aligned,R007,clustered,6,REGIONAL
controlled:aligned:clustered:r011,864.7696393968977,51,389.14633772860395,302.66937378891413,172.95392787937953,1,1436.2804333792842,307.57339542310547,0.0,0.0,0.0,0.0,0,957.5202889195227,aligned,R008,clustered,6,REGIONAL
controlled:aligned:clustered:r012,0.0,12,0.0,0.0,0.0,0,3160.4208232434744,549.39139114656,2106.9472154956493,906.9688934910467,796.8810360085819,403.0972859960208,1,2106.9472154956507,aligned,C000,clustered,18,CENTRAL
controlled:aligned:clustered:r012,2106.9472154956493,12,936.4659785199156,744.8516962572851,425.62954071844865,1,3160.4208232434744,549.39139114656,2106.9472154956493,948.126246973043,744.8516962572851,413.96927226532114,1,2106.9472154956507,aligned,C001,clustered,36,CENTRAL
controlled:aligned:clustered:r012,0.0,12,0.0,0.0,0.0,0,3160.4208232434744,549.39139114656,2106.9472154956493,948.1262469730428,709.696559071738,449.12440945086826,1,2106.9472154956507,aligned,C002,clustered,18,CENTRAL
controlled:aligned:clustered:r012,0.0,18,0.0,0.0,0.0,0,619.1918118572956,159.18819828858648,412.7945412381971,155.07456986415187,164.00361814711965,93.71635322692553,1,412.7945412381972,aligned,L024,clustered,3,LOCAL
controlled:aligned:clustered:r012,979.8394298819944,54,440.92774344689775,378.33003011865,160.58165631644658,1,1469.7591448229914,304.0822001405195,979.8394298819943,392.50967380178275,340.49683186357254,246.83292421663896,1,979.8394298819949,aligned,R000,clustered,12,REGIONAL
controlled:aligned:clustered:r012,979.8394298819942,57,440.9277434468978,310.96594203371694,227.94574440137936,1,1469.7591448229914,304.0822001405195,0.0,0.0,0.0,0.0,0,979.8394298819949,aligned,R002,clustered,12,REGIONAL
controlled:aligned:clustered:r012,807.8288919234985,57,363.5230013655743,282.7401121732245,161.5657783846997,1,1469.7591448229914,304.0822001405195,0.0,0.0,0.0,0.0,0,979.8394298819949,aligned,R003,clustered,6,REGIONAL
controlled:aligned:clustered:r012,852.8011246983403,51,383.7605061142531,298.4803936444191,170.56022493966805,1,1469.7591448229914,304.0822001405195,0.0,0.0,0.0,0.0,0,979.8394298819949,aligned,R006,clustered,6,REGIONAL
controlled:aligned:clustered:r012,891.5961760902743,51,401.2182792406234,312.05866163159595,178.31923521805487,1,1469.7591448229914,304.0822001405195,0.0,0.0,0.0,0.0,0,979.8394298819949,aligned,R008,clustered,6,REGIONAL
controlled:aligned:clustered:r013,2259.877622855466,12,992.7990827974601,855.1457870241147,411.93275303389146,1,3389.816434283199,558.0588326335142,2259.877622855466,992.7990827974601,855.1457870241147,411.93275303389146,1,2259.8776228554666,aligned,C000,clustered,18,CENTRAL
controlled:aligned:clustered:r013,2259.877622855466,12,961.5251840664233,812.3970593772079,485.95537941183505,1,3389.816434283199,558.0588326335142,2259.877622855466,961.5251840664233,812.3970593772079,485.95537941183505,1,2259.8776228554666,aligned,C001,clustered,33,CENTRAL
controlled:aligned:clustered:r013,2259.877622855466,12,1006.4574849293153,806.1057001797883,447.31443774636244,1,3389.816434283199,558.0588326335142,2259.877622855466,1006.4574849293153,806.1057001797883,447.31443774636244,1,2259.8776228554666,aligned,C002,clustered,21,CENTRAL
controlled:aligned:clustered:r013,660.2398536828305,54,375.2885268572831,195.1598823775313,89.79144444801602,1,1392.1658868409872,307.9430774927444,660.2398536828305,375.2885268572831,195.1598823775313,89.79144444801602,1,928.1105912273249,aligned,R000,clustered,15,REGIONAL
controlled:aligned:clustered:r013,829.7678955524145,51,373.3955529985866,290.4187634433451,165.95357911048293,1,1392.1658868409872,307.9430774927444,829.7678955524145,373.3955529985866,290.4187634433451,165.95357911048293,1,928.1105912273249,aligned,R008,clustered,6,REGIONAL
controlled:aligned:clustered:r014,0.0,12,0.0,0.0,0.0,0,3453.7968852373756,589.8100939500208,2302.5312568249165,1036.139065571213,854.5081811900438,411.88401006365916,1,2302.531256824918,aligned,C000,clustered,21,CENTRAL
controlled:aligned:clustered:r014,2302.531256824917,12,1036.1390655712132,848.2824923772407,418.10969887646263,1,3453.7968852373756,589.8100939500208,2302.5312568249165,975.9128953681837,893.5694775238825,433.04888393285023,1,2302.531256824918,aligned,C001,clustered,33,CENTRAL
controlled:aligned:clustered:r014,2302.5312568249165,12,1036.1390655712132,850.061171995688,416.3310192580155,1,3453.7968852373756,589.8100939500208,2302.531256824917,1036.1390655712132,763.1861807913242,503.2060104623795,1,2302.531256824918,aligned,C002,clustered,18,CENTRAL
controlled:aligned:clustered:r014,290.1244544053478,27,176.2198062377932,35.584734284090956,78.31991388346364,1,606.3832897745365,158.50254374126206,404.25552651635763,176.2198062377932,149.7158063951008,78.31991388346364,1,404.25552651635786,aligned,L027,clustered,6,LOCAL
controlled:aligned:clustered:r014,948.8008083262634,57,399.49405885241765,371.75383442832697,177.55291504551894,1,1423.2012124893952,318.09934241917654,948.8008083262634,399.49405885241765,371.75383442832697,177.55291504551894,1,948.8008083262638,aligned,R000,clustered,12,REGIONAL
controlled:aligned:clustered:r014,833.993824071304,66,375.2972208320868,291.8978384249564,166.79876481426078,1,1423.2012124893952,318.09934241917654,0.0,0.0,0.0,0.0,0,948.8008083262638,aligned,R007,clustered,6,REGIONAL
controlled:aligned:clustered:r014,660.2728311991553,51,297.12277403961923,186.92025881273707,176.229798346799,1,1423.2012124893952,318.09934241917654,0.0,0.0,0.0,0.0,0,948.8008083262638,aligned,R008,clustered,6,REGIONAL
controlled:aligned:clustered:r015,2336.348103217685,12,1051.3566464479586,792.5944423326484,492.3970144370782,1,3504.5221548265276,566.4832922564152,2336.348103217685,1051.3566464479586,861.6947752648867,423.2966815048398,1,2336.3481032176855,aligned,C000,clustered,18,CENTRAL
controlled:aligned:clustered:r015,2336.348103217685,12,1003.2354541769171,887.2302249621378,445.88242407862987,1,3504.5221548265276,566.4832922564152,2336.348103217684,1051.3566464479586,822.75630053387,462.2351562358558,1,2336.3481032176855,aligned,C001,clustered,36,CENTRAL
controlled:aligned:clustered:r015,2336.348103217685,12,996.1473651661557,815.616282842044,524.5844552094852,1,3504.5221548265276,566.4832922564152,2336.348103217685,996.1473651661557,897.4685757554597,442.73216229606925,1,2336.3481032176855,aligned,C002,clustered,18,CENTRAL
controlled:aligned:clustered:r015,0.0,30,0.0,0.0,0.0,0,601.0999250531906,163.24902109111207,400.7332833687937,180.32997751595732,143.33357260625144,77.06973324658499,1,400.733283368794,aligned,L016,clustered,15,LOCAL
controlled:aligned:clustered:r015,253.83172393189514,51,169.37464307918103,0.0,84.45708085271411,1,1427.4262481783944,308.8724483732559,951.6174987855964,428.22787445351844,363.0878612886862,160.30176304339167,1,951.6174987855965,aligned,R000,clustered,12,REGIONAL
controlled:aligned:clustered:r015,385.34866623292487,57,173.40689980481622,134.8720331815237,77.06973324658499,1,1427.4262481783944,308.8724483732559,0.0,0.0,0.0,0.0,0,951.6174987855965,aligned,R005,clustered,6,REGIONAL
controlled:aligned:clustered:r016,0.0,12,0.0,0.0,0.0,0,3401.344248504722,584.9708445178048,2184.8161813185397,983.1672815933431,764.685663461489,436.96323626370804,1,2267.5628323364813,aligned,C000,clustered,15,CENTRAL
controlled:aligned:clustered:r016,0.0,12,0.0,0.0,0.0,0,3401.344248504722,584.9708445178048,2267.5628323364813,926.119896181767,846.1301063501394,495.3128298045747,1,2267.5628323364813,aligned,C001,clustered,39,CENTRAL
controlled:aligned:clustered:r016,0.0,12,0.0,0.0,0.0,0,3401.344248504722,584.9708445178048,2267.562832336481,1020.4032745514164,747.1293321761802,500.03022560888445,1,2267.5628323364813,aligned,C002,clustered,18,CENTRAL
controlled:aligned:clustered:r016,0.0,15,0.0,0.0,0.0,0,605.6104640378246,163.4031393871707,254.45373182073348,97.03381533858793,79.50318843118308,77.91672805096249,1,403.74030935854967,aligned,L000,clustered,6,LOCAL
controlled:aligned:clustered:r016,962.517818453641,57,433.1330183041385,300.70327285822805,228.68152729127445,1,1443.7767276804618,297.82260346169255,962.517818453641,433.1330183041385,357.5543585162293,171.8304416332732,1,962.5178184536411,aligned,R000,clustered,12,REGIONAL
controlled:aligned:clustered:r016,962.5178184536411,72,412.86927803475646,400.84697851179504,148.8015619070896,1,1443.7767276804618,297.82260346169255,0.0,0.0,0.0,0.0,0,962.5178184536411,aligned,R001,clustered,12,REGIONAL
controlled:aligned:clustered:r016,962.517818453641,57,419.45044956652043,297.268338590325,245.79903029679565,1,1443.7767276804618,297.82260346169255,0.0,0.0,0.0,0.0,0,962.5178184536411,aligned,R002,clustered,12,REGIONAL
controlled:aligned:clustered:r016,879.0511693793652,54,395.5730262207144,307.6679092827778,175.81023387587305,1,1443.7767276804618,297.82260346169255,0.0,0.0,0.0,0.0,0,962.5178184536411,aligned,R003,clustered,6,REGIONAL
controlled:aligned:clustered:r016,874.4459785428169,57,393.5006903442676,306.0560924899859,174.88919570856336,1,1443.7767276804618,297.82260346169255,0.0,0.0,0.0,0.0,0,962.5178184536411,aligned,R005,clustered,6,REGIONAL
controlled:aligned:clustered:r016,805.0608183472453,66,362.2773682562604,281.7712864215358,161.01216366944908,1,1443.7767276804618,297.82260346169255,0.0,0.0,0.0,0.0,0,962.5178184536411,aligned,R007,clustered,6,REGIONAL
controlled:aligned:clustered:r016,784.6718748457407,51,353.1023436805833,274.63515619600923,156.93437496914817,1,1443.7767276804618,297.82260346169255,0.0,0.0,0.0,0.0,0,962.5178184536411,aligned,R008,clustered,6,REGIONAL
controlled:aligned:clustered:r017,2167.3661857191605,12,975.3147835736222,758.5781650017061,433.47323714383214,1,3259.667086163305,542.4443405046096,2167.3661857191605,975.3147835736222,758.5781650017061,433.47323714383214,1,2173.1113907755353,aligned,C000,clustered,15,CENTRAL
controlled:aligned:clustered:r017,2173.1113907755353,12,977.9001258489909,713.6942856816828,481.5169792448616,1,3259.667086163305,542.4443405046096,2173.1113907755353,977.900125848991,867.632769211134,327.57849571541004,1,2173.1113907755353,aligned,C001,clustered,39,CENTRAL
controlled:aligned:clustered:r017,2173.1113907755353,12,951.1403766476493,739.7758485037272,482.19516562415885,1,3259.667086163305,542.4443405046096,2173.1113907755353,956.4524320188374,718.208746787353,498.45021196934505,1,2173.1113907755353,aligned,C002,clustered,18,CENTRAL
controlled:aligned:clustered:r017,977.317715339612,54,401.3581849680913,413.4144022352677,162.54512813625308,1,1465.9765730094193,317.20609234129955,977.317715339612,409.92921079797844,329.3628784591359,238.02562608249775,1,977.317715339612,aligned,R000,clustered,12,REGIONAL
controlled:aligned:clustered:r017,0.0,69,0.0,0.0,0.0,0,1465.9765730094193,317.20609234129955,972.6945732988714,439.79297190282546,359.5893837994621,173.3122175965838,1,977.317715339612,aligned,R001,clustered,12,REGIONAL
controlled:aligned:clustered:r017,893.5119884524343,51,402.08039480359537,312.72919595835197,178.70239769048686,1,1465.9765730094193,317.20609234129955,0.0,0.0,0.0,0.0,0,977.317715339612,aligned,R008,clustered,6,REGIONAL
controlled:aligned:clustered:r018,0.0,12,0.0,0.0,0.0,0,3416.315562384616,539.6697655880126,2277.5437082564104,993.096317159926,876.5534029637097,407.8939881327749,1,2277.5437082564113,aligned,C000,clustered,18,CENTRAL
controlled:aligned:clustered:r018,2277.543708256411,15,1006.2445783111316,849.4959307904654,421.8031991548138,1,3416.315562384616,539.6697655880126,2277.543708256411,1024.8946687153848,830.8458403862121,421.8031991548138,1,2277.5437082564113,aligned,C001,clustered,36,CENTRAL
controlled:aligned:clustered:r018,0.0,12,0.0,0.0,0.0,0,3416.315562384616,539.6697655880126,2277.5437082564104,1024.894668715385,758.1938200486486,494.45521949237667,1,2277.5437082564113,aligned,C002,clustered,18,CENTRAL
controlled:aligned:clustered:r018,399.9553579988092,30,148.52685198242372,159.99995837406345,91.42854764232199,1,599.9330369982138,163.33748026663392,0.0,0.0,0.0,0.0,0,399.95535799880923,aligned,L016,clustered,9,LOCAL
controlled:aligned:clustered:r018,974.3306652526256,51,438.4487993636817,380.1864593818647,155.6954065070792,1,1461.4959978789384,293.21649485827015,778.4770325353959,350.3146646409282,272.46696138738855,155.6954065070792,1,974.330665252626,aligned,R000,clustered,12,REGIONAL
controlled:aligned:clustered:r018,974.3306652526256,57,438.4487993636817,301.15462900030946,234.72723688863442,1,1461.4959978789384,293.21649485827015,0.0,0.0,0.0,0.0,0,974.330665252626,aligned,R002,clustered,12,REGIONAL
controlled:aligned:clustered:r018,828.1332279960479,57,372.6599525982216,289.84662979861673,165.6266455992096,1,1461.4959978789384,293.21649485827015,0.0,0.0,0.0,0.0,0,974.330665252626,aligned,R003,clustered,6,REGIONAL
controlled:aligned:clustered:r018,813.5079212413001,66,366.0785645585851,284.727772434455,162.70158424826002,1,1461.4959978789384,293.21649485827015,0.0,0.0,0.0,0.0,0,974.330665252626,aligned,R007,clustered,6,REGIONAL
controlled:aligned:clustered:r018,849.8575535048094,54,382.4358990771642,297.4501437266832,169.97151070096186,1,1461.4959978789384,293.21649485827015,848.2725378523623,382.4358990771642,295.8651280742362,169.97151070096186,1,974.330665252626,aligned,R008,clustered,6,REGIONAL
controlled:aligned:clustered:r019,2249.0033968413854,12,1012.0515285786234,743.9004695944636,493.05139866829813,1,3373.505095262079,542.582635886932,2249.0033968413854,1012.0515285786234,743.9004695944639,493.05139866829813,1,2249.0033968413854,aligned,C000,clustered,18,CENTRAL
controlled:aligned:clustered:r019,2249.003396841385,12,994.9242767764003,773.8299930483113,480.24912701667347,1,3373.505095262079,542.582635886932,2249.003396841385,994.9242767764003,811.8905526088067,442.188567456178,1,2249.0033968413854,aligned,C001,clustered,36,CENTRAL
controlled:aligned:clustered:r019,2249.0033968413854,12,906.7377133077873,854.1690713395622,488.09661219403563,1,3373.505095262079,542.582635886932,2249.0033968413854,906.7377133077873,854.1690713395622,488.09661219403563,1,2249.0033968413854,aligned,C002,clustered,18,CENTRAL
controlled:aligned:clustered:r019,0.0,27,0.0,0.0,0.0,0,612.2958963332098,159.30341843363567,408.1972642221397,183.68876889996287,155.8152879552827,68.69320736689413,1,408.1972642221397,aligned,L002,clustered,6,LOCAL
controlled:aligned:clustered:r019,874.3922913310009,54,375.3399662703506,407.86802003736125,91.18430502328901,1,1426.3147162464686,307.7585941943458,950.8764774976456,427.8944148739405,357.88003864524615,165.102023978459,1,950.8764774976456,aligned,R000,clustered,12,REGIONAL
controlled:aligned:clustered:r019,593.168588656252,51,372.23968016614936,140.5911235846108,80.3377849054919,1,1426.3147162464686,307.7585941943458,0.0,0.0,0.0,0.0,0,950.8764774976456,aligned,R008,clustered,6,REGIONAL
controlled:aligned:dispersed:r000,2141.2905412493265,15,927.0447860580293,721.0348336006894,493.2109215906075,1,3211.935811873989,587.9342831004957,2141.290541249326,927.0447860580293,802.2258502766168,412.0199049146797,1,2141.290541249326,aligned,C000,dispersed,18,CENTRAL
controlled:aligned:dispersed:r000,0.0,12,0.0,0.0,0.0,0,3211.935811873989,587.9342831004957,2141.2905412493265,963.5807435621969,714.1196400070779,463.5901576800517,1,2141.290541249326,aligned,C001,dispersed,33,CENTRAL
controlled:aligned:dispersed:r000,0.0,12,0.0,0.0,0.0,0,3211.935811873989,587.9342831004957,2141.2905412493265,877.7134105365027,811.2103296198848,452.3668010929385,1,2141.290541249326,aligned,C002,dispersed,21,CENTRAL
controlled:aligned:dispersed:r000,0.0,33,0.0,0.0,0.0,0,610.2899964928229,161.2021150202224,406.85999766188183,182.6187773948118,143.07731920270922,81.1639010643608,1,406.859997661882,aligned,L016,dispersed,6,LOCAL
controlled:aligned:dispersed:r000,992.1298289360299,57,446.45842302121355,297.95572305827443,247.71568285654178,1,1488.1947434040449,297.37759655712875,992.1298289360299,383.08592964635295,438.78348611352,170.26041317615687,1,992.1298289360301,aligned,R000,dispersed,12,REGIONAL
controlled:aligned:dispersed:r000,992.1298289360298,57,446.45842302121355,392.3373170073354,153.33408890748092,1,1488.1947434040449,297.37759655712875,0.0,0.0,0.0,0.0,0,992.1298289360301,aligned,R002,dispersed,12,REGIONAL
controlled:aligned:dispersed:r000,828.6876584554211,72,372.9094463049395,290.0406804593973,165.7375316910842,1,1488.1947434040449,297.37759655712875,0.0,0.0,0.0,0.0,0,992.1298289360301,aligned,R004,dispersed,6,REGIONAL
controlled:aligned:dispersed:r000,773.0890585990879,57,347.89007636958956,270.58117050968076,154.6178117198176,1,1488.1947434040449,297.37759655712875,0.0,0.0,0.0,0.0,0,992.1298289360301,aligned,R005,dispersed,6,REGIONAL
controlled:aligned:dispersed:r000,951.4982123629212,51,428.1741955633146,333.02437432702243,190.29964247258425,1,1488.1947434040449,297.37759655712875,0.0,0.0,0.0,0.0,0,992.1298289360301,aligned,R008,dispersed,6,REGIONAL
controlled:aligned:dispersed:r001,2205.3180271631286,12,962.592528289514,814.9065974116085,427.81890146200635,1,3307.9770407446936,570.3536828688909,2205.318027163128,992.3931122234081,750.1029706547909,462.8219442849295,1,2205.3180271631295,aligned,C000,dispersed,18,CENTRAL
controlled:aligned:dispersed:r001,0.0,12,0.0,0.0,0.0,0,3307.9770407446936,570.3536828688909,2205.318027163129,992.3931122234083,730.3777152163645,482.5471997233564,1,2205.3180271631295,aligned,C001,dispersed,39,CENTRAL
controlled:aligned:dispersed:r001,0.0,12,0.0,0.0,0.0,0,3307.9770407446936,570.3536828688909,2135.4550081569605,960.9547536706324,747.4092528549363,427.09100163139215,1,2205.3180271631295,aligned,C002,dispersed,15,CENTRAL
controlled:aligned:dispersed:r001,0.0,27,0.0,0.0,0.0,0,605.839529699266,158.20255998989938,403.8930197995107,181.75185890977983,130.7947011578972,91.34645973183363,1,403.89301979951074,aligned,L002,dispersed,3,LOCAL
controlled:aligned:dispersed:r001,982.6552450809135,57,375.2999173656451,426.9092360960948,180.44609161917361,1,1473.9828676213704,302.1379233301254,982.6552450809135,442.1948602864113,373.6604215208822,166.79996327362005,1,982.655245080914,aligned,R000,dispersed,12,REGIONAL
controlled:aligned:dispersed:r001,982.6552450809135,54,394.1741122818297,326.9351838740529,261.54594892503087,1,1473.9828676213704,302.1379233301254,0.0,0.0,0.0,0.0,0,982.655245080914,aligned,R002,dispersed,12,REGIONAL
controlled:aligned:dispersed:r001,776.126637998482,72,349.2569870993169,271.6443232994687,155.2253275996964,1,1473.9828676213704,302.1379233301254,0.0,0.0,0.0,0.0,0,982.655245080914,aligned,R004,dispersed,6,REGIONAL
controlled:aligned:dispersed:r001,795.5222847748001,57,357.98502814866015,278.4327996711801,159.10445695496009,1,1473.9828676213704,302.1379233301254,0.0,0.0,0.0,0.0,0,982.655245080914,aligned,R005,dispersed,6,REGIONAL
controlled:aligned:dispersed:r001,760.2396743011567,66,371.9084373694144,223.03859810089148,165.29263883085082,1,1473.9828676213704,302.1379233301254,0.0,0.0,0.0,0.0,0,982.655245080914,aligned,R007,dispersed,6,REGIONAL
controlled:aligned:dispersed:r002,2389.8950722862787,12,1075.4527825288255,800.1437032324371,514.2985865250162,1,3584.842608429419,569.7213710805107,2389.895072286279,975.5739593424848,900.0225264187782,514.2985865250162,1,2389.8950722862796,aligned,C000,dispersed,18,CENTRAL
controlled:aligned:dispersed:r002,2389.8950722862796,12,1075.4527825288255,877.2959440593859,437.14634569806805,1,3584.842608429419,569.7213710805107,2389.8950722862796,983.579277820653,925.5291621688398,480.7866322967867,1,2389.8950722862796,aligned,C001,dispersed,39,CENTRAL
controlled:aligned:dispersed:r002,0.0,12,0.0,0.0,0.0,0,3584.842608429419,569.7213710805107,2000.9685250347393,900.4358362656328,700.3389837621587,400.1937050069479,1,2389.8950722862796,aligned,C002,dispersed,15,CENTRAL
controlled:aligned:dispersed:r002,400.3592497606536,18,171.19806951521394,145.82984197437068,83.33133827106897,1,600.5388746409805,156.74612455165564,0.0,0.0,0.0,0.0,0,400.35924976065377,aligned,L005,dispersed,6,LOCAL
controlled:aligned:dispersed:r002,0.0,27,0.0,0.0,0.0,0,600.5388746409805,156.74612455165564,400.3592497606536,180.16166239229423,137.3770709009139,82.82051646744543,1,400.35924976065377,aligned,L021,dispersed,3,LOCAL
controlled:aligned:dispersed:r002,935.2646435286251,57,420.8690895878815,365.2916346178491,149.1039193228944,1,1402.8969652929377,305.90269733143145,935.2646435286251,365.2916346178492,420.8690895878815,149.1039193228944,1,935.2646435286252,aligned,R000,dispersed,12,REGIONAL
controlled:aligned:dispersed:r002,935.2646435286251,57,415.0048886895947,284.1911600539606,236.06859478506988,1,1402.8969652929377,305.90269733143145,0.0,0.0,0.0,0.0,0,935.2646435286252,aligned,R002,dispersed,12,REGIONAL
controlled:aligned:dispersed:r002,782.4955159618094,57,352.1229821828142,273.8734305866333,156.49910319236187,1,1402.8969652929377,305.90269733143145,0.0,0.0,0.0,0.0,0,935.2646435286252,aligned,R005,dispersed,6,REGIONAL
controlled:aligned:dispersed:r003,0.0,12,0.0,0.0,0.0,0,3115.11821659958,504.2296664186729,2063.3887212473046,928.524924561287,722.1860524365565,412.6777442494609,1,2076.7454777330545,aligned,C000,dispersed,15,CENTRAL
controlled:aligned:dispersed:r003,2076.745477733053,15,931.4570400963624,728.8199148597124,416.4685227769786,1,3115.11821659958,504.2296664186729,2076.7454777330536,876.3647341411767,842.2578002282969,358.1229433635799,1,2076.7454777330545,aligned,C001,dispersed,39,CENTRAL
controlled:aligned:dispersed:r003,2076.7454777330536,12,934.5354649798746,709.8459121950833,432.3641005580953,1,3115.11821659958,504.2296664186729,2076.745477733053,911.4058657327791,708.8712289032725,456.4683830970016,1,2076.7454777330545,aligned,C002,dispersed,18,CENTRAL
controlled:aligned:dispersed:r003,819.1222871161557,57,368.6050292022701,286.69280049065446,163.82445742323114,1,1486.481225895884,305.1485224436414,990.9874839305895,445.94436776876546,381.2186587385928,163.82445742323114,1,990.9874839305899,aligned,R000,dispersed,12,REGIONAL
controlled:aligned:dispersed:r003,0.0,72,0.0,0.0,0.0,0,1486.481225895884,305.1485224436414,990.9874839305894,445.94436776876546,342.92224204605157,202.12087411577244,1,990.9874839305899,aligned,R001,dispersed,12,REGIONAL
controlled:aligned:dispersed:r003,644.5740110986624,48,189.64565316915247,289.4998641369608,165.42849379254903,1,1486.481225895884,305.1485224436414,0.0,0.0,0.0,0.0,0,990.9874839305899,aligned,R006,dispersed,6,REGIONAL
controlled:aligned:dispersed:r003,833.7155289405997,66,375.1719880232699,291.80043512920986,166.74310578811995,1,1486.481225895884,305.1485224436414,0.0,0.0,0.0,0.0,0,990.9874839305899,aligned,R007,dispersed,6,REGIONAL
controlled:aligned:dispersed:r003,820.8909250799461,51,369.40091628597577,287.3118237779811,164.17818501598921,1,1486.481225895884,305.1485224436414,0.0,0.0,0.0,0.0,0,990.9874839305899,aligned,R008,dispersed,6,REGIONAL
controlled:aligned:dispersed:r004,2162.0252376006283,12,957.6338022310224,744.8262906241284,459.5651447454775,1,3243.037856400943,530.3297874228382,2162.0252376006283,972.9113569202826,763.4988574665579,425.6150232137877,1,2162.0252376006283,aligned,C000,dispersed,21,CENTRAL
controlled:aligned:dispersed:r004,2162.0252376006283,12,967.3519990705838,713.664933813305,481.0083047167399,1,3243.037856400943,530.3297874228382,2162.0252376006288,972.9113569202827,847.6321905955523,341.4816900847936,1,2162.0252376006283,aligned,C001,dispersed,36,CENTRAL
controlled:aligned:dispersed:r004,2075.2761717437093,12,933.8742772846692,726.3466601102983,415.0552343487419,1,3243.037856400943,530.3297874228382,2075.2761717437093,933.8742772846692,726.3466601102983,415.0552343487419,1,2162.0252376006283,aligned,C002,dispersed,15,CENTRAL
controlled:aligned:dispersed:r004,1001.339522962726,57,449.61466482641515,404.4353620010168,147.28949613529417,1,1502.0092844440894,314.71096135769227,1001.3395229627263,384.47080666070076,385.7627951585873,231.1059211434382,1,1001.339522962726,aligned,R000,dispersed,12,REGIONAL
controlled:aligned:dispersed:r004,0.0,69,0.0,0.0,0.0,0,1502.0092844440894,314.71096135769227,1001.3395229627263,450.60278533322685,300.56914669315904,250.16759093634036,1,1001.339522962726,aligned,R001,dispersed,12,REGIONAL
controlled:aligned:dispersed:r004,452.9229887446418,57,203.81534493508883,158.52304606062464,90.58459774892837,1,1502.0092844440894,314.71096135769227,0.0,0.0,0.0,0.0,0,1001.339522962726,aligned,R005,dispersed,6,REGIONAL
controlled:aligned:dispersed:r005,0.0,12,0.0,0.0,0.0,0,3151.0829421382787,573.53035363751,2100.7219614255187,939.0208272422692,744.3585442977966,417.34258988545304,1,2100.7219614255187,aligned,C000,dispersed,18,CENTRAL
controlled:aligned:dispersed:r005,2100.7219614255187,12,945.3248826414833,775.3777949638297,380.0192838202057,1,3151.0829421382787,573.53035363751,2100.721961425519,945.3248826414833,727.0116744167082,428.3854043673275,1,2100.7219614255187,aligned,C001,dispersed,36,CENTRAL
controlled:aligned:dispersed:r005,0.0,12,0.0,0.0,0.0,0,3151.0829421382787,573.53035363751,2100.7219614255187,935.2030468020317,749.873116044806,415.6457985786808,1,2100.7219614255187,aligned,C002,dispersed,18,CENTRAL
controlled:aligned:dispersed:r005,0.0,30,0.0,0.0,0.0,0,629.5876520816037,158.11230193399405,419.72510138773566,188.87629562448103,161.28194773845468,69.56685802479993,1,419.72510138773566,aligned,L002,dispersed,6,LOCAL
controlled:aligned:dispersed:r005,954.1922739738839,57,429.3865232882479,360.4859577037522,164.3197929818839,1,1431.2884109608267,306.37069010372875,954.1922739738839,369.71953420923876,420.15294678276126,164.3197929818839,1,954.1922739738841,aligned,R000,dispersed,12,REGIONAL
controlled:aligned:dispersed:r005,954.1922739738841,54,376.9989916441411,409.63817493234694,167.55510739739606,1,1431.2884109608267,306.37069010372875,0.0,0.0,0.0,0.0,0,954.1922739738841,aligned,R002,dispersed,12,REGIONAL
controlled:aligned:dispersed:r005,954.192273973884,54,403.5978383665258,313.9094298406312,236.6850057667269,1,1431.2884109608267,306.37069010372875,0.0,0.0,0.0,0.0,0,954.1922739738841,aligned,R003,dispersed,9,REGIONAL
controlled:aligned:dispersed:r005,798.3443561253551,57,359.25496025640984,279.4205246438743,159.66887122507103,1,1431.2884109608267,306.37069010372875,0.0,0.0,0.0,0.0,0,954.1922739738841,aligned,R005,dispersed,6,REGIONAL
controlled:aligned:dispersed:r005,785.50919070071,63,353.4791358153195,274.92821674524845,157.101838140142,1,1431.2884109608267,306.37069010372875,0.0,0.0,0.0,0.0,0,954.1922739738841,aligned,R007,dispersed,6,REGIONAL
controlled:aligned:dispersed:r006,2344.674224939958,12,1055.1034012229813,870.9943314881097,418.5764922288669,1,3517.0113374099396,533.0938466482172,2344.674224939958,1055.1034012229811,791.8597771523424,497.71104656463416,1,2344.674224939958,aligned,C000,dispersed,18,CENTRAL
controlled:aligned:dispersed:r006,2344.674224939958,12,994.0494295406354,859.4885061632054,491.1362892361175,1,3517.0113374099396,533.0938466482172,2344.6742249399576,955.1093417977223,884.2685619996043,505.2963211426311,1,2344.674224939958,aligned,C001,dispersed,33,CENTRAL
controlled:aligned:dispersed:r006,2344.6742249399576,12,969.3485114008475,861.2197117630303,514.1060017760796,1,3517.0113374099396,533.0938466482172,2344.6742249399576,1055.1034012229811,775.4648219408966,514.1060017760796,1,2344.674224939958,aligned,C002,dispersed,21,CENTRAL
controlled:aligned:dispersed:r006,0.0,27,0.0,0.0,0.0,0,613.2697812779013,158.62767702995038,408.8465208519339,183.98093438337028,155.4970745731379,69.36851189542575,1,408.846520851934,aligned,L026,dispersed,6,LOCAL
controlled:aligned:dispersed:r006,0.0,57,0.0,0.0,0.0,0,1374.5837624184162,309.1420194674067,916.3891749456103,352.7590468975284,412.37512872552475,151.2549993225572,1,916.3891749456104,aligned,R000,dispersed,12,REGIONAL
controlled:aligned:dispersed:r006,621.0328818405093,57,368.7017852369669,160.57433420225425,91.75676240128814,1,1374.5837624184162,309.1420194674067,0.0,0.0,0.0,0.0,0,916.3891749456104,aligned,R005,dispersed,6,REGIONAL
controlled:aligned:dispersed:r006,565.223581443994,63,254.35061164979712,147.4699007462734,163.4030690479235,1,1374.5837624184162,309.1420194674067,0.0,0.0,0.0,0.0,0,916.3891749456104,aligned,R007,dispersed,6,REGIONAL
controlled:aligned:dispersed:r007,0.0,12,0.0,0.0,0.0,0,3219.923207696822,564.5893679917446,2146.6154717978816,965.9769623090468,776.6194827114762,404.0190267773585,1,2146.6154717978816,aligned,C000,dispersed,21,CENTRAL
controlled:aligned:dispersed:r007,2146.615471797881,15,928.6376223634774,722.2737062827046,495.7041431516993,1,3219.923207696822,564.5893679917446,2146.615471797881,928.6376223634774,805.2500172728583,412.7278321615455,1,2146.6154717978816,aligned,C001,dispersed,33,CENTRAL
controlled:aligned:dispersed:r007,2146.6154717978807,12,965.9769623090467,745.4071200969124,435.2313893919218,1,3219.923207696822,564.5893679917446,2146.6154717978807,965.9769623090467,745.4071200969124,435.2313893919218,1,2146.6154717978816,aligned,C002,dispersed,18,CENTRAL
controlled:aligned:dispersed:r007,403.9719428393594,18,181.78737427771173,134.60389375403267,87.58067480761494,1,605.9579142590391,160.25983502961662,403.9719428393593,181.78737427771173,153.26618091332614,68.91838764832146,1,403.9719428393594,aligned,L024,dispersed,6,LOCAL
controlled:aligned:dispersed:r007,1001.9070713766017,57,377.13557315063423,430.13761531324474,194.63388291272287,1,1502.8606070649028,323.1687644727573,1001.9070713766018,395.5627188783162,360.55142946214573,245.79292303613988,1,1001.9070713766018,aligned,R000,dispersed,12,REGIONAL
controlled:aligned:dispersed:r007,773.2306687871051,51,347.9538009541973,270.63073407548677,154.646133757421,1,1502.8606070649028,323.1687644727573,0.0,0.0,0.0,0.0,0,1001.9070713766018,aligned,R006,dispersed,6,REGIONAL
controlled:aligned:dispersed:r007,744.8421860219269,51,335.1789837098671,260.69476510767436,148.9684372043854,1,1502.8606070649028,323.1687644727573,0.0,0.0,0.0,0.0,0,1001.9070713766018,aligned,R008,dispersed,6,REGIONAL
controlled:aligned:dispersed:r008,0.0,12,0.0,0.0,0.0,0,3441.8000055700127,544.8519775748297,2294.533337046675,950.8539714173957,855.0686872186322,488.61067841064715,1,2294.5333370466756,aligned,C000,dispersed,18,CENTRAL
controlled:aligned:dispersed:r008,2294.533337046675,15,992.0756965389187,861.5351087126814,440.922531795075,1,3441.8000055700127,544.8519775748297,2294.533337046675,1004.6500297976472,761.3931792258043,528.4901280232236,1,2294.5333370466756,aligned,C001,dispersed,39,CENTRAL
controlled:aligned:dispersed:r008,0.0,12,0.0,0.0,0.0,0,3441.8000055700127,544.8519775748297,1984.5381537714889,893.0421691971701,694.5883538200211,396.90763075429777,1,2294.5333370466756,aligned,C002,dispersed,15,CENTRAL
controlled:aligned:dispersed:r008,396.441222359451,24,181.78330721814564,137.24896854702138,77.40894659428396,1,605.9443573938186,160.0962673421157,0.0,0.0,0.0,0.0,0,403.9629049292125,aligned,L003,dispersed,9,LOCAL
controlled:aligned:dispersed:r008,952.637267934259,57,428.6867705704167,287.1640444810932,236.78645288274907,1,1428.9559019013884,296.1316325212834,575.6718929415722,362.25614851137834,140.98478776980443,72.43095666038948,1,952.6372679342591,aligned,R000,dispersed,12,REGIONAL
controlled:aligned:dispersed:r008,952.637267934259,57,428.6867705704167,367.40855505628815,156.54194230755422,1,1428.9559019013884,296.1316325212834,0.0,0.0,0.0,0.0,0,952.6372679342591,aligned,R002,dispersed,12,REGIONAL
controlled:aligned:dispersed:r008,798.9277554090452,57,359.51748993407034,279.6247143931658,159.78555108180905,1,1428.9559019013884,296.1316325212834,0.0,0.0,0.0,0.0,0,952.6372679342591,aligned,R005,dispersed,6,REGIONAL
controlled:aligned:dispersed:r008,766.8188436580342,51,345.0684796461154,268.3865952803119,153.36376873160685,1,1428.9559019013884,296.1316325212834,0.0,0.0,0.0,0.0,0,952.6372679342591,aligned,R006,dispersed,6,REGIONAL
controlled:aligned:dispersed:r008,952.637267934259,51,428.6867705704167,332.8973672180627,191.05313014577956,1,1428.9559019013884,296.1316325212834,952.6372679342588,427.2411600333651,334.3429777551142,191.05313014577956,1,952.6372679342591,aligned,R008,dispersed,6,REGIONAL
controlled:aligned:dispersed:r009,0.0,12,0.0,0.0,0.0,0,3410.684896453324,561.6268055431706,1962.7183803028374,883.2232711362769,686.951433105993,392.5436760605676,1,2273.7899309688833,aligned,C000,dispersed,15,CENTRAL
controlled:aligned:dispersed:r009,2273.789930968883,12,986.3290335227632,767.144803851038,520.3160935950816,1,3410.684896453324,561.6268055431706,2273.7899309688823,984.7002139547744,851.4451774786528,437.6445395354553,1,2273.7899309688833,aligned,C001,dispersed,36,CENTRAL
controlled:aligned:dispersed:r009,0.0,12,0.0,0.0,0.0,0,3410.684896453324,561.6268055431706,2273.789930968883,935.9923454398029,841.3899871025617,496.4075984265183,1,2273.7899309688833,aligned,C002,dispersed,21,CENTRAL
controlled:aligned:dispersed:r009,304.3387777125343,36,167.04005678529853,129.9200441663433,7.378676760892446,1,606.0201088921419,161.3447790542012,0.0,0.0,0.0,0.0,0,404.0134059280947,aligned,L016,dispersed,12,LOCAL
controlled:aligned:dispersed:r009,959.3497326313272,57,407.4305625136079,316.89043751058387,235.02873260713537,1,1439.0245989469909,301.83332247313314,905.4012500302397,407.4305625136079,316.89043751058387,181.08025000604798,1,959.3497326313274,aligned,R000,dispersed,12,REGIONAL
controlled:aligned:dispersed:r009,959.3497326313271,57,372.5538457680194,417.95703218724384,168.83885467606385,1,1439.0245989469909,301.83332247313314,0.0,0.0,0.0,0.0,0,959.3497326313274,aligned,R002,dispersed,12,REGIONAL
controlled:aligned:dispersed:r009,807.1346027898953,51,363.2105712554529,282.4971109764633,161.4269205579791,1,1439.0245989469909,301.83332247313314,0.0,0.0,0.0,0.0,0,959.3497326313274,aligned,R006,dispersed,6,REGIONAL
controlled:aligned:dispersed:r009,847.8242874487528,63,381.5209293519388,296.73850060706343,169.56485748975058,1,1439.0245989469909,301.83332247313314,0.0,0.0,0.0,0.0,0,959.3497326313274,aligned,R007,dispersed,6,REGIONAL
controlled:aligned:dispersed:r009,851.665475755073,51,383.24946408978286,298.08291651427555,170.33309515101462,1,1439.0245989469909,301.83332247313314,797.7382358851146,329.3222242198245,298.08291651427555,170.33309515101462,1,959.3497326313274,aligned,R008,dispersed,6,REGIONAL
controlled:aligned:dispersed:r010,0.0,12,0.0,0.0,0.0,0,3419.8412331885265,568.4569493167423,2279.8941554590174,1025.9523699565584,738.1864030254407,515.7553824770185,1,2279.8941554590187,aligned,C000,dispersed,18,CENTRAL
controlled:aligned:dispersed:r010,0.0,12,0.0,0.0,0.0,0,3419.8412331885265,568.4569493167423,2279.894155459018,1025.9523699565589,784.3026863869512,469.63909911550786,1,2279.8941554590187,aligned,C001,dispersed,36,CENTRAL
controlled:aligned:dispersed:r010,0.0,12,0.0,0.0,0.0,0,3419.8412331885265,568.4569493167423,2279.8941554590174,1025.9523699565586,762.2655390915979,491.6762464108607,1,2279.8941554590187,aligned,C002,dispersed,18,CENTRAL
controlled:aligned:dispersed:r010,0.0,21,0.0,0.0,0.0,0,599.7078089864605,153.47980613192365,399.8052059909737,179.91234269593818,130.79890984083076,89.09395345420474,1,399.8052059909737,aligned,L003,dispersed,3,LOCAL
controlled:aligned:dispersed:r010,974.1477908830991,57,438.36650589739475,314.3118385909877,221.46944639471653,1,1461.2216863246488,306.74175170136675,974.1477908830991,404.11522104555564,390.4258049284075,179.60676490913585,1,974.1477908830992,aligned,R000,dispersed,12,REGIONAL
controlled:aligned:dispersed:r010,974.1477908830993,72,438.3665058973947,375.42217419301306,160.3591107926914,1,1461.2216863246488,306.74175170136675,0.0,0.0,0.0,0.0,0,974.1477908830992,aligned,R001,dispersed,12,REGIONAL
controlled:aligned:dispersed:r010,974.1477908830993,57,434.9788322097926,294.03836329298883,245.13059538031797,1,1461.2216863246488,306.74175170136675,0.0,0.0,0.0,0.0,0,974.1477908830992,aligned,R002,dispersed,12,REGIONAL
controlled:aligned:dispersed:r010,839.9854515543229,57,377.99345319944536,293.994908044013,167.99709031086462,1,1461.2216863246488,306.74175170136675,0.0,0.0,0.0,0.0,0,974.1477908830992,aligned,R003,dispersed,6,REGIONAL
controlled:aligned:dispersed:r010,764.3360479668057,54,343.9512215850626,267.517616788382,152.86720959336117,1,1461.2216863246488,306.74175170136675,0.0,0.0,0.0,0.0,0,974.1477908830992,aligned,R005,dispersed,6,REGIONAL
controlled:aligned:dispersed:r010,913.9996331688124,63,411.29983492596557,319.89987160908424,182.79992663376245,1,1461.2216863246488,306.74175170136675,0.0,0.0,0.0,0.0,0,974.1477908830992,aligned,R007,dispersed,6,REGIONAL
controlled:aligned:dispersed:r010,778.2366479852567,51,350.2064915933655,272.38282679483984,155.64732959705134,1,1461.2216863246488,306.74175170136675,0.0,0.0,0.0,0.0,0,974.1477908830992,aligned,R008,dispersed,6,REGIONAL
controlled:aligned:dispersed:r011,0.0,12,0.0,0.0,0.0,0,3557.0562140683687,578.9661204269323,2371.370809378912,1067.1168642205105,817.07238750027,487.18155765813174,1,2371.3708093789123,aligned,C000,dispersed,18,CENTRAL
controlled:aligned:dispersed:r011,0.0,12,0.0,0.0,0.0,0,3557.0562140683687,578.9661204269323,2371.370809378913,1018.4839463371185,839.4470211835239,513.4398418582699,1,2371.3708093789123,aligned,C001,dispersed,39,CENTRAL
controlled:aligned:dispersed:r011,0.0,12,0.0,0.0,0.0,0,3557.0562140683687,578.9661204269323,1973.5273071408958,888.0872882134032,690.7345574993135,394.7054614281792,1,2371.3708093789123,aligned,C002,dispersed,15,CENTRAL
controlled:aligned:dispersed:r011,0.0,27,0.0,0.0,0.0,0,594.5085404828152,159.89713984488105,396.3390269885433,178.35256214484448,124.91912830635808,93.0673365373408,1,396.3390269885433,aligned,L021,dispersed,6,LOCAL
controlled:aligned:dispersed:r011,957.5202889195227,54,430.8841300137853,303.2133780698065,223.42278083593098,1,1436.2804333792842,307.57339542310547,957.5202889195227,430.88413001378524,369.52047947452695,157.11567943121045,1,957.5202889195227,aligned,R000,dispersed,12,REGIONAL
controlled:aligned:dispersed:r011,957.5202889195227,72,392.0696934690307,414.82959913428203,150.62099631620998,1,1436.2804333792842,307.57339542310547,0.0,0.0,0.0,0.0,0,957.5202889195227,aligned,R001,dispersed,12,REGIONAL
controlled:aligned:dispersed:r011,957.5202889195227,57,420.20052711958294,293.77624637810067,243.54351542183912,1,1436.2804333792842,307.57339542310547,0.0,0.0,0.0,0.0,0,957.5202889195227,aligned,R002,dispersed,12,REGIONAL
controlled:aligned:dispersed:r011,851.1097685262291,57,382.99939583680316,297.8884189841802,170.22195370524585,1,1436.2804333792842,307.57339542310547,0.0,0.0,0.0,0.0,0,957.5202889195227,aligned,R005,dispersed,6,REGIONAL
controlled:aligned:dispersed:r011,789.3835520393861,51,355.2225984177238,276.28424321378515,157.87671040787725,1,1436.2804333792842,307.57339542310547,0.0,0.0,0.0,0.0,0,957.5202889195227,aligned,R006,dispersed,6,REGIONAL
controlled:aligned:dispersed:r011,937.0297283645316,66,421.6633777640392,327.960404927586,187.40594567290634,1,1436.2804333792842,307.57339542310547,0.0,0.0,0.0,0.0,0,957.5202889195227,aligned,R007,dispersed,6,REGIONAL
controlled:aligned:dispersed:r011,864.7696393968977,51,389.14633772860395,302.66937378891413,172.95392787937953,1,1436.2804333792842,307.57339542310547,0.0,0.0,0.0,0.0,0,957.5202889195227,aligned,R008,dispersed,6,REGIONAL
controlled:aligned:dispersed:r012,0.0,12,0.0,0.0,0.0,0,3160.4208232434744,549.39139114656,2106.9472154956493,944.8020917461242,705.4202504930363,456.7248732564889,1,2106.9472154956507,aligned,C000,dispersed,18,CENTRAL
controlled:aligned:dispersed:r012,2106.9472154956493,12,936.4659785199156,744.8516962572851,425.62954071844865,1,3160.4208232434744,549.39139114656,2106.9472154956493,948.126246973043,733.1914278041577,425.62954071844865,1,2106.9472154956507,aligned,C001,dispersed,36,CENTRAL
controlled:aligned:dispersed:r012,0.0,12,0.0,0.0,0.0,0,3160.4208232434744,549.39139114656,2106.9472154956493,948.1262469730428,709.696559071738,449.12440945086826,1,2106.9472154956507,aligned,C002,dispersed,18,CENTRAL
controlled:aligned:dispersed:r012,0.0,18,0.0,0.0,0.0,0,619.1918118572956,159.18819828858648,412.7945412381971,155.07456986415187,164.00361814711965,93.71635322692553,1,412.7945412381972,aligned,L024,dispersed,21,LOCAL
controlled:aligned:dispersed:r012,979.8394298819944,54,440.92774344689775,378.33003011865,160.58165631644658,1,1469.7591448229914,304.0822001405195,979.8394298819944,440.9277434468978,431.9576173791181,106.9540690559785,1,979.8394298819949,aligned,R000,dispersed,12,REGIONAL
controlled:aligned:dispersed:r012,979.8394298819942,57,440.9277434468978,310.96594203371694,227.94574440137936,1,1469.7591448229914,304.0822001405195,0.0,0.0,0.0,0.0,0,979.8394298819949,aligned,R002,dispersed,12,REGIONAL
controlled:aligned:dispersed:r012,807.8288919234985,57,363.5230013655743,282.7401121732245,161.5657783846997,1,1469.7591448229914,304.0822001405195,0.0,0.0,0.0,0.0,0,979.8394298819949,aligned,R003,dispersed,6,REGIONAL
controlled:aligned:dispersed:r012,852.8011246983403,51,383.7605061142531,298.4803936444191,170.56022493966805,1,1469.7591448229914,304.0822001405195,0.0,0.0,0.0,0.0,0,979.8394298819949,aligned,R006,dispersed,6,REGIONAL
controlled:aligned:dispersed:r012,891.5961760902743,51,401.2182792406234,312.05866163159595,178.31923521805487,1,1469.7591448229914,304.0822001405195,0.0,0.0,0.0,0.0,0,979.8394298819949,aligned,R008,dispersed,6,REGIONAL
controlled:aligned:dispersed:r013,2259.877622855466,12,992.7990827974601,855.1457870241147,411.93275303389146,1,3389.816434283199,558.0588326335142,2259.877622855466,992.7990827974601,855.1457870241147,411.93275303389146,1,2259.8776228554666,aligned,C000,dispersed,18,CENTRAL
controlled:aligned:dispersed:r013,2259.877622855466,12,961.5251840664233,812.3970593772079,485.95537941183505,1,3389.816434283199,558.0588326335142,2259.877622855466,961.5251840664233,812.3970593772079,485.95537941183505,1,2259.8776228554666,aligned,C001,dispersed,33,CENTRAL
controlled:aligned:dispersed:r013,2259.877622855466,12,1006.4574849293153,806.1057001797883,447.31443774636244,1,3389.816434283199,558.0588326335142,2259.877622855466,1006.4574849293153,806.1057001797883,447.31443774636244,1,2259.8776228554666,aligned,C002,dispersed,21,CENTRAL
controlled:aligned:dispersed:r013,660.2398536828305,54,375.2885268572831,195.1598823775313,89.79144444801602,1,1392.1658868409872,307.9430774927444,660.2398536828305,375.2885268572831,195.1598823775313,89.79144444801602,1,928.1105912273249,aligned,R000,dispersed,15,REGIONAL
controlled:aligned:dispersed:r013,829.7678955524145,51,373.3955529985866,290.4187634433451,165.95357911048293,1,1392.1658868409872,307.9430774927444,829.7678955524145,373.3955529985866,290.4187634433451,165.95357911048293,1,928.1105912273249,aligned,R008,dispersed,6,REGIONAL
controlled:aligned:dispersed:r014,0.0,12,0.0,0.0,0.0,0,3453.7968852373756,589.8100939500208,2302.5312568249165,1036.139065571213,854.5081811900438,411.88401006365916,1,2302.531256824918,aligned,C000,dispersed,21,CENTRAL
controlled:aligned:dispersed:r014,2302.531256824917,12,1036.1390655712132,848.2824923772407,418.10969887646263,1,3453.7968852373756,589.8100939500208,2302.5312568249165,1036.1390655712132,762.7418376445275,503.6503536091757,1,2302.531256824918,aligned,C001,dispersed,33,CENTRAL
controlled:aligned:dispersed:r014,2302.531256824917,12,1036.1390655712132,763.1861807913241,503.2060104623795,1,3453.7968852373756,589.8100939500208,2302.531256824917,1036.1390655712132,763.1861807913242,503.2060104623795,1,2302.531256824918,aligned,C002,dispersed,18,CENTRAL
controlled:aligned:dispersed:r014,290.1244544053482,27,176.2198062377932,113.90464816755501,0.0,1,606.3832897745365,158.50254374126206,404.25552651635763,181.91498693236107,137.05984929606137,85.28069028793517,1,404.25552651635786,aligned,L027,dispersed,9,LOCAL
controlled:aligned:dispersed:r014,948.8008083262634,57,399.49405885241765,371.75383442832697,177.55291504551894,1,1423.2012124893952,318.09934241917654,948.8008083262634,399.49405885241765,371.75383442832697,177.55291504551894,1,948.8008083262638,aligned,R000,dispersed,12,REGIONAL
controlled:aligned:dispersed:r014,833.993824071304,66,375.2972208320868,291.8978384249564,166.79876481426078,1,1423.2012124893952,318.09934241917654,0.0,0.0,0.0,0.0,0,948.8008083262638,aligned,R007,dispersed,6,REGIONAL
controlled:aligned:dispersed:r014,660.2728311991553,51,297.12277403961923,273.795250017101,89.35480714243502,1,1423.2012124893952,318.09934241917654,0.0,0.0,0.0,0.0,0,948.8008083262638,aligned,R008,dispersed,6,REGIONAL
controlled:aligned:dispersed:r015,2336.348103217685,12,1051.3566464479586,792.5944423326484,492.3970144370782,1,3504.5221548265276,566.4832922564152,2336.348103217685,1051.3566464479586,792.5944423326484,492.3970144370782,1,2336.3481032176855,aligned,C000,dispersed,18,CENTRAL
controlled:aligned:dispersed:r015,2336.348103217685,12,1003.2354541769171,887.2302249621378,445.88242407862987,1,3504.5221548265276,566.4832922564152,2336.348103217684,1051.3566464479586,915.1662753191258,369.8251814506,1,2336.3481032176855,aligned,C001,dispersed,36,CENTRAL
controlled:aligned:dispersed:r015,2336.348103217685,12,996.1473651661557,815.616282842044,524.5844552094852,1,3504.5221548265276,566.4832922564152,2336.348103217685,1051.3566464479586,774.7812840181211,510.21017275160494,1,2336.3481032176855,aligned,C002,dispersed,18,CENTRAL
controlled:aligned:dispersed:r015,0.0,24,0.0,0.0,0.0,0,601.0999250531906,163.24902109111207,400.73328336879376,180.32997751595732,142.6395785837662,77.76372726907024,1,400.733283368794,aligned,L026,dispersed,6,LOCAL
controlled:aligned:dispersed:r015,253.83172393189514,51,169.37464307918103,0.0,84.45708085271411,1,1427.4262481783944,308.8724483732559,951.6174987855964,423.2282936149941,280.5280853259354,247.8611198446668,1,951.6174987855965,aligned,R000,dispersed,12,REGIONAL
controlled:aligned:dispersed:r015,385.34866623292487,57,173.40689980481622,134.8720331815237,77.06973324658499,1,1427.4262481783944,308.8724483732559,0.0,0.0,0.0,0.0,0,951.6174987855965,aligned,R005,dispersed,6,REGIONAL
controlled:aligned:dispersed:r016,0.0,12,0.0,0.0,0.0,0,3401.344248504722,584.9708445178048,2184.8161813185397,983.1672815933431,764.685663461489,436.96323626370804,1,2267.5628323364813,aligned,C000,dispersed,15,CENTRAL
controlled:aligned:dispersed:r016,0.0,12,0.0,0.0,0.0,0,3401.344248504722,584.9708445178048,2267.5628323364813,1020.4032745514163,751.8467279804902,495.3128298045747,1,2267.5628323364813,aligned,C001,dispersed,39,CENTRAL
controlled:aligned:dispersed:r016,0.0,12,0.0,0.0,0.0,0,3401.344248504722,584.9708445178048,2267.562832336481,1020.4032745514164,747.1293321761802,500.03022560888445,1,2267.5628323364813,aligned,C002,dispersed,18,CENTRAL
controlled:aligned:dispersed:r016,0.0,15,0.0,0.0,0.0,0,605.6104640378246,163.4031393871707,254.4537318207339,97.03381533858834,136.35427408918432,21.06564239296126,1,403.74030935854967,aligned,L000,dispersed,3,LOCAL
controlled:aligned:dispersed:r016,962.517818453641,57,433.1330183041385,300.70327285822805,228.68152729127445,1,1443.7767276804618,297.82260346169255,962.517818453641,433.1330183041385,300.70327285822805,228.68152729127445,1,962.5178184536411,aligned,R000,dispersed,12,REGIONAL
controlled:aligned:dispersed:r016,962.5178184536411,72,412.86927803475646,400.84697851179504,148.8015619070896,1,1443.7767276804618,297.82260346169255,0.0,0.0,0.0,0.0,0,962.5178184536411,aligned,R001,dispersed,12,REGIONAL
controlled:aligned:dispersed:r016,962.517818453641,57,419.45044956652043,297.268338590325,245.79903029679565,1,1443.7767276804618,297.82260346169255,0.0,0.0,0.0,0.0,0,962.5178184536411,aligned,R002,dispersed,12,REGIONAL
controlled:aligned:dispersed:r016,879.0511693793652,54,395.5730262207144,307.6679092827778,175.81023387587305,1,1443.7767276804618,297.82260346169255,0.0,0.0,0.0,0.0,0,962.5178184536411,aligned,R003,dispersed,6,REGIONAL
controlled:aligned:dispersed:r016,874.4459785428169,57,393.5006903442676,306.0560924899859,174.88919570856336,1,1443.7767276804618,297.82260346169255,0.0,0.0,0.0,0.0,0,962.5178184536411,aligned,R005,dispersed,6,REGIONAL
controlled:aligned:dispersed:r016,805.0608183472453,66,362.2773682562604,281.7712864215358,161.01216366944908,1,1443.7767276804618,297.82260346169255,0.0,0.0,0.0,0.0,0,962.5178184536411,aligned,R007,dispersed,6,REGIONAL
controlled:aligned:dispersed:r016,784.6718748457407,51,353.1023436805833,274.63515619600923,156.93437496914817,1,1443.7767276804618,297.82260346169255,0.0,0.0,0.0,0.0,0,962.5178184536411,aligned,R008,dispersed,6,REGIONAL
controlled:aligned:dispersed:r017,2167.3661857191605,12,975.3147835736222,758.5781650017061,433.47323714383214,1,3259.667086163305,542.4443405046096,2167.3661857191605,975.3147835736222,758.5781650017061,433.47323714383214,1,2173.1113907755353,aligned,C000,dispersed,15,CENTRAL
controlled:aligned:dispersed:r017,2173.1113907755353,12,977.9001258489909,713.6942856816828,481.5169792448616,1,3259.667086163305,542.4443405046096,2173.1113907755353,977.900125848991,867.632769211134,327.57849571541004,1,2173.1113907755353,aligned,C001,dispersed,39,CENTRAL
controlled:aligned:dispersed:r017,2173.1113907755353,12,951.1403766476493,739.7758485037272,482.19516562415885,1,3259.667086163305,542.4443405046096,2173.1113907755353,956.4524320188374,718.208746787353,498.45021196934505,1,2173.1113907755353,aligned,C002,dispersed,18,CENTRAL
controlled:aligned:dispersed:r017,977.317715339612,54,401.3581849680913,413.4144022352677,162.54512813625308,1,1465.9765730094193,317.20609234129955,977.317715339612,409.92921079797844,329.3628784591359,238.02562608249775,1,977.317715339612,aligned,R000,dispersed,12,REGIONAL
controlled:aligned:dispersed:r017,0.0,69,0.0,0.0,0.0,0,1465.9765730094193,317.20609234129955,972.6945732988714,439.79297190282546,359.5893837994621,173.3122175965838,1,977.317715339612,aligned,R001,dispersed,12,REGIONAL
controlled:aligned:dispersed:r017,893.5119884524343,51,402.08039480359537,312.72919595835197,178.70239769048686,1,1465.9765730094193,317.20609234129955,0.0,0.0,0.0,0.0,0,977.317715339612,aligned,R008,dispersed,6,REGIONAL
controlled:aligned:dispersed:r018,0.0,12,0.0,0.0,0.0,0,3416.315562384616,539.6697655880126,2277.5437082564104,993.096317159926,876.5534029637097,407.8939881327749,1,2277.5437082564113,aligned,C000,dispersed,18,CENTRAL
controlled:aligned:dispersed:r018,2277.543708256411,15,1024.894668715385,738.155598520924,514.493441020102,1,3416.315562384616,539.6697655880126,2277.543708256411,1024.8946687153848,830.8458403862121,421.8031991548138,1,2277.5437082564113,aligned,C001,dispersed,36,CENTRAL
controlled:aligned:dispersed:r018,0.0,12,0.0,0.0,0.0,0,3416.315562384616,539.6697655880126,2277.5437082564104,1024.894668715385,758.1938200486486,494.45521949237667,1,2277.5437082564113,aligned,C002,dispersed,18,CENTRAL
controlled:aligned:dispersed:r018,399.9553579988092,30,179.97991109946418,159.99995837406345,59.97548852528153,1,599.9330369982138,163.33748026663392,0.0,0.0,0.0,0.0,0,399.95535799880923,aligned,L016,dispersed,9,LOCAL
controlled:aligned:dispersed:r018,974.3306652526257,51,350.3146646409282,375.3269234009876,248.68907721070988,1,1461.4959978789384,293.21649485827015,778.4770325353959,350.3146646409282,272.46696138738855,155.6954065070792,1,974.330665252626,aligned,R000,dispersed,12,REGIONAL
controlled:aligned:dispersed:r018,974.3306652526257,57,363.15958962186704,376.4438387421241,234.72723688863442,1,1461.4959978789384,293.21649485827015,0.0,0.0,0.0,0.0,0,974.330665252626,aligned,R002,dispersed,12,REGIONAL
controlled:aligned:dispersed:r018,828.1332279960479,57,372.6599525982216,289.84662979861673,165.6266455992096,1,1461.4959978789384,293.21649485827015,0.0,0.0,0.0,0.0,0,974.330665252626,aligned,R003,dispersed,6,REGIONAL
controlled:aligned:dispersed:r018,813.5079212413001,66,366.0785645585851,284.727772434455,162.70158424826002,1,1461.4959978789384,293.21649485827015,0.0,0.0,0.0,0.0,0,974.330665252626,aligned,R007,dispersed,6,REGIONAL
controlled:aligned:dispersed:r018,849.8575535048094,54,382.4358990771642,297.4501437266832,169.97151070096186,1,1461.4959978789384,293.21649485827015,848.2725378523623,382.4358990771642,295.8651280742362,169.97151070096186,1,974.330665252626,aligned,R008,dispersed,6,REGIONAL
controlled:aligned:dispersed:r019,2249.0033968413854,12,1012.0515285786234,743.9004695944636,493.05139866829813,1,3373.505095262079,542.582635886932,2249.0033968413854,982.305413627634,862.8399476695217,403.85803554422944,1,2249.0033968413854,aligned,C000,dispersed,18,CENTRAL
controlled:aligned:dispersed:r019,2249.003396841385,12,994.9242767764003,773.8299930483113,480.24912701667347,1,3373.505095262079,542.582635886932,2249.003396841385,1012.0515285786236,773.8299930483113,463.12187521445026,1,2249.0033968413854,aligned,C001,dispersed,36,CENTRAL
controlled:aligned:dispersed:r019,2249.0033968413854,12,906.7377133077873,854.1690713395622,488.09661219403563,1,3373.505095262079,542.582635886932,2249.0033968413854,906.7377133077873,854.1690713395622,488.09661219403563,1,2249.0033968413854,aligned,C002,dispersed,18,CENTRAL
controlled:aligned:dispersed:r019,0.0,27,0.0,0.0,0.0,0,612.2958963332098,159.30341843363567,408.19726422213967,183.68876889996287,135.4711879191581,89.0373074030187,1,408.1972642221397,aligned,L002,dispersed,9,LOCAL
controlled:aligned:dispersed:r019,874.3922913310009,54,375.3399662703506,407.86802003736125,91.18430502328901,1,1426.3147162464686,307.7585941943458,950.8764774976457,407.65254843281474,288.92854196230326,254.2953871025277,1,950.8764774976456,aligned,R000,dispersed,12,REGIONAL
controlled:aligned:dispersed:r019,593.168588656252,51,372.23968016614936,140.5911235846108,80.3377849054919,1,1426.3147162464686,307.7585941943458,0.0,0.0,0.0,0.0,0,950.8764774976456,aligned,R008,dispersed,6,REGIONAL
controlled:disjoint:clustered:r000,963.5807435621969,15,0.0,963.5807435621969,0.0,1,3211.935811873989,587.9342831004957,963.5807435621969,0.0,963.5807435621969,0.0,1,2141.290541249326,disjoint,C000,clustered,24,CENTRAL
controlled:disjoint:clustered:r000,0.0,12,0.0,0.0,0.0,0,3211.935811873989,587.9342831004957,963.5807435621967,963.5807435621967,0.0,0.0,1,2141.290541249326,disjoint,C001,clustered,24,CENTRAL
controlled:disjoint:clustered:r000,0.0,12,0.0,0.0,0.0,0,3211.935811873989,587.9342831004957,963.5807435621969,0.0,0.0,963.5807435621969,1,2141.290541249326,disjoint,C002,clustered,24,CENTRAL
controlled:disjoint:clustered:r000,446.45842302121355,57,446.45842302121355,0.0,0.0,1,1488.1947434040449,297.37759655712875,446.45842302121355,446.45842302121355,0.0,0.0,1,992.1298289360301,disjoint,R000,clustered,7,REGIONAL
controlled:disjoint:clustered:r000,315.58272065237526,57,0.0,0.0,315.5827206523752,1,1488.1947434040449,297.37759655712875,0.0,0.0,0.0,0.0,0,992.1298289360301,disjoint,R002,clustered,4,REGIONAL
controlled:disjoint:clustered:r000,446.45842302121355,72,446.45842302121355,0.0,0.0,1,1488.1947434040449,297.37759655712875,0.0,0.0,0.0,0.0,0,992.1298289360301,disjoint,R004,clustered,13,REGIONAL
controlled:disjoint:clustered:r000,446.4584230212136,57,0.0,446.45842302121355,0.0,1,1488.1947434040449,297.37759655712875,446.4584230212136,0.0,446.45842302121355,0.0,1,992.1298289360301,disjoint,R005,clustered,11,REGIONAL
controlled:disjoint:clustered:r000,0.0,51,0.0,0.0,0.0,0,1488.1947434040449,297.37759655712875,446.45842302121343,446.4584230212135,0.0,0.0,1,992.1298289360301,disjoint,R006,clustered,4,REGIONAL
controlled:disjoint:clustered:r000,446.45842302121343,51,0.0,0.0,446.45842302121343,1,1488.1947434040449,297.37759655712875,0.0,0.0,0.0,0.0,0,992.1298289360301,disjoint,R008,clustered,6,REGIONAL
controlled:disjoint:clustered:r001,992.3931122234084,12,0.0,0.0,992.3931122234084,1,3307.9770407446936,570.3536828688909,992.3931122234083,0.0,0.0,992.3931122234084,1,2205.3180271631295,disjoint,C000,clustered,24,CENTRAL
controlled:disjoint:clustered:r001,0.0,12,0.0,0.0,0.0,0,3307.9770407446936,570.3536828688909,992.3931122234083,992.3931122234083,0.0,0.0,1,2205.3180271631295,disjoint,C001,clustered,24,CENTRAL
controlled:disjoint:clustered:r001,0.0,12,0.0,0.0,0.0,0,3307.9770407446936,570.3536828688909,992.3931122234083,0.0,992.3931122234083,0.0,1,2205.3180271631295,disjoint,C002,clustered,24,CENTRAL
controlled:disjoint:clustered:r001,442.1948602864113,57,0.0,442.19486028641137,0.0,1,1473.9828676213704,302.1379233301254,442.1948602864113,0.0,442.19486028641137,0.0,1,982.655245080914,disjoint,R000,clustered,12,REGIONAL
controlled:disjoint:clustered:r001,442.1948602864113,54,442.1948602864113,0.0,0.0,1,1473.9828676213704,302.1379233301254,442.1948602864113,442.1948602864113,0.0,0.0,1,982.655245080914,disjoint,R002,clustered,6,REGIONAL
controlled:disjoint:clustered:r001,442.1948602864113,72,0.0,0.0,442.1948602864113,1,1473.9828676213704,302.1379233301254,0.0,0.0,0.0,0.0,0,982.655245080914,disjoint,R004,clustered,16,REGIONAL
controlled:disjoint:clustered:r001,442.1948602864112,57,0.0,442.19486028641126,0.0,1,1473.9828676213704,302.1379233301254,0.0,0.0,0.0,0.0,0,982.655245080914,disjoint,R005,clustered,8,REGIONAL
controlled:disjoint:clustered:r001,442.1948602864113,66,442.1948602864113,0.0,0.0,1,1473.9828676213704,302.1379233301254,442.1948602864113,442.1948602864113,0.0,0.0,1,982.655245080914,disjoint,R007,clustered,10,REGIONAL
controlled:disjoint:clustered:r002,1075.4527825288258,12,0.0,0.0,1075.4527825288258,1,3584.842608429419,569.7213710805107,1075.4527825288255,0.0,0.0,1075.4527825288255,1,2389.8950722862796,disjoint,C000,clustered,24,CENTRAL
controlled:disjoint:clustered:r002,1075.4527825288255,12,1075.4527825288255,0.0,0.0,1,3584.842608429419,569.7213710805107,1075.4527825288255,1075.4527825288255,0.0,0.0,1,2389.8950722862796,disjoint,C001,clustered,24,CENTRAL
controlled:disjoint:clustered:r002,0.0,12,0.0,0.0,0.0,0,3584.842608429419,569.7213710805107,1075.4527825288255,0.0,1075.4527825288258,0.0,1,2389.8950722862796,disjoint,C002,clustered,24,CENTRAL
controlled:disjoint:clustered:r002,180.16166239229423,18,0.0,0.0,180.16166239229423,1,600.5388746409805,156.74612455165564,0.0,0.0,0.0,0.0,0,400.35924976065377,disjoint,L005,clustered,4,LOCAL
controlled:disjoint:clustered:r002,420.8690895878814,57,0.0,0.0,420.8690895878814,1,1402.8969652929377,305.90269733143145,0.0,0.0,0.0,0.0,0,935.2646435286252,disjoint,R000,clustered,7,REGIONAL
controlled:disjoint:clustered:r002,420.8690895878814,57,420.8690895878814,0.0,0.0,1,1402.8969652929377,305.90269733143145,420.8690895878814,420.8690895878814,0.0,0.0,1,935.2646435286252,disjoint,R002,clustered,8,REGIONAL
controlled:disjoint:clustered:r002,0.0,57,0.0,0.0,0.0,0,1402.8969652929377,305.90269733143145,420.86908958788143,0.0,420.86908958788143,0.0,1,935.2646435286252,disjoint,R003,clustered,8,REGIONAL
controlled:disjoint:clustered:r002,420.8690895878815,57,0.0,420.8690895878815,0.0,1,1402.8969652929377,305.90269733143145,0.0,0.0,0.0,0.0,0,935.2646435286252,disjoint,R005,clustered,9,REGIONAL
controlled:disjoint:clustered:r002,0.0,51,0.0,0.0,0.0,0,1402.8969652929377,305.90269733143145,410.07790419276085,410.07790419276085,0.0,0.0,1,935.2646435286252,disjoint,R008,clustered,4,REGIONAL
controlled:disjoint:clustered:r003,0.0,12,0.0,0.0,0.0,0,3115.11821659958,504.2296664186729,934.5354649798747,0.0,0.0,934.5354649798749,1,2076.7454777330545,disjoint,C000,clustered,24,CENTRAL
controlled:disjoint:clustered:r003,934.5354649798746,15,0.0,934.5354649798746,0.0,1,3115.11821659958,504.2296664186729,934.5354649798745,0.0,934.5354649798745,0.0,1,2076.7454777330545,disjoint,C001,clustered,24,CENTRAL
controlled:disjoint:clustered:r003,934.5354649798745,12,934.5354649798746,0.0,0.0,1,3115.11821659958,504.2296664186729,934.5354649798745,934.5354649798746,0.0,0.0,1,2076.7454777330545,disjoint,C002,clustered,24,CENTRAL
controlled:disjoint:clustered:r003,445.94436776876546,57,0.0,445.94436776876546,0.0,1,1486.481225895884,305.1485224436414,0.0,0.0,0.0,0.0,0,990.9874839305899,disjoint,R000,clustered,8,REGIONAL
controlled:disjoint:clustered:r003,0.0,57,0.0,0.0,0.0,0,1486.481225895884,305.1485224436414,445.94436776876546,0.0,445.94436776876546,0.0,1,990.9874839305899,disjoint,R002,clustered,8,REGIONAL
controlled:disjoint:clustered:r003,0.0,57,0.0,0.0,0.0,0,1486.481225895884,305.1485224436414,445.94436776876546,445.94436776876546,0.0,0.0,1,990.9874839305899,disjoint,R005,clustered,8,REGIONAL
controlled:disjoint:clustered:r003,445.9443677687655,48,445.9443677687655,0.0,0.0,1,1486.481225895884,305.1485224436414,445.9443677687655,445.9443677687655,0.0,0.0,1,990.9874839305899,disjoint,R006,clustered,7,REGIONAL
controlled:disjoint:clustered:r003,344.9974639477262,66,0.0,0.0,344.99746394772615,1,1486.481225895884,305.1485224436414,0.0,0.0,0.0,0.0,0,990.9874839305899,disjoint,R007,clustered,4,REGIONAL
controlled:disjoint:clustered:r003,445.94436776876546,51,0.0,0.0,445.94436776876546,1,1486.481225895884,305.1485224436414,0.0,0.0,0.0,0.0,0,990.9874839305899,disjoint,R008,clustered,8,REGIONAL
controlled:disjoint:clustered:r004,972.9113569202827,12,0.0,972.9113569202827,0.0,1,3243.037856400943,530.3297874228382,972.9113569202827,0.0,972.9113569202827,0.0,1,2162.0252376006283,disjoint,C000,clustered,24,CENTRAL
controlled:disjoint:clustered:r004,972.9113569202829,12,0.0,0.0,972.9113569202827,1,3243.037856400943,530.3297874228382,972.911356920283,0.0,0.0,972.911356920283,1,2162.0252376006283,disjoint,C001,clustered,24,CENTRAL
controlled:disjoint:clustered:r004,972.9113569202827,12,972.9113569202827,0.0,0.0,1,3243.037856400943,530.3297874228382,972.9113569202827,972.9113569202827,0.0,0.0,1,2162.0252376006283,disjoint,C002,clustered,24,CENTRAL
controlled:disjoint:clustered:r004,450.60278533322685,57,450.60278533322685,0.0,0.0,1,1502.0092844440894,314.71096135769227,450.60278533322685,450.60278533322685,0.0,0.0,1,1001.339522962726,disjoint,R000,clustered,6,REGIONAL
controlled:disjoint:clustered:r004,0.0,72,0.0,0.0,0.0,0,1502.0092844440894,314.71096135769227,450.6027853332268,450.6027853332268,0.0,0.0,1,1001.339522962726,disjoint,R004,clustered,14,REGIONAL
controlled:disjoint:clustered:r004,450.60278533322673,57,0.0,0.0,450.60278533322673,1,1502.0092844440894,314.71096135769227,0.0,0.0,0.0,0.0,0,1001.339522962726,disjoint,R005,clustered,6,REGIONAL
controlled:disjoint:clustered:r004,0.0,51,0.0,0.0,0.0,0,1502.0092844440894,314.71096135769227,450.60278533322673,450.6027853332268,0.0,0.0,1,1001.339522962726,disjoint,R006,clustered,4,REGIONAL
controlled:disjoint:clustered:r005,0.0,12,0.0,0.0,0.0,0,3151.0829421382787,573.53035363751,945.3248826414832,0.0,945.3248826414832,0.0,1,2100.7219614255187,disjoint,C000,clustered,24,CENTRAL
controlled:disjoint:clustered:r005,945.3248826414833,12,945.3248826414833,0.0,0.0,1,3151.0829421382787,573.53035363751,945.3248826414833,945.3248826414833,0.0,0.0,1,2100.7219614255187,disjoint,C001,clustered,24,CENTRAL
controlled:disjoint:clustered:r005,0.0,12,0.0,0.0,0.0,0,3151.0829421382787,573.53035363751,945.3248826414834,0.0,0.0,945.3248826414834,1,2100.7219614255187,disjoint,C002,clustered,24,CENTRAL
controlled:disjoint:clustered:r005,429.3865232882478,57,0.0,429.3865232882478,0.0,1,1431.2884109608267,306.37069010372875,0.0,0.0,0.0,0.0,0,954.1922739738841,disjoint,R000,clustered,9,REGIONAL
controlled:disjoint:clustered:r005,429.3865232882479,54,429.3865232882479,0.0,0.0,1,1431.2884109608267,306.37069010372875,429.3865232882479,429.3865232882479,0.0,0.0,1,954.1922739738841,disjoint,R002,clustered,9,REGIONAL
controlled:disjoint:clustered:r005,429.3865232882479,54,0.0,429.3865232882479,0.0,1,1431.2884109608267,306.37069010372875,0.0,0.0,0.0,0.0,0,954.1922739738841,disjoint,R003,clustered,4,REGIONAL
controlled:disjoint:clustered:r005,411.50885818301,57,0.0,0.0,411.50885818301,1,1431.2884109608267,306.37069010372875,0.0,0.0,0.0,0.0,0,954.1922739738841,disjoint,R005,clustered,5,REGIONAL
controlled:disjoint:clustered:r005,0.0,51,0.0,0.0,0.0,0,1431.2884109608267,306.37069010372875,429.3865232882479,429.3865232882478,0.0,0.0,1,954.1922739738841,disjoint,R006,clustered,7,REGIONAL
controlled:disjoint:clustered:r005,429.3865232882479,63,0.0,429.3865232882479,0.0,1,1431.2884109608267,306.37069010372875,0.0,0.0,0.0,0.0,0,954.1922739738841,disjoint,R007,clustered,11,REGIONAL
controlled:disjoint:clustered:r006,1055.1034012229811,12,0.0,1055.1034012229813,0.0,1,3517.0113374099396,533.0938466482172,1055.1034012229813,0.0,1055.1034012229811,0.0,1,2344.674224939958,disjoint,C000,clustered,24,CENTRAL
controlled:disjoint:clustered:r006,1055.1034012229813,12,1055.1034012229813,0.0,0.0,1,3517.0113374099396,533.0938466482172,1055.1034012229813,1055.1034012229813,0.0,0.0,1,2344.674224939958,disjoint,C001,clustered,24,CENTRAL
controlled:disjoint:clustered:r006,1055.1034012229813,12,0.0,0.0,1055.1034012229811,1,3517.0113374099396,533.0938466482172,1055.1034012229816,0.0,0.0,1055.1034012229813,1,2344.674224939958,disjoint,C002,clustered,24,CENTRAL
controlled:disjoint:clustered:r006,0.0,57,0.0,0.0,0.0,0,1374.5837624184162,309.1420194674067,412.37512872552475,412.37512872552475,0.0,0.0,1,916.3891749456104,disjoint,R000,clustered,9,REGIONAL
controlled:disjoint:clustered:r006,0.0,57,0.0,0.0,0.0,0,1374.5837624184162,309.1420194674067,412.37512872552475,0.0,412.37512872552475,0.0,1,916.3891749456104,disjoint,R002,clustered,7,REGIONAL
controlled:disjoint:clustered:r006,412.3751287255247,57,0.0,0.0,412.3751287255247,1,1374.5837624184162,309.1420194674067,0.0,0.0,0.0,0.0,0,916.3891749456104,disjoint,R005,clustered,12,REGIONAL
controlled:disjoint:clustered:r006,412.37512872552475,63,0.0,412.37512872552475,0.0,1,1374.5837624184162,309.1420194674067,0.0,0.0,0.0,0.0,0,916.3891749456104,disjoint,R007,clustered,9,REGIONAL
controlled:disjoint:clustered:r006,0.0,51,0.0,0.0,0.0,0,1374.5837624184162,309.1420194674067,412.37512872552475,412.37512872552475,0.0,0.0,1,916.3891749456104,disjoint,R008,clustered,6,REGIONAL
controlled:disjoint:clustered:r007,0.0,12,0.0,0.0,0.0,0,3219.923207696822,564.5893679917446,965.9769623090469,0.0,0.0,965.9769623090469,1,2146.6154717978816,disjoint,C000,clustered,24,CENTRAL
controlled:disjoint:clustered:r007,965.9769623090468,15,0.0,965.9769623090468,0.0,1,3219.923207696822,564.5893679917446,965.9769623090468,0.0,965.9769623090468,0.0,1,2146.6154717978816,disjoint,C001,clustered,24,CENTRAL
controlled:disjoint:clustered:r007,965.9769623090467,12,965.9769623090467,0.0,0.0,1,3219.923207696822,564.5893679917446,965.9769623090467,965.9769623090467,0.0,0.0,1,2146.6154717978816,disjoint,C002,clustered,24,CENTRAL
controlled:disjoint:clustered:r007,181.7873742777117,18,0.0,0.0,181.7873742777117,1,605.9579142590391,160.25983502961662,0.0,0.0,0.0,0.0,0,403.9719428393594,disjoint,L024,clustered,7,LOCAL
controlled:disjoint:clustered:r007,450.85818211947094,57,0.0,450.85818211947094,0.0,1,1502.8606070649028,323.1687644727573,450.85818211947094,0.0,450.85818211947094,0.0,1,1001.9070713766018,disjoint,R000,clustered,5,REGIONAL
controlled:disjoint:clustered:r007,450.85818211947094,51,450.8581821194709,0.0,0.0,1,1502.8606070649028,323.1687644727573,450.85818211947094,450.8581821194709,0.0,0.0,1,1001.9070713766018,disjoint,R006,clustered,3,REGIONAL
controlled:disjoint:clustered:r007,450.85818211947094,51,450.85818211947094,0.0,0.0,1,1502.8606070649028,323.1687644727573,450.85818211947094,450.85818211947094,0.0,0.0,1,1001.9070713766018,disjoint,R008,clustered,11,REGIONAL
controlled:disjoint:clustered:r008,0.0,12,0.0,0.0,0.0,0,3441.8000055700127,544.8519775748297,1032.5400016710041,0.0,0.0,1032.5400016710043,1,2294.5333370466756,disjoint,C000,clustered,24,CENTRAL
controlled:disjoint:clustered:r008,1032.5400016710041,15,1032.5400016710041,0.0,0.0,1,3441.8000055700127,544.8519775748297,1032.5400016710041,1032.5400016710041,0.0,0.0,1,2294.5333370466756,disjoint,C001,clustered,24,CENTRAL
controlled:disjoint:clustered:r008,0.0,12,0.0,0.0,0.0,0,3441.8000055700127,544.8519775748297,1032.5400016710041,0.0,1032.5400016710041,0.0,1,2294.5333370466756,disjoint,C002,clustered,24,CENTRAL
controlled:disjoint:clustered:r008,181.7833072181456,24,0.0,0.0,181.7833072181456,1,605.9443573938186,160.0962673421157,0.0,0.0,0.0,0.0,0,403.9629049292125,disjoint,L003,clustered,4,LOCAL
controlled:disjoint:clustered:r008,428.6867705704166,57,0.0,428.6867705704166,0.0,1,1428.9559019013884,296.1316325212834,0.0,0.0,0.0,0.0,0,952.6372679342591,disjoint,R000,clustered,10,REGIONAL
controlled:disjoint:clustered:r008,428.6867705704166,57,428.6867705704167,0.0,0.0,1,1428.9559019013884,296.1316325212834,428.6867705704166,428.6867705704167,0.0,0.0,1,952.6372679342591,disjoint,R002,clustered,6,REGIONAL
controlled:disjoint:clustered:r008,0.0,69,0.0,0.0,0.0,0,1428.9559019013884,296.1316325212834,428.6867705704167,0.0,428.6867705704167,0.0,1,952.6372679342591,disjoint,R004,clustered,6,REGIONAL
controlled:disjoint:clustered:r008,428.6867705704167,57,0.0,428.6867705704167,0.0,1,1428.9559019013884,296.1316325212834,0.0,0.0,0.0,0.0,0,952.6372679342591,disjoint,R005,clustered,8,REGIONAL
controlled:disjoint:clustered:r008,236.69118840933368,51,0.0,0.0,236.69118840933368,1,1428.9559019013884,296.1316325212834,0.0,0.0,0.0,0.0,0,952.6372679342591,disjoint,R006,clustered,3,REGIONAL
controlled:disjoint:clustered:r008,0.0,63,0.0,0.0,0.0,0,1428.9559019013884,296.1316325212834,428.6867705704166,428.6867705704166,0.0,0.0,1,952.6372679342591,disjoint,R007,clustered,9,REGIONAL
controlled:disjoint:clustered:r008,428.6867705704167,51,0.0,0.0,428.6867705704166,1,1428.9559019013884,296.1316325212834,0.0,0.0,0.0,0.0,0,952.6372679342591,disjoint,R008,clustered,10,REGIONAL
controlled:disjoint:clustered:r009,0.0,12,0.0,0.0,0.0,0,3410.684896453324,561.6268055431706,1023.2054689359974,0.0,0.0,1023.2054689359975,1,2273.7899309688833,disjoint,C000,clustered,24,CENTRAL
controlled:disjoint:clustered:r009,1023.2054689359975,12,0.0,1023.2054689359975,0.0,1,3410.684896453324,561.6268055431706,1023.2054689359976,0.0,1023.2054689359976,0.0,1,2273.7899309688833,disjoint,C001,clustered,24,CENTRAL
controlled:disjoint:clustered:r009,0.0,12,0.0,0.0,0.0,0,3410.684896453324,561.6268055431706,1023.2054689359975,1023.2054689359975,0.0,0.0,1,2273.7899309688833,disjoint,C002,clustered,24,CENTRAL
controlled:disjoint:clustered:r009,181.80603266764263,36,0.0,181.80603266764263,0.0,1,606.0201088921419,161.3447790542012,0.0,0.0,0.0,0.0,0,404.0134059280947,disjoint,L016,clustered,10,LOCAL
controlled:disjoint:clustered:r009,431.70737968409736,57,431.70737968409736,0.0,0.0,1,1439.0245989469909,301.83332247313314,431.70737968409736,431.70737968409736,0.0,0.0,1,959.3497326313274,disjoint,R000,clustered,9,REGIONAL
controlled:disjoint:clustered:r009,431.70737968409736,57,0.0,0.0,431.70737968409725,1,1439.0245989469909,301.83332247313314,0.0,0.0,0.0,0.0,0,959.3497326313274,disjoint,R002,clustered,9,REGIONAL
controlled:disjoint:clustered:r009,431.70737968409725,51,0.0,0.0,431.7073796840973,1,1439.0245989469909,301.83332247313314,0.0,0.0,0.0,0.0,0,959.3497326313274,disjoint,R006,clustered,6,REGIONAL
controlled:disjoint:clustered:r009,431.7073796840973,63,431.70737968409736,0.0,0.0,1,1439.0245989469909,301.83332247313314,431.7073796840973,431.70737968409736,0.0,0.0,1,959.3497326313274,disjoint,R007,clustered,6,REGIONAL
controlled:disjoint:clustered:r009,431.7073796840973,51,0.0,431.7073796840973,0.0,1,1439.0245989469909,301.83332247313314,431.7073796840973,0.0,431.7073796840973,0.0,1,959.3497326313274,disjoint,R008,clustered,7,REGIONAL
controlled:disjoint:clustered:r010,0.0,12,0.0,0.0,0.0,0,3419.8412331885265,568.4569493167423,1025.9523699565586,0.0,1025.9523699565586,0.0,1,2279.8941554590187,disjoint,C000,clustered,24,CENTRAL
controlled:disjoint:clustered:r010,0.0,12,0.0,0.0,0.0,0,3419.8412331885265,568.4569493167423,1025.9523699565586,1025.9523699565586,0.0,0.0,1,2279.8941554590187,disjoint,C001,clustered,24,CENTRAL
controlled:disjoint:clustered:r010,0.0,12,0.0,0.0,0.0,0,3419.8412331885265,568.4569493167423,1025.9523699565586,0.0,0.0,1025.9523699565586,1,2279.8941554590187,disjoint,C002,clustered,24,CENTRAL
controlled:disjoint:clustered:r010,438.36650589739475,57,0.0,0.0,438.3665058973947,1,1461.2216863246488,306.74175170136675,0.0,0.0,0.0,0.0,0,974.1477908830992,disjoint,R000,clustered,7,REGIONAL
controlled:disjoint:clustered:r010,438.3665058973947,72,0.0,438.36650589739475,0.0,1,1461.2216863246488,306.74175170136675,0.0,0.0,0.0,0.0,0,974.1477908830992,disjoint,R001,clustered,8,REGIONAL
controlled:disjoint:clustered:r010,438.36650589739475,57,0.0,438.36650589739475,0.0,1,1461.2216863246488,306.74175170136675,0.0,0.0,0.0,0.0,0,974.1477908830992,disjoint,R002,clustered,5,REGIONAL
controlled:disjoint:clustered:r010,438.36650589739475,57,0.0,0.0,438.36650589739475,1,1461.2216863246488,306.74175170136675,0.0,0.0,0.0,0.0,0,974.1477908830992,disjoint,R003,clustered,6,REGIONAL
controlled:disjoint:clustered:r010,438.36650589739475,54,0.0,0.0,438.36650589739475,1,1461.2216863246488,306.74175170136675,0.0,0.0,0.0,0.0,0,974.1477908830992,disjoint,R005,clustered,11,REGIONAL
controlled:disjoint:clustered:r010,0.0,51,0.0,0.0,0.0,0,1461.2216863246488,306.74175170136675,438.36650589739475,438.3665058973947,0.0,0.0,1,974.1477908830992,disjoint,R006,clustered,8,REGIONAL
controlled:disjoint:clustered:r010,438.36650589739475,63,438.3665058973948,0.0,0.0,1,1461.2216863246488,306.74175170136675,438.36650589739475,438.3665058973948,0.0,0.0,1,974.1477908830992,disjoint,R007,clustered,8,REGIONAL
controlled:disjoint:clustered:r010,438.3665058973947,51,438.36650589739475,0.0,0.0,1,1461.2216863246488,306.74175170136675,0.0,0.0,0.0,0.0,0,974.1477908830992,disjoint,R008,clustered,8,REGIONAL
controlled:disjoint:clustered:r011,0.0,12,0.0,0.0,0.0,0,3557.0562140683687,578.9661204269323,1067.1168642205105,0.0,0.0,1067.1168642205105,1,2371.3708093789123,disjoint,C000,clustered,24,CENTRAL
controlled:disjoint:clustered:r011,0.0,12,0.0,0.0,0.0,0,3557.0562140683687,578.9661204269323,1067.1168642205105,1067.1168642205105,0.0,0.0,1,2371.3708093789123,disjoint,C001,clustered,24,CENTRAL
controlled:disjoint:clustered:r011,0.0,12,0.0,0.0,0.0,0,3557.0562140683687,578.9661204269323,1067.1168642205105,0.0,1067.1168642205103,0.0,1,2371.3708093789123,disjoint,C002,clustered,24,CENTRAL
controlled:disjoint:clustered:r011,430.8841300137853,54,430.8841300137853,0.0,0.0,1,1436.2804333792842,307.57339542310547,430.8841300137853,430.8841300137853,0.0,0.0,1,957.5202889195227,disjoint,R000,clustered,7,REGIONAL
controlled:disjoint:clustered:r011,430.8841300137852,72,0.0,0.0,430.8841300137852,1,1436.2804333792842,307.57339542310547,0.0,0.0,0.0,0.0,0,957.5202889195227,disjoint,R001,clustered,13,REGIONAL
controlled:disjoint:clustered:r011,430.88413001378524,57,430.88413001378524,0.0,0.0,1,1436.2804333792842,307.57339542310547,430.88413001378524,430.88413001378524,0.0,0.0,1,957.5202889195227,disjoint,R002,clustered,7,REGIONAL
controlled:disjoint:clustered:r011,430.88413001378524,57,0.0,430.88413001378524,0.0,1,1436.2804333792842,307.57339542310547,0.0,0.0,0.0,0.0,0,957.5202889195227,disjoint,R005,clustered,10,REGIONAL
controlled:disjoint:clustered:r011,430.8841300137853,51,0.0,0.0,430.88413001378524,1,1436.2804333792842,307.57339542310547,0.0,0.0,0.0,0.0,0,957.5202889195227,disjoint,R006,clustered,6,REGIONAL
controlled:disjoint:clustered:r011,430.88413001378524,66,0.0,430.88413001378524,0.0,1,1436.2804333792842,307.57339542310547,0.0,0.0,0.0,0.0,0,957.5202889195227,disjoint,R007,clustered,4,REGIONAL
controlled:disjoint:clustered:r011,430.8841300137853,51,0.0,0.0,430.8841300137853,1,1436.2804333792842,307.57339542310547,0.0,0.0,0.0,0.0,0,957.5202889195227,disjoint,R008,clustered,5,REGIONAL
controlled:disjoint:clustered:r012,0.0,12,0.0,0.0,0.0,0,3160.4208232434744,549.39139114656,948.1262469730427,948.1262469730427,0.0,0.0,1,2106.9472154956507,disjoint,C000,clustered,24,CENTRAL
controlled:disjoint:clustered:r012,948.126246973043,12,0.0,948.126246973043,0.0,1,3160.4208232434744,549.39139114656,948.126246973043,0.0,948.126246973043,0.0,1,2106.9472154956507,disjoint,C001,clustered,24,CENTRAL
controlled:disjoint:clustered:r012,0.0,12,0.0,0.0,0.0,0,3160.4208232434744,549.39139114656,948.1262469730427,0.0,0.0,948.1262469730427,1,2106.9472154956507,disjoint,C002,clustered,24,CENTRAL
controlled:disjoint:clustered:r012,440.92774344689775,54,0.0,440.92774344689775,0.0,1,1469.7591448229914,304.0822001405195,440.92774344689775,0.0,440.92774344689775,0.0,1,979.8394298819949,disjoint,R000,clustered,7,REGIONAL
controlled:disjoint:clustered:r012,0.0,72,0.0,0.0,0.0,0,1469.7591448229914,304.0822001405195,440.9277434468978,440.9277434468978,0.0,0.0,1,979.8394298819949,disjoint,R001,clustered,14,REGIONAL
controlled:disjoint:clustered:r012,440.9277434468977,57,0.0,440.9277434468977,0.0,1,1469.7591448229914,304.0822001405195,440.9277434468977,0.0,440.9277434468977,0.0,1,979.8394298819949,disjoint,R002,clustered,9,REGIONAL
controlled:disjoint:clustered:r012,440.92774344689775,57,440.92774344689775,0.0,0.0,1,1469.7591448229914,304.0822001405195,0.0,0.0,0.0,0.0,0,979.8394298819949,disjoint,R003,clustered,6,REGIONAL
controlled:disjoint:clustered:r012,440.9277434468978,51,440.9277434468978,0.0,0.0,1,1469.7591448229914,304.0822001405195,0.0,0.0,0.0,0.0,0,979.8394298819949,disjoint,R006,clustered,4,REGIONAL
controlled:disjoint:clustered:r012,178.31923521805487,51,0.0,0.0,178.31923521805487,1,1469.7591448229914,304.0822001405195,0.0,0.0,0.0,0.0,0,979.8394298819949,disjoint,R008,clustered,2,REGIONAL
controlled:disjoint:clustered:r013,1016.9449302849602,12,0.0,1016.94493028496,0.0,1,3389.816434283199,558.0588326335142,1016.9449302849602,0.0,1016.94493028496,0.0,1,2259.8776228554666,disjoint,C000,clustered,24,CENTRAL
controlled:disjoint:clustered:r013,1016.9449302849602,12,1016.9449302849602,0.0,0.0,1,3389.816434283199,558.0588326335142,1016.9449302849602,1016.9449302849602,0.0,0.0,1,2259.8776228554666,disjoint,C001,clustered,24,CENTRAL
controlled:disjoint:clustered:r013,1016.94493028496,12,0.0,0.0,1016.9449302849599,1,3389.816434283199,558.0588326335142,1016.94493028496,0.0,0.0,1016.9449302849599,1,2259.8776228554666,disjoint,C002,clustered,24,CENTRAL
controlled:disjoint:clustered:r013,417.6497660522963,54,417.6497660522963,0.0,0.0,1,1392.1658868409872,307.9430774927444,417.6497660522963,417.6497660522963,0.0,0.0,1,928.1105912273249,disjoint,R000,clustered,9,REGIONAL
controlled:disjoint:clustered:r013,0.0,66,0.0,0.0,0.0,0,1392.1658868409872,307.9430774927444,417.64976605229623,417.64976605229623,0.0,0.0,1,928.1105912273249,disjoint,R007,clustered,7,REGIONAL
controlled:disjoint:clustered:r013,417.6497660522963,51,417.6497660522963,0.0,0.0,1,1392.1658868409872,307.9430774927444,417.6497660522963,417.6497660522963,0.0,0.0,1,928.1105912273249,disjoint,R008,clustered,8,REGIONAL
controlled:disjoint:clustered:r014,0.0,12,0.0,0.0,0.0,0,3453.7968852373756,589.8100939500208,1036.1390655712135,0.0,0.0,1036.1390655712135,1,2302.531256824918,disjoint,C000,clustered,24,CENTRAL
controlled:disjoint:clustered:r014,1036.1390655712132,12,1036.1390655712135,0.0,0.0,1,3453.7968852373756,589.8100939500208,1036.1390655712135,1036.1390655712135,0.0,0.0,1,2302.531256824918,disjoint,C001,clustered,24,CENTRAL
controlled:disjoint:clustered:r014,1036.1390655712132,12,0.0,1036.1390655712132,0.0,1,3453.7968852373756,589.8100939500208,1036.1390655712132,0.0,1036.1390655712132,0.0,1,2302.531256824918,disjoint,C002,clustered,24,CENTRAL
controlled:disjoint:clustered:r014,181.91498693236107,27,181.91498693236107,0.0,0.0,1,606.3832897745365,158.50254374126206,0.0,0.0,0.0,0.0,0,404.25552651635786,disjoint,L027,clustered,7,LOCAL
controlled:disjoint:clustered:r014,426.96036374681887,57,426.96036374681887,0.0,0.0,1,1423.2012124893952,318.09934241917654,426.96036374681887,426.96036374681887,0.0,0.0,1,948.8008083262638,disjoint,R000,clustered,6,REGIONAL
controlled:disjoint:clustered:r014,0.0,72,0.0,0.0,0.0,0,1423.2012124893952,318.09934241917654,426.9603637468188,0.0,426.96036374681876,0.0,1,948.8008083262638,disjoint,R004,clustered,13,REGIONAL
controlled:disjoint:clustered:r014,426.96036374681876,66,426.96036374681876,0.0,0.0,1,1423.2012124893952,318.09934241917654,0.0,0.0,0.0,0.0,0,948.8008083262638,disjoint,R007,clustered,10,REGIONAL
controlled:disjoint:clustered:r014,426.96036374681876,51,0.0,0.0,426.96036374681876,1,1423.2012124893952,318.09934241917654,0.0,0.0,0.0,0.0,0,948.8008083262638,disjoint,R008,clustered,11,REGIONAL
controlled:disjoint:clustered:r015,1051.3566464479586,12,0.0,0.0,1051.3566464479586,1,3504.5221548265276,566.4832922564152,1051.3566464479586,0.0,0.0,1051.3566464479586,1,2336.3481032176855,disjoint,C000,clustered,24,CENTRAL
controlled:disjoint:clustered:r015,1051.3566464479586,12,1051.3566464479586,0.0,0.0,1,3504.5221548265276,566.4832922564152,1051.3566464479586,1051.3566464479586,0.0,0.0,1,2336.3481032176855,disjoint,C001,clustered,24,CENTRAL
controlled:disjoint:clustered:r015,1051.3566464479586,12,0.0,1051.3566464479586,0.0,1,3504.5221548265276,566.4832922564152,1051.3566464479586,0.0,1051.3566464479586,0.0,1,2336.3481032176855,disjoint,C002,clustered,24,CENTRAL
controlled:disjoint:clustered:r015,428.22787445351844,51,428.22787445351844,0.0,0.0,1,1427.4262481783944,308.8724483732559,0.0,0.0,0.0,0.0,0,951.6174987855965,disjoint,R000,clustered,10,REGIONAL
controlled:disjoint:clustered:r015,0.0,72,0.0,0.0,0.0,0,1427.4262481783944,308.8724483732559,428.2278744535184,0.0,428.2278744535184,0.0,1,951.6174987855965,disjoint,R004,clustered,10,REGIONAL
controlled:disjoint:clustered:r015,428.2278744535184,57,0.0,428.22787445351844,0.0,1,1427.4262481783944,308.8724483732559,0.0,0.0,0.0,0.0,0,951.6174987855965,disjoint,R005,clustered,8,REGIONAL
controlled:disjoint:clustered:r015,0.0,63,0.0,0.0,0.0,0,1427.4262481783944,308.8724483732559,428.2278744535184,428.2278744535184,0.0,0.0,1,951.6174987855965,disjoint,R007,clustered,6,REGIONAL
controlled:disjoint:clustered:r015,0.0,51,0.0,0.0,0.0,0,1427.4262481783944,308.8724483732559,428.22787445351844,428.22787445351844,0.0,0.0,1,951.6174987855965,disjoint,R008,clustered,8,REGIONAL
controlled:disjoint:clustered:r016,0.0,12,0.0,0.0,0.0,0,3401.344248504722,584.9708445178048,1020.4032745514165,0.0,1020.4032745514164,0.0,1,2267.5628323364813,disjoint,C000,clustered,24,CENTRAL
controlled:disjoint:clustered:r016,0.0,12,0.0,0.0,0.0,0,3401.344248504722,584.9708445178048,1020.4032745514165,0.0,0.0,1020.4032745514164,1,2267.5628323364813,disjoint,C001,clustered,24,CENTRAL
controlled:disjoint:clustered:r016,0.0,12,0.0,0.0,0.0,0,3401.344248504722,584.9708445178048,1020.4032745514164,1020.4032745514164,0.0,0.0,1,2267.5628323364813,disjoint,C002,clustered,24,CENTRAL
controlled:disjoint:clustered:r016,433.1330183041385,57,433.1330183041385,0.0,0.0,1,1443.7767276804618,297.82260346169255,433.1330183041385,433.1330183041385,0.0,0.0,1,962.5178184536411,disjoint,R000,clustered,11,REGIONAL
controlled:disjoint:clustered:r016,433.13301830413843,72,0.0,433.13301830413843,0.0,1,1443.7767276804618,297.82260346169255,0.0,0.0,0.0,0.0,0,962.5178184536411,disjoint,R001,clustered,12,REGIONAL
controlled:disjoint:clustered:r016,433.1330183041384,57,433.13301830413843,0.0,0.0,1,1443.7767276804618,297.82260346169255,0.0,0.0,0.0,0.0,0,962.5178184536411,disjoint,R002,clustered,6,REGIONAL
controlled:disjoint:clustered:r016,433.13301830413843,54,0.0,0.0,433.13301830413843,1,1443.7767276804618,297.82260346169255,0.0,0.0,0.0,0.0,0,962.5178184536411,disjoint,R003,clustered,10,REGIONAL
controlled:disjoint:clustered:r016,433.13301830413843,57,0.0,0.0,433.13301830413843,1,1443.7767276804618,297.82260346169255,0.0,0.0,0.0,0.0,0,962.5178184536411,disjoint,R005,clustered,11,REGIONAL
controlled:disjoint:clustered:r016,252.52144012617316,66,0.0,0.0,252.5214401261732,1,1443.7767276804618,297.82260346169255,0.0,0.0,0.0,0.0,0,962.5178184536411,disjoint,R007,clustered,3,REGIONAL
controlled:disjoint:clustered:r016,433.13301830413843,51,433.13301830413843,0.0,0.0,1,1443.7767276804618,297.82260346169255,433.13301830413843,433.13301830413843,0.0,0.0,1,962.5178184536411,disjoint,R008,clustered,7,REGIONAL
controlled:disjoint:clustered:r017,977.9001258489911,12,0.0,977.9001258489911,0.0,1,3259.667086163305,542.4443405046096,977.9001258489911,0.0,977.9001258489911,0.0,1,2173.1113907755353,disjoint,C000,clustered,24,CENTRAL
controlled:disjoint:clustered:r017,977.900125848991,12,977.9001258489909,0.0,0.0,1,3259.667086163305,542.4443405046096,977.900125848991,977.9001258489909,0.0,0.0,1,2173.1113907755353,disjoint,C001,clustered,24,CENTRAL
controlled:disjoint:clustered:r017,977.900125848991,12,0.0,0.0,977.900125848991,1,3259.667086163305,542.4443405046096,977.9001258489911,0.0,0.0,977.9001258489911,1,2173.1113907755353,disjoint,C002,clustered,24,CENTRAL
controlled:disjoint:clustered:r017,439.79297190282546,54,0.0,0.0,439.79297190282546,1,1465.9765730094193,317.20609234129955,0.0,0.0,0.0,0.0,0,977.317715339612,disjoint,R000,clustered,8,REGIONAL
controlled:disjoint:clustered:r017,0.0,57,0.0,0.0,0.0,0,1465.9765730094193,317.20609234129955,439.79297190282546,439.79297190282546,0.0,0.0,1,977.317715339612,disjoint,R002,clustered,4,REGIONAL
controlled:disjoint:clustered:r017,0.0,57,0.0,0.0,0.0,0,1465.9765730094193,317.20609234129955,439.79297190282546,0.0,439.79297190282546,0.0,1,977.317715339612,disjoint,R005,clustered,8,REGIONAL
controlled:disjoint:clustered:r017,439.79297190282546,51,439.79297190282546,0.0,0.0,1,1465.9765730094193,317.20609234129955,439.79297190282546,439.79297190282546,0.0,0.0,1,977.317715339612,disjoint,R008,clustered,7,REGIONAL
controlled:disjoint:clustered:r018,0.0,12,0.0,0.0,0.0,0,3416.315562384616,539.6697655880126,1024.894668715385,1024.894668715385,0.0,0.0,1,2277.5437082564113,disjoint,C000,clustered,24,CENTRAL
controlled:disjoint:clustered:r018,1024.8946687153848,15,0.0,0.0,1024.8946687153848,1,3416.315562384616,539.6697655880126,1024.894668715385,0.0,0.0,1024.8946687153848,1,2277.5437082564113,disjoint,C001,clustered,24,CENTRAL
controlled:disjoint:clustered:r018,0.0,12,0.0,0.0,0.0,0,3416.315562384616,539.6697655880126,1024.894668715385,0.0,1024.894668715385,0.0,1,2277.5437082564113,disjoint,C002,clustered,24,CENTRAL
controlled:disjoint:clustered:r018,179.97991109946418,30,0.0,0.0,179.97991109946418,1,599.9330369982138,163.33748026663392,0.0,0.0,0.0,0.0,0,399.95535799880923,disjoint,L016,clustered,8,LOCAL
controlled:disjoint:clustered:r018,438.4487993636817,51,438.4487993636817,0.0,0.0,1,1461.4959978789384,293.21649485827015,438.4487993636817,438.4487993636817,0.0,0.0,1,974.330665252626,disjoint,R000,clustered,10,REGIONAL
controlled:disjoint:clustered:r018,438.4487993636817,57,0.0,438.4487993636817,0.0,1,1461.4959978789384,293.21649485827015,0.0,0.0,0.0,0.0,0,974.330665252626,disjoint,R002,clustered,8,REGIONAL
controlled:disjoint:clustered:r018,438.4487993636817,57,0.0,0.0,438.4487993636817,1,1461.4959978789384,293.21649485827015,0.0,0.0,0.0,0.0,0,974.330665252626,disjoint,R003,clustered,8,REGIONAL
controlled:disjoint:clustered:r018,438.4487993636817,66,438.4487993636817,0.0,0.0,1,1461.4959978789384,293.21649485827015,438.4487993636817,438.4487993636817,0.0,0.0,1,974.330665252626,disjoint,R007,clustered,7,REGIONAL
controlled:disjoint:clustered:r018,438.4487993636817,54,438.4487993636817,0.0,0.0,1,1461.4959978789384,293.21649485827015,438.4487993636817,438.4487993636817,0.0,0.0,1,974.330665252626,disjoint,R008,clustered,7,REGIONAL
controlled:disjoint:clustered:r019,1012.0515285786233,12,0.0,0.0,1012.0515285786234,1,3373.505095262079,542.582635886932,1012.0515285786233,0.0,0.0,1012.0515285786234,1,2249.0033968413854,disjoint,C000,clustered,24,CENTRAL
controlled:disjoint:clustered:r019,1012.0515285786236,12,1012.0515285786236,0.0,0.0,1,3373.505095262079,542.582635886932,1012.0515285786236,1012.0515285786236,0.0,0.0,1,2249.0033968413854,disjoint,C001,clustered,24,CENTRAL
controlled:disjoint:clustered:r019,1012.0515285786234,12,0.0,1012.0515285786237,0.0,1,3373.505095262079,542.582635886932,1012.0515285786234,0.0,1012.0515285786237,0.0,1,2249.0033968413854,disjoint,C002,clustered,24,CENTRAL
controlled:disjoint:clustered:r019,427.89441487394055,54,427.8944148739406,0.0,0.0,1,1426.3147162464686,307.7585941943458,427.89441487394055,427.8944148739406,0.0,0.0,1,950.8764774976456,disjoint,R000,clustered,8,REGIONAL
controlled:disjoint:clustered:r019,0.0,54,0.0,0.0,0.0,0,1426.3147162464686,307.7585941943458,427.8944148739405,427.8944148739405,0.0,0.0,1,950.8764774976456,disjoint,R002,clustered,7,REGIONAL
controlled:disjoint:clustered:r019,427.8944148739405,51,0.0,427.8944148739405,0.0,1,1426.3147162464686,307.7585941943458,427.8944148739405,0.0,427.8944148739405,0.0,1,950.8764774976456,disjoint,R008,clustered,4,REGIONAL
controlled:disjoint:dispersed:r000,963.5807435621969,15,0.0,963.5807435621969,0.0,1,3211.935811873989,587.9342831004957,963.5807435621969,0.0,963.5807435621969,0.0,1,2141.290541249326,disjoint,C000,dispersed,24,CENTRAL
controlled:disjoint:dispersed:r000,0.0,12,0.0,0.0,0.0,0,3211.935811873989,587.9342831004957,963.5807435621967,963.5807435621967,0.0,0.0,1,2141.290541249326,disjoint,C001,dispersed,24,CENTRAL
controlled:disjoint:dispersed:r000,0.0,12,0.0,0.0,0.0,0,3211.935811873989,587.9342831004957,963.5807435621969,0.0,0.0,963.5807435621969,1,2141.290541249326,disjoint,C002,dispersed,24,CENTRAL
controlled:disjoint:dispersed:r000,446.45842302121355,57,446.45842302121355,0.0,0.0,1,1488.1947434040449,297.37759655712875,446.45842302121355,446.45842302121355,0.0,0.0,1,992.1298289360301,disjoint,R000,dispersed,7,REGIONAL
controlled:disjoint:dispersed:r000,315.58272065237526,57,0.0,0.0,315.5827206523752,1,1488.1947434040449,297.37759655712875,0.0,0.0,0.0,0.0,0,992.1298289360301,disjoint,R002,dispersed,4,REGIONAL
controlled:disjoint:dispersed:r000,446.45842302121355,72,446.45842302121355,0.0,0.0,1,1488.1947434040449,297.37759655712875,0.0,0.0,0.0,0.0,0,992.1298289360301,disjoint,R004,dispersed,13,REGIONAL
controlled:disjoint:dispersed:r000,446.4584230212136,57,0.0,446.45842302121355,0.0,1,1488.1947434040449,297.37759655712875,446.4584230212136,0.0,446.45842302121355,0.0,1,992.1298289360301,disjoint,R005,dispersed,11,REGIONAL
controlled:disjoint:dispersed:r000,0.0,51,0.0,0.0,0.0,0,1488.1947434040449,297.37759655712875,446.45842302121343,446.4584230212135,0.0,0.0,1,992.1298289360301,disjoint,R006,dispersed,4,REGIONAL
controlled:disjoint:dispersed:r000,446.45842302121343,51,0.0,0.0,446.45842302121343,1,1488.1947434040449,297.37759655712875,0.0,0.0,0.0,0.0,0,992.1298289360301,disjoint,R008,dispersed,6,REGIONAL
controlled:disjoint:dispersed:r001,992.3931122234084,12,0.0,0.0,992.3931122234084,1,3307.9770407446936,570.3536828688909,992.3931122234083,0.0,0.0,992.3931122234084,1,2205.3180271631295,disjoint,C000,dispersed,24,CENTRAL
controlled:disjoint:dispersed:r001,0.0,12,0.0,0.0,0.0,0,3307.9770407446936,570.3536828688909,992.3931122234083,992.3931122234083,0.0,0.0,1,2205.3180271631295,disjoint,C001,dispersed,24,CENTRAL
controlled:disjoint:dispersed:r001,0.0,12,0.0,0.0,0.0,0,3307.9770407446936,570.3536828688909,992.3931122234083,0.0,992.3931122234083,0.0,1,2205.3180271631295,disjoint,C002,dispersed,24,CENTRAL
controlled:disjoint:dispersed:r001,442.1948602864113,57,0.0,442.19486028641137,0.0,1,1473.9828676213704,302.1379233301254,442.1948602864113,0.0,442.19486028641137,0.0,1,982.655245080914,disjoint,R000,dispersed,12,REGIONAL
controlled:disjoint:dispersed:r001,442.1948602864113,54,442.1948602864113,0.0,0.0,1,1473.9828676213704,302.1379233301254,442.1948602864113,442.1948602864113,0.0,0.0,1,982.655245080914,disjoint,R002,dispersed,6,REGIONAL
controlled:disjoint:dispersed:r001,442.1948602864113,72,0.0,0.0,442.1948602864113,1,1473.9828676213704,302.1379233301254,0.0,0.0,0.0,0.0,0,982.655245080914,disjoint,R004,dispersed,16,REGIONAL
controlled:disjoint:dispersed:r001,442.1948602864112,57,0.0,442.19486028641126,0.0,1,1473.9828676213704,302.1379233301254,0.0,0.0,0.0,0.0,0,982.655245080914,disjoint,R005,dispersed,8,REGIONAL
controlled:disjoint:dispersed:r001,442.1948602864113,66,442.1948602864113,0.0,0.0,1,1473.9828676213704,302.1379233301254,442.1948602864113,442.1948602864113,0.0,0.0,1,982.655245080914,disjoint,R007,dispersed,10,REGIONAL
controlled:disjoint:dispersed:r002,1075.4527825288258,12,0.0,0.0,1075.4527825288255,1,3584.842608429419,569.7213710805107,1075.4527825288255,0.0,0.0,1075.4527825288255,1,2389.8950722862796,disjoint,C000,dispersed,24,CENTRAL
controlled:disjoint:dispersed:r002,1075.4527825288255,12,1075.4527825288255,0.0,0.0,1,3584.842608429419,569.7213710805107,1075.4527825288255,1075.4527825288255,0.0,0.0,1,2389.8950722862796,disjoint,C001,dispersed,24,CENTRAL
controlled:disjoint:dispersed:r002,0.0,12,0.0,0.0,0.0,0,3584.842608429419,569.7213710805107,1075.4527825288255,0.0,1075.4527825288258,0.0,1,2389.8950722862796,disjoint,C002,dispersed,24,CENTRAL
controlled:disjoint:dispersed:r002,180.1616623922942,18,0.0,0.0,180.16166239229423,1,600.5388746409805,156.74612455165564,0.0,0.0,0.0,0.0,0,400.35924976065377,disjoint,L005,dispersed,11,LOCAL
controlled:disjoint:dispersed:r002,420.86908958788143,57,0.0,0.0,420.86908958788143,1,1402.8969652929377,305.90269733143145,0.0,0.0,0.0,0.0,0,935.2646435286252,disjoint,R000,dispersed,7,REGIONAL
controlled:disjoint:dispersed:r002,420.8690895878814,57,420.8690895878814,0.0,0.0,1,1402.8969652929377,305.90269733143145,420.8690895878814,420.8690895878814,0.0,0.0,1,935.2646435286252,disjoint,R002,dispersed,8,REGIONAL
controlled:disjoint:dispersed:r002,0.0,57,0.0,0.0,0.0,0,1402.8969652929377,305.90269733143145,420.86908958788143,0.0,420.86908958788143,0.0,1,935.2646435286252,disjoint,R003,dispersed,8,REGIONAL
controlled:disjoint:dispersed:r002,420.8690895878815,57,0.0,420.8690895878815,0.0,1,1402.8969652929377,305.90269733143145,0.0,0.0,0.0,0.0,0,935.2646435286252,disjoint,R005,dispersed,9,REGIONAL
controlled:disjoint:dispersed:r002,0.0,51,0.0,0.0,0.0,0,1402.8969652929377,305.90269733143145,410.07790419276085,410.07790419276085,0.0,0.0,1,935.2646435286252,disjoint,R008,dispersed,4,REGIONAL
controlled:disjoint:dispersed:r003,0.0,12,0.0,0.0,0.0,0,3115.11821659958,504.2296664186729,934.5354649798747,0.0,0.0,934.5354649798749,1,2076.7454777330545,disjoint,C000,dispersed,24,CENTRAL
controlled:disjoint:dispersed:r003,934.5354649798746,15,0.0,934.5354649798746,0.0,1,3115.11821659958,504.2296664186729,934.5354649798745,0.0,934.5354649798745,0.0,1,2076.7454777330545,disjoint,C001,dispersed,24,CENTRAL
controlled:disjoint:dispersed:r003,934.5354649798745,12,934.5354649798746,0.0,0.0,1,3115.11821659958,504.2296664186729,934.5354649798745,934.5354649798746,0.0,0.0,1,2076.7454777330545,disjoint,C002,dispersed,24,CENTRAL
controlled:disjoint:dispersed:r003,445.94436776876546,57,0.0,445.94436776876546,0.0,1,1486.481225895884,305.1485224436414,0.0,0.0,0.0,0.0,0,990.9874839305899,disjoint,R000,dispersed,8,REGIONAL
controlled:disjoint:dispersed:r003,0.0,57,0.0,0.0,0.0,0,1486.481225895884,305.1485224436414,445.94436776876546,0.0,445.94436776876546,0.0,1,990.9874839305899,disjoint,R002,dispersed,8,REGIONAL
controlled:disjoint:dispersed:r003,0.0,57,0.0,0.0,0.0,0,1486.481225895884,305.1485224436414,445.94436776876546,445.94436776876546,0.0,0.0,1,990.9874839305899,disjoint,R005,dispersed,8,REGIONAL
controlled:disjoint:dispersed:r003,445.9443677687655,48,445.9443677687655,0.0,0.0,1,1486.481225895884,305.1485224436414,445.9443677687655,445.9443677687655,0.0,0.0,1,990.9874839305899,disjoint,R006,dispersed,7,REGIONAL
controlled:disjoint:dispersed:r003,344.9974639477262,66,0.0,0.0,344.99746394772615,1,1486.481225895884,305.1485224436414,0.0,0.0,0.0,0.0,0,990.9874839305899,disjoint,R007,dispersed,4,REGIONAL
controlled:disjoint:dispersed:r003,445.94436776876546,51,0.0,0.0,445.94436776876546,1,1486.481225895884,305.1485224436414,0.0,0.0,0.0,0.0,0,990.9874839305899,disjoint,R008,dispersed,8,REGIONAL
controlled:disjoint:dispersed:r004,972.9113569202827,12,0.0,972.9113569202827,0.0,1,3243.037856400943,530.3297874228382,972.9113569202827,0.0,972.9113569202827,0.0,1,2162.0252376006283,disjoint,C000,dispersed,24,CENTRAL
controlled:disjoint:dispersed:r004,972.9113569202829,12,0.0,0.0,972.9113569202827,1,3243.037856400943,530.3297874228382,972.911356920283,0.0,0.0,972.911356920283,1,2162.0252376006283,disjoint,C001,dispersed,24,CENTRAL
controlled:disjoint:dispersed:r004,972.9113569202827,12,972.9113569202827,0.0,0.0,1,3243.037856400943,530.3297874228382,972.9113569202827,972.9113569202827,0.0,0.0,1,2162.0252376006283,disjoint,C002,dispersed,24,CENTRAL
controlled:disjoint:dispersed:r004,450.60278533322685,57,450.60278533322685,0.0,0.0,1,1502.0092844440894,314.71096135769227,450.60278533322685,450.60278533322685,0.0,0.0,1,1001.339522962726,disjoint,R000,dispersed,6,REGIONAL
controlled:disjoint:dispersed:r004,0.0,72,0.0,0.0,0.0,0,1502.0092844440894,314.71096135769227,450.6027853332268,450.6027853332268,0.0,0.0,1,1001.339522962726,disjoint,R004,dispersed,14,REGIONAL
controlled:disjoint:dispersed:r004,450.60278533322673,57,0.0,0.0,450.60278533322673,1,1502.0092844440894,314.71096135769227,0.0,0.0,0.0,0.0,0,1001.339522962726,disjoint,R005,dispersed,6,REGIONAL
controlled:disjoint:dispersed:r004,0.0,51,0.0,0.0,0.0,0,1502.0092844440894,314.71096135769227,450.60278533322673,450.6027853332268,0.0,0.0,1,1001.339522962726,disjoint,R006,dispersed,4,REGIONAL
controlled:disjoint:dispersed:r005,0.0,12,0.0,0.0,0.0,0,3151.0829421382787,573.53035363751,945.3248826414832,0.0,945.3248826414832,0.0,1,2100.7219614255187,disjoint,C000,dispersed,24,CENTRAL
controlled:disjoint:dispersed:r005,945.3248826414833,12,945.3248826414833,0.0,0.0,1,3151.0829421382787,573.53035363751,945.3248826414833,945.3248826414833,0.0,0.0,1,2100.7219614255187,disjoint,C001,dispersed,24,CENTRAL
controlled:disjoint:dispersed:r005,0.0,12,0.0,0.0,0.0,0,3151.0829421382787,573.53035363751,945.3248826414834,0.0,0.0,945.3248826414834,1,2100.7219614255187,disjoint,C002,dispersed,24,CENTRAL
controlled:disjoint:dispersed:r005,429.3865232882478,57,0.0,429.3865232882478,0.0,1,1431.2884109608267,306.37069010372875,0.0,0.0,0.0,0.0,0,954.1922739738841,disjoint,R000,dispersed,9,REGIONAL
controlled:disjoint:dispersed:r005,429.3865232882479,54,429.3865232882479,0.0,0.0,1,1431.2884109608267,306.37069010372875,429.3865232882479,429.3865232882479,0.0,0.0,1,954.1922739738841,disjoint,R002,dispersed,9,REGIONAL
controlled:disjoint:dispersed:r005,429.3865232882479,54,0.0,429.3865232882479,0.0,1,1431.2884109608267,306.37069010372875,0.0,0.0,0.0,0.0,0,954.1922739738841,disjoint,R003,dispersed,4,REGIONAL
controlled:disjoint:dispersed:r005,411.50885818301,57,0.0,0.0,411.50885818301,1,1431.2884109608267,306.37069010372875,0.0,0.0,0.0,0.0,0,954.1922739738841,disjoint,R005,dispersed,5,REGIONAL
controlled:disjoint:dispersed:r005,0.0,51,0.0,0.0,0.0,0,1431.2884109608267,306.37069010372875,429.3865232882479,429.3865232882478,0.0,0.0,1,954.1922739738841,disjoint,R006,dispersed,7,REGIONAL
controlled:disjoint:dispersed:r005,429.3865232882479,63,0.0,429.3865232882479,0.0,1,1431.2884109608267,306.37069010372875,0.0,0.0,0.0,0.0,0,954.1922739738841,disjoint,R007,dispersed,11,REGIONAL
controlled:disjoint:dispersed:r006,1055.1034012229811,12,0.0,1055.1034012229813,0.0,1,3517.0113374099396,533.0938466482172,1055.1034012229813,0.0,1055.1034012229811,0.0,1,2344.674224939958,disjoint,C000,dispersed,24,CENTRAL
controlled:disjoint:dispersed:r006,1055.1034012229813,12,1055.1034012229813,0.0,0.0,1,3517.0113374099396,533.0938466482172,1055.1034012229813,1055.1034012229813,0.0,0.0,1,2344.674224939958,disjoint,C001,dispersed,24,CENTRAL
controlled:disjoint:dispersed:r006,1055.1034012229813,12,0.0,0.0,1055.1034012229811,1,3517.0113374099396,533.0938466482172,1055.1034012229816,0.0,0.0,1055.1034012229813,1,2344.674224939958,disjoint,C002,dispersed,24,CENTRAL
controlled:disjoint:dispersed:r006,0.0,57,0.0,0.0,0.0,0,1374.5837624184162,309.1420194674067,412.37512872552475,412.37512872552475,0.0,0.0,1,916.3891749456104,disjoint,R000,dispersed,9,REGIONAL
controlled:disjoint:dispersed:r006,0.0,57,0.0,0.0,0.0,0,1374.5837624184162,309.1420194674067,412.37512872552475,0.0,412.37512872552475,0.0,1,916.3891749456104,disjoint,R002,dispersed,7,REGIONAL
controlled:disjoint:dispersed:r006,412.3751287255247,57,0.0,0.0,412.3751287255247,1,1374.5837624184162,309.1420194674067,0.0,0.0,0.0,0.0,0,916.3891749456104,disjoint,R005,dispersed,12,REGIONAL
controlled:disjoint:dispersed:r006,412.37512872552475,63,0.0,412.37512872552475,0.0,1,1374.5837624184162,309.1420194674067,0.0,0.0,0.0,0.0,0,916.3891749456104,disjoint,R007,dispersed,9,REGIONAL
controlled:disjoint:dispersed:r006,0.0,51,0.0,0.0,0.0,0,1374.5837624184162,309.1420194674067,412.37512872552475,412.37512872552475,0.0,0.0,1,916.3891749456104,disjoint,R008,dispersed,6,REGIONAL
controlled:disjoint:dispersed:r007,0.0,12,0.0,0.0,0.0,0,3219.923207696822,564.5893679917446,965.9769623090469,0.0,0.0,965.9769623090469,1,2146.6154717978816,disjoint,C000,dispersed,24,CENTRAL
controlled:disjoint:dispersed:r007,965.9769623090468,15,0.0,965.9769623090468,0.0,1,3219.923207696822,564.5893679917446,965.9769623090468,0.0,965.9769623090468,0.0,1,2146.6154717978816,disjoint,C001,dispersed,24,CENTRAL
controlled:disjoint:dispersed:r007,965.9769623090467,12,965.9769623090467,0.0,0.0,1,3219.923207696822,564.5893679917446,965.9769623090467,965.9769623090467,0.0,0.0,1,2146.6154717978816,disjoint,C002,dispersed,24,CENTRAL
controlled:disjoint:dispersed:r007,181.7873742777117,18,0.0,0.0,181.7873742777117,1,605.9579142590391,160.25983502961662,0.0,0.0,0.0,0.0,0,403.9719428393594,disjoint,L024,dispersed,12,LOCAL
controlled:disjoint:dispersed:r007,450.85818211947094,57,0.0,450.85818211947094,0.0,1,1502.8606070649028,323.1687644727573,450.85818211947094,0.0,450.85818211947094,0.0,1,1001.9070713766018,disjoint,R000,dispersed,5,REGIONAL
controlled:disjoint:dispersed:r007,450.85818211947094,51,450.8581821194709,0.0,0.0,1,1502.8606070649028,323.1687644727573,450.85818211947094,450.8581821194709,0.0,0.0,1,1001.9070713766018,disjoint,R006,dispersed,3,REGIONAL
controlled:disjoint:dispersed:r007,450.85818211947094,51,450.85818211947094,0.0,0.0,1,1502.8606070649028,323.1687644727573,450.85818211947094,450.85818211947094,0.0,0.0,1,1001.9070713766018,disjoint,R008,dispersed,11,REGIONAL
controlled:disjoint:dispersed:r008,0.0,12,0.0,0.0,0.0,0,3441.8000055700127,544.8519775748297,1032.5400016710041,0.0,0.0,1032.5400016710043,1,2294.5333370466756,disjoint,C000,dispersed,24,CENTRAL
controlled:disjoint:dispersed:r008,1032.5400016710041,15,1032.5400016710041,0.0,0.0,1,3441.8000055700127,544.8519775748297,1032.5400016710041,1032.5400016710041,0.0,0.0,1,2294.5333370466756,disjoint,C001,dispersed,24,CENTRAL
controlled:disjoint:dispersed:r008,0.0,12,0.0,0.0,0.0,0,3441.8000055700127,544.8519775748297,1032.5400016710041,0.0,1032.5400016710041,0.0,1,2294.5333370466756,disjoint,C002,dispersed,24,CENTRAL
controlled:disjoint:dispersed:r008,181.7833072181456,24,0.0,0.0,181.7833072181456,1,605.9443573938186,160.0962673421157,0.0,0.0,0.0,0.0,0,403.9629049292125,disjoint,L003,dispersed,6,LOCAL
controlled:disjoint:dispersed:r008,428.6867705704166,57,0.0,428.6867705704166,0.0,1,1428.9559019013884,296.1316325212834,0.0,0.0,0.0,0.0,0,952.6372679342591,disjoint,R000,dispersed,10,REGIONAL
controlled:disjoint:dispersed:r008,428.6867705704166,57,428.6867705704167,0.0,0.0,1,1428.9559019013884,296.1316325212834,428.6867705704166,428.6867705704167,0.0,0.0,1,952.6372679342591,disjoint,R002,dispersed,6,REGIONAL
controlled:disjoint:dispersed:r008,0.0,69,0.0,0.0,0.0,0,1428.9559019013884,296.1316325212834,428.6867705704167,0.0,428.6867705704167,0.0,1,952.6372679342591,disjoint,R004,dispersed,6,REGIONAL
controlled:disjoint:dispersed:r008,428.6867705704167,57,0.0,428.6867705704167,0.0,1,1428.9559019013884,296.1316325212834,0.0,0.0,0.0,0.0,0,952.6372679342591,disjoint,R005,dispersed,8,REGIONAL
controlled:disjoint:dispersed:r008,236.69118840933368,51,0.0,0.0,236.69118840933368,1,1428.9559019013884,296.1316325212834,0.0,0.0,0.0,0.0,0,952.6372679342591,disjoint,R006,dispersed,3,REGIONAL
controlled:disjoint:dispersed:r008,0.0,63,0.0,0.0,0.0,0,1428.9559019013884,296.1316325212834,428.6867705704166,428.6867705704166,0.0,0.0,1,952.6372679342591,disjoint,R007,dispersed,9,REGIONAL
controlled:disjoint:dispersed:r008,428.6867705704167,51,0.0,0.0,428.6867705704166,1,1428.9559019013884,296.1316325212834,0.0,0.0,0.0,0.0,0,952.6372679342591,disjoint,R008,dispersed,10,REGIONAL
controlled:disjoint:dispersed:r009,0.0,12,0.0,0.0,0.0,0,3410.684896453324,561.6268055431706,1023.2054689359974,0.0,0.0,1023.2054689359975,1,2273.7899309688833,disjoint,C000,dispersed,24,CENTRAL
controlled:disjoint:dispersed:r009,1023.2054689359975,12,0.0,1023.2054689359975,0.0,1,3410.684896453324,561.6268055431706,1023.2054689359976,0.0,1023.2054689359976,0.0,1,2273.7899309688833,disjoint,C001,dispersed,24,CENTRAL
controlled:disjoint:dispersed:r009,0.0,12,0.0,0.0,0.0,0,3410.684896453324,561.6268055431706,1023.2054689359975,1023.2054689359975,0.0,0.0,1,2273.7899309688833,disjoint,C002,dispersed,24,CENTRAL
controlled:disjoint:dispersed:r009,181.80603266764263,36,0.0,181.80603266764263,0.0,1,606.0201088921419,161.3447790542012,0.0,0.0,0.0,0.0,0,404.0134059280947,disjoint,L016,dispersed,8,LOCAL
controlled:disjoint:dispersed:r009,431.70737968409736,57,431.70737968409736,0.0,0.0,1,1439.0245989469909,301.83332247313314,431.70737968409736,431.70737968409736,0.0,0.0,1,959.3497326313274,disjoint,R000,dispersed,9,REGIONAL
controlled:disjoint:dispersed:r009,431.70737968409736,57,0.0,0.0,431.70737968409725,1,1439.0245989469909,301.83332247313314,0.0,0.0,0.0,0.0,0,959.3497326313274,disjoint,R002,dispersed,9,REGIONAL
controlled:disjoint:dispersed:r009,431.70737968409725,51,0.0,0.0,431.7073796840973,1,1439.0245989469909,301.83332247313314,0.0,0.0,0.0,0.0,0,959.3497326313274,disjoint,R006,dispersed,6,REGIONAL
controlled:disjoint:dispersed:r009,431.7073796840973,63,431.70737968409736,0.0,0.0,1,1439.0245989469909,301.83332247313314,431.7073796840973,431.70737968409736,0.0,0.0,1,959.3497326313274,disjoint,R007,dispersed,6,REGIONAL
controlled:disjoint:dispersed:r009,431.7073796840973,51,0.0,431.7073796840973,0.0,1,1439.0245989469909,301.83332247313314,431.7073796840973,0.0,431.7073796840973,0.0,1,959.3497326313274,disjoint,R008,dispersed,7,REGIONAL
controlled:disjoint:dispersed:r010,0.0,12,0.0,0.0,0.0,0,3419.8412331885265,568.4569493167423,1025.9523699565586,0.0,1025.9523699565586,0.0,1,2279.8941554590187,disjoint,C000,dispersed,24,CENTRAL
controlled:disjoint:dispersed:r010,0.0,12,0.0,0.0,0.0,0,3419.8412331885265,568.4569493167423,1025.9523699565586,1025.9523699565586,0.0,0.0,1,2279.8941554590187,disjoint,C001,dispersed,24,CENTRAL
controlled:disjoint:dispersed:r010,0.0,12,0.0,0.0,0.0,0,3419.8412331885265,568.4569493167423,1025.9523699565586,0.0,0.0,1025.9523699565586,1,2279.8941554590187,disjoint,C002,dispersed,24,CENTRAL
controlled:disjoint:dispersed:r010,438.36650589739475,57,0.0,0.0,438.3665058973947,1,1461.2216863246488,306.74175170136675,0.0,0.0,0.0,0.0,0,974.1477908830992,disjoint,R000,dispersed,7,REGIONAL
controlled:disjoint:dispersed:r010,438.3665058973947,72,0.0,438.36650589739475,0.0,1,1461.2216863246488,306.74175170136675,0.0,0.0,0.0,0.0,0,974.1477908830992,disjoint,R001,dispersed,8,REGIONAL
controlled:disjoint:dispersed:r010,438.36650589739475,57,0.0,438.36650589739475,0.0,1,1461.2216863246488,306.74175170136675,0.0,0.0,0.0,0.0,0,974.1477908830992,disjoint,R002,dispersed,5,REGIONAL
controlled:disjoint:dispersed:r010,438.36650589739475,57,0.0,0.0,438.36650589739475,1,1461.2216863246488,306.74175170136675,0.0,0.0,0.0,0.0,0,974.1477908830992,disjoint,R003,dispersed,6,REGIONAL
controlled:disjoint:dispersed:r010,438.36650589739475,54,0.0,0.0,438.36650589739475,1,1461.2216863246488,306.74175170136675,0.0,0.0,0.0,0.0,0,974.1477908830992,disjoint,R005,dispersed,11,REGIONAL
controlled:disjoint:dispersed:r010,0.0,51,0.0,0.0,0.0,0,1461.2216863246488,306.74175170136675,438.36650589739475,438.3665058973947,0.0,0.0,1,974.1477908830992,disjoint,R006,dispersed,8,REGIONAL
controlled:disjoint:dispersed:r010,438.36650589739475,63,438.3665058973948,0.0,0.0,1,1461.2216863246488,306.74175170136675,438.36650589739475,438.3665058973948,0.0,0.0,1,974.1477908830992,disjoint,R007,dispersed,8,REGIONAL
controlled:disjoint:dispersed:r010,438.3665058973947,51,438.36650589739475,0.0,0.0,1,1461.2216863246488,306.74175170136675,0.0,0.0,0.0,0.0,0,974.1477908830992,disjoint,R008,dispersed,8,REGIONAL
controlled:disjoint:dispersed:r011,0.0,12,0.0,0.0,0.0,0,3557.0562140683687,578.9661204269323,1067.1168642205105,0.0,0.0,1067.1168642205105,1,2371.3708093789123,disjoint,C000,dispersed,24,CENTRAL
controlled:disjoint:dispersed:r011,0.0,12,0.0,0.0,0.0,0,3557.0562140683687,578.9661204269323,1067.1168642205105,1067.1168642205105,0.0,0.0,1,2371.3708093789123,disjoint,C001,dispersed,24,CENTRAL
controlled:disjoint:dispersed:r011,0.0,12,0.0,0.0,0.0,0,3557.0562140683687,578.9661204269323,1067.1168642205105,0.0,1067.1168642205103,0.0,1,2371.3708093789123,disjoint,C002,dispersed,24,CENTRAL
controlled:disjoint:dispersed:r011,430.8841300137853,54,430.8841300137853,0.0,0.0,1,1436.2804333792842,307.57339542310547,430.8841300137853,430.8841300137853,0.0,0.0,1,957.5202889195227,disjoint,R000,dispersed,7,REGIONAL
controlled:disjoint:dispersed:r011,430.8841300137852,72,0.0,0.0,430.8841300137852,1,1436.2804333792842,307.57339542310547,0.0,0.0,0.0,0.0,0,957.5202889195227,disjoint,R001,dispersed,13,REGIONAL
controlled:disjoint:dispersed:r011,430.88413001378524,57,430.88413001378524,0.0,0.0,1,1436.2804333792842,307.57339542310547,430.88413001378524,430.88413001378524,0.0,0.0,1,957.5202889195227,disjoint,R002,dispersed,7,REGIONAL
controlled:disjoint:dispersed:r011,430.88413001378524,57,0.0,430.88413001378524,0.0,1,1436.2804333792842,307.57339542310547,0.0,0.0,0.0,0.0,0,957.5202889195227,disjoint,R005,dispersed,10,REGIONAL
controlled:disjoint:dispersed:r011,430.8841300137853,51,0.0,0.0,430.88413001378524,1,1436.2804333792842,307.57339542310547,0.0,0.0,0.0,0.0,0,957.5202889195227,disjoint,R006,dispersed,6,REGIONAL
controlled:disjoint:dispersed:r011,430.88413001378524,66,0.0,430.88413001378524,0.0,1,1436.2804333792842,307.57339542310547,0.0,0.0,0.0,0.0,0,957.5202889195227,disjoint,R007,dispersed,4,REGIONAL
controlled:disjoint:dispersed:r011,430.8841300137853,51,0.0,0.0,430.8841300137853,1,1436.2804333792842,307.57339542310547,0.0,0.0,0.0,0.0,0,957.5202889195227,disjoint,R008,dispersed,5,REGIONAL
controlled:disjoint:dispersed:r012,0.0,12,0.0,0.0,0.0,0,3160.4208232434744,549.39139114656,948.1262469730427,948.1262469730427,0.0,0.0,1,2106.9472154956507,disjoint,C000,dispersed,24,CENTRAL
controlled:disjoint:dispersed:r012,948.126246973043,12,0.0,948.126246973043,0.0,1,3160.4208232434744,549.39139114656,948.126246973043,0.0,948.126246973043,0.0,1,2106.9472154956507,disjoint,C001,dispersed,24,CENTRAL
controlled:disjoint:dispersed:r012,0.0,12,0.0,0.0,0.0,0,3160.4208232434744,549.39139114656,948.1262469730427,0.0,0.0,948.1262469730427,1,2106.9472154956507,disjoint,C002,dispersed,24,CENTRAL
controlled:disjoint:dispersed:r012,440.92774344689775,54,0.0,440.92774344689775,0.0,1,1469.7591448229914,304.0822001405195,440.92774344689775,0.0,440.92774344689775,0.0,1,979.8394298819949,disjoint,R000,dispersed,7,REGIONAL
controlled:disjoint:dispersed:r012,0.0,72,0.0,0.0,0.0,0,1469.7591448229914,304.0822001405195,440.9277434468978,440.9277434468978,0.0,0.0,1,979.8394298819949,disjoint,R001,dispersed,14,REGIONAL
controlled:disjoint:dispersed:r012,440.9277434468977,57,0.0,440.9277434468977,0.0,1,1469.7591448229914,304.0822001405195,440.9277434468977,0.0,440.9277434468977,0.0,1,979.8394298819949,disjoint,R002,dispersed,9,REGIONAL
controlled:disjoint:dispersed:r012,440.92774344689775,57,440.92774344689775,0.0,0.0,1,1469.7591448229914,304.0822001405195,0.0,0.0,0.0,0.0,0,979.8394298819949,disjoint,R003,dispersed,6,REGIONAL
controlled:disjoint:dispersed:r012,440.9277434468978,51,440.9277434468978,0.0,0.0,1,1469.7591448229914,304.0822001405195,0.0,0.0,0.0,0.0,0,979.8394298819949,disjoint,R006,dispersed,4,REGIONAL
controlled:disjoint:dispersed:r012,178.31923521805487,51,0.0,0.0,178.31923521805487,1,1469.7591448229914,304.0822001405195,0.0,0.0,0.0,0.0,0,979.8394298819949,disjoint,R008,dispersed,2,REGIONAL
controlled:disjoint:dispersed:r013,1016.9449302849602,12,0.0,1016.94493028496,0.0,1,3389.816434283199,558.0588326335142,1016.9449302849602,0.0,1016.94493028496,0.0,1,2259.8776228554666,disjoint,C000,dispersed,24,CENTRAL
controlled:disjoint:dispersed:r013,1016.9449302849602,12,1016.9449302849602,0.0,0.0,1,3389.816434283199,558.0588326335142,1016.9449302849602,1016.9449302849602,0.0,0.0,1,2259.8776228554666,disjoint,C001,dispersed,24,CENTRAL
controlled:disjoint:dispersed:r013,1016.94493028496,12,0.0,0.0,1016.9449302849599,1,3389.816434283199,558.0588326335142,1016.94493028496,0.0,0.0,1016.9449302849599,1,2259.8776228554666,disjoint,C002,dispersed,24,CENTRAL
controlled:disjoint:dispersed:r013,417.6497660522963,54,417.6497660522963,0.0,0.0,1,1392.1658868409872,307.9430774927444,417.6497660522963,417.6497660522963,0.0,0.0,1,928.1105912273249,disjoint,R000,dispersed,9,REGIONAL
controlled:disjoint:dispersed:r013,0.0,66,0.0,0.0,0.0,0,1392.1658868409872,307.9430774927444,417.64976605229623,417.64976605229623,0.0,0.0,1,928.1105912273249,disjoint,R007,dispersed,7,REGIONAL
controlled:disjoint:dispersed:r013,417.6497660522963,51,417.6497660522963,0.0,0.0,1,1392.1658868409872,307.9430774927444,417.6497660522963,417.6497660522963,0.0,0.0,1,928.1105912273249,disjoint,R008,dispersed,8,REGIONAL
controlled:disjoint:dispersed:r014,0.0,12,0.0,0.0,0.0,0,3453.7968852373756,589.8100939500208,1036.1390655712135,0.0,0.0,1036.1390655712135,1,2302.531256824918,disjoint,C000,dispersed,24,CENTRAL
controlled:disjoint:dispersed:r014,1036.1390655712132,12,1036.1390655712135,0.0,0.0,1,3453.7968852373756,589.8100939500208,1036.1390655712135,1036.1390655712135,0.0,0.0,1,2302.531256824918,disjoint,C001,dispersed,24,CENTRAL
controlled:disjoint:dispersed:r014,1036.1390655712132,12,0.0,1036.1390655712132,0.0,1,3453.7968852373756,589.8100939500208,1036.1390655712132,0.0,1036.1390655712132,0.0,1,2302.531256824918,disjoint,C002,dispersed,24,CENTRAL
controlled:disjoint:dispersed:r014,181.91498693236107,27,181.91498693236107,0.0,0.0,1,606.3832897745365,158.50254374126206,0.0,0.0,0.0,0.0,0,404.25552651635786,disjoint,L027,dispersed,5,LOCAL
controlled:disjoint:dispersed:r014,426.96036374681887,57,426.96036374681887,0.0,0.0,1,1423.2012124893952,318.09934241917654,426.96036374681887,426.96036374681887,0.0,0.0,1,948.8008083262638,disjoint,R000,dispersed,6,REGIONAL
controlled:disjoint:dispersed:r014,0.0,72,0.0,0.0,0.0,0,1423.2012124893952,318.09934241917654,426.9603637468188,0.0,426.96036374681876,0.0,1,948.8008083262638,disjoint,R004,dispersed,13,REGIONAL
controlled:disjoint:dispersed:r014,426.96036374681876,66,426.96036374681876,0.0,0.0,1,1423.2012124893952,318.09934241917654,0.0,0.0,0.0,0.0,0,948.8008083262638,disjoint,R007,dispersed,10,REGIONAL
controlled:disjoint:dispersed:r014,426.96036374681876,51,0.0,0.0,426.96036374681876,1,1423.2012124893952,318.09934241917654,0.0,0.0,0.0,0.0,0,948.8008083262638,disjoint,R008,dispersed,11,REGIONAL
controlled:disjoint:dispersed:r015,1051.3566464479586,12,0.0,0.0,1051.3566464479586,1,3504.5221548265276,566.4832922564152,1051.3566464479586,0.0,0.0,1051.3566464479586,1,2336.3481032176855,disjoint,C000,dispersed,24,CENTRAL
controlled:disjoint:dispersed:r015,1051.3566464479586,12,1051.3566464479586,0.0,0.0,1,3504.5221548265276,566.4832922564152,1051.3566464479586,1051.3566464479586,0.0,0.0,1,2336.3481032176855,disjoint,C001,dispersed,24,CENTRAL
controlled:disjoint:dispersed:r015,1051.3566464479586,12,0.0,1051.3566464479586,0.0,1,3504.5221548265276,566.4832922564152,1051.3566464479586,0.0,1051.3566464479586,0.0,1,2336.3481032176855,disjoint,C002,dispersed,24,CENTRAL
controlled:disjoint:dispersed:r015,428.22787445351844,51,428.22787445351844,0.0,0.0,1,1427.4262481783944,308.8724483732559,0.0,0.0,0.0,0.0,0,951.6174987855965,disjoint,R000,dispersed,10,REGIONAL
controlled:disjoint:dispersed:r015,0.0,72,0.0,0.0,0.0,0,1427.4262481783944,308.8724483732559,428.2278744535184,0.0,428.2278744535184,0.0,1,951.6174987855965,disjoint,R004,dispersed,10,REGIONAL
controlled:disjoint:dispersed:r015,428.2278744535184,57,0.0,428.22787445351844,0.0,1,1427.4262481783944,308.8724483732559,0.0,0.0,0.0,0.0,0,951.6174987855965,disjoint,R005,dispersed,8,REGIONAL
controlled:disjoint:dispersed:r015,0.0,63,0.0,0.0,0.0,0,1427.4262481783944,308.8724483732559,428.2278744535184,428.2278744535184,0.0,0.0,1,951.6174987855965,disjoint,R007,dispersed,6,REGIONAL
controlled:disjoint:dispersed:r015,0.0,51,0.0,0.0,0.0,0,1427.4262481783944,308.8724483732559,428.22787445351844,428.22787445351844,0.0,0.0,1,951.6174987855965,disjoint,R008,dispersed,8,REGIONAL
controlled:disjoint:dispersed:r016,0.0,12,0.0,0.0,0.0,0,3401.344248504722,584.9708445178048,1020.4032745514165,0.0,1020.4032745514164,0.0,1,2267.5628323364813,disjoint,C000,dispersed,24,CENTRAL
controlled:disjoint:dispersed:r016,0.0,12,0.0,0.0,0.0,0,3401.344248504722,584.9708445178048,1020.4032745514165,0.0,0.0,1020.4032745514164,1,2267.5628323364813,disjoint,C001,dispersed,24,CENTRAL
controlled:disjoint:dispersed:r016,0.0,12,0.0,0.0,0.0,0,3401.344248504722,584.9708445178048,1020.4032745514164,1020.4032745514164,0.0,0.0,1,2267.5628323364813,disjoint,C002,dispersed,24,CENTRAL
controlled:disjoint:dispersed:r016,433.1330183041385,57,433.1330183041385,0.0,0.0,1,1443.7767276804618,297.82260346169255,433.1330183041385,433.1330183041385,0.0,0.0,1,962.5178184536411,disjoint,R000,dispersed,11,REGIONAL
controlled:disjoint:dispersed:r016,433.13301830413843,72,0.0,433.13301830413843,0.0,1,1443.7767276804618,297.82260346169255,0.0,0.0,0.0,0.0,0,962.5178184536411,disjoint,R001,dispersed,12,REGIONAL
controlled:disjoint:dispersed:r016,433.1330183041384,57,433.13301830413843,0.0,0.0,1,1443.7767276804618,297.82260346169255,0.0,0.0,0.0,0.0,0,962.5178184536411,disjoint,R002,dispersed,6,REGIONAL
controlled:disjoint:dispersed:r016,433.13301830413843,54,0.0,0.0,433.13301830413843,1,1443.7767276804618,297.82260346169255,0.0,0.0,0.0,0.0,0,962.5178184536411,disjoint,R003,dispersed,10,REGIONAL
controlled:disjoint:dispersed:r016,433.13301830413843,57,0.0,0.0,433.13301830413843,1,1443.7767276804618,297.82260346169255,0.0,0.0,0.0,0.0,0,962.5178184536411,disjoint,R005,dispersed,11,REGIONAL
controlled:disjoint:dispersed:r016,252.52144012617316,66,0.0,0.0,252.5214401261732,1,1443.7767276804618,297.82260346169255,0.0,0.0,0.0,0.0,0,962.5178184536411,disjoint,R007,dispersed,3,REGIONAL
controlled:disjoint:dispersed:r016,433.13301830413843,51,433.13301830413843,0.0,0.0,1,1443.7767276804618,297.82260346169255,433.13301830413843,433.13301830413843,0.0,0.0,1,962.5178184536411,disjoint,R008,dispersed,7,REGIONAL
controlled:disjoint:dispersed:r017,977.9001258489911,12,0.0,977.9001258489911,0.0,1,3259.667086163305,542.4443405046096,977.9001258489911,0.0,977.9001258489911,0.0,1,2173.1113907755353,disjoint,C000,dispersed,24,CENTRAL
controlled:disjoint:dispersed:r017,977.900125848991,12,977.9001258489909,0.0,0.0,1,3259.667086163305,542.4443405046096,977.900125848991,977.9001258489909,0.0,0.0,1,2173.1113907755353,disjoint,C001,dispersed,24,CENTRAL
controlled:disjoint:dispersed:r017,977.900125848991,12,0.0,0.0,977.900125848991,1,3259.667086163305,542.4443405046096,977.9001258489911,0.0,0.0,977.9001258489911,1,2173.1113907755353,disjoint,C002,dispersed,24,CENTRAL
controlled:disjoint:dispersed:r017,439.79297190282546,54,0.0,0.0,439.79297190282546,1,1465.9765730094193,317.20609234129955,0.0,0.0,0.0,0.0,0,977.317715339612,disjoint,R000,dispersed,8,REGIONAL
controlled:disjoint:dispersed:r017,0.0,57,0.0,0.0,0.0,0,1465.9765730094193,317.20609234129955,439.79297190282546,439.79297190282546,0.0,0.0,1,977.317715339612,disjoint,R002,dispersed,4,REGIONAL
controlled:disjoint:dispersed:r017,0.0,57,0.0,0.0,0.0,0,1465.9765730094193,317.20609234129955,439.79297190282546,0.0,439.79297190282546,0.0,1,977.317715339612,disjoint,R005,dispersed,8,REGIONAL
controlled:disjoint:dispersed:r017,439.79297190282546,51,439.79297190282546,0.0,0.0,1,1465.9765730094193,317.20609234129955,439.79297190282546,439.79297190282546,0.0,0.0,1,977.317715339612,disjoint,R008,dispersed,7,REGIONAL
controlled:disjoint:dispersed:r018,0.0,12,0.0,0.0,0.0,0,3416.315562384616,539.6697655880126,1024.894668715385,1024.894668715385,0.0,0.0,1,2277.5437082564113,disjoint,C000,dispersed,24,CENTRAL
controlled:disjoint:dispersed:r018,1024.8946687153848,15,0.0,0.0,1024.8946687153848,1,3416.315562384616,539.6697655880126,1024.894668715385,0.0,0.0,1024.8946687153848,1,2277.5437082564113,disjoint,C001,dispersed,24,CENTRAL
controlled:disjoint:dispersed:r018,0.0,12,0.0,0.0,0.0,0,3416.315562384616,539.6697655880126,1024.894668715385,0.0,1024.894668715385,0.0,1,2277.5437082564113,disjoint,C002,dispersed,24,CENTRAL
controlled:disjoint:dispersed:r018,179.97991109946418,30,0.0,0.0,179.97991109946418,1,599.9330369982138,163.33748026663392,0.0,0.0,0.0,0.0,0,399.95535799880923,disjoint,L016,dispersed,8,LOCAL
controlled:disjoint:dispersed:r018,438.4487993636817,51,438.4487993636817,0.0,0.0,1,1461.4959978789384,293.21649485827015,438.4487993636817,438.4487993636817,0.0,0.0,1,974.330665252626,disjoint,R000,dispersed,10,REGIONAL
controlled:disjoint:dispersed:r018,438.4487993636817,57,0.0,438.4487993636817,0.0,1,1461.4959978789384,293.21649485827015,0.0,0.0,0.0,0.0,0,974.330665252626,disjoint,R002,dispersed,8,REGIONAL
controlled:disjoint:dispersed:r018,438.4487993636817,57,0.0,0.0,438.4487993636817,1,1461.4959978789384,293.21649485827015,0.0,0.0,0.0,0.0,0,974.330665252626,disjoint,R003,dispersed,8,REGIONAL
controlled:disjoint:dispersed:r018,438.4487993636817,66,438.4487993636817,0.0,0.0,1,1461.4959978789384,293.21649485827015,438.4487993636817,438.4487993636817,0.0,0.0,1,974.330665252626,disjoint,R007,dispersed,7,REGIONAL
controlled:disjoint:dispersed:r018,438.4487993636817,54,438.4487993636817,0.0,0.0,1,1461.4959978789384,293.21649485827015,438.4487993636817,438.4487993636817,0.0,0.0,1,974.330665252626,disjoint,R008,dispersed,7,REGIONAL
controlled:disjoint:dispersed:r019,1012.0515285786233,12,0.0,0.0,1012.0515285786234,1,3373.505095262079,542.582635886932,1012.0515285786233,0.0,0.0,1012.0515285786234,1,2249.0033968413854,disjoint,C000,dispersed,24,CENTRAL
controlled:disjoint:dispersed:r019,1012.0515285786236,12,1012.0515285786236,0.0,0.0,1,3373.505095262079,542.582635886932,1012.0515285786236,1012.0515285786236,0.0,0.0,1,2249.0033968413854,disjoint,C001,dispersed,24,CENTRAL
controlled:disjoint:dispersed:r019,1012.0515285786234,12,0.0,1012.0515285786237,0.0,1,3373.505095262079,542.582635886932,1012.0515285786234,0.0,1012.0515285786237,0.0,1,2249.0033968413854,disjoint,C002,dispersed,24,CENTRAL
controlled:disjoint:dispersed:r019,427.89441487394055,54,427.8944148739406,0.0,0.0,1,1426.3147162464686,307.7585941943458,427.89441487394055,427.8944148739406,0.0,0.0,1,950.8764774976456,disjoint,R000,dispersed,8,REGIONAL
controlled:disjoint:dispersed:r019,0.0,54,0.0,0.0,0.0,0,1426.3147162464686,307.7585941943458,427.8944148739405,427.8944148739405,0.0,0.0,1,950.8764774976456,disjoint,R002,dispersed,7,REGIONAL
controlled:disjoint:dispersed:r019,427.8944148739405,51,0.0,427.8944148739405,0.0,1,1426.3147162464686,307.7585941943458,427.8944148739405,0.0,427.8944148739405,0.0,1,950.8764774976456,disjoint,R008,dispersed,4,REGIONAL
controlled:intermediate:clustered:r000,963.5807435621969,15,0.0,963.5807435621969,0.0,1,3211.935811873989,587.9342831004957,963.5807435621966,0.0,963.5807435621966,0.0,1,2141.290541249326,intermediate,C000,clustered,24,CENTRAL
controlled:intermediate:clustered:r000,0.0,12,0.0,0.0,0.0,0,3211.935811873989,587.9342831004957,963.5807435621967,963.5807435621967,0.0,0.0,1,2141.290541249326,intermediate,C001,clustered,24,CENTRAL
controlled:intermediate:clustered:r000,0.0,15,0.0,0.0,0.0,0,610.2899964928229,161.2021150202224,406.85999766188195,183.08699894784692,134.22079853890455,89.55220017513042,1,406.859997661882,intermediate,L000,clustered,6,LOCAL
controlled:intermediate:clustered:r000,0.0,27,0.0,0.0,0.0,0,610.2899964928229,161.2021150202224,406.8599976618819,183.08699894784692,134.70112919845826,89.07186951557668,1,406.859997661882,intermediate,L006,clustered,15,LOCAL
controlled:intermediate:clustered:r000,0.0,42,0.0,0.0,0.0,0,610.2899964928229,161.2021150202224,406.8599976618819,73.47381582770065,183.0869989478469,150.29918288633434,1,406.859997661882,intermediate,L009,clustered,45,LOCAL
controlled:intermediate:clustered:r000,0.0,15,0.0,0.0,0.0,0,610.2899964928229,161.2021150202224,406.8599976618819,183.08699894784692,40.685999766188054,183.08699894784692,1,406.859997661882,intermediate,L018,clustered,15,LOCAL
controlled:intermediate:clustered:r000,0.0,18,0.0,0.0,0.0,0,610.2899964928229,161.2021150202224,406.8599976618819,132.00645746816454,183.08699894784692,91.76654124587044,1,406.859997661882,intermediate,L024,clustered,9,LOCAL
controlled:intermediate:clustered:r000,0.0,36,0.0,0.0,0.0,0,610.2899964928229,161.2021150202224,406.85999766188183,176.9709014289756,149.659186006454,80.22991022645226,1,406.859997661882,intermediate,L032,clustered,54,LOCAL
controlled:intermediate:clustered:r000,446.45842302121355,57,446.45842302121355,0.0,0.0,1,1488.1947434040449,297.37759655712875,0.0,0.0,0.0,0.0,0,992.1298289360301,intermediate,R000,clustered,7,REGIONAL
controlled:intermediate:clustered:r000,315.58272065237526,57,0.0,0.0,315.5827206523752,1,1488.1947434040449,297.37759655712875,0.0,0.0,0.0,0.0,0,992.1298289360301,intermediate,R002,clustered,4,REGIONAL
controlled:intermediate:clustered:r000,446.45842302121355,72,446.45842302121355,0.0,0.0,1,1488.1947434040449,297.37759655712875,0.0,0.0,0.0,0.0,0,992.1298289360301,intermediate,R004,clustered,13,REGIONAL
controlled:intermediate:clustered:r000,446.4584230212136,57,0.0,446.45842302121355,0.0,1,1488.1947434040449,297.37759655712875,0.0,0.0,0.0,0.0,0,992.1298289360301,intermediate,R005,clustered,11,REGIONAL
controlled:intermediate:clustered:r000,446.45842302121343,51,0.0,0.0,446.45842302121343,1,1488.1947434040449,297.37759655712875,0.0,0.0,0.0,0.0,0,992.1298289360301,intermediate,R008,clustered,6,REGIONAL
controlled:intermediate:clustered:r001,992.3931122234084,12,0.0,0.0,992.3931122234084,1,3307.9770407446936,570.3536828688909,0.0,0.0,0.0,0.0,0,2205.3180271631295,intermediate,C000,clustered,24,CENTRAL
controlled:intermediate:clustered:r001,0.0,12,0.0,0.0,0.0,0,3307.9770407446936,570.3536828688909,992.3931122234083,992.3931122234083,0.0,0.0,1,2205.3180271631295,intermediate,C001,clustered,24,CENTRAL
controlled:intermediate:clustered:r001,0.0,12,0.0,0.0,0.0,0,3307.9770407446936,570.3536828688909,992.3931122234083,0.0,992.3931122234083,0.0,1,2205.3180271631295,intermediate,C002,clustered,24,CENTRAL
controlled:intermediate:clustered:r001,0.0,27,0.0,0.0,0.0,0,605.839529699266,158.20255998989938,403.8930197995106,181.75185890977983,159.85630453070883,62.284856359022,1,403.89301979951074,intermediate,L002,clustered,39,LOCAL
controlled:intermediate:clustered:r001,0.0,27,0.0,0.0,0.0,0,605.839529699266,158.20255998989938,403.8930197995106,181.75185890977983,40.389301979950964,181.7518589097798,1,403.89301979951074,intermediate,L004,clustered,30,LOCAL
controlled:intermediate:clustered:r001,0.0,36,0.0,0.0,0.0,0,605.839529699266,158.20255998989938,403.8930197995107,68.88026669265354,181.7518589097798,153.26089419707733,1,403.89301979951074,intermediate,L007,clustered,42,LOCAL
controlled:intermediate:clustered:r001,0.0,18,0.0,0.0,0.0,0,605.839529699266,158.20255998989938,403.8930197995107,181.75185890977983,136.25660889354413,85.88455199618673,1,403.89301979951074,intermediate,L023,clustered,18,LOCAL
controlled:intermediate:clustered:r001,0.0,24,0.0,0.0,0.0,0,605.839529699266,158.20255998989938,403.89301979951074,181.75185890977983,40.38930197995105,181.7518589097798,1,403.89301979951074,intermediate,L028,clustered,12,LOCAL
controlled:intermediate:clustered:r001,0.0,18,0.0,0.0,0.0,0,605.839529699266,158.20255998989938,347.40529081382454,181.75185890977983,79.29597732649373,86.357454577551,1,403.89301979951074,intermediate,L029,clustered,3,LOCAL
controlled:intermediate:clustered:r001,442.1948602864113,57,0.0,442.19486028641137,0.0,1,1473.9828676213704,302.1379233301254,0.0,0.0,0.0,0.0,0,982.655245080914,intermediate,R000,clustered,12,REGIONAL
controlled:intermediate:clustered:r001,442.1948602864113,54,442.1948602864113,0.0,0.0,1,1473.9828676213704,302.1379233301254,0.0,0.0,0.0,0.0,0,982.655245080914,intermediate,R002,clustered,6,REGIONAL
controlled:intermediate:clustered:r001,442.1948602864113,72,0.0,0.0,442.1948602864113,1,1473.9828676213704,302.1379233301254,0.0,0.0,0.0,0.0,0,982.655245080914,intermediate,R004,clustered,16,REGIONAL
controlled:intermediate:clustered:r001,442.1948602864112,57,0.0,442.19486028641126,0.0,1,1473.9828676213704,302.1379233301254,0.0,0.0,0.0,0.0,0,982.655245080914,intermediate,R005,clustered,8,REGIONAL
controlled:intermediate:clustered:r001,442.1948602864113,66,442.1948602864113,0.0,0.0,1,1473.9828676213704,302.1379233301254,442.1948602864113,442.1948602864113,0.0,0.0,1,982.655245080914,intermediate,R007,clustered,10,REGIONAL
controlled:intermediate:clustered:r002,1075.4527825288258,12,0.0,0.0,1075.4527825288258,1,3584.842608429419,569.7213710805107,0.0,0.0,0.0,0.0,0,2389.8950722862796,intermediate,C000,clustered,24,CENTRAL
controlled:intermediate:clustered:r002,1075.4527825288255,12,1075.4527825288255,0.0,0.0,1,3584.842608429419,569.7213710805107,1075.4527825288255,1075.4527825288255,0.0,0.0,1,2389.8950722862796,intermediate,C001,clustered,24,CENTRAL
controlled:intermediate:clustered:r002,0.0,12,0.0,0.0,0.0,0,3584.842608429419,569.7213710805107,1075.4527825288258,0.0,1075.4527825288258,0.0,1,2389.8950722862796,intermediate,C002,clustered,24,CENTRAL
controlled:intermediate:clustered:r002,171.68691732044948,18,0.0,0.0,171.68691732044948,1,600.5388746409805,156.74612455165564,0.0,0.0,0.0,0.0,0,400.35924976065377,intermediate,L005,clustered,2,LOCAL
controlled:intermediate:clustered:r002,0.0,33,0.0,0.0,0.0,0,600.5388746409805,156.74612455165564,400.3592497606536,161.5681711346476,151.95795912564017,86.83311950036583,1,400.35924976065377,intermediate,L013,clustered,21,LOCAL
controlled:intermediate:clustered:r002,0.0,36,0.0,0.0,0.0,0,600.5388746409805,156.74612455165564,377.2420240513561,16.918699266767675,180.16166239229423,180.16166239229423,1,400.35924976065377,intermediate,L014,clustered,36,LOCAL
controlled:intermediate:clustered:r002,0.0,24,0.0,0.0,0.0,0,600.5388746409805,156.74612455165564,400.3592497606536,180.16166239229423,62.15257860841545,158.04500875994387,1,400.35924976065377,intermediate,L017,clustered,24,LOCAL
controlled:intermediate:clustered:r002,0.0,30,0.0,0.0,0.0,0,600.5388746409805,156.74612455165564,400.3592497606536,168.235850711142,157.3519098445596,74.771489204952,1,400.35924976065377,intermediate,L025,clustered,18,LOCAL
controlled:intermediate:clustered:r002,0.0,24,0.0,0.0,0.0,0,600.5388746409805,156.74612455165564,360.32332478458846,180.16166239229423,0.0,180.16166239229423,1,400.35924976065377,intermediate,L028,clustered,18,LOCAL
controlled:intermediate:clustered:r002,0.0,42,0.0,0.0,0.0,0,600.5388746409805,156.74612455165564,400.3592497606536,65.85711057736984,180.16166239229426,154.3404767909895,1,400.35924976065377,intermediate,L032,clustered,27,LOCAL
controlled:intermediate:clustered:r002,420.8690895878814,57,0.0,0.0,420.8690895878814,1,1402.8969652929377,305.90269733143145,0.0,0.0,0.0,0.0,0,935.2646435286252,intermediate,R000,clustered,7,REGIONAL
controlled:intermediate:clustered:r002,420.8690895878814,57,420.8690895878814,0.0,0.0,1,1402.8969652929377,305.90269733143145,0.0,0.0,0.0,0.0,0,935.2646435286252,intermediate,R002,clustered,8,REGIONAL
controlled:intermediate:clustered:r002,420.8690895878815,57,0.0,420.8690895878815,0.0,1,1402.8969652929377,305.90269733143145,0.0,0.0,0.0,0.0,0,935.2646435286252,intermediate,R005,clustered,9,REGIONAL
controlled:intermediate:clustered:r002,0.0,51,0.0,0.0,0.0,0,1402.8969652929377,305.90269733143145,420.8690895878815,420.8690895878815,0.0,0.0,1,935.2646435286252,intermediate,R008,clustered,4,REGIONAL
controlled:intermediate:clustered:r003,934.5354649798746,15,0.0,934.5354649798746,0.0,1,3115.11821659958,504.2296664186729,934.5354649798746,0.0,934.5354649798746,0.0,1,2076.7454777330545,intermediate,C001,clustered,24,CENTRAL
controlled:intermediate:clustered:r003,934.5354649798745,12,934.5354649798746,0.0,0.0,1,3115.11821659958,504.2296664186729,934.5354649798745,934.5354649798744,0.0,0.0,1,2076.7454777330545,intermediate,C002,clustered,24,CENTRAL
controlled:intermediate:clustered:r003,0.0,27,0.0,0.0,0.0,0,618.786508809397,156.35991551438562,412.5243392062647,67.40810164880882,185.63595264281926,159.48028491463663,1,412.5243392062649,intermediate,L010,clustered,30,LOCAL
controlled:intermediate:clustered:r003,0.0,24,0.0,0.0,0.0,0,618.786508809397,156.35991551438562,412.52433920626464,41.25243392062617,185.63595264281923,185.63595264281923,1,412.5243392062649,intermediate,L011,clustered,21,LOCAL
controlled:intermediate:clustered:r003,0.0,15,0.0,0.0,0.0,0,618.786508809397,156.35991551438562,412.5243392062647,161.63196998169946,179.05593812158776,71.83643110297753,1,412.5243392062649,intermediate,L023,clustered,15,LOCAL
controlled:intermediate:clustered:r003,0.0,30,0.0,0.0,0.0,0,618.786508809397,156.35991551438562,412.5243392062647,157.4633177978138,162.3115590781051,92.74946233034578,1,412.5243392062649,intermediate,L027,clustered,15,LOCAL
controlled:intermediate:clustered:r003,0.0,21,0.0,0.0,0.0,0,618.786508809397,156.35991551438562,412.5243392062647,185.63595264281926,143.77697989531507,83.11140666813037,1,412.5243392062649,intermediate,L030,clustered,27,LOCAL
controlled:intermediate:clustered:r003,0.0,27,0.0,0.0,0.0,0,618.786508809397,156.35991551438562,412.5243392062647,163.40012215723547,127.08898390007201,122.03523314895719,1,412.5243392062649,intermediate,L031,clustered,36,LOCAL
controlled:intermediate:clustered:r003,445.94436776876546,57,0.0,445.94436776876546,0.0,1,1486.481225895884,305.1485224436414,0.0,0.0,0.0,0.0,0,990.9874839305899,intermediate,R000,clustered,8,REGIONAL
controlled:intermediate:clustered:r003,445.9443677687655,48,445.9443677687655,0.0,0.0,1,1486.481225895884,305.1485224436414,445.9443677687655,445.9443677687655,0.0,0.0,1,990.9874839305899,intermediate,R006,clustered,7,REGIONAL
controlled:intermediate:clustered:r003,344.9974639477262,66,0.0,0.0,344.99746394772615,1,1486.481225895884,305.1485224436414,0.0,0.0,0.0,0.0,0,990.9874839305899,intermediate,R007,clustered,4,REGIONAL
controlled:intermediate:clustered:r003,445.94436776876546,51,0.0,0.0,445.94436776876546,1,1486.481225895884,305.1485224436414,0.0,0.0,0.0,0.0,0,990.9874839305899,intermediate,R008,clustered,8,REGIONAL
controlled:intermediate:clustered:r004,972.9113569202827,12,0.0,972.9113569202827,0.0,1,3243.037856400943,530.3297874228382,972.9113569202827,0.0,972.9113569202827,0.0,1,2162.0252376006283,intermediate,C000,clustered,24,CENTRAL
controlled:intermediate:clustered:r004,972.9113569202829,12,0.0,0.0,972.9113569202827,1,3243.037856400943,530.3297874228382,0.0,0.0,0.0,0.0,0,2162.0252376006283,intermediate,C001,clustered,24,CENTRAL
controlled:intermediate:clustered:r004,972.9113569202827,12,972.9113569202827,0.0,0.0,1,3243.037856400943,530.3297874228382,972.9113569202827,972.9113569202827,0.0,0.0,1,2162.0252376006283,intermediate,C002,clustered,24,CENTRAL
controlled:intermediate:clustered:r004,0.0,30,0.0,0.0,0.0,0,604.2445241888989,164.1019244516761,402.8296827925992,164.09900906175162,165.79778081451354,72.93289291633405,1,402.8296827925992,intermediate,L003,clustered,36,LOCAL
controlled:intermediate:clustered:r004,0.0,39,0.0,0.0,0.0,0,604.2445241888989,164.1019244516761,402.8296827925992,54.817439226033024,181.27335725666964,166.73888630989654,1,402.8296827925992,intermediate,L010,clustered,15,LOCAL
controlled:intermediate:clustered:r004,0.0,24,0.0,0.0,0.0,0,604.2445241888989,164.1019244516761,402.8296827925992,40.28296827925992,181.27335725666967,181.27335725666964,1,402.8296827925992,intermediate,L011,clustered,12,LOCAL
controlled:intermediate:clustered:r004,0.0,24,0.0,0.0,0.0,0,604.2445241888989,164.1019244516761,402.8296827925992,147.18477451015542,162.68312345246423,92.96178482997956,1,402.8296827925992,intermediate,L022,clustered,21,LOCAL
controlled:intermediate:clustered:r004,0.0,21,0.0,0.0,0.0,0,604.2445241888989,164.1019244516761,402.8296827925992,148.46453182406927,161.86873243451907,92.4964185340109,1,402.8296827925992,intermediate,L023,clustered,18,LOCAL
controlled:intermediate:clustered:r004,0.0,33,0.0,0.0,0.0,0,604.2445241888989,164.1019244516761,402.8296827925992,171.88867481523945,146.9624596219562,83.97854835540357,1,402.8296827925992,intermediate,L033,clustered,42,LOCAL
controlled:intermediate:clustered:r004,450.60278533322685,57,450.60278533322685,0.0,0.0,1,1502.0092844440894,314.71096135769227,0.0,0.0,0.0,0.0,0,1001.339522962726,intermediate,R000,clustered,6,REGIONAL
controlled:intermediate:clustered:r004,0.0,72,0.0,0.0,0.0,0,1502.0092844440894,314.71096135769227,450.6027853332268,450.6027853332268,0.0,0.0,1,1001.339522962726,intermediate,R004,clustered,14,REGIONAL
controlled:intermediate:clustered:r004,450.60278533322673,57,0.0,0.0,450.60278533322673,1,1502.0092844440894,314.71096135769227,0.0,0.0,0.0,0.0,0,1001.339522962726,intermediate,R005,clustered,6,REGIONAL
controlled:intermediate:clustered:r005,0.0,12,0.0,0.0,0.0,0,3151.0829421382787,573.53035363751,945.3248826414833,0.0,945.3248826414833,0.0,1,2100.7219614255187,intermediate,C000,clustered,24,CENTRAL
controlled:intermediate:clustered:r005,945.3248826414833,12,945.3248826414833,0.0,0.0,1,3151.0829421382787,573.53035363751,945.3248826414833,945.3248826414833,0.0,0.0,1,2100.7219614255187,intermediate,C001,clustered,24,CENTRAL
controlled:intermediate:clustered:r005,0.0,30,0.0,0.0,0.0,0,629.5876520816037,158.11230193399405,419.7251013877357,188.87629562448106,158.2480461320573,72.6007596311973,1,419.72510138773566,intermediate,L006,clustered,12,LOCAL
controlled:intermediate:clustered:r005,0.0,24,0.0,0.0,0.0,0,629.5876520816037,158.11230193399405,419.72510138773566,188.87629562448103,59.04273959085382,171.8060661724008,1,419.72510138773566,intermediate,L012,clustered,6,LOCAL
controlled:intermediate:clustered:r005,0.0,30,0.0,0.0,0.0,0,629.5876520816037,158.11230193399405,419.7251013877358,188.87629562448106,41.972510138773636,188.87629562448103,1,419.72510138773566,intermediate,L013,clustered,45,LOCAL
controlled:intermediate:clustered:r005,0.0,24,0.0,0.0,0.0,0,629.5876520816037,158.11230193399405,419.72510138773566,188.87629562448103,68.65025931781666,162.19854644543796,1,419.72510138773566,intermediate,L019,clustered,33,LOCAL
controlled:intermediate:clustered:r005,0.0,24,0.0,0.0,0.0,0,629.5876520816037,158.11230193399405,419.72510138773566,188.87629562448106,128.9424412593749,101.90636450387973,1,419.72510138773566,intermediate,L030,clustered,12,LOCAL
controlled:intermediate:clustered:r005,0.0,33,0.0,0.0,0.0,0,629.5876520816037,158.11230193399405,419.72510138773566,188.87629562448103,142.05713066630798,88.79167509694663,1,419.72510138773566,intermediate,L031,clustered,36,LOCAL
controlled:intermediate:clustered:r005,429.3865232882478,57,0.0,429.3865232882478,0.0,1,1431.2884109608267,306.37069010372875,0.0,0.0,0.0,0.0,0,954.1922739738841,intermediate,R000,clustered,9,REGIONAL
controlled:intermediate:clustered:r005,429.3865232882479,54,429.3865232882479,0.0,0.0,1,1431.2884109608267,306.37069010372875,0.0,0.0,0.0,0.0,0,954.1922739738841,intermediate,R002,clustered,9,REGIONAL
controlled:intermediate:clustered:r005,429.3865232882479,54,0.0,429.3865232882479,0.0,1,1431.2884109608267,306.37069010372875,0.0,0.0,0.0,0.0,0,954.1922739738841,intermediate,R003,clustered,4,REGIONAL
controlled:intermediate:clustered:r005,411.50885818301,57,0.0,0.0,411.50885818301,1,1431.2884109608267,306.37069010372875,0.0,0.0,0.0,0.0,0,954.1922739738841,intermediate,R005,clustered,5,REGIONAL
controlled:intermediate:clustered:r005,429.3865232882479,63,0.0,429.3865232882479,0.0,1,1431.2884109608267,306.37069010372875,0.0,0.0,0.0,0.0,0,954.1922739738841,intermediate,R007,clustered,11,REGIONAL
controlled:intermediate:clustered:r006,1055.1034012229811,12,0.0,1055.1034012229813,0.0,1,3517.0113374099396,533.0938466482172,1055.1034012229813,0.0,1055.1034012229811,0.0,1,2344.674224939958,intermediate,C000,clustered,24,CENTRAL
controlled:intermediate:clustered:r006,1055.1034012229813,12,1055.1034012229813,0.0,0.0,1,3517.0113374099396,533.0938466482172,1055.1034012229813,1055.1034012229813,0.0,0.0,1,2344.674224939958,intermediate,C001,clustered,24,CENTRAL
controlled:intermediate:clustered:r006,1055.1034012229813,12,0.0,0.0,1055.1034012229811,1,3517.0113374099396,533.0938466482172,0.0,0.0,0.0,0.0,0,2344.674224939958,intermediate,C002,clustered,24,CENTRAL
controlled:intermediate:clustered:r006,0.0,24,0.0,0.0,0.0,0,613.2697812779013,158.62767702995038,408.8465208519339,136.57789565050433,183.98093438337028,88.28769081805933,1,408.846520851934,intermediate,L003,clustered,15,LOCAL
controlled:intermediate:clustered:r006,0.0,18,0.0,0.0,0.0,0,613.2697812779013,158.62767702995038,408.846520851934,173.0981849384748,131.127045622047,104.62129029141215,1,408.846520851934,intermediate,L004,clustered,18,LOCAL
controlled:intermediate:clustered:r006,0.0,15,0.0,0.0,0.0,0,613.2697812779013,158.62767702995038,408.846520851934,183.98093438337028,161.99090498469477,62.87468148386889,1,408.846520851934,intermediate,L005,clustered,12,LOCAL
controlled:intermediate:clustered:r006,0.0,42,0.0,0.0,0.0,0,613.2697812779013,158.62767702995038,408.846520851934,87.50666168339934,158.0282360021617,163.31162316637295,1,408.846520851934,intermediate,L007,clustered,42,LOCAL
controlled:intermediate:clustered:r006,0.0,30,0.0,0.0,0.0,0,613.2697812779013,158.62767702995038,408.8465208519339,183.98093438337028,131.4137661962105,93.45182027235316,1,408.846520851934,intermediate,L020,clustered,36,LOCAL
controlled:intermediate:clustered:r006,0.0,24,0.0,0.0,0.0,0,613.2697812779013,158.62767702995038,408.846520851934,155.19777922988627,161.4128355776667,92.23590604438098,1,408.846520851934,intermediate,L027,clustered,21,LOCAL
controlled:intermediate:clustered:r006,412.3751287255247,57,0.0,0.0,412.3751287255247,1,1374.5837624184162,309.1420194674067,0.0,0.0,0.0,0.0,0,916.3891749456104,intermediate,R005,clustered,12,REGIONAL
controlled:intermediate:clustered:r006,412.37512872552475,63,0.0,412.37512872552475,0.0,1,1374.5837624184162,309.1420194674067,0.0,0.0,0.0,0.0,0,916.3891749456104,intermediate,R007,clustered,9,REGIONAL
controlled:intermediate:clustered:r006,0.0,51,0.0,0.0,0.0,0,1374.5837624184162,309.1420194674067,412.37512872552475,412.37512872552475,0.0,0.0,1,916.3891749456104,intermediate,R008,clustered,6,REGIONAL
controlled:intermediate:clustered:r007,965.9769623090468,15,0.0,965.9769623090468,0.0,1,3219.923207696822,564.5893679917446,965.9769623090467,0.0,965.9769623090467,0.0,1,2146.6154717978816,intermediate,C001,clustered,24,CENTRAL
controlled:intermediate:clustered:r007,965.9769623090467,12,965.9769623090467,0.0,0.0,1,3219.923207696822,564.5893679917446,965.9769623090468,965.9769623090468,0.0,0.0,1,2146.6154717978816,intermediate,C002,clustered,24,CENTRAL
controlled:intermediate:clustered:r007,0.0,33,0.0,0.0,0.0,0,605.9579142590391,160.25983502961662,403.9719428393593,181.7873742777117,65.23154387400459,156.95302468764305,1,403.9719428393594,intermediate,L008,clustered,27,LOCAL
controlled:intermediate:clustered:r007,0.0,30,0.0,0.0,0.0,0,605.9579142590391,160.25983502961662,403.9719428393593,181.78737427771173,134.20778644975843,87.97678211188918,1,403.9719428393594,intermediate,L010,clustered,33,LOCAL
controlled:intermediate:clustered:r007,0.0,36,0.0,0.0,0.0,0,605.9579142590391,160.25983502961662,403.9719428393594,181.78737427771173,40.39719428393588,181.78737427771173,1,403.9719428393594,intermediate,L014,clustered,30,LOCAL
controlled:intermediate:clustered:r007,0.0,15,0.0,0.0,0.0,0,605.9579142590391,160.25983502961662,403.9719428393593,171.54636657105218,133.424951777485,99.00062449082215,1,403.9719428393594,intermediate,L018,clustered,9,LOCAL
controlled:intermediate:clustered:r007,0.0,18,0.0,0.0,0.0,0,605.9579142590391,160.25983502961662,403.9719428393593,176.40743438314513,137.20578229800174,90.35872615821246,1,403.9719428393594,intermediate,L019,clustered,15,LOCAL
controlled:intermediate:clustered:r007,181.7873742777117,18,0.0,0.0,181.7873742777117,1,605.9579142590391,160.25983502961662,0.0,0.0,0.0,0.0,0,403.9719428393594,intermediate,L024,clustered,3,LOCAL
controlled:intermediate:clustered:r007,0.0,30,0.0,0.0,0.0,0,605.9579142590391,160.25983502961662,403.9719428393593,61.72310926775909,168.99188083656068,173.25695273503953,1,403.9719428393594,intermediate,L034,clustered,30,LOCAL
controlled:intermediate:clustered:r007,450.85818211947094,57,0.0,450.85818211947094,0.0,1,1502.8606070649028,323.1687644727573,0.0,0.0,0.0,0.0,0,1001.9070713766018,intermediate,R000,clustered,5,REGIONAL
controlled:intermediate:clustered:r007,450.85818211947094,51,450.8581821194709,0.0,0.0,1,1502.8606070649028,323.1687644727573,0.0,0.0,0.0,0.0,0,1001.9070713766018,intermediate,R006,clustered,3,REGIONAL
controlled:intermediate:clustered:r007,450.85818211947094,51,450.85818211947094,0.0,0.0,1,1502.8606070649028,323.1687644727573,450.85818211947094,450.85818211947094,0.0,0.0,1,1001.9070713766018,intermediate,R008,clustered,11,REGIONAL
controlled:intermediate:clustered:r008,1032.5400016710041,15,1032.5400016710041,0.0,0.0,1,3441.8000055700127,544.8519775748297,1032.5400016710041,1032.5400016710041,0.0,0.0,1,2294.5333370466756,intermediate,C001,clustered,24,CENTRAL
controlled:intermediate:clustered:r008,0.0,12,0.0,0.0,0.0,0,3441.8000055700127,544.8519775748297,1032.5400016710041,0.0,1032.5400016710041,0.0,1,2294.5333370466756,intermediate,C002,clustered,24,CENTRAL
controlled:intermediate:clustered:r008,0.0,27,0.0,0.0,0.0,0,605.9443573938186,160.0962673421157,403.9629049292123,174.06379419745483,136.49079940899338,93.40831132276415,1,403.9629049292125,intermediate,L002,clustered,18,LOCAL
controlled:intermediate:clustered:r008,181.7833072181456,24,0.0,0.0,181.7833072181456,1,605.9443573938186,160.0962673421157,0.0,0.0,0.0,0.0,0,403.9629049292125,intermediate,L003,clustered,4,LOCAL
controlled:intermediate:clustered:r008,0.0,21,0.0,0.0,0.0,0,605.9443573938186,160.0962673421157,403.96290492921236,181.78330721814564,59.86516407558776,162.31443363547896,1,403.9629049292125,intermediate,L004,clustered,21,LOCAL
controlled:intermediate:clustered:r008,0.0,21,0.0,0.0,0.0,0,605.9443573938186,160.0962673421157,403.9629049292124,181.7833072181456,40.39629049292115,181.78330721814564,1,403.9629049292125,intermediate,L005,clustered,21,LOCAL
controlled:intermediate:clustered:r008,0.0,24,0.0,0.0,0.0,0,605.9443573938186,160.0962673421157,403.96290492921236,143.8501097797399,165.52632418602792,94.58647096344453,1,403.9629049292125,intermediate,L012,clustered,21,LOCAL
controlled:intermediate:clustered:r008,0.0,39,0.0,0.0,0.0,0,605.9443573938186,160.0962673421157,403.96290492921236,162.96965248587634,168.5622957829465,72.43095666038948,1,403.9629049292125,intermediate,L031,clustered,36,LOCAL
controlled:intermediate:clustered:r008,0.0,36,0.0,0.0,0.0,0,605.9443573938186,160.0962673421157,403.96290492921236,48.28604668676011,181.78330721814564,173.89355102430662,1,403.9629049292125,intermediate,L032,clustered,27,LOCAL
controlled:intermediate:clustered:r008,428.6867705704166,57,0.0,428.6867705704166,0.0,1,1428.9559019013884,296.1316325212834,0.0,0.0,0.0,0.0,0,952.6372679342591,intermediate,R000,clustered,10,REGIONAL
controlled:intermediate:clustered:r008,428.6867705704166,57,428.6867705704167,0.0,0.0,1,1428.9559019013884,296.1316325212834,0.0,0.0,0.0,0.0,0,952.6372679342591,intermediate,R002,clustered,6,REGIONAL
controlled:intermediate:clustered:r008,428.6867705704167,57,0.0,428.6867705704167,0.0,1,1428.9559019013884,296.1316325212834,0.0,0.0,0.0,0.0,0,952.6372679342591,intermediate,R005,clustered,8,REGIONAL
controlled:intermediate:clustered:r008,236.69118840933368,51,0.0,0.0,236.69118840933368,1,1428.9559019013884,296.1316325212834,0.0,0.0,0.0,0.0,0,952.6372679342591,intermediate,R006,clustered,3,REGIONAL
controlled:intermediate:clustered:r008,0.0,63,0.0,0.0,0.0,0,1428.9559019013884,296.1316325212834,428.6867705704166,428.6867705704166,0.0,0.0,1,952.6372679342591,intermediate,R007,clustered,9,REGIONAL
controlled:intermediate:clustered:r008,428.6867705704167,51,0.0,0.0,428.6867705704166,1,1428.9559019013884,296.1316325212834,0.0,0.0,0.0,0.0,0,952.6372679342591,intermediate,R008,clustered,10,REGIONAL
controlled:intermediate:clustered:r009,1023.2054689359975,12,0.0,1023.2054689359975,0.0,1,3410.684896453324,561.6268055431706,1023.2054689359976,0.0,1023.2054689359976,0.0,1,2273.7899309688833,intermediate,C001,clustered,24,CENTRAL
controlled:intermediate:clustered:r009,0.0,12,0.0,0.0,0.0,0,3410.684896453324,561.6268055431706,1023.2054689359976,1023.2054689359976,0.0,0.0,1,2273.7899309688833,intermediate,C002,clustered,24,CENTRAL
controlled:intermediate:clustered:r009,0.0,24,0.0,0.0,0.0,0,606.0201088921419,161.3447790542012,404.01340592809464,181.80603266764263,144.74533497571176,77.46203828474027,1,404.0134059280947,intermediate,L000,clustered,21,LOCAL
controlled:intermediate:clustered:r009,0.0,24,0.0,0.0,0.0,0,606.0201088921419,161.3447790542012,404.0134059280946,40.40134059280933,181.80603266764263,181.80603266764263,1,404.0134059280947,intermediate,L004,clustered,21,LOCAL
controlled:intermediate:clustered:r009,0.0,30,0.0,0.0,0.0,0,606.0201088921419,161.3447790542012,404.01340592809464,174.44298571208404,135.67787777606534,93.89254243994525,1,404.0134059280947,intermediate,L012,clustered,21,LOCAL
controlled:intermediate:clustered:r009,181.80603266764263,36,0.0,181.80603266764263,0.0,1,606.0201088921419,161.3447790542012,0.0,0.0,0.0,0.0,0,404.0134059280947,intermediate,L016,clustered,4,LOCAL
controlled:intermediate:clustered:r009,0.0,27,0.0,0.0,0.0,0,606.0201088921419,161.3447790542012,404.0134059280946,52.642515770701415,181.80603266764263,169.56485748975058,1,404.0134059280947,intermediate,L020,clustered,30,LOCAL
controlled:intermediate:clustered:r009,0.0,21,0.0,0.0,0.0,0,606.0201088921419,161.3447790542012,404.0134059280946,162.16183430942957,150.56490267463545,91.2866689440296,1,404.0134059280947,intermediate,L025,clustered,15,LOCAL
controlled:intermediate:clustered:r009,0.0,21,0.0,0.0,0.0,0,606.0201088921419,161.3447790542012,404.0134059280946,75.54665177194622,181.80603266764263,146.66072148850574,1,404.0134059280947,intermediate,L035,clustered,36,LOCAL
controlled:intermediate:clustered:r009,431.70737968409736,57,431.70737968409736,0.0,0.0,1,1439.0245989469909,301.83332247313314,0.0,0.0,0.0,0.0,0,959.3497326313274,intermediate,R000,clustered,9,REGIONAL
controlled:intermediate:clustered:r009,431.70737968409736,57,0.0,0.0,431.70737968409725,1,1439.0245989469909,301.83332247313314,0.0,0.0,0.0,0.0,0,959.3497326313274,intermediate,R002,clustered,9,REGIONAL
controlled:intermediate:clustered:r009,431.70737968409725,51,0.0,0.0,431.7073796840973,1,1439.0245989469909,301.83332247313314,0.0,0.0,0.0,0.0,0,959.3497326313274,intermediate,R006,clustered,6,REGIONAL
controlled:intermediate:clustered:r009,431.7073796840973,63,431.70737968409736,0.0,0.0,1,1439.0245989469909,301.83332247313314,431.7073796840973,431.70737968409736,0.0,0.0,1,959.3497326313274,intermediate,R007,clustered,6,REGIONAL
controlled:intermediate:clustered:r009,431.7073796840973,51,0.0,431.7073796840973,0.0,1,1439.0245989469909,301.83332247313314,0.0,0.0,0.0,0.0,0,959.3497326313274,intermediate,R008,clustered,7,REGIONAL
controlled:intermediate:clustered:r010,0.0,12,0.0,0.0,0.0,0,3419.8412331885265,568.4569493167423,1025.9523699565586,0.0,1025.9523699565586,0.0,1,2279.8941554590187,intermediate,C000,clustered,24,CENTRAL
controlled:intermediate:clustered:r010,0.0,12,0.0,0.0,0.0,0,3419.8412331885265,568.4569493167423,1025.9523699565586,1025.9523699565586,0.0,0.0,1,2279.8941554590187,intermediate,C001,clustered,24,CENTRAL
controlled:intermediate:clustered:r010,0.0,30,0.0,0.0,0.0,0,599.7078089864605,153.47980613192365,399.80520599097366,62.639588077710414,179.91234269593818,157.25327521732504,1,399.8052059909737,intermediate,L009,clustered,27,LOCAL
controlled:intermediate:clustered:r010,0.0,24,0.0,0.0,0.0,0,599.7078089864605,153.47980613192365,399.8052059909736,179.91234269593818,56.76373828598844,163.12912500904702,1,399.8052059909737,intermediate,L012,clustered,24,LOCAL
controlled:intermediate:clustered:r010,0.0,24,0.0,0.0,0.0,0,599.7078089864605,153.47980613192365,364.92374838073084,179.91234269593818,5.099062988854456,179.91234269593818,1,399.8052059909737,intermediate,L019,clustered,18,LOCAL
controlled:intermediate:clustered:r010,0.0,30,0.0,0.0,0.0,0,599.7078089864605,153.47980613192365,399.8052059909736,167.32909011106463,158.1076313861025,74.3684844938065,1,399.8052059909737,intermediate,L022,clustered,21,LOCAL
controlled:intermediate:clustered:r010,0.0,24,0.0,0.0,0.0,0,599.7078089864605,153.47980613192365,399.80520599097366,179.91234269593818,107.07701277624528,112.81585051879021,1,399.8052059909737,intermediate,L030,clustered,18,LOCAL
controlled:intermediate:clustered:r010,0.0,42,0.0,0.0,0.0,0,599.7078089864605,153.47980613192365,399.8052059909736,49.8620328823873,179.9123426959382,170.03083041264813,1,399.8052059909737,intermediate,L034,clustered,36,LOCAL
controlled:intermediate:clustered:r010,438.36650589739475,57,0.0,0.0,438.3665058973947,1,1461.2216863246488,306.74175170136675,0.0,0.0,0.0,0.0,0,974.1477908830992,intermediate,R000,clustered,7,REGIONAL
controlled:intermediate:clustered:r010,438.3665058973947,72,0.0,438.36650589739475,0.0,1,1461.2216863246488,306.74175170136675,0.0,0.0,0.0,0.0,0,974.1477908830992,intermediate,R001,clustered,8,REGIONAL
controlled:intermediate:clustered:r010,438.36650589739475,57,0.0,438.36650589739475,0.0,1,1461.2216863246488,306.74175170136675,0.0,0.0,0.0,0.0,0,974.1477908830992,intermediate,R002,clustered,5,REGIONAL
controlled:intermediate:clustered:r010,438.36650589739475,57,0.0,0.0,438.36650589739475,1,1461.2216863246488,306.74175170136675,0.0,0.0,0.0,0.0,0,974.1477908830992,intermediate,R003,clustered,6,REGIONAL
controlled:intermediate:clustered:r010,438.36650589739475,54,0.0,0.0,438.36650589739475,1,1461.2216863246488,306.74175170136675,0.0,0.0,0.0,0.0,0,974.1477908830992,intermediate,R005,clustered,11,REGIONAL
controlled:intermediate:clustered:r010,438.36650589739475,63,438.3665058973948,0.0,0.0,1,1461.2216863246488,306.74175170136675,438.36650589739475,438.3665058973948,0.0,0.0,1,974.1477908830992,intermediate,R007,clustered,8,REGIONAL
controlled:intermediate:clustered:r010,438.3665058973947,51,438.36650589739475,0.0,0.0,1,1461.2216863246488,306.74175170136675,0.0,0.0,0.0,0.0,0,974.1477908830992,intermediate,R008,clustered,8,REGIONAL
controlled:intermediate:clustered:r011,0.0,12,0.0,0.0,0.0,0,3557.0562140683687,578.9661204269323,1067.1168642205103,1067.1168642205105,0.0,0.0,1,2371.3708093789123,intermediate,C001,clustered,24,CENTRAL
controlled:intermediate:clustered:r011,0.0,12,0.0,0.0,0.0,0,3557.0562140683687,578.9661204269323,1067.1168642205105,0.0,1067.1168642205105,0.0,1,2371.3708093789123,intermediate,C002,clustered,24,CENTRAL
controlled:intermediate:clustered:r011,0.0,15,0.0,0.0,0.0,0,594.5085404828152,159.89713984488105,396.3390269885433,178.35256214484446,39.633902698854406,178.35256214484448,1,396.3390269885433,intermediate,L005,clustered,24,LOCAL
controlled:intermediate:clustered:r011,0.0,24,0.0,0.0,0.0,0,594.5085404828152,159.89713984488105,396.3390269885433,178.35256214484446,134.2316407220418,83.75482412165707,1,396.3390269885433,intermediate,L006,clustered,21,LOCAL
controlled:intermediate:clustered:r011,0.0,33,0.0,0.0,0.0,0,594.5085404828152,159.89713984488105,396.3390269885433,178.35256214484448,139.37629011480124,78.61017472889763,1,396.3390269885433,intermediate,L007,clustered,30,LOCAL
controlled:intermediate:clustered:r011,0.0,27,0.0,0.0,0.0,0,594.5085404828152,159.89713984488105,396.33902698854337,178.35256214484448,131.56197594031912,86.42448890337975,1,396.3390269885433,intermediate,L026,clustered,21,LOCAL
controlled:intermediate:clustered:r011,0.0,21,0.0,0.0,0.0,0,594.5085404828152,159.89713984488105,396.33902698854337,178.3098338608088,143.17244506013296,74.85674806760157,1,396.3390269885433,intermediate,L030,clustered,15,LOCAL
controlled:intermediate:clustered:r011,0.0,21,0.0,0.0,0.0,0,594.5085404828152,159.89713984488105,396.33902698854337,178.35256214484446,39.6339026988544,178.35256214484448,1,396.3390269885433,intermediate,L035,clustered,33,LOCAL
controlled:intermediate:clustered:r011,430.8841300137853,54,430.8841300137853,0.0,0.0,1,1436.2804333792842,307.57339542310547,0.0,0.0,0.0,0.0,0,957.5202889195227,intermediate,R000,clustered,7,REGIONAL
controlled:intermediate:clustered:r011,430.8841300137852,72,0.0,0.0,430.8841300137852,1,1436.2804333792842,307.57339542310547,0.0,0.0,0.0,0.0,0,957.5202889195227,intermediate,R001,clustered,13,REGIONAL
controlled:intermediate:clustered:r011,430.88413001378524,57,430.88413001378524,0.0,0.0,1,1436.2804333792842,307.57339542310547,0.0,0.0,0.0,0.0,0,957.5202889195227,intermediate,R002,clustered,7,REGIONAL
controlled:intermediate:clustered:r011,430.88413001378524,57,0.0,430.88413001378524,0.0,1,1436.2804333792842,307.57339542310547,0.0,0.0,0.0,0.0,0,957.5202889195227,intermediate,R005,clustered,10,REGIONAL
controlled:intermediate:clustered:r011,430.8841300137853,51,0.0,0.0,430.88413001378524,1,1436.2804333792842,307.57339542310547,0.0,0.0,0.0,0.0,0,957.5202889195227,intermediate,R006,clustered,6,REGIONAL
controlled:intermediate:clustered:r011,430.88413001378524,66,0.0,430.88413001378524,0.0,1,1436.2804333792842,307.57339542310547,0.0,0.0,0.0,0.0,0,957.5202889195227,intermediate,R007,clustered,4,REGIONAL
controlled:intermediate:clustered:r011,430.8841300137853,51,0.0,0.0,430.8841300137853,1,1436.2804333792842,307.57339542310547,0.0,0.0,0.0,0.0,0,957.5202889195227,intermediate,R008,clustered,5,REGIONAL
controlled:intermediate:clustered:r012,0.0,12,0.0,0.0,0.0,0,3160.4208232434744,549.39139114656,948.1262469730427,948.1262469730427,0.0,0.0,1,2106.9472154956507,intermediate,C000,clustered,24,CENTRAL
controlled:intermediate:clustered:r012,948.126246973043,12,0.0,948.126246973043,0.0,1,3160.4208232434744,549.39139114656,948.1262469730428,0.0,948.1262469730428,0.0,1,2106.9472154956507,intermediate,C001,clustered,24,CENTRAL
controlled:intermediate:clustered:r012,0.0,24,0.0,0.0,0.0,0,619.1918118572956,159.18819828858648,412.79454123819704,185.7575435571888,150.32124090803197,76.71575677297629,1,412.7945412381972,intermediate,L003,clustered,9,LOCAL
controlled:intermediate:clustered:r012,0.0,24,0.0,0.0,0.0,0,619.1918118572956,159.18819828858648,412.79454123819704,185.7575435571888,143.63172519013216,83.40527249087609,1,412.7945412381972,intermediate,L021,clustered,30,LOCAL
controlled:intermediate:clustered:r012,0.0,27,0.0,0.0,0.0,0,619.1918118572956,159.18819828858648,412.79454123819704,165.27778504704267,128.54938836992207,118.9673678212323,1,412.7945412381972,intermediate,L026,clustered,24,LOCAL
controlled:intermediate:clustered:r012,0.0,42,0.0,0.0,0.0,0,619.1918118572956,159.18819828858648,412.79454123819704,185.7575435571888,41.27945412381946,185.7575435571888,1,412.7945412381972,intermediate,L032,clustered,42,LOCAL
controlled:intermediate:clustered:r012,0.0,30,0.0,0.0,0.0,0,619.1918118572956,159.18819828858648,412.7945412381971,185.7575435571888,136.2583330832286,90.77866459777971,1,412.7945412381972,intermediate,L034,clustered,24,LOCAL
controlled:intermediate:clustered:r012,0.0,21,0.0,0.0,0.0,0,619.1918118572956,159.18819828858648,412.79454123819704,173.77510282910737,152.10327898760252,86.91615942148717,1,412.7945412381972,intermediate,L035,clustered,15,LOCAL
controlled:intermediate:clustered:r012,440.92774344689775,54,0.0,440.92774344689775,0.0,1,1469.7591448229914,304.0822001405195,440.92774344689775,0.0,440.92774344689775,0.0,1,979.8394298819949,intermediate,R000,clustered,7,REGIONAL
controlled:intermediate:clustered:r012,440.9277434468977,57,0.0,440.9277434468977,0.0,1,1469.7591448229914,304.0822001405195,0.0,0.0,0.0,0.0,0,979.8394298819949,intermediate,R002,clustered,9,REGIONAL
controlled:intermediate:clustered:r012,440.92774344689775,57,440.92774344689775,0.0,0.0,1,1469.7591448229914,304.0822001405195,0.0,0.0,0.0,0.0,0,979.8394298819949,intermediate,R003,clustered,6,REGIONAL
controlled:intermediate:clustered:r012,440.9277434468978,51,440.9277434468978,0.0,0.0,1,1469.7591448229914,304.0822001405195,0.0,0.0,0.0,0.0,0,979.8394298819949,intermediate,R006,clustered,4,REGIONAL
controlled:intermediate:clustered:r012,178.31923521805487,51,0.0,0.0,178.31923521805487,1,1469.7591448229914,304.0822001405195,0.0,0.0,0.0,0.0,0,979.8394298819949,intermediate,R008,clustered,2,REGIONAL
controlled:intermediate:clustered:r013,1016.9449302849602,12,0.0,1016.94493028496,0.0,1,3389.816434283199,558.0588326335142,1016.94493028496,0.0,1016.94493028496,0.0,1,2259.8776228554666,intermediate,C000,clustered,24,CENTRAL
controlled:intermediate:clustered:r013,1016.9449302849602,12,1016.9449302849602,0.0,0.0,1,3389.816434283199,558.0588326335142,1016.94493028496,1016.9449302849602,0.0,0.0,1,2259.8776228554666,intermediate,C001,clustered,24,CENTRAL
controlled:intermediate:clustered:r013,1016.94493028496,12,0.0,0.0,1016.9449302849599,1,3389.816434283199,558.0588326335142,0.0,0.0,0.0,0.0,0,2259.8776228554666,intermediate,C002,clustered,24,CENTRAL
controlled:intermediate:clustered:r013,0.0,18,0.0,0.0,0.0,0,619.4738254328201,161.8013745187082,412.98255028854675,185.84214762984604,157.71764113135822,69.42276152734253,1,412.98255028854675,intermediate,L000,clustered,6,LOCAL
controlled:intermediate:clustered:r013,0.0,24,0.0,0.0,0.0,0,619.4738254328201,161.8013745187082,412.9825502885468,172.6244604190347,134.26346921480476,106.09462065470734,1,412.98255028854675,intermediate,L006,clustered,27,LOCAL
controlled:intermediate:clustered:r013,0.0,30,0.0,0.0,0.0,0,619.4738254328201,161.8013745187082,412.9825502885468,185.84214762984604,41.2982550288547,185.84214762984607,1,412.98255028854675,intermediate,L013,clustered,42,LOCAL
controlled:intermediate:clustered:r013,0.0,21,0.0,0.0,0.0,0,619.4738254328201,161.8013745187082,412.9825502885468,185.84214762984604,116.64735337725115,110.49304928144963,1,412.98255028854675,intermediate,L024,clustered,9,LOCAL
controlled:intermediate:clustered:r013,0.0,18,0.0,0.0,0.0,0,619.4738254328201,161.8013745187082,412.9825502885468,185.84214762984604,184.1680577542226,42.972344904478135,1,412.98255028854675,intermediate,L025,clustered,33,LOCAL
controlled:intermediate:clustered:r013,0.0,15,0.0,0.0,0.0,0,619.4738254328201,161.8013745187082,412.9825502885468,185.84214762984604,162.3098094713897,64.83059318731104,1,412.98255028854675,intermediate,L029,clustered,27,LOCAL
controlled:intermediate:clustered:r013,417.6497660522963,54,417.6497660522963,0.0,0.0,1,1392.1658868409872,307.9430774927444,0.0,0.0,0.0,0.0,0,928.1105912273249,intermediate,R000,clustered,9,REGIONAL
controlled:intermediate:clustered:r013,417.6497660522963,51,417.6497660522963,0.0,0.0,1,1392.1658868409872,307.9430774927444,417.6497660522963,417.6497660522963,0.0,0.0,1,928.1105912273249,intermediate,R008,clustered,8,REGIONAL
controlled:intermediate:clustered:r014,1036.1390655712132,12,1036.1390655712135,0.0,0.0,1,3453.7968852373756,589.8100939500208,1036.139065571213,1036.139065571213,0.0,0.0,1,2302.531256824918,intermediate,C001,clustered,24,CENTRAL
controlled:intermediate:clustered:r014,1036.1390655712132,12,0.0,1036.1390655712132,0.0,1,3453.7968852373756,589.8100939500208,1036.1390655712132,0.0,1036.1390655712132,0.0,1,2302.531256824918,intermediate,C002,clustered,24,CENTRAL
controlled:intermediate:clustered:r014,0.0,24,0.0,0.0,0.0,0,606.3832897745365,158.50254374126206,404.25552651635763,181.91498693236107,144.0206257005329,78.31991388346364,1,404.25552651635786,intermediate,L003,clustered,24,LOCAL
controlled:intermediate:clustered:r014,0.0,18,0.0,0.0,0.0,0,606.3832897745365,158.50254374126206,404.2555265163576,181.91498693236107,40.42555265163546,181.9149869323611,1,404.25552651635786,intermediate,L005,clustered,15,LOCAL
controlled:intermediate:clustered:r014,0.0,36,0.0,0.0,0.0,0,606.3832897745365,158.50254374126206,404.25552651635763,40.42555265163546,181.91498693236107,181.9149869323611,1,404.25552651635786,intermediate,L014,clustered,48,LOCAL
controlled:intermediate:clustered:r014,0.0,15,0.0,0.0,0.0,0,606.3832897745365,158.50254374126206,404.25552651635763,179.3747387027345,145.15868172351887,79.72210609010423,1,404.25552651635786,intermediate,L018,clustered,18,LOCAL
controlled:intermediate:clustered:r014,0.0,27,0.0,0.0,0.0,0,606.3832897745365,158.50254374126206,404.2555265163576,181.91498693236107,129.83910844681196,92.50143113718457,1,404.25552651635786,intermediate,L021,clustered,21,LOCAL
controlled:intermediate:clustered:r014,181.91498693236107,27,181.91498693236107,0.0,0.0,1,606.3832897745365,158.50254374126206,0.0,0.0,0.0,0.0,0,404.25552651635786,intermediate,L027,clustered,4,LOCAL
controlled:intermediate:clustered:r014,0.0,27,0.0,0.0,0.0,0,606.3832897745365,158.50254374126206,404.2555265163577,181.9149869323611,40.42555265163546,181.9149869323611,1,404.25552651635786,intermediate,L035,clustered,18,LOCAL
controlled:intermediate:clustered:r014,426.96036374681887,57,426.96036374681887,0.0,0.0,1,1423.2012124893952,318.09934241917654,0.0,0.0,0.0,0.0,0,948.8008083262638,intermediate,R000,clustered,6,REGIONAL
controlled:intermediate:clustered:r014,426.96036374681876,66,426.96036374681876,0.0,0.0,1,1423.2012124893952,318.09934241917654,0.0,0.0,0.0,0.0,0,948.8008083262638,intermediate,R007,clustered,10,REGIONAL
controlled:intermediate:clustered:r014,426.96036374681876,51,0.0,0.0,426.96036374681876,1,1423.2012124893952,318.09934241917654,0.0,0.0,0.0,0.0,0,948.8008083262638,intermediate,R008,clustered,11,REGIONAL
controlled:intermediate:clustered:r015,1051.3566464479586,12,0.0,0.0,1051.3566464479586,1,3504.5221548265276,566.4832922564152,0.0,0.0,0.0,0.0,0,2336.3481032176855,intermediate,C000,clustered,24,CENTRAL
controlled:intermediate:clustered:r015,1051.3566464479586,12,1051.3566464479586,0.0,0.0,1,3504.5221548265276,566.4832922564152,1051.3566464479586,1051.3566464479586,0.0,0.0,1,2336.3481032176855,intermediate,C001,clustered,24,CENTRAL
controlled:intermediate:clustered:r015,1051.3566464479586,12,0.0,1051.3566464479586,0.0,1,3504.5221548265276,566.4832922564152,1051.3566464479586,0.0,1051.3566464479586,0.0,1,2336.3481032176855,intermediate,C002,clustered,24,CENTRAL
controlled:intermediate:clustered:r015,0.0,30,0.0,0.0,0.0,0,601.0999250531906,163.24902109111207,400.73328336879376,168.47631102382996,147.79989149224969,84.45708085271411,1,400.733283368794,intermediate,L002,clustered,27,LOCAL
controlled:intermediate:clustered:r015,0.0,27,0.0,0.0,0.0,0,601.0999250531906,163.24902109111207,400.7332833687938,160.74235846159544,125.02183435901867,114.96909054817968,1,400.733283368794,intermediate,L003,clustered,27,LOCAL
controlled:intermediate:clustered:r015,0.0,36,0.0,0.0,0.0,0,601.0999250531906,163.24902109111207,400.73328336879376,40.073328336879094,180.32997751595732,180.32997751595735,1,400.733283368794,intermediate,L015,clustered,36,LOCAL
controlled:intermediate:clustered:r015,0.0,30,0.0,0.0,0.0,0,601.0999250531906,163.24902109111207,400.73328336879376,179.36507717486558,140.87067666886338,80.4975295250648,1,400.733283368794,intermediate,L020,clustered,24,LOCAL
controlled:intermediate:clustered:r015,0.0,27,0.0,0.0,0.0,0,601.0999250531906,163.24902109111207,400.73328336879376,124.53552998735836,129.38252222105368,146.8152311603817,1,400.733283368794,intermediate,L021,clustered,18,LOCAL
controlled:intermediate:clustered:r015,0.0,21,0.0,0.0,0.0,0,601.0999250531906,163.24902109111207,336.60649777109137,180.32997751595732,0.0,156.27652025513407,1,400.733283368794,intermediate,L029,clustered,12,LOCAL
controlled:intermediate:clustered:r015,428.22787445351844,51,428.22787445351844,0.0,0.0,1,1427.4262481783944,308.8724483732559,0.0,0.0,0.0,0.0,0,951.6174987855965,intermediate,R000,clustered,10,REGIONAL
controlled:intermediate:clustered:r015,428.2278744535184,57,0.0,428.22787445351844,0.0,1,1427.4262481783944,308.8724483732559,0.0,0.0,0.0,0.0,0,951.6174987855965,intermediate,R005,clustered,8,REGIONAL
controlled:intermediate:clustered:r015,0.0,51,0.0,0.0,0.0,0,1427.4262481783944,308.8724483732559,428.22787445351844,428.22787445351844,0.0,0.0,1,951.6174987855965,intermediate,R008,clustered,8,REGIONAL
controlled:intermediate:clustered:r016,0.0,12,0.0,0.0,0.0,0,3401.344248504722,584.9708445178048,1020.4032745514164,0.0,1020.4032745514164,0.0,1,2267.5628323364813,intermediate,C000,clustered,24,CENTRAL
controlled:intermediate:clustered:r016,0.0,12,0.0,0.0,0.0,0,3401.344248504722,584.9708445178048,1020.4032745514163,1020.4032745514162,0.0,0.0,1,2267.5628323364813,intermediate,C002,clustered,24,CENTRAL
controlled:intermediate:clustered:r016,0.0,27,0.0,0.0,0.0,0,605.6104640378246,163.4031393871707,403.74030935854967,181.68313921134737,150.45551786483688,71.60165228236544,1,403.74030935854967,intermediate,L001,clustered,15,LOCAL
controlled:intermediate:clustered:r016,0.0,15,0.0,0.0,0.0,0,605.6104640378246,163.4031393871707,403.7403093585496,181.68313921134737,40.374030935854954,181.68313921134734,1,403.74030935854967,intermediate,L018,clustered,15,LOCAL
controlled:intermediate:clustered:r016,0.0,36,0.0,0.0,0.0,0,605.6104640378246,163.4031393871707,403.74030935854967,181.68313921134737,136.20131015097874,85.85585999622356,1,403.74030935854967,intermediate,L031,clustered,30,LOCAL
controlled:intermediate:clustered:r016,0.0,36,0.0,0.0,0.0,0,605.6104640378246,163.4031393871707,403.74030935854967,180.80442120246116,142.57836762166133,80.35752053442718,1,403.74030935854967,intermediate,L032,clustered,24,LOCAL
controlled:intermediate:clustered:r016,0.0,27,0.0,0.0,0.0,0,605.6104640378246,163.4031393871707,403.74030935854967,40.37403093585497,181.68313921134737,181.68313921134734,1,403.74030935854967,intermediate,L034,clustered,33,LOCAL
controlled:intermediate:clustered:r016,0.0,33,0.0,0.0,0.0,0,605.6104640378246,163.4031393871707,403.74030935854967,181.68313921134737,132.87996442906734,89.17720571813494,1,403.74030935854967,intermediate,L035,clustered,27,LOCAL
controlled:intermediate:clustered:r016,433.1330183041385,57,433.1330183041385,0.0,0.0,1,1443.7767276804618,297.82260346169255,0.0,0.0,0.0,0.0,0,962.5178184536411,intermediate,R000,clustered,11,REGIONAL
controlled:intermediate:clustered:r016,433.13301830413843,72,0.0,433.13301830413843,0.0,1,1443.7767276804618,297.82260346169255,0.0,0.0,0.0,0.0,0,962.5178184536411,intermediate,R001,clustered,12,REGIONAL
controlled:intermediate:clustered:r016,433.1330183041384,57,433.13301830413843,0.0,0.0,1,1443.7767276804618,297.82260346169255,0.0,0.0,0.0,0.0,0,962.5178184536411,intermediate,R002,clustered,6,REGIONAL
controlled:intermediate:clustered:r016,433.13301830413843,54,0.0,0.0,433.13301830413843,1,1443.7767276804618,297.82260346169255,0.0,0.0,0.0,0.0,0,962.5178184536411,intermediate,R003,clustered,10,REGIONAL
controlled:intermediate:clustered:r016,433.13301830413843,57,0.0,0.0,433.13301830413843,1,1443.7767276804618,297.82260346169255,0.0,0.0,0.0,0.0,0,962.5178184536411,intermediate,R005,clustered,11,REGIONAL
controlled:intermediate:clustered:r016,252.52144012617316,66,0.0,0.0,252.5214401261732,1,1443.7767276804618,297.82260346169255,0.0,0.0,0.0,0.0,0,962.5178184536411,intermediate,R007,clustered,3,REGIONAL
controlled:intermediate:clustered:r016,433.13301830413843,51,433.13301830413843,0.0,0.0,1,1443.7767276804618,297.82260346169255,0.0,0.0,0.0,0.0,0,962.5178184536411,intermediate,R008,clustered,7,REGIONAL
controlled:intermediate:clustered:r017,977.9001258489911,12,0.0,977.9001258489911,0.0,1,3259.667086163305,542.4443405046096,977.9001258489911,0.0,977.9001258489911,0.0,1,2173.1113907755353,intermediate,C000,clustered,24,CENTRAL
controlled:intermediate:clustered:r017,977.900125848991,12,977.9001258489909,0.0,0.0,1,3259.667086163305,542.4443405046096,977.900125848991,977.9001258489909,0.0,0.0,1,2173.1113907755353,intermediate,C001,clustered,24,CENTRAL
controlled:intermediate:clustered:r017,977.900125848991,12,0.0,0.0,977.900125848991,1,3259.667086163305,542.4443405046096,0.0,0.0,0.0,0.0,0,2173.1113907755353,intermediate,C002,clustered,24,CENTRAL
controlled:intermediate:clustered:r017,0.0,21,0.0,0.0,0.0,0,611.8669329007033,159.00058855294367,407.9112886004689,178.5392503492821,138.86386138277496,90.50817686841181,1,407.9112886004688,intermediate,L001,clustered,18,LOCAL
controlled:intermediate:clustered:r017,0.0,33,0.0,0.0,0.0,0,611.8669329007033,159.00058855294367,407.9112886004688,44.88941455984791,183.56007987021098,179.46179417040992,1,407.9112886004688,intermediate,L009,clustered,24,LOCAL
controlled:intermediate:clustered:r017,0.0,27,0.0,0.0,0.0,0,611.8669329007033,159.00058855294367,407.9112886004688,183.56007987021096,145.39944238881168,78.9517663414462,1,407.9112886004688,intermediate,L011,clustered,24,LOCAL
controlled:intermediate:clustered:r017,0.0,27,0.0,0.0,0.0,0,611.8669329007033,159.00058855294367,407.9112886004688,183.56007987021098,40.79112886004688,183.56007987021096,1,407.9112886004688,intermediate,L012,clustered,21,LOCAL
controlled:intermediate:clustered:r017,0.0,33,0.0,0.0,0.0,0,611.8669329007033,159.00058855294367,407.9112886004688,175.9559658300395,153.75267129041177,78.20265148001755,1,407.9112886004688,intermediate,L016,clustered,24,LOCAL
controlled:intermediate:clustered:r017,0.0,33,0.0,0.0,0.0,0,611.8669329007033,159.00058855294367,407.9112886004688,183.56007987021098,137.30147477061203,87.04973395964582,1,407.9112886004688,intermediate,L032,clustered,33,LOCAL
controlled:intermediate:clustered:r017,439.79297190282546,54,0.0,0.0,439.79297190282546,1,1465.9765730094193,317.20609234129955,0.0,0.0,0.0,0.0,0,977.317715339612,intermediate,R000,clustered,8,REGIONAL
controlled:intermediate:clustered:r017,439.79297190282546,51,439.79297190282546,0.0,0.0,1,1465.9765730094193,317.20609234129955,439.79297190282546,439.79297190282546,0.0,0.0,1,977.317715339612,intermediate,R008,clustered,7,REGIONAL
controlled:intermediate:clustered:r018,0.0,12,0.0,0.0,0.0,0,3416.315562384616,539.6697655880126,1024.894668715385,1024.894668715385,0.0,0.0,1,2277.5437082564113,intermediate,C000,clustered,24,CENTRAL
controlled:intermediate:clustered:r018,1024.8946687153848,15,0.0,0.0,1024.8946687153848,1,3416.315562384616,539.6697655880126,0.0,0.0,0.0,0.0,0,2277.5437082564113,intermediate,C001,clustered,24,CENTRAL
controlled:intermediate:clustered:r018,0.0,12,0.0,0.0,0.0,0,3416.315562384616,539.6697655880126,1024.8946687153853,0.0,1024.894668715385,0.0,1,2277.5437082564113,intermediate,C002,clustered,24,CENTRAL
controlled:intermediate:clustered:r018,0.0,24,0.0,0.0,0.0,0,599.9330369982138,163.33748026663392,399.9553579988091,179.97991109946418,39.99553579988077,179.97991109946418,1,399.95535799880923,intermediate,L011,clustered,21,LOCAL
controlled:intermediate:clustered:r018,0.0,24,0.0,0.0,0.0,0,599.9330369982138,163.33748026663392,399.9553579988092,173.40452264856847,144.16871340469862,82.38212194554208,1,399.95535799880923,intermediate,L012,clustered,24,LOCAL
controlled:intermediate:clustered:r018,0.0,36,0.0,0.0,0.0,0,599.9330369982138,163.33748026663392,399.9553579988092,172.9958141990821,144.4288005998263,82.53074319990077,1,399.95535799880923,intermediate,L015,clustered,36,LOCAL
controlled:intermediate:clustered:r018,179.97991109946418,30,0.0,0.0,179.97991109946418,1,599.9330369982138,163.33748026663392,0.0,0.0,0.0,0.0,0,399.95535799880923,intermediate,L016,clustered,7,LOCAL
controlled:intermediate:clustered:r018,0.0,27,0.0,0.0,0.0,0,599.9330369982138,163.33748026663392,399.9553579988092,179.97991109946418,139.36373209170628,80.6117148076387,1,399.95535799880923,intermediate,L021,clustered,18,LOCAL
controlled:intermediate:clustered:r018,0.0,15,0.0,0.0,0.0,0,599.9330369982138,163.33748026663392,399.9553579988092,179.9471955710918,140.03163106278768,79.9765313649297,1,399.95535799880923,intermediate,L023,clustered,12,LOCAL
controlled:intermediate:clustered:r018,0.0,36,0.0,0.0,0.0,0,599.9330369982138,163.33748026663392,399.9553579988092,179.97991109946418,145.3066115803208,74.66883531902418,1,399.95535799880923,intermediate,L033,clustered,33,LOCAL
controlled:intermediate:clustered:r018,438.4487993636817,51,438.4487993636817,0.0,0.0,1,1461.4959978789384,293.21649485827015,0.0,0.0,0.0,0.0,0,974.330665252626,intermediate,R000,clustered,10,REGIONAL
controlled:intermediate:clustered:r018,438.4487993636817,57,0.0,438.4487993636817,0.0,1,1461.4959978789384,293.21649485827015,0.0,0.0,0.0,0.0,0,974.330665252626,intermediate,R002,clustered,8,REGIONAL
controlled:intermediate:clustered:r018,438.4487993636817,57,0.0,0.0,438.4487993636817,1,1461.4959978789384,293.21649485827015,0.0,0.0,0.0,0.0,0,974.330665252626,intermediate,R003,clustered,8,REGIONAL
controlled:intermediate:clustered:r018,438.4487993636817,66,438.4487993636817,0.0,0.0,1,1461.4959978789384,293.21649485827015,0.0,0.0,0.0,0.0,0,974.330665252626,intermediate,R007,clustered,7,REGIONAL
controlled:intermediate:clustered:r018,438.4487993636817,54,438.4487993636817,0.0,0.0,1,1461.4959978789384,293.21649485827015,438.4487993636817,438.4487993636817,0.0,0.0,1,974.330665252626,intermediate,R008,clustered,7,REGIONAL
controlled:intermediate:clustered:r019,1012.0515285786233,12,0.0,0.0,1012.0515285786234,1,3373.505095262079,542.582635886932,0.0,0.0,0.0,0.0,0,2249.0033968413854,intermediate,C000,clustered,24,CENTRAL
controlled:intermediate:clustered:r019,1012.0515285786236,12,1012.0515285786236,0.0,0.0,1,3373.505095262079,542.582635886932,1012.0515285786234,1012.0515285786237,0.0,0.0,1,2249.0033968413854,intermediate,C001,clustered,24,CENTRAL
controlled:intermediate:clustered:r019,1012.0515285786234,12,0.0,1012.0515285786237,0.0,1,3373.505095262079,542.582635886932,1012.0515285786234,0.0,1012.0515285786234,0.0,1,2249.0033968413854,intermediate,C002,clustered,24,CENTRAL
controlled:intermediate:clustered:r019,0.0,30,0.0,0.0,0.0,0,612.2958963332098,159.30341843363567,408.19726422213967,166.31486764913245,167.96467761783725,73.91771895516999,1,408.1972642221397,intermediate,L001,clustered,27,LOCAL
controlled:intermediate:clustered:r019,0.0,27,0.0,0.0,0.0,0,612.2958963332098,159.30341843363567,408.19726422213967,162.91551563095078,156.08838546712022,89.19336312406871,1,408.1972642221397,intermediate,L006,clustered,15,LOCAL
controlled:intermediate:clustered:r019,0.0,36,0.0,0.0,0.0,0,612.2958963332098,159.30341843363567,408.19726422213967,107.11300140820126,136.3714725805714,164.71279023336703,1,408.1972642221397,intermediate,L009,clustered,42,LOCAL
controlled:intermediate:clustered:r019,0.0,24,0.0,0.0,0.0,0,612.2958963332098,159.30341843363567,408.1972642221397,183.68876889996287,145.34037755856355,79.16811776361335,1,408.1972642221397,intermediate,L012,clustered,12,LOCAL
controlled:intermediate:clustered:r019,0.0,21,0.0,0.0,0.0,0,612.2958963332098,159.30341843363567,408.1972642221397,143.4206727878735,168.4941945490785,96.28239688518772,1,408.1972642221397,intermediate,L019,clustered,18,LOCAL
controlled:intermediate:clustered:r019,0.0,24,0.0,0.0,0.0,0,612.2958963332098,159.30341843363567,408.1972642221397,183.68876889996287,140.5911235846108,83.91737173756606,1,408.1972642221397,intermediate,L022,clustered,30,LOCAL
controlled:intermediate:clustered:r019,427.89441487394055,54,427.8944148739406,0.0,0.0,1,1426.3147162464686,307.7585941943458,0.0,0.0,0.0,0.0,0,950.8764774976456,intermediate,R000,clustered,8,REGIONAL
controlled:intermediate:clustered:r019,0.0,54,0.0,0.0,0.0,0,1426.3147162464686,307.7585941943458,427.8944148739405,427.8944148739405,0.0,0.0,1,950.8764774976456,intermediate,R002,clustered,7,REGIONAL
controlled:intermediate:clustered:r019,427.8944148739405,51,0.0,427.8944148739405,0.0,1,1426.3147162464686,307.7585941943458,0.0,0.0,0.0,0.0,0,950.8764774976456,intermediate,R008,clustered,4,REGIONAL
controlled:intermediate:dispersed:r000,963.5807435621969,15,0.0,963.5807435621969,0.0,1,3211.935811873989,587.9342831004957,963.5807435621966,0.0,963.5807435621966,0.0,1,2141.290541249326,intermediate,C000,dispersed,24,CENTRAL
controlled:intermediate:dispersed:r000,0.0,12,0.0,0.0,0.0,0,3211.935811873989,587.9342831004957,963.5807435621967,963.5807435621967,0.0,0.0,1,2141.290541249326,intermediate,C001,dispersed,24,CENTRAL
controlled:intermediate:dispersed:r000,0.0,15,0.0,0.0,0.0,0,610.2899964928229,161.2021150202224,406.85999766188183,183.08699894784692,164.15533732236207,59.61766139167289,1,406.859997661882,intermediate,L000,dispersed,30,LOCAL
controlled:intermediate:dispersed:r000,0.0,27,0.0,0.0,0.0,0,610.2899964928229,161.2021150202224,406.8599976618819,183.08699894784692,134.70112919845826,89.07186951557668,1,406.859997661882,intermediate,L006,dispersed,6,LOCAL
controlled:intermediate:dispersed:r000,0.0,42,0.0,0.0,0.0,0,610.2899964928229,161.2021150202224,406.8599976618819,73.47381582770065,183.0869989478469,150.29918288633434,1,406.859997661882,intermediate,L009,dispersed,51,LOCAL
controlled:intermediate:dispersed:r000,0.0,15,0.0,0.0,0.0,0,610.2899964928229,161.2021150202224,406.8599976618819,183.08699894784692,40.685999766188054,183.08699894784692,1,406.859997661882,intermediate,L018,dispersed,45,LOCAL
controlled:intermediate:dispersed:r000,0.0,18,0.0,0.0,0.0,0,610.2899964928229,161.2021150202224,406.85999766188195,183.08699894784692,153.1524601643894,70.62053854964559,1,406.859997661882,intermediate,L024,dispersed,3,LOCAL
controlled:intermediate:dispersed:r000,0.0,36,0.0,0.0,0.0,0,610.2899964928229,161.2021150202224,406.85999766188183,183.08699894784692,140.40234289629143,83.37065581774353,1,406.859997661882,intermediate,L032,dispersed,9,LOCAL
controlled:intermediate:dispersed:r000,446.45842302121355,57,446.45842302121355,0.0,0.0,1,1488.1947434040449,297.37759655712875,0.0,0.0,0.0,0.0,0,992.1298289360301,intermediate,R000,dispersed,7,REGIONAL
controlled:intermediate:dispersed:r000,315.58272065237526,57,0.0,0.0,315.5827206523752,1,1488.1947434040449,297.37759655712875,0.0,0.0,0.0,0.0,0,992.1298289360301,intermediate,R002,dispersed,4,REGIONAL
controlled:intermediate:dispersed:r000,446.45842302121355,72,446.45842302121355,0.0,0.0,1,1488.1947434040449,297.37759655712875,0.0,0.0,0.0,0.0,0,992.1298289360301,intermediate,R004,dispersed,13,REGIONAL
controlled:intermediate:dispersed:r000,446.4584230212136,57,0.0,446.45842302121355,0.0,1,1488.1947434040449,297.37759655712875,0.0,0.0,0.0,0.0,0,992.1298289360301,intermediate,R005,dispersed,11,REGIONAL
controlled:intermediate:dispersed:r000,446.45842302121343,51,0.0,0.0,446.45842302121343,1,1488.1947434040449,297.37759655712875,0.0,0.0,0.0,0.0,0,992.1298289360301,intermediate,R008,dispersed,6,REGIONAL
controlled:intermediate:dispersed:r001,992.3931122234084,12,0.0,0.0,992.3931122234084,1,3307.9770407446936,570.3536828688909,0.0,0.0,0.0,0.0,0,2205.3180271631295,intermediate,C000,dispersed,24,CENTRAL
controlled:intermediate:dispersed:r001,0.0,12,0.0,0.0,0.0,0,3307.9770407446936,570.3536828688909,992.3931122234083,992.3931122234083,0.0,0.0,1,2205.3180271631295,intermediate,C001,dispersed,24,CENTRAL
controlled:intermediate:dispersed:r001,0.0,12,0.0,0.0,0.0,0,3307.9770407446936,570.3536828688909,992.3931122234083,0.0,992.3931122234083,0.0,1,2205.3180271631295,intermediate,C002,dispersed,24,CENTRAL
controlled:intermediate:dispersed:r001,0.0,27,0.0,0.0,0.0,0,605.839529699266,158.20255998989938,403.8930197995106,181.75185890977983,159.85630453070883,62.284856359022,1,403.89301979951074,intermediate,L002,dispersed,18,LOCAL
controlled:intermediate:dispersed:r001,0.0,27,0.0,0.0,0.0,0,605.839529699266,158.20255998989938,403.8930197995107,181.75185890977983,40.38930197995102,181.75185890977983,1,403.89301979951074,intermediate,L004,dispersed,9,LOCAL
controlled:intermediate:dispersed:r001,0.0,36,0.0,0.0,0.0,0,605.839529699266,158.20255998989938,403.8930197995107,68.88026669265354,181.7518589097798,153.26089419707733,1,403.89301979951074,intermediate,L007,dispersed,45,LOCAL
controlled:intermediate:dispersed:r001,0.0,18,0.0,0.0,0.0,0,605.839529699266,158.20255998989938,403.8930197995107,181.75185890977983,136.25660889354413,85.88455199618673,1,403.89301979951074,intermediate,L023,dispersed,42,LOCAL
controlled:intermediate:dispersed:r001,0.0,24,0.0,0.0,0.0,0,605.839529699266,158.20255998989938,403.8930197995107,181.75185890977983,130.69657265306458,91.44458823666626,1,403.89301979951074,intermediate,L028,dispersed,3,LOCAL
controlled:intermediate:dispersed:r001,0.0,18,0.0,0.0,0.0,0,605.839529699266,158.20255998989938,344.7027131206854,181.75185890977983,76.59339963335461,86.357454577551,1,403.89301979951074,intermediate,L029,dispersed,27,LOCAL
controlled:intermediate:dispersed:r001,442.1948602864113,57,0.0,442.19486028641137,0.0,1,1473.9828676213704,302.1379233301254,0.0,0.0,0.0,0.0,0,982.655245080914,intermediate,R000,dispersed,12,REGIONAL
controlled:intermediate:dispersed:r001,442.1948602864113,54,442.1948602864113,0.0,0.0,1,1473.9828676213704,302.1379233301254,0.0,0.0,0.0,0.0,0,982.655245080914,intermediate,R002,dispersed,6,REGIONAL
controlled:intermediate:dispersed:r001,442.1948602864113,72,0.0,0.0,442.1948602864113,1,1473.9828676213704,302.1379233301254,0.0,0.0,0.0,0.0,0,982.655245080914,intermediate,R004,dispersed,16,REGIONAL
controlled:intermediate:dispersed:r001,442.1948602864112,57,0.0,442.19486028641126,0.0,1,1473.9828676213704,302.1379233301254,0.0,0.0,0.0,0.0,0,982.655245080914,intermediate,R005,dispersed,8,REGIONAL
controlled:intermediate:dispersed:r001,442.1948602864113,66,442.1948602864113,0.0,0.0,1,1473.9828676213704,302.1379233301254,442.1948602864113,442.1948602864113,0.0,0.0,1,982.655245080914,intermediate,R007,dispersed,10,REGIONAL
controlled:intermediate:dispersed:r002,1075.4527825288258,12,0.0,0.0,1075.4527825288255,1,3584.842608429419,569.7213710805107,0.0,0.0,0.0,0.0,0,2389.8950722862796,intermediate,C000,dispersed,24,CENTRAL
controlled:intermediate:dispersed:r002,1075.4527825288255,12,1075.4527825288255,0.0,0.0,1,3584.842608429419,569.7213710805107,1075.4527825288255,1075.4527825288255,0.0,0.0,1,2389.8950722862796,intermediate,C001,dispersed,24,CENTRAL
controlled:intermediate:dispersed:r002,0.0,12,0.0,0.0,0.0,0,3584.842608429419,569.7213710805107,1075.4527825288258,0.0,1075.4527825288258,0.0,1,2389.8950722862796,intermediate,C002,dispersed,24,CENTRAL
controlled:intermediate:dispersed:r002,180.16166239229423,18,0.0,0.0,180.16166239229423,1,600.5388746409805,156.74612455165564,0.0,0.0,0.0,0.0,0,400.35924976065377,intermediate,L005,dispersed,8,LOCAL
controlled:intermediate:dispersed:r002,0.0,33,0.0,0.0,0.0,0,600.5388746409805,156.74612455165564,400.3592497606536,161.5681711346476,151.95795912564017,86.83311950036583,1,400.35924976065377,intermediate,L013,dispersed,27,LOCAL
controlled:intermediate:dispersed:r002,0.0,36,0.0,0.0,0.0,0,600.5388746409805,156.74612455165564,400.3592497606536,40.03592497606511,180.16166239229423,180.16166239229423,1,400.35924976065377,intermediate,L014,dispersed,12,LOCAL
controlled:intermediate:dispersed:r002,0.0,24,0.0,0.0,0.0,0,600.5388746409805,156.74612455165564,400.3592497606536,180.16166239229423,62.15257860841545,158.04500875994387,1,400.35924976065377,intermediate,L017,dispersed,36,LOCAL
controlled:intermediate:dispersed:r002,0.0,30,0.0,0.0,0.0,0,600.5388746409805,156.74612455165564,400.3592497606536,168.235850711142,157.3519098445596,74.771489204952,1,400.35924976065377,intermediate,L025,dispersed,33,LOCAL
controlled:intermediate:dispersed:r002,0.0,24,0.0,0.0,0.0,0,600.5388746409805,156.74612455165564,360.32332478458846,180.16166239229423,0.0,180.16166239229423,1,400.35924976065377,intermediate,L028,dispersed,30,LOCAL
controlled:intermediate:dispersed:r002,0.0,42,0.0,0.0,0.0,0,600.5388746409805,156.74612455165564,376.26050913202135,156.2383807811418,140.01408167783242,80.0080466730471,1,400.35924976065377,intermediate,L032,dispersed,6,LOCAL
controlled:intermediate:dispersed:r002,420.8690895878814,57,0.0,0.0,420.8690895878814,1,1402.8969652929377,305.90269733143145,0.0,0.0,0.0,0.0,0,935.2646435286252,intermediate,R000,dispersed,7,REGIONAL
controlled:intermediate:dispersed:r002,420.8690895878814,57,420.8690895878814,0.0,0.0,1,1402.8969652929377,305.90269733143145,0.0,0.0,0.0,0.0,0,935.2646435286252,intermediate,R002,dispersed,8,REGIONAL
controlled:intermediate:dispersed:r002,420.8690895878815,57,0.0,420.8690895878815,0.0,1,1402.8969652929377,305.90269733143145,0.0,0.0,0.0,0.0,0,935.2646435286252,intermediate,R005,dispersed,9,REGIONAL
controlled:intermediate:dispersed:r002,0.0,51,0.0,0.0,0.0,0,1402.8969652929377,305.90269733143145,420.8690895878815,420.8690895878815,0.0,0.0,1,935.2646435286252,intermediate,R008,dispersed,4,REGIONAL
controlled:intermediate:dispersed:r003,934.5354649798746,15,0.0,934.5354649798746,0.0,1,3115.11821659958,504.2296664186729,934.5354649798746,0.0,934.5354649798746,0.0,1,2076.7454777330545,intermediate,C001,dispersed,24,CENTRAL
controlled:intermediate:dispersed:r003,934.5354649798745,12,934.5354649798746,0.0,0.0,1,3115.11821659958,504.2296664186729,934.5354649798746,934.5354649798746,0.0,0.0,1,2076.7454777330545,intermediate,C002,dispersed,24,CENTRAL
controlled:intermediate:dispersed:r003,0.0,27,0.0,0.0,0.0,0,618.786508809397,156.35991551438562,412.5243392062647,67.4081016488088,185.63595264281926,159.48028491463663,1,412.5243392062649,intermediate,L010,dispersed,9,LOCAL
controlled:intermediate:dispersed:r003,0.0,24,0.0,0.0,0.0,0,618.786508809397,156.35991551438562,412.52433920626464,73.49189826838011,185.63595264281923,153.3964882950653,1,412.5243392062649,intermediate,L011,dispersed,15,LOCAL
controlled:intermediate:dispersed:r003,0.0,15,0.0,0.0,0.0,0,618.786508809397,156.35991551438562,412.5243392062647,161.63196998169946,179.05593812158776,71.83643110297753,1,412.5243392062649,intermediate,L023,dispersed,45,LOCAL
controlled:intermediate:dispersed:r003,0.0,30,0.0,0.0,0.0,0,618.786508809397,156.35991551438562,412.5243392062647,157.4633177978138,162.3115590781051,92.74946233034578,1,412.5243392062649,intermediate,L027,dispersed,12,LOCAL
controlled:intermediate:dispersed:r003,0.0,21,0.0,0.0,0.0,0,618.786508809397,156.35991551438562,412.5243392062647,185.63595264281926,143.77697989531507,83.11140666813037,1,412.5243392062649,intermediate,L030,dispersed,45,LOCAL
controlled:intermediate:dispersed:r003,0.0,27,0.0,0.0,0.0,0,618.786508809397,156.35991551438562,412.5243392062647,163.40012215723547,127.08898390007201,122.03523314895719,1,412.5243392062649,intermediate,L031,dispersed,18,LOCAL
controlled:intermediate:dispersed:r003,445.94436776876546,57,0.0,445.94436776876546,0.0,1,1486.481225895884,305.1485224436414,0.0,0.0,0.0,0.0,0,990.9874839305899,intermediate,R000,dispersed,8,REGIONAL
controlled:intermediate:dispersed:r003,445.9443677687655,48,445.9443677687655,0.0,0.0,1,1486.481225895884,305.1485224436414,445.9443677687655,445.9443677687655,0.0,0.0,1,990.9874839305899,intermediate,R006,dispersed,7,REGIONAL
controlled:intermediate:dispersed:r003,344.9974639477262,66,0.0,0.0,344.99746394772615,1,1486.481225895884,305.1485224436414,0.0,0.0,0.0,0.0,0,990.9874839305899,intermediate,R007,dispersed,4,REGIONAL
controlled:intermediate:dispersed:r003,445.94436776876546,51,0.0,0.0,445.94436776876546,1,1486.481225895884,305.1485224436414,0.0,0.0,0.0,0.0,0,990.9874839305899,intermediate,R008,dispersed,8,REGIONAL
controlled:intermediate:dispersed:r004,972.9113569202827,12,0.0,972.9113569202827,0.0,1,3243.037856400943,530.3297874228382,972.9113569202827,0.0,972.9113569202827,0.0,1,2162.0252376006283,intermediate,C000,dispersed,24,CENTRAL
controlled:intermediate:dispersed:r004,972.9113569202829,12,0.0,0.0,972.9113569202827,1,3243.037856400943,530.3297874228382,0.0,0.0,0.0,0.0,0,2162.0252376006283,intermediate,C001,dispersed,24,CENTRAL
controlled:intermediate:dispersed:r004,972.9113569202827,12,972.9113569202827,0.0,0.0,1,3243.037856400943,530.3297874228382,972.9113569202829,972.9113569202827,0.0,0.0,1,2162.0252376006283,intermediate,C002,dispersed,24,CENTRAL
controlled:intermediate:dispersed:r004,0.0,30,0.0,0.0,0.0,0,604.2445241888989,164.1019244516761,402.8296827925992,181.27335725666967,127.63256260358457,93.92376293234499,1,402.8296827925992,intermediate,L003,dispersed,48,LOCAL
controlled:intermediate:dispersed:r004,0.0,39,0.0,0.0,0.0,0,604.2445241888989,164.1019244516761,402.8296827925992,143.5271871691431,165.01067903310843,94.29181659034768,1,402.8296827925992,intermediate,L010,dispersed,3,LOCAL
controlled:intermediate:dispersed:r004,0.0,24,0.0,0.0,0.0,0,604.2445241888989,164.1019244516761,402.8296827925992,40.28296827925992,181.27335725666967,181.27335725666964,1,402.8296827925992,intermediate,L011,dispersed,30,LOCAL
controlled:intermediate:dispersed:r004,0.0,24,0.0,0.0,0.0,0,604.2445241888989,164.1019244516761,402.82968279259933,181.27335725666967,128.59454070595004,92.96178482997956,1,402.8296827925992,intermediate,L022,dispersed,18,LOCAL
controlled:intermediate:dispersed:r004,0.0,21,0.0,0.0,0.0,0,604.2445241888989,164.1019244516761,402.8296827925992,181.27335725666967,129.05990700191867,92.4964185340109,1,402.8296827925992,intermediate,L023,dispersed,36,LOCAL
controlled:intermediate:dispersed:r004,0.0,33,0.0,0.0,0.0,0,604.2445241888989,164.1019244516761,402.8296827925992,171.88867481523945,146.9624596219562,83.97854835540357,1,402.8296827925992,intermediate,L033,dispersed,9,LOCAL
controlled:intermediate:dispersed:r004,450.60278533322685,57,450.60278533322685,0.0,0.0,1,1502.0092844440894,314.71096135769227,0.0,0.0,0.0,0.0,0,1001.339522962726,intermediate,R000,dispersed,6,REGIONAL
controlled:intermediate:dispersed:r004,0.0,72,0.0,0.0,0.0,0,1502.0092844440894,314.71096135769227,450.6027853332268,450.6027853332268,0.0,0.0,1,1001.339522962726,intermediate,R004,dispersed,14,REGIONAL
controlled:intermediate:dispersed:r004,450.60278533322673,57,0.0,0.0,450.60278533322673,1,1502.0092844440894,314.71096135769227,0.0,0.0,0.0,0.0,0,1001.339522962726,intermediate,R005,dispersed,6,REGIONAL
controlled:intermediate:dispersed:r005,0.0,12,0.0,0.0,0.0,0,3151.0829421382787,573.53035363751,945.3248826414833,0.0,945.3248826414833,0.0,1,2100.7219614255187,intermediate,C000,dispersed,24,CENTRAL
controlled:intermediate:dispersed:r005,945.3248826414833,12,945.3248826414833,0.0,0.0,1,3151.0829421382787,573.53035363751,945.3248826414833,945.3248826414833,0.0,0.0,1,2100.7219614255187,intermediate,C001,dispersed,24,CENTRAL
controlled:intermediate:dispersed:r005,0.0,30,0.0,0.0,0.0,0,629.5876520816037,158.11230193399405,419.72510138773566,188.87629562448103,140.42135083065045,90.42745493260418,1,419.72510138773566,intermediate,L006,dispersed,3,LOCAL
controlled:intermediate:dispersed:r005,0.0,24,0.0,0.0,0.0,0,629.5876520816037,158.11230193399405,419.72510138773566,188.87629562448103,59.04273959085382,171.8060661724008,1,419.72510138773566,intermediate,L012,dispersed,27,LOCAL
controlled:intermediate:dispersed:r005,0.0,30,0.0,0.0,0.0,0,629.5876520816037,158.11230193399405,419.72510138773566,187.5104488521321,113.95969005720204,118.25496247840154,1,419.72510138773566,intermediate,L013,dispersed,6,LOCAL
controlled:intermediate:dispersed:r005,0.0,24,0.0,0.0,0.0,0,629.5876520816037,158.11230193399405,419.72510138773566,188.87629562448103,68.65025931781666,162.19854644543796,1,419.72510138773566,intermediate,L019,dispersed,33,LOCAL
controlled:intermediate:dispersed:r005,0.0,24,0.0,0.0,0.0,0,629.5876520816037,158.11230193399405,419.72510138773566,165.78313876205345,128.9424412593749,124.99952136630732,1,419.72510138773566,intermediate,L030,dispersed,33,LOCAL
controlled:intermediate:dispersed:r005,0.0,33,0.0,0.0,0.0,0,629.5876520816037,158.11230193399405,419.72510138773566,188.87629562448103,142.05713066630798,88.79167509694663,1,419.72510138773566,intermediate,L031,dispersed,42,LOCAL
controlled:intermediate:dispersed:r005,429.3865232882478,57,0.0,429.3865232882478,0.0,1,1431.2884109608267,306.37069010372875,0.0,0.0,0.0,0.0,0,954.1922739738841,intermediate,R000,dispersed,9,REGIONAL
controlled:intermediate:dispersed:r005,429.3865232882479,54,429.3865232882479,0.0,0.0,1,1431.2884109608267,306.37069010372875,0.0,0.0,0.0,0.0,0,954.1922739738841,intermediate,R002,dispersed,9,REGIONAL
controlled:intermediate:dispersed:r005,429.3865232882479,54,0.0,429.3865232882479,0.0,1,1431.2884109608267,306.37069010372875,0.0,0.0,0.0,0.0,0,954.1922739738841,intermediate,R003,dispersed,4,REGIONAL
controlled:intermediate:dispersed:r005,411.50885818301,57,0.0,0.0,411.50885818301,1,1431.2884109608267,306.37069010372875,0.0,0.0,0.0,0.0,0,954.1922739738841,intermediate,R005,dispersed,5,REGIONAL
controlled:intermediate:dispersed:r005,429.3865232882479,63,0.0,429.3865232882479,0.0,1,1431.2884109608267,306.37069010372875,0.0,0.0,0.0,0.0,0,954.1922739738841,intermediate,R007,dispersed,11,REGIONAL
controlled:intermediate:dispersed:r006,1055.1034012229811,12,0.0,1055.1034012229813,0.0,1,3517.0113374099396,533.0938466482172,1055.1034012229813,0.0,1055.1034012229811,0.0,1,2344.674224939958,intermediate,C000,dispersed,24,CENTRAL
controlled:intermediate:dispersed:r006,1055.1034012229813,12,1055.1034012229813,0.0,0.0,1,3517.0113374099396,533.0938466482172,1055.1034012229811,1055.1034012229813,0.0,0.0,1,2344.674224939958,intermediate,C001,dispersed,24,CENTRAL
controlled:intermediate:dispersed:r006,1055.1034012229813,12,0.0,0.0,1055.1034012229811,1,3517.0113374099396,533.0938466482172,1055.1034012229816,0.0,0.0,1055.1034012229813,1,2344.674224939958,intermediate,C002,dispersed,24,CENTRAL
controlled:intermediate:dispersed:r006,0.0,18,0.0,0.0,0.0,0,613.2697812779013,158.62767702995038,367.9618687667405,183.98093438337025,183.98093438337028,0.0,1,408.846520851934,intermediate,L004,dispersed,6,LOCAL
controlled:intermediate:dispersed:r006,0.0,15,0.0,0.0,0.0,0,613.2697812779013,158.62767702995038,361.08498725209034,183.98093438337028,177.10405286872006,0.0,1,408.846520851934,intermediate,L005,dispersed,51,LOCAL
controlled:intermediate:dispersed:r006,0.0,42,0.0,0.0,0.0,0,613.2697812779013,158.62767702995038,408.846520851934,137.71108251491208,158.0282360021617,113.10720233486018,1,408.846520851934,intermediate,L007,dispersed,36,LOCAL
controlled:intermediate:dispersed:r006,0.0,30,0.0,0.0,0.0,0,613.2697812779013,158.62767702995038,408.8465208519339,183.98093438337028,78.21861878681446,146.64696768174917,1,408.846520851934,intermediate,L020,dispersed,42,LOCAL
controlled:intermediate:dispersed:r006,0.0,24,0.0,0.0,0.0,0,613.2697812779013,158.62767702995038,367.96186876674057,183.98093438337028,183.98093438337028,0.0,1,408.846520851934,intermediate,L027,dispersed,9,LOCAL
controlled:intermediate:dispersed:r006,412.3751287255247,57,0.0,0.0,412.3751287255247,1,1374.5837624184162,309.1420194674067,0.0,0.0,0.0,0.0,0,916.3891749456104,intermediate,R005,dispersed,12,REGIONAL
controlled:intermediate:dispersed:r006,412.37512872552475,63,0.0,412.37512872552475,0.0,1,1374.5837624184162,309.1420194674067,0.0,0.0,0.0,0.0,0,916.3891749456104,intermediate,R007,dispersed,9,REGIONAL
controlled:intermediate:dispersed:r007,965.9769623090468,15,0.0,965.9769623090468,0.0,1,3219.923207696822,564.5893679917446,965.9769623090467,0.0,965.9769623090467,0.0,1,2146.6154717978816,intermediate,C001,dispersed,24,CENTRAL
controlled:intermediate:dispersed:r007,965.9769623090467,12,965.9769623090467,0.0,0.0,1,3219.923207696822,564.5893679917446,965.9769623090467,965.9769623090468,0.0,0.0,1,2146.6154717978816,intermediate,C002,dispersed,24,CENTRAL
controlled:intermediate:dispersed:r007,0.0,33,0.0,0.0,0.0,0,605.9579142590391,160.25983502961662,403.9719428393593,181.7873742777117,65.23154387400459,156.95302468764305,1,403.9719428393594,intermediate,L008,dispersed,18,LOCAL
controlled:intermediate:dispersed:r007,0.0,30,0.0,0.0,0.0,0,605.9579142590391,160.25983502961662,403.9719428393594,181.78737427771173,134.20778644975843,87.97678211188918,1,403.9719428393594,intermediate,L010,dispersed,15,LOCAL
controlled:intermediate:dispersed:r007,0.0,36,0.0,0.0,0.0,0,605.9579142590391,160.25983502961662,403.9719428393594,181.78737427771173,40.39719428393588,181.78737427771173,1,403.9719428393594,intermediate,L014,dispersed,18,LOCAL
controlled:intermediate:dispersed:r007,0.0,15,0.0,0.0,0.0,0,605.9579142590391,160.25983502961662,403.9719428393593,181.78737427771173,145.94173897451333,76.2428295871343,1,403.9719428393594,intermediate,L018,dispersed,48,LOCAL
controlled:intermediate:dispersed:r007,0.0,18,0.0,0.0,0.0,0,605.9579142590391,160.25983502961662,392.0165208514336,176.40743438314513,137.20578229800174,78.40330417028673,1,403.9719428393594,intermediate,L019,dispersed,3,LOCAL
controlled:intermediate:dispersed:r007,181.7873742777117,18,0.0,0.0,181.7873742777117,1,605.9579142590391,160.25983502961662,0.0,0.0,0.0,0.0,0,403.9719428393594,intermediate,L024,dispersed,9,LOCAL
controlled:intermediate:dispersed:r007,0.0,30,0.0,0.0,0.0,0,605.9579142590391,160.25983502961662,403.9719428393593,48.92761582660809,181.7873742777117,173.25695273503953,1,403.9719428393594,intermediate,L034,dispersed,42,LOCAL
controlled:intermediate:dispersed:r007,450.85818211947094,57,0.0,450.85818211947094,0.0,1,1502.8606070649028,323.1687644727573,0.0,0.0,0.0,0.0,0,1001.9070713766018,intermediate,R000,dispersed,5,REGIONAL
controlled:intermediate:dispersed:r007,450.85818211947094,51,450.8581821194709,0.0,0.0,1,1502.8606070649028,323.1687644727573,0.0,0.0,0.0,0.0,0,1001.9070713766018,intermediate,R006,dispersed,3,REGIONAL
controlled:intermediate:dispersed:r007,450.85818211947094,51,450.85818211947094,0.0,0.0,1,1502.8606070649028,323.1687644727573,450.85818211947094,450.85818211947094,0.0,0.0,1,1001.9070713766018,intermediate,R008,dispersed,11,REGIONAL
controlled:intermediate:dispersed:r008,1032.5400016710041,15,1032.5400016710041,0.0,0.0,1,3441.8000055700127,544.8519775748297,1032.5400016710041,1032.5400016710041,0.0,0.0,1,2294.5333370466756,intermediate,C001,dispersed,24,CENTRAL
controlled:intermediate:dispersed:r008,0.0,12,0.0,0.0,0.0,0,3441.8000055700127,544.8519775748297,1032.5400016710041,0.0,1032.5400016710041,0.0,1,2294.5333370466756,intermediate,C002,dispersed,24,CENTRAL
controlled:intermediate:dispersed:r008,0.0,27,0.0,0.0,0.0,0,605.9443573938186,160.0962673421157,403.9629049292124,181.78330721814564,163.46454481483724,58.71505289622954,1,403.9629049292125,intermediate,L002,dispersed,9,LOCAL
controlled:intermediate:dispersed:r008,181.7833072181456,24,0.0,0.0,181.7833072181456,1,605.9443573938186,160.0962673421157,0.0,0.0,0.0,0.0,0,403.9629049292125,intermediate,L003,dispersed,4,LOCAL
controlled:intermediate:dispersed:r008,0.0,21,0.0,0.0,0.0,0,605.9443573938186,160.0962673421157,403.9629049292124,181.78330721814564,59.86516407558776,162.31443363547902,1,403.9629049292125,intermediate,L004,dispersed,9,LOCAL
controlled:intermediate:dispersed:r008,0.0,21,0.0,0.0,0.0,0,605.9443573938186,160.0962673421157,403.9629049292124,181.7833072181456,40.39629049292115,181.78330721814564,1,403.9629049292125,intermediate,L005,dispersed,48,LOCAL
controlled:intermediate:dispersed:r008,0.0,24,0.0,0.0,0.0,0,605.9443573938186,160.0962673421157,403.9629049292124,181.78330721814564,165.52632418602792,56.653273525038855,1,403.9629049292125,intermediate,L012,dispersed,45,LOCAL
controlled:intermediate:dispersed:r008,0.0,39,0.0,0.0,0.0,0,605.9443573938186,160.0962673421157,403.96290492921236,162.96965248587634,168.5622957829465,72.43095666038948,1,403.9629049292125,intermediate,L031,dispersed,15,LOCAL
controlled:intermediate:dispersed:r008,0.0,36,0.0,0.0,0.0,0,605.9443573938186,160.0962673421157,403.9629049292123,75.25979209260396,154.80956181230178,173.89355102430662,1,403.9629049292125,intermediate,L032,dispersed,18,LOCAL
controlled:intermediate:dispersed:r008,428.6867705704166,57,0.0,428.6867705704166,0.0,1,1428.9559019013884,296.1316325212834,0.0,0.0,0.0,0.0,0,952.6372679342591,intermediate,R000,dispersed,10,REGIONAL
controlled:intermediate:dispersed:r008,428.6867705704166,57,428.6867705704167,0.0,0.0,1,1428.9559019013884,296.1316325212834,0.0,0.0,0.0,0.0,0,952.6372679342591,intermediate,R002,dispersed,6,REGIONAL
controlled:intermediate:dispersed:r008,428.6867705704167,57,0.0,428.6867705704167,0.0,1,1428.9559019013884,296.1316325212834,0.0,0.0,0.0,0.0,0,952.6372679342591,intermediate,R005,dispersed,8,REGIONAL
controlled:intermediate:dispersed:r008,236.69118840933368,51,0.0,0.0,236.69118840933368,1,1428.9559019013884,296.1316325212834,0.0,0.0,0.0,0.0,0,952.6372679342591,intermediate,R006,dispersed,3,REGIONAL
controlled:intermediate:dispersed:r008,0.0,63,0.0,0.0,0.0,0,1428.9559019013884,296.1316325212834,428.6867705704166,428.6867705704166,0.0,0.0,1,952.6372679342591,intermediate,R007,dispersed,9,REGIONAL
controlled:intermediate:dispersed:r008,428.6867705704167,51,0.0,0.0,428.6867705704166,1,1428.9559019013884,296.1316325212834,0.0,0.0,0.0,0.0,0,952.6372679342591,intermediate,R008,dispersed,10,REGIONAL
controlled:intermediate:dispersed:r009,1023.2054689359975,12,0.0,1023.2054689359975,0.0,1,3410.684896453324,561.6268055431706,1023.2054689359976,0.0,1023.2054689359976,0.0,1,2273.7899309688833,intermediate,C001,dispersed,24,CENTRAL
controlled:intermediate:dispersed:r009,0.0,12,0.0,0.0,0.0,0,3410.684896453324,561.6268055431706,1023.2054689359976,1023.2054689359975,0.0,0.0,1,2273.7899309688833,intermediate,C002,dispersed,24,CENTRAL
controlled:intermediate:dispersed:r009,0.0,24,0.0,0.0,0.0,0,606.0201088921419,161.3447790542012,404.01340592809464,181.80603266764263,135.55856699829545,86.64880626215657,1,404.0134059280947,intermediate,L000,dispersed,21,LOCAL
controlled:intermediate:dispersed:r009,0.0,24,0.0,0.0,0.0,0,606.0201088921419,161.3447790542012,404.0134059280946,40.40134059280933,181.80603266764263,181.80603266764263,1,404.0134059280947,intermediate,L004,dispersed,18,LOCAL
controlled:intermediate:dispersed:r009,0.0,30,0.0,0.0,0.0,0,606.0201088921419,161.3447790542012,404.0134059280946,181.80603266764263,144.67715738841466,77.53021587203735,1,404.0134059280947,intermediate,L012,dispersed,30,LOCAL
controlled:intermediate:dispersed:r009,181.80603266764263,36,0.0,181.80603266764263,0.0,1,606.0201088921419,161.3447790542012,0.0,0.0,0.0,0.0,0,404.0134059280947,intermediate,L016,dispersed,3,LOCAL
controlled:intermediate:dispersed:r009,0.0,27,0.0,0.0,0.0,0,606.0201088921419,161.3447790542012,404.0134059280946,52.642515770701415,181.80603266764263,169.56485748975058,1,404.0134059280947,intermediate,L020,dispersed,21,LOCAL
controlled:intermediate:dispersed:r009,0.0,21,0.0,0.0,0.0,0,606.0201088921419,161.3447790542012,404.0134059280946,181.80603266764265,159.75167065205176,62.455702608400216,1,404.0134059280947,intermediate,L025,dispersed,12,LOCAL
controlled:intermediate:dispersed:r009,0.0,21,0.0,0.0,0.0,0,606.0201088921419,161.3447790542012,404.0134059280946,157.51945400721272,156.85978758601573,89.63416433486614,1,404.0134059280947,intermediate,L035,dispersed,42,LOCAL
controlled:intermediate:dispersed:r009,431.70737968409736,57,431.70737968409736,0.0,0.0,1,1439.0245989469909,301.83332247313314,0.0,0.0,0.0,0.0,0,959.3497326313274,intermediate,R000,dispersed,9,REGIONAL
controlled:intermediate:dispersed:r009,431.70737968409736,57,0.0,0.0,431.70737968409725,1,1439.0245989469909,301.83332247313314,0.0,0.0,0.0,0.0,0,959.3497326313274,intermediate,R002,dispersed,9,REGIONAL
controlled:intermediate:dispersed:r009,431.70737968409725,51,0.0,0.0,431.7073796840973,1,1439.0245989469909,301.83332247313314,0.0,0.0,0.0,0.0,0,959.3497326313274,intermediate,R006,dispersed,6,REGIONAL
controlled:intermediate:dispersed:r009,431.7073796840973,63,431.70737968409736,0.0,0.0,1,1439.0245989469909,301.83332247313314,431.7073796840973,431.70737968409736,0.0,0.0,1,959.3497326313274,intermediate,R007,dispersed,6,REGIONAL
controlled:intermediate:dispersed:r009,431.7073796840973,51,0.0,431.7073796840973,0.0,1,1439.0245989469909,301.83332247313314,0.0,0.0,0.0,0.0,0,959.3497326313274,intermediate,R008,dispersed,7,REGIONAL
controlled:intermediate:dispersed:r010,0.0,12,0.0,0.0,0.0,0,3419.8412331885265,568.4569493167423,1025.9523699565586,0.0,1025.9523699565586,0.0,1,2279.8941554590187,intermediate,C000,dispersed,24,CENTRAL
controlled:intermediate:dispersed:r010,0.0,12,0.0,0.0,0.0,0,3419.8412331885265,568.4569493167423,1025.9523699565586,1025.9523699565586,0.0,0.0,1,2279.8941554590187,intermediate,C001,dispersed,24,CENTRAL
controlled:intermediate:dispersed:r010,0.0,30,0.0,0.0,0.0,0,599.7078089864605,153.47980613192365,399.80520599097366,62.639588077710414,179.91234269593818,157.25327521732504,1,399.8052059909737,intermediate,L009,dispersed,15,LOCAL
controlled:intermediate:dispersed:r010,0.0,24,0.0,0.0,0.0,0,599.7078089864605,153.47980613192365,399.8052059909736,179.91234269593818,124.02263172500503,95.87023157003041,1,399.8052059909737,intermediate,L012,dispersed,27,LOCAL
controlled:intermediate:dispersed:r010,0.0,24,0.0,0.0,0.0,0,599.7078089864605,153.47980613192365,364.7613471188622,179.91234269593818,4.936661726985847,179.91234269593818,1,399.8052059909737,intermediate,L019,dispersed,15,LOCAL
controlled:intermediate:dispersed:r010,0.0,30,0.0,0.0,0.0,0,599.7078089864605,153.47980613192365,399.8052059909736,167.32909011106463,130.14484786416136,102.33126801574764,1,399.8052059909737,intermediate,L022,dispersed,36,LOCAL
controlled:intermediate:dispersed:r010,0.0,24,0.0,0.0,0.0,0,599.7078089864605,153.47980613192365,399.8052059909737,179.91234269593818,39.98052059909732,179.9123426959382,1,399.8052059909737,intermediate,L030,dispersed,30,LOCAL
controlled:intermediate:dispersed:r010,0.0,42,0.0,0.0,0.0,0,599.7078089864605,153.47980613192365,399.8052059909736,49.8620328823873,179.9123426959382,170.03083041264813,1,399.8052059909737,intermediate,L034,dispersed,21,LOCAL
controlled:intermediate:dispersed:r010,438.36650589739475,57,0.0,0.0,438.3665058973947,1,1461.2216863246488,306.74175170136675,0.0,0.0,0.0,0.0,0,974.1477908830992,intermediate,R000,dispersed,7,REGIONAL
controlled:intermediate:dispersed:r010,438.3665058973947,72,0.0,438.36650589739475,0.0,1,1461.2216863246488,306.74175170136675,0.0,0.0,0.0,0.0,0,974.1477908830992,intermediate,R001,dispersed,8,REGIONAL
controlled:intermediate:dispersed:r010,438.36650589739475,57,0.0,438.36650589739475,0.0,1,1461.2216863246488,306.74175170136675,0.0,0.0,0.0,0.0,0,974.1477908830992,intermediate,R002,dispersed,5,REGIONAL
controlled:intermediate:dispersed:r010,438.36650589739475,57,0.0,0.0,438.36650589739475,1,1461.2216863246488,306.74175170136675,0.0,0.0,0.0,0.0,0,974.1477908830992,intermediate,R003,dispersed,6,REGIONAL
controlled:intermediate:dispersed:r010,438.36650589739475,54,0.0,0.0,438.36650589739475,1,1461.2216863246488,306.74175170136675,0.0,0.0,0.0,0.0,0,974.1477908830992,intermediate,R005,dispersed,11,REGIONAL
controlled:intermediate:dispersed:r010,438.36650589739475,63,438.3665058973948,0.0,0.0,1,1461.2216863246488,306.74175170136675,438.36650589739475,438.3665058973948,0.0,0.0,1,974.1477908830992,intermediate,R007,dispersed,8,REGIONAL
controlled:intermediate:dispersed:r010,438.3665058973947,51,438.36650589739475,0.0,0.0,1,1461.2216863246488,306.74175170136675,0.0,0.0,0.0,0.0,0,974.1477908830992,intermediate,R008,dispersed,8,REGIONAL
controlled:intermediate:dispersed:r011,0.0,12,0.0,0.0,0.0,0,3557.0562140683687,578.9661204269323,1067.1168642205103,1067.1168642205105,0.0,0.0,1,2371.3708093789123,intermediate,C001,dispersed,24,CENTRAL
controlled:intermediate:dispersed:r011,0.0,12,0.0,0.0,0.0,0,3557.0562140683687,578.9661204269323,1067.1168642205105,0.0,1067.1168642205105,0.0,1,2371.3708093789123,intermediate,C002,dispersed,24,CENTRAL
controlled:intermediate:dispersed:r011,0.0,15,0.0,0.0,0.0,0,594.5085404828152,159.89713984488105,396.3390269885433,178.35256214484446,64.88785408073777,153.09861076296113,1,396.3390269885433,intermediate,L005,dispersed,33,LOCAL
controlled:intermediate:dispersed:r011,0.0,24,0.0,0.0,0.0,0,594.5085404828152,159.89713984488105,396.33902698854337,171.35375617976297,143.17244506013296,81.81282574864741,1,396.3390269885433,intermediate,L006,dispersed,30,LOCAL
controlled:intermediate:dispersed:r011,0.0,33,0.0,0.0,0.0,0,594.5085404828152,159.89713984488105,396.3390269885433,178.35256214484448,139.37629011480124,78.61017472889763,1,396.3390269885433,intermediate,L007,dispersed,15,LOCAL
controlled:intermediate:dispersed:r011,0.0,27,0.0,0.0,0.0,0,594.5085404828152,159.89713984488105,396.33902698854337,178.35256214484448,131.56197594031912,86.42448890337975,1,396.3390269885433,intermediate,L026,dispersed,12,LOCAL
controlled:intermediate:dispersed:r011,0.0,21,0.0,0.0,0.0,0,594.5085404828152,159.89713984488105,396.33902698854337,174.3121914297647,135.576148889817,86.45068666896161,1,396.3390269885433,intermediate,L030,dispersed,24,LOCAL
controlled:intermediate:dispersed:r011,0.0,21,0.0,0.0,0.0,0,594.5085404828152,159.89713984488105,396.3390269885433,178.35256214484446,39.63390269885437,178.35256214484448,1,396.3390269885433,intermediate,L035,dispersed,30,LOCAL
controlled:intermediate:dispersed:r011,430.8841300137853,54,430.8841300137853,0.0,0.0,1,1436.2804333792842,307.57339542310547,0.0,0.0,0.0,0.0,0,957.5202889195227,intermediate,R000,dispersed,7,REGIONAL
controlled:intermediate:dispersed:r011,430.8841300137852,72,0.0,0.0,430.8841300137852,1,1436.2804333792842,307.57339542310547,0.0,0.0,0.0,0.0,0,957.5202889195227,intermediate,R001,dispersed,13,REGIONAL
controlled:intermediate:dispersed:r011,430.88413001378524,57,430.88413001378524,0.0,0.0,1,1436.2804333792842,307.57339542310547,0.0,0.0,0.0,0.0,0,957.5202889195227,intermediate,R002,dispersed,7,REGIONAL
controlled:intermediate:dispersed:r011,430.88413001378524,57,0.0,430.88413001378524,0.0,1,1436.2804333792842,307.57339542310547,0.0,0.0,0.0,0.0,0,957.5202889195227,intermediate,R005,dispersed,10,REGIONAL
controlled:intermediate:dispersed:r011,430.8841300137853,51,0.0,0.0,430.88413001378524,1,1436.2804333792842,307.57339542310547,0.0,0.0,0.0,0.0,0,957.5202889195227,intermediate,R006,dispersed,6,REGIONAL
controlled:intermediate:dispersed:r011,430.88413001378524,66,0.0,430.88413001378524,0.0,1,1436.2804333792842,307.57339542310547,0.0,0.0,0.0,0.0,0,957.5202889195227,intermediate,R007,dispersed,4,REGIONAL
controlled:intermediate:dispersed:r011,430.8841300137853,51,0.0,0.0,430.8841300137853,1,1436.2804333792842,307.57339542310547,0.0,0.0,0.0,0.0,0,957.5202889195227,intermediate,R008,dispersed,5,REGIONAL
controlled:intermediate:dispersed:r012,0.0,12,0.0,0.0,0.0,0,3160.4208232434744,549.39139114656,948.1262469730427,948.1262469730427,0.0,0.0,1,2106.9472154956507,intermediate,C000,dispersed,24,CENTRAL
controlled:intermediate:dispersed:r012,948.126246973043,12,0.0,948.126246973043,0.0,1,3160.4208232434744,549.39139114656,948.1262469730428,0.0,948.1262469730428,0.0,1,2106.9472154956507,intermediate,C001,dispersed,24,CENTRAL
controlled:intermediate:dispersed:r012,0.0,24,0.0,0.0,0.0,0,619.1918118572956,159.18819828858648,412.7945412381971,185.7575435571888,141.13914573356146,85.89785194744684,1,412.7945412381972,intermediate,L003,dispersed,6,LOCAL
controlled:intermediate:dispersed:r012,0.0,24,0.0,0.0,0.0,0,619.1918118572956,159.18819828858648,412.79454123819704,185.7575435571888,143.63172519013216,83.40527249087609,1,412.7945412381972,intermediate,L021,dispersed,39,LOCAL
controlled:intermediate:dispersed:r012,0.0,27,0.0,0.0,0.0,0,619.1918118572956,159.18819828858648,412.79454123819704,185.75754355718877,128.54938836992207,98.4876093110862,1,412.7945412381972,intermediate,L026,dispersed,27,LOCAL
controlled:intermediate:dispersed:r012,0.0,42,0.0,0.0,0.0,0,619.1918118572956,159.18819828858648,412.79454123819704,185.7575435571888,41.27945412381946,185.7575435571888,1,412.7945412381972,intermediate,L032,dispersed,24,LOCAL
controlled:intermediate:dispersed:r012,0.0,30,0.0,0.0,0.0,0,619.1918118572956,159.18819828858648,412.7945412381971,185.7575435571888,136.2583330832286,90.77866459777971,1,412.7945412381972,intermediate,L034,dispersed,6,LOCAL
controlled:intermediate:dispersed:r012,0.0,21,0.0,0.0,0.0,0,619.1918118572956,159.18819828858648,412.79454123819704,173.77510282910737,152.10327898760252,86.91615942148717,1,412.7945412381972,intermediate,L035,dispersed,42,LOCAL
controlled:intermediate:dispersed:r012,440.92774344689775,54,0.0,440.92774344689775,0.0,1,1469.7591448229914,304.0822001405195,440.9277434468978,0.0,440.9277434468978,0.0,1,979.8394298819949,intermediate,R000,dispersed,7,REGIONAL
controlled:intermediate:dispersed:r012,440.9277434468977,57,0.0,440.9277434468977,0.0,1,1469.7591448229914,304.0822001405195,0.0,0.0,0.0,0.0,0,979.8394298819949,intermediate,R002,dispersed,9,REGIONAL
controlled:intermediate:dispersed:r012,440.92774344689775,57,440.92774344689775,0.0,0.0,1,1469.7591448229914,304.0822001405195,0.0,0.0,0.0,0.0,0,979.8394298819949,intermediate,R003,dispersed,6,REGIONAL
controlled:intermediate:dispersed:r012,440.9277434468978,51,440.9277434468978,0.0,0.0,1,1469.7591448229914,304.0822001405195,0.0,0.0,0.0,0.0,0,979.8394298819949,intermediate,R006,dispersed,4,REGIONAL
controlled:intermediate:dispersed:r012,178.31923521805487,51,0.0,0.0,178.31923521805487,1,1469.7591448229914,304.0822001405195,0.0,0.0,0.0,0.0,0,979.8394298819949,intermediate,R008,dispersed,2,REGIONAL
controlled:intermediate:dispersed:r013,1016.9449302849602,12,0.0,1016.94493028496,0.0,1,3389.816434283199,558.0588326335142,1016.94493028496,0.0,1016.94493028496,0.0,1,2259.8776228554666,intermediate,C000,dispersed,24,CENTRAL
controlled:intermediate:dispersed:r013,1016.9449302849602,12,1016.9449302849602,0.0,0.0,1,3389.816434283199,558.0588326335142,1016.94493028496,1016.9449302849602,0.0,0.0,1,2259.8776228554666,intermediate,C001,dispersed,24,CENTRAL
controlled:intermediate:dispersed:r013,1016.94493028496,12,0.0,0.0,1016.9449302849599,1,3389.816434283199,558.0588326335142,1016.94493028496,0.0,0.0,1016.9449302849599,1,2259.8776228554666,intermediate,C002,dispersed,24,CENTRAL
controlled:intermediate:dispersed:r013,0.0,18,0.0,0.0,0.0,0,619.4738254328201,161.8013745187082,412.9825502885468,185.84214762984604,137.01603629792461,90.12436636077614,1,412.98255028854675,intermediate,L000,dispersed,30,LOCAL
controlled:intermediate:dispersed:r013,0.0,24,0.0,0.0,0.0,0,619.4738254328201,161.8013745187082,383.60991204229936,172.6244604190347,134.26346921480476,76.72198240845988,1,412.98255028854675,intermediate,L006,dispersed,15,LOCAL
controlled:intermediate:dispersed:r013,0.0,30,0.0,0.0,0.0,0,619.4738254328201,161.8013745187082,313.30590570034695,185.84214762984604,0.0,127.46375807050092,1,412.98255028854675,intermediate,L013,dispersed,30,LOCAL
controlled:intermediate:dispersed:r013,0.0,18,0.0,0.0,0.0,0,619.4738254328201,161.8013745187082,412.98255028854675,166.0560780565027,157.135027784028,89.79144444801602,1,412.98255028854675,intermediate,L025,dispersed,9,LOCAL
controlled:intermediate:dispersed:r013,0.0,15,0.0,0.0,0.0,0,619.4738254328201,161.8013745187082,348.1519571012358,185.84214762984604,162.3098094713897,0.0,1,412.98255028854675,intermediate,L029,dispersed,60,LOCAL
controlled:intermediate:dispersed:r013,417.6497660522963,54,417.6497660522963,0.0,0.0,1,1392.1658868409872,307.9430774927444,0.0,0.0,0.0,0.0,0,928.1105912273249,intermediate,R000,dispersed,9,REGIONAL
controlled:intermediate:dispersed:r013,417.6497660522963,51,417.6497660522963,0.0,0.0,1,1392.1658868409872,307.9430774927444,0.0,0.0,0.0,0.0,0,928.1105912273249,intermediate,R008,dispersed,8,REGIONAL
controlled:intermediate:dispersed:r014,1036.1390655712132,12,1036.1390655712135,0.0,0.0,1,3453.7968852373756,589.8100939500208,1036.139065571213,1036.139065571213,0.0,0.0,1,2302.531256824918,intermediate,C001,dispersed,24,CENTRAL
controlled:intermediate:dispersed:r014,1036.1390655712132,12,0.0,1036.1390655712132,0.0,1,3453.7968852373756,589.8100939500208,1036.1390655712132,0.0,1036.1390655712132,0.0,1,2302.531256824918,intermediate,C002,dispersed,24,CENTRAL
controlled:intermediate:dispersed:r014,0.0,24,0.0,0.0,0.0,0,606.3832897745365,158.50254374126206,404.2555265163576,181.91498693236107,63.311006794182745,159.02953278981374,1,404.25552651635786,intermediate,L003,dispersed,12,LOCAL
controlled:intermediate:dispersed:r014,0.0,18,0.0,0.0,0.0,0,606.3832897745365,158.50254374126206,404.2555265163576,181.91498693236107,127.62935659111034,94.71118299288621,1,404.25552651635786,intermediate,L005,dispersed,42,LOCAL
controlled:intermediate:dispersed:r014,0.0,36,0.0,0.0,0.0,0,606.3832897745365,158.50254374126206,404.25552651635763,107.55405528422888,159.85153809304697,136.84993313908177,1,404.25552651635786,intermediate,L014,dispersed,21,LOCAL
controlled:intermediate:dispersed:r014,0.0,15,0.0,0.0,0.0,0,606.3832897745365,158.50254374126206,404.25552651635763,179.3747387027345,145.15868172351887,79.72210609010423,1,404.25552651635786,intermediate,L018,dispersed,42,LOCAL
controlled:intermediate:dispersed:r014,0.0,27,0.0,0.0,0.0,0,606.3832897745365,158.50254374126206,404.2555265163576,181.91498693236107,129.83910844681196,92.50143113718457,1,404.25552651635786,intermediate,L021,dispersed,12,LOCAL
controlled:intermediate:dispersed:r014,176.2198062377932,27,176.2198062377932,0.0,0.0,1,606.3832897745365,158.50254374126206,0.0,0.0,0.0,0.0,0,404.25552651635786,intermediate,L027,dispersed,1,LOCAL
controlled:intermediate:dispersed:r014,0.0,27,0.0,0.0,0.0,0,606.3832897745365,158.50254374126206,404.2555265163577,181.9149869323611,40.42555265163548,181.91498693236107,1,404.25552651635786,intermediate,L035,dispersed,15,LOCAL
controlled:intermediate:dispersed:r014,426.96036374681887,57,426.96036374681887,0.0,0.0,1,1423.2012124893952,318.09934241917654,0.0,0.0,0.0,0.0,0,948.8008083262638,intermediate,R000,dispersed,6,REGIONAL
controlled:intermediate:dispersed:r014,426.96036374681876,66,426.96036374681876,0.0,0.0,1,1423.2012124893952,318.09934241917654,0.0,0.0,0.0,0.0,0,948.8008083262638,intermediate,R007,dispersed,10,REGIONAL
controlled:intermediate:dispersed:r014,426.96036374681876,51,0.0,0.0,426.96036374681876,1,1423.2012124893952,318.09934241917654,0.0,0.0,0.0,0.0,0,948.8008083262638,intermediate,R008,dispersed,11,REGIONAL
controlled:intermediate:dispersed:r015,1051.3566464479586,12,0.0,0.0,1051.3566464479586,1,3504.5221548265276,566.4832922564152,0.0,0.0,0.0,0.0,0,2336.3481032176855,intermediate,C000,dispersed,24,CENTRAL
controlled:intermediate:dispersed:r015,1051.3566464479586,12,1051.3566464479586,0.0,0.0,1,3504.5221548265276,566.4832922564152,1051.3566464479586,1051.3566464479586,0.0,0.0,1,2336.3481032176855,intermediate,C001,dispersed,24,CENTRAL
controlled:intermediate:dispersed:r015,1051.3566464479586,12,0.0,1051.3566464479586,0.0,1,3504.5221548265276,566.4832922564152,1051.3566464479586,0.0,1051.3566464479586,0.0,1,2336.3481032176855,intermediate,C002,dispersed,24,CENTRAL
controlled:intermediate:dispersed:r015,0.0,30,0.0,0.0,0.0,0,601.0999250531906,163.24902109111207,400.73328336879376,180.32997751595732,135.94622500012233,84.45708085271411,1,400.733283368794,intermediate,L002,dispersed,33,LOCAL
controlled:intermediate:dispersed:r015,0.0,27,0.0,0.0,0.0,0,601.0999250531906,163.24902109111207,400.7332833687938,160.74235846159544,125.02183435901867,114.96909054817968,1,400.733283368794,intermediate,L003,dispersed,6,LOCAL
controlled:intermediate:dispersed:r015,0.0,36,0.0,0.0,0.0,0,601.0999250531906,163.24902109111207,400.73328336879376,40.073328336879094,180.32997751595732,180.32997751595735,1,400.733283368794,intermediate,L015,dispersed,6,LOCAL
controlled:intermediate:dispersed:r015,0.0,30,0.0,0.0,0.0,0,601.0999250531906,163.24902109111207,400.7332833687937,180.32997751595732,140.87067666886338,79.53262918397304,1,400.733283368794,intermediate,L020,dispersed,27,LOCAL
controlled:intermediate:dispersed:r015,0.0,27,0.0,0.0,0.0,0,601.0999250531906,163.24902109111207,400.73328336879376,163.98531296950412,129.38252222105368,107.36544817823597,1,400.733283368794,intermediate,L021,dispersed,24,LOCAL
controlled:intermediate:dispersed:r015,0.0,21,0.0,0.0,0.0,0,601.0999250531906,163.24902109111207,336.6064977710913,180.32997751595732,0.0,156.27652025513396,1,400.733283368794,intermediate,L029,dispersed,48,LOCAL
controlled:intermediate:dispersed:r015,428.22787445351844,51,428.22787445351844,0.0,0.0,1,1427.4262481783944,308.8724483732559,0.0,0.0,0.0,0.0,0,951.6174987855965,intermediate,R000,dispersed,10,REGIONAL
controlled:intermediate:dispersed:r015,428.2278744535184,57,0.0,428.22787445351844,0.0,1,1427.4262481783944,308.8724483732559,0.0,0.0,0.0,0.0,0,951.6174987855965,intermediate,R005,dispersed,8,REGIONAL
controlled:intermediate:dispersed:r015,0.0,51,0.0,0.0,0.0,0,1427.4262481783944,308.8724483732559,428.22787445351844,428.22787445351844,0.0,0.0,1,951.6174987855965,intermediate,R008,dispersed,8,REGIONAL
controlled:intermediate:dispersed:r016,0.0,12,0.0,0.0,0.0,0,3401.344248504722,584.9708445178048,1020.4032745514164,0.0,1020.4032745514164,0.0,1,2267.5628323364813,intermediate,C000,dispersed,24,CENTRAL
controlled:intermediate:dispersed:r016,0.0,12,0.0,0.0,0.0,0,3401.344248504722,584.9708445178048,1020.4032745514163,1020.4032745514162,0.0,0.0,1,2267.5628323364813,intermediate,C002,dispersed,24,CENTRAL
controlled:intermediate:dispersed:r016,0.0,27,0.0,0.0,0.0,0,605.6104640378246,163.4031393871707,403.74030935854967,181.68313921134737,136.08258851015262,85.97458163704965,1,403.74030935854967,intermediate,L001,dispersed,18,LOCAL
controlled:intermediate:dispersed:r016,0.0,15,0.0,0.0,0.0,0,605.6104640378246,163.4031393871707,403.7403093585496,181.68313921134737,40.374030935854954,181.68313921134734,1,403.74030935854967,intermediate,L018,dispersed,45,LOCAL
controlled:intermediate:dispersed:r016,0.0,36,0.0,0.0,0.0,0,605.6104640378246,163.4031393871707,403.74030935854967,181.68313921134737,136.20131015097874,85.85585999622356,1,403.74030935854967,intermediate,L031,dispersed,6,LOCAL
controlled:intermediate:dispersed:r016,0.0,36,0.0,0.0,0.0,0,605.6104640378246,163.4031393871707,403.74030935854967,180.80442120246116,140.62566093524757,82.31022722084094,1,403.74030935854967,intermediate,L032,dispersed,21,LOCAL
controlled:intermediate:dispersed:r016,0.0,27,0.0,0.0,0.0,0,605.6104640378246,163.4031393871707,403.74030935854967,40.37403093585497,181.68313921134737,181.68313921134734,1,403.74030935854967,intermediate,L034,dispersed,12,LOCAL
controlled:intermediate:dispersed:r016,0.0,33,0.0,0.0,0.0,0,605.6104640378246,163.4031393871707,403.7403093585496,146.12576190202094,181.68313921134734,75.93140824518134,1,403.74030935854967,intermediate,L035,dispersed,42,LOCAL
controlled:intermediate:dispersed:r016,433.1330183041385,57,433.1330183041385,0.0,0.0,1,1443.7767276804618,297.82260346169255,0.0,0.0,0.0,0.0,0,962.5178184536411,intermediate,R000,dispersed,11,REGIONAL
controlled:intermediate:dispersed:r016,433.13301830413843,72,0.0,433.13301830413843,0.0,1,1443.7767276804618,297.82260346169255,0.0,0.0,0.0,0.0,0,962.5178184536411,intermediate,R001,dispersed,12,REGIONAL
controlled:intermediate:dispersed:r016,433.1330183041384,57,433.13301830413843,0.0,0.0,1,1443.7767276804618,297.82260346169255,0.0,0.0,0.0,0.0,0,962.5178184536411,intermediate,R002,dispersed,6,REGIONAL
controlled:intermediate:dispersed:r016,433.13301830413843,54,0.0,0.0,433.13301830413843,1,1443.7767276804618,297.82260346169255,0.0,0.0,0.0,0.0,0,962.5178184536411,intermediate,R003,dispersed,10,REGIONAL
controlled:intermediate:dispersed:r016,433.13301830413843,57,0.0,0.0,433.13301830413843,1,1443.7767276804618,297.82260346169255,0.0,0.0,0.0,0.0,0,962.5178184536411,intermediate,R005,dispersed,11,REGIONAL
controlled:intermediate:dispersed:r016,252.52144012617316,66,0.0,0.0,252.5214401261732,1,1443.7767276804618,297.82260346169255,0.0,0.0,0.0,0.0,0,962.5178184536411,intermediate,R007,dispersed,3,REGIONAL
controlled:intermediate:dispersed:r016,433.13301830413843,51,433.13301830413843,0.0,0.0,1,1443.7767276804618,297.82260346169255,0.0,0.0,0.0,0.0,0,962.5178184536411,intermediate,R008,dispersed,7,REGIONAL
controlled:intermediate:dispersed:r017,977.9001258489911,12,0.0,977.9001258489911,0.0,1,3259.667086163305,542.4443405046096,977.9001258489911,0.0,977.9001258489911,0.0,1,2173.1113907755353,intermediate,C000,dispersed,24,CENTRAL
controlled:intermediate:dispersed:r017,977.900125848991,12,977.9001258489909,0.0,0.0,1,3259.667086163305,542.4443405046096,977.900125848991,977.9001258489909,0.0,0.0,1,2173.1113907755353,intermediate,C001,dispersed,24,CENTRAL
controlled:intermediate:dispersed:r017,977.900125848991,12,0.0,0.0,977.900125848991,1,3259.667086163305,542.4443405046096,0.0,0.0,0.0,0.0,0,2173.1113907755353,intermediate,C002,dispersed,24,CENTRAL
controlled:intermediate:dispersed:r017,0.0,21,0.0,0.0,0.0,0,611.8669329007033,159.00058855294367,407.9112886004689,178.5392503492821,138.86386138277496,90.50817686841181,1,407.9112886004688,intermediate,L001,dispersed,27,LOCAL
controlled:intermediate:dispersed:r017,0.0,33,0.0,0.0,0.0,0,611.8669329007033,159.00058855294367,407.9112886004688,44.88941455984791,183.56007987021098,179.46179417040992,1,407.9112886004688,intermediate,L009,dispersed,9,LOCAL
controlled:intermediate:dispersed:r017,0.0,27,0.0,0.0,0.0,0,611.8669329007033,159.00058855294367,407.9112886004688,183.56007987021096,145.39944238881168,78.9517663414462,1,407.9112886004688,intermediate,L011,dispersed,48,LOCAL
controlled:intermediate:dispersed:r017,0.0,27,0.0,0.0,0.0,0,611.8669329007033,159.00058855294367,407.9112886004688,183.56007987021098,40.79112886004688,183.56007987021096,1,407.9112886004688,intermediate,L012,dispersed,36,LOCAL
controlled:intermediate:dispersed:r017,0.0,33,0.0,0.0,0.0,0,611.8669329007033,159.00058855294367,407.9112886004688,175.9559658300395,153.75267129041177,78.20265148001755,1,407.9112886004688,intermediate,L016,dispersed,15,LOCAL
controlled:intermediate:dispersed:r017,0.0,33,0.0,0.0,0.0,0,611.8669329007033,159.00058855294367,407.9112886004688,183.56007987021098,137.30147477061203,87.04973395964582,1,407.9112886004688,intermediate,L032,dispersed,9,LOCAL
controlled:intermediate:dispersed:r017,439.79297190282546,54,0.0,0.0,439.79297190282546,1,1465.9765730094193,317.20609234129955,0.0,0.0,0.0,0.0,0,977.317715339612,intermediate,R000,dispersed,8,REGIONAL
controlled:intermediate:dispersed:r017,439.79297190282546,51,439.79297190282546,0.0,0.0,1,1465.9765730094193,317.20609234129955,439.79297190282546,439.79297190282546,0.0,0.0,1,977.317715339612,intermediate,R008,dispersed,7,REGIONAL
controlled:intermediate:dispersed:r018,0.0,12,0.0,0.0,0.0,0,3416.315562384616,539.6697655880126,1024.894668715385,1024.894668715385,0.0,0.0,1,2277.5437082564113,intermediate,C000,dispersed,24,CENTRAL
controlled:intermediate:dispersed:r018,1024.8946687153848,15,0.0,0.0,1024.8946687153848,1,3416.315562384616,539.6697655880126,0.0,0.0,0.0,0.0,0,2277.5437082564113,intermediate,C001,dispersed,24,CENTRAL
controlled:intermediate:dispersed:r018,0.0,12,0.0,0.0,0.0,0,3416.315562384616,539.6697655880126,1024.894668715385,0.0,1024.894668715385,0.0,1,2277.5437082564113,intermediate,C002,dispersed,24,CENTRAL
controlled:intermediate:dispersed:r018,0.0,24,0.0,0.0,0.0,0,599.9330369982138,163.33748026663392,399.9553579988091,179.97991109946418,39.99553579988077,179.97991109946418,1,399.95535799880923,intermediate,L011,dispersed,21,LOCAL
controlled:intermediate:dispersed:r018,0.0,24,0.0,0.0,0.0,0,599.9330369982138,163.33748026663392,399.9553579988092,173.40452264856847,144.16871340469862,82.38212194554208,1,399.95535799880923,intermediate,L012,dispersed,54,LOCAL
controlled:intermediate:dispersed:r018,0.0,36,0.0,0.0,0.0,0,599.9330369982138,163.33748026663392,399.9553579988092,172.9958141990821,144.4288005998263,82.53074319990077,1,399.95535799880923,intermediate,L015,dispersed,9,LOCAL
controlled:intermediate:dispersed:r018,179.97991109946418,30,0.0,0.0,179.97991109946418,1,599.9330369982138,163.33748026663392,0.0,0.0,0.0,0.0,0,399.95535799880923,intermediate,L016,dispersed,10,LOCAL
controlled:intermediate:dispersed:r018,0.0,27,0.0,0.0,0.0,0,599.9330369982138,163.33748026663392,399.9553579988092,179.97991109946418,139.36373209170628,80.6117148076387,1,399.95535799880923,intermediate,L021,dispersed,9,LOCAL
controlled:intermediate:dispersed:r018,0.0,15,0.0,0.0,0.0,0,599.9330369982138,163.33748026663392,399.9553579988092,179.9471955710918,139.95892988862695,80.04923253909044,1,399.95535799880923,intermediate,L023,dispersed,36,LOCAL
controlled:intermediate:dispersed:r018,0.0,36,0.0,0.0,0.0,0,599.9330369982138,163.33748026663392,399.9553579988092,179.97991109946418,145.30661158032083,74.66883531902418,1,399.95535799880923,intermediate,L033,dispersed,15,LOCAL
controlled:intermediate:dispersed:r018,438.4487993636817,51,438.4487993636817,0.0,0.0,1,1461.4959978789384,293.21649485827015,0.0,0.0,0.0,0.0,0,974.330665252626,intermediate,R000,dispersed,10,REGIONAL
controlled:intermediate:dispersed:r018,438.4487993636817,57,0.0,438.4487993636817,0.0,1,1461.4959978789384,293.21649485827015,0.0,0.0,0.0,0.0,0,974.330665252626,intermediate,R002,dispersed,8,REGIONAL
controlled:intermediate:dispersed:r018,438.4487993636817,57,0.0,0.0,438.4487993636817,1,1461.4959978789384,293.21649485827015,0.0,0.0,0.0,0.0,0,974.330665252626,intermediate,R003,dispersed,8,REGIONAL
controlled:intermediate:dispersed:r018,438.4487993636817,66,438.4487993636817,0.0,0.0,1,1461.4959978789384,293.21649485827015,0.0,0.0,0.0,0.0,0,974.330665252626,intermediate,R007,dispersed,7,REGIONAL
controlled:intermediate:dispersed:r018,438.4487993636817,54,438.4487993636817,0.0,0.0,1,1461.4959978789384,293.21649485827015,438.4487993636817,438.4487993636817,0.0,0.0,1,974.330665252626,intermediate,R008,dispersed,7,REGIONAL
controlled:intermediate:dispersed:r019,1012.0515285786233,12,0.0,0.0,1012.0515285786234,1,3373.505095262079,542.582635886932,0.0,0.0,0.0,0.0,0,2249.0033968413854,intermediate,C000,dispersed,24,CENTRAL
controlled:intermediate:dispersed:r019,1012.0515285786236,12,1012.0515285786236,0.0,0.0,1,3373.505095262079,542.582635886932,1012.0515285786234,1012.0515285786237,0.0,0.0,1,2249.0033968413854,intermediate,C001,dispersed,24,CENTRAL
controlled:intermediate:dispersed:r019,1012.0515285786234,12,0.0,1012.0515285786237,0.0,1,3373.505095262079,542.582635886932,1012.0515285786234,0.0,1012.0515285786234,0.0,1,2249.0033968413854,intermediate,C002,dispersed,24,CENTRAL
controlled:intermediate:dispersed:r019,0.0,30,0.0,0.0,0.0,0,612.2958963332098,159.30341843363567,408.19726422213967,166.31486764913245,129.35600817154747,112.52638840145976,1,408.1972642221397,intermediate,L001,dispersed,18,LOCAL
controlled:intermediate:dispersed:r019,0.0,27,0.0,0.0,0.0,0,612.2958963332098,159.30341843363567,408.19726422213967,183.68876889996287,135.31513219810813,89.19336312406871,1,408.1972642221397,intermediate,L006,dispersed,21,LOCAL
controlled:intermediate:dispersed:r019,0.0,36,0.0,0.0,0.0,0,612.2958963332098,159.30341843363567,408.19726422213967,107.11300140820126,136.3714725805714,164.71279023336703,1,408.1972642221397,intermediate,L009,dispersed,27,LOCAL
controlled:intermediate:dispersed:r019,0.0,24,0.0,0.0,0.0,0,612.2958963332098,159.30341843363567,408.1972642221398,178.12826496813005,150.90088149039633,79.16811776361335,1,408.1972642221397,intermediate,L012,dispersed,27,LOCAL
controlled:intermediate:dispersed:r019,0.0,21,0.0,0.0,0.0,0,612.2958963332098,159.30341843363567,408.19726422213967,183.68876889996287,128.2260984369891,96.28239688518772,1,408.1972642221397,intermediate,L019,dispersed,6,LOCAL
controlled:intermediate:dispersed:r019,0.0,24,0.0,0.0,0.0,0,612.2958963332098,159.30341843363567,408.1972642221397,180.7600160373568,147.09946327929106,80.3377849054919,1,408.1972642221397,intermediate,L022,dispersed,45,LOCAL
controlled:intermediate:dispersed:r019,427.89441487394055,54,427.8944148739406,0.0,0.0,1,1426.3147162464686,307.7585941943458,0.0,0.0,0.0,0.0,0,950.8764774976456,intermediate,R000,dispersed,8,REGIONAL
controlled:intermediate:dispersed:r019,0.0,54,0.0,0.0,0.0,0,1426.3147162464686,307.7585941943458,427.8944148739405,427.8944148739405,0.0,0.0,1,950.8764774976456,intermediate,R002,dispersed,7,REGIONAL
controlled:intermediate:dispersed:r019,427.8944148739405,51,0.0,427.8944148739405,0.0,1,1426.3147162464686,307.7585941943458,0.0,0.0,0.0,0.0,0,950.8764774976456,intermediate,R008,dispersed,4,REGIONAL
